Index,Voltage_mV
0,0.050068
1,-0.031890
2,-0.101030
3,-0.079567
4,-0.038749
5,-0.091192
6,-0.048273
7,-0.015490
8,0.015504
9,0.025630
10,0.038450
11,0.041422
12,0.023247
13,0.016102
14,0.012797
15,-0.058733
16,-0.085829
17,-0.074786
18,-0.021144
19,0.022673
20,0.068232
21,0.025296
22,-0.039948
23,-0.014581
24,0.078096
25,0.113390
26,0.123346
27,0.077011
28,0.022304
29,-0.053071
30,-0.097149
31,-0.086261
32,-0.042571
33,-0.004176
34,-0.041453
35,-0.078094
36,-0.020528
37,-0.008648
38,0.020017
39,0.060984
40,0.097749
41,0.090760
42,0.048808
43,-0.040269
44,-0.081385
45,-0.100255
46,-0.052331
47,0.038631
48,0.038178
49,0.044984
50,0.016963
51,-0.011212
52,-0.047410
53,-0.052596
54,-0.059033
55,-0.034033
56,0.052477
57,0.075832
58,0.068814
59,0.066563
60,0.007046
61,-0.028217
62,-0.043210
63,-0.004864
64,0.035377
65,-0.029778
66,-0.076884
67,-0.046168
68,-0.030984
69,0.004248
70,0.031869
71,0.012768
72,0.001801
73,-0.011675
74,0.013715
75,0.029677
76,0.034255
77,0.014550
78,-0.025110
79,-0.063010
80,-0.024620
81,0.020316
82,0.062041
83,0.089735
84,0.084182
85,-0.020749
86,-0.055371
87,-0.020385
88,-0.048613
89,-0.059085
90,-0.049037
91,0.004981
92,0.014889
93,0.020625
94,0.056568
95,0.020427
96,-0.001556
97,-0.041457
98,-0.018033
99,0.004521
100,-0.013682
101,0.000244
102,-0.005789
103,-0.009073
104,0.006419
105,0.021715
106,0.022306
107,0.026483
108,0.027724
109,0.024700
110,0.010753
111,0.021671
112,0.031024
113,0.029594
114,-0.027442
115,-0.053192
116,-0.086096
117,-0.081995
118,-0.042697
119,0.005421
120,0.007158
121,-0.004585
122,0.055541
123,0.027434
124,-0.032960
125,-0.009710
126,-0.017212
127,0.004837
128,0.027899
129,0.079355
130,0.053569
131,0.011247
132,-0.012119
133,0.000397
134,-0.021992
135,-0.005026
136,-0.017685
137,-0.057992
138,-0.064313
139,-0.056484
140,-0.003326
141,0.062069
142,0.029595
143,-0.024506
144,-0.020905
145,-0.005192
146,-0.006341
147,0.021059
148,0.028284
149,0.024545
150,-0.003052
151,-0.015039
152,-0.017247
153,-0.019995
154,0.002311
155,-0.013031
156,0.015195
157,0.022456
158,0.040301
159,0.037087
160,0.007491
161,0.011998
162,0.010479
163,-0.015696
164,-0.060428
165,-0.023206
166,-0.003827
167,0.015371
168,0.000626
169,0.013688
170,0.036164
171,-0.028854
172,-0.058091
173,-0.067720
174,-0.047686
175,-0.027497
176,0.000306
177,-0.002771
178,-0.015963
179,0.030221
180,0.047045
181,0.038846
182,0.025990
183,0.045923
184,-0.012709
185,-0.037957
186,-0.020767
187,-0.008491
188,-0.004504
189,-0.021491
190,-0.018100
191,0.008722
192,0.028536
193,0.023925
194,0.022384
195,-0.007854
196,-0.003027
197,0.021657
198,0.064565
199,0.045503
200,0.062537
201,0.029363
202,-0.045194
203,-0.080059
204,-0.082875
205,-0.022600
206,-0.012926
207,0.003700
208,-0.003493
209,-0.006621
210,-0.006174
211,-0.012752
212,0.037043
213,0.018699
214,-0.022317
215,-0.025933
216,-0.002861
217,-0.002177
218,0.011585
219,0.028247
220,0.017027
221,0.053682
222,0.018816
223,-0.049842
224,-0.053092
225,-0.056539
226,-0.055850
227,0.020387
228,0.054273
229,0.005408
230,0.015319
231,0.045915
232,0.053735
233,0.008060
234,-0.023412
235,-0.114584
236,-0.099255
237,-0.002688
238,0.085220
239,0.042991
240,-0.004044
241,0.000111
242,0.003307
243,0.024591
244,0.032074
245,0.016783
246,0.018301
247,0.015034
248,0.062946
249,0.067003
250,0.016693
251,-0.053448
252,-0.099793
253,-0.098119
254,-0.092371
255,-0.065253
256,-0.007337
257,0.050290
258,0.079843
259,0.025406
260,-0.003638
261,-0.024459
262,-0.057460
263,-0.037935
264,0.025313
265,0.050311
266,0.068005
267,0.076884
268,0.048366
269,0.004408
270,-0.082250
271,-0.047288
272,-0.015743
273,-0.003731
274,-0.051770
275,-0.057229
276,-0.014447
277,0.020928
278,0.064245
279,0.072398
280,0.079859
281,0.038823
282,-0.004361
283,-0.001046
284,-0.041761
285,-0.057663
286,-0.061942
287,-0.010030
288,-0.066890
289,-0.092456
290,-0.050806
291,-0.018495
292,0.050884
293,0.102349
294,0.071412
295,0.106258
296,0.077471
297,0.021815
298,-0.055067
299,-0.062507
300,-0.033307
301,-0.036719
302,-0.045472
303,-0.005093
304,-0.001870
305,-0.010106
306,-0.021389
307,0.008692
308,0.042567
309,0.021369
310,-0.007804
311,0.002393
312,-0.049802
313,-0.046542
314,0.011381
315,0.033435
316,0.053649
317,0.070681
318,-0.014774
319,-0.044407
320,-0.015051
321,0.033069
322,0.101025
323,0.084590
324,0.013813
325,-0.048802
326,-0.094355
327,-0.117306
328,-0.085195
329,-0.021629
330,0.017413
331,0.063112
332,0.084714
333,0.025293
334,0.009378
335,-0.003970
336,-0.046527
337,-0.062782
338,-0.067430
339,-0.055725
340,-0.027229
341,0.065939
342,0.042757
343,0.037992
344,0.006254
345,-0.023441
346,0.012677
347,0.031434
348,0.019291
349,-0.005737
350,460.943878
351,744.404602
352,8.920233
353,1142.137085
354,882.572937
355,-27.057781
356,-21.041851
357,12.099373
358,17.362244
359,12.478169
360,18.235628
361,7.578010
362,-31.363337
363,-35.824726
364,-2.026453
365,25.200411
366,43.974140
367,24.087872
368,-3.709167
369,-19.695259
370,-25.883783
371,-14.108886
372,-13.677121
373,-33.994339
374,-35.605244
375,-8.098261
376,30.049850
377,48.220108
378,18.694506
379,2.333083
380,6.766055
381,18.323654
382,22.171970
383,-1.578140
384,-26.110050
385,-46.448708
386,-52.833164
387,-21.958006
388,7.490803
389,22.478781
390,40.449184
391,46.640327
392,42.510769
393,8.377045
394,-43.758396
395,-58.043819
396,-24.804157
397,0.609497
398,19.544538
399,17.496046
400,-9.788815
401,-6.133867
402,16.285118
403,33.838192
404,-0.052491
405,-0.028470
406,0.016594
407,-0.013639
408,0.077839
409,0.112710
410,0.118539
411,0.036322
412,-0.077750
413,-0.114052
414,-0.156579
415,-0.129958
416,-0.053135
417,-0.026487
418,-0.021015
419,0.057069
420,0.093589
421,0.074318
422,0.076846
423,0.057581
424,0.073207
425,0.015783
426,-0.021369
427,-0.023421
428,-0.063092
429,-0.073895
430,-0.064860
431,-0.006767
432,0.020826
433,0.073573
434,0.053049
435,-0.005922
436,-0.029569
437,-0.038459
438,-0.035872
439,0.003864
440,0.010208
441,-0.011855
442,-0.010683
443,-0.006504
444,-0.004497
445,0.011825
446,0.001548
447,-0.067878
448,-0.047899
449,0.014587
450,0.061350
451,0.098493
452,0.082387
453,0.020530
454,-0.018965
455,-0.057722
456,-0.018166
457,-0.019320
458,-0.033183
459,-0.031090
460,-0.051154
461,-0.048252
462,-0.029481
463,0.022339
464,0.049457
465,0.088690
466,0.097217
467,0.001669
468,-0.087260
469,-0.079081
470,-0.019529
471,0.022049
472,0.038600
473,0.020553
474,-0.015894
475,-0.037111
476,-0.030895
477,-0.050736
478,-0.039058
479,0.071033
480,0.089340
481,0.051867
482,0.021285
483,-0.032094
484,-0.077097
485,-0.043118
486,-0.023885
487,-0.021225
488,0.009348
489,0.047437
490,0.040927
491,-0.016860
492,0.006310
493,-0.002507
494,-0.019136
495,0.015176
496,0.017413
497,0.028505
498,0.013585
499,-0.010476
500,0.040732
501,-0.005895
502,-0.066252
503,-0.061224
504,0.018638
505,0.055213
506,0.084043
507,0.029917
508,-0.053291
509,-0.016048
510,-0.083891
511,-0.040709
512,-0.021297
513,-0.042610
514,-0.046805
515,-0.043472
516,0.022415
517,0.050941
518,0.080675
519,0.083592
520,0.023319
521,0.005726
522,-0.012043
523,-0.039637
524,-0.017460
525,0.011559
526,0.003443
527,0.018838
528,-0.031153
529,-0.074928
530,-0.010452
531,-0.008771
532,-0.004998
533,-0.004013
534,0.009966
535,0.021702
536,0.074636
537,0.038984
538,-0.041337
539,0.011205
540,0.068578
541,0.039282
542,0.011307
543,-0.006887
544,0.000365
545,-0.035974
546,0.017874
547,0.024718
548,-0.027124
549,-0.073939
550,-0.083496
551,-0.066405
552,-0.078326
553,-0.030780
554,-0.001053
555,0.042575
556,0.090931
557,0.113141
558,0.054452
559,-0.020080
560,-0.078286
561,-0.033568
562,0.037129
563,0.046093
564,0.022612
565,-0.023729
566,-0.034708
567,-0.052722
568,-0.076526
569,-0.068478
570,-0.046962
571,0.000945
572,0.007944
573,0.009295
574,0.078497
575,0.055460
576,0.097578
577,0.074646
578,0.070919
579,0.032795
580,0.034588
581,-0.028986
582,-0.092401
583,-0.108867
584,-0.080845
585,-0.042829
586,-0.024045
587,0.044088
588,0.078503
589,0.044458
590,0.066476
591,0.017351
592,0.006124
593,-0.029721
594,-0.055016
595,-0.080014
596,-0.035264
597,-0.034746
598,-0.020951
599,-0.018475
600,0.035512
601,0.024018
602,0.028494
603,0.000804
604,-0.026615
605,0.012511
606,0.042527
607,0.047314
608,0.084033
609,0.049073
610,-0.026521
611,-0.087339
612,-0.061600
613,-0.026901
614,-0.013599
615,-0.009840
616,0.004705
617,0.038610
618,0.013639
619,-0.012179
620,-0.001201
621,0.007543
622,0.016587
623,-0.000408
624,-0.035429
625,0.004191
626,-0.053618
627,-0.073843
628,-0.034420
629,0.029295
630,0.098132
631,0.088948
632,0.076582
633,0.028320
634,-0.014294
635,-0.065071
636,-0.007909
637,0.016854
638,-0.002222
639,-0.064596
640,-0.109582
641,-0.025865
642,0.023869
643,0.034443
644,0.082215
645,0.080106
646,0.041809
647,-0.004313
648,-0.046136
649,-0.036046
650,0.003538
651,-0.015707
652,0.000091
653,0.004376
654,-0.018963
655,-0.083199
656,-0.089768
657,-0.046146
658,-0.013893
659,0.023815
660,0.045110
661,0.074938
662,0.044276
663,0.017203
664,0.035173
665,-0.080224
666,-0.045648
667,0.001987
668,-0.005108
669,-0.020344
670,0.022209
671,0.022656
672,0.120036
673,0.103265
674,0.041777
675,0.013819
676,-0.040024
677,-0.058251
678,-0.071465
679,-0.102326
680,-0.061819
681,0.006142
682,0.072823
683,0.070471
684,-0.005576
685,-0.035616
686,-0.060677
687,-0.034402
688,-0.010083
689,0.002805
690,0.001572
691,-0.011504
692,0.075721
693,0.083355
694,0.042502
695,0.047382
696,0.056044
697,-0.020826
698,-0.087744
699,-0.079787
700,-0.063357
701,-0.073936
702,-0.011529
703,0.026573
704,0.099175
705,0.084684
706,0.070393
707,0.047419
708,0.032136
709,0.007901
710,-0.021419
711,-0.109166
712,-0.115264
713,-0.078550
714,-0.124233
715,-0.074526
716,0.017415
717,0.079636
718,0.113411
719,0.148349
720,0.086602
721,0.022927
722,-0.055889
723,-0.019339
724,-0.047391
725,-0.089277
726,-0.068254
727,-0.008383
728,0.065571
729,0.042555
730,-0.018556
731,0.047072
732,0.061258
733,0.057990
734,0.023965
735,-0.004139
736,-0.076097
737,-0.051963
738,-0.038806
739,-0.079682
740,-0.035676
741,0.023080
742,-0.021183
743,-0.010250
744,0.015661
745,-0.003563
746,0.042255
747,0.034286
748,0.030268
749,0.020978
750,-0.020713
751,-0.014744
752,0.001327
753,0.023566
754,0.018961
755,-0.009155
756,-0.040295
757,-0.024075
758,0.002203
759,-0.051369
760,-0.071457
761,-0.039162
762,-0.063221
763,-0.011173
764,0.011027
765,0.008733
766,0.012059
767,0.011966
768,0.052774
769,0.030536
770,0.034536
771,0.006854
772,-0.010441
773,-0.006486
774,-0.008295
775,0.008231
776,0.006235
777,0.010000
778,0.018958
779,0.008710
780,0.024547
781,0.049837
782,0.034028
783,0.026620
784,-0.017624
785,-0.036268
786,-0.004068
787,-0.051251
788,-0.072812
789,-0.056397
790,-0.045876
791,-0.051260
792,-0.032287
793,0.027450
794,0.075492
795,0.082736
796,0.041929
797,0.041900
798,0.024200
799,0.002199
800,-0.018895
801,-0.041133
802,-0.024271
803,-0.058282
804,-0.034705
805,0.011894
806,0.012247
807,-0.001916
808,-0.004738
809,-0.000870
810,-0.039126
811,0.023480
812,0.075311
813,0.023913
814,0.001904
815,-0.011888
816,-0.007147
817,0.015650
818,-0.014989
819,-0.094463
820,-0.074259
821,-0.021514
822,0.000784
823,-0.015403
824,0.044983
825,0.061904
826,0.072930
827,0.086328
828,0.078560
829,0.008986
830,-0.033778
831,-0.031923
832,-0.056624
833,-0.024165
834,-0.002037
835,-0.012617
836,0.000336
837,0.008257
838,-0.010186
839,-0.013300
840,-0.025001
841,-0.031515
842,-0.005593
843,0.044947
844,0.007708
845,-0.028936
846,-0.038530
847,-0.068990
848,-0.004207
849,0.028929
850,0.062196
851,0.127510
852,0.096076
853,0.053295
854,0.041619
855,-0.012781
856,-0.023263
857,-0.057936
858,-0.096151
859,-0.125187
860,-0.113239
861,-0.102025
862,-0.071914
863,0.007154
864,0.077425
865,0.135351
866,0.152371
867,0.079124
868,-0.019356
869,-0.048928
870,0.002630
871,-0.023719
872,-0.032305
873,-0.056306
874,-0.027184
875,-0.003718
876,0.027507
877,0.012653
878,0.023619
879,0.015794
880,-0.004129
881,-0.002624
882,-0.030600
883,-0.006232
884,-0.025179
885,-0.021553
886,-0.000936
887,0.020024
888,0.042398
889,0.039256
890,0.014464
891,0.010776
892,0.020659
893,0.030832
894,0.021494
895,-0.034770
896,-0.098334
897,-0.101003
898,-0.059342
899,0.068735
900,0.127798
901,0.117969
902,0.019751
903,-0.057734
904,-0.062534
905,-0.062311
906,-0.079735
907,-0.049474
908,-0.020727
909,0.023706
910,0.051951
911,0.040476
912,0.046616
913,0.066104
914,0.024762
915,0.002162
916,-0.020805
917,-0.068906
918,-0.057836
919,-0.051332
920,0.012925
921,0.012740
922,0.046240
923,0.029802
924,0.009283
925,-0.019184
926,-0.027197
927,0.019370
928,0.064067
929,0.066296
930,0.009925
931,-0.042372
932,-0.098854
933,-0.116372
934,-0.051682
935,0.025390
936,0.036795
937,0.061095
938,0.031735
939,0.008643
940,-0.004100
941,0.023982
942,0.024066
943,0.030539
944,0.008519
945,-0.021959
946,-0.046922
947,0.002083
948,-0.020555
949,-0.065809
950,-0.022962
951,-0.026148
952,-0.025218
953,-0.028816
954,-0.045244
955,-0.028706
956,0.038457
957,0.043186
958,0.091040
959,0.077315
960,0.046947
961,0.053014
962,0.003317
963,-0.032361
964,-0.033558
965,-0.024806
966,0.017120
967,-0.054845
968,-0.039281
969,-0.029974
970,0.038626
971,0.040065
972,0.012442
973,0.019280
974,0.009276
975,0.009180
976,0.065049
977,0.052690
978,-0.049988
979,-0.068842
980,-0.139242
981,-0.071513
982,-0.028846
983,0.030246
984,0.053751
985,-0.014326
986,0.029536
987,0.035439
988,0.026082
989,-0.004677
990,-0.017536
991,-0.014399
992,0.009497
993,-0.024011
994,-0.031813
995,-0.006800
996,0.051574
997,0.066726
998,0.071868
999,0.039787
1000,-0.010669
1001,-0.029743
1002,-0.057341
1003,-0.056356
1004,-0.058517
1005,-0.039740
1006,-0.029413
1007,0.025236
1008,0.039838
1009,0.007300
1010,0.055228
1011,0.047285
1012,0.014633
1013,0.029465
1014,0.046006
1015,0.035447
1016,-0.050275
1017,-0.051502
1018,-0.064544
1019,-0.059836
1020,-0.022200
1021,0.019354
1022,0.030098
1023,0.048348
1024,0.024582
1025,0.035300
1026,0.039262
1027,-0.030458
1028,-0.097268
1029,-0.068723
1030,-0.072773
1031,-0.046806
1032,-0.003330
1033,-0.026369
1034,0.001284
1035,0.039473
1036,0.061106
1037,0.053189
1038,0.022135
1039,0.028109
1040,0.056787
1041,0.032541
1042,0.026102
1043,-0.016280
1044,-0.065028
1045,-0.011254
1046,-0.040280
1047,-0.005206
1048,0.032253
1049,-0.013413
1050,0.004674
1051,-0.007676
1052,-0.035277
1053,-0.031763
1054,-0.030365
1055,0.038872
1056,0.088924
1057,0.077605
1058,-0.022809
1059,-0.056653
1060,-0.104401
1061,-0.095408
1062,-0.101573
1063,-0.024186
1064,0.028087
1065,0.041318
1066,0.015819
1067,0.028529
1068,0.061811
1069,0.069074
1070,-0.007215
1071,-0.025470
1072,-0.004348
1073,-0.004487
1074,-0.023178
1075,-0.015908
1076,0.022951
1077,0.016460
1078,0.031988
1079,0.026603
1080,0.022200
1081,0.008312
1082,0.006990
1083,-0.009730
1084,-0.006737
1085,-0.064173
1086,-0.091269
1087,-0.060265
1088,0.001798
1089,0.032476
1090,0.055097
1091,0.048079
1092,0.051216
1093,0.054559
1094,0.050100
1095,-0.043009
1096,-0.067627
1097,-0.029316
1098,-0.017283
1099,0.046105
1100,0.069715
1101,0.041036
1102,0.005242
1103,0.006758
1104,-0.025593
1105,-0.073909
1106,-0.064913
1107,-0.007354
1108,-0.003378
1109,-0.001590
1110,-0.019140
1111,-0.001590
1112,-0.018412
1113,-0.055599
1114,-0.061921
1115,-0.037481
1116,0.001626
1117,0.025465
1118,0.021830
1119,0.054140
1120,0.034916
1121,0.052757
1122,0.068523
1123,0.074311
1124,0.022907
1125,-0.039451
1126,-0.025441
1127,-0.056942
1128,-0.104242
1129,-0.102974
1130,-0.060586
1131,0.005460
1132,0.032546
1133,0.048930
1134,0.132176
1135,0.109468
1136,0.023798
1137,-0.016165
1138,-0.053814
1139,-0.069402
1140,-0.022140
1141,-0.016255
1142,-0.014467
1143,-0.001958
1144,-0.037798
1145,-0.029447
1146,0.018652
1147,0.070494
1148,0.058838
1149,0.052671
1150,0.052075
1151,0.024936
1152,-0.027298
1153,-0.024387
1154,-0.012666
1155,0.008076
1156,0.035055
1157,0.053437
1158,-0.006731
1159,-0.067463
1160,-0.094457
1161,-0.108211
1162,-0.062806
1163,-0.062987
1164,-0.007966
1165,0.037685
1166,0.065930
1167,0.050058
1168,0.047716
1169,0.081879
1170,0.017874
1171,-0.021152
1172,-0.006451
1173,-0.032246
1174,-0.039338
1175,-0.023290
1176,0.041442
1177,0.069588
1178,0.059253
1179,0.010111
1180,-0.018318
1181,-0.004928
1182,-0.034992
1183,-0.037974
1184,-0.023350
1185,-0.023549
1186,-0.038346
1187,-0.049279
1188,-0.048779
1189,-0.012640
1190,0.025246
1191,0.073219
1192,0.109378
1193,0.070330
1194,0.013940
1195,-0.024101
1196,-0.080301
1197,-0.062635
1198,-0.046117
1199,-0.034750
1200,-0.010926
1201,-0.000942
1202,0.013390
1203,0.046708
1204,0.033106
1205,0.037346
1206,0.003530
1207,0.040873
1208,0.033495
1209,-0.024687
1210,0.014115
1211,0.007957
1212,-0.020220
1213,-0.021611
1214,-0.067149
1215,-0.077230
1216,0.000421
1217,-0.032243
1218,0.000954
1219,0.011093
1220,0.031009
1221,0.049922
1222,0.044813
1223,0.021970
1224,-0.035532
1225,-0.022640
1226,0.009239
1227,0.028630
1228,0.056912
1229,0.001615
1230,-0.018078
1231,-0.049066
1232,-0.085876
1233,-0.044960
1234,0.013311
1235,0.019780
1236,0.087716
1237,0.062596
1238,-0.058982
1239,-0.056805
1240,0.001818
1241,0.023561
1242,0.012106
1243,0.023482
1244,0.027287
1245,0.003469
1246,-0.035053
1247,-0.058802
1248,-0.087226
1249,-0.091940
1250,-0.049397
1251,0.023676
1252,0.079365
1253,0.017971
1254,-0.009108
1255,0.020441
1256,0.073332
1257,0.082365
1258,0.051846
1259,0.012568
1260,-0.037314
1261,-0.051147
1262,-0.012608
1263,-0.012040
1264,-0.008168
1265,0.018553
1266,0.021544
1267,-0.024470
1268,-0.034327
1269,0.005566
1270,0.026268
1271,0.012469
1272,-0.003835
1273,-0.043148
1274,0.017747
1275,0.011037
1276,-0.009714
1277,0.009046
1278,-0.009017
1279,0.033427
1280,0.021140
1281,-0.044405
1282,-0.026180
1283,-0.021038
1284,-0.035077
1285,-0.010239
1286,0.016321
1287,0.047486
1288,0.067673
1289,0.004338
1290,-0.035801
1291,-0.030163
1292,-0.022515
1293,-0.027968
1294,-0.039830
1295,-0.029171
1296,0.049488
1297,0.101756
1298,0.045656
1299,-0.010957
1300,-0.012563
1301,-0.006025
1302,-0.013203
1303,0.011544
1304,0.020538
1305,0.024982
1306,0.033592
1307,0.013772
1308,-0.022393
1309,-0.061770
1310,-0.067094
1311,-0.083603
1312,-0.066947
1313,-0.032759
1314,-0.011464
1315,0.012214
1316,0.030344
1317,0.081792
1318,0.085317
1319,0.063457
1320,0.024208
1321,-0.024331
1322,-0.005434
1323,-0.015797
1324,-0.029174
1325,-0.089353
1326,-0.073248
1327,-0.010619
1328,0.040091
1329,0.045599
1330,0.036162
1331,0.008814
1332,-0.045259
1333,-0.052383
1334,-0.025908
1335,0.018510
1336,0.049293
1337,0.090564
1338,0.077878
1339,0.040191
1340,-0.017611
1341,-0.090831
1342,-0.130794
1343,-0.083082
1344,0.019812
1345,0.042715
1346,0.056326
1347,0.059808
1348,0.043763
1349,0.015339
1350,-0.016244
1351,0.054900
1352,0.066866
1353,0.015463
1354,-0.035089
1355,-0.062102
1356,-0.096156
1357,-0.131006
1358,-0.037269
1359,0.011914
1360,-0.013630
1361,0.010598
1362,0.047254
1363,0.097080
1364,0.122948
1365,0.080897
1366,-0.011909
1367,-0.020422
1368,-0.041347
1369,-0.065735
1370,-0.060838
1371,-0.054966
1372,-0.060230
1373,-0.066242
1374,-0.016521
1375,0.023523
1376,0.065964
1377,0.082877
1378,0.033698
1379,0.046810
1380,-0.001882
1381,-0.035891
1382,-0.043090
1383,0.014743
1384,0.025461
1385,0.028872
1386,0.021307
1387,-0.042313
1388,-0.008585
1389,-0.000584
1390,-0.006821
1391,0.008327
1392,-0.002631
1393,-0.017912
1394,-0.018462
1395,-0.017358
1396,0.045584
1397,0.056151
1398,-0.028125
1399,-0.011069
1400,-0.001654
1401,-0.019160
1402,0.019324
1403,0.025928
1404,-0.003598
1405,-0.097328
1406,-0.120073
1407,-0.031752
1408,0.054290
1409,0.074424
1410,0.074061
1411,0.067997
1412,0.036110
1413,0.029078
1414,0.003706
1415,-0.010082
1416,-0.046476
1417,-0.079962
1418,-0.060693
1419,-0.017553
1420,0.031314
1421,0.030190
1422,-0.029184
1423,-0.040744
1424,-0.028316
1425,0.042272
1426,0.069080
1427,0.007878
1428,-0.000745
1429,0.024140
1430,0.011325
1431,-0.001322
1432,-0.041848
1433,-0.018950
1434,-0.024707
1435,0.005656
1436,-0.029101
1437,-0.024136
1438,0.015750
1439,-0.039784
1440,-0.046174
1441,0.023172
1442,0.013688
1443,0.020871
1444,0.042895
1445,0.068583
1446,0.083971
1447,0.046259
1448,-0.048370
1449,-0.079073
1450,-0.085285
1451,-0.023595
1452,0.019769
1453,0.066839
1454,0.069049
1455,0.044709
1456,-0.010450
1457,-0.079184
1458,-0.073025
1459,-0.107726
1460,-0.071129
1461,0.002930
1462,0.051957
1463,0.065155
1464,0.041883
1465,0.086256
1466,0.061834
1467,0.024573
1468,-0.005274
1469,-0.058455
1470,-0.049235
1471,-0.089543
1472,-0.062854
1473,-0.007945
1474,-0.038197
1475,-0.014135
1476,0.056226
1477,0.061144
1478,0.044781
1479,0.041769
1480,0.029131
1481,0.000282
1482,-0.047972
1483,-0.109695
1484,-0.080685
1485,-0.014128
1486,0.018532
1487,0.026009
1488,0.049452
1489,0.072622
1490,0.128439
1491,0.103178
1492,0.037129
1493,-0.011081
1494,-0.088496
1495,-0.092325
1496,-0.066980
1497,-0.059348
1498,-0.007893
1499,0.009901
1500,0.020117
1501,0.077814
1502,0.033263
1503,0.002542
1504,0.019279
1505,-0.027342
1506,-0.040643
1507,-0.026193
1508,-0.017920
1509,0.002128
1510,0.013513
1511,0.042671
1512,0.002132
1513,-0.045805
1514,-0.027350
1515,-0.023896
1516,-0.002158
1517,-0.022462
1518,-0.019531
1519,0.011904
1520,0.027698
1521,0.043473
1522,0.036728
1523,0.034640
1524,0.072122
1525,0.049381
1526,0.010989
1527,-0.034845
1528,-0.062608
1529,-0.058462
1530,-0.059849
1531,-0.081664
1532,-0.065462
1533,-0.002256
1534,0.055453
1535,0.052704
1536,0.064921
1537,0.010113
1538,-0.056831
1539,-0.032060
1540,-0.004790
1541,0.055423
1542,0.032116
1543,0.020816
1544,0.012151
1545,-0.004316
1546,-0.026298
1547,-0.031791
1548,-0.082301
1549,-0.025496
1550,-0.001620
1551,0.050430
1552,0.055255
1553,0.019451
1554,0.042773
1555,-0.008615
1556,-0.014735
1557,0.009556
1558,-0.031389
1559,-0.022735
1560,-0.006517
1561,0.027990
1562,0.017612
1563,-0.004038
1564,-0.045716
1565,-0.092921
1566,-0.062573
1567,0.016618
1568,0.048910
1569,0.091277
1570,0.059733
1571,0.017994
1572,-0.026162
1573,-0.055370
1574,-0.019090
1575,-0.029754
1576,0.025769
1577,0.039888
1578,0.028532
1579,0.020956
1580,0.004468
1581,-0.029078
1582,0.010772
1583,-0.040468
1584,-0.050537
1585,-0.039129
1586,-0.021108
1587,-0.008245
1588,-0.018846
1589,-0.000005
1590,0.036138
1591,0.024062
1592,0.009676
1593,0.058666
1594,0.051923
1595,-0.006886
1596,-0.066504
1597,-0.078675
1598,-0.021019
1599,0.025582
1600,0.047183
1601,0.084883
1602,0.072356
1603,-0.019033
1604,-0.065717
1605,-0.017179
1606,0.009952
1607,0.018453
1608,0.019145
1609,-0.016069
1610,-0.059046
1611,-0.066642
1612,-0.072704
1613,0.007730
1614,0.055716
1615,0.009775
1616,-0.003516
1617,0.004315
1618,-0.003596
1619,0.043951
1620,0.058493
1621,0.052259
1622,0.033789
1623,-0.028220
1624,-0.031783
1625,-0.014363
1626,0.014686
1627,0.000424
1628,-0.034318
1629,-0.053166
1630,-0.065450
1631,-0.035759
1632,0.016476
1633,0.004376
1634,-0.001386
1635,0.001946
1636,0.012845
1637,0.000504
1638,-0.002613
1639,0.000549
1640,0.044283
1641,0.033028
1642,-0.015006
1643,-0.027716
1644,-0.015305
1645,-0.031481
1646,-0.023299
1647,0.016141
1648,0.108965
1649,0.080904
1650,0.025691
1651,-0.018956
1652,-0.021985
1653,-0.025871
1654,-0.068897
1655,-0.054474
1656,0.031596
1657,0.037462
1658,-0.030544
1659,-0.032037
1660,-0.042371
1661,-0.035192
1662,0.004417
1663,0.041346
1664,0.082849
1665,0.103315
1666,0.039191
1667,-0.053347
1668,-0.114192
1669,-0.076441
1670,-0.012759
1671,0.074068
1672,0.089227
1673,0.014620
1674,-0.034122
1675,-0.025952
1676,-0.069364
1677,-0.040163
1678,-0.000273
1679,-0.021788
1680,-0.034682
1681,0.022496
1682,0.051719
1683,0.097347
1684,0.097793
1685,0.024197
1686,-0.005572
1687,-0.033885
1688,-0.063324
1689,-0.039079
1690,-0.048981
1691,-0.066253
1692,0.014392
1693,0.016734
1694,-0.016740
1695,-0.018725
1696,0.003315
1697,0.048588
1698,0.101758
1699,0.083653
1700,0.055307
1701,0.009567
1702,-0.022009
1703,-0.007837
1704,-0.054540
1705,-0.051734
1706,-0.057944
1707,-0.058078
1708,-0.038373
1709,-0.094716
1710,-0.055808
1711,0.017672
1712,-0.026329
1713,0.013291
1714,0.020240
1715,0.028155
1716,0.064143
1717,0.038728
1718,0.019346
1719,0.038547
1720,0.032818
1721,0.011387
1722,0.005056
1723,-0.022217
1724,-0.070210
1725,-0.007768
1726,0.028353
1727,0.024183
1728,0.035461
1729,-0.000797
1730,-0.009554
1731,0.043632
1732,0.034660
1733,-0.021211
1734,0.001388
1735,-0.027928
1736,-0.016410
1737,0.023519
1738,-0.024322
1739,-0.010781
1740,-0.015393
1741,-0.007906
1742,-0.083836
1743,-0.072051
1744,-0.054455
1745,0.018003
1746,0.088231
1747,0.095774
1748,0.047562
1749,0.020820
1750,0.030406
1751,-0.021205
1752,-0.035917
1753,-0.021682
1754,-0.026911
1755,-0.041864
1756,0.016537
1757,-0.002034
1758,0.007745
1759,0.020546
1760,0.042379
1761,-0.039018
1762,-0.051049
1763,-0.061550
1764,-0.018987
1765,0.052102
1766,0.035963
1767,0.010431
1768,0.041537
1769,0.000415
1770,-0.065346
1771,-0.055117
1772,-0.002607
1773,0.018868
1774,0.049251
1775,0.091051
1776,0.023790
1777,0.019504
1778,-0.001464
1779,-0.050234
1780,0.004168
1781,0.032791
1782,0.002172
1783,-0.031059
1784,-0.037158
1785,-0.020474
1786,0.004747
1787,0.007924
1788,-0.013918
1789,0.056264
1790,-0.005171
1791,-0.071855
1792,-0.076097
1793,-0.071832
1794,-0.052476
1795,-0.018791
1796,0.023775
1797,0.105343
1798,0.120120
1799,0.060592
1800,0.009987
1801,-0.002044
1802,-0.006750
1803,-0.020905
1804,-0.052916
1805,-0.043760
1806,-0.026718
1807,0.003544
1808,0.029402
1809,0.002961
1810,-0.023127
1811,-0.056122
1812,-0.022975
1813,0.017875
1814,0.017592
1815,-0.023396
1816,0.006421
1817,0.016121
1818,-0.019588
1819,0.028463
1820,0.057682
1821,0.069833
1822,0.035763
1823,0.025248
1824,0.011107
1825,-0.005223
1826,-0.031451
1827,-0.041514
1828,-0.034930
1829,-0.098426
1830,-0.065733
1831,-0.025382
1832,0.035658
1833,0.072422
1834,0.020571
1835,0.012578
1836,-0.000274
1837,-0.038482
1838,-0.046707
1839,-0.016460
1840,0.023229
1841,0.041765
1842,0.073753
1843,0.035002
1844,0.040189
1845,-0.023313
1846,-0.047473
1847,-0.055979
1848,-0.077867
1849,-0.039936
1850,-0.013170
1851,0.043400
1852,0.050918
1853,-0.018833
1854,-0.004784
1855,0.017062
1856,-0.035843
1857,0.014124
1858,0.087140
1859,0.059819
1860,0.024861
1861,0.005344
1862,-0.085481
1863,-0.156246
1864,-0.099927
1865,-0.009010
1866,0.060172
1867,0.123751
1868,0.062842
1869,0.022820
1870,0.023171
1871,0.009206
1872,-0.011162
1873,0.041052
1874,-0.001833
1875,-0.032261
1876,0.014632
1877,-0.014848
1878,-0.079050
1879,-0.070081
1880,-0.063670
1881,-0.035869
1882,-0.015462
1883,0.017016
1884,0.111381
1885,0.049828
1886,-0.019788
1887,0.004386
1888,-0.000389
1889,-0.001773
1890,-0.026813
1891,-0.035071
1892,0.007169
1893,-0.007596
1894,0.022859
1895,0.071195
1896,0.042399
1897,0.004393
1898,-0.015619
1899,-0.024487
1900,-0.028917
1901,-0.059994
1902,-0.043858
1903,0.047563
1904,0.045357
1905,0.033797
1906,-0.007210
1907,-0.027425
1908,-0.015098
1909,0.004772
1910,0.008442
1911,-0.007448
1912,-0.031275
1913,-0.007418
1914,0.000570
1915,0.021115
1916,0.027830
1917,0.027653
1918,0.056682
1919,0.039071
1920,-0.009470
1921,-0.058184
1922,-0.043775
1923,-0.051461
1924,-0.041229
1925,0.031151
1926,0.052602
1927,0.056104
1928,-0.002287
1929,-0.000633
1930,-0.014080
1931,-0.022127
1932,-0.030754
1933,-0.048150
1934,-0.057096
1935,-0.006331
1936,-0.013882
1937,0.005313
1938,0.019122
1939,0.020828
1940,0.006343
1941,0.055184
1942,0.104927
1943,0.048394
1944,-0.026727
1945,-0.027245
1946,-0.028365
1947,-0.018403
1948,-0.084935
1949,-0.064391
1950,-0.019139
1951,0.013011
1952,0.042516
1953,0.075547
1954,424.819550
1955,620.654358
1956,8.195492
1957,1316.068970
1958,808.648926
1959,-11.886315
1960,12.739286
1961,21.842459
1962,13.314267
1963,5.830046
1964,2.341903
1965,12.513540
1966,3.463197
1967,-8.719658
1968,-30.053005
1969,-42.410023
1970,-23.685837
1971,15.343085
1972,38.186657
1973,24.465389
1974,9.252651
1975,-6.174877
1976,-14.086353
1977,-9.005172
1978,-14.782065
1979,-23.355253
1980,15.291995
1981,19.933252
1982,12.877807
1983,-6.587315
1984,-21.533976
1985,-5.714142
1986,15.278331
1987,27.582417
1988,24.297729
1989,-1.612850
1990,-24.406391
1991,-26.171339
1992,4.474308
1993,32.070564
1994,24.904745
1995,-9.958717
1996,-40.710960
1997,-42.115063
1998,-21.745741
1999,11.855568
2000,14.099153
2001,29.174864
2002,31.104311
2003,13.595021
2004,3.363040
2005,-10.210226
2006,-28.733896
2007,-29.692881
2008,0.082426
2009,0.041662
2010,0.005180
2011,-0.045074
2012,-0.085088
2013,-0.073184
2014,-0.028182
2015,0.000487
2016,0.049266
2017,0.041544
2018,0.051976
2019,0.013344
2020,0.009570
2021,0.009657
2022,-0.017242
2023,-0.067381
2024,-0.082545
2025,-0.042182
2026,0.026955
2027,0.033264
2028,0.037806
2029,0.041630
2030,0.026401
2031,-0.029274
2032,-0.019219
2033,-0.035904
2034,-0.016699
2035,0.029111
2036,0.042046
2037,0.026306
2038,-0.036150
2039,-0.070470
2040,-0.044224
2041,0.004920
2042,0.027570
2043,0.061284
2044,0.052539
2045,0.015250
2046,-0.039973
2047,-0.084158
2048,-0.004485
2049,0.044998
2050,0.061436
2051,0.089331
2052,-0.025370
2053,-0.018326
2054,-0.058873
2055,-0.074412
2056,-0.036206
2057,0.029902
2058,0.038677
2059,0.028058
2060,0.000661
2061,-0.013343
2062,-0.046375
2063,-0.055745
2064,-0.004723
2065,0.044587
2066,0.051990
2067,0.030465
2068,-0.017398
2069,-0.046846
2070,-0.041723
2071,-0.011940
2072,-0.000677
2073,0.019702
2074,-0.006784
2075,0.001203
2076,0.046286
2077,0.054734
2078,-0.009185
2079,-0.028790
2080,-0.005293
2081,-0.034905
2082,0.000595
2083,0.028828
2084,0.023481
2085,-0.033461
2086,-0.021165
2087,-0.002826
2088,-0.022244
2089,-0.039303
2090,-0.035789
2091,0.065369
2092,0.059491
2093,0.031091
2094,0.000194
2095,-0.010121
2096,-0.003378
2097,-0.030747
2098,-0.010208
2099,-0.031366
2100,-0.039096
2101,0.092759
2102,0.099864
2103,-0.020775
2104,-0.014321
2105,-0.017999
2106,0.009631
2107,0.036119
2108,0.046554
2109,-0.004002
2110,-0.016646
2111,-0.100099
2112,-0.082274
2113,-0.015350
2114,0.039502
2115,0.053031
2116,0.019383
2117,0.003896
2118,-0.011006
2119,-0.048540
2120,-0.054152
2121,0.007938
2122,-0.021679
2123,-0.028395
2124,-0.031079
2125,-0.008617
2126,0.007684
2127,0.018950
2128,-0.001889
2129,0.059109
2130,0.082200
2131,0.021086
2132,0.016325
2133,-0.008223
2134,-0.031964
2135,0.010612
2136,-0.011542
2137,-0.030230
2138,-0.020909
2139,0.009704
2140,0.018161
2141,-0.002055
2142,0.037678
2143,0.039882
2144,0.049290
2145,-0.009251
2146,-0.035721
2147,-0.058914
2148,-0.079900
2149,-0.043175
2150,-0.008918
2151,0.003795
2152,0.015711
2153,0.073145
2154,0.064726
2155,0.002524
2156,0.020780
2157,0.026133
2158,0.010892
2159,0.010636
2160,-0.046537
2161,-0.036880
2162,0.007821
2163,0.001027
2164,-0.032648
2165,-0.056535
2166,0.019520
2167,0.036267
2168,0.041909
2169,0.070737
2170,0.049553
2171,0.012454
2172,-0.015478
2173,-0.018036
2174,-0.048526
2175,-0.033325
2176,-0.025017
2177,-0.077746
2178,-0.037002
2179,-0.027124
2180,-0.029880
2181,0.030278
2182,0.021902
2183,0.034672
2184,0.030282
2185,-0.041731
2186,-0.024643
2187,-0.009621
2188,0.031898
2189,0.058659
2190,0.053590
2191,0.092152
2192,0.022910
2193,-0.016799
2194,0.009170
2195,0.008490
2196,-0.027539
2197,-0.042816
2198,-0.033284
2199,-0.027311
2200,0.007558
2201,-0.005066
2202,0.012681
2203,0.043052
2204,0.029824
2205,-0.036759
2206,-0.010208
2207,-0.047874
2208,-0.021012
2209,0.015903
2210,-0.015318
2211,-0.034185
2212,-0.054141
2213,0.012389
2214,0.051930
2215,0.038129
2216,0.054869
2217,0.045534
2218,0.048441
2219,0.041830
2220,-0.046488
2221,-0.060334
2222,-0.028809
2223,-0.025431
2224,-0.008640
2225,0.022089
2226,0.030530
2227,-0.008863
2228,-0.016946
2229,0.006306
2230,-0.067056
2231,-0.050144
2232,-0.022774
2233,0.006441
2234,0.051002
2235,0.066810
2236,0.014259
2237,-0.035067
2238,-0.068143
2239,-0.010702
2240,0.016527
2241,0.029835
2242,0.048747
2243,0.056339
2244,0.002421
2245,0.029218
2246,-0.004295
2247,-0.034134
2248,-0.023941
2249,0.017744
2250,-0.032079
2251,-0.078110
2252,-0.068147
2253,-0.025041
2254,0.023033
2255,0.063047
2256,0.056067
2257,0.060710
2258,0.034124
2259,0.014564
2260,-0.009591
2261,-0.046851
2262,-0.064895
2263,-0.080556
2264,-0.048651
2265,-0.021561
2266,-0.030281
2267,0.012923
2268,0.034104
2269,0.012091
2270,0.026954
2271,0.106778
2272,0.095158
2273,-0.011170
2274,-0.060343
2275,-0.067841
2276,-0.069758
2277,-0.004031
2278,0.042462
2279,0.094529
2280,0.112134
2281,0.028181
2282,-0.045620
2283,-0.081194
2284,-0.062984
2285,-0.069695
2286,-0.017285
2287,-0.003002
2288,0.009018
2289,0.055127
2290,0.077193
2291,0.031954
2292,0.013585
2293,0.039249
2294,-0.006102
2295,-0.022530
2296,-0.018897
2297,-0.035591
2298,-0.039693
2299,-0.000209
2300,0.040262
2301,0.036231
2302,0.010583
2303,-0.008531
2304,-0.059063
2305,-0.091745
2306,-0.069623
2307,-0.040830
2308,0.059823
2309,0.043580
2310,0.034524
2311,-0.008806
2312,-0.014305
2313,-0.003646
2314,-0.026741
2315,-0.021456
2316,-0.024083
2317,-0.005706
2318,0.024066
2319,0.042252
2320,0.035068
2321,0.050001
2322,0.060123
2323,-0.004172
2324,-0.034792
2325,-0.006751
2326,0.012455
2327,0.006693
2328,-0.035826
2329,0.006116
2330,0.014736
2331,0.003720
2332,0.003423
2333,-0.019779
2334,-0.016381
2335,0.021583
2336,0.011803
2337,-0.020784
2338,-0.033212
2339,-0.077211
2340,-0.072471
2341,-0.011692
2342,0.025941
2343,0.056316
2344,0.115275
2345,0.109332
2346,-0.004353
2347,-0.048423
2348,-0.022653
2349,-0.018845
2350,-0.004720
2351,0.002725
2352,0.038969
2353,0.044274
2354,-0.007487
2355,-0.062542
2356,-0.091634
2357,-0.086677
2358,-0.045436
2359,-0.060693
2360,-0.057467
2361,0.016486
2362,0.042148
2363,0.069640
2364,0.075685
2365,0.081040
2366,0.046196
2367,0.013690
2368,-0.004913
2369,-0.013819
2370,-0.023533
2371,-0.032319
2372,-0.042789
2373,-0.024918
2374,-0.008137
2375,0.014476
2376,-0.017560
2377,-0.009041
2378,-0.016846
2379,-0.001790
2380,0.069169
2381,0.057149
2382,-0.002378
2383,-0.011212
2384,-0.019072
2385,0.012305
2386,0.017704
2387,0.011717
2388,-0.044490
2389,-0.063384
2390,-0.072465
2391,-0.039009
2392,0.021597
2393,0.032594
2394,0.039969
2395,0.046193
2396,-0.007975
2397,-0.014598
2398,0.015091
2399,0.072228
2400,0.107360
2401,0.082600
2402,-0.019603
2403,-0.118713
2404,-0.146130
2405,-0.155436
2406,-0.076782
2407,0.035718
2408,0.051806
2409,0.047244
2410,0.020150
2411,0.035945
2412,0.043450
2413,0.069779
2414,0.043861
2415,-0.000362
2416,0.002924
2417,-0.011886
2418,-0.056621
2419,0.023046
2420,-0.001349
2421,-0.011999
2422,0.014721
2423,-0.024310
2424,-0.037867
2425,-0.006502
2426,-0.027572
2427,-0.032814
2428,0.027281
2429,0.081795
2430,0.057220
2431,0.021701
2432,-0.004865
2433,-0.045437
2434,-0.067442
2435,-0.048229
2436,-0.013371
2437,0.034997
2438,0.027855
2439,-0.008116
2440,0.007654
2441,-0.034113
2442,-0.007949
2443,-0.022591
2444,-0.011988
2445,-0.000636
2446,-0.006381
2447,0.025237
2448,0.015510
2449,-0.017203
2450,-0.034595
2451,-0.034854
2452,0.055243
2453,0.076929
2454,0.045453
2455,0.014305
2456,0.002102
2457,-0.025208
2458,-0.054530
2459,-0.059121
2460,-0.008812
2461,0.001740
2462,0.031348
2463,0.054695
2464,0.046235
2465,0.051765
2466,-0.013661
2467,-0.076255
2468,-0.038588
2469,-0.063190
2470,-0.042462
2471,-0.007040
2472,-0.030140
2473,0.039342
2474,0.023114
2475,-0.005288
2476,0.034764
2477,0.039205
2478,0.000367
2479,0.013141
2480,-0.000106
2481,-0.038586
2482,-0.088732
2483,0.008382
2484,0.027050
2485,0.031161
2486,0.033109
2487,0.048841
2488,-0.008660
2489,-0.060460
2490,0.000218
2491,0.011742
2492,-0.021114
2493,0.008886
2494,0.062217
2495,0.030027
2496,-0.012438
2497,-0.050960
2498,-0.029243
2499,-0.067576
2500,-0.030510
2501,0.052789
2502,0.056326
2503,0.027155
2504,0.010208
2505,0.003239
2506,-0.016056
2507,-0.007932
2508,-0.009425
2509,-0.023480
2510,-0.043701
2511,-0.035391
2512,-0.005506
2513,0.018407
2514,0.028951
2515,-0.054884
2516,-0.010477
2517,0.047254
2518,0.077854
2519,0.099305
2520,0.041345
2521,-0.001101
2522,-0.053923
2523,-0.087652
2524,-0.029823
2525,-0.017788
2526,-0.035123
2527,-0.014299
2528,0.023270
2529,-0.026656
2530,-0.047856
2531,0.000464
2532,-0.023049
2533,0.046360
2534,0.087821
2535,0.024956
2536,0.037736
2537,0.022739
2538,-0.000699
2539,-0.013655
2540,0.001282
2541,-0.028615
2542,-0.035073
2543,-0.039743
2544,-0.045484
2545,-0.015663
2546,0.023533
2547,0.046909
2548,0.112258
2549,0.092370
2550,0.011785
2551,-0.078776
2552,-0.088799
2553,-0.060220
2554,-0.045983
2555,-0.032108
2556,-0.031963
2557,0.023390
2558,-0.017753
2559,-0.078442
2560,-0.033083
2561,0.001832
2562,0.005179
2563,0.071764
2564,0.086480
2565,0.024006
2566,0.039043
2567,0.062659
2568,0.070315
2569,0.021016
2570,-0.011478
2571,-0.035942
2572,-0.033672
2573,-0.020376
2574,-0.064394
2575,-0.020910
2576,0.000998
2577,0.033388
2578,0.043609
2579,0.006899
2580,-0.027504
2581,-0.041492
2582,-0.011403
2583,-0.028395
2584,0.003606
2585,0.034969
2586,0.015176
2587,0.011125
2588,0.001665
2589,0.009063
2590,0.004670
2591,-0.031522
2592,-0.037132
2593,-0.024294
2594,-0.017318
2595,0.029552
2596,0.056315
2597,0.038058
2598,0.027750
2599,-0.021928
2600,-0.070932
2601,-0.078339
2602,-0.044398
2603,0.000106
2604,0.048423
2605,0.014748
2606,-0.017881
2607,-0.022930
2608,410.090546
2609,570.197571
2610,7.899993
2611,1386.986450
2612,798.865295
2613,9.375143
2614,-0.369221
2615,5.979026
2616,1.548734
2617,-15.076237
2618,-18.313318
2619,-29.477015
2620,-21.820034
2621,-3.488981
2622,24.403660
2623,54.722225
2624,47.359612
2625,27.434290
2626,-10.401618
2627,-36.068893
2628,-44.032440
2629,-24.315334
2630,-0.026778
2631,10.733337
2632,15.668478
2633,13.572309
2634,12.997889
2635,11.640248
2636,0.932793
2637,-1.259452
2638,-30.886959
2639,-40.182285
2640,-17.889380
2641,-3.252049
2642,5.896315
2643,1.055015
2644,15.254144
2645,34.378513
2646,41.356033
2647,17.406029
2648,-17.676306
2649,-33.113144
2650,-33.911781
2651,-7.244899
2652,16.189547
2653,22.654633
2654,26.490988
2655,11.967738
2656,-12.615565
2657,-14.660517
2658,6.172040
2659,18.682308
2660,22.517241
2661,0.825240
2662,0.018676
2663,0.019162
2664,0.008959
2665,0.010828
2666,0.001609
2667,-0.022183
2668,-0.023266
2669,-0.008999
2670,0.015061
2671,0.038236
2672,-0.007986
2673,0.010811
2674,-0.024499
2675,0.025363
2676,0.066352
2677,0.017587
2678,0.019491
2679,-0.022158
2680,-0.013500
2681,0.020564
2682,-0.008541
2683,0.022228
2684,-0.006795
2685,-0.089735
2686,-0.078901
2687,-0.013751
2688,-0.001062
2689,0.028168
2690,0.069906
2691,0.016272
2692,0.009319
2693,0.016042
2694,-0.004878
2695,-0.031373
2696,-0.003898
2697,-0.014802
2698,-0.026080
2699,-0.000435
2700,-0.001138
2701,0.037832
2702,0.053693
2703,0.017640
2704,0.003972
2705,0.012395
2706,-0.014433
2707,-0.038702
2708,-0.083602
2709,-0.058980
2710,0.012318
2711,0.042974
2712,0.020695
2713,0.002516
2714,-0.003868
2715,0.040134
2716,0.053302
2717,0.017962
2718,-0.006698
2719,-0.052852
2720,-0.052772
2721,-0.071954
2722,-0.065530
2723,0.051306
2724,0.096063
2725,0.049014
2726,-0.007259
2727,-0.045137
2728,0.024832
2729,0.045677
2730,0.009075
2731,-0.004011
2732,-0.012755
2733,-0.065513
2734,-0.031219
2735,-0.024411
2736,-0.027043
2737,-0.023094
2738,-0.050722
2739,0.000418
2740,0.002482
2741,0.031445
2742,0.033765
2743,0.011757
2744,0.044129
2745,0.069743
2746,0.045102
2747,0.065057
2748,0.024376
2749,0.014293
2750,-0.028644
2751,-0.078626
2752,-0.084652
2753,-0.044657
2754,0.037413
2755,0.030596
2756,-0.001347
2757,0.018102
2758,0.000679
2759,-0.058301
2760,-0.072726
2761,0.027190
2762,0.016912
2763,-0.009141
2764,0.058524
2765,0.001997
2766,-0.012609
2767,-0.029916
2768,-0.046263
2769,-0.004759
2770,0.002361
2771,-0.039116
2772,-0.001104
2773,0.063289
2774,0.065162
2775,0.019713
2776,0.040794
2777,0.065168
2778,0.027145
2779,0.026351
2780,0.006051
2781,-0.062028
2782,-0.119712
2783,-0.150535
2784,-0.090287
2785,0.005593
2786,0.050566
2787,0.041137
2788,0.038447
2789,0.029541
2790,0.024279
2791,-0.009807
2792,0.012789
2793,0.009300
2794,0.008093
2795,-0.001359
2796,-0.004669
2797,-0.058099
2798,-0.064875
2799,-0.019075
2800,0.049055
2801,0.073303
2802,0.050924
2803,0.024711
2804,0.013812
2805,-0.037509
2806,-0.087713
2807,-0.060922
2808,0.005058
2809,0.060458
2810,0.040630
2811,0.019577
2812,0.010100
2813,-0.006925
2814,0.046009
2815,-0.006612
2816,0.037565
2817,0.029729
2818,-0.071022
2819,-0.060246
2820,-0.104362
2821,-0.079342
2822,0.026722
2823,0.071342
2824,0.085691
2825,0.068968
2826,-0.021892
2827,-0.012154
2828,0.006313
2829,-0.038804
2830,-0.022928
2831,-0.056607
2832,-0.023631
2833,-0.024803
2834,0.017024
2835,0.067237
2836,0.040173
2837,0.006321
2838,-0.035886
2839,-0.028290
2840,-0.089303
2841,-0.033536
2842,-0.014247
2843,-0.025149
2844,0.068599
2845,0.117038
2846,0.110720
2847,0.060049
2848,0.034116
2849,0.010136
2850,-0.013147
2851,-0.010010
2852,-0.027795
2853,-0.074995
2854,-0.076084
2855,-0.053303
2856,-0.087149
2857,-0.083617
2858,-0.032228
2859,0.002322
2860,0.112274
2861,0.096743
2862,0.045254
2863,0.039126
2864,0.059942
2865,0.037630
2866,0.031130
2867,0.023231
2868,-0.077750
2869,-0.104534
2870,-0.074959
2871,-0.032635
2872,0.016202
2873,0.013343
2874,0.008038
2875,0.001271
2876,-0.010906
2877,-0.012304
2878,-0.059156
2879,0.027839
2880,0.054302
2881,0.094519
2882,0.060972
2883,0.016664
2884,-0.013880
2885,-0.048025
2886,-0.061365
2887,-0.078239
2888,-0.044598
2889,0.012656
2890,0.063741
2891,0.081167
2892,0.026775
2893,-0.044453
2894,-0.056711
2895,-0.020869
2896,-0.015888
2897,0.029872
2898,0.017981
2899,-0.010574
2900,0.001499
2901,0.002866
2902,0.011271
2903,0.021737
2904,0.017952
2905,0.024324
2906,0.001057
2907,-0.004477
2908,-0.023456
2909,-0.032907
2910,-0.023343
2911,-0.000245
2912,0.003903
2913,0.000687
2914,-0.011793
2915,-0.054644
2916,-0.009431
2917,-0.015063
2918,0.007453
2919,0.045984
2920,0.028424
2921,0.053356
2922,-0.009168
2923,-0.009926
2924,0.004458
2925,-0.040606
2926,-0.030050
2927,0.004739
2928,-0.023108
2929,0.019257
2930,0.036858
2931,0.031973
2932,0.034424
2933,-0.013605
2934,-0.056922
2935,-0.039870
2936,-0.022196
2937,-0.002086
2938,-0.013702
2939,0.010360
2940,0.035708
2941,0.042793
2942,0.043836
2943,0.013952
2944,-0.030430
2945,0.036049
2946,0.002934
2947,-0.046272
2948,-0.094354
2949,-0.087923
2950,-0.084092
2951,-0.018524
2952,-0.003047
2953,0.065055
2954,0.090670
2955,0.065108
2956,0.050561
2957,0.007699
2958,-0.034777
2959,-0.095483
2960,-0.064697
2961,-0.000990
2962,0.005948
2963,0.024129
2964,0.006633
2965,-0.007566
2966,-0.021168
2967,-0.001146
2968,0.017301
2969,0.068397
2970,0.034096
2971,-0.023035
2972,-0.025771
2973,-0.025968
2974,-0.004244
2975,0.054275
2976,0.042885
2977,0.021540
2978,-0.019092
2979,-0.052370
2980,-0.010856
2981,-0.048760
2982,-0.000534
2983,0.034978
2984,0.041710
2985,0.022559
2986,0.017622
2987,-0.031908
2988,-0.065065
2989,-0.061581
2990,-0.001471
2991,0.002963
2992,-0.042859
2993,-0.015889
2994,0.024766
2995,0.007095
2996,0.046592
2997,0.068666
2998,0.037403
2999,0.019968
3000,-0.001490
3001,-0.031412
3002,-0.033809
3003,-0.005498
3004,-0.014734
3005,0.028734
3006,0.001409
3007,-0.029544
3008,-0.011694
3009,-0.014128
3010,-0.024019
3011,0.025263
3012,0.014237
3013,0.014923
3014,0.056869
3015,0.017172
3016,0.026458
3017,-0.022405
3018,-0.068152
3019,-0.013025
3020,-0.002547
3021,0.018875
3022,0.052636
3023,-0.023841
3024,-0.059599
3025,0.002482
3026,0.036214
3027,0.014697
3028,0.018693
3029,0.002314
3030,-0.012643
3031,-0.034982
3032,-0.020564
3033,-0.010384
3034,-0.042833
3035,-0.035970
3036,-0.012862
3037,0.033193
3038,0.035378
3039,0.030490
3040,0.009177
3041,-0.014048
3042,0.000557
3043,-0.023777
3044,-0.031545
3045,-0.026173
3046,0.004218
3047,0.005198
3048,0.023898
3049,0.021981
3050,0.020290
3051,0.034940
3052,0.038274
3053,0.000777
3054,-0.031197
3055,-0.022762
3056,-0.035622
3057,-0.044270
3058,-0.044423
3059,-0.030612
3060,-0.033670
3061,0.003156
3062,0.064230
3063,0.052414
3064,0.062330
3065,0.057805
3066,0.038240
3067,0.008082
3068,-0.038186
3069,-0.043411
3070,-0.002457
3071,-0.014946
3072,-0.028403
3073,-0.012668
3074,0.008555
3075,-0.022192
3076,-0.002936
3077,0.030295
3078,-0.056601
3079,-0.035864
3080,-0.004950
3081,0.019442
3082,0.012413
3083,0.060853
3084,0.038555
3085,0.060751
3086,0.052326
3087,-0.029498
3088,-0.066845
3089,-0.020192
3090,-0.038889
3091,-0.036023
3092,-0.003320
3093,-0.058268
3094,-0.043648
3095,-0.004286
3096,-0.037275
3097,-0.016605
3098,0.003992
3099,0.002916
3100,0.034908
3101,0.066274
3102,0.049849
3103,0.035732
3104,0.019490
3105,0.034119
3106,0.033561
3107,-0.004785
3108,-0.020717
3109,-0.035933
3110,-0.053387
3111,-0.000474
3112,0.010504
3113,0.027174
3114,0.019059
3115,-0.005057
3116,0.011322
3117,-0.036044
3118,-0.038061
3119,-0.050627
3120,-0.086265
3121,-0.040262
3122,-0.024057
3123,0.000797
3124,0.099716
3125,0.070063
3126,0.054251
3127,0.081341
3128,-0.004345
3129,-0.051595
3130,-0.031150
3131,-0.047045
3132,-0.028427
3133,-0.024228
3134,-0.051914
3135,-0.025291
3136,0.066821
3137,0.037551
3138,0.006896
3139,0.020816
3140,-0.028066
3141,-0.003449
3142,-0.043362
3143,-0.032331
3144,0.002504
3145,0.035371
3146,0.070521
3147,0.036004
3148,0.023359
3149,0.027614
3150,0.037608
3151,0.023543
3152,-0.051236
3153,-0.082663
3154,-0.094476
3155,-0.049952
3156,-0.046256
3157,-0.007969
3158,0.077188
3159,0.041988
3160,-0.001020
3161,0.054219
3162,0.049624
3163,0.010487
3164,-0.010008
3165,-0.047673
3166,-0.035764
3167,0.000579
3168,0.009935
3169,0.024147
3170,-0.021643
3171,-0.017750
3172,0.053353
3173,0.004840
3174,-0.019055
3175,-0.000733
3176,-0.020804
3177,-0.018096
3178,-0.016595
3179,-0.008372
3180,-0.003054
3181,-0.012557
3182,0.031232
3183,0.035790
3184,0.027165
3185,0.007367
3186,-0.021484
3187,-0.049400
3188,-0.041283
3189,0.065871
3190,0.086822
3191,0.036004
3192,-0.005777
3193,-0.013658
3194,-0.057218
3195,-0.067215
3196,-0.032334
3197,-0.005312
3198,0.029230
3199,0.002838
3200,-0.048423
3201,-0.033687
3202,0.001801
3203,-0.024701
3204,-0.011365
3205,0.071281
3206,0.066946
3207,0.026131
3208,-0.024460
3209,-0.009971
3210,-0.006387
3211,0.009690
3212,0.024390
3213,0.033798
3214,-0.006370
3215,-0.032665
3216,-0.017908
3217,-0.049806
3218,-0.055070
3219,-0.003278
3220,-0.048497
3221,-0.029034
3222,-0.018264
3223,0.052642
3224,0.119184
3225,0.044237
3226,0.074410
3227,0.035262
3228,-0.025476
3229,-0.014356
3230,-0.077481
3231,-0.067307
3232,-0.033225
3233,-0.042897
3234,0.057630
3235,0.097366
3236,0.116061
3237,0.041923
3238,-0.000454
3239,-0.034730
3240,-0.054612
3241,-0.046013
3242,-0.073732
3243,-0.055352
3244,-0.001312
3245,-0.001163
3246,-0.021423
3247,0.005105
3248,0.059401
3249,0.092256
3250,0.054721
3251,0.035923
3252,0.014542
3253,-0.111525
3254,-0.087275
3255,-0.049687
3256,-0.074547
3257,-0.046192
3258,-0.016951
3259,-0.005368
3260,0.033727
3261,0.055549
3262,0.067490
3263,0.077718
3264,0.068157
3265,0.029015
3266,0.024913
3267,0.035674
3268,-0.027058
3269,-0.089381
3270,-0.078019
3271,-0.023215
3272,0.003527
3273,0.027459
3274,0.007173
3275,-0.030027
3276,-0.065496
3277,-0.030103
3278,-0.022440
3279,0.051908
3280,0.114105
3281,0.141659
3282,0.087342
3283,0.001940
3284,-0.066726
3285,-0.110965
3286,-0.085339
3287,-0.048457
3288,-0.025389
3289,-0.013572
3290,-0.008631
3291,0.004678
3292,-0.010329
3293,0.002079
3294,-0.013471
3295,0.005938
3296,0.028291
3297,0.061593
3298,-0.030373
3299,-0.033675
3300,0.016785
3301,0.000502
3302,-0.005208
3303,0.010199
3304,0.037382
3305,0.065744
3306,0.059291
3307,0.032470
3308,0.032659
3309,0.024063
3310,-0.041943
3311,-0.044919
3312,-0.065502
3313,-0.056527
3314,-0.068305
3315,-0.008959
3316,0.048388
3317,0.044314
3318,-0.001611
3319,-0.054534
3320,-0.022700
3321,-0.022157
3322,0.022396
3323,0.085324
3324,0.095523
3325,0.050080
3326,-0.025217
3327,-0.080262
3328,-0.052056
3329,-0.026926
3330,0.022997
3331,-0.024733
3332,-0.024192
3333,0.041624
3334,0.005911
3335,0.044805
3336,0.001240
3337,-0.019072
3338,0.022957
3339,0.066360
3340,0.041329
3341,0.033176
3342,-0.049831
3343,-0.081345
3344,-0.071874
3345,-0.100925
3346,-0.050097
3347,-0.005954
3348,0.014574
3349,0.050667
3350,0.001938
3351,0.049199
3352,0.063509
3353,0.052371
3354,0.068523
3355,0.030479
3356,-0.033447
3357,-0.012980
3358,0.007576
3359,-0.044631
3360,-0.029724
3361,-0.044616
3362,-0.054114
3363,-0.003662
3364,0.007180
3365,0.060615
3366,0.081059
3367,0.071105
3368,0.006388
3369,-0.048975
3370,-0.071207
3371,-0.096229
3372,-0.063948
3373,-0.030224
3374,-0.022261
3375,0.022400
3376,0.053489
3377,0.090524
3378,0.094206
3379,0.061191
3380,0.035028
3381,-0.003304
3382,-0.072249
3383,-0.051014
3384,-0.030536
3385,-0.024431
3386,-0.047318
3387,-0.041283
3388,-0.008761
3389,0.024327
3390,0.035889
3391,0.034454
3392,0.013547
3393,0.017240
3394,-0.005543
3395,-0.029846
3396,-0.020265
3397,-0.026635
3398,-0.009839
3399,0.013490
3400,0.013420
3401,0.026548
3402,-0.005295
3403,0.003433
3404,0.035776
3405,-0.012857
3406,-0.006620
3407,-0.008859
3408,0.011294
3409,0.010488
3410,-0.027506
3411,0.003800
3412,0.028297
3413,0.038406
3414,0.032891
3415,0.006360
3416,-0.018012
3417,-0.041052
3418,-0.046133
3419,-0.008856
3420,0.027073
3421,0.013089
3422,0.009204
3423,-0.014175
3424,-0.019643
3425,-0.037351
3426,-0.051809
3427,-0.017942
3428,-0.035184
3429,-0.006356
3430,0.031403
3431,0.027444
3432,0.039392
3433,0.053382
3434,0.003923
3435,0.000232
3436,-0.019230
3437,-0.015577
3438,-0.003586
3439,-0.029304
3440,0.012603
3441,0.027625
3442,-0.022779
3443,-0.011705
3444,0.028784
3445,0.027989
3446,0.031333
3447,0.042711
3448,0.000442
3449,-0.049519
3450,-0.025352
3451,-0.049574
3452,-0.035536
3453,-0.006487
3454,0.000694
3455,-0.001051
3456,0.064704
3457,0.063630
3458,0.036668
3459,-0.015274
3460,-0.084147
3461,-0.039712
3462,-0.040634
3463,0.006995
3464,0.039534
3465,0.000974
3466,0.035898
3467,0.002175
3468,-0.024460
3469,-0.004416
3470,-0.019512
3471,-0.002814
3472,0.049368
3473,0.003997
3474,-0.037734
3475,-0.008886
3476,-0.004923
3477,-0.022540
3478,0.020279
3479,0.018154
3480,-0.002165
3481,-0.013528
3482,-0.020770
3483,0.018943
3484,0.074494
3485,0.039876
3486,0.002975
3487,-0.047003
3488,-0.054552
3489,-0.012044
3490,0.038891
3491,0.062645
3492,-0.022044
3493,-0.017968
3494,-0.025311
3495,-0.010279
3496,-0.005295
3497,-0.008434
3498,-0.010954
3499,0.003540
3500,0.010349
3501,0.052341
3502,0.000892
3503,-0.046970
3504,-0.053124
3505,-0.027567
3506,-0.001080
3507,-0.010424
3508,0.007795
3509,0.038767
3510,0.009855
3511,0.012830
3512,0.055784
3513,0.008103
3514,0.039451
3515,-0.036199
3516,-0.033863
3517,-0.020512
3518,-0.000936
3519,0.030195
3520,0.029702
3521,-0.002800
3522,-0.030560
3523,-0.087488
3524,-0.022130
3525,0.018475
3526,0.040810
3527,0.040813
3528,0.014587
3529,0.010948
3530,-0.007416
3531,-0.017549
3532,-0.016232
3533,0.000594
3534,-0.011027
3535,0.006514
3536,0.007332
3537,0.015567
3538,0.008980
3539,0.016186
3540,0.054322
3541,0.010574
3542,-0.007202
3543,-0.017302
3544,-0.017568
3545,-0.033311
3546,-0.011758
3547,-0.033714
3548,-0.056033
3549,-0.004219
3550,0.017756
3551,0.007730
3552,0.037709
3553,0.078341
3554,0.013147
3555,-0.015779
3556,-0.057842
3557,-0.011389
3558,0.008301
3559,0.016139
3560,0.011355
3561,0.000984
3562,-0.007083
3563,0.021900
3564,0.011741
3565,-0.007552
3566,-0.020566
3567,-0.012752
3568,-0.010932
3569,-0.002353
3570,-0.038456
3571,-0.004024
3572,0.005598
3573,0.006983
3574,0.020416
3575,0.052004
3576,0.050096
3577,0.008282
3578,0.019970
3579,0.012790
3580,0.039343
3581,-0.000848
3582,-0.080889
3583,-0.067709
3584,-0.079397
3585,-0.092488
3586,-0.020991
3587,-0.008294
3588,0.047562
3589,0.027560
3590,0.023850
3591,0.050759
3592,0.048423
3593,0.039255
3594,0.019553
3595,0.038580
3596,0.029617
3597,-0.016963
3598,-0.008269
3599,0.024401
3600,0.033450
3601,0.018907
3602,-0.037058
3603,-0.062428
3604,-0.056063
3605,-0.064259
3606,-0.039476
3607,-0.029800
3608,0.019602
3609,0.020606
3610,0.006275
3611,0.055871
3612,0.080656
3613,0.031000
3614,0.005659
3615,0.000723
3616,-0.016045
3617,-0.042040
3618,-0.058171
3619,-0.048914
3620,-0.047324
3621,-0.043676
3622,-0.036990
3623,-0.008945
3624,0.039999
3625,0.078796
3626,0.112479
3627,0.113408
3628,0.042768
3629,-0.046456
3630,-0.059264
3631,-0.007670
3632,0.001030
3633,-0.008157
3634,-0.017421
3635,-0.038959
3636,-0.052425
3637,-0.083311
3638,-0.050389
3639,0.015852
3640,0.028693
3641,0.064550
3642,0.032101
3643,0.001682
3644,0.018724
3645,0.024290
3646,-0.010090
3647,-0.021545
3648,-0.032758
3649,0.002652
3650,0.015301
3651,0.036662
3652,0.025003
3653,-0.017921
3654,-0.033038
3655,-0.026939
3656,-0.024390
3657,-0.012823
3658,-0.006342
3659,0.015490
3660,0.067026
3661,0.044671
3662,0.034923
3663,0.043703
3664,-0.020461
3665,-0.023018
3666,0.005116
3667,-0.023062
3668,-0.031744
3669,-0.024031
3670,-0.035454
3671,-0.032952
3672,-0.040038
3673,-0.057537
3674,0.011289
3675,0.062452
3676,0.036118
3677,0.000237
3678,-0.011164
3679,0.006007
3680,0.001106
3681,0.002618
3682,0.000211
3683,0.028908
3684,0.016830
3685,0.014635
3686,-0.000965
3687,0.008831
3688,0.011811
3689,-0.001995
3690,-0.036284
3691,-0.035111
3692,-0.005722
3693,-0.042934
3694,0.024404
3695,0.060729
3696,0.069303
3697,0.034124
3698,-0.055634
3699,-0.064621
3700,-0.015798
3701,-0.000782
3702,0.017031
3703,-0.012113
3704,-0.050928
3705,0.046608
3706,-0.011228
3707,-0.025057
3708,0.034979
3709,0.043793
3710,0.027394
3711,0.019576
3712,-0.031185
3713,-0.027607
3714,-0.009562
3715,-0.036785
3716,-0.040603
3717,0.006279
3718,0.073287
3719,0.058191
3720,0.017674
3721,-0.013685
3722,-0.032334
3723,-0.101957
3724,-0.080386
3725,-0.003927
3726,0.046230
3727,0.070583
3728,0.031803
3729,0.010555
3730,0.013972
3731,-0.032106
3732,-0.059585
3733,-0.030410
3734,0.016228
3735,0.026133
3736,0.024192
3737,0.050986
3738,-0.003545
3739,0.002353
3740,0.009529
3741,0.007524
3742,0.030367
3743,-0.007151
3744,-0.005624
3745,-0.025832
3746,-0.027847
3747,-0.033266
3748,-0.025894
3749,-0.006873
3750,-0.017881
3751,0.020322
3752,0.041649
3753,0.037308
3754,0.000424
3755,-0.017936
3756,-0.032241
3757,-0.001838
3758,-0.011945
3759,-0.035391
3760,0.038559
3761,0.031675
3762,0.008805
3763,-0.040563
3764,0.000960
3765,0.037556
3766,-0.015907
3767,-0.005607
3768,0.020382
3769,0.030310
3770,0.014539
3771,-0.002844
3772,-0.039092
3773,-0.046720
3774,-0.028632
3775,-0.010709
3776,0.007386
3777,0.064214
3778,0.053892
3779,0.013801
3780,-0.007517
3781,-0.058613
3782,-0.058757
3783,-0.087446
3784,-0.029995
3785,0.004809
3786,0.026454
3787,0.036488
3788,0.053057
3789,0.023153
3790,-0.009963
3791,0.031867
3792,-0.004130
3793,-0.002096
3794,0.014408
3795,0.000697
3796,-0.038735
3797,-0.051939
3798,-0.018062
3799,0.007802
3800,0.023762
3801,0.018835
3802,0.042512
3803,0.060570
3804,0.057208
3805,0.026287
3806,-0.023001
3807,-0.048740
3808,-0.095449
3809,-0.140476
3810,-0.090840
3811,-0.061023
3812,0.016597
3813,0.109465
3814,0.115788
3815,0.108702
3816,0.081099
3817,0.078878
3818,0.010954
3819,-0.122732
3820,-0.141514
3821,-0.078164
3822,-0.031995
3823,0.008940
3824,0.064899
3825,0.043146
3826,0.062064
3827,0.027072
3828,-0.074505
3829,-0.061336
3830,-0.048109
3831,-0.050614
3832,-0.048269
3833,0.053741
3834,0.075578
3835,0.025020
3836,0.030292
3837,0.020113
3838,0.027285
3839,0.029667
3840,0.038502
3841,0.011854
3842,-0.030385
3843,-0.073518
3844,-0.063229
3845,-0.026846
3846,0.025263
3847,0.046767
3848,0.058699
3849,0.032093
3850,-0.006098
3851,-0.027239
3852,-0.063126
3853,-0.045751
3854,-0.008962
3855,-0.028939
3856,-0.024574
3857,-0.056505
3858,-0.059219
3859,-0.005959
3860,0.043465
3861,0.078985
3862,0.098527
3863,0.105798
3864,0.069415
3865,-0.004330
3866,-0.032468
3867,-0.071013
3868,-0.062365
3869,-0.035186
3870,-0.031090
3871,-0.015766
3872,0.059547
3873,0.038793
3874,0.033024
3875,0.045720
3876,0.022973
3877,0.028257
3878,0.004507
3879,0.006752
3880,-0.017966
3881,-0.092175
3882,-0.135349
3883,-0.069344
3884,-0.073091
3885,-0.065096
3886,-0.002366
3887,0.071408
3888,0.094298
3889,0.172531
3890,0.132477
3891,-0.012042
3892,-0.061575
3893,-0.059325
3894,-0.098727
3895,-0.038598
3896,0.007617
3897,0.059528
3898,0.093223
3899,0.003499
3900,-0.054310
3901,-0.076782
3902,-0.057017
3903,-0.037267
3904,-0.040109
3905,0.033570
3906,0.068499
3907,0.033564
3908,0.038887
3909,-0.000551
3910,-0.042416
3911,-0.012636
3912,380.722626
3913,469.592621
3914,7.310803
3915,1528.387451
3916,737.956970
3917,-7.265106
3918,-2.141213
3919,-8.141088
3920,-17.097481
3921,-14.022094
3922,-0.901942
3923,21.851494
3924,27.024475
3925,6.144353
3926,-8.133739
3927,12.207345
3928,19.610416
3929,-10.764922
3930,-30.674799
3931,-34.001621
3932,-26.392067
3933,-10.980947
3934,9.196527
3935,9.703106
3936,8.738901
3937,8.764497
3938,19.135077
3939,15.630939
3940,36.551842
3941,29.342447
3942,1.514409
3943,-37.034359
3944,-38.497585
3945,-28.597898
3946,-27.914686
3947,4.051509
3948,23.313627
3949,9.303471
3950,4.242324
3951,-3.484108
3952,2.165025
3953,18.707933
3954,9.028210
3955,-14.151337
3956,-24.188799
3957,-4.020020
3958,20.380646
3959,49.828964
3960,30.408937
3961,-15.137059
3962,-47.181633
3963,-39.577698
3964,-3.792521
3965,31.924944
3966,0.052876
3967,0.053134
3968,0.043012
3969,0.015629
3970,-0.008612
3971,-0.031012
3972,-0.023413
3973,-0.049836
3974,-0.032101
3975,0.042483
3976,0.087176
3977,0.118251
3978,0.074255
3979,-0.070495
3980,-0.110156
3981,-0.100026
3982,-0.063631
3983,-0.025664
3984,-0.015927
3985,0.016647
3986,0.034494
3987,0.052575
3988,-0.007633
3989,-0.006320
3990,-0.001317
3991,-0.010192
3992,-0.021821
3993,-0.021397
3994,-0.013534
3995,0.008101
3996,0.053283
3997,0.079480
3998,0.047806
3999,-0.045149
4000,-0.082314
4001,-0.086308
4002,-0.086963
4003,-0.025477
4004,0.023960
4005,0.053500
4006,0.077186
4007,0.051017
4008,0.087799
4009,0.065072
4010,-0.018309
4011,-0.056156
4012,-0.084763
4013,-0.061016
4014,-0.040944
4015,-0.017391
4016,0.054256
4017,0.065670
4018,0.043299
4019,0.070768
4020,-0.024055
4021,-0.035388
4022,-0.003776
4023,-0.068001
4024,0.017983
4025,0.036340
4026,0.035254
4027,0.043019
4028,-0.031757
4029,-0.058004
4030,-0.022719
4031,-0.057097
4032,-0.089095
4033,-0.052396
4034,0.025605
4035,0.071379
4036,0.054282
4037,0.032786
4038,-0.008330
4039,-0.030888
4040,-0.034195
4041,0.002928
4042,0.012669
4043,0.017584
4044,0.010274
4045,-0.013304
4046,-0.021961
4047,0.018846
4048,0.057940
4049,0.017047
4050,0.011125
4051,0.010955
4052,0.030258
4053,0.027740
4054,-0.030995
4055,-0.089101
4056,-0.054086
4057,-0.043247
4058,-0.052888
4059,-0.004078
4060,0.020248
4061,0.077914
4062,0.106818
4063,0.075739
4064,0.019290
4065,-0.076830
4066,-0.072372
4067,0.004707
4068,-0.014219
4069,-0.011561
4070,0.019216
4071,0.019492
4072,0.015139
4073,0.005265
4074,0.017048
4075,0.001877
4076,0.001217
4077,-0.036370
4078,-0.026683
4079,-0.031049
4080,-0.020924
4081,0.036392
4082,0.033761
4083,-0.037743
4084,-0.079530
4085,-0.059113
4086,0.014453
4087,0.018071
4088,0.000382
4089,0.084054
4090,0.091731
4091,0.052547
4092,0.023977
4093,-0.039444
4094,-0.036777
4095,-0.013859
4096,-0.039788
4097,-0.044914
4098,-0.027335
4099,-0.001231
4100,0.033616
4101,0.041929
4102,0.054874
4103,0.042663
4104,-0.005296
4105,-0.015711
4106,-0.045422
4107,-0.049315
4108,-0.024713
4109,0.006677
4110,0.005123
4111,-0.037822
4112,-0.064523
4113,0.002921
4114,0.010736
4115,0.024209
4116,0.040681
4117,0.025876
4118,0.057948
4119,0.017529
4120,-0.053322
4121,-0.061567
4122,-0.032801
4123,-0.001116
4124,0.034770
4125,0.039615
4126,0.127422
4127,0.036534
4128,-0.057259
4129,-0.087573
4130,-0.080936
4131,-0.075286
4132,0.008261
4133,0.017146
4134,0.029275
4135,0.014180
4136,0.002876
4137,0.044076
4138,0.076325
4139,0.066726
4140,0.029853
4141,-0.017887
4142,-0.080890
4143,-0.093875
4144,-0.044811
4145,-0.007283
4146,-0.032016
4147,0.051508
4148,0.086758
4149,0.055849
4150,-0.015164
4151,-0.043517
4152,-0.010936
4153,0.006327
4154,0.002086
4155,-0.016726
4156,-0.009088
4157,-0.004296
4158,0.004164
4159,-0.019026
4160,-0.003984
4161,0.011264
4162,0.030869
4163,-0.023191
4164,-0.039566
4165,0.003724
4166,0.031516
4167,0.031714
4168,0.018799
4169,0.002297
4170,-0.020344
4171,-0.014586
4172,-0.008584
4173,-0.026090
4174,-0.023300
4175,-0.045430
4176,-0.059697
4177,-0.054459
4178,0.015990
4179,0.030661
4180,0.058333
4181,0.082217
4182,0.055456
4183,0.021738
4184,0.001546
4185,-0.022112
4186,-0.041377
4187,-0.024105
4188,-0.032124
4189,-0.040453
4190,-0.000537
4191,0.018584
4192,0.025008
4193,0.096511
4194,0.110715
4195,0.042232
4196,-0.000948
4197,-0.055857
4198,-0.074888
4199,-0.062475
4200,-0.048703
4201,0.012314
4202,0.012830
4203,-0.038419
4204,-0.045430
4205,0.003392
4206,-0.016358
4207,-0.009775
4208,-0.028561
4209,-0.060357
4210,-0.019278
4211,0.014321
4212,0.060216
4213,0.029957
4214,0.034397
4215,0.032339
4216,-0.019007
4217,0.001081
4218,-0.026382
4219,-0.017816
4220,-0.044269
4221,-0.014743
4222,0.053028
4223,0.045849
4224,0.060112
4225,0.068676
4226,0.007873
4227,-0.044695
4228,-0.078533
4229,-0.080754
4230,-0.038204
4231,-0.014654
4232,0.041472
4233,0.052463
4234,0.053189
4235,0.061316
4236,0.019708
4237,-0.022235
4238,-0.034280
4239,-0.043118
4240,-0.021232
4241,0.028256
4242,0.018090
4243,-0.020076
4244,0.028764
4245,-0.002481
4246,-0.006132
4247,-0.017530
4248,-0.013382
4249,-0.005577
4250,-0.033643
4251,-0.007192
4252,-0.009556
4253,-0.013267
4254,-0.014610
4255,0.019038
4256,0.040525
4257,0.041815
4258,0.026699
4259,-0.005861
4260,-0.001562
4261,-0.025669
4262,0.021091
4263,0.012381
4264,-0.058715
4265,-0.035861
4266,-0.031297
4267,-0.015324
4268,-0.006635
4269,0.043332
4270,0.026568
4271,0.046104
4272,0.040838
4273,-0.009010
4274,-0.002460
4275,0.016824
4276,-0.006067
4277,0.009705
4278,-0.006595
4279,-0.042147
4280,-0.049816
4281,-0.000005
4282,-0.042784
4283,-0.048836
4284,-0.031781
4285,-0.045257
4286,0.016137
4287,0.037806
4288,0.050538
4289,0.070843
4290,0.048769
4291,0.011320
4292,-0.014493
4293,-0.020187
4294,-0.053088
4295,-0.066166
4296,-0.022899
4297,0.020661
4298,0.027878
4299,0.002338
4300,0.004153
4301,0.010352
4302,0.033862
4303,0.032031
4304,0.059744
4305,0.007004
4306,-0.029390
4307,-0.052474
4308,-0.033530
4309,-0.054391
4310,-0.060494
4311,-0.026090
4312,0.004331
4313,0.013388
4314,0.008730
4315,0.014860
4316,0.056444
4317,0.082220
4318,0.131245
4319,0.030491
4320,-0.042832
4321,-0.052842
4322,-0.081129
4323,-0.033347
4324,0.015465
4325,0.034820
4326,0.030059
4327,-0.024071
4328,-0.082243
4329,-0.043182
4330,0.000445
4331,-0.083929
4332,-0.042188
4333,0.027065
4334,0.011200
4335,0.036064
4336,0.048840
4337,0.029289
4338,0.033511
4339,-0.009014
4340,0.003726
4341,0.006157
4342,0.009888
4343,0.014919
4344,-0.014046
4345,0.020424
4346,0.011560
4347,-0.023058
4348,-0.017091
4349,-0.024833
4350,-0.012998
4351,-0.025928
4352,-0.010011
4353,0.021643
4354,0.034703
4355,0.032052
4356,0.021650
4357,0.013679
4358,-0.004692
4359,-0.029191
4360,-0.025297
4361,0.053198
4362,0.073083
4363,0.010932
4364,0.028074
4365,0.000215
4366,370.497925
4367,434.566071
4368,7.105670
4369,1577.617554
4370,712.894165
4371,-11.622144
4372,2.267219
4373,42.983395
4374,48.639965
4375,26.471560
4376,8.183979
4377,-11.244284
4378,-27.928082
4379,-28.544182
4380,-3.679770
4381,0.367680
4382,-12.951415
4383,-21.387627
4384,-6.732732
4385,11.323545
4386,12.589863
4387,23.081144
4388,42.547882
4389,23.572756
4390,-9.112757
4391,-16.731195
4392,-37.448059
4393,-34.583248
4394,-26.513617
4395,-28.296589
4396,-4.090197
4397,37.823929
4398,72.684647
4399,68.274330
4400,32.008163
4401,-18.263060
4402,-55.469727
4403,-70.704346
4404,-54.766510
4405,-16.450352
4406,1.533483
4407,18.680576
4408,27.184000
4409,40.673012
4410,49.571133
4411,38.367195
4412,7.449634
4413,-21.191570
4414,-22.772890
4415,-37.071678
4416,-18.741718
4417,-8.932075
4418,-9.387012
4419,-13.119206
4420,-0.052009
4421,-0.066149
4422,-0.109142
4423,-0.071434
4424,-0.028495
4425,-0.002712
4426,0.045908
4427,0.061031
4428,0.019033
4429,0.020749
4430,-0.018240
4431,-0.020141
4432,0.034354
4433,0.050191
4434,0.010435
4435,0.028058
4436,0.011764
4437,-0.018110
4438,0.015131
4439,0.031627
4440,-0.006254
4441,-0.011673
4442,0.001525
4443,-0.000198
4444,-0.000397
4445,-0.038347
4446,-0.027221
4447,-0.045201
4448,-0.046491
4449,-0.038249
4450,-0.013408
4451,0.001738
4452,0.006422
4453,-0.007921
4454,0.004485
4455,0.042074
4456,0.078485
4457,0.048051
4458,0.035533
4459,-0.017101
4460,-0.081225
4461,-0.053750
4462,0.016314
4463,0.037776
4464,0.042104
4465,0.050145
4466,-0.029076
4467,-0.016551
4468,-0.018836
4469,-0.007354
4470,0.019157
4471,0.013067
4472,-0.043597
4473,-0.044528
4474,-0.043527
4475,-0.009135
4476,0.001500
4477,-0.001012
4478,0.054974
4479,0.029208
4480,-0.010467
4481,-0.021754
4482,-0.026878
4483,-0.032320
4484,-0.024382
4485,0.003939
4486,0.041049
4487,0.020951
4488,0.060844
4489,0.100760
4490,0.027698
4491,0.019457
4492,0.013064
4493,-0.015446
4494,-0.020048
4495,-0.068425
4496,-0.087129
4497,-0.055560
4498,-0.014513
4499,-0.014536
4500,0.016108
4501,0.001251
4502,-0.023637
4503,0.025227
4504,-0.007901
4505,-0.017594
4506,0.035910
4507,0.041423
4508,0.091376
4509,0.049835
4510,-0.082094
4511,-0.078683
4512,-0.016248
4513,-0.020353
4514,0.018070
4515,0.048400
4516,0.057124
4517,0.027387
4518,-0.022370
4519,0.025017
4520,-0.081155
4521,-0.010895
4522,0.069872
4523,0.062709
4524,0.032552
4525,-0.022370
4526,-0.010042
4527,-0.038509
4528,-0.029892
4529,-0.013289
4530,0.029369
4531,-0.022705
4532,-0.004742
4533,0.030047
4534,0.020595
4535,0.016845
4536,0.032574
4537,0.016693
4538,0.032425
4539,0.009679
4540,-0.004077
4541,-0.027904
4542,-0.066215
4543,-0.075836
4544,-0.000083
4545,0.055595
4546,0.057559
4547,0.011649
4548,-0.009710
4549,-0.007019
4550,-0.036073
4551,0.002335
4552,0.006100
4553,-0.030804
4554,-0.033795
4555,-0.010153
4556,0.015644
4557,0.027824
4558,0.009890
4559,-0.014746
4560,-0.023565
4561,-0.061283
4562,-0.057931
4563,-0.008724
4564,0.004450
4565,0.057784
4566,0.117065
4567,0.079345
4568,0.026202
4569,-0.003673
4570,-0.023238
4571,-0.012453
4572,0.003686
4573,-0.030472
4574,-0.021980
4575,-0.064680
4576,-0.057357
4577,0.009123
4578,-0.020499
4579,0.000632
4580,0.069828
4581,0.081362
4582,0.064306
4583,0.016814
4584,-0.057041
4585,-0.095512
4586,-0.127524
4587,-0.096944
4588,-0.027730
4589,0.062117
4590,0.066503
4591,0.064058
4592,0.069718
4593,0.063431
4594,0.024096
4595,0.031155
4596,-0.036268
4597,-0.046555
4598,-0.033601
4599,-0.031269
4600,0.031149
4601,0.017832
4602,-0.030868
4603,-0.036553
4604,-0.022204
4605,0.015185
4606,0.015360
4607,0.016619
4608,0.020153
4609,0.001378
4610,-0.044174
4611,-0.070662
4612,-0.027466
4613,-0.008094
4614,-0.014695
4615,-0.000894
4616,0.020586
4617,0.039157
4618,0.044610
4619,-0.001310
4620,364.777496
4621,414.969696
4622,6.990905
4623,1605.160400
4624,707.015076
4625,2.381085
4626,-6.713098
4627,-4.076701
4628,6.348786
4629,12.738163
4630,-4.997876
4631,-20.027775
4632,-21.108776
4633,-7.081163
4634,18.408243
4635,22.422894
4636,17.668720
4637,8.602919
4638,11.419556
4639,-4.076906
4640,-11.123251
4641,5.717303
4642,7.723479
4643,-3.233278
4644,-0.896683
4645,-5.600273
4646,-28.798449
4647,-33.995296
4648,-23.281679
4649,-0.367729
4650,15.315456
4651,2.416351
4652,-9.631083
4653,-15.490943
4654,0.319125
4655,32.804417
4656,35.419357
4657,25.327082
4658,16.995609
4659,-1.880783
4660,-13.214709
4661,-8.757960
4662,-16.492422
4663,-13.108443
4664,-11.221496
4665,1.505182
4666,16.456600
4667,15.772449
4668,7.560782
4669,1.087583
4670,-7.767182
4671,-19.518293
4672,-15.810643
4673,-3.805393
4674,0.013855
4675,0.021510
4676,-0.021910
4677,0.014382
4678,0.008113
4679,-0.032640
4680,0.005465
4681,0.037865
4682,0.044704
4683,0.077252
4684,0.069325
4685,-0.028996
4686,-0.030846
4687,-0.013272
4688,-0.064578
4689,-0.066202
4690,-0.046798
4691,-0.065758
4692,-0.032948
4693,0.011841
4694,0.042073
4695,-0.005061
4696,0.003146
4697,-0.053724
4698,-0.090505
4699,-0.025077
4700,0.027672
4701,0.083368
4702,0.056485
4703,0.046686
4704,0.026646
4705,0.043967
4706,0.025192
4707,0.008607
4708,-0.001965
4709,-0.051850
4710,-0.012425
4711,0.005992
4712,0.024514
4713,0.055696
4714,0.029681
4715,0.022522
4716,-0.032829
4717,-0.064244
4718,-0.047607
4719,-0.069155
4720,-0.124865
4721,-0.054255
4722,0.038938
4723,0.023423
4724,362.435272
4725,406.945984
4726,6.943914
4727,1616.437866
4728,697.224060
4729,-8.627875
4730,8.774410
4731,32.858887
4732,38.373474
4733,25.878269
4734,-11.145383
4735,-28.582243
4736,-32.675907
4737,-45.507633
4738,-27.260830
4739,3.960836
4740,36.937386
4741,51.201767
4742,50.829090
4743,33.365147
4744,-3.209247
4745,-16.219198
4746,-24.935539
4747,-35.350536
4748,-45.384232
4749,-41.173130
4750,-32.589035
4751,14.071246
4752,31.424765
4753,36.493473
4754,20.943945
4755,19.319723
4756,13.708708
4757,1.979005
4758,-12.285814
4759,-34.542645
4760,-24.698141
4761,-9.820710
4762,21.220850
4763,44.593914
4764,30.131971
4765,10.827331
4766,-18.319345
4767,-26.830900
4768,-23.942448
4769,-25.063442
4770,-13.854564
4771,4.685358
4772,17.846653
4773,23.428482
4774,32.961452
4775,15.117640
4776,-14.218328
4777,-27.174068
4778,0.031192
4779,0.067013
4780,0.087399
4781,0.046739
4782,0.023887
4783,0.018373
4784,0.009058
4785,-0.008308
4786,-0.069625
4787,-0.112613
4788,-0.052726
4789,0.022283
4790,0.017855
4791,0.016055
4792,0.053141
4793,-0.009262
4794,-0.012676
4795,0.022450
4796,0.004963
4797,0.002668
4798,0.026501
4799,-0.009352
4800,0.023723
4801,0.040405
4802,-0.000788
4803,-0.009638
4804,-0.004151
4805,-0.003317
4806,-0.034899
4807,-0.056002
4808,-0.057515
4809,-0.023403
4810,-0.005232
4811,0.023254
4812,0.092383
4813,0.041582
4814,0.035266
4815,-0.014515
4816,0.007583
4817,-0.004427
4818,-0.028147
4819,-0.061141
4820,-0.033880
4821,-0.024275
4822,-0.012346
4823,0.017247
4824,0.016381
4825,0.017208
4826,0.022979
4827,-0.008591
4828,-0.038054
4829,-0.024406
4830,0.010553
4831,-0.015008
4832,-0.051360
4833,-0.004091
4834,0.035485
4835,0.054692
4836,0.040700
4837,0.020669
4838,0.051140
4839,0.013045
4840,-0.043437
4841,-0.047107
4842,0.005521
4843,0.033960
4844,0.070378
4845,0.043604
4846,-0.027840
4847,-0.029135
4848,-0.030850
4849,-0.026678
4850,-0.051360
4851,-0.052980
4852,-0.053163
4853,-0.062427
4854,-0.015541
4855,0.041945
4856,-0.003135
4857,0.049685
4858,0.045163
4859,0.021737
4860,0.014342
4861,0.003634
4862,0.005080
4863,0.021130
4864,-0.011712
4865,-0.021337
4866,-0.010027
4867,-0.016869
4868,-0.037143
4869,0.017788
4870,-0.013730
4871,-0.029963
4872,0.017897
4873,-0.001047
4874,0.006524
4875,-0.010766
4876,-0.033341
4877,-0.032597
4878,0.050104
4879,0.071046
4880,0.049027
4881,0.037483
4882,0.031640
4883,0.017390
4884,-0.005528
4885,-0.058345
4886,-0.062563
4887,-0.058036
4888,0.026451
4889,0.023110
4890,-0.022743
4891,0.006116
4892,0.032557
4893,0.007070
4894,-0.035001
4895,-0.026500
4896,-0.013802
4897,0.001399
4898,-0.043316
4899,0.007138
4900,0.003527
4901,0.032512
4902,0.077401
4903,0.024401
4904,-0.028586
4905,-0.069394
4906,-0.048746
4907,0.000492
4908,0.021929
4909,0.028247
4910,0.000318
4911,-0.038244
4912,0.014681
4913,0.046612
4914,0.060122
4915,0.053765
4916,0.002987
4917,-0.001041
4918,-0.042915
4919,-0.030559
4920,-0.056667
4921,-0.039490
4922,-0.047698
4923,-0.039850
4924,-0.026138
4925,0.026092
4926,0.065393
4927,0.033253
4928,0.057826
4929,0.047000
4930,-0.019816
4931,-0.008698
4932,-0.020899
4933,-0.056167
4934,-0.055978
4935,-0.020881
4936,-0.001986
4937,-0.004780
4938,0.009331
4939,0.019110
4940,-0.024539
4941,-0.040484
4942,0.013378
4943,0.074455
4944,0.090030
4945,0.059703
4946,0.009319
4947,0.039358
4948,-0.014854
4949,-0.079419
4950,-0.053526
4951,-0.012101
4952,-0.048322
4953,-0.045793
4954,-0.009061
4955,0.053754
4956,0.069437
4957,0.075292
4958,0.079582
4959,0.047093
4960,-0.034812
4961,-0.088892
4962,-0.108980
4963,-0.084910
4964,-0.018512
4965,0.010214
4966,-0.001160
4967,-0.006707
4968,0.004375
4969,0.040153
4970,0.056178
4971,0.070837
4972,0.058805
4973,-0.007262
4974,-0.036359
4975,-0.062408
4976,-0.107305
4977,-0.054489
4978,356.714813
4979,387.349609
4980,6.829149
4981,1643.980713
4982,682.301147
4983,-28.518181
4984,-21.227339
4985,-30.781626
4986,-20.890253
4987,1.443515
4988,18.996292
4989,15.051172
4990,6.510477
4991,-8.754995
4992,16.514114
4993,21.859207
4994,12.494047
4995,16.669455
4996,5.456387
4997,-19.739359
4998,-46.348747
4999,-34.199459
5000,-18.806805
5001,-14.877156
5002,10.110188
5003,33.894497
5004,31.470016
5005,17.145746
5006,-1.737468
5007,-15.241573
5008,-3.659069
5009,-3.415047
5010,-9.134443
5011,3.130949
5012,7.992673
5013,9.879766
5014,15.808301
5015,7.436693
5016,15.562487
5017,2.951517
5018,-1.967847
5019,-15.872950
5020,-37.294430
5021,-40.145065
5022,-25.783596
5023,-6.622094
5024,19.519831
5025,19.064655
5026,5.081334
5027,23.016514
5028,47.000084
5029,53.804863
5030,21.778252
5031,-17.460812
5032,0.009787
5033,0.050639
5034,0.073646
5035,0.020306
5036,0.023186
5037,0.022056
5038,0.009064
5039,-0.028925
5040,-0.005990
5041,-0.008507
5042,-0.032500
5043,-0.047373
5044,0.004375
5045,0.055257
5046,0.013863
5047,-0.055775
5048,-0.059460
5049,-0.041738
5050,-0.026850
5051,0.001223
5052,0.010496
5053,0.072839
5054,0.086175
5055,0.034950
5056,0.053698
5057,0.062945
5058,0.038829
5059,0.003880
5060,-0.084753
5061,-0.076997
5062,-0.051216
5063,-0.000109
5064,-0.008036
5065,-0.054972
5066,-0.055782
5067,-0.040551
5068,-0.022303
5069,0.043304
5070,0.039369
5071,0.006807
5072,0.035558
5073,0.015704
5074,0.001018
5075,-0.012277
5076,-0.024206
5077,-0.022851
5078,-0.032915
5079,0.011114
5080,0.085495
5081,0.062342
5082,0.000889
5083,-0.014052
5084,-0.058084
5085,-0.043776
5086,-0.025236
5087,-0.014211
5088,0.006039
5089,-0.015413
5090,0.015020
5091,0.037207
5092,0.047754
5093,0.049022
5094,-0.001771
5095,-0.018590
5096,0.024169
5097,0.007881
5098,-0.015152
5099,-0.028377
5100,-0.041515
5101,-0.064817
5102,0.002628
5103,0.032874
5104,0.038394
5105,0.053819
5106,0.017400
5107,0.043635
5108,0.044480
5109,-0.002654
5110,0.001533
5111,-0.010166
5112,-0.041472
5113,-0.078773
5114,-0.080115
5115,-0.075812
5116,-0.028936
5117,0.001906
5118,0.026123
5119,0.050728
5120,0.034380
5121,0.009289
5122,0.007607
5123,-0.023122
5124,0.014894
5125,0.057992
5126,0.036718
5127,-0.010292
5128,-0.080145
5129,-0.080581
5130,-0.070081
5131,-0.048002
5132,-0.015814
5133,0.061002
5134,0.088541
5135,0.095408
5136,0.085458
5137,0.024572
5138,0.019472
5139,-0.027896
5140,0.009374
5141,-0.030156
5142,-0.146840
5143,-0.068145
5144,-0.017379
5145,0.011932
5146,0.038619
5147,0.065920
5148,0.003695
5149,-0.018632
5150,0.009394
5151,-0.026380
5152,-0.022817
5153,-0.021078
5154,-0.019916
5155,0.018050
5156,0.054324
5157,0.014751
5158,0.023041
5159,0.060248
5160,0.050905
5161,-0.010724
5162,-0.034379
5163,-0.041675
5164,-0.020243
5165,0.008056
5166,-0.014884
5167,-0.036905
5168,-0.055834
5169,-0.013612
5170,0.014285
5171,-0.022988
5172,0.011576
5173,0.070354
5174,0.016178
5175,-0.018804
5176,-0.017646
5177,-0.051334
5178,0.014108
5179,0.054060
5180,0.032137
5181,0.018495
5182,0.014188
5183,-0.029729
5184,-0.011325
5185,0.015503
5186,0.005430
5187,-0.026185
5188,-0.066081
5189,-0.014573
5190,-0.009441
5191,-0.003866
5192,-0.017211
5193,-0.016491
5194,0.056117
5195,0.064120
5196,0.085642
5197,0.069370
5198,-0.021112
5199,-0.016988
5200,-0.058013
5201,-0.060950
5202,0.034595
5203,-0.000922
5204,-0.059579
5205,-0.055257
5206,-0.005086
5207,0.017726
5208,-0.005644
5209,0.071132
5210,0.049757
5211,0.023154
5212,-0.017316
5213,-0.043435
5214,-0.009268
5215,-0.007513
5216,-0.071772
5217,-0.050198
5218,-0.039507
5219,-0.013359
5220,0.017976
5221,0.072739
5222,0.072830
5223,0.029532
5224,-0.021207
5225,-0.023360
5226,0.003119
5227,-0.040521
5228,-0.036792
5229,0.005389
5230,0.056469
5231,0.038979
5232,-0.005752
5233,-0.082387
5234,-0.083668
5235,-0.006344
5236,-0.000774
5237,0.019683
5238,0.074094
5239,0.043879
5240,0.007620
5241,-0.061668
5242,-0.064411
5243,-0.025087
5244,-0.005353
5245,0.058006
5246,0.054118
5247,0.001656
5248,-0.019488
5249,-0.019006
5250,0.007276
5251,0.073472
5252,0.069993
5253,0.018095
5254,-0.001301
5255,-0.018610
5256,-0.063377
5257,-0.045054
5258,-0.012594
5259,0.006684
5260,0.024143
5261,-0.019990
5262,-0.025395
5263,0.013623
5264,0.035808
5265,-0.016110
5266,-0.029349
5267,-0.025832
5268,0.009428
5269,0.035253
5270,0.000936
5271,0.006736
5272,0.009534
5273,0.011563
5274,0.025348
5275,0.006409
5276,-0.005787
5277,-0.022761
5278,-0.000020
5279,-0.003060
5280,0.007913
5281,-0.014821
5282,-0.043399
5283,0.001614
5284,0.009216
5285,-0.024576
5286,-0.046743
5287,-0.046670
5288,-0.008990
5289,0.053203
5290,0.022125
5291,0.049240
5292,0.075060
5293,0.005874
5294,-0.004391
5295,0.022124
5296,-0.000981
5297,-0.033295
5298,-0.063197
5299,-0.018086
5300,0.003311
5301,-0.013093
5302,-0.031295
5303,0.010562
5304,0.006928
5305,0.004896
5306,0.023897
5307,0.035463
5308,0.069646
5309,0.055038
5310,0.018250
5311,-0.056590
5312,-0.110869
5313,-0.047734
5314,0.030561
5315,0.013739
5316,-0.011325
5317,-0.019326
5318,-0.009495
5319,-0.039808
5320,-0.026203
5321,0.023882
5322,0.070879
5323,0.092771
5324,0.068563
5325,0.030738
5326,-0.043965
5327,-0.019032
5328,0.005489
5329,-0.066097
5330,-0.096602
5331,-0.019734
5332,0.013610
5333,-0.013719
5334,0.040572
5335,0.037599
5336,-0.057443
5337,-0.059419
5338,-0.015437
5339,0.020647
5340,0.047094
5341,0.036932
5342,0.003384
5343,0.010169
5344,-0.027407
5345,-0.000560
5346,0.043910
5347,0.039914
5348,0.039496
5349,-0.003507
5350,-0.019721
5351,0.008452
5352,0.014804
5353,-0.009612
5354,-0.039583
5355,-0.045294
5356,0.002666
5357,-0.015614
5358,-0.018057
5359,-0.008409
5360,0.007951
5361,0.027828
5362,0.049610
5363,0.058465
5364,0.015360
5365,-0.011994
5366,-0.026625
5367,-0.045990
5368,-0.109699
5369,-0.047702
5370,-0.007130
5371,0.033419
5372,0.100564
5373,0.063910
5374,0.066286
5375,0.000085
5376,-0.043854
5377,0.017573
5378,-0.020371
5379,-0.070978
5380,-0.057327
5381,-0.028383
5382,-0.041790
5383,-0.027603
5384,0.001238
5385,0.010637
5386,0.040898
5387,0.059170
5388,0.063495
5389,0.019453
5390,0.005876
5391,-0.028678
5392,-0.015700
5393,-0.017737
5394,0.008556
5395,0.048078
5396,0.028909
5397,-0.032764
5398,-0.091393
5399,-0.059154
5400,-0.052929
5401,-0.050049
5402,0.016350
5403,0.001624
5404,0.045210
5405,0.056745
5406,0.047877
5407,0.071532
5408,0.122804
5409,0.108320
5410,0.020747
5411,-0.042233
5412,-0.123473
5413,-0.093257
5414,-0.065608
5415,-0.080414
5416,-0.094921
5417,-0.070885
5418,0.024843
5419,0.049945
5420,0.092237
5421,0.062021
5422,0.054861
5423,0.045470
5424,-0.010972
5425,-0.010807
5426,-0.019480
5427,0.012601
5428,-0.040948
5429,-0.077980
5430,-0.020254
5431,0.015853
5432,-0.024427
5433,0.017487
5434,0.010713
5435,-0.007169
5436,0.034322
5437,0.044740
5438,0.033240
5439,0.004998
5440,-0.012441
5441,-0.008476
5442,-0.029271
5443,0.000151
5444,-0.013522
5445,-0.048616
5446,-0.093844
5447,-0.056082
5448,0.029465
5449,0.110683
5450,0.142918
5451,0.088912
5452,0.008185
5453,-0.051083
5454,-0.097291
5455,-0.074478
5456,0.024631
5457,0.060419
5458,0.094990
5459,0.016379
5460,-0.025470
5461,-0.068565
5462,-0.109914
5463,-0.074544
5464,0.022089
5465,0.071281
5466,0.086288
5467,0.053894
5468,0.013540
5469,-0.093075
5470,-0.136141
5471,-0.117889
5472,-0.076116
5473,0.021225
5474,0.072082
5475,0.148978
5476,0.142920
5477,0.039855
5478,-0.000334
5479,-0.034864
5480,-0.014202
5481,0.022228
5482,-0.008612
5483,-0.033993
5484,-0.042079
5485,-0.020534
5486,-0.032959
5487,-0.033854
5488,-0.011430
5489,-0.020788
5490,-0.022872
5491,0.020880
5492,0.066814
5493,0.063890
5494,0.037732
5495,-0.009510
5496,-0.066855
5497,-0.029313
5498,-0.022662
5499,-0.028909
5500,0.015259
5501,0.012122
5502,-0.018850
5503,-0.018506
5504,0.006379
5505,0.022365
5506,0.043607
5507,0.004473
5508,-0.011614
5509,0.009129
5510,0.042338
5511,0.052659
5512,0.031731
5513,-0.009695
5514,0.022682
5515,-0.029990
5516,-0.054035
5517,-0.050962
5518,-0.056481
5519,-0.067316
5520,-0.064051
5521,-0.035460
5522,0.024740
5523,0.047803
5524,0.033475
5525,0.055028
5526,0.056828
5527,0.027724
5528,0.052675
5529,-0.009154
5530,-0.064498
5531,-0.092907
5532,-0.034919
5533,0.041943
5534,0.048261
5535,0.064237
5536,0.046768
5537,0.017362
5538,-0.023709
5539,-0.030407
5540,-0.033590
5541,-0.032990
5542,-0.068079
5543,-0.060044
5544,-0.080192
5545,-0.025908
5546,0.036507
5547,0.109694
5548,0.141394
5549,0.094118
5550,0.007453
5551,-0.012913
5552,-0.064219
5553,-0.081461
5554,-0.042088
5555,-0.013014
5556,-0.000944
5557,-0.023345
5558,-0.043911
5559,-0.042913
5560,0.007305
5561,0.014703
5562,0.022036
5563,0.026921
5564,0.023808
5565,0.040634
5566,0.037637
5567,0.050463
5568,0.046624
5569,0.003194
5570,-0.020881
5571,0.011923
5572,-0.005114
5573,-0.054850
5574,-0.041215
5575,-0.027495
5576,-0.032640
5577,0.003499
5578,0.009715
5579,-0.009851
5580,-0.035576
5581,-0.031119
5582,-0.011726
5583,-0.017958
5584,-0.046867
5585,-0.023384
5586,0.003346
5587,0.046390
5588,0.075667
5589,0.062791
5590,0.014799
5591,0.009500
5592,0.025274
5593,-0.002677
5594,0.026835
5595,0.000085
5596,-0.014498
5597,-0.005397
5598,-0.040756
5599,-0.065893
5600,-0.065410
5601,-0.065922
5602,-0.004516
5603,0.031350
5604,0.085251
5605,0.085251
5606,0.063359
5607,0.038222
5608,-0.010092
5609,-0.042522
5610,-0.064028
5611,-0.057548
5612,-0.060391
5613,-0.003807
5614,0.022676
5615,0.024083
5616,0.013123
5617,-0.000830
5618,0.032100
5619,0.069141
5620,-0.006513
5621,-0.039293
5622,-0.077439
5623,-0.054484
5624,-0.022873
5625,0.003092
5626,0.028192
5627,0.051296
5628,0.013287
5629,0.003762
5630,-0.003449
5631,0.033335
5632,0.085385
5633,0.060844
5634,0.022297
5635,-0.016028
5636,-0.029764
5637,-0.046552
5638,-0.058180
5639,0.002799
5640,-0.031566
5641,-0.052574
5642,-0.073788
5643,-0.079395
5644,0.002715
5645,0.027606
5646,0.045221
5647,0.075749
5648,0.082591
5649,0.058543
5650,-0.014289
5651,-0.027535
5652,-0.029167
5653,-0.017170
5654,-0.041277
5655,-0.041164
5656,0.028511
5657,0.021424
5658,0.016996
5659,0.037377
5660,0.019619
5661,-0.010263
5662,-0.015153
5663,0.001368
5664,-0.021226
5665,0.002963
5666,0.025262
5667,0.028381
5668,-0.014907
5669,-0.071734
5670,-0.013408
5671,-0.001842
5672,-0.000960
5673,0.041794
5674,0.072289
5675,0.014218
5676,-0.050181
5677,-0.034448
5678,-0.040510
5679,0.007004
5680,0.010239
5681,0.012771
5682,-0.002703
5683,-0.035786
5684,-0.020385
5685,-0.053737
5686,-0.009706
5687,0.045429
5688,0.093011
5689,0.083984
5690,0.000963
5691,-0.039632
5692,-0.057287
5693,-0.036536
5694,0.024549
5695,0.020244
5696,-0.014049
5697,-0.008620
5698,-0.015496
5699,-0.025275
5700,-0.045989
5701,-0.001298
5702,-0.013060
5703,-0.033462
5704,0.023148
5705,0.066453
5706,0.077626
5707,0.061663
5708,0.035136
5709,-0.061148
5710,-0.098006
5711,-0.099049
5712,-0.066420
5713,0.013729
5714,0.082425
5715,0.063180
5716,0.062543
5717,0.059519
5718,-0.031209
5719,-0.022578
5720,0.008905
5721,0.032124
5722,0.009409
5723,0.002255
5724,-0.001627
5725,-0.061927
5726,-0.061602
5727,-0.035821
5728,-0.082124
5729,-0.014144
5730,0.066257
5731,0.072382
5732,0.030142
5733,0.024315
5734,-0.006633
5735,-0.036280
5736,-0.018898
5737,0.033261
5738,0.043457
5739,-0.015725
5740,-0.053945
5741,-0.040481
5742,0.025320
5743,0.034160
5744,0.055572
5745,0.027214
5746,-0.069161
5747,-0.082736
5748,-0.086255
5749,-0.063800
5750,-0.015847
5751,0.015784
5752,0.069604
5753,0.093071
5754,0.026103
5755,0.006005
5756,-0.028433
5757,-0.004814
5758,0.043692
5759,0.031662
5760,0.037329
5761,-0.001983
5762,-0.079996
5763,-0.082375
5764,-0.005046
5765,-0.028151
5766,-0.014013
5767,0.004250
5768,0.072694
5769,0.106205
5770,0.087080
5771,0.040986
5772,-0.012961
5773,-0.023229
5774,-0.096179
5775,-0.086908
5776,-0.010108
5777,0.004848
5778,0.036174
5779,0.041879
5780,-0.010586
5781,-0.018559
5782,0.014474
5783,-0.017452
5784,-0.015180
5785,-0.056389
5786,-0.117134
5787,-0.045913
5788,-0.019923
5789,0.060498
5790,0.088097
5791,0.066788
5792,0.056154
5793,0.032591
5794,-0.008960
5795,-0.029555
5796,-0.057630
5797,-0.080440
5798,-0.073210
5799,-0.050092
5800,0.060276
5801,0.119805
5802,0.085257
5803,0.057515
5804,-0.005939
5805,-0.052846
5806,-0.049597
5807,-0.075482
5808,-0.011313
5809,0.046880
5810,-0.006379
5811,-0.018169
5812,0.021766
5813,0.013675
5814,0.016634
5815,0.035472
5816,0.017933
5817,-0.002986
5818,0.003869
5819,-0.026793
5820,-0.031537
5821,0.005405
5822,0.025660
5823,0.027373
5824,0.026251
5825,-0.004716
5826,0.025065
5827,0.025454
5828,0.019649
5829,-0.001874
5830,-0.005937
5831,0.024264
5832,337.481537
5833,321.462646
5834,6.443283
5835,1736.585327
5836,653.903625
5837,19.976240
5838,4.513156
5839,-5.195258
5840,7.012320
5841,5.193810
5842,-14.036422
5843,-31.755060
5844,-39.113819
5845,-23.341904
5846,6.101202
5847,39.162254
5848,71.693153
5849,54.760208
5850,9.003553
5851,-31.574736
5852,-39.639553
5853,-25.046278
5854,-19.812483
5855,-8.515880
5856,-9.981742
5857,-2.698363
5858,2.465883
5859,13.085596
5860,18.407152
5861,7.208696
5862,7.065076
5863,2.659365
5864,-2.118162
5865,-1.114804
5866,19.537403
5867,13.495863
5868,5.988398
5869,-5.989179
5870,-27.136189
5871,-46.600723
5872,-21.229254
5873,6.604988
5874,4.401247
5875,-3.560857
5876,-6.376101
5877,16.619701
5878,33.344566
5879,25.060873
5880,14.582265
5881,-3.392738
5882,-10.106979
5883,-20.099243
5884,-21.434242
5885,-6.267351
5886,-0.004813
5887,-0.101269
5888,-0.075321
5889,-0.066790
5890,-0.037464
5891,0.044721
5892,0.077717
5893,0.044397
5894,0.001305
5895,-0.027632
5896,0.005084
5897,0.038987
5898,0.026669
5899,0.065653
5900,0.042887
5901,-0.012819
5902,-0.074062
5903,-0.094456
5904,-0.007497
5905,-0.015340
5906,0.003898
5907,0.005256
5908,0.013865
5909,0.022142
5910,0.066385
5911,0.070778
5912,0.020046
5913,-0.013513
5914,-0.026163
5915,-0.037408
5916,-0.064570
5917,-0.017293
5918,0.006730
5919,-0.013484
5920,0.017059
5921,0.000506
5922,-0.051081
5923,-0.012227
5924,-0.025851
5925,0.012119
5926,0.039140
5927,0.022224
5928,-0.014306
5929,-0.013482
5930,-0.007445
5931,0.034828
5932,0.050821
5933,0.055443
5934,0.028482
5935,-0.038600
5936,-0.057955
5937,-0.088182
5938,-0.058012
5939,-0.055272
5940,0.002452
5941,0.054684
5942,0.038668
5943,0.052811
5944,0.055457
5945,0.012577
5946,0.026758
5947,0.004122
5948,-0.030501
5949,-0.041214
5950,-0.026490
5951,-0.012793
5952,-0.035798
5953,-0.048087
5954,0.051337
5955,0.088878
5956,0.056130
5957,0.003894
5958,-0.016418
5959,-0.037533
5960,-0.106436
5961,-0.058716
5962,-0.040116
5963,-0.026215
5964,-0.013997
5965,-0.006719
5966,0.013046
5967,0.062061
5968,0.062030
5969,0.086977
5970,0.079959
5971,-0.000789
5972,-0.023356
5973,-0.014831
5974,-0.000937
5975,-0.038305
5976,0.005959
5977,0.015463
5978,-0.027808
5979,0.008033
5980,-0.000066
5981,-0.051012
5982,-0.067277
5983,-0.045720
5984,-0.059337
5985,-0.021602
5986,-0.021478
5987,-0.041970
5988,0.038986
5989,0.072840
5990,0.096557
5991,0.094122
5992,0.073820
5993,0.045724
5994,-0.020616
5995,-0.093693
5996,-0.088007
5997,-0.019614
5998,-0.001638
5999,0.002265
6000,-0.016660
6001,-0.001370
6002,0.020561
6003,-0.016512
6004,-0.013349
6005,0.017523
6006,0.016805
6007,0.008582
6008,0.027360
6009,0.047383
6010,0.025366
6011,0.048703
6012,0.027941
6013,0.003389
6014,-0.046046
6015,-0.048642
6016,-0.051667
6017,-0.001064
6018,-0.067873
6019,-0.079448
6020,-0.024411
6021,-0.013358
6022,0.017440
6023,0.069861
6024,0.035867
6025,-0.002112
6026,0.043515
6027,0.023850
6028,0.021241
6029,0.026607
6030,0.034554
6031,0.056017
6032,-0.016647
6033,-0.038504
6034,-0.069434
6035,-0.093730
6036,-0.083908
6037,-0.053715
6038,0.003166
6039,0.057037
6040,0.064279
6041,0.060840
6042,0.050272
6043,0.026577
6044,0.022520
6045,-0.033810
6046,-0.057893
6047,-0.036081
6048,-0.000831
6049,-0.000692
6050,-0.027689
6051,-0.040397
6052,0.002227
6053,0.040758
6054,0.036236
6055,0.019557
6056,-0.001824
6057,0.016963
6058,-0.003899
6059,-0.060566
6060,0.002176
6061,0.007559
6062,-0.017329
6063,0.034695
6064,0.014303
6065,-0.005555
6066,-0.021934
6067,-0.034263
6068,-0.029600
6069,0.013080
6070,0.019584
6071,0.030297
6072,0.046071
6073,0.050889
6074,-0.015981
6075,-0.006180
6076,-0.037744
6077,-0.035812
6078,0.002995
6079,-0.005763
6080,0.034263
6081,0.064296
6082,0.012337
6083,0.036682
6084,0.032514
6085,-0.020400
6086,-0.043926
6087,-0.086589
6088,-0.092386
6089,-0.030125
6090,0.009410
6091,0.033869
6092,0.044526
6093,0.025817
6094,0.017395
6095,0.025639
6096,0.004281
6097,-0.015678
6098,-0.028443
6099,0.001585
6100,-0.004298
6101,-0.006723
6102,-0.033253
6103,-0.053378
6104,-0.033986
6105,0.006859
6106,0.064079
6107,0.040535
6108,-0.018904
6109,-0.028909
6110,-0.069273
6111,-0.055250
6112,-0.012275
6113,0.021707
6114,0.062889
6115,0.061331
6116,0.044390
6117,0.011935
6118,0.018811
6119,0.037823
6120,-0.014054
6121,-0.014175
6122,-0.025496
6123,-0.019797
6124,-0.043741
6125,-0.000954
6126,0.055381
6127,0.051146
6128,0.081875
6129,0.056797
6130,-0.029758
6131,-0.094889
6132,-0.135611
6133,-0.147096
6134,-0.064228
6135,0.000731
6136,0.035234
6137,0.100374
6138,0.093842
6139,0.096310
6140,0.076383
6141,0.007427
6142,-0.089527
6143,-0.109840
6144,-0.029677
6145,-0.011863
6146,-0.002410
6147,-0.019837
6148,-0.019406
6149,0.035098
6150,0.016099
6151,-0.016598
6152,0.007655
6153,0.064419
6154,0.049013
6155,-0.034561
6156,-0.082711
6157,-0.039473
6158,-0.040281
6159,-0.018896
6160,-0.006801
6161,0.049884
6162,0.081578
6163,0.076112
6164,0.029194
6165,0.000857
6166,-0.024619
6167,0.005096
6168,0.025385
6169,-0.043967
6170,-0.079043
6171,-0.047157
6172,-0.003573
6173,0.033931
6174,0.045704
6175,0.041400
6176,0.016457
6177,0.040943
6178,-0.002539
6179,-0.048651
6180,-0.039779
6181,0.020270
6182,0.062320
6183,0.068409
6184,-0.008249
6185,-0.029148
6186,329.508972
6187,294.151184
6188,6.283334
6189,1774.971802
6190,628.941528
6191,1.381170
6192,47.963093
6193,28.121893
6194,2.528425
6195,-20.962584
6196,-42.211861
6197,-38.570095
6198,0.683762
6199,13.155754
6200,23.574909
6201,10.980312
6202,-2.005942
6203,10.590376
6204,13.093600
6205,0.992271
6206,-13.148825
6207,-26.507257
6208,-24.177250
6209,3.120105
6210,16.155851
6211,14.487794
6212,12.324346
6213,-2.042694
6214,-5.555031
6215,-15.421867
6216,-10.604130
6217,-0.597783
6218,29.689735
6219,39.010452
6220,26.779089
6221,-5.952287
6222,-18.334579
6223,-28.200247
6224,-24.882256
6225,-2.750395
6226,-12.156924
6227,-6.179948
6228,-11.030760
6229,-7.962368
6230,-1.164850
6231,-4.842275
6232,-3.730003
6233,7.587661
6234,19.900896
6235,26.491945
6236,39.959167
6237,29.294695
6238,21.657810
6239,3.513232
6240,-0.088132
6241,-0.099230
6242,-0.068080
6243,-0.068028
6244,-0.011870
6245,0.003890
6246,0.008718
6247,-0.011995
6248,0.023041
6249,0.019222
6250,0.000130
6251,0.036287
6252,0.025313
6253,0.021871
6254,0.081140
6255,0.055874
6256,0.041829
6257,0.004842
6258,-0.031426
6259,-0.053556
6260,-0.032391
6261,-0.008649
6262,0.030542
6263,0.046213
6264,0.038836
6265,-0.004058
6266,-0.042206
6267,-0.059192
6268,-0.062411
6269,-0.064211
6270,-0.007049
6271,0.032298
6272,0.001582
6273,-0.028140
6274,-0.013335
6275,-0.051965
6276,-0.030782
6277,0.029649
6278,-0.002647
6279,0.017875
6280,0.050268
6281,0.094674
6282,0.134922
6283,0.086994
6284,0.050784
6285,-0.020355
6286,-0.051729
6287,-0.119982
6288,-0.193824
6289,-0.153417
6290,-0.093195
6291,0.021323
6292,0.059310
6293,0.080365
6294,0.098526
6295,0.049594
6296,0.015332
6297,-0.025499
6298,-0.036280
6299,0.012010
6300,0.051424
6301,0.074332
6302,0.051393
6303,0.001873
6304,-0.025578
6305,-0.018315
6306,0.028315
6307,0.028885
6308,0.008475
6309,-0.002522
6310,-0.065089
6311,-0.098024
6312,-0.111780
6313,-0.067393
6314,-0.008315
6315,0.014635
6316,0.048280
6317,0.078089
6318,0.080295
6319,0.112810
6320,0.038737
6321,0.016333
6322,-0.005752
6323,-0.080534
6324,-0.041747
6325,-0.033336
6326,-0.090782
6327,-0.112678
6328,-0.056984
6329,0.017459
6330,-0.009891
6331,-0.017488
6332,-0.002981
6333,0.042587
6334,0.066629
6335,0.083615
6336,0.076586
6337,0.124464
6338,0.104757
6339,0.004796
6340,-0.045721
6341,-0.042239
6342,-0.077312
6343,-0.080655
6344,-0.090397
6345,-0.065747
6346,-0.037769
6347,0.003944
6348,0.046081
6349,0.042991
6350,0.040941
6351,0.018473
6352,0.035260
6353,0.037589
6354,0.019471
6355,0.038420
6356,-0.015825
6357,-0.007025
6358,-0.020872
6359,-0.067102
6360,-0.040982
6361,-0.004010
6362,-0.026946
6363,-0.003766
6364,0.019412
6365,0.018830
6366,0.055068
6367,0.090007
6368,0.072025
6369,0.017847
6370,-0.002976
6371,-0.025040
6372,-0.082286
6373,-0.065579
6374,-0.128690
6375,-0.108223
6376,0.006818
6377,0.067416
6378,0.111333
6379,0.091480
6380,0.014865
6381,-0.022315
6382,-0.068729
6383,-0.063580
6384,-0.005644
6385,0.012269
6386,-0.002833
6387,0.003209
6388,-0.061376
6389,-0.011635
6390,0.052572
6391,0.073399
6392,0.121832
6393,0.060865
6394,0.029837
6395,-0.041383
6396,-0.032858
6397,-0.045919
6398,-0.082863
6399,-0.033320
6400,-0.005090
6401,-0.016988
6402,-0.003732
6403,0.024286
6404,0.042874
6405,-0.033283
6406,-0.046238
6407,-0.047545
6408,-0.042131
6409,-0.022574
6410,0.031835
6411,0.041693
6412,0.056893
6413,0.044389
6414,0.044405
6415,0.010431
6416,-0.028177
6417,0.012427
6418,0.030814
6419,0.001191
6420,-0.026053
6421,-0.051618
6422,0.020424
6423,0.023897
6424,-0.012609
6425,-0.041617
6426,-0.019903
6427,-0.041180
6428,-0.016498
6429,0.068664
6430,0.038486
6431,0.012944
6432,0.022373
6433,0.009939
6434,-0.077112
6435,-0.062606
6436,0.004806
6437,-0.007151
6438,-0.010913
6439,0.001228
6440,0.018164
6441,-0.003933
6442,0.012836
6443,0.030260
6444,0.070473
6445,0.032007
6446,-0.003882
6447,-0.033441
6448,-0.033243
6449,-0.055079
6450,0.008161
6451,-0.019188
6452,-0.082792
6453,-0.039103
6454,-0.029570
6455,0.016515
6456,0.088402
6457,0.054046
6458,0.079389
6459,0.002199
6460,-0.056225
6461,-0.039905
6462,-0.069943
6463,-0.037702
6464,0.011271
6465,0.021070
6466,0.006557
6467,0.052411
6468,0.099523
6469,0.022126
6470,0.006811
6471,-0.026349
6472,-0.053187
6473,-0.042003
6474,-0.021790
6475,-0.013654
6476,0.007067
6477,0.090376
6478,0.111033
6479,0.069254
6480,0.001261
6481,-0.072345
6482,-0.076126
6483,-0.080898
6484,-0.086443
6485,-0.056162
6486,-0.006975
6487,0.014334
6488,0.042053
6489,0.038957
6490,0.012815
6491,0.065711
6492,0.107638
6493,0.025313
6494,-0.005507
6495,-0.002372
6496,0.001024
6497,0.011990
6498,-0.034980
6499,-0.051640
6500,-0.064709
6501,-0.122503
6502,-0.025895
6503,0.023233
6504,0.010443
6505,0.005969
6506,0.036614
6507,0.053171
6508,0.060125
6509,0.045758
6510,0.033712
6511,0.044028
6512,-0.019101
6513,-0.033357
6514,-0.005274
6515,-0.048842
6516,-0.052322
6517,-0.059352
6518,-0.068731
6519,0.006904
6520,0.053360
6521,0.033910
6522,0.042565
6523,0.008137
6524,-0.031442
6525,-0.045766
6526,-0.034141
6527,-0.020708
6528,-0.010244
6529,0.003015
6530,-0.012833
6531,0.019977
6532,0.021384
6533,0.016944
6534,0.072968
6535,0.091707
6536,0.024196
6537,0.046422
6538,-0.012367
6539,-0.045832
6540,-0.011285
6541,-0.024100
6542,-0.030805
6543,-0.027823
6544,-0.016983
6545,-0.015505
6546,-0.040802
6547,-0.003509
6548,0.007047
6549,-0.019003
6550,0.031570
6551,0.014213
6552,0.028600
6553,0.034570
6554,-0.037020
6555,-0.039407
6556,0.016333
6557,-0.015636
6558,-0.008823
6559,0.047661
6560,0.017371
6561,-0.010109
6562,-0.025504
6563,-0.025173
6564,0.014211
6565,0.077868
6566,0.059823
6567,0.034766
6568,-0.051390
6569,-0.077849
6570,-0.067159
6571,-0.041349
6572,0.011479
6573,0.021721
6574,-0.038594
6575,-0.086666
6576,-0.024184
6577,-0.002102
6578,0.039068
6579,0.068012
6580,0.044998
6581,0.070056
6582,0.007266
6583,-0.027703
6584,-0.018933
6585,0.009718
6586,-0.020644
6587,-0.037239
6588,-0.036418
6589,-0.028747
6590,320.410339
6591,262.982086
6592,6.100793
6593,1818.780151
6594,614.122803
6595,2.905617
6596,14.056800
6597,18.638506
6598,17.279354
6599,14.106039
6600,-0.826604
6601,-12.063214
6602,-14.679823
6603,-7.065340
6604,0.692065
6605,-7.012310
6606,-11.040488
6607,-10.820400
6608,-9.592141
6609,-3.582383
6610,-0.070457
6611,11.766239
6612,11.340706
6613,4.399747
6614,7.144599
6615,4.151337
6616,-6.197842
6617,-1.830898
6618,-1.582116
6619,6.250674
6620,-4.435719
6621,-6.264723
6622,-0.838006
6623,-7.756472
6624,5.993705
6625,31.051640
6626,19.705132
6627,13.349636
6628,0.947994
6629,-12.551085
6630,-28.676397
6631,-30.769218
6632,-19.157570
6633,-2.671274
6634,6.480530
6635,5.940252
6636,2.521086
6637,-8.450033
6638,-9.569201
6639,-0.999988
6640,12.935260
6641,14.892463
6642,22.576855
6643,31.251692
6644,0.024165
6645,-0.013242
6646,-0.065352
6647,-0.081810
6648,-0.062179
6649,-0.084378
6650,-0.079489
6651,-0.008461
6652,0.054141
6653,0.040445
6654,0.046594
6655,0.052991
6656,0.059214
6657,-0.030230
6658,-0.026533
6659,0.027664
6660,0.011528
6661,-0.012165
6662,-0.065661
6663,-0.049773
6664,-0.026823
6665,-0.061391
6666,-0.054141
6667,-0.030895
6668,0.025434
6669,0.096512
6670,0.070930
6671,0.069689
6672,0.043410
6673,0.025480
6674,-0.019582
6675,-0.062233
6676,-0.043213
6677,-0.042314
6678,-0.016481
6679,0.008044
6680,-0.025934
6681,-0.025173
6682,0.005484
6683,0.057481
6684,0.048665
6685,0.024877
6686,0.010045
6687,0.006443
6688,-0.011142
6689,-0.037902
6690,0.024962
6691,0.012840
6692,0.014725
6693,0.047693
6694,-0.001828
6695,-0.046110
6696,-0.065767
6697,-0.063878
6698,-0.004160
6699,-0.026504
6700,0.031516
6701,0.041987
6702,-0.027648
6703,-0.015127
6704,-0.038531
6705,-0.012258
6706,0.050009
6707,0.029163
6708,0.027642
6709,0.021235
6710,0.039603
6711,0.101454
6712,0.022268
6713,-0.062737
6714,-0.098876
6715,-0.141685
6716,-0.089074
6717,0.013755
6718,0.066187
6719,0.062487
6720,0.007970
6721,0.041083
6722,0.083126
6723,0.038034
6724,-0.015513
6725,-0.015786
6726,-0.002978
6727,0.003804
6728,0.004663
6729,0.005224
6730,-0.032582
6731,-0.058573
6732,-0.057611
6733,-0.017772
6734,-0.022736
6735,0.029328
6736,0.027824
6737,0.002310
6738,0.024344
6739,0.007289
6740,0.010156
6741,0.049470
6742,0.057491
6743,0.022963
6744,-0.012531
6745,0.004769
6746,-0.007077
6747,-0.058181
6748,-0.054801
6749,-0.118627
6750,-0.101980
6751,-0.047965
6752,0.004105
6753,0.080638
6754,0.131801
6755,0.110044
6756,0.041807
6757,0.018114
6758,-0.053346
6759,-0.046289
6760,-0.047604
6761,-0.011284
6762,0.007281
6763,-0.036853
6764,-0.054578
6765,0.004274
6766,-0.002187
6767,0.000812
6768,0.054423
6769,0.071757
6770,0.028710
6771,-0.026972
6772,0.003349
6773,0.037839
6774,-0.005638
6775,-0.051865
6776,-0.038329
6777,-0.022619
6778,0.022964
6779,0.013007
6780,0.011835
6781,0.003813
6782,-0.011750
6783,-0.027289
6784,-0.015869
6785,-0.031574
6786,-0.030015
6787,-0.011665
6788,0.023336
6789,0.044950
6790,0.054150
6791,0.045994
6792,0.027204
6793,0.011901
6794,-0.019855
6795,-0.047288
6796,-0.052507
6797,-0.007475
6798,0.025725
6799,0.016534
6800,0.049609
6801,0.032721
6802,-0.060559
6803,-0.074496
6804,-0.045674
6805,-0.048400
6806,0.004684
6807,0.032567
6808,0.017862
6809,-0.004931
6810,-0.029702
6811,-0.015472
6812,0.002371
6813,0.040322
6814,0.082294
6815,0.050905
6816,0.022364
6817,0.095482
6818,0.041019
6819,-0.067646
6820,-0.057594
6821,-0.051787
6822,-0.031093
6823,-0.013818
6824,-0.042096
6825,-0.067287
6826,0.011036
6827,0.035619
6828,-0.027098
6829,-0.029254
6830,-0.003532
6831,0.049725
6832,0.037914
6833,0.035415
6834,0.079006
6835,0.048976
6836,0.032179
6837,-0.006914
6838,-0.034520
6839,-0.076088
6840,-0.058829
6841,-0.043621
6842,-0.006658
6843,-0.023121
6844,-0.050938
6845,-0.010991
6846,-0.011801
6847,0.045107
6848,0.091734
6849,0.030513
6850,-0.042605
6851,0.004478
6852,0.019065
6853,0.040849
6854,0.004313
6855,-0.030258
6856,-0.016833
6857,-0.030816
6858,0.001014
6859,-0.003837
6860,0.015074
6861,0.033356
6862,0.005969
6863,0.005855
6864,-0.051315
6865,-0.106543
6866,-0.089673
6867,-0.034215
6868,0.021957
6869,0.050773
6870,0.091125
6871,0.121221
6872,0.112448
6873,0.089708
6874,-0.008809
6875,-0.089417
6876,-0.134865
6877,-0.106075
6878,-0.050918
6879,-0.000017
6880,-0.011480
6881,0.045645
6882,0.021275
6883,0.032550
6884,0.045587
6885,0.013064
6886,0.027589
6887,-0.001583
6888,-0.011686
6889,-0.047532
6890,-0.047679
6891,-0.039975
6892,-0.039025
6893,0.023489
6894,0.031129
6895,0.045006
6896,0.049647
6897,0.005980
6898,-0.020935
6899,-0.041765
6900,-0.025930
6901,-0.044733
6902,-0.043989
6903,0.054727
6904,0.092122
6905,0.059484
6906,0.028889
6907,0.000854
6908,-0.021446
6909,-0.051366
6910,-0.054527
6911,-0.033572
6912,-0.010093
6913,-0.004540
6914,0.054815
6915,0.072053
6916,0.053446
6917,0.001722
6918,0.017317
6919,0.004795
6920,-0.047888
6921,-0.059353
6922,-0.079550
6923,-0.039545
6924,0.017791
6925,0.052958
6926,0.049541
6927,0.042800
6928,0.025961
6929,-0.009150
6930,-0.047704
6931,-0.043888
6932,-0.042335
6933,-0.031070
6934,-0.003537
6935,-0.051964
6936,-0.006121
6937,0.023780
6938,0.047641
6939,0.066635
6940,0.008299
6941,-0.025009
6942,-0.030559
6943,-0.041827
6944,-0.041761
6945,0.020217
6946,0.055109
6947,0.083213
6948,0.071612
6949,0.039162
6950,0.022062
6951,-0.001990
6952,-0.034582
6953,-0.038942
6954,-0.054098
6955,-0.055672
6956,-0.020292
6957,0.006906
6958,-0.022869
6959,-0.017772
6960,0.008346
6961,-0.002380
6962,-0.049695
6963,-0.053025
6964,-0.016833
6965,0.022232
6966,0.096047
6967,0.121866
6968,0.081510
6969,0.076267
6970,-0.000525
6971,-0.080837
6972,-0.090471
6973,-0.092207
6974,-0.049073
6975,-0.005602
6976,-0.018442
6977,-0.022743
6978,0.033227
6979,0.025035
6980,-0.015463
6981,-0.037028
6982,-0.025829
6983,0.028485
6984,0.054988
6985,0.038217
6986,-0.007342
6987,-0.015661
6988,0.048632
6989,0.043966
6990,0.042672
6991,-0.000675
6992,-0.032235
6993,-0.061901
6994,-0.095623
6995,-0.037899
6996,0.008431
6997,0.025437
6998,0.026091
6999,0.048370
7000,0.060141
7001,0.060484
7002,0.017570
7003,0.015539
7004,-0.007525
7005,-0.025815
7006,-0.081284
7007,-0.044610
7008,-0.022252
7009,-0.027686
7010,-0.041487
7011,0.002058
7012,0.032032
7013,0.024610
7014,0.026082
7015,-0.017352
7016,-0.014603
7017,0.020775
7018,0.005563
7019,-0.006334
7020,0.004251
7021,-0.005472
7022,-0.018431
7023,-0.028260
7024,0.018925
7025,0.088092
7026,0.118629
7027,0.089765
7028,0.012982
7029,-0.044092
7030,-0.111732
7031,-0.126949
7032,-0.067606
7033,-0.020146
7034,0.006065
7035,-0.015938
7036,-0.031950
7037,0.011568
7038,0.013439
7039,0.051373
7040,0.066075
7041,0.069399
7042,0.078300
7043,-0.009150
7044,-0.039817
7045,-0.049333
7046,-0.080616
7047,-0.094299
7048,-0.035586
7049,-0.001109
7050,0.047377
7051,0.056323
7052,0.013998
7053,0.000685
7054,0.089983
7055,0.003715
7056,-0.010679
7057,0.006758
7058,-0.045878
7059,-0.030582
7060,-0.027366
7061,-0.016442
7062,-0.024211
7063,-0.020970
7064,0.032120
7065,0.031237
7066,0.009567
7067,-0.018657
7068,-0.004111
7069,0.011443
7070,0.027231
7071,0.049719
7072,0.037002
7073,0.011892
7074,-0.022818
7075,0.009553
7076,-0.006390
7077,-0.075579
7078,-0.058974
7079,0.010609
7080,0.000533
7081,0.037997
7082,0.017323
7083,-0.019564
7084,0.010003
7085,0.036432
7086,0.068775
7087,0.013677
7088,-0.017708
7089,-0.065470
7090,-0.075272
7091,-0.042563
7092,-0.038631
7093,-0.006697
7094,309.059540
7095,224.098038
7096,5.873070
7097,1873.432129
7098,597.965454
7099,35.060856
7100,38.661594
7101,27.445986
7102,10.804479
7103,12.530664
7104,8.642322
7105,-6.015465
7106,-3.005945
7107,-20.591677
7108,-29.217308
7109,-1.879442
7110,7.100414
7111,-2.286627
7112,-12.322976
7113,-11.215315
7114,9.430791
7115,21.519260
7116,30.747885
7117,15.576964
7118,-6.918157
7119,-30.013006
7120,-25.079039
7121,-20.962635
7122,-10.614154
7123,6.146364
7124,15.932975
7125,12.636131
7126,2.341181
7127,0.943816
7128,18.154839
7129,21.843428
7130,14.254317
7131,-10.859424
7132,-47.156647
7133,-35.560730
7134,9.230474
7135,32.195030
7136,33.859455
7137,13.865309
7138,-4.133895
7139,-42.929260
7140,-54.152325
7141,-38.431805
7142,-9.978709
7143,26.376064
7144,44.812023
7145,45.034386
7146,28.097044
7147,20.391548
7148,0.018781
7149,0.039768
7150,-0.015505
7151,-0.069826
7152,-0.081781
7153,-0.061300
7154,-0.001347
7155,0.023121
7156,0.078687
7157,0.076627
7158,0.055103
7159,0.042529
7160,0.014625
7161,-0.009931
7162,-0.045330
7163,-0.029914
7164,-0.018286
7165,-0.031583
7166,-0.003343
7167,-0.000020
7168,0.037393
7169,0.015923
7170,-0.025028
7171,0.003537
7172,-0.028324
7173,-0.019203
7174,0.005931
7175,0.030496
7176,0.084842
7177,0.073092
7178,0.014206
7179,-0.047591
7180,-0.093068
7181,-0.073228
7182,-0.018912
7183,0.029303
7184,0.014916
7185,-0.029511
7186,-0.015200
7187,0.014934
7188,0.019404
7189,0.020746
7190,0.014231
7191,-0.017451
7192,0.003782
7193,0.029028
7194,0.043359
7195,0.001214
7196,-0.038133
7197,0.005015
7198,-0.033818
7199,-0.028867
7200,0.021422
7201,0.002849
7202,-0.024009
7203,-0.049222
7204,-0.022051
7205,0.016139
7206,0.037588
7207,0.032444
7208,0.043017
7209,0.000652
7210,-0.011917
7211,0.001093
7212,-0.034584
7213,-0.033625
7214,0.002003
7215,0.002648
7216,0.015608
7217,-0.009881
7218,0.013830
7219,0.002709
7220,-0.010340
7221,0.005720
7222,-0.014214
7223,-0.012426
7224,-0.020811
7225,0.019928
7226,-0.008382
7227,-0.044745
7228,-0.015509
7229,0.033799
7230,0.029678
7231,0.096675
7232,0.099383
7233,0.006932
7234,-0.044272
7235,-0.025640
7236,-0.089605
7237,-0.072198
7238,-0.097681
7239,-0.029612
7240,0.022758
7241,0.016628
7242,-0.004763
7243,0.012014
7244,-0.014678
7245,0.039846
7246,0.087692
7247,0.074523
7248,0.040497
7249,-0.016595
7250,-0.053134
7251,-0.021110
7252,0.009743
7253,0.006995
7254,0.020590
7255,0.045679
7256,0.046750
7257,0.086600
7258,-0.006230
7259,-0.113582
7260,-0.109840
7261,-0.128041
7262,-0.072006
7263,0.008216
7264,0.011681
7265,0.071745
7266,0.098400
7267,0.069795
7268,0.052505
7269,0.042902
7270,-0.002087
7271,0.004768
7272,-0.062557
7273,-0.068681
7274,-0.067894
7275,-0.024218
7276,-0.023678
7277,0.001278
7278,0.020812
7279,0.052063
7280,0.058845
7281,-0.002792
7282,-0.042613
7283,-0.012458
7284,-0.021898
7285,-0.037227
7286,-0.009967
7287,-0.000919
7288,0.034177
7289,0.031949
7290,0.011160
7291,0.010629
7292,0.005100
7293,0.002866
7294,-0.017706
7295,-0.012759
7296,0.007137
7297,-0.017519
7298,-0.003081
7299,0.020541
7300,0.020687
7301,0.044315
7302,0.059339
7303,-0.004001
7304,-0.046865
7305,-0.083128
7306,-0.101181
7307,-0.046079
7308,-0.000607
7309,0.022318
7310,0.062077
7311,0.079034
7312,0.073185
7313,0.023998
7314,0.014307
7315,-0.059300
7316,-0.079617
7317,0.004431
7318,0.028167
7319,0.015989
7320,-0.003520
7321,-0.018797
7322,-0.026250
7323,-0.033519
7324,-0.035263
7325,-0.056701
7326,-0.029708
7327,0.030944
7328,0.051017
7329,0.055667
7330,0.068896
7331,0.035188
7332,0.041326
7333,0.068188
7334,0.018554
7335,-0.060163
7336,-0.035063
7337,-0.043557
7338,-0.061545
7339,-0.041281
7340,-0.046678
7341,-0.050164
7342,0.013645
7343,-0.005963
7344,-0.020729
7345,0.005771
7346,0.026407
7347,0.074904
7348,0.039303
7349,0.032215
7350,0.080005
7351,0.014759
7352,-0.030663
7353,0.003672
7354,-0.022229
7355,-0.000488
7356,-0.055316
7357,-0.080008
7358,-0.014429
7359,0.031996
7360,0.000336
7361,0.013121
7362,0.038200
7363,-0.009019
7364,-0.030135
7365,0.009324
7366,0.032329
7367,0.061485
7368,0.046868
7369,-0.027891
7370,-0.097813
7371,-0.052302
7372,-0.061521
7373,-0.032713
7374,-0.002078
7375,-0.019750
7376,0.120422
7377,0.131634
7378,0.084000
7379,-0.017725
7380,-0.096364
7381,-0.050252
7382,0.007110
7383,0.010971
7384,0.024530
7385,-0.048776
7386,-0.042705
7387,-0.036128
7388,-0.062128
7389,-0.022690
7390,-0.008358
7391,-0.003201
7392,0.002611
7393,0.037270
7394,0.093484
7395,0.047444
7396,0.058887
7397,0.007265
7398,-0.032543
7399,-0.034265
7400,-0.053519
7401,-0.008284
7402,-0.008457
7403,-0.027202
7404,-0.022381
7405,-0.019512
7406,0.031985
7407,0.063435
7408,0.069759
7409,0.047949
7410,0.018429
7411,0.001743
7412,0.010418
7413,-0.028363
7414,-0.060060
7415,-0.061433
7416,-0.042741
7417,-0.024620
7418,0.003067
7419,0.005326
7420,0.008335
7421,0.001884
7422,-0.014163
7423,-0.044087
7424,0.011469
7425,0.053387
7426,0.091731
7427,0.078449
7428,0.048680
7429,0.000118
7430,-0.036658
7431,-0.111220
7432,-0.118899
7433,-0.079669
7434,-0.055709
7435,-0.033486
7436,-0.029813
7437,0.029849
7438,0.066208
7439,0.145687
7440,0.111681
7441,0.134595
7442,0.102873
7443,0.037955
7444,-0.052505
7445,-0.139866
7446,-0.175941
7447,-0.136519
7448,-0.120260
7449,-0.032388
7450,0.081004
7451,0.076154
7452,0.099698
7453,0.134917
7454,0.076335
7455,0.031779
7456,-0.033766
7457,-0.112879
7458,-0.077055
7459,-0.029027
7460,-0.032875
7461,-0.016959
7462,0.058768
7463,0.079584
7464,0.064061
7465,0.038138
7466,0.019951
7467,0.029278
7468,-0.041463
7469,-0.114803
7470,-0.090868
7471,-0.087557
7472,-0.051637
7473,0.019606
7474,0.012583
7475,0.042710
7476,0.053861
7477,0.062832
7478,0.050389
7479,0.020476
7480,0.037003
7481,-0.031184
7482,-0.014110
7483,-0.007745
7484,-0.042487
7485,-0.024713
7486,-0.015644
7487,0.013588
7488,0.017956
7489,0.030098
7490,0.011293
7491,0.031697
7492,0.026677
7493,-0.034114
7494,-0.046940
7495,-0.064147
7496,-0.073236
7497,-0.073055
7498,299.960907
7499,192.929016
7500,5.690529
7501,1917.240356
7502,538.444885
7503,-70.503151
7504,-35.121029
7505,4.429055
7506,18.120291
7507,26.465599
7508,30.450163
7509,30.901028
7510,26.101559
7511,2.967650
7512,-35.623634
7513,-35.481621
7514,-14.228033
7515,2.814158
7516,6.268991
7517,1.042074
7518,-5.392944
7519,-2.919960
7520,4.131190
7521,9.421602
7522,10.108324
7523,6.708191
7524,5.353351
7525,12.769217
7526,-0.274825
7527,-0.039692
7528,2.319149
7529,-15.422783
7530,-14.620934
7531,-1.631297
7532,6.367037
7533,12.751514
7534,5.987507
7535,11.934087
7536,-2.673916
7537,-27.760166
7538,-36.095509
7539,-38.955753
7540,-23.809155
7541,18.468988
7542,31.635504
7543,24.772831
7544,26.435768
7545,9.451861
7546,14.488236
7547,30.471537
7548,14.692444
7549,-7.671267
7550,-1.443451
7551,-1.378281
7552,0.005368
7553,0.095979
7554,0.093912
7555,0.051356
7556,0.006311
7557,-0.025889
7558,-0.001239
7559,0.002356
7560,0.009054
7561,0.004921
7562,0.036526
7563,0.013900
7564,-0.029598
7565,-0.032391
7566,-0.044485
7567,-0.049959
7568,-0.005694
7569,0.043472
7570,-0.041544
7571,-0.090618
7572,-0.003227
7573,0.034111
7574,0.058778
7575,0.050475
7576,-0.019656
7577,0.022236
7578,0.050162
7579,-0.017163
7580,-0.036917
7581,-0.014747
7582,-0.056068
7583,-0.039738
7584,0.006144
7585,0.027217
7586,0.034437
7587,0.037448
7588,0.027829
7589,0.034761
7590,0.033935
7591,0.018674
7592,-0.012726
7593,-0.000874
7594,-0.043548
7595,-0.088428
7596,-0.045431
7597,-0.043105
7598,-0.035739
7599,0.017583
7600,0.057137
7601,0.042355
7602,0.036028
7603,-0.013639
7604,0.041248
7605,0.050398
7606,0.008437
7607,-0.006455
7608,-0.044454
7609,-0.055095
7610,-0.034484
7611,-0.057283
7612,0.013792
7613,0.070876
7614,0.022641
7615,-0.001375
7616,-0.049200
7617,-0.073774
7618,-0.077898
7619,-0.017888
7620,0.042491
7621,0.046819
7622,0.032368
7623,0.034328
7624,0.101165
7625,0.064274
7626,-0.019586
7627,-0.042370
7628,-0.081897
7629,-0.084409
7630,-0.029475
7631,-0.010737
7632,0.030702
7633,0.090544
7634,0.076483
7635,0.084536
7636,0.017714
7637,-0.038611
7638,-0.071301
7639,-0.101742
7640,-0.057703
7641,0.030075
7642,-0.015255
7643,-0.015847
7644,-0.040674
7645,-0.045705
7646,0.061664
7647,0.063339
7648,0.054178
7649,0.053926
7650,0.039451
7651,0.010988
7652,-0.025078
7653,-0.052880
7654,-0.081647
7655,-0.054797
7656,-0.028594
7657,0.014015
7658,0.080166
7659,0.098116
7660,0.016606
7661,0.016610
7662,0.020970
7663,-0.003905
7664,0.004119
7665,-0.019526
7666,-0.021279
7667,-0.048484
7668,-0.059191
7669,-0.013507
7670,0.003715
7671,-0.008767
7672,-0.004686
7673,0.025324
7674,0.051090
7675,0.013667
7676,-0.020118
7677,-0.058401
7678,-0.038091
7679,0.001554
7680,-0.042854
7681,-0.041002
7682,-0.015501
7683,0.035678
7684,0.062158
7685,0.132561
7686,0.111739
7687,0.069745
7688,0.008212
7689,-0.015105
7690,-0.047248
7691,-0.037104
7692,-0.067858
7693,-0.027005
7694,-0.038311
7695,-0.097387
7696,-0.087867
7697,-0.008099
7698,0.050731
7699,0.033753
7700,0.059126
7701,0.080549
7702,0.037465
7703,-0.014875
7704,-0.012700
7705,-0.006415
7706,-0.002696
7707,0.018656
7708,0.016397
7709,0.021200
7710,-0.036053
7711,-0.070053
7712,-0.053134
7713,-0.020795
7714,0.000243
7715,0.037859
7716,0.052272
7717,0.021584
7718,-0.025458
7719,0.012114
7720,0.022592
7721,-0.006066
7722,-0.011971
7723,0.051613
7724,0.042369
7725,-0.020411
7726,-0.038438
7727,-0.030222
7728,-0.042279
7729,-0.018212
7730,0.002051
7731,0.002323
7732,0.025197
7733,0.022936
7734,0.033705
7735,0.032277
7736,0.024505
7737,-0.005202
7738,-0.036669
7739,0.009664
7740,0.024073
7741,-0.016727
7742,0.008047
7743,-0.007481
7744,-0.018074
7745,-0.023934
7746,-0.041513
7747,-0.044175
7748,-0.049410
7749,0.005591
7750,0.033844
7751,0.060507
7752,0.063183
7753,0.038244
7754,0.004775
7755,-0.023936
7756,-0.058565
7757,-0.046987
7758,0.000806
7759,0.022961
7760,0.054881
7761,-0.009848
7762,-0.007695
7763,0.020793
7764,0.020995
7765,0.022888
7766,-0.031722
7767,-0.052451
7768,-0.024345
7769,-0.025558
7770,0.030871
7771,0.059372
7772,0.032836
7773,0.014505
7774,0.025532
7775,0.010267
7776,-0.037003
7777,-0.058180
7778,-0.078032
7779,0.023249
7780,0.033445
7781,0.030099
7782,0.014020
7783,-0.057494
7784,-0.035310
7785,-0.029370
7786,0.010968
7787,0.012148
7788,-0.005697
7789,-0.011552
7790,-0.005210
7791,-0.021723
7792,0.006324
7793,0.017308
7794,-0.025501
7795,-0.070444
7796,-0.036945
7797,0.011081
7798,0.051088
7799,0.057300
7800,0.075135
7801,0.087403
7802,-0.007745
7803,-0.026839
7804,-0.003866
7805,-0.033390
7806,-0.029417
7807,-0.012378
7808,0.027020
7809,0.027810
7810,-0.001317
7811,-0.041764
7812,-0.023861
7813,-0.000997
7814,0.017323
7815,0.032339
7816,0.031189
7817,-0.028712
7818,-0.070287
7819,-0.026729
7820,-0.015024
7821,0.013562
7822,-0.024867
7823,0.002157
7824,-0.043848
7825,-0.023978
7826,0.055057
7827,0.042233
7828,0.042774
7829,0.045209
7830,-0.009311
7831,-0.062039
7832,-0.057879
7833,-0.039558
7834,-0.019769
7835,0.027103
7836,0.038909
7837,0.025501
7838,-0.006492
7839,-0.012373
7840,-0.023293
7841,-0.003803
7842,0.007789
7843,0.061577
7844,0.082687
7845,0.069490
7846,0.023071
7847,-0.038204
7848,-0.053241
7849,-0.043953
7850,-0.077149
7851,-0.046391
7852,-0.025262
7853,-0.024653
7854,0.007589
7855,0.033868
7856,0.050812
7857,0.085841
7858,0.035186
7859,-0.015488
7860,-0.033029
7861,-0.028833
7862,-0.006824
7863,-0.033531
7864,-0.009942
7865,-0.025426
7866,-0.024619
7867,-0.032123
7868,-0.046721
7869,-0.013697
7870,0.033136
7871,0.007427
7872,-0.008659
7873,0.024616
7874,-0.007711
7875,0.020579
7876,0.023826
7877,0.023181
7878,0.062314
7879,0.040029
7880,-0.037922
7881,-0.044395
7882,-0.009951
7883,0.011147
7884,0.014288
7885,0.040053
7886,0.045745
7887,0.031687
7888,0.009729
7889,0.018411
7890,-0.014672
7891,-0.026256
7892,-0.006424
7893,-0.000140
7894,-0.030029
7895,-0.054993
7896,-0.089510
7897,-0.069012
7898,0.016576
7899,0.036623
7900,0.057606
7901,0.061189
7902,0.054313
7903,0.023916
7904,0.013372
7905,-0.030830
7906,-0.041259
7907,-0.058839
7908,-0.040358
7909,-0.073028
7910,-0.079819
7911,-0.066641
7912,0.001376
7913,0.071640
7914,0.102454
7915,0.110145
7916,0.051459
7917,0.037862
7918,-0.031095
7919,-0.014791
7920,0.000980
7921,-0.052095
7922,-0.044936
7923,-0.048586
7924,-0.035004
7925,0.036826
7926,0.044129
7927,0.028806
7928,-0.001652
7929,0.004242
7930,0.040299
7931,0.077054
7932,0.068190
7933,0.037128
7934,-0.033542
7935,-0.064367
7936,-0.099696
7937,-0.103405
7938,-0.056104
7939,-0.010617
7940,0.020550
7941,0.064115
7942,0.058266
7943,-0.009416
7944,0.030949
7945,0.025979
7946,-0.031211
7947,-0.039606
7948,-0.038113
7949,-0.028022
7950,0.041779
7951,0.076593
7952,0.028649
7953,0.012534
7954,-0.024763
7955,-0.074821
7956,-0.060102
7957,-0.069519
7958,-0.026258
7959,0.038117
7960,0.002242
7961,0.023703
7962,0.033735
7963,-0.015045
7964,-0.000689
7965,0.019306
7966,0.041360
7967,0.022921
7968,-0.034703
7969,-0.026729
7970,0.041622
7971,0.006651
7972,0.014339
7973,0.074196
7974,0.010788
7975,-0.033786
7976,-0.060671
7977,-0.019168
7978,0.041943
7979,0.056643
7980,-0.028830
7981,-0.037127
7982,-0.041955
7983,-0.030752
7984,-0.035152
7985,0.009245
7986,0.065094
7987,0.025431
7988,-0.000763
7989,-0.023366
7990,-0.024324
7991,0.000530
7992,0.030459
7993,0.018150
7994,-0.000776
7995,0.031824
7996,0.031234
7997,0.004652
7998,-0.044820
7999,-0.091433
8000,-0.107765
8001,-0.032660
8002,0.033855
8003,0.044499
8004,0.090305
8005,0.099957
8006,0.051260
8007,0.034986
8008,-0.016464
8009,-0.056024
8010,0.017347
8011,-0.041890
8012,-0.070864
8013,-0.037334
8014,-0.038685
8015,-0.001415
8016,-0.013838
8017,0.003028
8018,0.058367
8019,0.076023
8020,0.066984
8021,0.015226
8022,-0.056058
8023,-0.082861
8024,-0.063573
8025,-0.052526
8026,-0.023324
8027,0.079747
8028,0.092251
8029,0.035362
8030,-0.001939
8031,-0.056847
8032,-0.015276
8033,-0.018815
8034,-0.049558
8035,-0.013776
8036,0.009817
8037,0.034413
8038,0.050305
8039,0.008152
8040,-0.025664
8041,-0.010535
8042,-0.037761
8043,-0.031720
8044,-0.009157
8045,0.021162
8046,0.043861
8047,-0.004527
8048,-0.072300
8049,-0.026880
8050,0.005824
8051,0.062152
8052,0.020494
8053,0.000240
8054,0.012421
8055,0.035912
8056,0.001183
8057,-0.011664
8058,0.015703
8059,-0.045672
8060,-0.022747
8061,0.016441
8062,-0.028377
8063,-0.030927
8064,-0.004639
8065,0.016757
8066,0.016261
8067,-0.009195
8068,-0.024324
8069,0.011123
8070,-0.026498
8071,-0.009933
8072,0.063919
8073,0.036878
8074,0.008345
8075,0.014586
8076,-0.009559
8077,0.013056
8078,-0.028421
8079,-0.003637
8080,-0.000707
8081,-0.017383
8082,-0.000984
8083,0.006389
8084,-0.017222
8085,-0.009258
8086,-0.019004
8087,-0.013867
8088,0.000971
8089,-0.009208
8090,-0.019181
8091,0.005022
8092,0.056238
8093,0.088853
8094,0.045599
8095,-0.024282
8096,-0.045598
8097,-0.006371
8098,-0.008868
8099,-0.021385
8100,-0.026489
8101,-0.045652
8102,0.002378
8103,0.033887
8104,0.028102
8105,0.027484
8106,0.020453
8107,0.015977
8108,-0.012815
8109,-0.047552
8110,-0.049236
8111,-0.008724
8112,-0.014361
8113,-0.007169
8114,-0.037915
8115,0.014380
8116,0.031215
8117,0.044697
8118,-0.002012
8119,-0.055501
8120,-0.044385
8121,0.017379
8122,-0.000047
8123,0.016438
8124,-0.019195
8125,0.002291
8126,-0.008949
8127,0.014726
8128,0.056467
8129,0.023986
8130,0.047417
8131,0.029813
8132,-0.034653
8133,-0.050994
8134,-0.065069
8135,-0.027782
8136,-0.001697
8137,0.022621
8138,0.044917
8139,0.001788
8140,-0.035243
8141,-0.012281
8142,-0.001343
8143,-0.018892
8144,-0.032415
8145,-0.017140
8146,0.032560
8147,0.047496
8148,0.030520
8149,0.053192
8150,0.033994
8151,-0.001590
8152,0.017762
8153,-0.013694
8154,-0.002634
8155,0.006198
8156,-0.032051
8157,-0.034642
8158,0.009305
8159,-0.030153
8160,-0.040650
8161,0.021352
8162,0.039504
8163,0.001968
8164,-0.084360
8165,-0.103638
8166,-0.046226
8167,-0.040308
8168,0.002803
8169,0.098669
8170,0.112976
8171,0.081967
8172,0.020775
8173,-0.005634
8174,-0.002669
8175,-0.019964
8176,-0.040541
8177,-0.040155
8178,-0.019332
8179,-0.015307
8180,-0.050651
8181,0.003467
8182,0.044460
8183,0.043214
8184,0.045555
8185,0.023653
8186,0.060658
8187,-0.016431
8188,-0.059135
8189,-0.055920
8190,-0.011677
8191,0.060966
8192,0.035444
8193,-0.012882
8194,-0.068554
8195,-0.071310
8196,-0.051461
8197,0.023948
8198,-0.009588
8199,-0.021959
8200,0.003502
8201,-0.048496
8202,0.006583
8203,0.018433
8204,0.048439
8205,0.087741
8206,0.115281
8207,0.048246
8208,0.010150
8209,0.017294
8210,-0.018869
8211,-0.044842
8212,-0.090258
8213,-0.056233
8214,-0.042628
8215,-0.053836
8216,-0.002110
8217,0.063298
8218,0.079634
8219,0.039253
8220,0.056636
8221,0.011571
8222,-0.023411
8223,-0.050678
8224,-0.054644
8225,-0.022766
8226,-0.012054
8227,-0.068360
8228,-0.082554
8229,-0.050799
8230,-0.023023
8231,0.099564
8232,0.164105
8233,0.149014
8234,0.049264
8235,0.018232
8236,-0.047370
8237,-0.075628
8238,-0.056768
8239,-0.073042
8240,-0.031378
8241,0.035254
8242,0.064005
8243,0.035535
8244,-0.010508
8245,-0.066250
8246,-0.026889
8247,0.029249
8248,0.006565
8249,-0.022206
8250,-0.051744
8251,-0.024746
8252,-0.008118
8253,-0.011467
8254,0.005824
8255,0.036331
8256,0.016974
8257,0.035488
8258,0.039224
8259,0.011403
8260,0.008163
8261,-0.000402
8262,-0.027120
8263,-0.010894
8264,0.012110
8265,0.030179
8266,-0.002916
8267,-0.035840
8268,-0.043666
8269,-0.065078
8270,-0.048282
8271,0.022734
8272,0.053100
8273,0.016183
8274,-0.008530
8275,-0.019269
8276,0.017687
8277,0.084440
8278,0.123424
8279,0.099681
8280,0.010864
8281,-0.076671
8282,-0.096175
8283,-0.050870
8284,-0.068461
8285,-0.046994
8286,-0.052887
8287,-0.023730
8288,0.010995
8289,0.006919
8290,0.002332
8291,0.077648
8292,0.105566
8293,0.079612
8294,0.009041
8295,-0.061631
8296,-0.051558
8297,-0.072813
8298,-0.043676
8299,0.012194
8300,-0.030448
8301,-0.023637
8302,-0.006270
8303,0.002529
8304,0.009019
8305,0.057706
8306,0.087954
8307,0.073133
8308,0.036798
8309,-0.030860
8310,-0.015164
8311,-0.010187
8312,0.014007
8313,0.032147
8314,-0.012336
8315,-0.065609
8316,-0.052461
8317,-0.025282
8318,-0.032516
8319,-0.002612
8320,0.046363
8321,0.052261
8322,0.035265
8323,0.043738
8324,-0.003463
8325,-0.031091
8326,-0.046263
8327,-0.061689
8328,-0.057219
8329,-0.050717
8330,0.043184
8331,0.069217
8332,0.033180
8333,0.026698
8334,0.009288
8335,0.002160
8336,-0.042000
8337,-0.068717
8338,0.007285
8339,0.002704
8340,0.033731
8341,0.027786
8342,-0.001197
8343,-0.021978
8344,-0.005362
8345,-0.012663
8346,0.037211
8347,0.058839
8348,0.031556
8349,-0.008132
8350,-0.024410
8351,-0.063731
8352,-0.050503
8353,-0.009712
8354,0.001256
8355,-0.024278
8356,-0.005346
8357,0.000567
8358,-0.025167
8359,0.000845
8360,-0.002584
8361,0.015175
8362,0.000023
8363,-0.006922
8364,0.055400
8365,0.021740
8366,0.049505
8367,0.046680
8368,-0.001321
8369,0.007949
8370,0.013322
8371,-0.030529
8372,-0.094051
8373,-0.080833
8374,-0.051160
8375,-0.011721
8376,-0.015209
8377,0.038403
8378,0.064542
8379,0.071035
8380,0.073535
8381,0.016905
8382,-0.035136
8383,-0.044048
8384,-0.010354
8385,-0.053028
8386,-0.028525
8387,-0.012065
8388,-0.005835
8389,-0.021536
8390,-0.046516
8391,0.042122
8392,0.092488
8393,0.104380
8394,0.058369
8395,0.039495
8396,-0.038246
8397,-0.073922
8398,-0.074028
8399,-0.102031
8400,-0.068670
8401,0.029589
8402,-0.001115
8403,0.063462
8404,0.105820
8405,0.084112
8406,0.033667
8407,-0.034721
8408,-0.073798
8409,-0.066801
8410,-0.048050
8411,0.029507
8412,0.006609
8413,0.048792
8414,0.048707
8415,0.002196
8416,-0.044014
8417,-0.045643
8418,-0.010730
8419,0.001364
8420,0.000346
8421,-0.013199
8422,-0.021207
8423,-0.062853
8424,0.005295
8425,0.072476
8426,0.047169
8427,0.085235
8428,0.070968
8429,-0.011070
8430,-0.021273
8431,-0.016006
8432,0.002745
8433,0.035325
8434,0.026502
8435,-0.014275
8436,-0.069043
8437,-0.055498
8438,-0.079251
8439,-0.066677
8440,-0.053740
8441,-0.059314
8442,-0.009549
8443,0.096326
8444,0.056208
8445,-0.019564
8446,0.078542
8447,0.128564
8448,0.087421
8449,0.027938
8450,0.002166
8451,-0.055983
8452,-0.118138
8453,-0.058487
8454,-0.052017
8455,-0.100567
8456,-0.055094
8457,0.004581
8458,0.024611
8459,-0.001053
8460,0.055397
8461,0.072764
8462,0.027028
8463,0.040533
8464,0.004950
8465,-0.009490
8466,0.001243
8467,-0.009037
8468,-0.026573
8469,-0.002390
8470,-0.013761
8471,-0.037000
8472,-0.056231
8473,-0.005619
8474,0.010289
8475,-0.004541
8476,0.017781
8477,0.022332
8478,0.061571
8479,0.074091
8480,0.024390
8481,0.005221
8482,-0.033432
8483,-0.028840
8484,-0.020889
8485,-0.033343
8486,-0.032124
8487,-0.021150
8488,0.005368
8489,0.023994
8490,-0.003332
8491,0.026907
8492,0.037532
8493,0.000324
8494,-0.027598
8495,-0.013366
8496,-0.011670
8497,0.015549
8498,0.001551
8499,-0.009775
8500,0.017956
8501,0.002778
8502,-0.049869
8503,-0.109050
8504,-0.014944
8505,0.074821
8506,0.100644
8507,0.085649
8508,-0.034256
8509,-0.048293
8510,-0.022650
8511,0.042098
8512,0.030804
8513,0.005189
8514,-0.058808
8515,-0.053295
8516,-0.032840
8517,-0.022794
8518,-0.023947
8519,0.018147
8520,0.021109
8521,-0.014494
8522,-0.014300
8523,0.029224
8524,0.064979
8525,0.034995
8526,0.046656
8527,0.038147
8528,0.039878
8529,0.055463
8530,0.021531
8531,-0.048322
8532,-0.094087
8533,-0.088282
8534,-0.005458
8535,0.060890
8536,0.041684
8537,0.000908
8538,-0.022347
8539,-0.106652
8540,-0.087236
8541,-0.030992
8542,0.026712
8543,0.083827
8544,0.004805
8545,0.003820
8546,0.017540
8547,0.026795
8548,-0.044684
8549,-0.051132
8550,-0.012809
8551,0.041063
8552,0.050477
8553,0.105933
8554,0.096321
8555,0.034359
8556,0.004397
8557,-0.083777
8558,-0.120762
8559,-0.017421
8560,-0.008425
8561,0.022766
8562,0.029565
8563,-0.051143
8564,-0.068158
8565,-0.078891
8566,-0.034830
8567,0.022496
8568,0.068333
8569,0.060012
8570,0.068716
8571,0.042958
8572,-0.035977
8573,-0.036101
8574,0.036826
8575,0.013196
8576,-0.018058
8577,-0.004740
8578,0.016178
8579,-0.002664
8580,0.013839
8581,-0.024900
8582,-0.050058
8583,-0.009912
8584,-0.014395
8585,-0.038469
8586,0.005374
8587,-0.014942
8588,0.012915
8589,0.012594
8590,0.022675
8591,0.070938
8592,0.015164
8593,0.000044
8594,0.023187
8595,-0.009704
8596,-0.031350
8597,-0.036771
8598,-0.039537
8599,-0.014714
8600,0.004426
8601,-0.015676
8602,-0.048539
8603,-0.020801
8604,0.022050
8605,0.073418
8606,0.067033
8607,0.054338
8608,0.054614
8609,0.023351
8610,-0.028916
8611,-0.014545
8612,-0.056345
8613,-0.069157
8614,-0.027708
8615,0.010697
8616,-0.016507
8617,-0.046447
8618,-0.034721
8619,0.026707
8620,0.010395
8621,0.024675
8622,0.052031
8623,0.031877
8624,0.005025
8625,0.042262
8626,0.020418
8627,0.023702
8628,-0.001257
8629,-0.022682
8630,-0.009035
8631,-0.051086
8632,-0.065024
8633,-0.030493
8634,-0.014056
8635,0.042372
8636,0.083650
8637,0.090715
8638,0.047438
8639,-0.042106
8640,-0.053048
8641,-0.047808
8642,-0.090367
8643,-0.044795
8644,-0.016444
8645,-0.042713
8646,0.008729
8647,0.018840
8648,0.023664
8649,0.035763
8650,0.051510
8651,0.048980
8652,0.021316
8653,-0.014952
8654,-0.012471
8655,-0.030258
8656,0.031310
8657,0.035911
8658,-0.009418
8659,-0.044008
8660,-0.040857
8661,-0.056324
8662,-0.054867
8663,-0.035783
8664,-0.018241
8665,0.010351
8666,0.037153
8667,0.080486
8668,0.078618
8669,0.055491
8670,0.039296
8671,-0.014071
8672,-0.017333
8673,-0.045464
8674,-0.052571
8675,-0.040000
8676,-0.099733
8677,-0.063169
8678,0.027197
8679,0.094544
8680,0.117646
8681,0.071467
8682,0.032136
8683,0.011385
8684,-0.040535
8685,-0.027912
8686,-0.079035
8687,-0.101206
8688,-0.063154
8689,-0.033959
8690,-0.002879
8691,0.037216
8692,0.045755
8693,0.055672
8694,0.029557
8695,-0.007651
8696,-0.054591
8697,-0.088798
8698,-0.042820
8699,0.037801
8700,0.039600
8701,0.056992
8702,0.059245
8703,0.038280
8704,-0.007655
8705,-0.000172
8706,-0.026440
8707,-0.030140
8708,0.013828
8709,0.016988
8710,-0.058105
8711,-0.008515
8712,0.025895
8713,0.016283
8714,0.007749
8715,-0.001186
8716,-0.021748
8717,-0.002121
8718,0.033967
8719,0.007311
8720,-0.044634
8721,-0.040214
8722,-0.052192
8723,-0.018928
8724,0.047139
8725,0.052040
8726,0.047656
8727,0.039052
8728,-0.004135
8729,-0.029163
8730,-0.035342
8731,-0.033052
8732,-0.028115
8733,0.042413
8734,0.044643
8735,0.014939
8736,0.000815
8737,0.019776
8738,0.017948
8739,-0.063008
8740,-0.070140
8741,-0.015408
8742,-0.044061
8743,-0.042341
8744,0.008471
8745,0.013822
8746,0.063513
8747,0.061042
8748,0.003764
8749,-0.040530
8750,-0.028535
8751,0.034255
8752,0.055264
8753,0.019351
8754,0.012109
8755,0.007094
8756,-0.025667
8757,-0.068536
8758,-0.103369
8759,-0.058030
8760,-0.020795
8761,-0.019466
8762,-0.016141
8763,0.024291
8764,0.084689
8765,0.081916
8766,0.095694
8767,0.028334
8768,-0.045449
8769,-0.020591
8770,-0.054895
8771,-0.031287
8772,-0.029562
8773,-0.049088
8774,-0.037703
8775,0.006970
8776,0.074391
8777,0.110707
8778,0.066692
8779,0.082098
8780,0.046659
8781,-0.024738
8782,-0.078621
8783,-0.088122
8784,-0.091193
8785,-0.042149
8786,-0.042332
8787,-0.019787
8788,0.065105
8789,0.061174
8790,0.048644
8791,0.000031
8792,-0.035485
8793,-0.061894
8794,-0.027742
8795,0.001677
8796,0.029444
8797,0.008315
8798,0.043509
8799,0.065857
8800,-0.002671
8801,-0.050032
8802,-0.047622
8803,-0.020299
8804,-0.023220
8805,0.005591
8806,0.026700
8807,0.003055
8808,0.007989
8809,0.030285
8810,0.009700
8811,0.014004
8812,0.006304
8813,0.038470
8814,0.023932
8815,-0.019683
8816,-0.050339
8817,-0.058206
8818,-0.024438
8819,-0.010801
8820,0.005030
8821,0.028242
8822,0.002166
8823,0.028891
8824,0.060306
8825,0.024488
8826,-0.008978
8827,-0.005226
8828,-0.017272
8829,-0.024246
8830,-0.011905
8831,-0.039773
8832,-0.068967
8833,-0.017151
8834,0.017327
8835,-0.002289
8836,0.028208
8837,0.044083
8838,0.060332
8839,0.003302
8840,-0.066772
8841,-0.030501
8842,0.027926
8843,0.035297
8844,0.018277
8845,-0.012235
8846,-0.022569
8847,-0.007973
8848,-0.021353
8849,0.018066
8850,0.004636
8851,0.004426
8852,0.008384
8853,-0.003626
8854,-0.058515
8855,-0.023401
8856,-0.005701
8857,-0.013692
8858,-0.040621
8859,-0.012132
8860,0.058842
8861,0.084459
8862,0.056517
8863,0.066310
8864,0.047006
8865,-0.005451
8866,-0.015851
8867,-0.067549
8868,-0.088145
8869,-0.062871
8870,-0.086020
8871,-0.080433
8872,-0.060436
8873,-0.020098
8874,0.075457
8875,0.085620
8876,0.090931
8877,0.077512
8878,0.074204
8879,0.037602
8880,-0.024004
8881,-0.049997
8882,-0.026228
8883,-0.055559
8884,-0.056897
8885,-0.035827
8886,-0.042054
8887,-0.041210
8888,0.032086
8889,0.103928
8890,0.051325
8891,0.044405
8892,0.003837
8893,-0.031805
8894,-0.035299
8895,-0.030395
8896,0.000506
8897,0.041913
8898,0.009663
8899,0.011382
8900,-0.007986
8901,-0.016054
8902,-0.035499
8903,-0.018482
8904,-0.009663
8905,-0.013485
8906,0.015572
8907,0.003340
8908,-0.020254
8909,-0.013850
8910,0.009186
8911,0.006189
8912,0.086174
8913,0.038878
8914,-0.044005
8915,-0.032244
8916,-0.039724
8917,-0.012582
8918,-0.035323
8919,-0.026121
8920,-0.009009
8921,-0.018840
8922,0.030507
8923,0.027737
8924,0.044563
8925,0.104940
8926,0.116044
8927,0.056973
8928,-0.042830
8929,-0.139854
8930,-0.106583
8931,-0.032960
8932,-0.033280
8933,0.025050
8934,0.013152
8935,-0.011911
8936,-0.020037
8937,0.043405
8938,0.075420
8939,0.062102
8940,0.040461
8941,0.039241
8942,-0.010835
8943,-0.027420
8944,-0.074206
8945,-0.078868
8946,-0.074538
8947,-0.043668
8948,0.015765
8949,0.055480
8950,0.022185
8951,-0.051425
8952,-0.062267
8953,0.037748
8954,0.037849
8955,0.112902
8956,0.063730
8957,0.001422
8958,-0.007429
8959,-0.022743
8960,-0.025015
8961,-0.026435
8962,0.013303
8963,0.053234
8964,0.046041
8965,-0.063509
8966,-0.066243
8967,-0.013575
8968,0.001470
8969,0.038777
8970,0.027477
8971,0.006068
8972,-0.034635
8973,-0.039309
8974,-0.003913
8975,0.013389
8976,0.005841
8977,-0.031912
8978,-0.029723
8979,-0.042043
8980,-0.032630
8981,0.012404
8982,0.049135
8983,0.120240
8984,0.118148
8985,0.051615
8986,0.001066
8987,-0.065214
8988,-0.133009
8989,-0.085244
8990,-0.051862
8991,0.000245
8992,0.005265
8993,0.025281
8994,0.098521
8995,0.094107
8996,0.031043
8997,-0.017460
8998,-0.040828
8999,-0.071838
9000,-0.058636
9001,-0.042170
9002,-0.016420
9003,0.008300
9004,-0.015056
9005,-0.017058
9006,0.004991
9007,-0.020164
9008,0.015953
9009,0.027427
9010,0.003160
9011,0.012255
9012,0.043120
9013,0.049541
9014,0.039473
9015,0.033594
9016,0.002753
9017,-0.018693
9018,-0.036592
9019,-0.043173
9020,-0.021843
9021,0.009039
9022,0.054639
9023,0.062352
9024,0.043497
9025,-0.017504
9026,-0.051719
9027,-0.085040
9028,-0.059095
9029,-0.045456
9030,-0.005482
9031,0.014377
9032,0.012084
9033,0.024063
9034,0.064815
9035,0.048927
9036,0.004754
9037,0.015491
9038,-0.011961
9039,-0.090159
9040,-0.062112
9041,-0.040760
9042,0.000545
9043,0.027419
9044,0.040392
9045,0.068518
9046,0.045953
9047,0.015639
9048,0.002327
9049,-0.052682
9050,-0.085904
9051,-0.096232
9052,-0.014042
9053,0.058021
9054,0.079004
9055,0.072819
9056,0.040318
9057,0.018821
9058,0.001445
9059,-0.024960
9060,-0.031009
9061,-0.041947
9062,-0.062692
9063,-0.056721
9064,-0.015545
9065,0.055376
9066,0.046075
9067,-0.014589
9068,0.041673
9069,0.028909
9070,0.007867
9071,0.048953
9072,0.031637
9073,0.003271
9074,-0.036933
9075,-0.079410
9076,-0.079407
9077,-0.071113
9078,-0.011155
9079,0.072124
9080,0.047785
9081,0.001061
9082,-0.021831
9083,-0.038238
9084,-0.036095
9085,0.021210
9086,0.033675
9087,0.033325
9088,0.025088
9089,0.010594
9090,0.000732
9091,-0.055175
9092,-0.010402
9093,0.034693
9094,0.006934
9095,-0.018033
9096,-0.008689
9097,0.017297
9098,0.001166
9099,0.027193
9100,0.051913
9101,0.043873
9102,-0.015316
9103,-0.012828
9104,-0.008425
9105,0.009297
9106,-0.022830
9107,-0.069333
9108,-0.034506
9109,0.000865
9110,0.000616
9111,-0.017034
9112,0.000637
9113,0.037937
9114,0.023212
9115,0.041568
9116,0.025799
9117,-0.003024
9118,0.020200
9119,-0.013842
9120,-0.023935
9121,-0.031368
9122,-0.033259
9123,0.006201
9124,-0.015253
9125,-0.040012
9126,-0.025914
9127,-0.033237
9128,0.040878
9129,0.055200
9130,0.040130
9131,0.026485
9132,0.109887
9133,0.030921
9134,-0.034939
9135,-0.028169
9136,-0.040984
9137,-0.033715
9138,-0.016214
9139,-0.007156
9140,-0.012823
9141,-0.006450
9142,-0.053414
9143,-0.086312
9144,-0.059296
9145,-0.014657
9146,0.044164
9147,0.038555
9148,0.021819
9149,0.045350
9150,0.053543
9151,0.066898
9152,0.008097
9153,0.070052
9154,0.083845
9155,0.037676
9156,-0.010768
9157,-0.058054
9158,-0.107842
9159,-0.091461
9160,-0.085383
9161,-0.064523
9162,-0.015584
9163,-0.014454
9164,0.025356
9165,0.016418
9166,-0.010592
9167,0.017124
9168,0.039450
9169,0.073415
9170,0.101250
9171,0.072713
9172,0.053289
9173,-0.023506
9174,-0.062951
9175,-0.016075
9176,-0.057392
9177,-0.080270
9178,-0.048082
9179,0.025680
9180,0.078449
9181,0.043923
9182,-0.027424
9183,-0.053316
9184,-0.023556
9185,0.011989
9186,0.010379
9187,0.021986
9188,-0.040741
9189,-0.032674
9190,-0.019370
9191,0.000831
9192,-0.036505
9193,-0.021809
9194,0.003987
9195,0.009917
9196,-0.025151
9197,0.019200
9198,0.063801
9199,0.047064
9200,0.008982
9201,-0.006283
9202,-0.060650
9203,-0.047551
9204,-0.003283
9205,0.028231
9206,0.043440
9207,-0.006328
9208,-0.022236
9209,-0.043867
9210,-0.025352
9211,0.029163
9212,0.060080
9213,0.038951
9214,0.012346
9215,-0.016449
9216,-0.017148
9217,0.008626
9218,0.042899
9219,0.033204
9220,-0.000360
9221,-0.064044
9222,-0.074489
9223,-0.051619
9224,-0.013871
9225,-0.004447
9226,0.004883
9227,0.001031
9228,0.016092
9229,0.035854
9230,0.040898
9231,0.010740
9232,0.014581
9233,0.015451
9234,-0.016074
9235,-0.016342
9236,-0.017329
9237,-0.025976
9238,-0.042041
9239,0.005868
9240,0.034358
9241,0.021794
9242,0.013264
9243,-0.012820
9244,-0.021818
9245,0.020620
9246,0.019090
9247,-0.017529
9248,-0.023652
9249,-0.007417
9250,-0.046332
9251,-0.055737
9252,-0.015359
9253,-0.001183
9254,0.064613
9255,0.080014
9256,0.047767
9257,0.043225
9258,-0.010585
9259,-0.020332
9260,-0.005151
9261,-0.058017
9262,-0.005714
9263,0.028941
9264,0.001917
9265,0.033504
9266,0.014118
9267,-0.012706
9268,0.011201
9269,-0.024613
9270,-0.029568
9271,-0.009982
9272,-0.038334
9273,-0.048832
9274,-0.069203
9275,-0.072616
9276,-0.033478
9277,-0.004082
9278,0.035566
9279,0.097647
9280,0.093600
9281,0.046599
9282,0.024419
9283,0.009387
9284,-0.035665
9285,-0.043969
9286,-0.025779
9287,-0.033166
9288,-0.004479
9289,0.040301
9290,0.067661
9291,0.032243
9292,-0.009437
9293,-0.042091
9294,-0.012203
9295,0.045946
9296,0.036820
9297,0.001904
9298,-0.030354
9299,-0.066946
9300,-0.067271
9301,-0.054036
9302,-0.012642
9303,0.030683
9304,0.012827
9305,-0.012294
9306,0.074393
9307,0.045202
9308,-0.008350
9309,-0.002271
9310,0.040716
9311,0.041928
9312,0.015805
9313,-0.015602
9314,-0.053913
9315,-0.065392
9316,-0.016814
9317,0.035996
9318,0.058372
9319,0.010965
9320,-0.011363
9321,0.025408
9322,-0.049464
9323,-0.008443
9324,0.013248
9325,0.023952
9326,0.069064
9327,-0.032301
9328,-0.093458
9329,-0.104506
9330,-0.083548
9331,-0.009351
9332,0.053802
9333,0.055641
9334,0.067968
9335,-0.005258
9336,-0.006673
9337,0.011761
9338,0.014984
9339,0.026777
9340,0.023010
9341,0.047274
9342,0.016289
9343,-0.094579
9344,-0.079259
9345,-0.072489
9346,-0.083323
9347,-0.013120
9348,-0.007360
9349,0.029107
9350,0.029144
9351,0.062946
9352,0.093035
9353,0.076583
9354,0.063272
9355,0.044944
9356,-0.001995
9357,-0.002498
9358,-0.018989
9359,-0.071897
9360,-0.123538
9361,-0.117720
9362,-0.023289
9363,0.044503
9364,0.114098
9365,0.079610
9366,0.076109
9367,0.027382
9368,-0.057085
9369,-0.028747
9370,-0.042167
9371,-0.031371
9372,-0.019678
9373,-0.038369
9374,-0.020023
9375,-0.044843
9376,0.009018
9377,0.048122
9378,0.038930
9379,0.045263
9380,0.037736
9381,0.035837
9382,-0.011663
9383,-0.087594
9384,-0.092497
9385,-0.065849
9386,0.030573
9387,0.054615
9388,0.035215
9389,0.051401
9390,0.039452
9391,0.013665
9392,-0.033491
9393,-0.029179
9394,-0.035379
9395,-0.029838
9396,0.014613
9397,0.020465
9398,0.027529
9399,-0.000769
9400,-0.004297
9401,-0.030256
9402,-0.016710
9403,-0.023063
9404,-0.010355
9405,0.031440
9406,0.000878
9407,0.005740
9408,-0.023209
9409,-0.004473
9410,0.035903
9411,0.038559
9412,0.025016
9413,0.010404
9414,-0.047459
9415,-0.059542
9416,0.015062
9417,0.030989
9418,0.042496
9419,0.029963
9420,0.022632
9421,-0.003098
9422,-0.068731
9423,-0.042070
9424,-0.009026
9425,-0.030004
9426,0.000738
9427,0.006753
9428,0.004594
9429,0.012074
9430,0.007494
9431,0.028876
9432,0.045794
9433,0.041996
9434,0.035633
9435,-0.020062
9436,-0.069597
9437,-0.069045
9438,-0.029474
9439,-0.006612
9440,0.021458
9441,-0.012698
9442,0.007306
9443,0.044504
9444,0.007285
9445,-0.015183
9446,-0.008584
9447,0.023381
9448,0.056489
9449,-0.023612
9450,-0.072361
9451,-0.016878
9452,0.001268
9453,0.028468
9454,0.041209
9455,0.023175
9456,-0.015285
9457,-0.086223
9458,-0.085356
9459,-0.056874
9460,-0.028200
9461,-0.014200
9462,0.040454
9463,0.078800
9464,0.103217
9465,0.132184
9466,0.108503
9467,0.048394
9468,-0.034991
9469,-0.052803
9470,-0.085041
9471,-0.109955
9472,-0.098709
9473,-0.063903
9474,0.027058
9475,0.047072
9476,0.036642
9477,0.003862
9478,0.042295
9479,0.061784
9480,0.043898
9481,0.055664
9482,0.004262
9483,-0.071213
9484,-0.130737
9485,-0.076703
9486,-0.031832
9487,0.010248
9488,0.013182
9489,0.011562
9490,0.015397
9491,0.000083
9492,0.002405
9493,-0.004655
9494,0.003501
9495,0.060633
9496,0.077705
9497,0.032612
9498,-0.006804
9499,0.017292
9500,-0.007436
9501,-0.028335
9502,-0.036224
9503,-0.003037
9504,0.015296
9505,0.024236
9506,0.024449
9507,0.004219
9508,-0.038152
9509,-0.034935
9510,-0.040039
9511,-0.045997
9512,-0.030329
9513,0.004304
9514,0.003935
9515,0.037475
9516,0.076491
9517,-0.009159
9518,0.001856
9519,-0.024945
9520,-0.047285
9521,-0.054979
9522,0.006229
9523,0.058497
9524,0.086640
9525,0.037308
9526,-0.009568
9527,-0.063368
9528,-0.095708
9529,-0.066070
9530,-0.017063
9531,0.020498
9532,0.072592
9533,0.066917
9534,0.065866
9535,0.056097
9536,-0.010200
9537,-0.029013
9538,-0.098237
9539,-0.099753
9540,-0.058332
9541,0.008089
9542,0.004842
9543,0.040719
9544,0.081861
9545,0.109280
9546,0.094933
9547,0.014525
9548,-0.043221
9549,-0.072261
9550,-0.077233
9551,-0.046110
9552,-0.001388
9553,0.033039
9554,0.023339
9555,-0.011821
9556,0.001911
9557,-0.001657
9558,0.007396
9559,0.033604
9560,0.036194
9561,-0.001714
9562,-0.005627
9563,0.035963
9564,-0.033700
9565,-0.094914
9566,-0.063308
9567,-0.008764
9568,-0.010871
9569,0.028247
9570,0.018245
9571,0.018279
9572,0.011500
9573,0.014799
9574,0.035290
9575,0.025300
9576,-0.006175
9577,0.038556
9578,0.015332
9579,-0.034784
9580,-0.008004
9581,0.018396
9582,-0.003402
9583,-0.008848
9584,-0.024749
9585,-0.060948
9586,-0.080498
9587,-0.017068
9588,0.015432
9589,0.046733
9590,0.048405
9591,0.020917
9592,0.006462
9593,0.007584
9594,-0.018014
9595,0.023760
9596,0.013435
9597,-0.000230
9598,-0.036227
9599,-0.053697
9600,-0.055623
9601,-0.014412
9602,0.064853
9603,0.052913
9604,-0.025357
9605,0.008698
9606,0.024511
9607,0.042798
9608,-0.012953
9609,-0.016507
9610,-0.030611
9611,-0.048399
9612,0.005503
9613,0.008477
9614,-0.032737
9615,0.012288
9616,0.063210
9617,0.074787
9618,0.065404
9619,0.021940
9620,-0.008277
9621,-0.035043
9622,-0.080190
9623,-0.044663
9624,0.000925
9625,-0.042921
9626,0.014644
9627,0.020167
9628,0.027582
9629,0.064136
9630,0.021325
9631,-0.031659
9632,-0.068877
9633,-0.042992
9634,0.015281
9635,0.049461
9636,0.014630
9637,-0.006448
9638,-0.042797
9639,-0.017970
9640,-0.019234
9641,0.004166
9642,0.050961
9643,0.041361
9644,-0.024168
9645,-0.030278
9646,-0.003850
9647,0.004647
9648,-0.013474
9649,0.009249
9650,-0.003291
9651,-0.011675
9652,0.000556
9653,-0.034965
9654,0.005189
9655,0.046615
9656,0.060570
9657,0.030458
9658,0.020958
9659,-0.022306
9660,-0.023966
9661,-0.060373
9662,-0.067725
9663,-0.036918
9664,-0.013261
9665,0.038860
9666,0.084579
9667,0.060672
9668,0.023347
9669,-0.000527
9670,-0.012546
9671,-0.018394
9672,-0.037282
9673,-0.062005
9674,-0.058432
9675,-0.035322
9676,-0.037810
9677,0.001562
9678,0.078083
9679,0.096026
9680,0.058950
9681,0.052538
9682,0.003025
9683,-0.028355
9684,-0.062108
9685,-0.041423
9686,0.017243
9687,-0.012470
9688,-0.018407
9689,-0.021187
9690,-0.028174
9691,0.013974
9692,-0.015289
9693,0.015297
9694,0.020066
9695,0.007153
9696,0.006331
9697,-0.003229
9698,0.004669
9699,0.053548
9700,0.067398
9701,0.031061
9702,0.020133
9703,-0.016519
9704,-0.052773
9705,-0.104141
9706,-0.089556
9707,-0.048256
9708,-0.007717
9709,0.040846
9710,0.055322
9711,0.046582
9712,0.003952
9713,-0.043059
9714,-0.048816
9715,0.004808
9716,0.017489
9717,0.024022
9718,0.073903
9719,0.039598
9720,0.006473
9721,-0.001411
9722,-0.011213
9723,-0.024653
9724,-0.001111
9725,0.038175
9726,0.002976
9727,-0.033040
9728,-0.034474
9729,-0.069600
9730,-0.082245
9731,-0.000887
9732,0.018372
9733,0.034086
9734,0.043511
9735,0.018898
9736,0.020105
9737,0.042081
9738,0.006394
9739,-0.055819
9740,-0.054782
9741,-0.038301
9742,0.022938
9743,0.077283
9744,0.067735
9745,0.071300
9746,0.048045
9747,-0.011069
9748,-0.071404
9749,-0.100661
9750,-0.128556
9751,-0.074817
9752,-0.038070
9753,0.020946
9754,0.066531
9755,0.073314
9756,0.012328
9757,0.041248
9758,0.016600
9759,-0.012208
9760,0.015745
9761,0.006290
9762,-0.015210
9763,-0.055792
9764,-0.069399
9765,-0.004339
9766,0.045154
9767,0.030981
9768,0.005364
9769,0.001480
9770,0.050416
9771,0.002362
9772,-0.006394
9773,-0.016470
9774,-0.024669
9775,-0.001329
9776,0.038743
9777,0.008067
9778,0.027987
9779,-0.026350
9780,0.012836
9781,-0.019406
9782,-0.078448
9783,-0.043003
9784,-0.015667
9785,-0.046716
9786,0.006632
9787,0.042985
9788,0.047410
9789,0.038028
9790,0.026928
9791,0.045715
9792,0.074875
9793,0.048197
9794,0.000365
9795,-0.058169
9796,-0.080375
9797,-0.079900
9798,-0.028146
9799,-0.002682
9800,0.000191
9801,0.022378
9802,-0.004084
9803,0.027482
9804,0.033834
9805,-0.022476
9806,-0.010206
9807,0.035665
9808,0.002574
9809,0.003642
9810,-0.019934
9811,-0.025343
9812,-0.000922
9813,-0.008593
9814,-0.044530
9815,-0.023692
9816,0.020495
9817,0.101045
9818,0.084888
9819,0.017804
9820,-0.015879
9821,-0.038786
9822,0.003093
9823,-0.009083
9824,-0.075002
9825,-0.015869
9826,-0.015285
9827,-0.063715
9828,-0.004985
9829,0.036066
9830,-0.002071
9831,0.023150
9832,0.005141
9833,0.023417
9834,0.016138
9835,0.000992
9836,0.036383
9837,0.036083
9838,0.042221
9839,0.029908
9840,-0.014091
9841,-0.082557
9842,-0.100892
9843,-0.051046
9844,-0.010824
9845,-0.030244
9846,-0.047849
9847,-0.004363
9848,0.042529
9849,0.062601
9850,0.027427
9851,0.020268
9852,-0.002957
9853,-0.011831
9854,-0.019354
9855,0.012934
9856,0.001774
9857,-0.000700
9858,-0.008383
9859,0.023699
9860,0.056423
9861,0.059950
9862,0.014045
9863,-0.007516
9864,0.009293
9865,0.038413
9866,-0.017527
9867,-0.053307
9868,-0.066996
9869,-0.057594
9870,-0.019236
9871,-0.042233
9872,0.007061
9873,0.036600
9874,0.059035
9875,0.063757
9876,0.074690
9877,0.012703
9878,-0.016860
9879,-0.055669
9880,-0.029553
9881,0.005622
9882,0.003012
9883,0.003836
9884,-0.037215
9885,-0.099432
9886,-0.076431
9887,-0.022375
9888,-0.003204
9889,0.038007
9890,0.082356
9891,0.063617
9892,-0.006829
9893,-0.008982
9894,0.047746
9895,0.035788
9896,0.055813
9897,0.041795
9898,-0.005000
9899,-0.059139
9900,-0.078294
9901,-0.108458
9902,-0.075519
9903,0.002839
9904,0.044474
9905,0.016452
9906,0.051639
9907,0.030227
9908,0.025097
9909,0.031004
9910,0.016816
9911,0.017892
9912,-0.000077
9913,-0.036874
9914,-0.017833
9915,-0.007693
9916,-0.018698
9917,0.033318
9918,0.009096
9919,0.018445
9920,-0.016825
9921,-0.002140
9922,0.022724
9923,-0.033915
9924,-0.015083
9925,-0.028589
9926,-0.047693
9927,0.000789
9928,0.010101
9929,0.036036
9930,0.009676
9931,-0.013064
9932,-0.044387
9933,-0.034346
9934,0.016747
9935,0.013442
9936,-0.001532
9937,0.033594
9938,0.060980
9939,0.054508
9940,0.057677
9941,0.036386
9942,0.010734
9943,0.038973
9944,0.017565
9945,-0.051233
9946,-0.078616
9947,-0.125734
9948,-0.086445
9949,-0.063791
9950,0.014591
9951,0.039632
9952,0.037237
9953,0.053030
9954,0.051857
9955,0.031612
9956,0.006986
9957,0.016689
9958,-0.014446
9959,-0.019371
9960,-0.041554
9961,-0.037561
9962,-0.016688
9963,-0.007768
9964,0.018319
9965,0.010738
9966,0.033216
9967,0.050670
9968,0.043827
9969,0.028589
9970,-0.002674
9971,-0.020260
9972,-0.061090
9973,-0.075419
9974,-0.008233
9975,0.034843
9976,0.045297
9977,0.025631
9978,0.007611
9979,-0.039918
9980,-0.054843
9981,0.026772
9982,0.061402
9983,0.031597
9984,0.015808
9985,0.022347
9986,-0.032326
9987,-0.015207
9988,-0.008033
9989,-0.035757
9990,-0.030090
9991,-0.024737
9992,-0.041711
9993,-0.075101
9994,-0.000903
9995,0.064369
9996,0.072420
9997,0.085236
9998,0.036510
9999,-0.021159
10000,-0.028909
10001,-0.047982
10002,-0.047835
10003,-0.026520
10004,0.039791
10005,0.074507
10006,0.086873
10007,0.032177
10008,-0.031750
10009,-0.088809
10010,-0.083742
10011,-0.073300
10012,-0.012499
10013,0.059903
10014,0.028143
10015,-0.018189
10016,-0.050823
10017,-0.010133
10018,-0.011030
10019,-0.003003
10020,-0.018461
10021,0.042913
10022,0.026069
10023,0.005960
10024,0.009844
10025,0.028313
10026,0.040555
10027,0.039940
10028,0.042752
10029,0.020871
10030,0.042016
10031,0.025607
10032,0.010419
10033,-0.015875
10034,-0.101809
10035,-0.055395
10036,-0.023401
10037,-0.013092
10038,-0.000481
10039,-0.041724
10040,-0.010844
10041,-0.006932
10042,-0.084815
10043,-0.049100
10044,0.022230
10045,0.032211
10046,0.084830
10047,0.113194
10048,0.080317
10049,0.039865
10050,-0.028520
10051,-0.079921
10052,-0.102637
10053,-0.023146
10054,0.028177
10055,0.046520
10056,0.047057
10057,-0.011392
10058,-0.059347
10059,-0.097729
10060,-0.034391
10061,0.040542
10062,0.063298
10063,0.124246
10064,0.080069
10065,0.001379
10066,-0.050980
10067,-0.056578
10068,-0.028752
10069,-0.024178
10070,-0.014253
10071,0.037427
10072,-0.022849
10073,-0.009844
10074,-0.036264
10075,-0.039010
10076,-0.021321
10077,0.013728
10078,0.039372
10079,0.065307
10080,0.062971
10081,0.090164
10082,-0.001783
10083,-0.033099
10084,-0.036086
10085,-0.052413
10086,-0.054541
10087,-0.032352
10088,0.010336
10089,0.004152
10090,0.004368
10091,0.008995
10092,0.027008
10093,0.000035
10094,-0.009147
10095,-0.047970
10096,-0.021947
10097,0.012247
10098,0.006359
10099,0.003309
10100,0.021662
10101,0.030347
10102,-0.000052
10103,-0.009225
10104,0.007589
10105,-0.017572
10106,0.013077
10107,0.030919
10108,0.006806
10109,0.024778
10110,0.033778
10111,0.000844
10112,-0.012072
10113,-0.057263
10114,-0.061965
10115,-0.080377
10116,-0.057567
10117,-0.032153
10118,-0.029326
10119,-0.029367
10120,0.030348
10121,0.041476
10122,0.076338
10123,0.073489
10124,0.018638
10125,0.030212
10126,0.052531
10127,0.009353
10128,-0.058527
10129,-0.047160
10130,0.016926
10131,0.006802
10132,-0.011524
10133,0.004754
10134,-0.032466
10135,-0.032925
10136,-0.011321
10137,-0.004407
10138,0.025170
10139,0.020822
10140,0.029638
10141,0.012112
10142,-0.013633
10143,0.004138
10144,-0.035996
10145,-0.017842
10146,0.012864
10147,0.063722
10148,0.028309
10149,-0.009503
10150,-0.000018
10151,-0.033327
10152,0.008628
10153,0.012751
10154,0.009019
10155,-0.000708
10156,-0.118192
10157,-0.162275
10158,-0.069374
10159,0.035657
10160,0.073777
10161,0.106589
10162,0.149550
10163,0.093239
10164,0.026196
10165,0.000111
10166,-0.040777
10167,-0.010453
10168,-0.031054
10169,-0.080744
10170,-0.075551
10171,-0.070139
10172,-0.029710
10173,-0.007085
10174,0.008161
10175,0.091200
10176,0.127088
10177,0.061163
10178,0.013701
10179,-0.058062
10180,-0.085106
10181,-0.009805
10182,-0.037530
10183,-0.042024
10184,0.015225
10185,0.011979
10186,-0.023827
10187,0.011072
10188,-0.007361
10189,0.009948
10190,0.021744
10191,0.026121
10192,-0.021068
10193,-0.019685
10194,0.046596
10195,0.042989
10196,0.007152
10197,-0.039312
10198,-0.056149
10199,-0.001893
10200,0.029632
10201,-0.007020
10202,-0.035835
10203,0.021965
10204,0.037527
10205,0.050612
10206,-0.005612
10207,-0.030824
10208,-0.014836
10209,-0.022342
10210,-0.005887
10211,0.032096
10212,0.052009
10213,0.012060
10214,-0.033227
10215,-0.055743
10216,-0.043370
10217,-0.027651
10218,-0.005076
10219,0.038074
10220,0.060738
10221,0.056975
10222,0.031306
10223,-0.017723
10224,-0.015873
10225,-0.037304
10226,-0.075953
10227,-0.000091
10228,0.004541
10229,-0.002055
10230,-0.009460
10231,-0.037089
10232,-0.011318
10233,0.032855
10234,-0.017944
10235,0.040854
10236,0.031724
10237,0.036355
10238,0.050565
10239,0.020885
10240,0.012865
10241,-0.011645
10242,-0.038270
10243,-0.029805
10244,-0.076214
10245,-0.036679
10246,-0.047613
10247,-0.047569
10248,0.033458
10249,0.061770
10250,0.055652
10251,0.085231
10252,0.058204
10253,0.029180
10254,0.017073
10255,-0.059615
10256,-0.090072
10257,-0.062485
10258,-0.055890
10259,0.005468
10260,0.056795
10261,0.084294
10262,0.030725
10263,0.002510
10264,-0.011114
10265,-0.024100
10266,-0.010802
10267,-0.009628
10268,-0.037334
10269,-0.062678
10270,-0.030495
10271,-0.015741
10272,0.058055
10273,0.054171
10274,0.043185
10275,0.033693
10276,0.030382
10277,0.024790
10278,-0.016003
10279,-0.049188
10280,-0.051541
10281,-0.049518
10282,-0.056183
10283,0.022113
10284,0.041715
10285,0.045943
10286,0.038266
10287,0.028919
10288,0.007484
10289,0.006103
10290,0.015680
10291,-0.045064
10292,-0.064268
10293,-0.028133
10294,0.007192
10295,0.044564
10296,0.035262
10297,0.024206
10298,0.014915
10299,-0.022788
10300,-0.044116
10301,-0.047847
10302,236.810898
10303,9.479484
10304,4.423589
10305,2155.031250
10306,426.905975
10307,-49.275726
10308,-28.776241
10309,13.657075
10310,51.644295
10311,52.958069
10312,22.847752
10313,8.775985
10314,-10.616625
10315,-29.229488
10316,-41.573261
10317,-27.699902
10318,3.333997
10319,22.664177
10320,16.046965
10321,24.422005
10322,17.670630
10323,16.395800
10324,13.853122
10325,-3.560771
10326,-28.261429
10327,-33.809757
10328,-38.141582
10329,-16.980148
10330,6.701266
10331,4.465952
10332,8.065267
10333,28.394072
10334,39.251732
10335,16.087685
10336,-18.367743
10337,-31.450504
10338,-18.044678
10339,-16.625908
10340,-6.292980
10341,16.609707
10342,31.171785
10343,26.219252
10344,14.543246
10345,-5.867142
10346,-3.893274
10347,6.145354
10348,-6.815935
10349,-43.585133
10350,-38.583275
10351,-30.631498
10352,-10.089956
10353,8.034591
10354,1.719616
10355,4.325327
10356,-0.010001
10357,0.025156
10358,0.020553
10359,0.021904
10360,-0.010584
10361,-0.046515
10362,-0.036700
10363,-0.026134
10364,-0.002150
10365,0.036579
10366,-0.024667
10367,-0.028922
10368,0.009722
10369,0.034421
10370,0.078479
10371,0.062457
10372,0.012969
10373,-0.052886
10374,-0.065285
10375,0.006044
10376,0.018888
10377,0.048685
10378,0.013767
10379,-0.017742
10380,-0.023571
10381,-0.057953
10382,-0.030270
10383,0.025281
10384,0.000774
10385,0.001696
10386,-0.023064
10387,-0.020677
10388,-0.011108
10389,-0.002274
10390,0.014967
10391,0.072145
10392,0.068916
10393,0.051057
10394,0.066477
10395,-0.003263
10396,-0.031909
10397,-0.061184
10398,-0.087330
10399,-0.168622
10400,-0.088476
10401,-0.029110
10402,0.018897
10403,0.067262
10404,0.104930
10405,0.103527
10406,0.043972
10407,0.056831
10408,0.023912
10409,0.008921
10410,-0.069337
10411,-0.055054
10412,-0.027753
10413,-0.040036
10414,-0.002802
10415,0.007041
10416,0.019911
10417,0.010418
10418,-0.019199
10419,-0.041681
10420,-0.031057
10421,-0.019902
10422,-0.019380
10423,0.009114
10424,-0.001123
10425,0.088760
10426,0.084860
10427,0.042098
10428,0.041751
10429,-0.001678
10430,-0.019012
10431,0.040705
10432,0.025905
10433,-0.029296
10434,-0.052193
10435,-0.073488
10436,-0.048720
10437,-0.051799
10438,-0.053940
10439,0.000445
10440,0.022297
10441,0.026384
10442,-0.008287
10443,0.024742
10444,0.038279
10445,0.024478
10446,-0.003526
10447,-0.055786
10448,-0.053297
10449,-0.004340
10450,-0.002685
10451,0.043720
10452,0.038771
10453,0.024654
10454,0.071024
10455,0.019066
10456,-0.007646
10457,0.030519
10458,0.018589
10459,0.061397
10460,-0.036228
10461,-0.073502
10462,-0.071049
10463,-0.075732
10464,-0.007664
10465,0.042707
10466,0.037386
10467,0.081178
10468,0.023274
10469,-0.005892
10470,0.038277
10471,-0.049248
10472,-0.052398
10473,-0.056261
10474,-0.055362
10475,-0.039885
10476,-0.048336
10477,0.016648
10478,0.086332
10479,0.099975
10480,0.113592
10481,0.092722
10482,-0.001060
10483,-0.009123
10484,-0.040212
10485,-0.064273
10486,-0.059874
10487,-0.089015
10488,-0.053447
10489,-0.044156
10490,0.007993
10491,-0.043641
10492,-0.012262
10493,0.007525
10494,-0.009632
10495,0.027157
10496,0.054490
10497,0.063094
10498,0.032492
10499,0.049629
10500,0.013366
10501,0.032134
10502,0.031120
10503,0.000549
10504,-0.045262
10505,-0.115994
10506,-0.119851
10507,-0.051213
10508,0.021452
10509,0.075715
10510,0.056411
10511,0.092983
10512,0.084479
10513,0.016093
10514,0.014705
10515,-0.022261
10516,-0.040071
10517,-0.016807
10518,-0.009236
10519,0.002214
10520,-0.030828
10521,-0.056868
10522,-0.020661
10523,-0.003413
10524,0.007668
10525,0.010203
10526,0.009474
10527,0.050500
10528,0.039180
10529,-0.004688
10530,0.012454
10531,-0.039890
10532,-0.048195
10533,-0.034638
10534,-0.053323
10535,-0.042748
10536,-0.055507
10537,-0.018383
10538,0.015914
10539,0.071201
10540,0.122161
10541,0.057058
10542,-0.013316
10543,-0.039328
10544,0.008609
10545,0.025207
10546,-0.026747
10547,-0.058955
10548,-0.033017
10549,0.057196
10550,0.015999
10551,-0.049141
10552,0.014772
10553,-0.008186
10554,-0.002874
10555,-0.031888
10556,0.050094
10557,0.162648
10558,0.160382
10559,0.075335
10560,-0.008061
10561,-0.032047
10562,-0.047466
10563,-0.039184
10564,-0.054488
10565,-0.004943
10566,0.020316
10567,0.020612
10568,-0.035871
10569,-0.049778
10570,-0.039595
10571,-0.014288
10572,0.025371
10573,0.096194
10574,0.079600
10575,0.031156
10576,-0.050351
10577,-0.084799
10578,-0.032674
10579,0.016611
10580,0.046632
10581,0.019044
10582,0.047170
10583,0.021567
10584,-0.028591
10585,-0.011284
10586,0.006207
10587,-0.033134
10588,0.009344
10589,0.000105
10590,0.026614
10591,0.049786
10592,-0.006897
10593,-0.084093
10594,-0.084339
10595,-0.081694
10596,-0.073763
10597,-0.003687
10598,0.051507
10599,0.089407
10600,0.057998
10601,0.007919
10602,0.012129
10603,-0.013863
10604,-0.008445
10605,-0.001770
10606,0.028611
10607,0.066180
10608,0.051452
10609,-0.041140
10610,-0.085053
10611,-0.052176
10612,-0.017547
10613,-0.043672
10614,-0.010636
10615,-0.014021
10616,0.053029
10617,0.040084
10618,0.003668
10619,0.018619
10620,0.019569
10621,0.007947
10622,-0.007505
10623,0.002374
10624,0.048466
10625,0.039506
10626,0.018048
10627,-0.026334
10628,-0.095190
10629,-0.061173
10630,-0.005029
10631,0.048744
10632,0.017444
10633,-0.013719
10634,-0.033617
10635,-0.024622
10636,-0.019087
10637,0.015116
10638,0.016302
10639,-0.003179
10640,0.035910
10641,-0.029023
10642,-0.021753
10643,-0.011442
10644,-0.001062
10645,0.017305
10646,0.039412
10647,0.012180
10648,0.028815
10649,0.017187
10650,-0.010841
10651,0.003687
10652,-0.028769
10653,-0.020756
10654,-0.065387
10655,-0.044034
10656,-0.017952
10657,0.021235
10658,0.083675
10659,0.071411
10660,0.047525
10661,0.035120
10662,0.005865
10663,-0.033100
10664,-0.036258
10665,-0.047137
10666,-0.047108
10667,-0.016897
10668,-0.007432
10669,-0.018734
10670,-0.005386
10671,-0.016609
10672,0.013772
10673,0.006336
10674,0.004529
10675,0.024742
10676,0.047312
10677,0.076603
10678,0.021480
10679,-0.036954
10680,-0.008310
10681,-0.020814
10682,-0.062297
10683,-0.083266
10684,-0.040593
10685,0.010076
10686,0.017868
10687,0.006923
10688,0.064099
10689,0.058433
10690,0.017393
10691,-0.020215
10692,-0.029939
10693,0.022135
10694,-0.016404
10695,-0.059755
10696,-0.028743
10697,-0.023509
10698,-0.011068
10699,0.019749
10700,-0.024688
10701,-0.033928
10702,0.034742
10703,0.079427
10704,0.061955
10705,0.037936
10706,0.053536
10707,-0.024878
10708,-0.082367
10709,-0.109165
10710,-0.061512
10711,-0.037732
10712,-0.014061
10713,0.020436
10714,0.029951
10715,0.030047
10716,0.018796
10717,0.040206
10718,0.088024
10719,0.079253
10720,0.070853
10721,0.024252
10722,-0.020964
10723,-0.079852
10724,-0.103924
10725,-0.067338
10726,-0.074334
10727,-0.063029
10728,-0.026396
10729,-0.043148
10730,-0.018523
10731,0.033509
10732,0.125890
10733,0.119644
10734,0.060598
10735,0.004442
10736,-0.038420
10737,-0.028138
10738,-0.034399
10739,-0.039783
10740,0.011766
10741,0.007109
10742,0.012345
10743,-0.016083
10744,-0.034187
10745,-0.047275
10746,-0.007459
10747,0.037484
10748,0.050634
10749,0.071242
10750,0.078402
10751,0.045690
10752,-0.010072
10753,-0.051810
10754,-0.089606
10755,-0.074702
10756,-0.063822
10757,-0.063773
10758,0.018742
10759,0.001799
10760,0.007839
10761,0.045748
10762,0.030267
10763,0.029149
10764,0.019857
10765,-0.036955
10766,-0.014858
10767,0.015108
10768,0.000527
10769,0.043936
10770,0.067995
10771,0.065724
10772,-0.015135
10773,-0.019232
10774,-0.023456
10775,-0.051301
10776,-0.011638
10777,-0.013270
10778,-0.043374
10779,-0.007176
10780,0.018334
10781,0.018198
10782,0.003823
10783,0.010063
10784,0.001963
10785,-0.045798
10786,-0.076743
10787,-0.009103
10788,0.009606
10789,0.036669
10790,0.019932
10791,0.023909
10792,0.073038
10793,0.046587
10794,-0.005904
10795,-0.023791
10796,-0.034165
10797,-0.028277
10798,-0.002945
10799,0.035274
10800,0.045788
10801,-0.040248
10802,-0.091080
10803,-0.039432
10804,-0.010109
10805,0.069817
10806,0.094521
10807,0.020669
10808,-0.006170
10809,-0.018498
10810,-0.030454
10811,-0.080837
10812,-0.067013
10813,-0.008298
10814,-0.003545
10815,0.035713
10816,0.104074
10817,0.112062
10818,0.048525
10819,0.011572
10820,-0.042286
10821,-0.078352
10822,-0.052001
10823,-0.028887
10824,-0.008913
10825,-0.044703
10826,0.008668
10827,0.059473
10828,0.014870
10829,-0.021441
10830,-0.035514
10831,-0.005017
10832,0.007103
10833,0.013101
10834,0.031392
10835,0.024348
10836,-0.010915
10837,0.001626
10838,0.013709
10839,-0.010060
10840,-0.010356
10841,-0.040094
10842,-0.048769
10843,0.011567
10844,0.003281
10845,0.014385
10846,0.042497
10847,0.027883
10848,0.020669
10849,0.015987
10850,-0.045866
10851,-0.051678
10852,-0.009322
10853,0.005082
10854,0.105658
10855,0.069484
10856,0.001985
10857,-0.085052
10858,-0.109536
10859,-0.061326
10860,-0.033845
10861,0.003373
10862,0.046530
10863,0.081986
10864,0.043217
10865,0.027122
10866,0.026782
10867,0.000093
10868,-0.051220
10869,-0.026706
10870,-0.031410
10871,-0.065552
10872,-0.018992
10873,-0.013593
10874,0.020058
10875,0.056872
10876,0.047904
10877,0.033739
10878,0.029723
10879,-0.015249
10880,-0.029070
10881,0.005693
10882,0.021957
10883,-0.022366
10884,-0.045488
10885,-0.047876
10886,-0.061955
10887,-0.010433
10888,0.025796
10889,0.040425
10890,0.079655
10891,0.052890
10892,-0.070596
10893,-0.083209
10894,-0.033471
10895,-0.029411
10896,0.033220
10897,0.060344
10898,0.055566
10899,0.043120
10900,0.018131
10901,0.001058
10902,0.011268
10903,0.039570
10904,0.038122
10905,-0.009182
10906,-0.019670
10907,-0.032064
10908,-0.060905
10909,-0.058656
10910,-0.055920
10911,-0.050718
10912,-0.025872
10913,0.022680
10914,0.057442
10915,0.025873
10916,0.022462
10917,0.020441
10918,0.009424
10919,-0.011136
10920,-0.019052
10921,-0.010911
10922,-0.033740
10923,-0.061099
10924,-0.054047
10925,-0.010961
10926,0.038810
10927,0.068170
10928,0.094885
10929,0.062219
10930,-0.028143
10931,-0.058613
10932,-0.017207
10933,-0.010069
10934,0.031720
10935,0.051808
10936,-0.023346
10937,-0.065086
10938,-0.036689
10939,-0.041183
10940,-0.043068
10941,0.008874
10942,0.049988
10943,0.066667
10944,0.049892
10945,-0.003175
10946,-0.031285
10947,-0.061531
10948,-0.043197
10949,-0.019771
10950,0.012317
10951,0.016973
10952,0.049245
10953,0.059490
10954,0.009732
10955,-0.052438
10956,-0.012789
10957,0.031893
10958,0.084590
10959,0.049218
10960,0.020654
10961,0.032992
10962,-0.013815
10963,-0.013134
10964,-0.033860
10965,0.008780
10966,-0.018293
10967,-0.074621
10968,-0.084562
10969,-0.105567
10970,-0.041268
10971,0.041355
10972,-0.000156
10973,-0.017221
10974,-0.008201
10975,0.005946
10976,0.044155
10977,0.015830
10978,0.010272
10979,0.055651
10980,0.074623
10981,0.035692
10982,-0.004143
10983,-0.014251
10984,0.019497
10985,-0.012143
10986,-0.068042
10987,-0.039096
10988,-0.027808
10989,0.021912
10990,0.035193
10991,0.015312
10992,0.036104
10993,0.020136
10994,-0.014901
10995,0.015277
10996,-0.058513
10997,-0.104547
10998,-0.111148
10999,-0.117795
11000,-0.026225
11001,0.065403
11002,0.085844
11003,0.133666
11004,0.151466
11005,0.063874
11006,0.035021
11007,0.053882
11008,-0.001182
11009,-0.088078
11010,-0.083960
11011,-0.067857
11012,-0.071120
11013,-0.014791
11014,0.045507
11015,0.005578
11016,-0.004349
11017,-0.000955
11018,-0.029995
11019,-0.069557
11020,-0.019633
11021,0.031968
11022,0.055669
11023,0.035811
11024,0.002652
11025,0.021871
11026,-0.027197
11027,0.011595
11028,0.046497
11029,-0.025251
11030,-0.031437
11031,-0.046476
11032,-0.022334
11033,-0.009568
11034,0.031693
11035,0.077059
11036,0.009800
11037,-0.059496
11038,-0.017538
11039,-0.013144
11040,-0.040519
11041,0.025869
11042,0.074655
11043,0.080682
11044,0.011984
11045,-0.015571
11046,-0.051168
11047,-0.061316
11048,-0.044774
11049,-0.023139
11050,0.001766
11051,-0.045206
11052,0.013379
11053,0.047855
11054,-0.021782
11055,-0.037518
11056,-0.027731
11057,0.036288
11058,0.066964
11059,0.050036
11060,0.038709
11061,-0.020363
11062,-0.047511
11063,-0.087889
11064,-0.045458
11065,0.016525
11066,0.037255
11067,0.055198
11068,0.029843
11069,0.057053
11070,0.073915
11071,0.051169
11072,0.061754
11073,-0.032498
11074,-0.116557
11075,-0.121398
11076,-0.103891
11077,-0.107675
11078,-0.011120
11079,0.036246
11080,0.024776
11081,0.001079
11082,0.031396
11083,0.079506
11084,0.022194
11085,-0.031491
11086,0.002209
11087,0.016420
11088,0.012346
11089,0.035839
11090,0.030604
11091,0.010788
11092,0.003058
11093,-0.016579
11094,-0.051423
11095,-0.031268
11096,-0.029772
11097,-0.028456
11098,-0.046090
11099,-0.000553
11100,0.020334
11101,0.062683
11102,0.068578
11103,0.051005
11104,-0.024065
11105,-0.051978
11106,-0.021227
11107,0.007712
11108,0.032087
11109,0.029357
11110,-0.016490
11111,-0.019620
11112,-0.050168
11113,-0.033377
11114,-0.023976
11115,0.006197
11116,0.026756
11117,-0.016944
11118,-0.035991
11119,0.024125
11120,0.040071
11121,0.032515
11122,0.027278
11123,0.043099
11124,0.039009
11125,0.003949
11126,0.022402
11127,0.002161
11128,-0.048676
11129,-0.062205
11130,-0.035918
11131,-0.057974
11132,-0.018657
11133,0.031861
11134,0.031375
11135,-0.038824
11136,-0.050176
11137,-0.023167
11138,0.052867
11139,0.035800
11140,0.015251
11141,0.044211
11142,0.017843
11143,0.030312
11144,-0.007110
11145,0.012422
11146,0.006282
11147,0.022027
11148,-0.028660
11149,-0.041131
11150,-0.008535
11151,0.000622
11152,0.034696
11153,0.041511
11154,0.036496
11155,-0.020244
11156,-0.057062
11157,-0.026285
11158,-0.065995
11159,-0.083028
11160,-0.038476
11161,-0.038368
11162,-0.027987
11163,0.050439
11164,0.040580
11165,0.096875
11166,0.050026
11167,0.040623
11168,0.008074
11169,-0.036022
11170,-0.023330
11171,-0.027907
11172,-0.015255
11173,0.000877
11174,0.037940
11175,0.080081
11176,0.027751
11177,0.004015
11178,0.034334
11179,0.040250
11180,0.014344
11181,-0.043690
11182,-0.066699
11183,-0.065618
11184,-0.091999
11185,-0.103142
11186,-0.052907
11187,-0.023108
11188,0.029679
11189,0.128084
11190,0.174397
11191,0.092254
11192,0.022054
11193,-0.004857
11194,-0.089886
11195,-0.089961
11196,-0.062394
11197,-0.035715
11198,0.040983
11199,0.035274
11200,0.026667
11201,-0.021555
11202,-0.030408
11203,-0.024431
11204,0.000244
11205,0.033587
11206,0.029908
11207,-0.001606
11208,0.021342
11209,0.060275
11210,-0.018276
11211,-0.027030
11212,-0.035736
11213,-0.047485
11214,-0.032783
11215,-0.009347
11216,0.009134
11217,0.039355
11218,0.010323
11219,-0.003329
11220,0.006206
11221,-0.032541
11222,-0.044920
11223,-0.014414
11224,-0.019229
11225,-0.035848
11226,-0.004274
11227,0.082672
11228,0.111330
11229,0.090281
11230,-0.006468
11231,-0.079976
11232,-0.077539
11233,-0.099695
11234,-0.067339
11235,0.014530
11236,0.020891
11237,-0.001054
11238,0.049537
11239,0.044487
11240,0.022276
11241,0.016083
11242,0.060624
11243,0.050071
11244,0.035444
11245,0.029284
11246,-0.028272
11247,-0.112075
11248,-0.109003
11249,-0.075196
11250,-0.001620
11251,0.056104
11252,0.062641
11253,0.049919
11254,0.035857
11255,0.020673
11256,0.005959
11257,-0.052791
11258,-0.041024
11259,-0.001009
11260,0.000170
11261,0.033937
11262,0.037713
11263,-0.016112
11264,-0.065908
11265,-0.058130
11266,-0.022999
11267,0.013023
11268,0.035292
11269,0.037584
11270,0.036881
11271,0.011783
11272,0.024931
11273,0.016308
11274,0.033541
11275,-0.024577
11276,-0.004604
11277,-0.006608
11278,-0.041385
11279,-0.075606
11280,-0.028574
11281,0.007004
11282,-0.029138
11283,-0.021789
11284,0.009133
11285,0.058219
11286,0.049056
11287,0.019969
11288,0.021072
11289,0.023458
11290,-0.022760
11291,-0.012748
11292,-0.039426
11293,-0.032107
11294,-0.028358
11295,-0.048112
11296,0.004666
11297,-0.021073
11298,-0.077418
11299,-0.010437
11300,0.074893
11301,0.055616
11302,0.057440
11303,0.091086
11304,0.050353
11305,0.016113
11306,0.040052
11307,0.008118
11308,-0.090556
11309,-0.137009
11310,-0.064780
11311,-0.048959
11312,0.010824
11313,0.056584
11314,-0.004593
11315,0.006286
11316,0.059997
11317,0.041184
11318,0.032420
11319,0.073556
11320,0.053937
11321,0.012947
11322,-0.027475
11323,-0.021048
11324,-0.002294
11325,-0.037957
11326,-0.079104
11327,-0.035765
11328,-0.037045
11329,-0.033521
11330,-0.005355
11331,-0.001313
11332,0.042050
11333,0.055432
11334,0.042628
11335,0.030121
11336,0.014690
11337,-0.052872
11338,-0.062604
11339,-0.016567
11340,0.025277
11341,0.005532
11342,-0.034304
11343,0.002958
11344,-0.006126
11345,0.033649
11346,0.001244
11347,0.007253
11348,0.013654
11349,-0.027164
11350,-0.029086
11351,-0.017475
11352,-0.020049
11353,-0.027866
11354,0.010187
11355,-0.023524
11356,0.041787
11357,0.091437
11358,0.028360
11359,-0.011333
11360,-0.032628
11361,-0.048119
11362,-0.005135
11363,0.028536
11364,0.027533
11365,-0.014462
11366,-0.032796
11367,-0.004351
11368,0.024507
11369,0.031839
11370,0.045061
11371,0.002154
11372,-0.017613
11373,-0.025525
11374,-0.042768
11375,-0.042505
11376,-0.023525
11377,0.003022
11378,0.014941
11379,0.025394
11380,0.004501
11381,-0.020164
11382,-0.017515
11383,-0.014706
11384,0.024855
11385,0.052523
11386,0.049705
11387,0.016321
11388,0.015332
11389,-0.042009
11390,-0.048059
11391,-0.038642
11392,0.002309
11393,0.032028
11394,0.001436
11395,-0.040926
11396,-0.043109
11397,0.013233
11398,0.024841
11399,0.029718
11400,0.069707
11401,0.003119
11402,-0.038172
11403,-0.061063
11404,-0.061420
11405,-0.070211
11406,-0.001914
11407,0.040837
11408,0.041006
11409,0.024052
11410,0.025924
11411,0.049251
11412,0.046869
11413,0.035092
11414,-0.010596
11415,-0.028816
11416,-0.059351
11417,-0.046937
11418,-0.016218
11419,-0.026816
11420,0.056262
11421,0.078680
11422,0.020739
11423,-0.009535
11424,-0.022991
11425,-0.034975
11426,-0.060497
11427,-0.081659
11428,-0.038786
11429,0.008558
11430,0.058243
11431,0.062542
11432,0.077187
11433,0.050045
11434,0.006675
11435,-0.037022
11436,-0.047900
11437,-0.042666
11438,-0.047089
11439,-0.008368
11440,0.009110
11441,0.015288
11442,0.025839
11443,0.003315
11444,-0.004088
11445,-0.016873
11446,0.003331
11447,-0.000471
11448,-0.018702
11449,-0.055095
11450,-0.048523
11451,-0.021504
11452,0.011684
11453,0.051373
11454,0.059916
11455,0.077687
11456,0.059833
11457,0.010739
11458,0.001450
11459,-0.018344
11460,-0.016318
11461,-0.013012
11462,0.000716
11463,-0.065725
11464,-0.090649
11465,-0.057948
11466,-0.053084
11467,0.013282
11468,0.024884
11469,0.034039
11470,0.058531
11471,0.016982
11472,-0.000982
11473,0.034885
11474,0.016231
11475,0.010807
11476,0.030115
11477,0.033719
11478,0.020188
11479,-0.066569
11480,-0.029754
11481,-0.011998
11482,-0.028086
11483,0.048503
11484,0.029807
11485,-0.063779
11486,-0.091338
11487,-0.048957
11488,0.015115
11489,0.098585
11490,0.102842
11491,0.036667
11492,-0.007953
11493,0.006735
11494,-0.014456
11495,-0.029462
11496,-0.032555
11497,-0.108055
11498,-0.071580
11499,-0.032947
11500,0.007570
11501,0.066834
11502,0.101118
11503,0.037025
11504,-0.024026
11505,-0.075595
11506,-0.054931
11507,0.022891
11508,0.031309
11509,0.040537
11510,0.037585
11511,0.046923
11512,0.007895
11513,0.012931
11514,-0.036412
11515,-0.040107
11516,-0.073612
11517,-0.036227
11518,0.006315
11519,0.019700
11520,0.030401
11521,0.038960
11522,0.008166
11523,-0.027937
11524,-0.047021
11525,-0.001384
11526,0.017659
11527,-0.012897
11528,-0.014857
11529,0.058199
11530,0.045975
11531,-0.017955
11532,0.013186
11533,0.031044
11534,-0.002256
11535,-0.015065
11536,0.013720
11537,-0.004195
11538,0.002361
11539,-0.008345
11540,-0.043294
11541,-0.022236
11542,-0.045429
11543,-0.046558
11544,-0.035290
11545,-0.026698
11546,0.038294
11547,0.047842
11548,0.014943
11549,-0.004269
11550,-0.004453
11551,0.031290
11552,0.018642
11553,0.024629
11554,-0.045139
11555,-0.039786
11556,-0.030982
11557,-0.017221
11558,0.024829
11559,0.007802
11560,0.011547
11561,0.036792
11562,0.008475
11563,-0.051601
11564,-0.046123
11565,0.034032
11566,0.034431
11567,-0.005037
11568,0.022165
11569,0.061568
11570,0.038001
11571,-0.017434
11572,-0.019107
11573,-0.028480
11574,-0.020862
11575,-0.021268
11576,0.000719
11577,0.069181
11578,0.038430
11579,0.002752
11580,-0.062633
11581,-0.074150
11582,-0.051872
11583,0.015552
11584,0.068470
11585,0.012828
11586,-0.047836
11587,0.024064
11588,0.068019
11589,0.085734
11590,0.006801
11591,-0.081456
11592,-0.106377
11593,-0.040101
11594,-0.024740
11595,0.020986
11596,0.065152
11597,0.046530
11598,0.019928
11599,-0.021755
11600,-0.024610
11601,-0.014652
11602,0.008949
11603,0.055547
11604,-0.011534
11605,-0.016879
11606,-0.021462
11607,-0.031670
11608,0.004764
11609,-0.001079
11610,0.032925
11611,0.003808
11612,-0.023198
11613,-0.018130
11614,0.022888
11615,0.008731
11616,0.064073
11617,0.004935
11618,0.012429
11619,-0.016541
11620,-0.062726
11621,0.012525
11622,0.003608
11623,-0.044920
11624,-0.019555
11625,-0.052696
11626,-0.046970
11627,-0.029619
11628,0.003064
11629,0.043054
11630,0.042674
11631,0.070229
11632,0.069795
11633,0.031480
11634,-0.043445
11635,-0.035577
11636,-0.002704
11637,-0.011663
11638,0.003755
11639,-0.003322
11640,0.013982
11641,-0.024924
11642,-0.042826
11643,-0.010725
11644,0.020348
11645,0.042429
11646,-0.053019
11647,-0.037383
11648,-0.041684
11649,-0.059012
11650,0.029440
11651,0.085221
11652,0.078105
11653,0.078603
11654,0.018034
11655,-0.022290
11656,-0.006202
11657,-0.040138
11658,-0.039140
11659,-0.067008
11660,-0.023782
11661,0.041099
11662,0.057093
11663,0.084979
11664,0.083599
11665,0.002757
11666,-0.029082
11667,-0.085235
11668,-0.089728
11669,-0.062783
11670,-0.046711
11671,0.014356
11672,0.014753
11673,-0.013537
11674,-0.025780
11675,-0.002135
11676,0.022183
11677,0.051031
11678,0.035809
11679,0.019124
11680,0.016753
11681,-0.004996
11682,0.012570
11683,-0.020416
11684,-0.000141
11685,-0.003379
11686,0.012506
11687,0.008061
11688,0.043767
11689,-0.013742
11690,-0.033017
11691,-0.016799
11692,-0.008523
11693,0.013507
11694,-0.021295
11695,-0.009360
11696,-0.020933
11697,-0.030134
11698,0.013456
11699,0.018649
11700,0.012679
11701,-0.023867
11702,-0.039314
11703,-0.077283
11704,-0.053939
11705,-0.014347
11706,0.010867
11707,0.038427
11708,0.106098
11709,0.143955
11710,0.072204
11711,0.006201
11712,0.004702
11713,-0.000425
11714,-0.045551
11715,-0.090565
11716,-0.096647
11717,-0.060982
11718,-0.037134
11719,-0.034564
11720,-0.016127
11721,-0.008440
11722,0.027047
11723,0.028235
11724,0.062246
11725,0.085218
11726,0.033993
11727,0.010956
11728,0.034087
11729,-0.011484
11730,-0.005092
11731,-0.008563
11732,-0.008523
11733,-0.003976
11734,-0.010368
11735,-0.014267
11736,-0.005434
11737,-0.034337
11738,-0.036857
11739,-0.010819
11740,0.024490
11741,-0.014293
11742,-0.021862
11743,-0.032949
11744,-0.028416
11745,-0.002288
11746,0.045158
11747,0.044678
11748,0.021364
11749,0.010327
11750,-0.032887
11751,-0.003330
11752,-0.023897
11753,-0.007635
11754,0.039339
11755,0.007535
11756,0.038414
11757,0.057844
11758,-0.021502
11759,0.001838
11760,-0.001347
11761,-0.057580
11762,-0.029331
11763,0.035298
11764,-0.004382
11765,-0.054741
11766,-0.052432
11767,0.015665
11768,0.035675
11769,0.046199
11770,0.040232
11771,0.026461
11772,-0.001017
11773,0.017415
11774,0.053625
11775,-0.031751
11776,-0.063546
11777,-0.033458
11778,-0.024153
11779,-0.045178
11780,0.004082
11781,0.054456
11782,-0.022947
11783,-0.019660
11784,-0.021861
11785,-0.036450
11786,-0.019468
11787,-0.090444
11788,-0.041792
11789,-0.005455
11790,0.034374
11791,0.082317
11792,0.088351
11793,0.095879
11794,0.064365
11795,0.030800
11796,0.022750
11797,0.003004
11798,-0.026434
11799,-0.072735
11800,-0.055527
11801,-0.060886
11802,-0.024053
11803,0.049819
11804,0.074902
11805,0.056587
11806,-0.021970
11807,-0.077639
11808,-0.084552
11809,-0.043288
11810,-0.067933
11811,-0.029588
11812,0.008731
11813,0.041886
11814,0.056084
11815,0.071552
11816,0.076783
11817,-0.012732
11818,-0.053278
11819,0.007099
11820,-0.011504
11821,-0.034354
11822,-0.044934
11823,-0.047141
11824,-0.034475
11825,0.003749
11826,0.040637
11827,0.068436
11828,0.068010
11829,0.035096
11830,-0.003165
11831,-0.009501
11832,-0.009226
11833,0.007801
11834,-0.023166
11835,0.031014
11836,0.060365
11837,0.032755
11838,0.039242
11839,-0.012600
11840,-0.050597
11841,-0.106621
11842,-0.092842
11843,-0.063936
11844,-0.021663
11845,0.003838
11846,0.011960
11847,0.003928
11848,0.005660
11849,0.072673
11850,0.056615
11851,0.053738
11852,0.035353
11853,-0.014151
11854,0.031659
11855,0.042353
11856,-0.009367
11857,-0.050311
11858,-0.015086
11859,0.009475
11860,-0.030994
11861,-0.008150
11862,-0.028066
11863,-0.112681
11864,-0.072844
11865,0.009710
11866,0.065945
11867,0.054356
11868,0.038153
11869,-0.011707
11870,-0.056607
11871,-0.002020
11872,0.065703
11873,0.064588
11874,-0.012740
11875,-0.036433
11876,-0.067280
11877,-0.055991
11878,-0.045132
11879,-0.025014
11880,0.040203
11881,0.056081
11882,0.054512
11883,0.033606
11884,0.009874
11885,0.016683
11886,0.022340
11887,0.021536
11888,-0.006884
11889,0.019149
11890,-0.045717
11891,-0.060587
11892,-0.035497
11893,-0.056586
11894,-0.069873
11895,-0.047370
11896,-0.026866
11897,0.073403
11898,0.064954
11899,0.062147
11900,0.023017
11901,0.027573
11902,0.073325
11903,0.097115
11904,0.017570
11905,-0.031888
11906,-0.031684
11907,-0.070582
11908,-0.106738
11909,-0.053027
11910,-0.026390
11911,-0.059660
11912,0.037800
11913,0.049272
11914,0.054855
11915,0.020430
11916,0.019340
11917,0.024830
11918,0.017885
11919,0.006583
11920,-0.039716
11921,-0.105685
11922,-0.091241
11923,0.005113
11924,0.031035
11925,0.016758
11926,-0.019221
11927,-0.029695
11928,0.042071
11929,0.083935
11930,0.083321
11931,0.019022
11932,-0.012973
11933,0.009354
11934,-0.006752
11935,-0.061970
11936,-0.014183
11937,0.008823
11938,-0.008303
11939,-0.012134
11940,-0.018620
11941,0.030783
11942,0.049193
11943,0.018668
11944,-0.004400
11945,-0.077197
11946,-0.070675
11947,-0.063368
11948,-0.010400
11949,0.007741
11950,0.035795
11951,0.080379
11952,0.052454
11953,0.017909
11954,0.019594
11955,0.022197
11956,0.020175
11957,-0.020387
11958,-0.088384
11959,-0.072748
11960,-0.013368
11961,0.019961
11962,0.021736
11963,0.060906
11964,0.000992
11965,-0.018836
11966,-0.004058
11967,-0.034341
11968,-0.011374
11969,0.057916
11970,0.053784
11971,0.003682
11972,-0.027368
11973,-0.018071
11974,-0.016097
11975,-0.017278
11976,-0.029142
11977,-0.048934
11978,-0.072190
11979,-0.028407
11980,0.004810
11981,0.056887
11982,0.065092
11983,0.058821
11984,0.064264
11985,0.037733
11986,0.008421
11987,-0.043813
11988,-0.019735
11989,-0.005385
11990,-0.033615
11991,-0.027890
11992,-0.056265
11993,-0.045033
11994,-0.021162
11995,-0.007813
11996,0.054117
11997,0.106005
11998,0.101330
11999,0.066371
12000,0.005245
12001,-0.040920
12002,-0.097216
12003,-0.077159
12004,-0.100199
12005,-0.095245
12006,198.434418
12007,62.731262
12008,3.653665
12009,1968.833740
12010,380.376801
12011,-21.253599
12012,-34.301868
12013,-40.067413
12014,-52.585770
12015,-46.224396
12016,-34.173420
12017,15.409926
12018,48.992649
12019,66.281822
12020,56.404667
12021,17.929056
12022,-39.954258
12023,-44.373081
12024,-27.395033
12025,-21.709267
12026,0.115271
12027,31.459030
12028,36.554863
12029,23.071630
12030,3.832743
12031,-25.253107
12032,-47.196476
12033,-26.903809
12034,-8.876190
12035,-0.171153
12036,26.802784
12037,37.294903
12038,8.713053
12039,-3.428983
12040,5.229141
12041,23.050030
12042,10.184137
12043,-1.438571
12044,-21.570454
12045,-32.286495
12046,-33.885681
12047,-22.533983
12048,-4.931596
12049,10.037086
12050,23.093472
12051,33.647594
12052,25.685408
12053,10.723416
12054,-5.071087
12055,-6.671961
12056,-22.314262
12057,-32.285236
12058,-10.964278
12059,26.208256
12060,-0.043381
12061,-0.000978
12062,0.043402
12063,0.050061
12064,0.025095
12065,0.016770
12066,0.023113
12067,0.046060
12068,0.089951
12069,0.076694
12070,0.016807
12071,-0.009118
12072,-0.067832
12073,-0.085990
12074,-0.001795
12075,0.047366
12076,0.000747
12077,0.006631
12078,0.013582
12079,0.021642
12080,-0.035829
12081,-0.024594
12082,-0.006078
12083,-0.035148
12084,-0.042971
12085,-0.043260
12086,0.039210
12087,0.043566
12088,0.035553
12089,0.074830
12090,0.039760
12091,-0.035170
12092,-0.074541
12093,-0.057664
12094,-0.066278
12095,-0.012517
12096,0.027053
12097,0.080060
12098,0.034465
12099,0.020246
12100,0.037543
12101,0.024192
12102,-0.020125
12103,-0.011684
12104,-0.084301
12105,-0.077549
12106,-0.024201
12107,-0.009991
12108,0.008056
12109,0.039155
12110,196.092194
12111,65.981369
12112,3.606674
12113,1957.383667
12114,386.828522
12115,4.106361
12116,-30.357218
12117,-45.345055
12118,0.717693
12119,35.160469
12120,41.751572
12121,25.387232
12122,-7.722930
12123,-15.054507
12124,-13.980270
12125,-17.798597
12126,-8.026732
12127,-2.063399
12128,-16.483784
12129,-9.525732
12130,-1.468499
12131,8.664436
12132,18.438175
12133,18.753065
12134,17.148195
12135,12.259481
12136,8.274921
12137,-8.318087
12138,-20.721786
12139,-23.129107
12140,-5.731507
12141,10.098361
12142,-10.158162
12143,-5.746783
12144,5.174879
12145,17.722929
12146,22.194818
12147,1.721350
12148,-27.775312
12149,-31.943268
12150,-9.366436
12151,-6.825379
12152,6.159128
12153,-5.600329
12154,15.271326
12155,24.950802
12156,38.948696
12157,37.624046
12158,31.983635
12159,8.477256
12160,-6.113875
12161,-56.715084
12162,-75.983955
12163,-62.005684
12164,0.057438
12165,-0.008606
12166,-0.025439
12167,-0.019799
12168,-0.022354
12169,0.015436
12170,-0.004133
12171,0.027762
12172,0.043329
12173,0.040655
12174,-0.002216
12175,-0.016117
12176,0.038406
12177,0.050613
12178,0.058148
12179,-0.023890
12180,0.014211
12181,0.046677
12182,-0.037416
12183,-0.036548
12184,-0.037051
12185,-0.053241
12186,-0.070141
12187,-0.059377
12188,-0.035451
12189,-0.049844
12190,-0.010283
12191,0.028859
12192,0.050050
12193,0.048532
12194,0.008774
12195,-0.012436
12196,0.061184
12197,0.057909
12198,0.015351
12199,-0.007009
12200,0.003642
12201,0.007645
12202,-0.104367
12203,-0.149590
12204,-0.062786
12205,-0.059016
12206,0.038893
12207,0.104786
12208,0.127054
12209,0.070417
12210,0.027365
12211,-0.000017
12212,-0.025973
12213,-0.023667
12214,-0.050640
12215,-0.060329
12216,-0.030474
12217,0.004271
12218,-0.002217
12219,0.009669
12220,0.020530
12221,0.022981
12222,0.056823
12223,-0.002120
12224,-0.000512
12225,0.019536
12226,0.001588
12227,-0.028909
12228,-0.018971
12229,0.043881
12230,0.036734
12231,0.045167
12232,0.022691
12233,-0.009975
12234,-0.038318
12235,-0.070093
12236,-0.030320
12237,-0.038945
12238,-0.047208
12239,-0.036500
12240,0.047728
12241,0.044418
12242,0.044149
12243,0.028523
12244,-0.028744
12245,-0.049955
12246,-0.021281
12247,-0.041114
12248,-0.057527
12249,0.000189
12250,0.029002
12251,0.047599
12252,0.042862
12253,0.049904
12254,0.015559
12255,0.004403
12256,0.034925
12257,0.017580
12258,-0.037445
12259,-0.019655
12260,-0.009999
12261,-0.034118
12262,-0.030597
12263,0.020412
12264,0.022607
12265,0.029689
12266,0.020449
12267,0.000547
12268,0.017794
12269,-0.015284
12270,-0.081039
12271,-0.076485
12272,-0.030947
12273,0.006347
12274,0.002554
12275,0.063204
12276,0.035203
12277,0.022088
12278,0.015022
12279,-0.051106
12280,-0.040343
12281,0.042462
12282,0.082536
12283,0.104435
12284,0.043655
12285,-0.054708
12286,-0.076477
12287,-0.076005
12288,-0.067824
12289,-0.018194
12290,-0.005501
12291,-0.006957
12292,-0.005911
12293,0.011915
12294,0.023339
12295,-0.004744
12296,0.059991
12297,0.096360
12298,0.012552
12299,0.009780
12300,0.025172
12301,-0.001029
12302,-0.030232
12303,-0.073081
12304,-0.053717
12305,-0.041557
12306,-0.105247
12307,-0.062987
12308,0.053508
12309,0.079091
12310,0.087782
12311,0.114107
12312,0.047860
12313,0.047393
12314,-0.013464
12315,-0.063059
12316,-0.063738
12317,-0.099403
12318,-0.065170
12319,-0.054922
12320,-0.028102
12321,0.036181
12322,0.087606
12323,0.089005
12324,0.073180
12325,0.001151
12326,-0.091959
12327,-0.102339
12328,-0.054833
12329,-0.034074
12330,0.059485
12331,0.085673
12332,0.065461
12333,0.051474
12334,0.014204
12335,-0.032987
12336,-0.041932
12337,-0.011224
12338,0.018482
12339,0.034177
12340,0.037893
12341,0.008649
12342,-0.000013
12343,-0.037243
12344,-0.057905
12345,-0.052176
12346,-0.023010
12347,-0.005625
12348,-0.014259
12349,0.026680
12350,0.031119
12351,-0.004418
12352,0.029101
12353,0.002121
12354,-0.044003
12355,-0.038410
12356,-0.022323
12357,0.009626
12358,0.014373
12359,0.011244
12360,0.044637
12361,0.002206
12362,0.003722
12363,0.035481
12364,-0.014442
12365,-0.015799
12366,0.024260
12367,0.061264
12368,0.051338
12369,0.041390
12370,0.006570
12371,-0.094744
12372,-0.142455
12373,-0.133801
12374,-0.005994
12375,0.010898
12376,-0.006388
12377,0.030746
12378,0.021813
12379,0.018221
12380,0.044774
12381,0.032910
12382,0.027519
12383,0.023833
12384,-0.014037
12385,-0.021633
12386,0.011398
12387,-0.014486
12388,-0.015504
12389,0.028590
12390,-0.023455
12391,-0.016705
12392,-0.003251
12393,0.059849
12394,0.062245
12395,0.047089
12396,-0.005901
12397,-0.056147
12398,-0.089882
12399,-0.071597
12400,-0.059336
12401,-0.006899
12402,0.048744
12403,0.028897
12404,0.042753
12405,0.036213
12406,0.016501
12407,-0.019744
12408,-0.010692
12409,0.044402
12410,-0.006778
12411,-0.067184
12412,-0.075966
12413,0.001706
12414,0.013976
12415,0.013361
12416,0.032599
12417,0.048188
12418,0.063432
12419,0.066625
12420,0.029243
12421,0.002426
12422,-0.101334
12423,-0.139259
12424,-0.069728
12425,-0.005834
12426,0.023847
12427,0.030362
12428,0.043924
12429,0.020712
12430,-0.013645
12431,0.023940
12432,0.013306
12433,0.008611
12434,0.000499
12435,-0.011539
12436,-0.025950
12437,-0.016283
12438,0.005437
12439,0.005394
12440,0.034204
12441,0.010193
12442,0.050851
12443,0.004158
12444,-0.023352
12445,-0.027750
12446,-0.074308
12447,-0.083108
12448,-0.022760
12449,0.020333
12450,0.015543
12451,0.026758
12452,0.046441
12453,0.029591
12454,-0.021256
12455,0.001553
12456,0.016441
12457,-0.002689
12458,-0.066028
12459,-0.058617
12460,0.041264
12461,0.092589
12462,0.047308
12463,0.016795
12464,-0.023018
12465,-0.029561
12466,-0.060975
12467,-0.010183
12468,0.043419
12469,0.021649
12470,-0.004106
12471,0.010840
12472,-0.003946
12473,0.021006
12474,0.021157
12475,0.028100
12476,-0.029454
12477,-0.038762
12478,0.012507
12479,-0.038726
12480,-0.076211
12481,-0.047094
12482,-0.023666
12483,0.058535
12484,0.073319
12485,0.094142
12486,0.026028
12487,-0.066725
12488,-0.070479
12489,-0.053476
12490,-0.006489
12491,0.061759
12492,0.049444
12493,0.008909
12494,-0.016016
12495,-0.023876
12496,-0.042057
12497,-0.040757
12498,0.031960
12499,0.101216
12500,0.083297
12501,0.018811
12502,-0.044481
12503,-0.063708
12504,-0.109074
12505,-0.049205
12506,-0.013038
12507,0.005967
12508,0.054101
12509,0.074725
12510,0.045399
12511,0.012880
12512,0.001564
12513,-0.007302
12514,-0.011265
12515,-0.039032
12516,0.003027
12517,-0.009322
12518,-0.008377
12519,-0.008314
12520,-0.002794
12521,0.003749
12522,-0.026384
12523,-0.008229
12524,-0.017718
12525,0.007067
12526,0.033840
12527,0.022945
12528,-0.002735
12529,-0.039956
12530,-0.063404
12531,-0.014079
12532,0.005992
12533,-0.022469
12534,0.022937
12535,0.052607
12536,0.042070
12537,0.074804
12538,0.034858
12539,-0.054373
12540,-0.040370
12541,-0.062201
12542,-0.069940
12543,-0.035296
12544,-0.061763
12545,-0.032951
12546,0.071668
12547,0.118272
12548,0.106559
12549,0.067750
12550,0.020832
12551,-0.022673
12552,-0.091539
12553,-0.133590
12554,-0.070299
12555,0.002535
12556,-0.001928
12557,0.038652
12558,0.056541
12559,0.020650
12560,0.006758
12561,0.028143
12562,0.048745
12563,0.045728
12564,0.012188
12565,0.009606
12566,0.015228
12567,-0.036002
12568,-0.032437
12569,-0.017386
12570,-0.016152
12571,-0.027759
12572,-0.030645
12573,0.021932
12574,0.032126
12575,0.006559
12576,-0.018870
12577,-0.040138
12578,-0.021325
12579,-0.026072
12580,-0.034364
12581,-0.001231
12582,-0.013022
12583,0.002581
12584,0.066958
12585,0.036981
12586,0.025951
12587,0.007476
12588,-0.006798
12589,-0.018720
12590,-0.031068
12591,-0.047617
12592,-0.030376
12593,0.008085
12594,0.005498
12595,0.023630
12596,0.078457
12597,0.012215
12598,-0.007253
12599,-0.012818
12600,0.014627
12601,-0.015989
12602,-0.024254
12603,-0.004768
12604,0.005389
12605,0.048888
12606,0.044764
12607,-0.017335
12608,-0.064807
12609,-0.051908
12610,-0.048306
12611,-0.002888
12612,-0.000244
12613,-0.016665
12614,-0.003508
12615,-0.007893
12616,-0.005240
12617,0.035981
12618,0.048631
12619,0.008810
12620,0.020830
12621,-0.011668
12622,-0.005640
12623,-0.035216
12624,0.004542
12625,0.055697
12626,0.010176
12627,-0.014442
12628,0.010008
12629,-0.058088
12630,-0.040188
12631,-0.005874
12632,0.008691
12633,0.044216
12634,0.016232
12635,-0.006406
12636,0.011196
12637,-0.038589
12638,0.010298
12639,0.080040
12640,0.018193
12641,-0.058300
12642,-0.013312
12643,0.031197
12644,-0.027868
12645,-0.037502
12646,0.003540
12647,0.043419
12648,0.045159
12649,0.079794
12650,0.068933
12651,0.009967
12652,-0.027393
12653,-0.095930
12654,-0.096347
12655,-0.122939
12656,-0.111307
12657,-0.016210
12658,0.047774
12659,0.072816
12660,0.051782
12661,0.046392
12662,0.041395
12663,0.033462
12664,-0.033657
12665,-0.056824
12666,-0.059486
12667,-0.036477
12668,0.015399
12669,0.052991
12670,0.035561
12671,0.010391
12672,0.000177
12673,-0.023904
12674,-0.012539
12675,0.015678
12676,0.007421
12677,-0.015457
12678,-0.008821
12679,0.049890
12680,0.017602
12681,-0.026957
12682,-0.006142
12683,-0.003885
12684,0.004513
12685,0.007078
12686,-0.033559
12687,-0.068163
12688,-0.039913
12689,0.017734
12690,0.003479
12691,0.008098
12692,0.027688
12693,0.053204
12694,0.060658
12695,0.017127
12696,0.020472
12697,-0.011692
12698,0.024514
12699,-0.036057
12700,-0.082766
12701,-0.059759
12702,-0.049854
12703,0.035426
12704,0.061884
12705,-0.041790
12706,-0.042470
12707,-0.014525
12708,-0.002161
12709,0.000926
12710,0.044720
12711,0.041920
12712,0.042585
12713,0.008873
12714,-0.039722
12715,0.003980
12716,0.002174
12717,-0.031851
12718,0.004706
12719,-0.033764
12720,-0.046009
12721,-0.023960
12722,-0.026901
12723,-0.008943
12724,0.032429
12725,0.017475
12726,0.026335
12727,0.014021
12728,0.016771
12729,0.044363
12730,0.022837
12731,0.026445
12732,0.044160
12733,-0.001348
12734,-0.037854
12735,-0.082282
12736,-0.065150
12737,-0.069229
12738,-0.019596
12739,0.000698
12740,-0.019032
12741,0.021549
12742,0.040560
12743,0.048162
12744,0.028433
12745,0.048754
12746,0.081740
12747,0.086962
12748,0.036204
12749,-0.025025
12750,-0.060834
12751,-0.072312
12752,-0.093010
12753,-0.036681
12754,-0.056538
12755,-0.018617
12756,0.059052
12757,0.079387
12758,0.071120
12759,0.046829
12760,-0.051735
12761,-0.050264
12762,-0.038834
12763,-0.025916
12764,0.022584
12765,0.012124
12766,-0.006753
12767,-0.055468
12768,-0.048987
12769,-0.006433
12770,-0.006976
12771,0.010690
12772,0.064060
12773,0.057621
12774,0.028423
12775,-0.005372
12776,0.028881
12777,0.051534
12778,-0.033612
12779,-0.055613
12780,-0.049681
12781,-0.057708
12782,0.001455
12783,0.044098
12784,0.017138
12785,0.048099
12786,0.018053
12787,-0.030052
12788,-0.050856
12789,-0.071478
12790,-0.013848
12791,0.033420
12792,-0.002929
12793,0.008783
12794,0.002864
12795,-0.021413
12796,-0.016821
12797,0.014933
12798,0.074529
12799,0.078320
12800,0.066948
12801,-0.016421
12802,-0.015771
12803,-0.051828
12804,-0.081591
12805,-0.090066
12806,-0.046997
12807,-0.030231
12808,0.002850
12809,0.079929
12810,0.110060
12811,0.050778
12812,-0.010715
12813,-0.005425
12814,-0.013755
12815,-0.039772
12816,-0.004930
12817,0.006468
12818,-0.024076
12819,0.034600
12820,0.051474
12821,-0.020847
12822,0.006529
12823,0.000666
12824,-0.040388
12825,-0.065607
12826,-0.076103
12827,-0.015700
12828,0.040051
12829,0.069627
12830,0.089311
12831,0.057553
12832,0.028929
12833,0.001381
12834,-0.036933
12835,-0.046834
12836,-0.101818
12837,-0.051521
12838,-0.001802
12839,-0.040023
12840,-0.008251
12841,0.028905
12842,0.025561
12843,0.051644
12844,-0.004599
12845,0.039902
12846,0.097511
12847,-0.053887
12848,-0.033677
12849,0.001544
12850,-0.081886
12851,-0.038413
12852,0.012708
12853,0.010304
12854,0.022903
12855,0.063691
12856,0.068545
12857,0.045768
12858,-0.012306
12859,-0.051772
12860,-0.074850
12861,-0.025964
12862,0.019498
12863,0.010807
12864,-0.005107
12865,-0.019499
12866,0.014611
12867,0.000501
12868,-0.033959
12869,-0.040732
12870,-0.007448
12871,-0.017405
12872,0.010975
12873,0.038786
12874,0.007361
12875,0.030492
12876,0.023515
12877,-0.012446
12878,-0.027834
12879,0.021844
12880,0.005774
12881,-0.036541
12882,-0.037551
12883,-0.052071
12884,-0.030510
12885,0.034964
12886,0.029088
12887,0.017795
12888,0.033875
12889,0.024077
12890,0.017855
12891,0.035950
12892,0.019596
12893,0.015381
12894,0.022375
12895,-0.006758
12896,-0.071149
12897,-0.038229
12898,-0.043269
12899,0.000576
12900,0.053117
12901,0.037855
12902,0.008432
12903,-0.030480
12904,-0.018583
12905,0.005074
12906,0.008740
12907,0.015686
12908,0.018515
12909,-0.000975
12910,0.017021
12911,-0.005589
12912,-0.032680
12913,-0.042152
12914,-0.045425
12915,-0.024432
12916,-0.008984
12917,-0.023506
12918,0.021014
12919,0.054632
12920,0.052974
12921,0.023189
12922,0.007340
12923,-0.026845
12924,-0.013085
12925,-0.001859
12926,-0.038198
12927,-0.010467
12928,0.022920
12929,0.054829
12930,0.026575
12931,-0.014676
12932,-0.065527
12933,-0.085835
12934,-0.062258
12935,0.004629
12936,0.022751
12937,0.037597
12938,0.049473
12939,0.063559
12940,0.053715
12941,0.015199
12942,-0.033642
12943,-0.002936
12944,0.025386
12945,0.022574
12946,0.026917
12947,0.080717
12948,0.012237
12949,-0.076753
12950,-0.086517
12951,-0.056531
12952,-0.051490
12953,-0.051339
12954,-0.013858
12955,0.009351
12956,0.056179
12957,0.073417
12958,0.026704
12959,-0.015255
12960,-0.006084
12961,0.048325
12962,0.015343
12963,-0.018533
12964,-0.029895
12965,0.001116
12966,-0.013804
12967,-0.032329
12968,-0.022347
12969,-0.013225
12970,-0.021014
12971,-0.003389
12972,0.043584
12973,0.009875
12974,0.023246
12975,0.000576
12976,0.037537
12977,0.036246
12978,0.019628
12979,-0.039747
12980,-0.084127
12981,-0.038824
12982,-0.016501
12983,0.021723
12984,0.014249
12985,-0.035145
12986,-0.053458
12987,-0.011843
12988,0.014665
12989,0.008770
12990,0.022079
12991,0.037630
12992,0.052076
12993,0.002964
12994,0.007126
12995,-0.021443
12996,-0.008482
12997,0.039860
12998,-0.002576
12999,-0.017718
13000,0.023037
13001,0.012919
13002,0.006361
13003,-0.065896
13004,-0.041435
13005,0.004963
13006,-0.006677
13007,0.010648
13008,0.024867
13009,-0.033371
13010,-0.031818
13011,-0.019878
13012,-0.023946
13013,0.039061
13014,0.032352
13015,0.016441
13016,0.009290
13017,-0.007882
13018,-0.013712
13019,-0.019411
13020,-0.026332
13021,0.020173
13022,0.045376
13023,0.085886
13024,0.003136
13025,-0.065437
13026,-0.067263
13027,-0.023547
13028,0.014830
13029,0.032222
13030,0.058200
13031,0.030506
13032,0.002653
13033,-0.030825
13034,-0.020088
13035,-0.003994
13036,-0.034449
13037,-0.021598
13038,0.002025
13039,-0.020635
13040,-0.027961
13041,-0.007122
13042,0.024464
13043,0.024516
13044,0.014045
13045,0.008865
13046,0.032599
13047,-0.037928
13048,-0.039354
13049,-0.047129
13050,-0.011941
13051,-0.017881
13052,-0.016548
13053,0.003044
13054,0.047522
13055,0.029869
13056,-0.019509
13057,0.007923
13058,0.003689
13059,0.013383
13060,0.045609
13061,0.045710
13062,-0.000888
13063,-0.009966
13064,-0.008970
13065,-0.015208
13066,-0.039609
13067,0.016424
13068,0.037044
13069,-0.018451
13070,-0.038271
13071,-0.020290
13072,0.007502
13073,-0.024488
13074,0.025548
13075,-0.002567
13076,0.007737
13077,0.015131
13078,0.019232
13079,-0.035305
13080,-0.048531
13081,-0.029775
13082,0.016295
13083,0.045233
13084,0.047856
13085,0.030239
13086,-0.020177
13087,0.003924
13088,-0.001518
13089,0.001539
13090,-0.008870
13091,-0.035999
13092,-0.055469
13093,-0.041133
13094,-0.003663
13095,0.036082
13096,0.036834
13097,0.009717
13098,-0.025296
13099,-0.033698
13100,0.008617
13101,0.006045
13102,-0.016310
13103,-0.004465
13104,0.035261
13105,0.033964
13106,0.018261
13107,-0.027702
13108,-0.010429
13109,-0.041596
13110,-0.026012
13111,0.005642
13112,0.025207
13113,0.050835
13114,0.031088
13115,-0.003653
13116,0.003133
13117,-0.001552
13118,-0.027207
13119,0.018907
13120,0.046790
13121,0.050368
13122,0.006001
13123,-0.059873
13124,-0.075130
13125,-0.062324
13126,-0.043065
13127,-0.063710
13128,0.008976
13129,0.058721
13130,0.061757
13131,0.061907
13132,0.014431
13133,-0.017763
13134,-0.029082
13135,-0.035326
13136,0.017127
13137,-0.002063
13138,-0.054458
13139,-0.054965
13140,-0.046671
13141,-0.013946
13142,0.096099
13143,0.096082
13144,0.080850
13145,0.074694
13146,-0.003015
13147,-0.078073
13148,-0.101571
13149,-0.055287
13150,0.039212
13151,0.038795
13152,0.024621
13153,0.005033
13154,0.037291
13155,0.069410
13156,0.047818
13157,0.020878
13158,-0.012251
13159,-0.088390
13160,-0.128017
13161,-0.089576
13162,-0.055794
13163,-0.034362
13164,0.017089
13165,0.076515
13166,0.050806
13167,0.024648
13168,0.006410
13169,0.003933
13170,-0.049704
13171,-0.018829
13172,0.032129
13173,0.020261
13174,0.028624
13175,0.029598
13176,-0.002044
13177,0.037537
13178,0.004131
13179,-0.011629
13180,-0.036474
13181,-0.013283
13182,-0.017577
13183,-0.033622
13184,0.001520
13185,0.028125
13186,0.021900
13187,-0.038886
13188,-0.026489
13189,0.011990
13190,0.000121
13191,-0.029371
13192,0.013133
13193,0.045828
13194,0.023283
13195,-0.010976
13196,-0.021433
13197,-0.018653
13198,-0.053434
13199,-0.018681
13200,0.015771
13201,0.066472
13202,0.066956
13203,0.018738
13204,-0.014931
13205,-0.054980
13206,-0.024344
13207,0.059582
13208,0.029818
13209,0.011376
13210,0.001914
13211,-0.069055
13212,-0.031214
13213,0.005637
13214,-0.024917
13215,0.001113
13216,-0.014999
13217,-0.002045
13218,0.001117
13219,-0.019875
13220,0.008607
13221,-0.036283
13222,-0.020168
13223,-0.015142
13224,0.002854
13225,0.034638
13226,0.035931
13227,0.077133
13228,0.093751
13229,0.000535
13230,-0.025905
13231,-0.055513
13232,-0.057926
13233,-0.065394
13234,-0.016472
13235,0.050568
13236,0.047810
13237,0.024549
13238,-0.024454
13239,-0.029324
13240,0.028493
13241,0.039163
13242,0.005265
13243,-0.009545
13244,-0.065421
13245,-0.027624
13246,0.018594
13247,-0.014840
13248,-0.005987
13249,-0.015687
13250,-0.039078
13251,-0.027976
13252,-0.014384
13253,0.015965
13254,0.045903
13255,0.037405
13256,0.019198
13257,0.001221
13258,0.014302
13259,0.027414
13260,0.025365
13261,-0.039255
13262,-0.039141
13263,-0.058235
13264,-0.029376
13265,0.036383
13266,0.023063
13267,0.036998
13268,0.039525
13269,-0.002313
13270,-0.016015
13271,-0.004665
13272,0.005421
13273,0.004779
13274,-0.045498
13275,-0.060460
13276,-0.019337
13277,0.018286
13278,0.070270
13279,0.089348
13280,0.018829
13281,-0.020897
13282,0.012597
13283,-0.035300
13284,-0.063675
13285,-0.041427
13286,-0.054630
13287,-0.028672
13288,0.020256
13289,0.021303
13290,0.041423
13291,0.018043
13292,-0.022642
13293,0.022681
13294,0.011621
13295,0.042956
13296,0.055745
13297,-0.026315
13298,-0.029620
13299,-0.040350
13300,-0.022071
13301,-0.000130
13302,0.019456
13303,-0.015992
13304,0.006722
13305,0.002155
13306,-0.038724
13307,-0.053055
13308,-0.033493
13309,-0.020214
13310,-0.008860
13311,0.062753
13312,0.064398
13313,0.014168
13314,-0.001086
13315,0.027405
13316,0.061096
13317,0.034390
13318,0.026224
13319,-0.005387
13320,-0.067546
13321,-0.060886
13322,-0.071522
13323,-0.042471
13324,0.019359
13325,0.044952
13326,0.046594
13327,-0.004910
13328,-0.004873
13329,0.065465
13330,0.031597
13331,0.012714
13332,-0.001886
13333,-0.080268
13334,-0.078181
13335,-0.032282
13336,0.017186
13337,-0.011231
13338,-0.024736
13339,-0.016737
13340,0.008147
13341,0.012122
13342,-0.005268
13343,0.014003
13344,0.048202
13345,0.049115
13346,0.010526
13347,0.003874
13348,0.012812
13349,-0.006555
13350,0.001209
13351,-0.002421
13352,-0.003189
13353,-0.000054
13354,0.009645
13355,-0.027220
13356,-0.028612
13357,-0.062141
13358,-0.022213
13359,-0.007162
13360,-0.015271
13361,0.072202
13362,0.033372
13363,0.013901
13364,0.024740
13365,-0.005068
13366,-0.048876
13367,0.023757
13368,0.030596
13369,0.018032
13370,0.019067
13371,0.015514
13372,0.023135
13373,-0.029576
13374,-0.045627
13375,-0.017572
13376,-0.033711
13377,-0.042318
13378,-0.030998
13379,-0.016712
13380,0.028996
13381,0.049434
13382,0.052237
13383,0.019491
13384,-0.031253
13385,-0.029839
13386,-0.051084
13387,-0.049229
13388,-0.029810
13389,-0.021281
13390,-0.000434
13391,0.026256
13392,-0.003110
13393,0.065475
13394,0.023547
13395,0.048651
13396,0.025981
13397,-0.007293
13398,-0.010373
13399,-0.040820
13400,-0.044322
13401,-0.074198
13402,-0.082902
13403,0.027899
13404,0.067749
13405,0.011789
13406,0.054882
13407,0.033582
13408,0.012054
13409,0.010942
13410,-0.015485
13411,0.018521
13412,-0.001957
13413,-0.035364
13414,-0.023973
13415,-0.025979
13416,-0.010001
13417,0.030536
13418,-0.012231
13419,-0.013678
13420,0.002263
13421,-0.041931
13422,0.010048
13423,0.026449
13424,0.017669
13425,0.011628
13426,0.040740
13427,0.026933
13428,0.020010
13429,-0.019244
13430,-0.038928
13431,-0.015300
13432,-0.049703
13433,-0.059259
13434,-0.051487
13435,0.011164
13436,0.064796
13437,0.015632
13438,-0.015823
13439,0.014017
13440,0.032938
13441,0.012347
13442,0.001725
13443,-0.014137
13444,0.000930
13445,0.006583
13446,-0.058248
13447,-0.042465
13448,0.026406
13449,0.000512
13450,-0.030757
13451,0.039886
13452,0.088023
13453,0.110419
13454,0.077486
13455,0.021361
13456,-0.056937
13457,-0.081088
13458,-0.077372
13459,-0.026788
13460,-0.027521
13461,-0.028089
13462,0.004642
13463,-0.009898
13464,0.004671
13465,-0.013106
13466,0.012004
13467,-0.003528
13468,-0.023526
13469,0.039303
13470,0.094620
13471,0.078176
13472,0.064110
13473,-0.004012
13474,-0.059570
13475,-0.076021
13476,-0.057878
13477,0.009459
13478,0.023479
13479,-0.030271
13480,-0.050091
13481,-0.019294
13482,-0.016657
13483,-0.006225
13484,0.009842
13485,-0.005118
13486,0.019571
13487,0.068038
13488,0.066930
13489,0.017902
13490,0.055782
13491,0.056994
13492,-0.003324
13493,-0.030167
13494,-0.041490
13495,-0.072891
13496,-0.016301
13497,-0.002836
13498,-0.050574
13499,-0.024521
13500,0.031814
13501,0.031768
13502,0.006547
13503,0.030868
13504,0.039920
13505,0.000181
13506,-0.025076
13507,-0.025473
13508,-0.024903
13509,-0.067254
13510,-0.045044
13511,-0.002298
13512,0.041401
13513,0.078485
13514,0.070905
13515,0.010371
13516,-0.028489
13517,-0.019752
13518,-0.035214
13519,-0.032680
13520,-0.030340
13521,-0.028801
13522,-0.021742
13523,0.026529
13524,0.007056
13525,-0.015116
13526,0.040158
13527,0.088111
13528,0.047246
13529,-0.008222
13530,-0.041188
13531,-0.006309
13532,0.025464
13533,0.029254
13534,-0.026460
13535,-0.028591
13536,0.001497
13537,0.012566
13538,0.026203
13539,0.037003
13540,0.002441
13541,-0.028865
13542,-0.029420
13543,-0.036260
13544,-0.057017
13545,-0.052067
13546,-0.034437
13547,0.037901
13548,0.052587
13549,0.045112
13550,0.056336
13551,-0.002629
13552,-0.032453
13553,0.013323
13554,-0.020297
13555,-0.046048
13556,0.010938
13557,0.031979
13558,-0.019276
13559,-0.039923
13560,-0.035867
13561,0.039469
13562,0.050116
13563,-0.017227
13564,-0.012253
13565,-0.030870
13566,-0.018488
13567,0.044386
13568,0.089204
13569,0.055007
13570,0.043820
13571,0.016434
13572,-0.077136
13573,-0.123830
13574,-0.103007
13575,-0.039396
13576,0.042252
13577,0.050419
13578,0.060444
13579,0.040750
13580,0.016005
13581,0.035096
13582,-0.020037
13583,-0.062830
13584,-0.034829
13585,-0.034602
13586,-0.011116
13587,0.035212
13588,0.018162
13589,0.006068
13590,-0.043425
13591,-0.075093
13592,-0.053262
13593,-0.027863
13594,0.022077
13595,0.018708
13596,0.054534
13597,0.066603
13598,0.071347
13599,0.086361
13600,0.072276
13601,0.015276
13602,-0.018634
13603,-0.045772
13604,-0.099342
13605,-0.145517
13606,-0.109050
13607,-0.051987
13608,-0.023648
13609,0.017671
13610,0.031822
13611,0.066894
13612,0.096967
13613,0.111411
13614,0.097123
13615,0.060644
13616,-0.033124
13617,-0.082054
13618,-0.025831
13619,-0.007661
13620,-0.043948
13621,-0.031530
13622,0.023755
13623,0.014335
13624,0.019699
13625,-0.039975
13626,-0.058953
13627,-0.049470
13628,-0.052655
13629,-0.007297
13630,0.018457
13631,0.023376
13632,0.058725
13633,0.051530
13634,0.062735
13635,0.020131
13636,-0.003522
13637,-0.016365
13638,-0.076037
13639,-0.043045
13640,0.035197
13641,0.004252
13642,-0.010255
13643,-0.006391
13644,-0.030930
13645,-0.037972
13646,0.036186
13647,0.060373
13648,0.069039
13649,0.040677
13650,-0.000180
13651,-0.042490
13652,-0.029792
13653,-0.028859
13654,-0.026705
13655,-0.009213
13656,-0.014813
13657,0.028941
13658,0.048440
13659,0.043035
13660,0.013205
13661,0.005332
13662,-0.046517
13663,-0.064051
13664,-0.087121
13665,-0.043328
13666,0.008305
13667,-0.008783
13668,-0.006501
13669,0.032982
13670,0.047318
13671,0.073540
13672,0.054309
13673,0.056758
13674,0.049386
13675,0.007718
13676,0.026807
13677,0.005774
13678,-0.052659
13679,-0.038407
13680,-0.046914
13681,-0.079329
13682,-0.070303
13683,-0.078694
13684,-0.066679
13685,-0.016303
13686,0.055263
13687,0.076222
13688,0.052938
13689,0.052319
13690,-0.007594
13691,-0.035616
13692,-0.047931
13693,0.007744
13694,0.058572
13695,0.046093
13696,0.014999
13697,0.029650
13698,-0.043127
13699,-0.083746
13700,-0.048123
13701,0.014216
13702,0.037402
13703,0.022462
13704,0.070538
13705,0.063396
13706,0.001569
13707,0.044981
13708,0.038967
13709,0.017141
13710,0.023673
13711,-0.001524
13712,-0.022393
13713,-0.063435
13714,-0.104998
13715,-0.076932
13716,-0.063360
13717,-0.054775
13718,-0.040711
13719,-0.004215
13720,0.031569
13721,0.046028
13722,0.049848
13723,0.027450
13724,0.084842
13725,0.063540
13726,0.040911
13727,-0.006233
13728,-0.039374
13729,-0.053588
13730,-0.029741
13731,-0.014558
13732,0.034224
13733,0.006731
13734,-0.050485
13735,-0.016188
13736,-0.039691
13737,0.017787
13738,0.032461
13739,0.053709
13740,0.033003
13741,-0.045645
13742,-0.057387
13743,-0.039685
13744,-0.056794
13745,-0.001158
13746,0.041611
13747,0.010099
13748,-0.007601
13749,0.002905
13750,0.043176
13751,0.050496
13752,0.043790
13753,0.041815
13754,0.029555
13755,0.007874
13756,-0.031207
13757,-0.029932
13758,-0.047846
13759,-0.068671
13760,0.005892
13761,0.019287
13762,-0.001089
13763,-0.041962
13764,-0.023069
13765,0.037229
13766,0.038642
13767,0.000839
13768,-0.001218
13769,0.007981
13770,-0.022557
13771,-0.025620
13772,-0.011803
13773,-0.007878
13774,0.016062
13775,-0.024751
13776,-0.075195
13777,-0.000073
13778,0.005756
13779,0.043913
13780,0.038065
13781,-0.007144
13782,-0.001515
13783,0.057438
13784,0.056532
13785,-0.004425
13786,-0.078270
13787,-0.098702
13788,-0.032126
13789,0.094938
13790,0.078432
13791,0.068619
13792,-0.005322
13793,-0.066341
13794,-0.034448
13795,-0.005908
13796,0.011346
13797,0.033865
13798,0.048023
13799,0.029436
13800,0.022614
13801,-0.011573
13802,-0.066475
13803,-0.130719
13804,-0.081315
13805,-0.009113
13806,0.018193
13807,0.007222
13808,0.030490
13809,0.040134
13810,0.044788
13811,-0.037495
13812,-0.055525
13813,-0.019125
13814,0.023529
13815,-0.001288
13816,0.027542
13817,0.055644
13818,0.044747
13819,-0.001486
13820,-0.029451
13821,-0.070480
13822,-0.050734
13823,-0.010650
13824,0.022479
13825,0.057947
13826,0.037246
13827,0.037444
13828,0.012854
13829,-0.000133
13830,0.004829
13831,-0.011522
13832,-0.008091
13833,-0.057727
13834,-0.029711
13835,0.004099
13836,0.058489
13837,0.056056
13838,0.027353
13839,-0.050165
13840,-0.061942
13841,-0.048923
13842,-0.035693
13843,-0.009159
13844,-0.007519
13845,0.016047
13846,0.018065
13847,-0.011440
13848,-0.025263
13849,0.039268
13850,0.151997
13851,0.122700
13852,0.049645
13853,-0.011855
13854,-0.054227
13855,-0.092050
13856,-0.067218
13857,-0.032391
13858,-0.019733
13859,-0.039240
13860,-0.034993
13861,0.015652
13862,0.064149
13863,0.037822
13864,0.035631
13865,0.009264
13866,-0.030359
13867,-0.047098
13868,-0.021249
13869,-0.018113
13870,0.016194
13871,0.031898
13872,0.031609
13873,-0.025779
13874,-0.097628
13875,-0.059154
13876,-0.009051
13877,0.030739
13878,0.023781
13879,0.073915
13880,0.042177
13881,0.020372
13882,0.025563
13883,0.019001
13884,0.026970
13885,0.034886
13886,-0.004451
13887,0.000413
13888,0.031814
13889,-0.011251
13890,-0.083068
13891,-0.081879
13892,-0.025594
13893,-0.002158
13894,-0.009132
13895,-0.026780
13896,-0.015297
13897,-0.000225
13898,-0.020362
13899,-0.035159
13900,0.052682
13901,0.049153
13902,0.016671
13903,0.012620
13904,0.017515
13905,0.040016
13906,0.012235
13907,-0.017855
13908,0.012037
13909,-0.007562
13910,-0.031009
13911,0.029349
13912,0.021963
13913,-0.005442
13914,-0.013036
13915,-0.043431
13916,-0.083397
13917,-0.017516
13918,-0.018260
13919,-0.040205
13920,-0.006227
13921,0.042436
13922,0.039176
13923,0.063892
13924,0.031764
13925,0.027950
13926,0.023998
13927,-0.027376
13928,-0.025907
13929,-0.012570
13930,-0.040336
13931,-0.021137
13932,0.014385
13933,-0.008779
13934,-0.022867
13935,-0.036887
13936,-0.025162
13937,0.066420
13938,0.087285
13939,-0.002682
13940,-0.025213
13941,-0.010078
13942,0.005122
13943,-0.014024
13944,-0.024427
13945,-0.029948
13946,0.001952
13947,0.012321
13948,-0.026752
13949,0.022039
13950,0.011735
13951,0.011167
13952,0.034654
13953,0.034276
13954,0.019183
13955,0.023653
13956,-0.018181
13957,-0.050667
13958,-0.029073
13959,-0.057585
13960,-0.032219
13961,0.035612
13962,0.018680
13963,0.043101
13964,0.013115
13965,-0.009172
13966,-0.013116
13967,-0.038597
13968,-0.003080
13969,-0.003945
13970,0.015480
13971,0.020914
13972,0.035183
13973,0.032715
13974,0.013915
13975,0.009433
13976,-0.008812
13977,-0.031489
13978,-0.050491
13979,-0.088118
13980,-0.035453
13981,0.024178
13982,0.035378
13983,0.028839
13984,0.000021
13985,-0.040121
13986,-0.006327
13987,0.028541
13988,0.033120
13989,-0.033064
13990,-0.070783
13991,-0.033797
13992,0.032411
13993,0.054481
13994,0.063058
13995,0.077132
13996,0.046881
13997,0.001135
13998,-0.025541
13999,-0.054657
14000,-0.050485
14001,-0.016152
14002,0.004559
14003,-0.048163
14004,-0.054599
14005,-0.010906
14006,0.024257
14007,0.027895
14008,0.005476
14009,0.004589
14010,0.023007
14011,0.015434
14012,0.008994
14013,-0.002157
14014,-0.039054
14015,0.008970
14016,0.041150
14017,0.012143
14018,-0.010637
14019,0.004356
14020,-0.056575
14021,-0.077940
14022,-0.037256
14023,-0.003199
14024,0.073268
14025,0.129117
14026,0.119271
14027,0.027123
14028,-0.028482
14029,-0.029353
14030,-0.100751
14031,-0.094445
14032,-0.074203
14033,-0.042032
14034,0.023679
14035,0.040719
14036,0.041588
14037,0.023321
14038,0.002714
14039,0.016707
14040,0.022492
14041,-0.012072
14042,-0.006702
14043,0.005029
14044,-0.046580
14045,0.015390
14046,0.042890
14047,0.023225
14048,0.005567
14049,-0.013976
14050,-0.002081
14051,0.025274
14052,-0.032934
14053,-0.026211
14054,-0.027749
14055,-0.012682
14056,-0.026203
14057,0.032570
14058,0.034495
14059,0.018020
14060,0.028961
14061,-0.016009
14062,-0.030757
14063,-0.070734
14064,-0.033325
14065,0.037066
14066,0.027503
14067,0.052437
14068,0.056402
14069,-0.035047
14070,-0.050899
14071,-0.024290
14072,-0.020464
14073,-0.006871
14074,-0.032308
14075,-0.058587
14076,0.035394
14077,0.067316
14078,0.106345
14079,0.061531
14080,-0.042232
14081,-0.057105
14082,0.016320
14083,0.016886
14084,-0.011719
14085,0.016796
14086,-0.017871
14087,-0.026752
14088,-0.019006
14089,0.003555
14090,0.003015
14091,-0.080149
14092,-0.043576
14093,0.004856
14094,-0.025343
14095,-0.047598
14096,0.004835
14097,0.049267
14098,0.059844
14099,0.110785
14100,0.124001
14101,0.046553
14102,-0.007057
14103,-0.072916
14104,-0.052590
14105,-0.096927
14106,-0.078021
14107,-0.002019
14108,0.020157
14109,0.014285
14110,-0.029870
14111,-0.037181
14112,0.030387
14113,0.080980
14114,0.082363
14115,0.006365
14116,0.004470
14117,-0.045781
14118,-0.096121
14119,-0.077985
14120,-0.068122
14121,-0.020713
14122,0.072217
14123,0.087382
14124,0.079714
14125,0.034596
14126,-0.040559
14127,-0.087978
14128,-0.062998
14129,-0.026651
14130,0.040256
14131,0.117250
14132,0.149342
14133,0.096591
14134,-0.004592
14135,-0.093739
14136,-0.133485
14137,-0.049010
14138,-0.048419
14139,-0.057813
14140,0.034034
14141,0.021051
14142,-0.007255
14143,0.045783
14144,0.036571
14145,0.014571
14146,-0.007800
14147,-0.030463
14148,-0.001670
14149,0.008597
14150,0.000523
14151,-0.007198
14152,-0.030243
14153,-0.003268
14154,0.052898
14155,0.030534
14156,-0.009986
14157,-0.038654
14158,-0.018231
14159,0.017697
14160,0.048861
14161,0.008412
14162,-0.042067
14163,-0.115579
14164,-0.116419
14165,-0.011799
14166,0.047249
14167,0.086018
14168,0.111759
14169,0.074251
14170,-0.014748
14171,-0.024218
14172,-0.041500
14173,-0.014279
14174,-0.006609
14175,0.018746
14176,0.069903
14177,0.037781
14178,-0.002562
14179,-0.035194
14180,-0.092131
14181,-0.126348
14182,-0.092127
14183,-0.015467
14184,0.068862
14185,0.095784
14186,0.065558
14187,0.055369
14188,0.033113
14189,0.013647
14190,0.030637
14191,0.022587
14192,-0.021216
14193,-0.071256
14194,-0.065853
14195,-0.025785
14196,0.048888
14197,0.022768
14198,-0.015691
14199,-0.048848
14200,-0.069558
14201,-0.046627
14202,-0.017070
14203,0.010762
14204,0.093029
14205,0.079582
14206,0.002773
14207,-0.017956
14208,-0.102383
14209,-0.089377
14210,-0.026955
14211,0.026227
14212,0.101330
14213,0.088289
14214,0.037648
14215,0.009753
14216,-0.001418
14217,-0.010092
14218,-0.039325
14219,-0.035662
14220,0.006919
14221,0.003119
14222,-0.009067
14223,-0.014229
14224,-0.037081
14225,-0.006985
14226,-0.014959
14227,-0.022475
14228,0.025846
14229,0.065443
14230,0.065067
14231,0.042056
14232,0.049633
14233,0.001858
14234,-0.079618
14235,-0.059300
14236,-0.045169
14237,-0.047845
14238,-0.039620
14239,0.027571
14240,0.041636
14241,0.062178
14242,0.052791
14243,0.006358
14244,-0.022858
14245,-0.016834
14246,-0.094094
14247,-0.107653
14248,-0.061426
14249,0.045976
14250,0.101898
14251,0.042616
14252,0.019964
14253,0.040048
14254,0.019987
14255,-0.001325
14256,-0.005704
14257,0.016788
14258,-0.003187
14259,0.030923
14260,0.020675
14261,-0.032757
14262,-0.062101
14263,-0.010495
14264,0.020487
14265,0.061302
14266,-0.001462
14267,-0.023488
14268,-0.031491
14269,-0.039620
14270,-0.017164
14271,-0.002546
14272,-0.005906
14273,-0.015423
14274,-0.030900
14275,-0.015273
14276,-0.010814
14277,0.029926
14278,0.050872
14279,0.048668
14280,0.021204
14281,-0.009174
14282,-0.019031
14283,-0.023375
14284,0.025290
14285,0.004172
14286,0.011921
14287,-0.017627
14288,-0.006897
14289,0.012554
14290,-0.027290
14291,-0.007645
14292,-0.016261
14293,0.018159
14294,-0.005884
14295,-0.050636
14296,-0.008252
14297,0.030169
14298,0.072004
14299,0.116992
14300,0.050712
14301,-0.043919
14302,-0.079491
14303,-0.078064
14304,0.000803
14305,0.046378
14306,0.031882
14307,0.040389
14308,-0.051138
14309,-0.032936
14310,0.002191
14311,-0.036200
14312,-0.034694
14313,-0.000000
14314,-0.013397
14315,-0.010083
14316,-0.001770
14317,0.030550
14318,0.014589
14319,-0.036914
14320,-0.042783
14321,-0.032197
14322,-0.034530
14323,-0.017302
14324,0.053616
14325,0.045418
14326,0.002139
14327,0.036029
14328,0.042524
14329,0.023891
14330,0.018536
14331,-0.006405
14332,-0.039022
14333,-0.026936
14334,-0.030051
14335,0.025005
14336,0.037406
14337,0.067124
14338,0.042732
14339,-0.070749
14340,-0.081073
14341,-0.035769
14342,0.001361
14343,0.015302
14344,0.049361
14345,0.045342
14346,0.019345
14347,0.024970
14348,-0.038744
14349,-0.064503
14350,-0.054531
14351,0.005014
14352,0.007591
14353,0.021614
14354,0.011205
14355,-0.001334
14356,0.001399
14357,0.004390
14358,-0.008276
14359,0.042381
14360,0.039231
14361,-0.042416
14362,-0.070035
14363,-0.051899
14364,-0.026320
14365,0.032651
14366,0.087720
14367,0.066326
14368,0.016898
14369,-0.026384
14370,-0.044507
14371,-0.056188
14372,-0.020500
14373,0.021149
14374,0.035819
14375,0.024670
14376,0.026069
14377,0.002333
14378,-0.056235
14379,-0.015726
14380,-0.000943
14381,0.009707
14382,0.048581
14383,-0.005315
14384,-0.015226
14385,-0.027624
14386,-0.003367
14387,0.040481
14388,0.012588
14389,-0.002900
14390,-0.038180
14391,-0.030514
14392,0.021667
14393,0.055577
14394,0.026221
14395,0.018746
14396,0.008788
14397,0.019676
14398,-0.034902
14399,-0.032121
14400,-0.030565
14401,-0.030709
14402,-0.020861
14403,0.023465
14404,-0.014179
14405,-0.057760
14406,-0.054044
14407,-0.001854
14408,-0.012382
14409,0.051112
14410,0.089385
14411,0.076237
14412,0.067998
14413,0.049684
14414,-0.057339
14415,-0.069749
14416,-0.035120
14417,-0.028447
14418,-0.002890
14419,0.014801
14420,0.013543
14421,0.034821
14422,0.013853
14423,-0.030476
14424,-0.048954
14425,-0.032567
14426,-0.065707
14427,-0.006636
14428,0.028572
14429,0.018055
14430,0.018376
14431,0.037817
14432,0.005215
14433,-0.001829
14434,0.010470
14435,-0.011232
14436,0.044231
14437,0.048622
14438,0.002003
14439,0.017018
14440,0.024950
14441,-0.025099
14442,-0.055977
14443,-0.084175
14444,-0.055283
14445,0.040698
14446,0.043411
14447,0.058647
14448,0.063544
14449,-0.027617
14450,-0.031224
14451,-0.033637
14452,-0.027599
14453,-0.054501
14454,-0.044678
14455,0.006624
14456,0.033988
14457,0.024138
14458,0.028046
14459,0.009217
14460,0.062010
14461,0.057507
14462,0.028693
14463,0.012369
14464,-0.037250
14465,-0.005518
14466,-0.016212
14467,-0.029093
14468,-0.029448
14469,-0.068520
14470,-0.030344
14471,0.005241
14472,-0.012054
14473,-0.019865
14474,-0.057052
14475,0.009891
14476,0.020981
14477,0.032445
14478,0.012976
14479,0.004034
14480,0.000382
14481,-0.021318
14482,-0.037304
14483,0.030311
14484,0.046923
14485,0.070746
14486,0.063888
14487,0.000672
14488,-0.050584
14489,-0.050220
14490,-0.058397
14491,-0.012108
14492,0.035940
14493,0.100886
14494,0.075688
14495,-0.016777
14496,-0.011171
14497,-0.052555
14498,-0.073225
14499,-0.029155
14500,0.005014
14501,-0.044099
14502,0.011962
14503,0.004360
14504,-0.035596
14505,-0.021088
14506,-0.047537
14507,0.001729
14508,0.005165
14509,0.047727
14510,0.104841
14511,0.074925
14512,0.043271
14513,0.006720
14514,141.950760
14515,141.108887
14516,2.520467
14517,1693.946167
14518,276.718048
14519,20.414478
14520,6.965766
14521,-5.108647
14522,1.331501
14523,-0.769408
14524,-8.452871
14525,-9.540361
14526,-25.485723
14527,-25.364597
14528,-9.293696
14529,8.244724
14530,23.146606
14531,34.042458
14532,19.576834
14533,13.859035
14534,3.208733
14535,-9.005495
14536,-6.040913
14537,-16.195787
14538,0.392922
14539,1.895001
14540,-13.703077
14541,-41.301647
14542,-42.801952
14543,-15.707741
14544,21.493391
14545,51.699562
14546,56.963554
14547,32.749626
14548,2.896838
14549,-23.828239
14550,-23.317966
14551,-11.215003
14552,-21.601265
14553,-13.886845
14554,-5.612061
14555,-16.324234
14556,-2.975289
14557,27.797314
14558,30.074560
14559,13.367657
14560,4.656005
14561,-13.508346
14562,-7.218661
14563,-35.610497
14564,-45.208584
14565,-26.238531
14566,16.357347
14567,41.125084
14568,0.013176
14569,0.005409
14570,-0.037656
14571,-0.050953
14572,-0.033187
14573,-0.056813
14574,-0.049361
14575,-0.053617
14576,-0.023352
14577,-0.017143
14578,0.020029
14579,0.018766
14580,0.061783
14581,0.067118
14582,0.055159
14583,0.081509
14584,0.018804
14585,-0.036110
14586,-0.036000
14587,-0.048069
14588,-0.054763
14589,-0.047107
14590,-0.043103
14591,-0.015669
14592,-0.065515
14593,-0.054713
14594,0.010696
14595,0.064036
14596,0.092113
14597,0.082234
14598,0.060312
14599,-0.015938
14600,-0.062499
14601,-0.074111
14602,-0.006065
14603,0.038417
14604,0.039675
14605,-0.009045
14606,-0.016632
14607,0.014792
14608,-0.026112
14609,-0.072442
14610,-0.000757
14611,0.098327
14612,0.025407
14613,-0.014032
14614,0.016999
14615,-0.022077
14616,-0.023200
14617,-0.054104
14618,-0.056955
14619,0.000988
14620,0.015074
14621,0.031710
14622,0.057884
14623,0.067791
14624,0.044760
14625,0.004388
14626,-0.071498
14627,-0.089718
14628,-0.047224
14629,0.020859
14630,0.066843
14631,0.043094
14632,0.022359
14633,-0.021857
14634,-0.053906
14635,-0.051142
14636,-0.030943
14637,-0.002393
14638,0.035252
14639,0.028243
14640,0.025065
14641,-0.003405
14642,0.000282
14643,0.019260
14644,-0.012173
14645,-0.052542
14646,-0.029367
14647,0.033530
14648,0.036850
14649,0.046388
14650,-0.004185
14651,-0.062744
14652,-0.045631
14653,-0.020133
14654,-0.013570
14655,-0.041369
14656,-0.005201
14657,0.017641
14658,0.028588
14659,0.055866
14660,0.095880
14661,0.060219
14662,-0.020299
14663,-0.041794
14664,-0.023663
14665,-0.023454
14666,-0.032047
14667,-0.032225
14668,138.482452
14669,145.921539
14670,2.450885
14671,1681.231567
14672,263.328094
14673,28.237406
14674,29.983076
14675,3.620034
14676,-36.610519
14677,-53.375298
14678,-34.153599
14679,-15.132910
14680,-1.968356
14681,24.724443
14682,48.817215
14683,40.021530
14684,9.729601
14685,2.739822
14686,-5.695910
14687,-12.287198
14688,-18.943956
14689,-23.248875
14690,-24.182024
14691,-1.850113
14692,0.529365
14693,12.009282
14694,8.093299
14695,16.998938
14696,18.872393
14697,6.036928
14698,-3.770810
14699,-15.436287
14700,-28.809357
14701,-34.265961
14702,-22.220877
14703,-1.895637
14704,38.641712
14705,70.423759
14706,56.710762
14707,6.546237
14708,-27.069929
14709,-20.181328
14710,-21.937614
14711,-42.139118
14712,-46.177452
14713,-33.626469
14714,-27.197418
14715,-9.776760
14716,25.602715
14717,56.375828
14718,83.794479
14719,76.777885
14720,32.055309
14721,-14.218704
14722,0.022571
14723,0.027366
14724,0.051967
14725,0.001113
14726,-0.043715
14727,-0.000569
14728,-0.030400
14729,-0.094012
14730,-0.035868
14731,-0.012164
14732,0.031457
14733,0.050493
14734,0.019826
14735,-0.003819
14736,-0.035763
14737,0.041724
14738,0.046820
14739,-0.004133
14740,-0.007139
14741,-0.041664
14742,-0.032781
14743,-0.008713
14744,0.054203
14745,0.070425
14746,0.045543
14747,0.055032
14748,0.015804
14749,-0.018060
14750,-0.044745
14751,-0.066981
14752,-0.010391
14753,-0.024298
14754,-0.049535
14755,-0.021929
14756,-0.022617
14757,0.027611
14758,0.077677
14759,0.034275
14760,-0.004292
14761,-0.032243
14762,-0.047861
14763,-0.060385
14764,-0.054374
14765,-0.003440
14766,0.084544
14767,0.055897
14768,-0.011076
14769,-0.034582
14770,-0.032893
14771,0.010971
14772,0.044422
14773,0.004846
14774,0.014028
14775,0.007344
14776,0.048271
14777,0.017225
14778,-0.054770
14779,-0.047794
14780,-0.036256
14781,-0.041840
14782,-0.003550
14783,-0.018893
14784,0.009553
14785,0.028855
14786,0.030064
14787,0.047244
14788,0.007847
14789,0.054966
14790,0.061455
14791,0.038768
14792,-0.014377
14793,-0.055174
14794,-0.068619
14795,-0.041781
14796,-0.040241
14797,0.013684
14798,0.025268
14799,0.026512
14800,0.010103
14801,-0.022971
14802,-0.025160
14803,0.021793
14804,0.013304
14805,-0.040674
14806,-0.037176
14807,-0.036955
14808,-0.016935
14809,-0.001268
14810,0.028973
14811,0.058013
14812,0.055908
14813,0.030841
14814,-0.011325
14815,-0.042094
14816,-0.072231
14817,-0.055128
14818,-0.045650
14819,-0.036983
14820,0.019857
14821,0.074870
14822,0.099708
14823,0.041055
14824,-0.035227
14825,-0.019618
14826,-0.004301
14827,0.012723
14828,0.019423
14829,0.015494
14830,-0.020158
14831,-0.042373
14832,-0.033851
14833,-0.077427
14834,-0.041346
14835,0.043404
14836,0.063296
14837,0.083409
14838,0.026063
14839,-0.017478
14840,-0.018546
14841,-0.034668
14842,-0.060110
14843,-0.056660
14844,0.024874
14845,-0.011134
14846,0.032960
14847,0.045120
14848,0.066242
14849,0.063054
14850,0.014657
14851,0.025488
14852,0.013059
14853,-0.029287
14854,-0.001510
14855,-0.026335
14856,-0.085941
14857,-0.056956
14858,0.007044
14859,0.040690
14860,0.001325
14861,-0.029872
14862,-0.011579
14863,-0.015700
14864,0.011212
14865,0.008458
14866,0.005159
14867,0.012783
14868,0.004929
14869,-0.016658
14870,-0.016926
14871,0.013349
14872,0.071595
14873,0.043915
14874,0.004210
14875,-0.023920
14876,-0.032172
14877,-0.107600
14878,-0.151669
14879,-0.079292
14880,0.046569
14881,0.087940
14882,0.090343
14883,0.014856
14884,0.028743
14885,0.001558
14886,-0.002667
14887,0.008178
14888,0.020153
14889,0.047088
14890,0.022058
14891,-0.022043
14892,-0.040791
14893,-0.016144
14894,-0.017375
14895,-0.015578
14896,-0.025459
14897,-0.047880
14898,0.021179
14899,0.037156
14900,0.010437
14901,-0.013590
14902,-0.004669
14903,-0.013688
14904,-0.002232
14905,-0.008665
14906,-0.015738
14907,0.012011
14908,-0.005229
14909,0.000431
14910,0.018672
14911,-0.010723
14912,-0.013427
14913,0.017880
14914,0.014411
14915,0.011943
14916,-0.024484
14917,-0.012844
14918,-0.013619
14919,-0.033898
14920,-0.022470
14921,-0.034447
14922,0.013248
14923,0.053507
14924,0.056082
14925,0.038701
14926,0.001556
14927,-0.002492
14928,-0.009927
14929,-0.034537
14930,-0.047209
14931,0.004940
14932,0.008051
14933,0.048488
14934,0.024282
14935,0.003406
14936,-0.003512
14937,0.008429
14938,0.023238
14939,-0.011852
14940,-0.081775
14941,-0.118441
14942,-0.064496
14943,0.004517
14944,0.035137
14945,0.034783
14946,0.006193
14947,0.017238
14948,0.044459
14949,0.066315
14950,0.040879
14951,0.001479
14952,0.020101
14953,-0.031254
14954,-0.046143
14955,-0.047525
14956,-0.053569
14957,-0.032699
14958,-0.030416
14959,0.021600
14960,0.056664
14961,0.049835
14962,0.079265
14963,0.046761
14964,0.009135
14965,-0.087950
14966,-0.077958
14967,-0.024370
14968,-0.059790
14969,-0.020080
14970,0.029351
14971,0.041240
14972,0.092239
14973,0.060966
14974,0.016046
14975,0.003262
14976,0.000980
14977,-0.017863
14978,-0.075876
14979,-0.079370
14980,-0.036892
14981,-0.007544
14982,0.027637
14983,0.048707
14984,0.070634
14985,-0.001408
14986,-0.025551
14987,-0.009391
14988,-0.045583
14989,-0.056257
14990,-0.022429
14991,0.008866
14992,0.029723
14993,-0.001118
14994,-0.005587
14995,-0.026745
14996,0.007743
14997,0.025781
14998,-0.015646
14999,0.057965
15000,0.055283
15001,0.004097
15002,0.004694
15003,-0.003353
15004,0.015351
15005,0.036658
15006,-0.007909
15007,-0.052229
15008,-0.033377
15009,-0.025258
15010,-0.014592
15011,0.020126
15012,-0.001591
15013,-0.053417
15014,-0.012807
15015,-0.046506
15016,-0.044921
15017,-0.010054
15018,0.007231
15019,0.028541
15020,0.032267
15021,0.034424
15022,0.030328
15023,0.012137
15024,0.013731
15025,0.090717
15026,0.046570
15027,-0.037023
15028,-0.027844
15029,0.004390
15030,-0.021308
15031,-0.064675
15032,-0.043845
15033,-0.021734
15034,-0.014967
15035,0.008803
15036,0.033642
15037,0.035879
15038,0.003260
15039,-0.006803
15040,-0.062338
15041,-0.068739
15042,0.011189
15043,0.074368
15044,0.050619
15045,0.016832
15046,0.075630
15047,0.022518
15048,-0.020823
15049,-0.052800
15050,-0.064072
15051,-0.014917
15052,-0.036685
15053,0.007027
15054,0.016282
15055,-0.002008
15056,0.013696
15057,0.016662
15058,0.006700
15059,0.011264
15060,0.010461
15061,-0.000381
15062,-0.007746
15063,-0.032832
15064,-0.049568
15065,-0.046909
15066,-0.005007
15067,0.056473
15068,0.055518
15069,0.013143
15070,-0.009214
15071,-0.014772
15072,-0.050724
15073,-0.015169
15074,-0.034451
15075,-0.015737
15076,0.029481
15077,0.113020
15078,0.120428
15079,0.074250
15080,0.012270
15081,-0.039070
15082,-0.066899
15083,-0.063171
15084,-0.052086
15085,-0.013007
15086,-0.003481
15087,-0.018028
15088,0.011477
15089,0.037325
15090,0.003563
15091,-0.045192
15092,-0.060179
15093,-0.023503
15094,0.041774
15095,0.031849
15096,0.044738
15097,0.041694
15098,0.009907
15099,-0.022516
15100,-0.058447
15101,-0.080704
15102,-0.061764
15103,-0.045965
15104,-0.012642
15105,0.035914
15106,0.077369
15107,0.062261
15108,0.057677
15109,0.025473
15110,-0.010914
15111,-0.001728
15112,0.011385
15113,0.010839
15114,-0.008092
15115,-0.072073
15116,-0.033098
15117,0.008234
15118,0.011142
15119,-0.014103
15120,0.008889
15121,0.034988
15122,0.023871
15123,0.006729
15124,0.040410
15125,-0.007764
15126,-0.013594
15127,0.018011
15128,-0.007707
15129,-0.053476
15130,-0.064793
15131,-0.058417
15132,-0.015891
15133,-0.055580
15134,0.003164
15135,0.028916
15136,0.007635
15137,0.067725
15138,0.077354
15139,0.061173
15140,0.039745
15141,-0.025748
15142,-0.030901
15143,0.001082
15144,-0.019399
15145,0.004715
15146,-0.055405
15147,-0.047056
15148,-0.039218
15149,-0.079044
15150,-0.043521
15151,-0.012978
15152,-0.007956
15153,0.057047
15154,0.096426
15155,0.108139
15156,0.055593
15157,0.015162
15158,-0.034565
15159,-0.063355
15160,-0.002746
15161,0.010296
15162,-0.036725
15163,-0.027407
15164,-0.033182
15165,-0.022225
15166,0.018554
15167,0.029577
15168,0.065304
15169,0.054170
15170,0.032289
15171,0.047967
15172,-0.024890
15173,-0.094751
15174,-0.060590
15175,-0.013117
15176,-0.010804
15177,-0.024999
15178,-0.053886
15179,-0.011242
15180,0.021483
15181,0.031107
15182,0.056596
15183,0.038669
15184,-0.030221
15185,-0.038633
15186,-0.020167
15187,0.019395
15188,0.032832
15189,0.015045
15190,0.010366
15191,-0.005405
15192,0.037474
15193,0.011264
15194,-0.011050
15195,-0.031943
15196,-0.085889
15197,-0.033492
15198,0.017035
15199,0.019335
15200,0.047565
15201,0.005947
15202,-0.009452
15203,0.011146
15204,-0.009753
15205,-0.021588
15206,-0.008988
15207,-0.046668
15208,-0.021824
15209,0.024035
15210,0.031271
15211,0.024054
15212,0.017303
15213,0.068605
15214,0.089992
15215,0.028782
15216,-0.031764
15217,-0.030334
15218,-0.060409
15219,-0.069101
15220,-0.006721
15221,-0.000016
15222,126.005600
15223,163.234619
15224,2.200569
15225,1618.718384
15226,251.173386
15227,54.251053
15228,31.792061
15229,-2.239150
15230,-19.817923
15231,-18.727642
15232,-25.872387
15233,-27.345657
15234,-3.874895
15235,19.259247
15236,7.237481
15237,11.611271
15238,-1.319230
15239,-16.530729
15240,-8.929587
15241,-1.525808
15242,29.993046
15243,41.196442
15244,25.748507
15245,-5.100296
15246,-41.497643
15247,-51.453022
15248,-30.416332
15249,10.492022
15250,31.699375
15251,21.220772
15252,3.553999
15253,-7.929602
15254,-12.613356
15255,-7.170266
15256,-7.459747
15257,13.134347
15258,26.519026
15259,29.911983
15260,16.434357
15261,1.828201
15262,-37.504406
15263,-50.125320
15264,-35.679340
15265,-1.596588
15266,25.073702
15267,-4.187058
15268,-20.856451
15269,5.152849
15270,34.459171
15271,43.075966
15272,48.933529
15273,31.615005
15274,-8.720247
15275,-59.885876
15276,-0.058378
15277,-0.047986
15278,-0.005368
15279,0.051410
15280,0.039701
15281,-0.007871
15282,-0.040880
15283,-0.016627
15284,-0.022308
15285,0.027967
15286,0.040169
15287,0.049427
15288,0.019238
15289,0.000613
15290,-0.006416
15291,-0.013666
15292,0.006749
15293,0.011465
15294,-0.000579
15295,-0.015481
15296,-0.038148
15297,-0.050680
15298,-0.001450
15299,0.006974
15300,-0.009152
15301,0.017620
15302,0.081615
15303,0.066357
15304,0.020833
15305,-0.027028
15306,-0.061116
15307,-0.046315
15308,-0.036458
15309,-0.008548
15310,-0.015298
15311,0.024605
15312,0.011018
15313,0.041933
15314,0.089562
15315,0.069969
15316,0.021656
15317,-0.007310
15318,-0.084784
15319,-0.039494
15320,0.003577
15321,-0.044239
15322,-0.020326
15323,-0.023344
15324,-0.071448
15325,-0.025251
15326,123.663376
15327,166.484726
15328,2.153579
15329,1607.140381
15330,146.207626
15331,-70.096291
15332,-3.851437
15333,43.701271
15334,61.844040
15335,47.305126
15336,12.155321
15337,3.829351
15338,-18.662594
15339,-29.309536
15340,-0.838679
15341,22.455542
15342,21.655979
15343,14.176698
15344,-4.989527
15345,-25.945515
15346,-29.311531
15347,-26.469433
15348,-8.087511
15349,-2.242970
15350,-1.343465
15351,0.876779
15352,13.133920
15353,41.293503
15354,62.178642
15355,30.090569
15356,-28.548758
15357,-52.080406
15358,-47.262959
15359,-19.329084
15360,-12.204221
15361,15.982013
15362,41.423283
15363,39.682587
15364,18.823198
15365,-11.529677
15366,-53.174904
15367,-57.689484
15368,-39.177624
15369,-12.078495
15370,26.323689
15371,54.470810
15372,59.953278
15373,35.320232
15374,-11.167491
15375,-23.902321
15376,-24.100510
15377,-10.006536
15378,11.072056
15379,21.869547
15380,0.045113
15381,0.014923
15382,0.030329
15383,-0.000079
15384,-0.016896
15385,0.031901
15386,0.071480
15387,0.057357
15388,-0.003215
15389,-0.082911
15390,-0.134871
15391,-0.082508
15392,-0.019843
15393,0.046576
15394,0.098583
15395,0.089234
15396,0.031032
15397,0.002692
15398,0.004383
15399,-0.003370
15400,-0.044147
15401,-0.056672
15402,0.003207
15403,0.023515
15404,-0.011333
15405,0.004180
15406,-0.028574
15407,-0.030705
15408,-0.049857
15409,0.010608
15410,0.087418
15411,0.034932
15412,0.008930
15413,-0.013254
15414,-0.002893
15415,0.018180
15416,-0.003396
15417,-0.013523
15418,-0.005383
15419,0.007408
15420,0.005541
15421,0.020644
15422,0.000283
15423,-0.021352
15424,-0.052847
15425,-0.066908
15426,-0.028715
15427,0.040462
15428,0.012747
15429,0.031289
15430,0.071536
15431,0.060996
15432,-0.026045
15433,-0.063093
15434,-0.068639
15435,-0.040284
15436,0.017152
15437,0.047429
15438,0.072153
15439,0.020345
15440,-0.022644
15441,-0.028341
15442,-0.032375
15443,-0.023293
15444,-0.017669
15445,0.020991
15446,0.033594
15447,0.049660
15448,0.018822
15449,-0.012598
15450,-0.036208
15451,-0.056305
15452,0.034921
15453,0.042157
15454,0.033812
15455,0.039203
15456,-0.007885
15457,-0.036493
15458,-0.025603
15459,-0.048441
15460,-0.007905
15461,0.005229
15462,-0.008175
15463,-0.030180
15464,0.007592
15465,-0.005531
15466,-0.027307
15467,-0.042579
15468,-0.012238
15469,0.002182
15470,0.028914
15471,-0.011468
15472,-0.026895
15473,0.016018
15474,0.023500
15475,0.035969
15476,0.032038
15477,0.033935
15478,0.042120
15479,0.094294
15480,120.195084
15481,171.297394
15482,2.083997
15483,1589.597534
15484,220.169235
15485,9.597832
15486,-3.389922
15487,-7.592318
15488,-35.606556
15489,-40.054623
15490,-22.028118
15491,-4.716818
15492,0.360969
15493,6.381841
15494,20.993418
15495,35.833424
15496,38.649235
15497,19.956099
15498,-13.346691
15499,-24.130239
15500,-3.526438
15501,7.980486
15502,-0.588798
15503,-21.898180
15504,-21.477390
15505,-25.734501
15506,-23.345253
15507,-4.696955
15508,34.447094
15509,63.476570
15510,40.637981
15511,-2.040192
15512,-31.639692
15513,-48.529026
15514,-53.622063
15515,-31.897623
15516,0.077314
15517,20.215347
15518,30.309893
15519,46.878418
15520,37.420620
15521,18.524906
15522,-5.542500
15523,-23.586012
15524,-22.066322
15525,-4.019754
15526,21.761955
15527,23.420757
15528,-6.446877
15529,-39.725277
15530,-52.805527
15531,-29.385096
15532,3.918173
15533,41.712833
15534,0.040181
15535,0.003773
15536,0.006069
15537,-0.041524
15538,-0.106282
15539,-0.063162
15540,-0.014506
15541,0.013074
15542,0.016059
15543,0.004193
15544,0.004578
15545,-0.008597
15546,-0.015863
15547,0.004283
15548,0.040398
15549,0.047361
15550,0.020862
15551,-0.004183
15552,-0.064900
15553,-0.100581
15554,-0.078646
15555,-0.023858
15556,0.019703
15557,0.056096
15558,0.086759
15559,0.072549
15560,0.030660
15561,0.011958
15562,-0.000932
15563,-0.010727
15564,-0.026097
15565,-0.039922
15566,-0.024360
15567,-0.021996
15568,-0.032342
15569,-0.020794
15570,-0.005026
15571,0.022465
15572,0.014203
15573,0.008516
15574,0.011533
15575,0.065180
15576,0.038976
15577,-0.038454
15578,-0.029069
15579,0.001337
15580,-0.009408
15581,0.013640
15582,0.036292
15583,-0.045635
15584,117.852852
15585,174.547501
15586,2.037006
15587,1577.988770
15588,255.312012
15589,32.196381
15590,-4.402494
15591,-24.750704
15592,-31.086676
15593,-31.772684
15594,-4.506175
15595,6.182981
15596,11.076687
15597,11.575091
15598,2.647880
15599,10.171612
15600,-0.903441
15601,12.934128
15602,16.108351
15603,-8.135516
15604,-33.662743
15605,-27.269188
15606,-8.892707
15607,9.191655
15608,19.104980
15609,23.573015
15610,2.353438
15611,-24.614710
15612,-43.882576
15613,-28.763483
15614,7.307701
15615,29.815111
15616,33.604877
15617,36.345860
15618,23.918180
15619,-7.535541
15620,-38.921955
15621,-31.112591
15622,-17.078648
15623,5.392815
15624,14.295441
15625,25.053114
15626,21.731037
15627,6.871089
15628,-1.517016
15629,-4.586905
15630,10.704990
15631,23.887255
15632,-1.884201
15633,-38.460922
15634,-51.595921
15635,-55.811138
15636,-23.108662
15637,31.722370
15638,-0.100751
15639,-0.073168
15640,-0.018979
15641,0.052062
15642,0.059130
15643,0.022212
15644,0.014887
15645,0.045715
15646,0.018092
15647,0.059920
15648,0.056821
15649,-0.034328
15650,-0.053074
15651,-0.036826
15652,-0.054448
15653,-0.077219
15654,-0.034958
15655,-0.004300
15656,0.043933
15657,0.065081
15658,0.040217
15659,0.011859
15660,-0.026074
15661,-0.014440
15662,-0.023142
15663,-0.023868
15664,-0.015876
15665,0.029131
15666,0.044619
15667,0.032057
15668,-0.013257
15669,-0.046055
15670,-0.040497
15671,0.000845
15672,0.018861
15673,-0.005960
15674,-0.009102
15675,0.012090
15676,-0.009303
15677,0.017901
15678,-0.009658
15679,0.007874
15680,0.038769
15681,0.029020
15682,0.019683
15683,0.019394
15684,-0.002149
15685,-0.009121
15686,-0.064011
15687,-0.056305
15688,-0.015346
15689,-0.014878
15690,0.037811
15691,0.002924
15692,-0.013058
15693,0.054710
15694,0.026247
15695,-0.024898
15696,-0.067146
15697,-0.084588
15698,-0.061646
15699,0.037636
15700,0.100996
15701,0.082971
15702,0.062080
15703,0.028057
15704,0.015473
15705,-0.013576
15706,-0.059411
15707,-0.050192
15708,-0.086468
15709,-0.048927
15710,0.005745
15711,0.010900
15712,-0.013048
15713,-0.013539
15714,0.010793
15715,0.053687
15716,0.055262
15717,0.019496
15718,-0.033594
15719,-0.031724
15720,-0.068997
15721,-0.005441
15722,0.035570
15723,0.022223
15724,-0.002313
15725,-0.028747
15726,-0.023567
15727,0.053749
15728,0.054610
15729,0.016902
15730,-0.003406
15731,-0.024565
15732,-0.033775
15733,-0.038064
15734,-0.038736
15735,-0.005619
15736,0.015438
15737,0.050151
15738,-0.015524
15739,-0.033443
15740,-0.012680
15741,-0.039393
15742,-0.008966
15743,0.031104
15744,0.093364
15745,0.095030
15746,-0.020555
15747,-0.060519
15748,-0.067614
15749,-0.079293
15750,-0.019314
15751,0.011578
15752,-0.009131
15753,0.009361
15754,0.037704
15755,0.030523
15756,0.029097
15757,0.024316
15758,0.075004
15759,0.060206
15760,-0.004781
15761,-0.037495
15762,-0.034919
15763,0.011638
15764,0.006336
15765,-0.006406
15766,-0.027892
15767,-0.051770
15768,-0.004345
15769,0.020781
15770,-0.012191
15771,-0.004086
15772,0.019955
15773,-0.002842
15774,-0.058186
15775,-0.007973
15776,0.001759
15777,-0.003994
15778,0.052142
15779,0.011296
15780,-0.059874
15781,0.017549
15782,0.005891
15783,-0.003368
15784,0.004580
15785,0.049600
15786,0.062900
15787,0.033652
15788,0.048829
15789,-0.023136
15790,-0.036531
15791,-0.013951
15792,-0.002260
15793,-0.026039
15794,-0.016560
15795,-0.037307
15796,-0.082665
15797,-0.074618
15798,-0.027233
15799,0.053396
15800,0.093022
15801,0.074799
15802,0.027613
15803,-0.019572
15804,-0.020065
15805,-0.003010
15806,0.022385
15807,0.001327
15808,0.014225
15809,0.006941
15810,-0.014686
15811,-0.027904
15812,-0.058287
15813,-0.050394
15814,-0.027390
15815,-0.030567
15816,-0.012994
15817,0.034576
15818,0.035592
15819,0.086209
15820,0.069902
15821,0.079203
15822,0.054550
15823,0.017957
15824,-0.002414
15825,-0.083919
15826,-0.102862
15827,-0.064281
15828,-0.019400
15829,-0.016790
15830,-0.000847
15831,-0.002584
15832,0.028200
15833,0.025804
15834,0.007824
15835,0.024600
15836,0.023494
15837,-0.006395
15838,0.043144
15839,0.026744
15840,0.016734
15841,-0.047232
15842,-0.061070
15843,0.013508
15844,0.006932
15845,-0.011503
15846,-0.028509
15847,0.003536
15848,0.013186
15849,0.012186
15850,0.044000
15851,0.001305
15852,-0.023140
15853,-0.034353
15854,-0.024132
15855,0.008985
15856,0.029732
15857,0.041987
15858,0.028959
15859,0.044667
15860,0.000197
15861,-0.009372
15862,-0.050685
15863,-0.082655
15864,-0.036757
15865,-0.002440
15866,-0.015447
15867,-0.043233
15868,-0.025245
15869,-0.021137
15870,-0.012325
15871,0.028752
15872,0.034429
15873,0.064052
15874,0.045398
15875,0.039477
15876,0.019971
15877,0.007379
15878,0.027286
15879,0.019106
15880,0.043258
15881,0.001789
15882,-0.015383
15883,-0.033765
15884,-0.035630
15885,-0.037848
15886,-0.032476
15887,0.008945
15888,0.027304
15889,0.041211
15890,-0.013971
15891,-0.037643
15892,-0.067023
15893,-0.013296
15894,0.005733
15895,0.005161
15896,0.033654
15897,0.011623
15898,-0.013816
15899,0.033311
15900,0.065236
15901,0.033369
15902,0.021085
15903,-0.018131
15904,-0.052704
15905,-0.073220
15906,-0.088316
15907,-0.055950
15908,0.006563
15909,0.052019
15910,0.073300
15911,0.072169
15912,0.026400
15913,-0.034996
15914,-0.068106
15915,-0.068508
15916,-0.045010
15917,-0.006431
15918,0.061356
15919,0.053053
15920,-0.008060
15921,-0.016879
15922,-0.019372
15923,-0.013787
15924,0.013575
15925,0.016701
15926,-0.002820
15927,0.062034
15928,0.087268
15929,0.059004
15930,0.021882
15931,-0.023565
15932,-0.080481
15933,-0.055498
15934,-0.070527
15935,-0.059595
15936,-0.062757
15937,-0.025625
15938,0.030185
15939,0.077490
15940,0.064171
15941,0.067002
15942,0.044902
15943,0.018954
15944,-0.023869
15945,-0.032501
15946,-0.024820
15947,-0.031059
15948,-0.038094
15949,-0.026320
15950,-0.048627
15951,-0.033746
15952,0.009704
15953,-0.007373
15954,0.021095
15955,0.058414
15956,0.052685
15957,0.056625
15958,0.022863
15959,-0.005021
15960,-0.010820
15961,-0.045130
15962,-0.030243
15963,-0.010680
15964,-0.021408
15965,0.006781
15966,-0.001908
15967,-0.017865
15968,0.011784
15969,-0.009887
15970,-0.017423
15971,0.011377
15972,0.006078
15973,0.058927
15974,0.085550
15975,0.066396
15976,0.011713
15977,-0.061428
15978,-0.082144
15979,-0.058625
15980,-0.083298
15981,-0.074300
15982,-0.061749
15983,-0.043388
15984,0.029427
15985,0.100201
15986,0.087437
15987,0.095842
15988,0.066946
15989,0.031173
15990,-0.015961
15991,-0.038055
15992,-0.055725
15993,-0.066787
15994,-0.061751
15995,-0.030246
15996,-0.043632
15997,0.020292
15998,0.045418
15999,0.045448
16000,0.031114
16001,0.004380
16002,0.004295
16003,0.036601
16004,0.026402
16005,0.003902
16006,-0.020982
16007,-0.033347
16008,-0.032905
16009,-0.079035
16010,-0.036165
16011,-0.025728
16012,-0.023710
16013,0.052289
16014,0.062581
16015,0.055694
16016,0.041060
16017,0.020928
16018,-0.017713
16019,-0.006114
16020,0.029389
16021,0.029296
16022,0.004327
16023,0.007493
16024,-0.017807
16025,-0.071099
16026,-0.091858
16027,-0.049953
16028,0.002222
16029,0.008340
16030,-0.005979
16031,0.016244
16032,0.015565
16033,0.017480
16034,0.054731
16035,0.016837
16036,-0.015057
16037,-0.021716
16038,-0.094505
16039,-0.114838
16040,-0.035507
16041,0.000640
16042,0.015166
16043,0.049148
16044,0.015268
16045,0.008927
16046,0.047438
16047,0.037432
16048,-0.000529
16049,-0.061595
16050,-0.035346
16051,0.029449
16052,0.025301
16053,0.018846
16054,0.048468
16055,0.029829
16056,-0.016190
16057,-0.008865
16058,-0.069170
16059,-0.033967
16060,0.053644
16061,0.059342
16062,0.017467
16063,-0.062534
16064,-0.047465
16065,-0.000039
16066,-0.029579
16067,0.002558
16068,0.000043
16069,-0.006226
16070,-0.021804
16071,-0.026077
16072,-0.002038
16073,0.015572
16074,0.022998
16075,0.022356
16076,0.011676
16077,0.038486
16078,0.010811
16079,0.012834
16080,0.029101
16081,0.015189
16082,0.027028
16083,-0.028450
16084,-0.061634
16085,-0.056146
16086,-0.030632
16087,0.007710
16088,-0.021971
16089,-0.026691
16090,-0.023042
16091,-0.038229
16092,-0.028113
16093,0.025537
16094,0.012395
16095,-0.003184
16096,0.070579
16097,0.073001
16098,0.003204
16099,0.030107
16100,0.029337
16101,0.055362
16102,0.062044
16103,-0.001548
16104,-0.037044
16105,-0.047022
16106,-0.080155
16107,-0.101685
16108,-0.086543
16109,-0.006797
16110,0.002782
16111,0.032957
16112,0.024833
16113,0.007957
16114,0.037883
16115,0.017581
16116,0.039096
16117,0.113252
16118,0.053255
16119,-0.029115
16120,-0.026782
16121,-0.079413
16122,-0.103049
16123,-0.085872
16124,-0.044132
16125,0.006094
16126,0.058055
16127,0.027394
16128,-0.000413
16129,0.018084
16130,0.089485
16131,0.045974
16132,0.025393
16133,0.002757
16134,-0.043925
16135,-0.020869
16136,0.015108
16137,0.021078
16138,0.019503
16139,-0.014885
16140,-0.043715
16141,-0.025724
16142,-0.024676
16143,-0.015010
16144,-0.016750
16145,-0.011904
16146,0.035465
16147,-0.008892
16148,0.019891
16149,0.000370
16150,-0.045482
16151,-0.040119
16152,-0.059914
16153,-0.009377
16154,0.044968
16155,0.052339
16156,0.068270
16157,0.062566
16158,0.066353
16159,0.014481
16160,-0.050970
16161,-0.067218
16162,-0.100850
16163,-0.062154
16164,-0.022723
16165,0.017660
16166,0.041626
16167,0.046095
16168,0.075386
16169,0.018278
16170,-0.039035
16171,-0.056878
16172,-0.051538
16173,-0.020894
16174,0.006236
16175,0.005631
16176,0.034619
16177,0.046864
16178,0.030499
16179,0.036756
16180,0.040866
16181,-0.023879
16182,-0.059423
16183,-0.022392
16184,0.010531
16185,-0.002817
16186,0.012973
16187,0.001798
16188,0.015069
16189,0.045882
16190,0.020351
16191,-0.040376
16192,-0.048777
16193,-0.062689
16194,0.002997
16195,0.020954
16196,0.032384
16197,-0.011589
16198,-0.011340
16199,-0.039139
16200,-0.057622
16201,0.013464
16202,0.075234
16203,0.076820
16204,-0.007201
16205,-0.045095
16206,-0.049328
16207,-0.064608
16208,-0.026281
16209,0.024153
16210,0.054946
16211,0.021498
16212,0.040899
16213,0.025430
16214,0.001877
16215,0.015707
16216,0.009762
16217,-0.016050
16218,-0.028772
16219,0.006469
16220,0.014329
16221,0.030676
16222,0.044084
16223,0.025353
16224,0.050456
16225,-0.001426
16226,-0.069619
16227,-0.122013
16228,-0.127661
16229,-0.112565
16230,-0.020644
16231,0.097645
16232,0.164323
16233,0.130364
16234,0.058200
16235,0.014883
16236,-0.045936
16237,-0.044588
16238,-0.049469
16239,-0.043187
16240,-0.059770
16241,-0.039163
16242,0.020611
16243,-0.005954
16244,-0.017754
16245,0.011121
16246,-0.010859
16247,-0.027639
16248,-0.043067
16249,0.006705
16250,0.050925
16251,0.079831
16252,0.002586
16253,-0.011060
16254,0.043459
16255,-0.001196
16256,-0.055222
16257,-0.058188
16258,0.013176
16259,0.054422
16260,0.032119
16261,0.070461
16262,0.098899
16263,0.010225
16264,-0.016765
16265,-0.068305
16266,-0.070628
16267,-0.029584
16268,-0.045622
16269,-0.071502
16270,-0.023867
16271,-0.007102
16272,0.012098
16273,0.037995
16274,0.013265
16275,0.017659
16276,-0.022017
16277,0.022073
16278,0.038514
16279,0.035658
16280,-0.005464
16281,0.007436
16282,-0.030830
16283,0.002520
16284,-0.014032
16285,-0.036393
16286,0.001099
16287,-0.004259
16288,-0.011512
16289,0.022309
16290,0.008145
16291,0.002890
16292,0.010056
16293,0.008991
16294,0.012925
16295,0.038970
16296,0.004415
16297,-0.058651
16298,-0.084418
16299,-0.019347
16300,0.050643
16301,0.042172
16302,0.051438
16303,0.035388
16304,-0.016770
16305,0.025761
16306,0.019414
16307,-0.030155
16308,-0.046630
16309,-0.058347
16310,-0.037944
16311,0.011216
16312,0.045774
16313,0.083119
16314,0.025492
16315,-0.045770
16316,-0.044438
16317,-0.050383
16318,-0.055093
16319,-0.023604
16320,-0.011797
16321,0.016220
16322,0.014017
16323,0.039061
16324,0.039742
16325,0.012015
16326,-0.000255
16327,-0.042136
16328,-0.062676
16329,-0.040131
16330,0.017882
16331,0.032604
16332,0.015984
16333,-0.002384
16334,0.012825
16335,0.056145
16336,0.063501
16337,0.038932
16338,0.028996
16339,-0.006753
16340,-0.006208
16341,-0.038452
16342,-0.034520
16343,-0.046011
16344,-0.029411
16345,0.032768
16346,0.041881
16347,-0.021101
16348,-0.037875
16349,-0.032338
16350,-0.012802
16351,-0.016889
16352,0.008064
16353,0.005936
16354,0.005121
16355,-0.009902
16356,0.009065
16357,0.072242
16358,0.036095
16359,-0.030992
16360,-0.054267
16361,-0.093527
16362,-0.026499
16363,0.027892
16364,0.060039
16365,0.085385
16366,0.090707
16367,0.050767
16368,0.027255
16369,-0.030157
16370,-0.044346
16371,-0.035243
16372,-0.040730
16373,-0.050212
16374,-0.044083
16375,-0.019619
16376,-0.007593
16377,-0.022089
16378,0.024331
16379,0.053498
16380,0.061061
16381,0.018231
16382,0.009489
16383,0.034868
16384,0.000722
16385,-0.012531
16386,-0.044392
16387,-0.055354
16388,-0.062432
16389,-0.026221
16390,0.030044
16391,0.077314
16392,0.027800
16393,-0.033403
16394,-0.031790
16395,0.024029
16396,0.076358
16397,0.032250
16398,0.009681
16399,-0.023222
16400,-0.062192
16401,-0.038862
16402,-0.035722
16403,0.013557
16404,0.061868
16405,-0.001338
16406,-0.060641
16407,-0.059240
16408,0.007745
16409,0.026964
16410,0.005861
16411,0.022861
16412,0.045485
16413,0.081103
16414,0.022111
16415,-0.022492
16416,0.027791
16417,-0.001871
16418,-0.041689
16419,-0.088767
16420,-0.058781
16421,-0.021005
16422,0.045825
16423,0.074125
16424,0.053899
16425,0.068460
16426,0.054220
16427,-0.001329
16428,-0.056284
16429,-0.046715
16430,-0.016229
16431,-0.016927
16432,-0.065992
16433,-0.083532
16434,-0.092376
16435,-0.037765
16436,-0.029499
16437,0.016875
16438,0.084565
16439,0.133933
16440,0.136709
16441,0.100094
16442,0.048481
16443,-0.023599
16444,-0.081983
16445,-0.066141
16446,-0.044583
16447,-0.008774
16448,-0.053246
16449,-0.048821
16450,0.006786
16451,0.004009
16452,0.017747
16453,0.010726
16454,-0.046718
16455,-0.067919
16456,-0.039803
16457,0.021652
16458,0.070675
16459,0.047958
16460,0.043269
16461,0.042865
16462,-0.019132
16463,-0.018728
16464,-0.001788
16465,-0.019411
16466,0.005673
16467,0.003851
16468,-0.004560
16469,-0.006785
16470,-0.052645
16471,-0.038522
16472,0.069566
16473,0.091116
16474,0.067716
16475,0.011204
16476,-0.033626
16477,-0.030175
16478,-0.052945
16479,-0.072655
16480,-0.032792
16481,-0.004895
16482,-0.015586
16483,0.007652
16484,0.019968
16485,0.030648
16486,-0.002521
16487,0.016086
16488,0.063754
16489,0.061359
16490,0.029034
16491,0.001317
16492,-0.040099
16493,-0.025649
16494,-0.103846
16495,-0.089071
16496,0.014597
16497,0.028604
16498,0.024542
16499,0.048227
16500,0.013977
16501,-0.006496
16502,0.017106
16503,0.011254
16504,0.064650
16505,0.056930
16506,-0.000742
16507,-0.018794
16508,-0.011949
16509,0.003424
16510,-0.002772
16511,-0.008511
16512,-0.091294
16513,-0.065584
16514,0.013325
16515,-0.007239
16516,0.025507
16517,0.006000
16518,-0.020264
16519,0.046381
16520,0.051947
16521,0.008027
16522,-0.056652
16523,-0.072175
16524,-0.036487
16525,0.034520
16526,0.040012
16527,0.049033
16528,0.046665
16529,0.016410
16530,0.000268
16531,-0.025156
16532,-0.041147
16533,-0.031233
16534,-0.046984
16535,-0.026797
16536,-0.003550
16537,-0.063135
16538,-0.026644
16539,0.015159
16540,-0.020307
16541,-0.003669
16542,0.026502
16543,0.046155
16544,0.046738
16545,0.057394
16546,0.076785
16547,-0.013228
16548,-0.049009
16549,-0.023450
16550,-0.012939
16551,-0.019777
16552,-0.032166
16553,-0.000626
16554,0.010575
16555,0.015352
16556,-0.010030
16557,0.044537
16558,0.042021
16559,-0.004491
16560,-0.002804
16561,0.034795
16562,0.002645
16563,-0.018756
16564,0.000675
16565,-0.011995
16566,-0.004404
16567,-0.033294
16568,-0.038521
16569,0.009944
16570,0.030364
16571,0.034056
16572,0.056054
16573,-0.007044
16574,-0.056738
16575,-0.065851
16576,-0.035626
16577,-0.012889
16578,-0.028987
16579,-0.017054
16580,-0.021987
16581,-0.000030
16582,0.041595
16583,0.043608
16584,-0.013781
16585,0.023362
16586,0.035210
16587,-0.026491
16588,-0.027437
16589,-0.005022
16590,-0.008840
16591,0.005283
16592,0.041706
16593,0.088234
16594,0.042124
16595,-0.000479
16596,0.012841
16597,-0.004980
16598,-0.056182
16599,-0.063508
16600,-0.044241
16601,0.035725
16602,0.005320
16603,-0.030140
16604,0.003841
16605,-0.002051
16606,-0.025529
16607,-0.013959
16608,0.024110
16609,-0.002503
16610,0.022584
16611,0.022320
16612,-0.002021
16613,0.040106
16614,0.021628
16615,-0.038466
16616,0.015888
16617,0.052132
16618,-0.011557
16619,-0.018375
16620,-0.022847
16621,-0.057307
16622,-0.146434
16623,-0.070598
16624,0.009469
16625,0.054213
16626,0.060829
16627,0.082192
16628,0.042259
16629,0.039091
16630,-0.008740
16631,0.009847
16632,-0.007457
16633,-0.004563
16634,-0.001685
16635,0.008669
16636,-0.020524
16637,-0.039264
16638,-0.007280
16639,0.020151
16640,0.031299
16641,-0.035448
16642,-0.029778
16643,-0.002857
16644,-0.032227
16645,0.009624
16646,0.031855
16647,0.050369
16648,0.079662
16649,0.022774
16650,-0.032914
16651,-0.019555
16652,-0.059111
16653,0.024519
16654,0.006824
16655,-0.024243
16656,-0.013455
16657,-0.050265
16658,-0.031247
16659,0.003670
16660,0.028760
16661,0.060899
16662,-0.005355
16663,-0.057614
16664,-0.029704
16665,-0.007153
16666,0.017484
16667,-0.005365
16668,0.002138
16669,0.052255
16670,0.011270
16671,0.008145
16672,0.019276
16673,-0.007851
16674,-0.045650
16675,-0.032188
16676,-0.049527
16677,0.014013
16678,0.027911
16679,-0.008543
16680,0.005962
16681,0.020352
16682,0.015753
16683,0.039318
16684,0.034147
16685,0.028225
16686,0.022704
16687,0.035964
16688,92.989227
16689,209.048660
16690,1.538182
16691,1456.888184
16692,147.581192
16693,19.143328
16694,29.967724
16695,39.727245
16696,28.690918
16697,20.554632
16698,17.301210
16699,-13.627256
16700,-36.591393
16701,-38.058594
16702,-28.471035
16703,-7.092624
16704,19.587177
16705,21.714191
16706,9.457243
16707,-22.395924
16708,-14.938663
16709,-19.344040
16710,0.695193
16711,31.996367
16712,19.726585
16713,-0.085714
16714,-12.595998
16715,-10.144037
16716,-0.063733
16717,12.871547
16718,17.185236
16719,13.311888
16720,-1.652160
16721,-15.772416
16722,-9.412017
16723,-2.971814
16724,8.918443
16725,1.138765
16726,-11.943728
16727,-9.328946
16728,-12.946997
16729,-14.994940
16730,-6.303281
16731,-6.885649
16732,10.323813
16733,34.898487
16734,36.991741
16735,36.150394
16736,7.212483
16737,-4.933151
16738,-9.483985
16739,-33.077137
16740,-45.778358
16741,-43.656731
16742,0.033011
16743,0.018444
16744,-0.014361
16745,-0.042591
16746,-0.111411
16747,-0.094620
16748,-0.078116
16749,0.013929
16750,0.016612
16751,0.026913
16752,0.024586
16753,0.017026
16754,0.010786
16755,-0.002895
16756,-0.005381
16757,0.050846
16758,0.032338
16759,-0.001058
16760,-0.025424
16761,-0.045450
16762,-0.024023
16763,0.027348
16764,0.025696
16765,0.033699
16766,0.020847
16767,-0.018226
16768,-0.032055
16769,-0.024144
16770,0.002092
16771,0.024888
16772,0.040474
16773,0.013950
16774,0.013431
16775,0.000769
16776,-0.022169
16777,-0.048051
16778,-0.036925
16779,0.006779
16780,0.022328
16781,-0.001747
16782,0.023771
16783,0.041589
16784,0.033204
16785,0.044336
16786,0.003043
16787,-0.085662
16788,-0.101484
16789,-0.055886
16790,-0.026450
16791,0.023649
16792,-0.031798
16793,-0.039371
16794,-0.006192
16795,0.003510
16796,-0.004052
16797,-0.031051
16798,-0.039708
16799,0.009756
16800,0.082732
16801,0.082398
16802,0.089886
16803,0.056659
16804,-0.024953
16805,-0.069381
16806,-0.098025
16807,-0.069224
16808,-0.035620
16809,0.038934
16810,0.094320
16811,0.076063
16812,-0.013474
16813,-0.090478
16814,-0.033059
16815,-0.054716
16816,-0.025183
16817,0.051606
16818,0.051328
16819,0.041325
16820,0.006034
16821,0.075500
16822,0.005041
16823,-0.005547
16824,-0.057528
16825,-0.050368
16826,-0.032546
16827,-0.061686
16828,0.014621
16829,0.032216
16830,0.007376
16831,-0.011118
16832,0.010162
16833,0.067798
16834,0.006917
16835,0.024638
16836,-0.008569
16837,-0.059322
16838,-0.024867
16839,-0.009072
16840,-0.025332
16841,-0.020525
16842,-0.004297
16843,-0.017333
16844,-0.005489
16845,-0.002090
16846,0.026698
16847,-0.001251
16848,0.013655
16849,0.044451
16850,0.059400
16851,0.024270
16852,0.010785
16853,-0.002687
16854,-0.011428
16855,-0.041467
16856,-0.050903
16857,-0.055058
16858,0.012066
16859,0.028791
16860,-0.001582
16861,-0.000792
16862,0.021803
16863,0.026623
16864,0.000129
16865,0.006227
16866,0.046614
16867,0.072199
16868,0.024107
16869,-0.080720
16870,-0.098899
16871,-0.115441
16872,-0.036176
16873,-0.027373
16874,0.006025
16875,0.050599
16876,0.056763
16877,0.022474
16878,0.043398
16879,0.053678
16880,0.009135
16881,0.007367
16882,0.038081
16883,0.057360
16884,0.016521
16885,-0.007949
16886,-0.084220
16887,-0.103609
16888,-0.094613
16889,-0.034891
16890,-0.044413
16891,-0.060068
16892,0.017055
16893,0.034098
16894,0.012260
16895,0.047499
16896,0.035655
16897,0.015394
16898,-0.000963
16899,0.004291
16900,0.027369
16901,0.038881
16902,0.010159
16903,-0.036014
16904,-0.001224
16905,0.023047
16906,0.026287
16907,0.078926
16908,0.042865
16909,0.004800
16910,-0.027479
16911,-0.046082
16912,-0.041245
16913,-0.028739
16914,-0.029041
16915,-0.025454
16916,-0.030486
16917,-0.045237
16918,0.005954
16919,0.033448
16920,0.021824
16921,0.032552
16922,0.013274
16923,0.014615
16924,-0.046655
16925,-0.051947
16926,0.011656
16927,0.022898
16928,-0.003757
16929,0.002199
16930,-0.043100
16931,-0.048411
16932,0.033680
16933,-0.001292
16934,-0.002688
16935,0.019857
16936,-0.022140
16937,0.040286
16938,0.051442
16939,0.028703
16940,0.043273
16941,-0.001147
16942,0.002777
16943,-0.046630
16944,-0.097002
16945,-0.074440
16946,-0.058135
16947,-0.027685
16948,0.084713
16949,0.137401
16950,0.071295
16951,0.022684
16952,0.013624
16953,-0.010081
16954,0.034705
16955,0.015849
16956,-0.010962
16957,-0.042812
16958,-0.083765
16959,-0.067232
16960,-0.035491
16961,0.014169
16962,0.030692
16963,0.029012
16964,0.024874
16965,0.004436
16966,0.036312
16967,-0.032381
16968,-0.006440
16969,0.003784
16970,-0.009790
16971,-0.032803
16972,0.000436
16973,-0.001323
16974,-0.003283
16975,-0.025930
16976,0.031569
16977,0.052022
16978,0.003919
16979,-0.006369
16980,0.007551
16981,-0.012762
16982,-0.023718
16983,0.002994
16984,0.021657
16985,0.068474
16986,0.036461
16987,0.008201
16988,-0.035105
16989,-0.047940
16990,0.011630
16991,-0.023296
16992,-0.026452
16993,-0.030482
16994,-0.033630
16995,-0.050370
16996,0.005751
16997,0.018059
16998,0.058576
16999,0.067219
17000,0.032455
17001,0.033988
17002,-0.037168
17003,-0.069976
17004,-0.055250
17005,-0.043643
17006,-0.041204
17007,0.018106
17008,0.058227
17009,0.051800
17010,0.037580
17011,0.022050
17012,-0.016087
17013,-0.028503
17014,-0.077099
17015,-0.041332
17016,-0.032414
17017,-0.059641
17018,-0.012521
17019,-0.007995
17020,0.005110
17021,0.008691
17022,0.106181
17023,0.091960
17024,0.017653
17025,-0.011140
17026,-0.017237
17027,0.002368
17028,-0.028227
17029,-0.035005
17030,-0.020298
17031,-0.009045
17032,-0.019591
17033,-0.002773
17034,0.000685
17035,0.017462
17036,0.069152
17037,0.051088
17038,0.024108
17039,0.005610
17040,0.007764
17041,-0.021359
17042,-0.052507
17043,-0.039807
17044,-0.079035
17045,-0.055920
17046,-0.008447
17047,0.035544
17048,0.063645
17049,0.074403
17050,0.005798
17051,-0.017661
17052,-0.014951
17053,-0.016192
17054,-0.003101
17055,-0.022263
17056,-0.051428
17057,0.009658
17058,0.009221
17059,-0.016164
17060,-0.005125
17061,-0.008924
17062,0.007398
17063,0.039248
17064,0.016430
17065,-0.028503
17066,-0.020341
17067,0.014388
17068,-0.007443
17069,-0.026068
17070,-0.000498
17071,0.028834
17072,0.034781
17073,0.014087
17074,0.017923
17075,0.045384
17076,0.040261
17077,-0.011574
17078,-0.038793
17079,-0.029713
17080,-0.033892
17081,-0.003826
17082,0.034645
17083,-0.024904
17084,-0.032832
17085,-0.047532
17086,-0.055438
17087,-0.060334
17088,-0.015493
17089,0.068878
17090,0.073536
17091,0.071867
17092,0.081274
17093,0.013137
17094,-0.057535
17095,-0.046644
17096,-0.062061
17097,-0.040530
17098,0.002038
17099,0.000845
17100,0.010246
17101,-0.035689
17102,-0.033870
17103,0.063780
17104,0.085552
17105,0.069623
17106,0.063679
17107,0.002832
17108,-0.038219
17109,-0.087483
17110,-0.079808
17111,-0.008986
17112,-0.002394
17113,0.005576
17114,0.013583
17115,-0.012740
17116,-0.016174
17117,-0.004986
17118,0.014292
17119,0.030601
17120,0.081952
17121,0.031725
17122,-0.033135
17123,-0.030109
17124,-0.032185
17125,-0.000853
17126,0.000553
17127,-0.014402
17128,-0.092589
17129,-0.060161
17130,-0.024697
17131,-0.003937
17132,0.080528
17133,0.064022
17134,0.019968
17135,0.041401
17136,0.022659
17137,0.056068
17138,-0.008856
17139,0.029661
17140,-0.045686
17141,-0.117783
17142,-0.059563
17143,0.001577
17144,0.067311
17145,0.005939
17146,0.012433
17147,0.027421
17148,0.026863
17149,0.004561
17150,0.002426
17151,-0.000439
17152,0.001538
17153,0.023213
17154,-0.048250
17155,-0.041715
17156,-0.034337
17157,0.027697
17158,0.041967
17159,-0.000974
17160,-0.029444
17161,-0.017417
17162,0.051131
17163,0.022953
17164,-0.023160
17165,-0.031689
17166,-0.043561
17167,-0.003409
17168,0.046415
17169,0.042084
17170,-0.008939
17171,-0.036351
17172,-0.043557
17173,-0.079379
17174,-0.002006
17175,-0.020277
17176,0.038722
17177,0.057358
17178,0.060384
17179,0.060904
17180,-0.029941
17181,-0.028999
17182,-0.018621
17183,-0.020708
17184,-0.033186
17185,0.024309
17186,0.039357
17187,0.051209
17188,0.029327
17189,0.002891
17190,-0.016315
17191,-0.024494
17192,-0.017902
17193,-0.030583
17194,-0.037912
17195,-0.052897
17196,-0.067808
17197,-0.041070
17198,0.048754
17199,0.085045
17200,-0.006612
17201,-0.072872
17202,-0.031582
17203,-0.042073
17204,0.012924
17205,0.068731
17206,0.046309
17207,0.114634
17208,0.002531
17209,-0.011655
17210,0.005525
17211,-0.002156
17212,-0.029958
17213,-0.039002
17214,-0.035585
17215,-0.077693
17216,-0.032363
17217,0.002794
17218,0.030069
17219,0.019989
17220,0.037328
17221,0.042567
17222,0.005356
17223,0.006755
17224,0.015839
17225,0.008668
17226,-0.016724
17227,0.004336
17228,-0.008233
17229,-0.019755
17230,-0.036395
17231,-0.036217
17232,-0.031270
17233,-0.026391
17234,-0.031822
17235,-0.002217
17236,0.027646
17237,0.014923
17238,0.010967
17239,-0.000514
17240,-0.011171
17241,0.022527
17242,0.079973
17243,0.068089
17244,0.027049
17245,0.036471
17246,0.038825
17247,0.041161
17248,-0.015800
17249,-0.061248
17250,-0.104183
17251,-0.101028
17252,-0.046246
17253,-0.002639
17254,0.043879
17255,0.047210
17256,0.075243
17257,-0.005170
17258,-0.075065
17259,-0.079005
17260,-0.103887
17261,-0.037448
17262,0.008689
17263,0.054479
17264,0.112660
17265,0.069996
17266,0.021050
17267,-0.012463
17268,0.013205
17269,-0.030099
17270,-0.035723
17271,-0.033705
17272,-0.005852
17273,0.056246
17274,0.021578
17275,0.007614
17276,0.010515
17277,-0.015659
17278,-0.028910
17279,-0.051260
17280,-0.054584
17281,-0.053714
17282,0.022648
17283,0.048672
17284,0.016520
17285,-0.018765
17286,0.026816
17287,0.053947
17288,0.023200
17289,-0.005297
17290,-0.022827
17291,0.004095
17292,0.001800
17293,-0.019000
17294,-0.029553
17295,-0.023100
17296,-0.052404
17297,-0.000564
17298,0.028763
17299,0.025106
17300,0.046978
17301,0.060338
17302,0.003892
17303,-0.027211
17304,-0.050949
17305,-0.037249
17306,-0.032461
17307,0.003840
17308,-0.000172
17309,-0.016322
17310,0.015329
17311,0.040567
17312,0.001761
17313,-0.036092
17314,-0.035912
17315,0.026354
17316,0.046673
17317,0.064839
17318,0.067714
17319,0.024464
17320,-0.006149
17321,-0.027397
17322,-0.027378
17323,-0.069875
17324,-0.087331
17325,-0.007144
17326,-0.010654
17327,-0.001503
17328,0.009952
17329,0.005464
17330,0.018834
17331,0.071261
17332,0.031948
17333,0.025719
17334,-0.044267
17335,-0.014175
17336,0.026964
17337,0.024503
17338,-0.005563
17339,-0.026141
17340,-0.052893
17341,-0.023272
17342,-0.015660
17343,-0.024873
17344,-0.069294
17345,-0.042496
17346,-0.024885
17347,0.045731
17348,0.026358
17349,0.061906
17350,0.078423
17351,0.042031
17352,0.020222
17353,-0.033204
17354,-0.094864
17355,-0.033633
17356,0.007150
17357,0.046030
17358,0.023206
17359,0.016431
17360,0.001393
17361,-0.051339
17362,-0.028486
17363,0.005658
17364,0.013598
17365,0.049268
17366,0.046059
17367,0.019827
17368,-0.024587
17369,-0.039386
17370,-0.053553
17371,-0.079072
17372,-0.066474
17373,-0.011021
17374,0.050144
17375,0.071266
17376,0.041953
17377,0.090765
17378,0.044575
17379,-0.048680
17380,-0.060701
17381,-0.035922
17382,-0.035378
17383,-0.060351
17384,-0.053582
17385,0.023311
17386,0.016979
17387,0.018741
17388,0.020630
17389,0.000570
17390,0.002617
17391,0.005326
17392,0.022429
17393,-0.017961
17394,-0.045974
17395,-0.012119
17396,-0.018058
17397,0.017976
17398,0.058919
17399,0.012881
17400,0.001374
17401,0.018707
17402,0.055506
17403,-0.002564
17404,-0.065836
17405,-0.034471
17406,-0.007518
17407,0.046028
17408,0.001615
17409,0.013728
17410,0.003286
17411,-0.026582
17412,-0.031801
17413,-0.026619
17414,0.010958
17415,0.063961
17416,0.054454
17417,-0.002349
17418,-0.044981
17419,-0.073838
17420,-0.013112
17421,0.027845
17422,0.061760
17423,0.022759
17424,-0.017627
17425,-0.032645
17426,-0.064026
17427,-0.073331
17428,-0.049821
17429,0.059990
17430,0.102775
17431,0.074573
17432,0.059200
17433,0.052639
17434,0.007705
17435,-0.024896
17436,-0.081827
17437,-0.087611
17438,-0.015965
17439,0.006806
17440,0.001778
17441,-0.028076
17442,-0.051502
17443,-0.012945
17444,0.026059
17445,0.060540
17446,-0.025534
17447,-0.060293
17448,-0.046889
17449,-0.017426
17450,0.051986
17451,0.088086
17452,0.084058
17453,0.043050
17454,-0.034294
17455,-0.066584
17456,-0.062661
17457,-0.063929
17458,0.062053
17459,0.128218
17460,0.062934
17461,0.092924
17462,-0.016136
17463,-0.058205
17464,-0.070560
17465,-0.125515
17466,-0.104545
17467,-0.024937
17468,0.008103
17469,0.011224
17470,0.039425
17471,0.037970
17472,0.023098
17473,0.030533
17474,0.018267
17475,0.021683
17476,-0.006346
17477,-0.011364
17478,-0.017170
17479,-0.000875
17480,0.052107
17481,0.020301
17482,-0.035075
17483,-0.124935
17484,-0.077178
17485,-0.000730
17486,0.010550
17487,0.050062
17488,0.060868
17489,0.046791
17490,0.043135
17491,0.051332
17492,-0.028424
17493,-0.019511
17494,-0.036919
17495,-0.015608
17496,-0.011959
17497,-0.001454
17498,0.033341
17499,0.009575
17500,-0.055694
17501,-0.060088
17502,-0.004244
17503,0.044817
17504,0.049543
17505,0.100511
17506,0.059784
17507,0.004887
17508,-0.028440
17509,-0.098691
17510,-0.109476
17511,-0.071067
17512,-0.035408
17513,0.038520
17514,0.097757
17515,0.059404
17516,0.018707
17517,-0.047517
17518,-0.054166
17519,-0.045805
17520,0.044585
17521,0.131864
17522,0.039589
17523,-0.037111
17524,-0.065257
17525,-0.077214
17526,-0.032692
17527,0.032777
17528,0.066181
17529,0.015016
17530,-0.041237
17531,-0.035310
17532,-0.036297
17533,0.004017
17534,0.079222
17535,0.074312
17536,-0.001294
17537,-0.028447
17538,-0.030907
17539,-0.064407
17540,-0.038990
17541,0.010074
17542,0.027606
17543,0.061087
17544,0.054977
17545,0.051279
17546,0.016760
17547,-0.049933
17548,-0.038470
17549,-0.011137
17550,0.004239
17551,-0.022045
17552,-0.041772
17553,-0.050055
17554,-0.028045
17555,0.004927
17556,0.034969
17557,0.098257
17558,0.079937
17559,0.006336
17560,0.004739
17561,-0.038267
17562,-0.051231
17563,-0.060544
17564,-0.046710
17565,-0.016545
17566,-0.015614
17567,0.002497
17568,0.028698
17569,0.043655
17570,0.038083
17571,0.049508
17572,0.045055
17573,0.018082
17574,-0.060544
17575,-0.020221
17576,0.008028
17577,-0.019473
17578,0.031756
17579,0.015691
17580,-0.010323
17581,0.015747
17582,0.009707
17583,-0.039861
17584,-0.089695
17585,0.010584
17586,-0.006757
17587,-0.063404
17588,0.007334
17589,0.001831
17590,0.017734
17591,0.032701
17592,0.065659
17593,0.048034
17594,0.018997
17595,-0.028508
17596,-0.041636
17597,-0.045801
17598,-0.065813
17599,-0.060088
17600,-0.033009
17601,-0.016087
17602,0.029926
17603,0.054819
17604,0.071149
17605,0.121002
17606,0.092069
17607,-0.007070
17608,-0.030382
17609,-0.066738
17610,-0.054993
17611,-0.039668
17612,-0.049094
17613,-0.009752
17614,0.010253
17615,0.017613
17616,-0.011746
17617,-0.029888
17618,-0.023615
17619,-0.033620
17620,-0.029631
17621,0.037001
17622,0.068773
17623,0.060074
17624,0.023690
17625,-0.057804
17626,-0.071005
17627,-0.032206
17628,-0.000358
17629,0.016272
17630,0.018816
17631,0.027042
17632,0.044691
17633,0.059514
17634,0.034337
17635,-0.016358
17636,-0.081027
17637,-0.043238
17638,-0.005242
17639,-0.019750
17640,0.000996
17641,-0.016556
17642,-0.019302
17643,-0.022990
17644,0.014266
17645,-0.011333
17646,0.005767
17647,0.043117
17648,0.033046
17649,0.066829
17650,0.029483
17651,-0.001658
17652,-0.027084
17653,-0.038507
17654,-0.059954
17655,-0.013516
17656,0.027861
17657,-0.019096
17658,-0.037551
17659,-0.036156
17660,0.047771
17661,0.042975
17662,-0.029814
17663,0.018753
17664,0.012484
17665,-0.034415
17666,-0.083993
17667,-0.014403
17668,0.018949
17669,0.012251
17670,0.038990
17671,0.049125
17672,0.054907
17673,0.005267
17674,0.031653
17675,0.009625
17676,-0.000638
17677,-0.007726
17678,-0.045217
17679,-0.017741
17680,-0.077183
17681,-0.059362
17682,-0.025331
17683,0.004004
17684,0.061500
17685,0.063454
17686,0.062218
17687,0.033198
17688,-0.003470
17689,-0.037987
17690,-0.040097
17691,-0.051718
17692,-0.052773
17693,-0.035534
17694,-0.020436
17695,0.026708
17696,0.049934
17697,0.051027
17698,0.010257
17699,-0.026432
17700,0.007847
17701,-0.038743
17702,-0.014776
17703,0.031933
17704,0.029773
17705,0.068264
17706,0.020917
17707,0.006641
17708,-0.009236
17709,-0.032431
17710,-0.027519
17711,-0.015741
17712,-0.009426
17713,-0.001954
17714,-0.021824
17715,-0.010823
17716,-0.021868
17717,0.028745
17718,0.063055
17719,0.031805
17720,0.034020
17721,0.050385
17722,-0.010779
17723,-0.046436
17724,-0.076287
17725,-0.082817
17726,-0.086779
17727,-0.030513
17728,0.018552
17729,0.032302
17730,0.046804
17731,0.063584
17732,0.014075
17733,-0.038044
17734,-0.042410
17735,0.064848
17736,0.109904
17737,0.061236
17738,-0.025145
17739,-0.034031
17740,-0.040839
17741,-0.104241
17742,-0.139345
17743,-0.062651
17744,-0.032187
17745,-0.004334
17746,0.022864
17747,0.055105
17748,0.054035
17749,0.089552
17750,0.081583
17751,0.091279
17752,0.045953
17753,0.005658
17754,-0.043255
17755,-0.082114
17756,-0.017762
17757,-0.042041
17758,-0.026408
17759,-0.021793
17760,-0.052254
17761,0.022072
17762,0.044539
17763,0.028479
17764,0.064371
17765,-0.014671
17766,-0.033421
17767,-0.001840
17768,-0.028640
17769,-0.029078
17770,-0.055329
17771,-0.061398
17772,-0.013619
17773,-0.021592
17774,0.028373
17775,0.055366
17776,0.050830
17777,0.053098
17778,0.022218
17779,0.000678
17780,0.019969
17781,0.012731
17782,0.005497
17783,0.012267
17784,-0.013848
17785,-0.042585
17786,-0.035898
17787,-0.021059
17788,0.005104
17789,0.051282
17790,0.035820
17791,0.006201
17792,-0.014975
17793,-0.002544
17794,-0.030142
17795,-0.036374
17796,-0.078115
17797,-0.015128
17798,-0.004052
17799,-0.010127
17800,-0.017023
17801,0.023586
17802,0.038864
17803,-0.002726
17804,-0.006876
17805,0.027251
17806,0.054248
17807,0.060781
17808,0.009679
17809,-0.027554
17810,-0.043651
17811,-0.006735
17812,-0.003446
17813,-0.038506
17814,-0.020567
17815,-0.006749
17816,0.003030
17817,0.049025
17818,0.030030
17819,-0.016095
17820,0.001647
17821,-0.004417
17822,0.012458
17823,0.014789
17824,-0.030371
17825,-0.090910
17826,-0.062902
17827,-0.035321
17828,-0.002071
17829,0.047412
17830,0.057518
17831,0.055841
17832,0.002164
17833,-0.027230
17834,-0.038726
17835,-0.044171
17836,0.065248
17837,0.102141
17838,0.061674
17839,0.065260
17840,0.006616
17841,-0.025834
17842,-0.036873
17843,-0.048169
17844,-0.041953
17845,-0.031242
17846,-0.065520
17847,-0.075117
17848,-0.055249
17849,0.009514
17850,-0.004263
17851,-0.015976
17852,-0.001428
17853,0.025151
17854,0.012698
17855,0.010599
17856,0.058912
17857,0.050365
17858,-0.001990
17859,0.037066
17860,0.098435
17861,0.071078
17862,0.058804
17863,-0.001590
17864,-0.045873
17865,-0.102293
17866,-0.105961
17867,-0.100620
17868,-0.081817
17869,-0.050356
17870,-0.007034
17871,0.043258
17872,0.050233
17873,0.084519
17874,0.098549
17875,0.020125
17876,0.044775
17877,-0.006294
17878,-0.018712
17879,-0.023824
17880,-0.022948
17881,-0.018024
17882,0.013464
17883,0.022278
17884,0.001238
17885,-0.025255
17886,-0.025114
17887,-0.020656
17888,-0.023784
17889,0.015202
17890,0.029270
17891,-0.018366
17892,-0.002418
17893,-0.004502
17894,-0.024281
17895,-0.038837
17896,-0.009032
17897,0.031131
17898,0.013094
17899,0.010887
17900,0.030715
17901,0.033559
17902,0.012669
17903,0.002079
17904,-0.017998
17905,-0.003431
17906,-0.062296
17907,-0.081603
17908,-0.017871
17909,-0.009511
17910,0.006308
17911,0.003862
17912,-0.005256
17913,0.063196
17914,0.042048
17915,0.028149
17916,0.065820
17917,0.028069
17918,-0.006463
17919,0.046082
17920,0.057909
17921,0.019536
17922,-0.063263
17923,-0.074377
17924,-0.055936
17925,-0.029824
17926,-0.010411
17927,-0.012251
17928,-0.078980
17929,-0.084737
17930,-0.018375
17931,-0.027706
17932,0.009951
17933,0.065375
17934,0.060408
17935,0.103201
17936,0.034131
17937,-0.006002
17938,-0.009703
17939,-0.048819
17940,-0.029456
17941,-0.014564
17942,-0.022234
17943,0.017520
17944,0.068855
17945,0.041515
17946,0.044367
17947,0.003313
17948,-0.062799
17949,-0.071143
17950,-0.070005
17951,-0.030575
17952,0.020413
17953,0.038746
17954,0.058084
17955,0.022060
17956,-0.009285
17957,-0.089141
17958,-0.075272
17959,-0.013739
17960,-0.014580
17961,0.043301
17962,0.066457
17963,0.083937
17964,0.022133
17965,-0.005051
17966,-0.024398
17967,-0.067835
17968,-0.002335
17969,0.049510
17970,0.038700
17971,0.014145
17972,-0.036010
17973,-0.063668
17974,-0.035823
17975,-0.038390
17976,-0.030001
17977,0.013702
17978,0.009779
17979,0.030251
17980,0.037903
17981,0.037733
17982,-0.017776
17983,-0.041012
17984,-0.043253
17985,0.007213
17986,0.040695
17987,-0.012274
17988,0.002081
17989,-0.028729
17990,-0.009454
17991,0.005240
17992,-0.000566
17993,0.039695
17994,0.030224
17995,-0.017582
17996,-0.038677
17997,-0.044348
17998,0.025510
17999,0.056208
18000,0.046193
18001,0.044522
18002,0.042677
18003,0.047083
18004,0.015763
18005,-0.019560
18006,-0.093314
18007,-0.051248
18008,-0.048827
18009,-0.080278
18010,-0.012214
18011,0.016221
18012,0.046434
18013,0.023292
18014,0.013022
18015,-0.029688
18016,0.006052
18017,0.054123
18018,0.041065
18019,-0.026782
18020,-0.055527
18021,-0.030158
18022,-0.024493
18023,-0.007037
18024,0.007955
18025,0.000465
18026,0.002267
18027,-0.010924
18028,-0.012504
18029,0.023779
18030,0.028062
18031,-0.012020
18032,-0.010245
18033,0.041367
18034,0.032445
18035,0.022660
18036,0.023559
18037,-0.021115
18038,-0.020324
18039,-0.046068
18040,-0.083810
18041,-0.077953
18042,-0.034403
18043,0.035727
18044,0.078564
18045,0.053103
18046,0.039669
18047,0.056335
18048,0.027862
18049,0.030700
18050,0.005129
18051,-0.050513
18052,-0.038377
18053,-0.014207
18054,-0.103231
18055,-0.042448
18056,-0.026905
18057,0.005326
18058,0.031434
18059,0.034918
18060,0.017172
18061,-0.004098
18062,-0.023024
18063,-0.002576
18064,-0.019900
18065,-0.016790
18066,0.014529
18067,-0.012292
18068,-0.017803
18069,-0.034811
18070,0.000408
18071,0.000914
18072,0.017734
18073,0.091668
18074,0.021552
18075,0.002767
18076,0.036920
18077,0.010218
18078,0.007691
18079,-0.009349
18080,0.001204
18081,-0.011533
18082,-0.020809
18083,-0.006302
18084,-0.023220
18085,-0.025826
18086,0.042083
18087,0.003916
18088,0.010655
18089,0.018729
18090,-0.007361
18091,-0.008047
18092,-0.021997
18093,0.022426
18094,0.034132
18095,-0.011027
18096,0.008004
18097,-0.035866
18098,-0.077387
18099,-0.060305
18100,-0.121617
18101,-0.105387
18102,0.000434
18103,0.074945
18104,0.117223
18105,0.115503
18106,0.037554
18107,0.010108
18108,-0.002634
18109,-0.010494
18110,0.003992
18111,-0.007999
18112,-0.007400
18113,0.015630
18114,0.019618
18115,0.004691
18116,-0.025093
18117,-0.019794
18118,-0.030319
18119,-0.011159
18120,0.001688
18121,0.038223
18122,0.009325
18123,0.003326
18124,-0.034766
18125,-0.017816
18126,0.001117
18127,-0.019532
18128,-0.003397
18129,0.007792
18130,-0.017608
18131,0.001945
18132,0.059533
18133,0.044340
18134,-0.004691
18135,-0.057867
18136,-0.039550
18137,-0.028464
18138,-0.038230
18139,-0.002907
18140,0.017222
18141,-0.000498
18142,0.044999
18143,0.044075
18144,-0.012370
18145,-0.021437
18146,0.017968
18147,0.004051
18148,-0.009492
18149,-0.004337
18150,0.006095
18151,0.023270
18152,-0.003896
18153,-0.034524
18154,-0.070733
18155,-0.078545
18156,-0.031922
18157,0.015207
18158,0.067056
18159,0.035446
18160,-0.014593
18161,-0.030058
18162,-0.000615
18163,0.036815
18164,0.072521
18165,0.104384
18166,0.039719
18167,0.008799
18168,-0.015650
18169,-0.031209
18170,0.000322
18171,-0.046885
18172,-0.049098
18173,-0.026583
18174,-0.084008
18175,-0.060870
18176,0.019906
18177,0.062337
18178,0.086589
18179,0.051219
18180,0.070523
18181,0.037605
18182,-0.021404
18183,-0.054714
18184,-0.048092
18185,-0.027700
18186,0.023168
18187,-0.000990
18188,-0.000754
18189,0.019951
18190,-0.026230
18191,-0.018022
18192,-0.026940
18193,-0.062250
18194,-0.028881
18195,-0.082327
18196,-0.043568
18197,-0.044674
18198,0.004044
18199,0.055927
18200,0.074488
18201,0.093427
18202,0.080383
18203,0.034747
18204,0.041173
18205,0.026027
18206,-0.004949
18207,-0.009438
18208,-0.011307
18209,-0.029162
18210,-0.013651
18211,-0.007316
18212,-0.019328
18213,-0.073834
18214,-0.085416
18215,0.026466
18216,0.018041
18217,0.007125
18218,0.020331
18219,0.032799
18220,0.013551
18221,-0.015885
18222,-0.049757
18223,-0.034427
18224,0.007008
18225,-0.017785
18226,0.006364
18227,0.030289
18228,0.047865
18229,0.070242
18230,0.054944
18231,0.045547
18232,0.000869
18233,-0.076923
18234,-0.093299
18235,-0.054538
18236,-0.031442
18237,-0.021402
18238,0.033980
18239,0.067248
18240,0.054116
18241,0.012239
18242,57.990974
18243,257.612793
18244,0.836033
18245,1291.084717
18246,107.289925
18247,-0.485668
18248,-16.828506
18249,-9.241387
18250,-7.036475
18251,-7.908144
18252,12.187831
18253,9.078980
18254,-5.418025
18255,-4.289503
18256,8.397116
18257,6.052362
18258,3.157846
18259,-5.878086
18260,-30.000216
18261,-40.165455
18262,-9.392979
18263,21.048998
18264,29.678349
18265,37.005669
18266,40.559383
18267,32.600945
18268,13.653876
18269,-18.298637
18270,-40.720314
18271,-58.144768
18272,-50.187508
18273,-14.274605
18274,19.516050
18275,34.487370
18276,45.828800
18277,25.994286
18278,7.433414
18279,-20.051682
18280,-31.212816
18281,-19.036648
18282,-8.954803
18283,-3.429800
18284,4.795515
18285,15.475699
18286,16.244196
18287,12.738367
18288,-9.307273
18289,-8.172114
18290,2.335118
18291,9.776917
18292,15.007562
18293,0.851374
18294,-6.769755
18295,-12.366826
18296,-0.024435
18297,-0.048536
18298,-0.060404
18299,-0.054273
18300,-0.027566
18301,0.026063
18302,0.053594
18303,0.028997
18304,0.018760
18305,0.027249
18306,0.024145
18307,0.021815
18308,-0.006502
18309,0.011531
18310,0.015321
18311,-0.012443
18312,-0.046574
18313,-0.066962
18314,-0.046194
18315,-0.014241
18316,0.045535
18317,0.034975
18318,0.029066
18319,0.017293
18320,-0.014121
18321,0.002906
18322,0.004122
18323,-0.014925
18324,-0.033081
18325,-0.056053
18326,-0.077088
18327,-0.014188
18328,0.002928
18329,-0.004151
18330,0.018229
18331,0.040183
18332,0.000696
18333,0.005389
18334,0.038545
18335,0.023793
18336,0.035167
18337,0.021877
18338,0.074120
18339,0.051026
18340,0.015351
18341,-0.027948
18342,-0.026094
18343,-0.025582
18344,-0.051539
18345,-0.032474
18346,-0.029588
18347,-0.079176
18348,-0.059222
18349,-0.032609
18350,0.038258
18351,0.085493
18352,0.075316
18353,0.053174
18354,0.024741
18355,-0.017966
18356,-0.070485
18357,-0.025746
18358,-0.018505
18359,-0.019976
18360,-0.020432
18361,-0.048844
18362,-0.029651
18363,-0.009986
18364,-0.028316
18365,-0.013192
18366,0.004039
18367,0.049804
18368,0.112058
18369,0.121239
18370,0.086647
18371,-0.016723
18372,-0.043657
18373,-0.062791
18374,-0.023781
18375,-0.018923
18376,-0.066950
18377,-0.084817
18378,0.004076
18379,0.042127
18380,0.032926
18381,0.006965
18382,-0.004760
18383,0.012114
18384,-0.011253
18385,-0.009267
18386,-0.014771
18387,-0.007883
18388,0.003258
18389,0.027544
18390,0.013185
18391,-0.030842
18392,-0.021120
18393,-0.027900
18394,0.038330
18395,0.062265
18396,0.001530
18397,0.001464
18398,0.041414
18399,-0.021261
18400,0.018168
18401,-0.029161
18402,-0.031957
18403,0.030962
18404,-0.014372
18405,-0.003058
18406,0.034349
18407,0.023565
18408,-0.041367
18409,-0.059764
18410,-0.049762
18411,-0.015647
18412,-0.001135
18413,-0.016455
18414,0.020505
18415,0.001633
18416,-0.014983
18417,0.038771
18418,0.056367
18419,0.067527
18420,0.063636
18421,0.028076
18422,-0.052839
18423,-0.075997
18424,-0.083627
18425,-0.066815
18426,-0.003868
18427,0.039731
18428,0.046123
18429,0.112340
18430,0.095970
18431,0.012143
18432,-0.045623
18433,-0.026736
18434,-0.015668
18435,-0.036331
18436,-0.036564
18437,-0.038538
18438,-0.078912
18439,-0.098034
18440,-0.035028
18441,-0.000513
18442,0.048945
18443,0.058228
18444,0.026786
18445,0.069155
18446,0.006218
18447,0.002605
18448,0.034614
18449,-0.008138
18450,-0.052057
18451,-0.070513
18452,0.004017
18453,0.037385
18454,-0.014621
18455,-0.083652
18456,-0.035429
18457,0.005533
18458,0.056185
18459,0.070355
18460,0.056808
18461,0.087057
18462,0.054560
18463,-0.000794
18464,-0.053533
18465,-0.051708
18466,-0.074875
18467,-0.062811
18468,-0.047206
18469,0.007916
18470,0.033675
18471,0.058384
18472,0.045504
18473,0.004052
18474,-0.017131
18475,0.005012
18476,0.011316
18477,-0.007609
18478,-0.023618
18479,-0.020919
18480,0.012505
18481,0.023764
18482,-0.062180
18483,-0.016879
18484,-0.005035
18485,0.018695
18486,0.035405
18487,-0.041194
18488,-0.073532
18489,-0.082289
18490,-0.040481
18491,-0.000070
18492,0.034550
18493,0.102386
18494,0.081299
18495,-0.016581
18496,-0.027055
18497,-0.013150
18498,-0.008703
18499,-0.016346
18500,-0.000431
18501,0.050815
18502,0.051474
18503,0.033778
18504,0.046436
18505,0.024006
18506,0.016017
18507,-0.010765
18508,-0.019447
18509,-0.023479
18510,-0.046279
18511,-0.056567
18512,-0.038910
18513,-0.038528
18514,-0.017153
18515,-0.028796
18516,-0.044405
18517,-0.006369
18518,-0.017396
18519,-0.003840
18520,0.025917
18521,0.013382
18522,0.071693
18523,0.093633
18524,0.032619
18525,-0.002872
18526,-0.011836
18527,-0.013360
18528,0.024310
18529,-0.001950
18530,-0.015760
18531,-0.032432
18532,-0.060721
18533,-0.029897
18534,0.006977
18535,0.034530
18536,0.080016
18537,0.044604
18538,0.004978
18539,-0.047533
18540,-0.065249
18541,-0.052868
18542,-0.065143
18543,-0.047606
18544,-0.013298
18545,-0.006207
18546,-0.028713
18547,0.010972
18548,0.139254
18549,0.095807
18550,0.049878
18551,0.086813
18552,0.017393
18553,-0.023820
18554,-0.032118
18555,-0.044296
18556,-0.045435
18557,-0.029765
18558,-0.006723
18559,-0.044813
18560,-0.050868
18561,0.040520
18562,0.076995
18563,0.059950
18564,-0.007843
18565,-0.080341
18566,0.007630
18567,0.026353
18568,0.028930
18569,0.003535
18570,-0.037444
18571,-0.016604
18572,-0.022905
18573,0.011669
18574,0.068761
18575,0.036695
18576,0.038277
18577,0.012001
18578,-0.041794
18579,-0.057936
18580,0.006080
18581,0.007305
18582,-0.036997
18583,-0.014769
18584,0.013757
18585,-0.034715
18586,-0.065273
18587,-0.052231
18588,-0.013901
18589,0.018626
18590,0.036519
18591,0.031922
18592,0.007374
18593,-0.020070
18594,0.014250
18595,0.068577
18596,0.061785
18597,0.054112
18598,0.044886
18599,-0.027587
18600,-0.051889
18601,-0.110269
18602,-0.104329
18603,-0.058938
18604,0.002946
18605,0.045411
18606,0.043621
18607,0.053527
18608,0.024225
18609,0.015488
18610,0.045738
18611,0.066820
18612,0.030777
18613,-0.017738
18614,-0.064359
18615,-0.106220
18616,-0.095208
18617,0.008873
18618,-0.011384
18619,-0.016730
18620,-0.014120
18621,-0.021169
18622,0.020699
18623,0.069841
18624,0.050621
18625,0.025644
18626,0.004461
18627,-0.016298
18628,-0.023821
18629,-0.010831
18630,-0.002327
18631,0.010785
18632,-0.005237
18633,0.024022
18634,0.017699
18635,0.010918
18636,-0.006028
18637,-0.043511
18638,-0.050693
18639,-0.046204
18640,0.004690
18641,0.034711
18642,0.032965
18643,0.026057
18644,-0.016458
18645,-0.031219
18646,48.892326
18647,270.238190
18648,0.653493
18649,1243.963501
18650,65.067619
18651,-6.336559
18652,3.220887
18653,11.440316
18654,25.072981
18655,31.865864
18656,-8.937993
18657,-42.933540
18658,-33.955250
18659,7.455421
18660,41.642128
18661,46.195023
18662,23.978096
18663,-5.389066
18664,-33.401066
18665,-43.124226
18666,-30.848505
18667,-4.561897
18668,6.714203
18669,13.803961
18670,15.507731
18671,5.569736
18672,-13.755849
18673,-1.357259
18674,24.347378
18675,15.080137
18676,-7.513092
18677,-4.498806
18678,2.169211
18679,-4.029661
18680,-19.941378
18681,-20.313375
18682,-14.941123
18683,0.340071
18684,16.832005
18685,38.080650
18686,40.671715
18687,5.360188
18688,-4.888113
18689,-18.939606
18690,-31.065552
18691,-24.080654
18692,6.666857
18693,23.932215
18694,30.278921
18695,19.060221
18696,1.090471
18697,-29.692644
18698,-43.021988
18699,-20.288847
18700,-0.014015
18701,-0.005788
18702,0.051717
18703,0.037763
18704,-0.003751
18705,-0.045334
18706,-0.076782
18707,-0.031562
18708,0.030743
18709,0.024947
18710,0.000471
18711,0.019825
18712,-0.011628
18713,-0.042337
18714,0.002553
18715,0.022298
18716,0.006007
18717,-0.032247
18718,-0.026864
18719,0.057430
18720,0.071761
18721,0.022545
18722,-0.038514
18723,-0.017494
18724,0.067217
18725,0.066591
18726,-0.027393
18727,-0.057741
18728,-0.066799
18729,-0.051698
18730,-0.009787
18731,-0.009540
18732,0.025888
18733,0.016411
18734,0.009839
18735,-0.020694
18736,-0.033134
18737,-0.011785
18738,0.034844
18739,0.039467
18740,0.040104
18741,0.023826
18742,0.001546
18743,0.045216
18744,0.032139
18745,-0.020147
18746,-0.078097
18747,-0.056086
18748,-0.045503
18749,-0.051968
18750,-0.042822
18751,-0.020170
18752,0.026489
18753,0.082539
18754,0.047156
18755,0.040399
18756,-0.000803
18757,-0.014162
18758,0.013039
18759,-0.047309
18760,-0.027260
18761,-0.002597
18762,0.012311
18763,0.033087
18764,0.059233
18765,0.009084
18766,-0.033803
18767,-0.018024
18768,-0.020578
18769,-0.022658
18770,0.001866
18771,0.044107
18772,0.045435
18773,-0.005862
18774,-0.017954
18775,-0.036721
18776,-0.021944
18777,-0.009383
18778,0.001031
18779,0.046332
18780,0.001704
18781,-0.014196
18782,-0.040435
18783,-0.068791
18784,-0.051505
18785,0.012975
18786,0.016709
18787,0.036070
18788,0.029757
18789,0.021364
18790,0.006310
18791,-0.001424
18792,0.031763
18793,0.012844
18794,0.025802
18795,-0.016031
18796,-0.042068
18797,-0.027074
18798,-0.040430
18799,-0.061822
18800,-0.029522
18801,-0.014638
18802,0.043403
18803,0.059021
18804,0.053596
18805,0.059856
18806,0.060970
18807,-0.050662
18808,-0.067453
18809,-0.045558
18810,0.004341
18811,0.086809
18812,0.067642
18813,0.002849
18814,-0.050238
18815,-0.034281
18816,0.012475
18817,0.019897
18818,-0.008548
18819,-0.045388
18820,-0.048051
18821,-0.017296
18822,0.024718
18823,0.042591
18824,0.047420
18825,0.023420
18826,-0.014502
18827,-0.009360
18828,-0.031000
18829,-0.044038
18830,-0.054985
18831,-0.072922
18832,-0.023365
18833,-0.032991
18834,-0.005150
18835,0.053423
18836,0.086201
18837,0.104571
18838,0.032181
18839,-0.019123
18840,-0.035063
18841,-0.044070
18842,-0.000257
18843,-0.007982
18844,-0.003309
18845,-0.007617
18846,0.007594
18847,0.036150
18848,0.074759
18849,0.027210
18850,44.297962
18851,276.613403
18852,0.561319
18853,1220.478394
18854,33.737957
18855,18.425526
18856,38.611111
18857,27.790575
18858,18.696175
18859,29.289183
18860,11.228794
18861,-13.320069
18862,-13.717658
18863,-8.694213
18864,3.937353
18865,-19.272583
18866,-47.955608
18867,-43.652725
18868,-22.997627
18869,23.061413
18870,66.620438
18871,54.191849
18872,30.060148
18873,11.904476
18874,-4.387464
18875,-30.586435
18876,-49.549431
18877,-60.553940
18878,-36.832359
18879,11.816661
18880,48.055817
18881,61.587532
18882,40.153652
18883,22.238317
18884,1.221592
18885,-21.387774
18886,-24.719229
18887,-4.731006
18888,-2.022061
18889,-5.128885
18890,-6.841721
18891,-26.117916
18892,-15.266510
18893,17.635111
18894,35.092579
18895,18.698360
18896,4.802517
18897,-31.846411
18898,-52.237782
18899,-41.508179
18900,-26.010731
18901,-22.775608
18902,-4.163518
18903,38.018711
18904,0.008761
18905,-0.016289
18906,-0.030219
18907,-0.024821
18908,-0.005419
18909,0.005619
18910,-0.008897
18911,-0.026552
18912,-0.048251
18913,-0.019835
18914,-0.006034
18915,0.008811
18916,0.022576
18917,-0.008003
18918,0.015852
18919,0.006954
18920,-0.020201
18921,-0.028376
18922,0.027940
18923,0.053116
18924,0.012674
18925,0.029783
18926,0.043735
18927,0.008170
18928,-0.014007
18929,-0.033777
18930,-0.038361
18931,-0.024056
18932,-0.002066
18933,0.048117
18934,0.084587
18935,-0.007722
18936,-0.048831
18937,-0.010754
18938,-0.038095
18939,-0.026090
18940,-0.016800
18941,-0.014919
18942,-0.037123
18943,-0.091065
18944,-0.082291
18945,-0.017061
18946,0.049581
18947,0.091195
18948,0.135978
18949,0.114368
18950,0.067288
18951,0.032857
18952,-0.030125
18953,-0.066364
18954,-0.042342
18955,-0.044210
18956,-0.076797
18957,-0.074469
18958,-0.024332
18959,0.014398
18960,0.030986
18961,0.052717
18962,0.045580
18963,-0.011436
18964,-0.018801
18965,0.037767
18966,0.019823
18967,-0.027678
18968,-0.037105
18969,-0.004902
18970,-0.021988
18971,-0.019993
18972,-0.000534
18973,-0.051409
18974,0.034304
18975,0.054902
18976,0.051397
18977,0.065584
18978,0.016599
18979,-0.009300
18980,-0.035597
18981,-0.053368
18982,0.003722
18983,-0.010279
18984,-0.041174
18985,-0.048569
18986,-0.064097
18987,-0.046127
18988,0.027192
18989,0.094427
18990,0.085445
18991,0.038218
18992,0.018274
18993,-0.007039
18994,-0.039296
18995,-0.027403
18996,0.003602
18997,0.025661
18998,0.031337
18999,0.030413
19000,-0.020371
19001,-0.051767
19002,-0.065419
19003,-0.059737
19004,40.829666
19005,281.426086
19006,0.491736
19007,1202.821411
19008,26.268360
19009,-15.226996
19010,26.116835
19011,41.271702
19012,19.256994
19013,-7.888433
19014,-28.649942
19015,-49.622601
19016,-17.919113
19017,16.158176
19018,30.540565
19019,53.927860
19020,45.268066
19021,-1.944033
19022,-52.263458
19023,-53.743313
19024,-12.021028
19025,9.565302
19026,42.314842
19027,38.139091
19028,25.219284
19029,13.111431
19030,-19.273293
19031,-45.938835
19032,-44.248123
19033,-7.345850
19034,6.058285
19035,20.518435
19036,8.117284
19037,3.107625
19038,10.382661
19039,10.411140
19040,1.258998
19041,-24.866884
19042,-20.571646
19043,-2.424123
19044,8.783543
19045,6.739193
19046,5.914560
19047,-0.635949
19048,-1.006717
19049,7.579609
19050,6.604013
19051,-5.155044
19052,-20.143106
19053,0.624919
19054,34.237720
19055,27.502045
19056,9.831111
19057,2.908646
19058,-0.020353
19059,-0.018078
19060,0.017460
19061,0.050981
19062,0.028172
19063,0.040540
19064,0.036843
19065,0.028539
19066,-0.031785
19067,-0.005852
19068,0.001443
19069,-0.068292
19070,-0.020104
19071,-0.035323
19072,-0.017747
19073,0.033988
19074,0.043694
19075,0.030296
19076,0.000890
19077,0.000674
19078,0.000371
19079,-0.017316
19080,0.016868
19081,0.020402
19082,0.029688
19083,-0.025466
19084,-0.068648
19085,-0.028320
19086,-0.026766
19087,-0.002846
19088,0.008480
19089,-0.012381
19090,-0.009957
19091,-0.020157
19092,0.008225
19093,0.042564
19094,0.022227
19095,0.051995
19096,0.105139
19097,0.043983
19098,-0.027869
19099,-0.003004
19100,-0.048524
19101,-0.047727
19102,-0.008843
19103,-0.034865
19104,-0.062327
19105,-0.033042
19106,0.011825
19107,0.019161
19108,0.015167
19109,-0.004043
19110,-0.018716
19111,0.002424
19112,0.014861
19113,-0.028455
19114,-0.026210
19115,-0.009046
19116,0.005004
19117,0.053031
19118,0.051290
19119,-0.031921
19120,-0.039290
19121,-0.048467
19122,-0.032318
19123,0.059548
19124,0.035564
19125,0.050736
19126,0.048386
19127,-0.003742
19128,-0.019955
19129,-0.050735
19130,-0.022157
19131,-0.023738
19132,0.009552
19133,0.054510
19134,0.029193
19135,0.040995
19136,-0.028752
19137,-0.038355
19138,-0.019493
19139,0.008087
19140,0.032523
19141,-0.010602
19142,-0.000157
19143,-0.011496
19144,-0.048720
19145,0.006393
19146,0.064836
19147,0.054635
19148,0.004426
19149,-0.027571
19150,-0.059549
19151,-0.111657
19152,-0.127231
19153,-0.054849
19154,0.010834
19155,0.090648
19156,0.109732
19157,0.116021
19158,37.361370
19159,286.238739
19160,0.422154
19161,1194.082886
19162,34.735668
19163,-5.113242
19164,13.087320
19165,16.733839
19166,25.393162
19167,38.019878
19168,35.561954
19169,11.578938
19170,-29.682646
19171,-64.461258
19172,-60.256069
19173,-32.702911
19174,-5.685236
19175,16.840734
19176,38.722378
19177,33.797218
19178,17.737200
19179,-19.323820
19180,-24.393764
19181,7.142089
19182,21.394756
19183,32.603985
19184,30.422445
19185,-6.343118
19186,-33.017353
19187,-54.651340
19188,-28.840961
19189,6.419335
19190,31.137606
19191,32.890457
19192,21.000017
19193,18.406511
19194,-4.328064
19195,-29.280508
19196,-31.088392
19197,-25.378120
19198,-4.422809
19199,0.524795
19200,17.300432
19201,-0.372177
19202,12.769472
19203,22.329782
19204,-0.761687
19205,9.751013
19206,16.052628
19207,2.045105
19208,-17.483419
19209,-41.505791
19210,-59.187355
19211,-37.206718
19212,0.102358
19213,0.033914
19214,-0.066288
19215,-0.076344
19216,-0.105208
19217,-0.125252
19218,-0.025481
19219,0.021307
19220,0.051926
19221,0.071724
19222,0.070522
19223,0.001259
19224,-0.020238
19225,-0.053782
19226,-0.015252
19227,0.008416
19228,-0.031784
19229,-0.022698
19230,0.027212
19231,0.011783
19232,0.015394
19233,0.058277
19234,0.042383
19235,0.034957
19236,0.007123
19237,-0.027339
19238,-0.070453
19239,-0.027376
19240,-0.017904
19241,-0.016780
19242,-0.007128
19243,-0.047248
19244,-0.052986
19245,0.019900
19246,0.030832
19247,0.067277
19248,0.054822
19249,0.010036
19250,0.000514
19251,-0.046822
19252,-0.118087
19253,-0.046883
19254,0.017348
19255,0.035300
19256,0.053190
19257,0.008943
19258,-0.029228
19259,-0.041160
19260,-0.018509
19261,0.019919
19262,-0.021017
19263,-0.037630
19264,-0.046064
19265,-0.021160
19266,0.031359
19267,0.093194
19268,0.059193
19269,0.038931
19270,-0.011456
19271,-0.033270
19272,-0.016245
19273,0.039774
19274,0.084574
19275,0.016270
19276,-0.020413
19277,0.003297
19278,-0.046432
19279,-0.067899
19280,-0.084476
19281,-0.069932
19282,-0.054017
19283,-0.032358
19284,0.014336
19285,0.045076
19286,0.045683
19287,0.023227
19288,0.037699
19289,0.007397
19290,0.007983
19291,-0.028056
19292,-0.021795
19293,0.021224
19294,0.075856
19295,0.049594
19296,0.016600
19297,-0.055309
19298,-0.080717
19299,-0.037353
19300,-0.009155
19301,0.008059
19302,0.051558
19303,0.041050
19304,0.024585
19305,-0.054168
19306,-0.023661
19307,0.005884
19308,0.006865
19309,0.043208
19310,0.034591
19311,-0.067258
19312,-0.093723
19313,-0.030270
19314,-0.007432
19315,0.028064
19316,0.066607
19317,0.072044
19318,0.052797
19319,0.017344
19320,-0.021908
19321,-0.003025
19322,-0.018477
19323,-0.006007
19324,-0.017030
19325,-0.024515
19326,0.011597
19327,0.067888
19328,0.070864
19329,-0.007410
19330,-0.005095
19331,-0.028393
19332,-0.017663
19333,-0.024736
19334,-0.076881
19335,-0.107310
19336,-0.128903
19337,-0.022817
19338,0.072488
19339,0.121134
19340,0.042457
19341,-0.008097
19342,-0.052242
19343,-0.065245
19344,-0.002828
19345,0.007189
19346,-0.038881
19347,0.010210
19348,0.075705
19349,0.056954
19350,0.076309
19351,0.052323
19352,-0.013841
19353,-0.042800
19354,-0.046136
19355,0.019843
19356,0.046300
19357,0.042579
19358,0.023752
19359,-0.006157
19360,-0.028616
19361,-0.057671
19362,-0.074648
19363,-0.121199
19364,-0.067023
19365,0.017893
19366,0.023280
19367,0.042274
19368,-0.001177
19369,-0.032361
19370,0.040313
19371,0.039967
19372,0.040875
19373,0.047527
19374,0.009341
19375,0.010524
19376,-0.011372
19377,0.012061
19378,0.010198
19379,-0.014180
19380,-0.004582
19381,-0.024558
19382,-0.069971
19383,-0.021144
19384,-0.024365
19385,-0.026154
19386,0.007562
19387,0.005364
19388,0.022936
19389,0.043675
19390,0.058751
19391,0.032502
19392,-0.017276
19393,-0.024424
19394,-0.003928
19395,0.014487
19396,0.065913
19397,0.015152
19398,-0.009409
19399,-0.027484
19400,-0.041536
19401,-0.043282
19402,-0.054983
19403,-0.058679
19404,-0.009548
19405,0.036549
19406,0.051788
19407,0.083094
19408,0.048969
19409,0.017901
19410,0.008686
19411,-0.030153
19412,-0.030144
19413,0.016637
19414,0.026569
19415,0.012243
19416,0.055770
19417,0.013748
19418,-0.074781
19419,-0.080497
19420,-0.041079
19421,-0.028295
19422,-0.022017
19423,-0.005775
19424,-0.021644
19425,-0.013147
19426,0.049768
19427,0.018444
19428,0.005254
19429,0.068410
19430,0.043542
19431,0.024348
19432,-0.018008
19433,-0.069473
19434,-0.004397
19435,-0.042058
19436,0.011896
19437,0.052459
19438,-0.009929
19439,-0.005338
19440,-0.007932
19441,0.003135
19442,0.033230
19443,0.022194
19444,0.003311
19445,-0.026593
19446,-0.055465
19447,-0.031995
19448,-0.024255
19449,0.033621
19450,0.031350
19451,0.062097
19452,-0.003606
19453,-0.097236
19454,-0.156191
19455,-0.120422
19456,-0.053647
19457,-0.001030
19458,0.093143
19459,0.185882
19460,0.185216
19461,0.105133
19462,0.001501
19463,-0.002457
19464,0.007828
19465,0.001820
19466,-0.021080
19467,-0.044305
19468,-0.051139
19469,-0.068797
19470,-0.135390
19471,-0.120044
19472,-0.017484
19473,0.020564
19474,0.056170
19475,0.054929
19476,0.068321
19477,0.055814
19478,0.088788
19479,0.049369
19480,0.013175
19481,-0.021678
19482,-0.057773
19483,-0.066644
19484,-0.029292
19485,-0.018746
19486,-0.045155
19487,-0.015027
19488,-0.002743
19489,-0.052286
19490,0.024229
19491,0.040854
19492,0.089500
19493,0.087843
19494,0.026478
19495,0.025649
19496,0.000831
19497,-0.034396
19498,-0.051610
19499,-0.015237
19500,-0.027463
19501,-0.029364
19502,-0.067095
19503,-0.048812
19504,-0.050130
19505,-0.028653
19506,0.046353
19507,0.059785
19508,0.041813
19509,0.020349
19510,-0.023478
19511,0.007498
19512,-0.031075
19513,-0.002307
19514,0.013237
19515,-0.009262
19516,-0.021287
19517,0.014061
19518,-0.005038
19519,0.008099
19520,0.017992
19521,-0.018691
19522,0.009877
19523,-0.014362
19524,0.022196
19525,0.060315
19526,0.053813
19527,0.010485
19528,-0.039002
19529,-0.037831
19530,-0.043197
19531,-0.021921
19532,0.019114
19533,0.042458
19534,0.028783
19535,0.008025
19536,-0.000749
19537,-0.024460
19538,-0.071964
19539,-0.052710
19540,0.017043
19541,0.060573
19542,0.008389
19543,-0.050252
19544,-0.003428
19545,0.042658
19546,0.052235
19547,0.058893
19548,0.048437
19549,0.001216
19550,-0.027709
19551,-0.002731
19552,-0.077738
19553,-0.059499
19554,0.007086
19555,0.041515
19556,0.055691
19557,0.004948
19558,-0.031829
19559,-0.017612
19560,-0.032069
19561,-0.038300
19562,-0.053442
19563,-0.046907
19564,-0.010133
19565,0.003083
19566,0.001711
19567,0.015222
19568,0.018913
19569,0.067147
19570,0.060889
19571,0.008223
19572,0.001002
19573,-0.032057
19574,-0.006075
19575,-0.012315
19576,0.008707
19577,0.038093
19578,0.055894
19579,0.015923
19580,-0.015137
19581,-0.068605
19582,-0.060928
19583,0.047175
19584,0.044684
19585,0.018315
19586,-0.027860
19587,-0.035578
19588,-0.026345
19589,-0.020563
19590,0.011500
19591,0.005158
19592,0.010279
19593,-0.000652
19594,-0.015362
19595,0.012655
19596,0.052230
19597,0.014821
19598,-0.010371
19599,-0.018692
19600,-0.019890
19601,0.029981
19602,0.021927
19603,0.044460
19604,0.000640
19605,-0.041719
19606,-0.026063
19607,-0.040478
19608,-0.043090
19609,0.018059
19610,0.009384
19611,-0.012611
19612,-0.087907
19613,-0.079062
19614,-0.048578
19615,0.015927
19616,0.088217
19617,0.100273
19618,0.069179
19619,0.034922
19620,0.023470
19621,0.015523
19622,-0.011837
19623,-0.005165
19624,0.028816
19625,0.041165
19626,-0.016859
19627,-0.056359
19628,-0.064417
19629,-0.074649
19630,-0.030975
19631,0.040069
19632,0.018174
19633,-0.008488
19634,-0.024676
19635,-0.042564
19636,0.020992
19637,-0.013469
19638,0.023790
19639,0.073076
19640,0.032411
19641,0.003295
19642,-0.001847
19643,0.004757
19644,-0.015737
19645,-0.014379
19646,0.028843
19647,0.020955
19648,-0.006060
19649,-0.022843
19650,-0.048955
19651,-0.008161
19652,0.038684
19653,0.010430
19654,-0.013539
19655,-0.078998
19656,-0.057579
19657,-0.003674
19658,0.060099
19659,0.027678
19660,0.034238
19661,0.041206
19662,0.052370
19663,-0.007934
19664,0.007514
19665,-0.019322
19666,-0.037874
19667,-0.051845
19668,-0.025507
19669,-0.003478
19670,-0.014311
19671,0.040748
19672,0.003053
19673,-0.011443
19674,-0.003702
19675,-0.009671
19676,0.013805
19677,-0.014776
19678,-0.007738
19679,-0.017325
19680,0.022670
19681,0.051252
19682,0.055068
19683,0.005299
19684,-0.039675
19685,-0.008620
19686,-0.038608
19687,-0.044047
19688,-0.002974
19689,0.016213
19690,0.028036
19691,0.021294
19692,0.012508
19693,0.050298
19694,0.006793
19695,-0.004569
19696,-0.011650
19697,-0.035762
19698,0.001436
19699,0.024642
19700,-0.009394
19701,0.009294
19702,-0.006366
19703,-0.018416
19704,-0.022387
19705,0.040369
19706,0.048021
19707,-0.019577
19708,-0.020740
19709,-0.046142
19710,-0.017885
19711,-0.008653
19712,0.005197
19713,0.033957
19714,0.033183
19715,0.015709
19716,-0.079040
19717,-0.058793
19718,-0.038445
19719,-0.076912
19720,-0.052397
19721,-0.034533
19722,0.044506
19723,0.065838
19724,0.111864
19725,0.155072
19726,0.075449
19727,-0.029785
19728,-0.036756
19729,-0.031035
19730,-0.045783
19731,0.011031
19732,0.041655
19733,0.033351
19734,-0.016832
19735,-0.023905
19736,-0.081129
19737,-0.048146
19738,0.020423
19739,0.022930
19740,-0.009128
19741,-0.058892
19742,-0.026942
19743,-0.001559
19744,0.036195
19745,0.023024
19746,0.000366
19747,0.029357
19748,0.016108
19749,-0.015032
19750,0.034787
19751,0.038526
19752,0.027010
19753,0.002101
19754,-0.076310
19755,-0.018013
19756,0.004790
19757,0.012932
19758,0.040104
19759,0.031702
19760,0.026570
19761,-0.046804
19762,-0.076450
19763,-0.077545
19764,-0.014214
19765,0.029682
19766,0.053669
19767,0.033642
19768,-0.020908
19769,-0.005325
19770,0.002576
19771,0.012544
19772,0.008270
19773,-0.000712
19774,-0.002157
19775,-0.007790
19776,-0.005914
19777,-0.000490
19778,-0.003904
19779,0.032944
19780,0.054633
19781,0.010810
19782,0.025996
19783,0.014576
19784,-0.022681
19785,-0.065475
19786,-0.045326
19787,0.006481
19788,0.008436
19789,0.030336
19790,-0.015198
19791,0.014628
19792,-0.014909
19793,-0.017677
19794,0.052398
19795,0.027059
19796,-0.035623
19797,-0.029139
19798,-0.018037
19799,-0.079632
19800,0.001137
19801,0.009835
19802,0.004999
19803,0.053890
19804,0.032487
19805,0.029847
19806,0.007900
19807,0.010259
19808,0.014234
19809,0.010690
19810,-0.053481
19811,-0.061224
19812,-0.049241
19813,-0.017554
19814,0.034057
19815,0.054544
19816,0.055640
19817,0.084346
19818,0.054578
19819,-0.028303
19820,0.014336
19821,-0.002355
19822,-0.018182
19823,-0.061035
19824,-0.114425
19825,-0.060171
19826,0.006816
19827,0.006644
19828,0.003391
19829,0.037808
19830,0.006387
19831,-0.006360
19832,-0.036745
19833,-0.040116
19834,0.011347
19835,0.069146
19836,0.132731
19837,0.142889
19838,0.019838
19839,-0.074135
19840,-0.100202
19841,-0.090788
19842,-0.112636
19843,-0.021225
19844,0.024999
19845,0.022136
19846,0.008752
19847,-0.021408
19848,0.037748
19849,0.078828
19850,0.065396
19851,0.045988
19852,0.039589
19853,0.004969
19854,-0.039179
19855,-0.078018
19856,-0.076777
19857,-0.037223
19858,-0.006846
19859,-0.029244
19860,-0.041082
19861,-0.007795
19862,0.039600
19863,-0.015106
19864,-0.037257
19865,0.016707
19866,0.102061
19867,0.069001
19868,0.046513
19869,0.016241
19870,-0.021696
19871,-0.004096
19872,-0.042209
19873,-0.013516
19874,-0.008313
19875,0.011189
19876,0.008380
19877,-0.043744
19878,-0.044436
19879,0.013943
19880,-0.023723
19881,-0.055139
19882,-0.029501
19883,0.040399
19884,0.069676
19885,0.053953
19886,0.052430
19887,-0.005026
19888,-0.087579
19889,-0.043457
19890,0.020173
19891,-0.014859
19892,0.013221
19893,-0.000067
19894,0.026193
19895,0.011162
19896,0.018468
19897,0.051739
19898,0.023303
19899,0.007457
19900,0.033098
19901,0.049215
19902,0.025449
19903,-0.102403
19904,-0.090450
19905,-0.084848
19906,-0.121016
19907,-0.043003
19908,-0.012535
19909,0.058622
19910,0.082269
19911,0.096396
19912,0.102292
19913,0.063236
19914,-0.002063
19915,-0.023544
19916,-0.078221
19917,-0.118909
19918,-0.053213
19919,-0.031507
19920,-0.031276
19921,0.060854
19922,0.082251
19923,0.073723
19924,0.045677
19925,0.039657
19926,-0.017478
19927,-0.039989
19928,-0.047063
19929,-0.059231
19930,-0.063785
19931,-0.037758
19932,-0.026808
19933,-0.045339
19934,0.024673
19935,0.022846
19936,0.033333
19937,0.043659
19938,0.027446
19939,0.018600
19940,0.034278
19941,0.036021
19942,0.029851
19943,-0.018530
19944,-0.030145
19945,-0.010553
19946,-0.031838
19947,-0.022066
19948,-0.027142
19949,0.021901
19950,0.041735
19951,0.043959
19952,0.004569
19953,-0.029592
19954,-0.038784
19955,-0.026326
19956,0.001750
19957,-0.031416
19958,-0.001546
19959,0.051068
19960,0.014677
19961,0.007775
19962,0.011896
19963,0.019913
19964,0.030418
19965,-0.004178
19966,0.021745
19967,-0.033641
19968,-0.062908
19969,-0.045014
19970,-0.060796
19971,-0.007494
19972,0.039026
19973,0.046913
19974,0.046814
19975,-0.001448
19976,-0.016133
19977,-0.014432
19978,0.044072
19979,0.051865
19980,0.013422
19981,0.014150
19982,-0.025029
19983,-0.024268
19984,-0.039647
19985,-0.070925
19986,-0.027435
19987,0.046477
19988,0.006577
19989,0.039639
19990,-0.010715
19991,0.008348
19992,0.062576
19993,0.017598
19994,-0.062283
19995,-0.040534
19996,-0.018776
19997,-0.036062
19998,0.041721
19999,0.037700
20000,0.042022
20001,0.096263
20002,0.047680
20003,-0.041580
20004,-0.042325
20005,-0.066752
20006,-0.095967
20007,-0.111302
20008,-0.034838
20009,0.038887
20010,0.059614
20011,0.075697
20012,-0.051252
20013,-0.030700
20014,-0.043216
20015,-0.028751
20016,-0.036680
20017,-0.012326
20018,0.030100
20019,0.047233
20020,0.077827
20021,0.132015
20022,0.083975
20023,-0.035792
20024,-0.025943
20025,-0.067542
20026,-0.089702
20027,-0.066442
20028,-0.041401
20029,-0.000730
20030,0.011318
20031,0.016563
20032,0.048881
20033,0.056627
20034,0.065546
20035,0.030682
20036,0.046173
20037,-0.015099
20038,-0.049728
20039,-0.036825
20040,-0.072956
20041,-0.038906
20042,-0.001782
20043,0.022719
20044,0.044348
20045,-0.013768
20046,-0.032191
20047,-0.043108
20048,-0.069066
20049,-0.000329
20050,0.032509
20051,0.054615
20052,0.069123
20053,0.033962
20054,0.039013
20055,0.021436
20056,0.011309
20057,-0.021215
20058,-0.042340
20059,-0.036332
20060,-0.008953
20061,-0.021332
20062,-0.007190
20063,-0.005630
20064,0.046876
20065,0.102255
20066,0.079524
20067,0.042097
20068,-0.019185
20069,-0.089728
20070,-0.086141
20071,-0.109563
20072,-0.048409
20073,0.035028
20074,0.035118
20075,-0.001264
20076,-0.047095
20077,-0.021982
20078,0.011575
20079,-0.001295
20080,0.082026
20081,0.067670
20082,0.003587
20083,0.023321
20084,-0.033159
20085,-0.069192
20086,-0.019248
20087,-0.002123
20088,0.008386
20089,0.004009
20090,-0.060214
20091,-0.053024
20092,-0.000835
20093,0.031872
20094,0.071031
20095,0.068775
20096,0.061054
20097,0.032878
20098,-0.015522
20099,-0.017270
20100,0.008024
20101,-0.021901
20102,-0.084399
20103,-0.095583
20104,-0.090078
20105,-0.051209
20106,0.016331
20107,-0.001775
20108,0.043947
20109,0.103561
20110,0.155845
20111,0.107943
20112,0.032417
20113,0.002916
20114,-0.033111
20115,-0.079299
20116,-0.078021
20117,-0.071487
20118,-0.002638
20119,-0.013917
20120,-0.031549
20121,0.007617
20122,0.032751
20123,0.046775
20124,0.039319
20125,0.042534
20126,-0.003058
20127,-0.031266
20128,-0.018135
20129,-0.014549
20130,-0.025946
20131,-0.034706
20132,-0.053696
20133,-0.063860
20134,-0.062789
20135,-0.021852
20136,0.056122
20137,0.050455
20138,0.077900
20139,0.096023
20140,0.035985
20141,0.046757
20142,0.011613
20143,-0.042587
20144,-0.017011
20145,-0.040734
20146,-0.045885
20147,-0.024696
20148,-0.013131
20149,-0.025999
20150,-0.030120
20151,0.063816
20152,0.085303
20153,0.014745
20154,0.015282
20155,0.028247
20156,-0.026347
20157,-0.055319
20158,-0.068657
20159,-0.044311
20160,0.002177
20161,-0.015592
20162,-0.028789
20163,0.022210
20164,0.019620
20165,0.000586
20166,0.023991
20167,0.030288
20168,-0.002599
20169,0.023903
20170,0.026893
20171,-0.013779
20172,-0.027045
20173,-0.004090
20174,0.012327
20175,-0.029065
20176,-0.046623
20177,-0.052212
20178,0.019316
20179,0.068599
20180,0.069712
20181,0.017285
20182,0.009587
20183,-0.022385
20184,-0.034137
20185,-0.045823
20186,0.019165
20187,-0.014062
20188,-0.021393
20189,0.008773
20190,0.009931
20191,-0.026653
20192,0.014059
20193,0.030381
20194,0.034866
20195,0.025320
20196,0.060385
20197,0.070642
20198,-0.017218
20199,-0.083229
20200,-0.077483
20201,-0.049189
20202,-0.006511
20203,-0.011520
20204,0.015735
20205,0.040938
20206,0.007994
20207,-0.014180
20208,-0.023745
20209,-0.009733
20210,-0.047119
20211,-0.058147
20212,-0.030471
20213,-0.024774
20214,0.006873
20215,0.034217
20216,0.062828
20217,0.067399
20218,0.077799
20219,0.034731
20220,0.013941
20221,-0.030709
20222,-0.062866
20223,-0.031336
20224,-0.033245
20225,-0.041197
20226,0.011880
20227,0.035929
20228,0.023079
20229,-0.006724
20230,0.011065
20231,0.007735
20232,-0.008185
20233,-0.028645
20234,-0.040623
20235,0.022873
20236,0.040797
20237,0.048291
20238,0.038203
20239,0.001950
20240,0.004621
20241,-0.021812
20242,-0.051224
20243,-0.034200
20244,-0.004700
20245,-0.053180
20246,-0.013411
20247,0.019576
20248,0.020220
20249,0.046063
20250,0.009113
20251,0.038439
20252,0.047073
20253,-0.000177
20254,0.015959
20255,-0.049281
20256,-0.023708
20257,-0.001558
20258,0.013671
20259,-0.030369
20260,-0.060697
20261,-0.058878
20262,-0.003208
20263,0.013455
20264,0.029025
20265,0.021904
20266,0.104018
20267,0.127748
20268,0.050686
20269,-0.003213
20270,-0.047169
20271,-0.084527
20272,-0.087248
20273,-0.031683
20274,-0.032040
20275,-0.024670
20276,0.013710
20277,-0.004110
20278,-0.053400
20279,-0.028425
20280,0.026406
20281,0.054070
20282,0.105195
20283,0.148887
20284,0.074607
20285,-0.024251
20286,-0.075494
20287,-0.065658
20288,-0.066471
20289,-0.095767
20290,-0.058588
20291,0.025983
20292,0.048909
20293,0.042561
20294,0.036950
20295,0.007077
20296,-0.033811
20297,-0.041345
20298,-0.042399
20299,-0.038025
20300,-0.011513
20301,0.036746
20302,0.104769
20303,0.087980
20304,0.054488
20305,0.042146
20306,-0.015514
20307,-0.048942
20308,-0.054795
20309,-0.070072
20310,-0.065999
20311,-0.039037
20312,-0.057798
20313,-0.048708
20314,-0.027463
20315,0.045745
20316,0.102350
20317,0.067242
20318,0.095239
20319,0.048112
20320,-0.032263
20321,-0.026130
20322,-0.008955
20323,-0.026516
20324,-0.077789
20325,-0.074985
20326,0.007131
20327,0.030403
20328,0.024599
20329,0.032665
20330,0.081634
20331,0.039297
20332,0.005871
20333,-0.059412
20334,-0.083853
20335,-0.046249
20336,-0.012634
20337,0.014516
20338,0.015189
20339,0.000619
20340,-0.051327
20341,-0.076471
20342,-0.037662
20343,0.033222
20344,0.080441
20345,0.064815
20346,0.031758
20347,0.004217
20348,-0.015383
20349,-0.014407
20350,-0.014441
20351,0.004837
20352,0.061153
20353,0.057462
20354,0.028387
20355,-0.045629
20356,-0.024065
20357,-0.038498
20358,-0.002192
20359,0.021989
20360,-0.009277
20361,-0.031145
20362,0.032035
20363,0.027640
20364,0.070973
20365,0.077940
20366,0.030464
20367,-0.060515
20368,-0.156201
20369,-0.192446
20370,-0.128933
20371,-0.043035
20372,0.045971
20373,0.110646
20374,0.118557
20375,0.096170
20376,0.061517
20377,0.037714
20378,-0.033486
20379,-0.058405
20380,-0.033594
20381,-0.038595
20382,0.010103
20383,0.008781
20384,0.003038
20385,-0.013909
20386,-0.032853
20387,-0.053279
20388,0.046550
20389,0.091698
20390,0.019111
20391,-0.009090
20392,-0.009578
20393,-0.001485
20394,0.003296
20395,-0.012015
20396,-0.016553
20397,-0.027989
20398,-0.070608
20399,-0.072300
20400,-0.018017
20401,0.042355
20402,0.055974
20403,0.049448
20404,0.056579
20405,0.026965
20406,0.033415
20407,0.020664
20408,0.028743
20409,0.000446
20410,-0.009294
20411,0.006936
20412,0.010639
20413,-0.023596
20414,-0.046703
20415,-0.024103
20416,-0.044958
20417,-0.088686
20418,-0.070499
20419,-0.042698
20420,-0.023466
20421,0.017264
20422,0.080607
20423,0.117156
20424,0.063169
20425,0.015884
20426,-0.088856
20427,-0.087641
20428,-0.036333
20429,0.017734
20430,0.081171
20431,0.091030
20432,0.031387
20433,-0.005559
20434,-0.013955
20435,-0.004923
20436,0.005824
20437,-0.008732
20438,-0.007752
20439,0.002242
20440,-0.021821
20441,-0.026353
20442,0.000772
20443,0.059700
20444,0.062492
20445,-0.003895
20446,-0.021390
20447,-0.008394
20448,-0.002698
20449,-0.032259
20450,-0.002398
20451,-0.008708
20452,-0.054537
20453,-0.077526
20454,-0.097474
20455,-0.022540
20456,0.017910
20457,0.063080
20458,0.065777
20459,0.084699
20460,0.061802
20461,-0.010986
20462,-0.024574
20463,-0.043468
20464,-0.019531
20465,-0.010953
20466,-0.017928
20467,-0.003716
20468,-0.016380
20469,-0.022732
20470,0.028516
20471,0.062089
20472,0.042307
20473,-0.010526
20474,-0.009472
20475,-0.049273
20476,-0.044867
20477,-0.018576
20478,0.006862
20479,0.025945
20480,0.037529
20481,0.028994
20482,0.040959
20483,0.028824
20484,-0.049689
20485,-0.072012
20486,-0.044843
20487,-0.014679
20488,-0.002943
20489,0.029535
20490,0.028277
20491,0.056419
20492,-0.002467
20493,-0.041475
20494,-0.042058
20495,-0.031100
20496,-0.018461
20497,-0.035361
20498,-0.012569
20499,-0.019550
20500,-0.005647
20501,0.037016
20502,0.008851
20503,0.029153
20504,0.096067
20505,0.107974
20506,0.031779
20507,-0.026968
20508,-0.073175
20509,-0.077833
20510,-0.010580
20511,0.024564
20512,0.062876
20513,-0.025879
20514,-0.070165
20515,-0.037701
20516,0.000427
20517,0.010649
20518,0.011623
20519,0.030534
20520,-0.009389
20521,0.021736
20522,0.054297
20523,0.039499
20524,-0.001566
20525,-0.027873
20526,0.023590
20527,-0.006636
20528,0.008812
20529,-0.006605
20530,0.005953
20531,-0.023406
20532,-0.103696
20533,-0.092351
20534,-0.029015
20535,0.004603
20536,-0.000066
20537,-0.015135
20538,0.035755
20539,0.014877
20540,0.020958
20541,0.059022
20542,0.093271
20543,0.032350
20544,0.003248
20545,0.005749
20546,0.002813
20547,0.010735
20548,-0.041581
20549,-0.063040
20550,-0.036763
20551,0.019973
20552,-0.001974
20553,0.023428
20554,0.001341
20555,-0.005166
20556,-0.035629
20557,-0.025349
20558,-0.015687
20559,-0.002134
20560,0.015773
20561,-0.010243
20562,-0.058849
20563,-0.040223
20564,-0.006836
20565,0.050630
20566,0.104496
20567,0.106118
20568,0.079348
20569,-0.033634
20570,-0.072335
20571,-0.078930
20572,-0.090310
20573,-0.037706
20574,-0.032264
20575,0.023415
20576,0.075420
20577,0.044962
20578,0.061401
20579,0.025589
20580,0.010624
20581,-0.023320
20582,-0.042528
20583,-0.064201
20584,-0.060622
20585,-0.055748
20586,-0.020750
20587,0.051785
20588,0.055573
20589,0.083639
20590,0.027968
20591,-0.033765
20592,0.003038
20593,-0.015544
20594,-0.039903
20595,-0.048495
20596,0.022383
20597,0.065837
20598,0.084792
20599,0.042042
20600,0.002759
20601,-0.008626
20602,0.047369
20603,-0.020133
20604,-0.039773
20605,-0.048618
20606,-0.123734
20607,-0.069456
20608,-0.017600
20609,0.038132
20610,0.031902
20611,0.009397
20612,-0.008819
20613,-0.001782
20614,0.042782
20615,0.065462
20616,0.075211
20617,0.036421
20618,-0.012542
20619,-0.013081
20620,0.032411
20621,0.016465
20622,-0.041740
20623,-0.070688
20624,-0.048997
20625,-0.071311
20626,-0.041963
20627,-0.020407
20628,-0.015977
20629,0.018905
20630,0.019964
20631,0.060414
20632,0.084823
20633,0.063592
20634,0.033620
20635,-0.023625
20636,-0.050909
20637,-0.039764
20638,-0.088415
20639,-0.087922
20640,0.003627
20641,0.036739
20642,0.029419
20643,0.004001
20644,-0.036560
20645,-0.024135
20646,0.030494
20647,0.022553
20648,0.040090
20649,0.068348
20650,0.078855
20651,0.130023
20652,0.102655
20653,0.021467
20654,-0.084768
20655,-0.145768
20656,-0.138375
20657,-0.088860
20658,-0.010753
20659,0.062189
20660,0.014000
20661,0.005760
20662,0.013705
20663,-0.062680
20664,-0.075163
20665,-0.052094
20666,-0.015219
20667,0.108861
20668,0.127712
20669,0.061984
20670,0.005298
20671,-0.005688
20672,-0.028094
20673,-0.030655
20674,-0.047559
20675,0.005497
20676,0.077279
20677,0.034311
20678,-0.054468
20679,-0.048222
20680,-0.043307
20681,-0.050901
20682,0.037833
20683,0.038993
20684,0.015950
20685,0.027460
20686,0.076818
20687,0.034465
20688,-0.015219
20689,-0.046826
20690,-0.083190
20691,-0.057239
20692,-0.084028
20693,-0.142989
20694,-0.059503
20695,0.025074
20696,0.110891
20697,0.157876
20698,0.103715
20699,0.070387
20700,0.028601
20701,-0.041247
20702,-0.093485
20703,-0.056755
20704,-0.002346
20705,0.013046
20706,0.037379
20707,0.034146
20708,0.006601
20709,-0.009218
20710,-0.067576
20711,-0.032969
20712,0.067810
20713,0.056625
20714,0.045023
20715,0.034815
20716,-0.002237
20717,-0.031147
20718,-0.069225
20719,-0.027795
20720,-0.034133
20721,-0.070761
20722,0.008269
20723,0.044051
20724,0.085705
20725,0.058891
20726,0.052512
20727,0.015773
20728,-0.021871
20729,-0.068449
20730,-0.117389
20731,-0.089654
20732,-0.063184
20733,0.019972
20734,0.081390
20735,0.054981
20736,0.043933
20737,0.054482
20738,0.037994
20739,0.018886
20740,0.046348
20741,-0.041295
20742,-0.102144
20743,-0.082353
20744,-0.053165
20745,-0.001944
20746,0.016491
20747,0.012298
20748,0.029809
20749,0.063565
20750,0.055998
20751,0.027113
20752,0.039168
20753,-0.016568
20754,-0.020237
20755,-0.057251
20756,0.023916
20757,-0.015387
20758,-0.040005
20759,0.019194
20760,-0.035805
20761,-0.033404
20762,-0.003523
20763,-0.055037
20764,-0.055913
20765,-0.032395
20766,-0.006661
20767,0.041539
20768,0.073120
20769,0.027785
20770,0.052004
20771,0.027349
20772,0.037080
20773,0.038444
20774,0.042555
20775,0.022122
20776,-0.016377
20777,-0.042892
20778,-0.031323
20779,-0.044961
20780,-0.070613
20781,-0.018209
20782,0.029446
20783,0.026954
20784,0.036557
20785,0.011373
20786,0.057450
20787,0.066987
20788,0.033759
20789,-0.002467
20790,-0.051880
20791,-0.064858
20792,-0.099510
20793,-0.054392
20794,-0.027850
20795,-0.017011
20796,-0.013415
20797,0.031081
20798,0.086891
20799,0.081313
20800,-0.009119
20801,-0.008337
20802,-0.020850
20803,-0.031882
20804,-0.042665
20805,-0.053407
20806,-0.008123
20807,0.017067
20808,0.027409
20809,0.056623
20810,0.099193
20811,0.055077
20812,0.023917
20813,0.007562
20814,-0.040378
20815,-0.072213
20816,-0.090228
20817,-0.067486
20818,-0.046643
20819,-0.014525
20820,0.048789
20821,0.089821
20822,0.042322
20823,0.023467
20824,0.045705
20825,0.022371
20826,0.008298
20827,-0.000283
20828,-0.008800
20829,-0.059957
20830,-0.082840
20831,-0.067191
20832,-0.051646
20833,0.025519
20834,0.036158
20835,-0.022688
20836,0.012519
20837,0.036261
20838,0.034740
20839,-0.021865
20840,-0.052219
20841,0.011532
20842,0.053441
20843,0.062613
20844,0.007417
20845,-0.005845
20846,0.005014
20847,-0.033151
20848,-0.036836
20849,-0.019179
20850,-0.039434
20851,-0.000459
20852,0.053809
20853,0.023982
20854,0.011473
20855,0.030075
20856,-0.008400
20857,-0.022837
20858,-0.002383
20859,0.027424
20860,-0.002221
20861,-0.018105
20862,-0.034519
20863,-0.029603
20864,-0.055674
20865,-0.035254
20866,0.014612
20867,0.061031
20868,0.039585
20869,0.075672
20870,0.057492
20871,0.053993
20872,0.048887
20873,-0.010975
20874,-0.039691
20875,-0.072622
20876,-0.103025
20877,-0.085653
20878,-0.083336
20879,-0.040734
20880,-0.026384
20881,-0.036100
20882,-0.003707
20883,0.099613
20884,0.124674
20885,0.109182
20886,0.071561
20887,0.014864
20888,-0.007722
20889,-0.038270
20890,-0.053378
20891,-0.032393
20892,-0.070193
20893,-0.018316
20894,-0.001113
20895,0.068232
20896,0.061195
20897,0.013845
20898,0.043692
20899,0.014590
20900,-0.011250
20901,-0.021046
20902,-0.068306
20903,-0.083661
20904,-0.010297
20905,0.017771
20906,0.018926
20907,-0.029232
20908,0.023841
20909,0.053020
20910,0.028800
20911,0.042698
20912,0.089503
20913,0.073550
20914,-0.034006
20915,-0.046709
20916,-0.060320
20917,-0.110947
20918,-0.096968
20919,-0.064476
20920,-0.019260
20921,0.042716
20922,0.082433
20923,0.082720
20924,0.071758
20925,0.019217
20926,-0.031039
20927,-0.091346
20928,-0.068887
20929,-0.037253
20930,-0.007312
20931,0.029925
20932,0.025906
20933,0.046484
20934,0.039592
20935,0.007461
20936,-0.019670
20937,-0.021765
20938,0.001461
20939,-0.015775
20940,0.006693
20941,0.016246
20942,0.001541
20943,-0.020215
20944,-0.006998
20945,0.012145
20946,0.007777
20947,0.038743
20948,0.028258
20949,-0.015848
20950,-0.062784
20951,-0.028242
20952,0.001717
20953,-0.033237
20954,0.014365
20955,0.047570
20956,0.051562
20957,0.068436
20958,0.022180
20959,0.006360
20960,-0.009912
20961,-0.055389
20962,-0.061386
20963,-0.045635
20964,-0.083938
20965,-0.030730
20966,0.067876
20967,0.080264
20968,0.051918
20969,0.008392
20970,-0.009080
20971,-0.051564
20972,-0.068231
20973,-0.070492
20974,-0.016735
20975,0.025506
20976,0.007154
20977,0.081018
20978,0.089975
20979,-0.005165
20980,-0.023833
20981,0.009322
20982,0.012601
20983,-0.016391
20984,0.003358
20985,0.029467
20986,-0.007758
20987,-0.047386
20988,-0.000621
20989,0.004421
20990,-0.055651
20991,-0.068486
20992,-0.026034
20993,-0.008449
20994,0.042805
20995,0.058582
20996,0.066354
20997,0.066820
20998,-0.003888
20999,-0.028402
21000,-0.039950
21001,0.010715
21002,0.028951
21003,-0.037320
21004,-0.061417
21005,-0.026425
21006,-0.043274
21007,0.048543
21008,0.056727
21009,0.050574
21010,0.040001
21011,-0.008372
21012,0.008646
21013,0.033706
21014,0.008757
21015,-0.010149
21016,-0.013492
21017,-0.028029
21018,-0.020266
21019,-0.029230
21020,-0.068366
21021,-0.072242
21022,-0.049093
21023,-0.002870
21024,0.040432
21025,0.066452
21026,0.080534
21027,0.030934
21028,-0.005341
21029,0.023143
21030,0.033108
21031,0.014975
21032,0.041519
21033,-0.010275
21034,-0.056614
21035,-0.007831
21036,-0.029762
21037,-0.029565
21038,-0.024357
21039,-0.029800
21040,-0.001540
21041,-0.037029
21042,-0.075958
21043,-0.001408
21044,0.016502
21045,0.024354
21046,0.068190
21047,0.027608
21048,-0.002212
21049,0.002203
21050,-0.005459
21051,0.016187
21052,0.012721
21053,-0.020187
21054,-0.029756
21055,-0.054263
21056,-0.021941
21057,0.013199
21058,0.030369
21059,0.043635
21060,0.047837
21061,0.028870
21062,0.008627
21063,0.001674
21064,-0.022666
21065,0.001252
21066,0.046102
21067,0.031915
21068,0.025057
21069,-0.013967
21070,-0.104584
21071,-0.070360
21072,-0.012762
21073,-0.018600
21074,-0.019605
21075,-0.003141
21076,-0.061966
21077,-0.037275
21078,0.004798
21079,0.044832
21080,0.041457
21081,0.097684
21082,0.106967
21083,0.089537
21084,0.005811
21085,-0.041982
21086,-0.075766
21087,-0.098950
21088,-0.068758
21089,-0.022678
21090,0.013021
21091,0.019659
21092,0.037339
21093,0.023847
21094,0.005390
21095,-0.022742
21096,-0.011141
21097,-0.007845
21098,-0.020000
21099,-0.007717
21100,-0.021581
21101,-0.013824
21102,0.068456
21103,0.087187
21104,0.070309
21105,0.007724
21106,-0.068325
21107,-0.073550
21108,-0.019982
21109,-0.053313
21110,-0.038214
21111,0.052586
21112,0.145535
21113,0.104963
21114,0.019700
21115,-0.007220
21116,-0.029863
21117,0.002056
21118,-0.039012
21119,-0.086405
21120,-0.115981
21121,-0.126003
21122,-0.120787
21123,-0.054453
21124,0.024901
21125,0.094929
21126,0.152878
21127,0.093393
21128,0.075594
21129,0.078346
21130,0.031579
21131,0.036046
21132,0.003576
21133,-0.061408
21134,-0.086888
21135,-0.117834
21136,-0.142878
21137,-0.047689
21138,0.042838
21139,0.036351
21140,0.067999
21141,0.051137
21142,0.016630
21143,-0.016685
21144,0.029634
21145,0.045896
21146,0.036579
21147,0.009332
21148,0.024715
21149,-0.001866
21150,-0.069311
21151,-0.012638
21152,-0.054789
21153,-0.044532
21154,0.004413
21155,-0.029834
21156,-0.037014
21157,-0.042429
21158,0.012240
21159,0.055925
21160,0.029552
21161,0.075336
21162,0.069065
21163,0.021644
21164,0.017670
21165,0.005640
21166,-0.020112
21167,-0.032093
21168,-0.063293
21169,-0.027797
21170,-0.020055
21171,-0.035691
21172,-0.067003
21173,-0.022445
21174,0.076380
21175,0.051883
21176,0.001403
21177,-0.029356
21178,-0.054871
21179,-0.039889
21180,-0.016499
21181,-0.028176
21182,0.036511
21183,0.075976
21184,0.043386
21185,0.057558
21186,0.050974
21187,-0.035147
21188,-0.004913
21189,-0.059110
21190,-0.081328
21191,-0.045951
21192,0.017232
21193,0.032602
21194,0.050508
21195,0.000212
21196,-0.035946
21197,0.010076
21198,-0.048154
21199,-0.023175
21200,0.002469
21201,0.027476
21202,-0.001604
21203,0.000108
21204,0.071992
21205,0.084279
21206,0.093364
21207,0.067925
21208,-0.015548
21209,-0.047049
21210,-0.107404
21211,-0.161339
21212,-0.120942
21213,-0.055960
21214,-0.045649
21215,0.005432
21216,0.079221
21217,0.164732
21218,0.122264
21219,0.056814
21220,0.046370
21221,-0.018492
21222,-0.008843
21223,-0.004802
21224,0.016561
21225,-0.031754
21226,-0.089251
21227,-0.110462
21228,-0.131392
21229,-0.119355
21230,-0.006181
21231,0.085564
21232,0.127835
21233,0.150371
21234,0.103108
21235,0.007876
21236,-0.043984
21237,-0.078840
21238,-0.024757
21239,0.039152
21240,0.045392
21241,0.014977
21242,-0.069773
21243,-0.059677
21244,-0.052065
21245,-0.025947
21246,-0.001920
21247,-0.004654
21248,0.013838
21249,0.029560
21250,0.024606
21251,0.047144
21252,0.039692
21253,0.044798
21254,0.031977
21255,-0.047137
21256,-0.103093
21257,-0.045123
21258,-0.015889
21259,0.012869
21260,0.048702
21261,0.000110
21262,0.014223
21263,0.000100
21264,-0.055187
21265,-0.019858
21266,-0.000320
21267,0.028619
21268,0.053332
21269,0.034083
21270,-0.026033
21271,-0.038673
21272,-0.037256
21273,-0.026372
21274,-0.004548
21275,0.034295
21276,0.021914
21277,0.044959
21278,-0.003389
21279,-0.006267
21280,-0.011731
21281,-0.071059
21282,-0.042319
21283,-0.005877
21284,0.003787
21285,0.071389
21286,0.057228
21287,0.084234
21288,0.066229
21289,0.003169
21290,-0.031408
21291,-0.099018
21292,-0.101238
21293,-0.050387
21294,-0.002801
21295,0.034002
21296,-0.001327
21297,-0.013045
21298,-0.035194
21299,-0.037360
21300,0.041406
21301,0.072356
21302,0.034960
21303,0.011027
21304,0.011163
21305,-0.027133
21306,-0.045617
21307,-0.039351
21308,-0.013834
21309,0.034358
21310,0.060313
21311,0.063455
21312,0.044101
21313,-0.015895
21314,-0.055940
21315,-0.106955
21316,-0.071662
21317,-0.042419
21318,-0.033251
21319,0.067672
21320,0.104089
21321,0.067532
21322,0.018714
21323,0.025093
21324,0.025030
21325,0.006279
21326,-0.010835
21327,-0.021152
21328,-0.106836
21329,-0.070337
21330,-0.001729
21331,-0.020364
21332,0.013549
21333,0.059038
21334,0.070055
21335,0.066627
21336,0.012394
21337,-0.014802
21338,0.007018
21339,0.022816
21340,-0.021641
21341,-0.028216
21342,-0.030901
21343,-0.046376
21344,-0.044213
21345,-0.107365
21346,-0.106035
21347,-0.032507
21348,0.006651
21349,0.044533
21350,0.069963
21351,0.061344
21352,0.043838
21353,0.061272
21354,0.068117
21355,0.031376
21356,-0.002890
21357,-0.003039
21358,-0.052819
21359,-0.060682
21360,-0.085294
21361,-0.038260
21362,0.060383
21363,0.034435
21364,-0.007051
21365,-0.025822
21366,-0.037214
21367,0.017423
21368,0.018743
21369,0.031901
21370,0.005106
21371,-0.020687
21372,-0.048245
21373,-0.110083
21374,-0.115833
21375,-0.041254
21376,0.028866
21377,0.039969
21378,0.082151
21379,0.119107
21380,0.057372
21381,-0.035971
21382,-0.060402
21383,0.019644
21384,0.030137
21385,0.009267
21386,0.013394
21387,0.016714
21388,0.010443
21389,-0.009140
21390,-0.027270
21391,-0.036076
21392,-0.016274
21393,-0.024295
21394,0.001052
21395,0.065593
21396,0.021837
21397,-0.001535
21398,-0.021429
21399,-0.089588
21400,-0.065179
21401,0.005537
21402,-0.005418
21403,0.026229
21404,0.028113
21405,0.034783
21406,-0.008368
21407,-0.012945
21408,0.013293
21409,0.011151
21410,0.023876
21411,0.020613
21412,-0.023236
21413,-0.017853
21414,-0.021560
21415,-0.014659
21416,0.031710
21417,0.013848
21418,-0.007989
21419,0.010345
21420,-0.009548
21421,-0.054747
21422,-0.054649
21423,0.000632
21424,0.034825
21425,0.010304
21426,0.047833
21427,0.016562
21428,-0.013326
21429,-0.044065
21430,-0.013752
21431,-0.022563
21432,0.017116
21433,0.020735
21434,0.009708
21435,-0.038971
21436,-0.061461
21437,0.014992
21438,0.026991
21439,0.032271
21440,0.058198
21441,0.036125
21442,0.030476
21443,-0.005176
21444,-0.042649
21445,-0.041515
21446,-0.023612
21447,-0.020489
21448,-0.026637
21449,-0.001635
21450,-0.036617
21451,0.025834
21452,0.037060
21453,0.011460
21454,0.004151
21455,-0.020992
21456,-0.027071
21457,-0.035113
21458,-0.011582
21459,0.028045
21460,0.017655
21461,0.035683
21462,129.912933
21463,358.241150
21464,1.470159
21465,939.717285
21466,41.912811
21467,5.012107
21468,-27.206453
21469,-53.926258
21470,-56.857136
21471,-21.376705
21472,-1.495379
21473,-13.438883
21474,-0.153931
21475,33.451859
21476,45.698978
21477,23.797392
21478,0.246076
21479,-10.825118
21480,-14.097576
21481,-21.053171
21482,-9.134397
21483,12.041652
21484,-1.481533
21485,-7.369858
21486,6.064895
21487,5.253351
21488,-10.665905
21489,-9.650571
21490,-9.506707
21491,-7.581890
21492,6.194670
21493,24.420063
21494,30.291676
21495,15.812081
21496,0.280268
21497,3.982405
21498,5.918205
21499,2.565243
21500,-34.397640
21501,-43.258705
21502,-36.223671
21503,-1.841131
21504,25.636440
21505,27.691772
21506,4.367348
21507,-6.153811
21508,4.571592
21509,13.869647
21510,23.017981
21511,26.298779
21512,11.898904
21513,-21.724802
21514,-32.521320
21515,-22.167217
21516,-0.000672
21517,-0.012520
21518,-0.031938
21519,-0.008106
21520,0.011588
21521,-0.028860
21522,-0.012771
21523,0.075715
21524,0.114194
21525,0.073086
21526,0.022213
21527,-0.062341
21528,-0.085880
21529,-0.063654
21530,-0.068363
21531,-0.025512
21532,-0.009785
21533,-0.027018
21534,0.015752
21535,0.015234
21536,0.040120
21537,0.014925
21538,0.040485
21539,0.035911
21540,-0.012034
21541,0.023864
21542,0.021867
21543,0.004100
21544,-0.018868
21545,-0.002541
21546,-0.018507
21547,-0.082139
21548,-0.089160
21549,-0.032052
21550,-0.009293
21551,0.067988
21552,0.017294
21553,0.022896
21554,0.043478
21555,0.028093
21556,-0.017864
21557,0.011988
21558,-0.031904
21559,-0.042374
21560,0.017973
21561,0.016792
21562,-0.017318
21563,-0.015189
21564,-0.013499
21565,-0.006327
21566,-0.039485
21567,-0.015513
21568,0.050833
21569,0.024815
21570,0.072828
21571,0.081265
21572,0.054421
21573,0.022993
21574,0.008563
21575,-0.065152
21576,-0.098365
21577,-0.057142
21578,-0.072890
21579,-0.026272
21580,-0.007545
21581,0.028002
21582,0.078399
21583,0.028261
21584,-0.002584
21585,0.038729
21586,0.040423
21587,0.006308
21588,0.011910
21589,-0.037076
21590,-0.044094
21591,-0.017672
21592,-0.054565
21593,-0.038566
21594,-0.037812
21595,-0.027383
21596,0.010511
21597,0.023438
21598,0.000345
21599,0.043392
21600,0.039136
21601,0.041175
21602,0.019275
21603,-0.028429
21604,-0.043854
21605,-0.036381
21606,-0.068223
21607,-0.052555
21608,0.038451
21609,0.127433
21610,0.103024
21611,0.043271
21612,0.038214
21613,0.024255
21614,0.005098
21615,-0.010681
21616,-0.052540
21617,-0.096340
21618,-0.084525
21619,-0.071994
21620,-0.027909
21621,-0.023310
21622,0.006017
21623,0.000797
21624,-0.024566
21625,-0.007826
21626,0.036548
21627,0.070923
21628,0.042922
21629,0.053354
21630,0.050818
21631,0.013512
21632,-0.008168
21633,-0.007113
21634,0.002209
21635,-0.004573
21636,-0.038648
21637,-0.031106
21638,0.017217
21639,-0.037031
21640,-0.062671
21641,0.004275
21642,-0.042232
21643,-0.068237
21644,-0.020298
21645,0.017866
21646,0.011248
21647,0.008809
21648,0.074302
21649,0.114077
21650,0.036441
21651,0.032300
21652,-0.011655
21653,-0.041632
21654,-0.054552
21655,-0.075404
21656,-0.074934
21657,-0.025123
21658,0.065626
21659,0.115284
21660,0.079108
21661,0.018731
21662,-0.034298
21663,-0.011823
21664,-0.015619
21665,-0.056401
21666,-0.036856
21667,-0.049621
21668,-0.020213
21669,0.010926
21670,0.000998
21671,0.055038
21672,0.094839
21673,0.026884
21674,-0.013393
21675,-0.073881
21676,-0.076913
21677,-0.052298
21678,-0.064400
21679,-0.041538
21680,0.023248
21681,0.072815
21682,0.101044
21683,0.119696
21684,0.096964
21685,0.058925
21686,-0.016409
21687,-0.109034
21688,-0.094717
21689,-0.097601
21690,-0.072860
21691,0.007074
21692,0.043988
21693,0.031110
21694,0.053564
21695,0.011883
21696,-0.036765
21697,-0.079595
21698,-0.041889
21699,-0.032664
21700,0.097191
21701,0.106059
21702,-0.000197
21703,-0.019886
21704,-0.054711
21705,-0.036600
21706,-0.024336
21707,0.012983
21708,0.046845
21709,0.052225
21710,0.042941
21711,0.078066
21712,0.107017
21713,0.028756
21714,-0.044414
21715,-0.076444
21716,-0.065922
21717,-0.051796
21718,-0.044797
21719,-0.029582
21720,0.023233
21721,-0.011875
21722,-0.077768
21723,-0.065134
21724,-0.044354
21725,0.003979
21726,0.053702
21727,0.053713
21728,0.043912
21729,0.024012
21730,0.005373
21731,0.021807
21732,-0.009529
21733,0.027872
21734,0.063652
21735,0.006603
21736,-0.031733
21737,-0.055807
21738,-0.099488
21739,-0.071940
21740,-0.014227
21741,0.034042
21742,0.045904
21743,0.026688
21744,0.057378
21745,0.039221
21746,-0.027641
21747,-0.024598
21748,0.004845
21749,0.044953
21750,0.066250
21751,0.046281
21752,0.009721
21753,-0.023318
21754,-0.059202
21755,-0.051153
21756,-0.044730
21757,-0.035066
21758,0.016137
21759,0.066950
21760,0.026852
21761,0.099924
21762,0.024556
21763,-0.026542
21764,0.006320
21765,-0.060885
21766,-0.073788
21767,-0.083236
21768,-0.096900
21769,-0.052480
21770,0.033593
21771,0.075795
21772,0.081658
21773,0.044555
21774,-0.009255
21775,0.026165
21776,0.027279
21777,-0.011500
21778,-0.043153
21779,-0.013012
21780,0.021601
21781,0.029048
21782,0.048677
21783,-0.009661
21784,-0.086138
21785,-0.069509
21786,0.014688
21787,-0.024589
21788,-0.084139
21789,-0.001170
21790,0.049895
21791,0.014963
21792,0.028922
21793,0.023192
21794,-0.005166
21795,-0.007421
21796,-0.029837
21797,0.029064
21798,0.033680
21799,0.006575
21800,-0.033209
21801,-0.040296
21802,-0.034002
21803,0.004134
21804,0.068843
21805,0.075948
21806,0.079914
21807,0.012675
21808,-0.014248
21809,-0.055884
21810,-0.095961
21811,-0.113551
21812,-0.031361
21813,0.056784
21814,0.075266
21815,0.050488
21816,0.059793
21817,0.052777
21818,-0.023626
21819,-0.064819
21820,-0.039227
21821,0.008670
21822,-0.036473
21823,-0.038029
21824,0.023432
21825,-0.015665
21826,-0.005831
21827,-0.000606
21828,0.029438
21829,0.023649
21830,-0.004413
21831,-0.030289
21832,0.019829
21833,0.004085
21834,-0.009362
21835,0.048754
21836,0.015780
21837,-0.031845
21838,-0.017327
21839,0.006423
21840,0.041582
21841,0.009506
21842,-0.016544
21843,0.022753
21844,-0.002711
21845,-0.054266
21846,-0.035868
21847,-0.015410
21848,0.008392
21849,-0.002195
21850,-0.027431
21851,0.034030
21852,0.018709
21853,0.027806
21854,0.036153
21855,0.042579
21856,0.089164
21857,0.076594
21858,-0.004064
21859,-0.138337
21860,-0.107551
21861,-0.047133
21862,-0.075897
21863,-0.026429
21864,0.035887
21865,0.081093
21866,0.067759
21867,0.032029
21868,-0.000554
21869,-0.039870
21870,-0.064427
21871,-0.082589
21872,-0.038048
21873,0.005662
21874,-0.003586
21875,0.064700
21876,0.039022
21877,0.044370
21878,0.087413
21879,0.065899
21880,0.037464
21881,-0.008971
21882,-0.044563
21883,-0.049886
21884,-0.073256
21885,-0.100063
21886,-0.030022
21887,0.026558
21888,0.039408
21889,0.061071
21890,0.025074
21891,0.021103
21892,-0.012300
21893,-0.013919
21894,-0.058811
21895,-0.051692
21896,-0.039326
21897,-0.033273
21898,-0.058699
21899,-0.012730
21900,0.004100
21901,0.037562
21902,0.045358
21903,0.030824
21904,0.050238
21905,0.044313
21906,0.012518
21907,0.015320
21908,-0.047142
21909,0.010192
21910,0.015051
21911,-0.028286
21912,-0.013155
21913,-0.016105
21914,0.011588
21915,0.017658
21916,0.009565
21917,0.025642
21918,0.042393
21919,0.051651
21920,0.023128
21921,-0.061293
21922,-0.082610
21923,-0.076529
21924,-0.092794
21925,-0.044888
21926,0.050179
21927,0.075561
21928,0.068319
21929,0.010483
21930,0.001841
21931,0.036040
21932,0.003014
21933,-0.036683
21934,0.010758
21935,-0.009258
21936,0.008826
21937,0.037629
21938,0.031016
21939,0.009679
21940,-0.025056
21941,0.014386
21942,-0.008997
21943,-0.064588
21944,-0.077822
21945,-0.086355
21946,-0.025606
21947,0.034749
21948,0.027177
21949,0.076303
21950,0.062593
21951,0.036286
21952,0.013039
21953,-0.030850
21954,-0.007964
21955,-0.044049
21956,-0.043194
21957,-0.047476
21958,-0.052908
21959,-0.014052
21960,0.018635
21961,0.057248
21962,0.144587
21963,0.094671
21964,-0.009000
21965,-0.081060
21966,-0.138400
21967,-0.084401
21968,-0.013845
21969,0.007875
21970,0.037807
21971,0.057470
21972,0.051255
21973,0.012715
21974,0.049662
21975,0.092452
21976,0.023745
21977,-0.055167
21978,-0.050096
21979,-0.041416
21980,-0.017279
21981,0.013053
21982,0.018675
21983,-0.025619
21984,-0.032874
21985,-0.027060
21986,-0.063382
21987,-0.068857
21988,-0.022696
21989,0.030093
21990,0.000508
21991,-0.003166
21992,0.066178
21993,0.066111
21994,0.019309
21995,0.061268
21996,0.076982
21997,0.010910
21998,-0.032036
21999,-0.050843
22000,-0.046074
22001,-0.061572
22002,-0.022828
22003,-0.008763
22004,0.041545
22005,0.034447
22006,0.001256
22007,0.020794
22008,-0.030440
22009,-0.060204
22010,-0.036110
22011,0.008468
22012,0.019014
22013,0.024559
22014,0.011665
22015,-0.023307
22016,-0.011275
22017,0.033384
22018,0.031457
22019,0.038844
22020,-0.010506
22021,0.004102
22022,-0.038324
22023,-0.023232
22024,-0.015761
22025,-0.074100
22026,-0.023836
22027,0.017890
22028,0.054231
22029,0.072729
22030,0.021516
22031,-0.007148
22032,-0.001600
22033,0.001985
22034,0.007238
22035,-0.059109
22036,-0.090646
22037,-0.008876
22038,0.028950
22039,0.050095
22040,0.061594
22041,0.044728
22042,0.072326
22043,-0.028843
22044,-0.029001
22045,-0.012958
22046,-0.065023
22047,-0.002036
22048,0.011717
22049,-0.001159
22050,0.035886
22051,-0.068466
22052,-0.073113
22053,-0.010371
22054,0.033648
22055,0.027622
22056,0.014592
22057,-0.044982
22058,-0.078490
22059,-0.026089
22060,0.031509
22061,0.070791
22062,0.093069
22063,0.071100
22064,0.065753
22065,0.001163
22066,-0.062439
22067,-0.069471
22068,-0.081206
22069,-0.106302
22070,-0.046395
22071,0.058243
22072,0.100423
22073,0.058623
22074,0.000130
22075,-0.022133
22076,-0.038611
22077,-0.008066
22078,0.023021
22079,0.028490
22080,0.031301
22081,-0.008617
22082,0.003545
22083,0.002210
22084,-0.002428
22085,0.004818
22086,0.006409
22087,0.019486
22088,-0.026555
22089,0.005861
22090,0.021399
22091,-0.013119
22092,-0.040379
22093,-0.034779
22094,-0.014090
22095,-0.002557
22096,0.014082
22097,0.007462
22098,-0.021677
22099,-0.051732
22100,-0.075530
22101,-0.055988
22102,-0.005808
22103,0.076817
22104,0.099556
22105,0.062655
22106,0.062145
22107,0.015251
22108,-0.036123
22109,-0.038978
22110,-0.052500
22111,-0.082753
22112,-0.084819
22113,-0.021980
22114,0.062475
22115,0.114900
22116,0.086887
22117,0.064797
22118,-0.006461
22119,-0.078614
22120,-0.062062
22121,-0.006719
22122,0.012259
22123,0.030174
22124,0.034966
22125,0.000195
22126,-0.022174
22127,-0.024473
22128,0.013341
22129,0.000392
22130,-0.013635
22131,-0.030775
22132,-0.052480
22133,-0.000751
22134,0.057490
22135,0.069727
22136,0.046420
22137,-0.020740
22138,-0.043967
22139,-0.075216
22140,-0.058870
22141,-0.026855
22142,0.006482
22143,0.041085
22144,0.038666
22145,-0.020310
22146,-0.050238
22147,-0.032266
22148,0.027955
22149,0.040679
22150,0.040877
22151,0.027071
22152,0.018201
22153,0.046308
22154,-0.014192
22155,-0.050069
22156,0.005765
22157,0.023031
22158,0.058348
22159,0.041566
22160,-0.000322
22161,0.001127
22162,-0.026888
22163,-0.070710
22164,-0.021304
22165,-0.040694
22166,-0.042982
22167,-0.009330
22168,0.017433
22169,0.042914
22170,0.047323
22171,0.035194
22172,0.021426
22173,-0.004665
22174,0.003764
22175,-0.021447
22176,-0.076383
22177,-0.012370
22178,-0.027018
22179,-0.064971
22180,0.003414
22181,-0.000176
22182,0.041512
22183,0.035088
22184,-0.031823
22185,0.010066
22186,0.042938
22187,0.058105
22188,0.076479
22189,0.027771
22190,-0.003278
22191,-0.025344
22192,-0.074966
22193,-0.037306
22194,-0.066233
22195,-0.105420
22196,-0.056166
22197,-0.011523
22198,0.069675
22199,0.044826
22200,0.033855
22201,0.028322
22202,0.060408
22203,0.029984
22204,0.008607
22205,0.037078
22206,0.024759
22207,-0.027941
22208,0.006427
22209,-0.007409
22210,-0.044179
22211,-0.005760
22212,-0.068108
22213,-0.038427
22214,0.048871
22215,0.055885
22216,0.015468
22217,0.019206
22218,0.006792
22219,-0.048128
22220,-0.035830
22221,-0.015894
22222,-0.050399
22223,-0.015148
22224,0.006589
22225,-0.026525
22226,-0.007411
22227,0.041096
22228,0.056200
22229,0.078135
22230,0.072112
22231,0.019576
22232,-0.007858
22233,-0.057065
22234,-0.039992
22235,-0.039515
22236,-0.084972
22237,-0.093735
22238,-0.055143
22239,0.023243
22240,0.102121
22241,0.158985
22242,0.120073
22243,0.004210
22244,-0.018018
22245,-0.039236
22246,-0.065763
22247,-0.042031
22248,-0.044785
22249,-0.029601
22250,-0.028372
22251,-0.012990
22252,-0.008726
22253,-0.034909
22254,-0.021007
22255,0.066907
22256,0.094148
22257,0.049693
22258,-0.006293
22259,-0.033263
22260,0.018477
22261,0.057284
22262,0.051598
22263,0.039722
22264,-0.020913
22265,-0.070579
22266,-0.067981
22267,-0.044855
22268,-0.092833
22269,-0.108989
22270,-0.041089
22271,0.020061
22272,0.058223
22273,0.067394
22274,0.051384
22275,0.063954
22276,0.085724
22277,0.065443
22278,0.013109
22279,0.017949
22280,-0.031954
22281,-0.053414
22282,-0.089831
22283,-0.116215
22284,-0.102181
22285,-0.063206
22286,0.002020
22287,0.063374
22288,0.090291
22289,0.097055
22290,0.059463
22291,0.034785
22292,-0.007033
22293,-0.032619
22294,-0.024125
22295,-0.029001
22296,-0.030100
22297,-0.014996
22298,-0.019546
22299,-0.047365
22300,-0.027009
22301,-0.000255
22302,0.011791
22303,0.049539
22304,0.042567
22305,0.115311
22306,0.062369
22307,-0.033447
22308,-0.009331
22309,-0.047870
22310,-0.049803
22311,-0.032372
22312,-0.073006
22313,-0.081063
22314,-0.073590
22315,-0.023299
22316,0.064989
22317,0.080579
22318,0.060944
22319,0.036879
22320,0.038501
22321,0.057524
22322,0.048683
22323,-0.004531
22324,-0.038022
22325,-0.036574
22326,-0.029982
22327,-0.044687
22328,-0.057935
22329,-0.059654
22330,-0.047218
22331,-0.012500
22332,0.062828
22333,0.080427
22334,0.068744
22335,-0.003313
22336,-0.060275
22337,-0.010768
22338,-0.018519
22339,-0.011439
22340,0.045861
22341,0.056819
22342,0.032356
22343,0.064094
22344,0.039491
22345,-0.043074
22346,-0.096316
22347,-0.081306
22348,-0.090321
22349,-0.015328
22350,0.050278
22351,0.032039
22352,0.004085
22353,0.032520
22354,0.064722
22355,0.022850
22356,0.045317
22357,0.024198
22358,-0.025845
22359,-0.050225
22360,-0.043197
22361,-0.026401
22362,-0.009380
22363,-0.000748
22364,0.022328
22365,0.041089
22366,0.013871
22367,-0.061290
22368,-0.085944
22369,-0.046693
22370,0.008537
22371,0.019148
22372,0.030136
22373,0.031061
22374,0.043096
22375,-0.007528
22376,-0.046715
22377,0.019027
22378,0.000301
22379,-0.035664
22380,-0.031321
22381,0.002853
22382,0.038947
22383,0.020237
22384,0.019724
22385,0.016645
22386,0.015277
22387,-0.025381
22388,-0.037547
22389,-0.017831
22390,-0.002637
22391,0.008374
22392,0.025831
22393,0.015149
22394,-0.019457
22395,-0.003416
22396,0.030645
22397,0.067979
22398,0.063898
22399,0.011176
22400,-0.029873
22401,0.006242
22402,-0.014054
22403,-0.019330
22404,-0.043279
22405,-0.079206
22406,-0.050720
22407,-0.051373
22408,-0.033764
22409,-0.009395
22410,0.042037
22411,0.064353
22412,0.056665
22413,0.025157
22414,-0.030404
22415,-0.031897
22416,0.020472
22417,0.027644
22418,0.036922
22419,-0.001627
22420,-0.005571
22421,-0.024504
22422,-0.059460
22423,-0.051766
22424,-0.023336
22425,-0.021959
22426,0.001435
22427,0.014181
22428,0.079892
22429,0.104759
22430,0.091241
22431,0.028120
22432,-0.018027
22433,-0.055925
22434,-0.063142
22435,-0.000086
22436,-0.005357
22437,-0.028391
22438,-0.005902
22439,-0.022665
22440,-0.024241
22441,0.001721
22442,0.051854
22443,0.091242
22444,0.049468
22445,-0.056368
22446,-0.066478
22447,-0.074152
22448,-0.064957
22449,-0.004220
22450,0.014895
22451,-0.001929
22452,0.052868
22453,0.046570
22454,0.010953
22455,0.020551
22456,-0.011273
22457,-0.010914
22458,-0.056888
22459,-0.065330
22460,-0.017364
22461,0.024287
22462,-0.003210
22463,0.005040
22464,0.077000
22465,0.069546
22466,0.059303
22467,0.036958
22468,0.001104
22469,-0.027849
22470,-0.014372
22471,-0.038351
22472,-0.074448
22473,-0.052302
22474,-0.013309
22475,-0.001629
22476,-0.033737
22477,-0.037964
22478,0.004783
22479,0.083525
22480,0.121201
22481,0.045512
22482,-0.011352
22483,-0.049456
22484,-0.059314
22485,-0.039492
22486,-0.012675
22487,0.001708
22488,-0.013032
22489,-0.029583
22490,0.006665
22491,0.018699
22492,0.046638
22493,0.052303
22494,0.027793
22495,0.020078
22496,0.013897
22497,-0.027266
22498,-0.078343
22499,-0.033342
22500,0.002570
22501,-0.005141
22502,-0.002346
22503,-0.001046
22504,-0.035387
22505,0.002351
22506,0.016719
22507,0.018522
22508,0.022269
22509,-0.011971
22510,-0.021353
22511,-0.020558
22512,0.005925
22513,0.031446
22514,0.043322
22515,0.069558
22516,0.057763
22517,0.012541
22518,-0.028246
22519,-0.072748
22520,-0.066880
22521,-0.028574
22522,-0.003060
22523,0.037615
22524,0.017381
22525,-0.023496
22526,-0.056862
22527,-0.024091
22528,-0.009019
22529,-0.010331
22530,0.027425
22531,0.051966
22532,0.029340
22533,-0.015033
22534,-0.008836
22535,0.012983
22536,0.026422
22537,0.028499
22538,0.064534
22539,0.108525
22540,-0.005807
22541,-0.069586
22542,-0.053634
22543,-0.020587
22544,-0.024303
22545,0.014454
22546,0.007751
22547,-0.077006
22548,-0.072773
22549,-0.017104
22550,0.002360
22551,0.021156
22552,0.069484
22553,0.025151
22554,-0.010736
22555,-0.017153
22556,0.000596
22557,0.024209
22558,0.037454
22559,0.030099
22560,0.001890
22561,-0.025896
22562,-0.046698
22563,-0.041181
22564,0.007306
22565,0.018775
22566,0.056602
22567,0.043694
22568,0.010956
22569,-0.015598
22570,-0.050881
22571,-0.049685
22572,-0.013176
22573,0.011205
22574,-0.022543
22575,0.029111
22576,0.025118
22577,-0.034602
22578,-0.037121
22579,0.007757
22580,0.053221
22581,0.066795
22582,0.005228
22583,-0.032796
22584,-0.040762
22585,-0.037821
22586,-0.024304
22587,-0.040998
22588,-0.017397
22589,0.019438
22590,-0.002573
22591,0.036479
22592,0.002053
22593,-0.005540
22594,0.027296
22595,0.006620
22596,-0.002229
22597,-0.036332
22598,-0.019035
22599,0.012046
22600,0.007579
22601,0.028075
22602,0.063422
22603,0.045713
22604,-0.018552
22605,-0.050938
22606,-0.039963
22607,-0.010871
22608,-0.011597
22609,0.024374
22610,0.043070
22611,0.049297
22612,0.047811
22613,-0.015853
22614,-0.028569
22615,-0.040545
22616,-0.014506
22617,-0.021996
22618,-0.017406
22619,-0.011148
22620,-0.008069
22621,0.016779
22622,0.015575
22623,-0.015899
22624,-0.025445
22625,-0.050368
22626,-0.031623
22627,-0.011828
22628,0.005725
22629,0.019998
22630,0.055196
22631,0.083478
22632,0.085744
22633,0.050616
22634,-0.001337
22635,-0.043201
22636,-0.055095
22637,-0.051463
22638,-0.064522
22639,-0.009527
22640,0.021160
22641,0.009109
22642,-0.016386
22643,-0.025161
22644,-0.042196
22645,-0.043419
22646,-0.028781
22647,0.007999
22648,0.070168
22649,0.038817
22650,0.015957
22651,-0.003453
22652,0.011559
22653,0.038579
22654,0.004233
22655,0.037743
22656,0.043802
22657,-0.031767
22658,-0.049432
22659,-0.060438
22660,-0.039646
22661,0.005821
22662,-0.019588
22663,-0.018362
22664,0.035087
22665,-0.006506
22666,-0.028153
22667,-0.002146
22668,-0.004628
22669,0.017435
22670,-0.020487
22671,-0.036586
22672,0.002248
22673,0.049254
22674,0.088517
22675,0.121148
22676,0.059723
22677,-0.022223
22678,-0.050252
22679,-0.074999
22680,-0.048365
22681,-0.010998
22682,-0.004721
22683,0.002253
22684,-0.016269
22685,-0.062217
22686,-0.078091
22687,-0.034690
22688,0.055627
22689,0.082137
22690,0.025030
22691,0.020472
22692,0.013915
22693,-0.042905
22694,-0.050446
22695,-0.027345
22696,0.011991
22697,0.032134
22698,0.053620
22699,0.019309
22700,0.004065
22701,0.046742
22702,0.018534
22703,0.025763
22704,0.002372
22705,-0.033280
22706,-0.013888
22707,-0.040224
22708,-0.070395
22709,-0.023982
22710,-0.001784
22711,0.035606
22712,0.035403
22713,-0.028054
22714,-0.066245
22715,-0.081692
22716,-0.047576
22717,0.046988
22718,0.131871
22719,0.139128
22720,0.075163
22721,0.058684
22722,-0.011926
22723,-0.074123
22724,-0.059102
22725,-0.066296
22726,-0.043958
22727,-0.030588
22728,-0.002534
22729,-0.050342
22730,-0.034932
22731,0.039860
22732,0.109896
22733,0.136188
22734,0.057942
22735,0.026871
22736,-0.033143
22737,-0.137779
22738,-0.122174
22739,-0.059611
22740,0.013539
22741,0.060100
22742,0.052602
22743,-0.057738
22744,-0.048923
22745,0.004503
22746,0.039709
22747,0.065467
22748,0.032516
22749,-0.018403
22750,0.004978
22751,0.006994
22752,-0.055843
22753,-0.018214
22754,-0.004272
22755,-0.029983
22756,-0.007012
22757,0.023421
22758,-0.013041
22759,0.027558
22760,-0.001192
22761,0.037693
22762,0.036816
22763,0.006798
22764,0.008928
22765,-0.012295
22766,-0.024374
22767,-0.042505
22768,-0.037578
22769,-0.042643
22770,-0.012961
22771,0.044234
22772,0.099242
22773,0.053034
22774,0.025537
22775,0.029896
22776,-0.030878
22777,-0.040068
22778,-0.067932
22779,-0.048502
22780,-0.053396
22781,-0.027645
22782,0.022230
22783,0.022751
22784,0.037287
22785,0.020349
22786,0.008154
22787,0.010362
22788,0.004641
22789,0.029119
22790,0.035000
22791,0.070556
22792,0.030114
22793,0.006774
22794,-0.075491
22795,-0.122491
22796,-0.063263
22797,-0.030352
22798,-0.013634
22799,0.008071
22800,0.001598
22801,0.061300
22802,0.070343
22803,0.030564
22804,-0.004886
22805,-0.032289
22806,-0.017730
22807,-0.017745
22808,0.019842
22809,-0.013901
22810,-0.054413
22811,-0.014674
22812,0.013974
22813,0.035186
22814,0.088303
22815,0.035016
22816,233.128815
22817,400.555054
22818,2.789563
22819,790.087769
22820,22.782598
22821,15.506754
22822,1.332256
22823,-23.695477
22824,-29.257998
22825,-14.375957
22826,-8.465445
22827,-5.057764
22828,-5.287678
22829,4.979061
22830,25.232405
22831,13.758265
22832,12.648130
22833,18.658964
22834,17.270094
22835,29.413017
22836,19.651920
22837,13.583777
22838,-26.965563
22839,-57.001480
22840,-59.991646
22841,-49.879791
22842,-12.270342
22843,21.625290
22844,44.115971
22845,53.107384
22846,46.839172
22847,26.330479
22848,5.956673
22849,-28.234215
22850,-43.816822
22851,-31.249475
22852,-5.038793
22853,20.500940
22854,17.025988
22855,-7.531022
22856,-13.308027
22857,-30.327227
22858,-22.168819
22859,-15.095382
22860,0.558493
22861,14.577295
22862,18.617374
22863,33.048149
22864,39.783970
22865,35.979847
22866,14.173018
22867,-27.186571
22868,-61.538239
22869,-46.324535
22870,-0.011082
22871,-0.045500
22872,-0.035967
22873,-0.010729
22874,0.037717
22875,-0.009041
22876,-0.013648
22877,0.017967
22878,0.020286
22879,0.018323
22880,-0.060662
22881,-0.094312
22882,-0.024870
22883,0.005238
22884,0.007797
22885,0.035417
22886,0.053896
22887,0.036835
22888,0.038866
22889,0.018345
22890,-0.002524
22891,-0.029007
22892,-0.061303
22893,-0.056386
22894,-0.034124
22895,-0.020355
22896,-0.021957
22897,-0.031334
22898,-0.021065
22899,0.000767
22900,0.017338
22901,0.050846
22902,0.077717
22903,0.034800
22904,0.030576
22905,0.033588
22906,-0.011784
22907,-0.001805
22908,-0.000747
22909,-0.039060
22910,-0.001707
22911,-0.009231
22912,-0.040158
22913,-0.032560
22914,0.009910
22915,-0.007189
22916,-0.002105
22917,0.058146
22918,0.032341
22919,-0.008592
22920,-0.014388
22921,-0.018447
22922,0.028337
22923,0.067776
22924,0.057437
22925,0.059187
22926,-0.007908
22927,0.004857
22928,-0.037785
22929,-0.069177
22930,0.000573
22931,0.028030
22932,0.026723
22933,0.001786
22934,-0.034618
22935,-0.009403
22936,0.009979
22937,-0.019776
22938,0.019651
22939,0.046683
22940,0.093930
22941,0.074470
22942,-0.010495
22943,-0.074456
22944,-0.138115
22945,-0.086719
22946,-0.035386
22947,0.005726
22948,0.102543
22949,0.080170
22950,0.036193
22951,-0.049312
22952,-0.049244
22953,-0.005595
22954,-0.020703
22955,-0.020279
22956,0.005129
22957,0.020857
22958,0.041304
22959,0.032935
22960,0.009228
22961,-0.009498
22962,0.005431
22963,0.007323
22964,0.002131
22965,0.006193
22966,0.015608
22967,-0.021063
22968,-0.066480
22969,-0.096921
22970,-0.098887
22971,-0.032631
22972,0.006633
22973,0.074693
22974,0.114050
22975,0.082035
22976,0.055066
22977,-0.009922
22978,-0.080485
22979,-0.062483
22980,0.005919
22981,0.033833
22982,0.022762
22983,0.000621
22984,-0.044957
22985,-0.036398
22986,-0.001829
22987,-0.017343
22988,0.061393
22989,0.109912
22990,0.090794
22991,0.024323
22992,-0.012419
22993,-0.063371
22994,-0.060397
22995,-0.033277
22996,-0.021102
22997,-0.019146
22998,-0.031756
22999,0.002772
23000,-0.001341
23001,-0.013531
23002,-0.022365
23003,-0.009419
23004,-0.028016
23005,-0.035538
23006,-0.030562
23007,-0.023881
23008,0.029233
23009,0.081039
23010,0.084094
23011,0.045203
23012,0.040259
23013,-0.037563
23014,-0.026752
23015,-0.016363
23016,-0.035067
23017,0.034086
23018,0.029308
23019,-0.035690
23020,-0.076901
23021,-0.027837
23022,0.063004
23023,0.067492
23024,0.047801
23025,0.058364
23026,0.032209
23027,-0.014803
23028,-0.054834
23029,-0.066509
23030,-0.095296
23031,-0.082172
23032,-0.012842
23033,0.006942
23034,0.097511
23035,0.119047
23036,0.079020
23037,0.006515
23038,-0.065136
23039,-0.114713
23040,-0.117123
23041,-0.107018
23042,-0.003501
23043,0.089433
23044,0.076961
23045,0.078952
23046,0.081658
23047,0.059747
23048,0.010000
23049,-0.063921
23050,-0.016649
23051,-0.035592
23052,-0.087578
23053,-0.045253
23054,0.003307
23055,-0.016064
23056,0.015280
23057,0.061112
23058,0.019329
23059,0.001794
23060,0.007496
23061,0.012262
23062,0.028957
23063,-0.005032
23064,-0.058062
23065,-0.065450
23066,-0.016922
23067,0.015529
23068,0.047895
23069,0.129655
23070,0.060852
23071,0.004959
23072,-0.017578
23073,-0.070572
23074,-0.018295
23075,-0.029583
23076,-0.047088
23077,-0.013617
23078,-0.020426
23079,-0.019807
23080,0.003968
23081,0.024384
23082,0.047428
23083,-0.000532
23084,-0.019512
23085,-0.023938
23086,0.004588
23087,0.022404
23088,0.043509
23089,0.039073
23090,0.027946
23091,-0.002829
23092,-0.039566
23093,-0.066075
23094,-0.080580
23095,-0.046988
23096,-0.056784
23097,-0.000384
23098,0.063471
23099,0.068423
23100,0.074245
23101,0.030083
23102,0.010575
23103,-0.007338
23104,-0.025025
23105,-0.050551
23106,-0.043847
23107,-0.000697
23108,0.033020
23109,0.050909
23110,0.001106
23111,-0.006195
23112,-0.010605
23113,-0.056565
23114,-0.063601
23115,-0.046232
23116,0.030932
23117,0.053997
23118,0.058268
23119,0.043816
23120,0.053951
23121,0.047919
23122,0.030632
23123,-0.027239
23124,-0.066795
23125,-0.046631
23126,-0.034571
23127,-0.030610
23128,-0.012022
23129,-0.019547
23130,0.003805
23131,0.015486
23132,0.022585
23133,-0.029197
23134,-0.030167
23135,-0.015649
23136,0.034085
23137,0.026278
23138,-0.021084
23139,-0.028586
23140,-0.017056
23141,-0.005118
23142,-0.006808
23143,0.038812
23144,0.044443
23145,0.027058
23146,-0.023347
23147,-0.014242
23148,0.015685
23149,0.032827
23150,0.035773
23151,0.012337
23152,-0.007856
23153,-0.024312
23154,0.015667
23155,0.035780
23156,0.004456
23157,-0.043425
23158,-0.036453
23159,-0.017678
23160,-0.012451
23161,0.032994
23162,0.006306
23163,0.024355
23164,-0.020905
23165,-0.089873
23166,-0.074690
23167,-0.036353
23168,0.053049
23169,0.055906
23170,0.003613
23171,-0.015606
23172,-0.004992
23173,0.011013
23174,0.017773
23175,0.067643
23176,0.105202
23177,0.073014
23178,-0.017935
23179,-0.064142
23180,-0.058439
23181,-0.101247
23182,-0.082267
23183,-0.020554
23184,0.017637
23185,-0.007038
23186,-0.013645
23187,-0.025237
23188,0.002462
23189,0.007172
23190,0.008012
23191,0.022434
23192,0.049945
23193,0.083790
23194,0.042066
23195,-0.022051
23196,-0.011693
23197,-0.027041
23198,-0.058985
23199,0.002152
23200,0.027120
23201,0.050546
23202,0.080942
23203,0.043315
23204,-0.016390
23205,0.017054
23206,-0.007085
23207,-0.041645
23208,-0.022886
23209,-0.063714
23210,-0.090226
23211,-0.037947
23212,-0.039495
23213,-0.040584
23214,-0.043112
23215,-0.091148
23216,-0.041840
23217,0.041205
23218,0.045677
23219,0.086512
23220,0.118651
23221,0.088355
23222,0.062990
23223,0.018815
23224,-0.019372
23225,-0.039435
23226,-0.015103
23227,-0.021795
23228,-0.049891
23229,0.008271
23230,0.025956
23231,-0.003761
23232,-0.029240
23233,-0.033678
23234,-0.033453
23235,-0.015010
23236,0.046703
23237,0.051873
23238,0.026302
23239,-0.000701
23240,-0.028333
23241,-0.042714
23242,-0.022835
23243,0.001011
23244,0.029206
23245,0.007467
23246,-0.015302
23247,-0.006712
23248,-0.019615
23249,0.030122
23250,0.020571
23251,-0.020416
23252,-0.005510
23253,0.026405
23254,-0.007174
23255,0.033535
23256,0.036997
23257,0.041800
23258,0.046192
23259,-0.008165
23260,-0.085598
23261,-0.069186
23262,-0.030134
23263,-0.009471
23264,-0.019536
23265,-0.029949
23266,-0.045912
23267,-0.015822
23268,-0.030885
23269,-0.027839
23270,-0.049946
23271,-0.004300
23272,-0.012349
23273,0.026808
23274,0.137254
23275,0.136163
23276,0.066969
23277,0.007144
23278,-0.010074
23279,0.024607
23280,-0.027116
23281,-0.114022
23282,-0.094660
23283,-0.063648
23284,-0.001525
23285,0.005673
23286,0.004110
23287,0.047069
23288,0.035306
23289,0.047499
23290,0.021447
23291,0.003378
23292,0.014231
23293,0.047265
23294,0.042578
23295,-0.036298
23296,-0.065215
23297,-0.069634
23298,-0.025627
23299,0.010322
23300,0.039669
23301,0.030012
23302,0.011792
23303,-0.043590
23304,-0.037610
23305,0.013107
23306,-0.010788
23307,0.045648
23308,0.074033
23309,0.023552
23310,0.039697
23311,0.002706
23312,-0.055063
23313,-0.096662
23314,-0.057100
23315,-0.026323
23316,-0.029951
23317,-0.010845
23318,0.033820
23319,0.032986
23320,0.024936
23321,0.033475
23322,0.029562
23323,-0.018173
23324,-0.068596
23325,-0.047194
23326,0.027264
23327,0.060297
23328,0.041575
23329,0.011628
23330,-0.022998
23331,-0.017980
23332,-0.044753
23333,-0.043312
23334,0.010829
23335,0.034174
23336,0.033976
23337,0.022547
23338,0.001693
23339,0.040933
23340,0.009385
23341,0.026728
23342,0.022390
23343,-0.006552
23344,0.009232
23345,-0.038062
23346,-0.054831
23347,-0.066463
23348,-0.034152
23349,0.029633
23350,0.007433
23351,-0.019968
23352,0.009356
23353,0.009819
23354,-0.034449
23355,0.004526
23356,0.035817
23357,0.018078
23358,0.042731
23359,0.033774
23360,-0.010460
23361,-0.041633
23362,-0.084190
23363,0.017158
23364,0.049252
23365,0.030600
23366,0.035704
23367,0.015564
23368,-0.026572
23369,-0.078823
23370,-0.111323
23371,-0.046236
23372,-0.016908
23373,0.011602
23374,0.095734
23375,0.083876
23376,0.018787
23377,0.013776
23378,-0.018065
23379,-0.046139
23380,-0.053438
23381,-0.019232
23382,0.019203
23383,-0.017823
23384,-0.018285
23385,0.026458
23386,0.020996
23387,0.003249
23388,-0.007880
23389,-0.007362
23390,-0.016901
23391,0.016423
23392,0.063258
23393,0.050115
23394,-0.015744
23395,-0.051274
23396,-0.048903
23397,-0.010498
23398,-0.018547
23399,0.031546
23400,0.041732
23401,0.009989
23402,0.007167
23403,-0.023471
23404,-0.020544
23405,-0.006265
23406,-0.029018
23407,-0.053444
23408,-0.038062
23409,-0.029378
23410,0.024142
23411,0.070667
23412,0.085619
23413,0.090272
23414,0.074847
23415,-0.003829
23416,-0.071816
23417,-0.064011
23418,-0.062506
23419,-0.086798
23420,-0.071263
23421,0.025674
23422,0.049580
23423,0.015685
23424,0.040623
23425,0.039360
23426,-0.007637
23427,-0.025004
23428,0.000349
23429,0.020134
23430,0.024182
23431,0.011005
23432,-0.035856
23433,-0.037057
23434,-0.082839
23435,-0.053458
23436,0.028884
23437,0.052983
23438,0.046408
23439,0.047917
23440,0.027870
23441,-0.023241
23442,0.023243
23443,0.042324
23444,0.044862
23445,0.021806
23446,0.038344
23447,-0.028147
23448,-0.044899
23449,-0.037216
23450,-0.014489
23451,-0.000061
23452,-0.020098
23453,-0.066578
23454,-0.101060
23455,-0.053925
23456,-0.004515
23457,0.066013
23458,0.092750
23459,0.072283
23460,0.055186
23461,0.010219
23462,0.000245
23463,-0.032405
23464,-0.024712
23465,-0.027849
23466,-0.046432
23467,0.007576
23468,0.019002
23469,-0.048018
23470,-0.015928
23471,-0.018148
23472,0.013629
23473,0.035741
23474,0.011209
23475,0.008110
23476,0.031578
23477,-0.014557
23478,-0.034428
23479,-0.013086
23480,-0.012334
23481,0.023515
23482,0.011266
23483,0.050878
23484,0.024095
23485,-0.005753
23486,-0.028367
23487,-0.011298
23488,0.033704
23489,0.023676
23490,0.044140
23491,0.048964
23492,-0.020262
23493,-0.061195
23494,-0.063094
23495,-0.088525
23496,-0.065028
23497,-0.065841
23498,0.021351
23499,0.087619
23500,0.072524
23501,0.089228
23502,0.061531
23503,0.004998
23504,-0.012483
23505,-0.086689
23506,-0.101670
23507,-0.049208
23508,-0.019758
23509,-0.000547
23510,-0.007563
23511,0.045371
23512,0.039919
23513,0.049617
23514,0.046270
23515,0.002027
23516,-0.043289
23517,-0.069409
23518,-0.092647
23519,-0.083523
23520,286.794952
23521,422.555786
23522,3.475575
23523,717.853638
23524,25.930279
23525,26.777916
23526,3.949788
23527,-17.062384
23528,-12.687584
23529,-6.783619
23530,-6.763433
23531,-4.539634
23532,-10.358016
23533,-3.359526
23534,-5.828423
23535,18.437149
23536,46.668262
23537,45.338917
23538,21.316946
23539,0.316035
23540,-23.623348
23541,-48.888107
23542,-71.681320
23543,-55.841877
23544,-28.825403
23545,21.334608
23546,73.796913
23547,93.098541
23548,49.153816
23549,0.355409
23550,-31.673944
23551,-62.870625
23552,-72.760094
23553,-46.323917
23554,-9.230319
23555,16.328735
23556,50.161560
23557,74.810287
23558,59.804935
23559,32.822880
23560,-9.061148
23561,-23.613316
23562,-27.432764
23563,-27.106567
23564,-50.910427
23565,-61.475811
23566,-38.773216
23567,-20.260387
23568,12.833551
23569,31.859528
23570,70.337387
23571,72.983185
23572,50.102913
23573,23.188395
23574,-0.007396
23575,-0.023791
23576,0.006137
23577,0.052605
23578,0.078380
23579,0.034685
23580,-0.033260
23581,-0.083204
23582,-0.068879
23583,-0.024468
23584,0.032060
23585,0.028373
23586,0.040768
23587,0.043634
23588,0.035252
23589,0.009663
23590,0.005913
23591,-0.030575
23592,-0.012585
23593,0.026701
23594,0.030553
23595,-0.031396
23596,-0.013394
23597,0.003779
23598,-0.023435
23599,-0.068045
23600,-0.024997
23601,0.002599
23602,0.005009
23603,0.034846
23604,0.015189
23605,0.025788
23606,0.003141
23607,-0.009583
23608,-0.034293
23609,-0.057862
23610,-0.021144
23611,0.028590
23612,0.063550
23613,0.037012
23614,0.027903
23615,0.011028
23616,-0.044028
23617,-0.008135
23618,0.044564
23619,0.011981
23620,-0.062218
23621,-0.074295
23622,-0.012740
23623,-0.000350
23624,294.722931
23625,425.805908
23626,3.576918
23627,705.299316
23628,11.371064
23629,33.536598
23630,17.093769
23631,-15.838659
23632,-25.572031
23633,-15.985286
23634,-2.025273
23635,-9.155572
23636,-3.988402
23637,1.956367
23638,6.714580
23639,13.430955
23640,-7.750066
23641,0.016353
23642,0.048306
23643,0.064228
23644,0.071715
23645,0.025422
23646,-0.042876
23647,-0.124522
23648,-0.104268
23649,-0.045745
23650,0.014639
23651,0.071178
23652,0.126721
23653,0.025301
23654,-0.006195
23655,-0.018583
23656,-0.026418
23657,-0.039724
23658,-0.037620
23659,-0.033502
23660,-0.047960
23661,-0.040021
23662,-0.004722
23663,0.012148
23664,0.048710
23665,0.072733
23666,0.062744
23667,0.040312
23668,0.026764
23669,0.007682
23670,0.016078
23671,0.001764
23672,-0.049971
23673,0.000870
23674,0.002335
23675,-0.061238
23676,-0.095284
23677,-0.050921
23678,-0.006518
23679,0.045515
23680,0.066108
23681,0.005793
23682,-0.037143
23683,-0.042837
23684,-0.026273
23685,-0.007591
23686,-0.013959
23687,0.034355
23688,0.035042
23689,0.079832
23690,0.058149
23691,0.014717
23692,0.019229
23693,0.025858
23694,0.023720
23695,0.000752
23696,0.009001
23697,-0.041399
23698,-0.081817
23699,-0.064589
23700,-0.032290
23701,-0.013167
23702,-0.049053
23703,-0.024344
23704,0.011084
23705,0.082929
23706,0.134132
23707,0.083728
23708,0.054589
23709,-0.029920
23710,-0.088255
23711,-0.056950
23712,-0.045319
23713,-0.018078
23714,-0.030024
23715,-0.045427
23716,-0.007087
23717,0.007212
23718,0.001585
23719,0.054250
23720,0.012905
23721,0.016503
23722,0.014289
23723,-0.000486
23724,0.057388
23725,0.030270
23726,0.018716
23727,-0.009175
23728,0.004238
23729,-0.003051
23730,-0.010542
23731,-0.003532
23732,-0.010113
23733,-0.019582
23734,-0.041854
23735,-0.016642
23736,-0.020878
23737,-0.031506
23738,-0.016319
23739,-0.003242
23740,0.008861
23741,159.352295
23742,116.962242
23743,2.869584
23744,1780.188965
23745,272.107971
23746,-29.375233
23747,-0.277796
23748,27.975996
23749,7.820059
23750,2.613491
23751,24.724794
23752,36.410225
23753,21.977238
23754,6.321874
23755,3.276159
23756,1.428244
23757,-14.909142
23758,-27.067860
23759,-31.877127
23760,-18.261269
23761,-6.534697
23762,18.037205
23763,20.514063
23764,24.397869
23765,10.265039
23766,0.709961
23767,-12.566113
23768,-7.077164
23769,8.387503
23770,3.131099
23771,-4.988484
23772,-16.032087
23773,-21.314417
23774,-5.889031
23775,4.426623
23776,0.593322
23777,4.369101
23778,2.291281
23779,4.435614
23780,11.920038
23781,17.995798
23782,6.478925
23783,-3.534565
23784,-8.355832
23785,-27.328259
23786,-13.000381
23787,27.820070
23788,40.031353
23789,13.479171
23790,-11.316734
23791,-16.760996
23792,-26.366457
23793,-15.037844
23794,-2.267560
23795,0.030347
23796,0.023054
23797,0.002775
23798,0.034699
23799,-0.001406
23800,-0.031623
23801,-0.025353
23802,0.017331
23803,0.067408
23804,0.026161
23805,-0.025607
23806,-0.047503
23807,0.000403
23808,0.010431
23809,0.005357
23810,0.000725
23811,0.009239
23812,-0.025927
23813,-0.037588
23814,-0.047410
23815,-0.068538
23816,-0.033081
23817,0.046605
23818,0.059181
23819,0.028403
23820,-0.005934
23821,0.004502
23822,0.003445
23823,0.018622
23824,0.020658
23825,0.008013
23826,0.013717
23827,0.006225
23828,-0.011477
23829,0.034834
23830,0.014652
23831,-0.045294
23832,-0.028948
23833,-0.043325
23834,-0.029738
23835,-0.018398
23836,0.016961
23837,0.048307
23838,0.030139
23839,-0.029516
23840,-0.042740
23841,0.007750
23842,-0.014306
23843,0.017696
23844,0.020783
23845,-0.020655
23846,-0.013433
23847,-0.009513
23848,0.013874
23849,0.053302
23850,0.068045
23851,0.051346
23852,-0.015519
23853,-0.012949
23854,-0.071428
23855,-0.081287
23856,-0.060118
23857,-0.036282
23858,0.002834
23859,0.022880
23860,-0.001600
23861,0.000098
23862,0.005202
23863,0.021627
23864,0.063404
23865,0.037592
23866,0.010266
23867,0.031197
23868,0.006269
23869,-0.024221
23870,-0.051491
23871,-0.031186
23872,-0.060251
23873,-0.083844
23874,0.009926
23875,0.018296
23876,0.016987
23877,0.014117
23878,0.044472
23879,0.067915
23880,0.033387
23881,-0.013492
23882,-0.031857
23883,-0.066005
23884,-0.062066
23885,-0.028297
23886,0.023964
23887,0.059009
23888,0.024016
23889,-0.017054
23890,-0.054507
23891,-0.062500
23892,-0.012761
23893,0.036844
23894,0.057039
23895,-0.030439
23896,0.000871
23897,-0.030939
23898,-0.042918
23899,-0.022210
23900,-0.004493
23901,0.014981
23902,0.020847
23903,0.044149
23904,0.062430
23905,0.007963
23906,-0.000575
23907,-0.009456
23908,-0.015559
23909,-0.049832
23910,-0.066952
23911,-0.034377
23912,0.005941
23913,0.005688
23914,0.029235
23915,0.081244
23916,0.052877
23917,0.018113
23918,0.002664
23919,-0.005357
23920,-0.041355
23921,-0.047085
23922,-0.005427
23923,0.011314
23924,-0.027126
23925,-0.004009
23926,-0.025820
23927,-0.045779
23928,0.009489
23929,0.021905
23930,0.017585
23931,0.060066
23932,0.018611
23933,0.002787
23934,0.058149
23935,0.039335
23936,0.003696
23937,-0.014097
23938,0.008729
23939,-0.047395
23940,-0.080706
23941,-0.063324
23942,-0.057573
23943,-0.027351
23944,-0.014398
23945,0.009570
23946,0.030575
23947,-0.018455
23948,-0.007593
23949,0.073685
23950,0.031362
23951,-0.006516
23952,0.010636
23953,0.008906
23954,-0.003681
23955,0.009198
23956,-0.010775
23957,-0.018679
23958,-0.012281
23959,0.006707
23960,0.012010
23961,0.031483
23962,0.028118
23963,0.043237
23964,0.046591
23965,0.010312
23966,-0.027019
23967,-0.014575
23968,-0.023828
23969,-0.044391
23970,-0.016350
23971,-0.012272
23972,-0.020672
23973,-0.032198
23974,-0.012328
23975,0.023278
23976,0.036466
23977,-0.035199
23978,0.016683
23979,-0.005523
23980,0.004768
23981,-0.010481
23982,-0.032905
23983,0.000589
23984,0.016884
23985,-0.026578
23986,0.018216
23987,0.091989
23988,0.062423
23989,0.008442
23990,-0.011922
23991,-0.012599
23992,-0.044045
23993,-0.005995
23994,0.015680
23995,-0.021633
23996,-0.015974
23997,0.012099
23998,0.025571
23999,0.002593
24000,-0.069201
24001,-0.019607
24002,0.005363
24003,-0.010342
24004,0.007506
24005,-0.049539
24006,-0.051189
24007,-0.007834
24008,0.011337
24009,0.048789
24010,0.024740
24011,0.056911
24012,0.062774
24013,0.036170
24014,0.025449
24015,-0.021113
24016,-0.078260
24017,-0.075295
24018,-0.055296
24019,-0.003691
24020,0.048237
24021,0.033918
24022,0.016819
24023,0.003572
24024,-0.024516
24025,-0.032961
24026,-0.096076
24027,-0.026193
24028,-0.025240
24029,-0.018086
24030,0.008144
24031,0.020614
24032,0.069026
24033,0.105558
24034,0.066948
24035,0.058637
24036,-0.020501
24037,-0.038078
24038,-0.025083
24039,-0.009302
24040,-0.013788
24041,-0.072964
24042,-0.073060
24043,-0.014368
24044,0.018702
24045,0.056322
24046,0.102236
24047,0.081381
24048,0.036937
24049,-0.000020
24050,-0.043560
24051,-0.053458
24052,-0.080313
24053,-0.079572
24054,-0.033233
24055,-0.014610
24056,0.021656
24057,0.030478
24058,-0.035104
24059,-0.054189
24060,0.008056
24061,-0.012106
24062,-0.036428
24063,0.016286
24064,0.099428
24065,0.051414
24066,-0.022666
24067,0.060034
24068,0.052820
24069,0.059301
24070,0.072430
24071,-0.005583
24072,-0.019227
24073,-0.074936
24074,-0.103347
24075,-0.022360
24076,0.005579
24077,-0.023327
24078,-0.045364
24079,-0.049183
24080,0.016816
24081,0.060477
24082,0.040756
24083,0.051948
24084,0.053060
24085,-0.022122
24086,-0.058521
24087,-0.033992
24088,0.028800
24089,0.007140
24090,-0.029748
24091,-0.033317
24092,-0.012473
24093,0.036507
24094,-0.025769
24095,-0.010101
24096,0.006266
24097,0.008061
24098,0.033752
24099,0.022674
24100,0.028955
24101,-0.005150
24102,-0.018019
24103,0.024939
24104,-0.011357
24105,-0.054306
24106,-0.021937
24107,-0.011923
24108,-0.026479
24109,-0.002478
24110,0.038041
24111,0.015399
24112,-0.039309
24113,-0.015943
24114,0.051314
24115,0.029136
24116,0.046290
24117,0.014656
24118,-0.037384
24119,-0.033396
24120,-0.054258
24121,-0.028886
24122,0.010572
24123,-0.020869
24124,0.003740
24125,0.037305
24126,0.026841
24127,0.010724
24128,0.008662
24129,-0.005950
24130,-0.053897
24131,-0.083279
24132,-0.045976
24133,-0.001347
24134,0.026460
24135,0.062578
24136,0.063849
24137,0.043378
24138,0.030275
24139,0.002855
24140,-0.015560
24141,-0.024606
24142,-0.013162
24143,0.016782
24144,0.002497
24145,-0.021807
24146,-0.005233
24147,0.027921
24148,0.023409
24149,0.024708
24150,0.014136
24151,0.022920
24152,-0.013144
24153,-0.073823
24154,-0.116066
24155,-0.080033
24156,-0.020807
24157,0.005974
24158,0.040762
24159,0.071650
24160,0.086027
24161,0.099580
24162,0.065088
24163,-0.007223
24164,-0.029927
24165,-0.055245
24166,-0.109784
24167,-0.087333
24168,-0.046750
24169,0.005851
24170,0.033050
24171,0.087546
24172,0.022690
24173,0.005121
24174,0.017770
24175,-0.006638
24176,-0.016743
24177,0.040644
24178,-0.037987
24179,-0.048491
24180,-0.040937
24181,-0.076261
24182,-0.050446
24183,-0.021490
24184,0.043385
24185,0.077635
24186,0.050227
24187,-0.006597
24188,0.005175
24189,0.051884
24190,0.053309
24191,0.049414
24192,0.024536
24193,-0.033956
24194,-0.062163
24195,-0.078603
24196,-0.072729
24197,0.016765
24198,0.060667
24199,0.022110
24200,0.029742
24201,0.005063
24202,-0.024531
24203,-0.018132
24204,-0.023817
24205,-0.063727
24206,-0.041650
24207,0.020752
24208,0.007074
24209,0.029206
24210,0.064765
24211,0.023942
24212,-0.028015
24213,-0.054956
24214,-0.080400
24215,-0.060470
24216,0.005551
24217,0.060922
24218,0.032468
24219,0.036354
24220,0.061226
24221,0.084308
24222,0.016609
24223,-0.044155
24224,-0.060390
24225,-0.070035
24226,-0.042187
24227,0.006336
24228,0.031596
24229,0.032852
24230,0.016649
24231,0.041867
24232,-0.004568
24233,-0.016665
24234,-0.013116
24235,-0.053517
24236,-0.045226
24237,-0.048204
24238,-0.000543
24239,0.032472
24240,0.067817
24241,0.018622
24242,0.062739
24243,0.052401
24244,0.024157
24245,-0.006412
24246,-0.082863
24247,-0.088007
24248,-0.067697
24249,-0.056207
24250,-0.039550
24251,0.041811
24252,0.067982
24253,0.077609
24254,0.069516
24255,0.010373
24256,0.033951
24257,0.042422
24258,-0.045520
24259,-0.065581
24260,-0.039903
24261,-0.016389
24262,-0.001519
24263,0.017403
24264,0.016921
24265,-0.056053
24266,-0.050076
24267,-0.035263
24268,-0.011851
24269,0.024515
24270,0.033382
24271,0.012228
24272,-0.013174
24273,0.001783
24274,0.047074
24275,0.054958
24276,0.078301
24277,0.030325
24278,-0.004697
24279,-0.039974
24280,-0.069221
24281,-0.097412
24282,-0.047433
24283,0.039507
24284,0.042703
24285,0.050281
24286,0.063349
24287,0.010344
24288,0.025308
24289,-0.020867
24290,-0.038679
24291,-0.040876
24292,-0.097499
24293,-0.042094
24294,0.008025
24295,0.016989
24296,0.062521
24297,0.074754
24298,0.069880
24299,0.026299
24300,0.026329
24301,-0.021271
24302,-0.042064
24303,0.006191
24304,0.009400
24305,-0.017997
24306,-0.052717
24307,-0.092836
24308,-0.041268
24309,-0.003140
24310,0.036678
24311,0.027271
24312,-0.027360
24313,-0.038194
24314,-0.088502
24315,-0.074537
24316,0.035302
24317,0.111660
24318,0.109483
24319,0.097924
24320,0.058177
24321,-0.005218
24322,-0.058386
24323,-0.087261
24324,-0.067692
24325,-0.037562
24326,0.000317
24327,0.008269
24328,0.059456
24329,0.073108
24330,0.047115
24331,0.037591
24332,0.014941
24333,0.020221
24334,0.006331
24335,-0.035615
24336,-0.033867
24337,-0.071927
24338,-0.099409
24339,0.000135
24340,0.033735
24341,-0.000368
24342,0.005349
24343,0.008242
24344,0.019317
24345,0.047366
24346,0.018970
24347,0.025617
24348,0.026252
24349,-0.007233
24350,-0.025603
24351,-0.024003
24352,-0.033412
24353,-0.001472
24354,0.007011
24355,0.005807
24356,-0.017908
24357,-0.030497
24358,-0.069470
24359,-0.029778
24360,0.017872
24361,0.005631
24362,0.008063
24363,0.043346
24364,0.086323
24365,0.053745
24366,0.023764
24367,0.018830
24368,-0.017935
24369,-0.052061
24370,-0.052744
24371,-0.065081
24372,-0.037495
24373,-0.052619
24374,-0.007209
24375,0.082190
24376,0.074535
24377,0.110968
24378,0.028181
24379,-0.040105
24380,-0.036237
24381,-0.055566
24382,-0.025590
24383,-0.000710
24384,-0.009197
24385,0.002870
24386,-0.005471
24387,0.022530
24388,0.054298
24389,0.069563
24390,0.076810
24391,0.055664
24392,-0.042781
24393,-0.093207
24394,-0.104239
24395,144.623291
24396,137.400421
24397,2.574085
24398,1710.612427
24399,268.908447
24400,-2.972921
24401,-13.040537
24402,-13.281163
24403,-15.657054
24404,-10.374472
24405,-10.619530
24406,-4.571476
24407,3.891177
24408,51.994095
24409,72.349434
24410,40.059437
24411,0.980257
24412,-7.647613
24413,-16.192251
24414,-25.970873
24415,-46.168694
24416,-67.231529
24417,-70.418045
24418,-27.281309
24419,34.458004
24420,58.732727
24421,54.951370
24422,57.023838
24423,40.581276
24424,7.853231
24425,-18.815964
24426,-32.259659
24427,-39.465527
24428,-34.926979
24429,-17.013016
24430,-5.291974
24431,10.570178
24432,48.535469
24433,45.909611
24434,11.111629
24435,-19.112682
24436,-41.585426
24437,-52.753277
24438,-19.901045
24439,24.127237
24440,28.838865
24441,19.439188
24442,2.746732
24443,-11.130512
24444,-26.016687
24445,-30.356365
24446,9.216151
24447,26.530041
24448,44.048191
24449,26.834944
24450,11.687264
24451,-832.673035
24452,0.000000
24453,6.789166
24454,2293.974609
24455,984.309509
24456,2217.043701
24457,2288.154297
24458,946.223389
24459,2242.060303
24460,1032.878052
24461,2251.814697
24462,2065.413086
24463,1674.834961
24464,750.854614
24465,905.526550
24466,2207.732422
24467,837.403687
24468,940.680359
24469,2046.893311
24470,768.814941
24471,1046.689941
24472,1112.256470
24473,1440.407349
24474,1129.747070
24475,2087.018311
24476,2020.000854
24477,1896.924438
24478,896.619995
24479,1407.697632
24480,-0.136732
24481,-0.085287
24482,-0.012856
24483,0.023380
24484,0.070987
24485,0.091781
24486,0.056900
24487,0.045318
24488,0.000221
24489,-0.038190
24490,-0.040690
24491,-0.063198
24492,-0.000311
24493,0.047212
24494,-0.011697
24495,-0.032813
24496,0.031753
24497,0.066660
24498,0.033595
24499,0.023164
24500,0.038087
24501,0.004208
24502,-0.014074
24503,-0.021280
24504,-0.025767
24505,-0.054018
24506,-0.007833
24507,0.002764
24508,-0.050023
24509,-0.081875
24510,-0.044678
24511,0.052041
24512,0.132657
24513,0.138412
24514,0.084400
24515,-0.013939
24516,-0.039752
24517,-0.031860
24518,-0.036811
24519,-0.043165
24520,-0.065637
24521,-0.059664
24522,0.020488
24523,0.046470
24524,0.051483
24525,0.018217
24526,-0.050669
24527,-0.036989
24528,-0.076750
24529,-0.068986
24530,0.008391
24531,0.010361
24532,0.005710
24533,0.034593
24534,-0.008409
24535,-0.005395
24536,0.030497
24537,0.054297
24538,0.059476
24539,0.036331
24540,0.012493
24541,-0.007772
24542,-0.061162
24543,-0.025577
24544,0.008738
24545,-0.001219
24546,0.012015
24547,-0.005799
24548,-0.047171
24549,-0.031099
24550,0.007144
24551,0.011895
24552,0.026369
24553,0.050261
24554,0.032520
24555,-0.027594
24556,-0.046680
24557,-0.046950
24558,-0.010711
24559,0.037701
24560,0.077292
24561,0.053285
24562,-0.038734
24563,-0.057862
24564,-0.019864
24565,0.004046
24566,0.052278
24567,0.057449
24568,0.011942
24569,-0.097113
24570,-0.115327
24571,-0.067102
24572,-0.041909
24573,0.019727
24574,0.084403
24575,0.052473
24576,-0.034983
24577,-0.041072
24578,0.014901
24579,-0.003610
24580,0.021659
24581,0.069043
24582,0.062573
24583,-0.004353
24584,-0.042206
24585,0.001640
24586,-0.016457
24587,0.003162
24588,0.054163
24589,0.049240
24590,0.000806
24591,-0.006071
24592,-0.047143
24593,-0.042014
24594,-0.048864
24595,-0.035649
24596,-0.024517
24597,-0.046343
24598,-0.017695
24599,0.026142
24600,0.058937
24601,0.056431
24602,0.024348
24603,0.013184
24604,-0.024703
24605,0.019083
24606,0.015688
24607,-0.018716
24608,-0.029481
24609,-0.010915
24610,-0.022050
24611,-0.005472
24612,-0.027894
24613,-0.046265
24614,0.061186
24615,0.036198
24616,-0.023452
24617,0.055734
24618,0.046715
24619,0.023336
24620,0.039587
24621,-0.014716
24622,-0.049755
24623,-0.057188
24624,-0.054518
24625,-0.008991
24626,0.035990
24627,-0.004120
24628,-0.010721
24629,0.015793
24630,0.027909
24631,0.115580
24632,0.053652
24633,-0.097715
24634,-0.107277
24635,-0.117096
24636,-0.034880
24637,0.059788
24638,0.044794
24639,0.027338
24640,0.004521
24641,0.032590
24642,0.029558
24643,0.006125
24644,-0.003448
24645,-0.016152
24646,-0.018354
24647,-0.027733
24648,-0.021804
24649,-0.005816
24650,-0.004851
24651,-0.050793
24652,-0.063145
24653,-0.015255
24654,0.037055
24655,0.082709
24656,0.041847
24657,-0.012703
24658,-0.051003
24659,-0.007894
24660,0.010176
24661,0.027353
24662,0.036412
24663,0.016411
24664,0.011235
24665,0.024716
24666,0.031998
24667,0.066916
24668,-0.018789
24669,-0.069640
24670,-0.008300
24671,0.023362
24672,-0.016146
24673,-0.022572
24674,-0.023978
24675,-0.003973
24676,-0.017984
24677,-0.055908
24678,-0.032284
24679,-0.011005
24680,-0.024596
24681,-0.007237
24682,0.017431
24683,-0.016674
24684,0.013905
24685,0.077964
24686,0.041305
24687,0.028387
24688,0.012092
24689,-0.001643
24690,-0.006630
24691,-0.010679
24692,-0.001412
24693,0.024511
24694,-0.036934
24695,-0.007789
24696,0.003427
24697,-0.031080
24698,-0.053181
24699,-0.067914
24700,-0.037331
24701,0.066463
24702,0.059399
24703,0.017680
24704,0.024317
24705,-0.015953
24706,-0.005803
24707,-0.005224
24708,0.024562
24709,0.031958
24710,0.012623
24711,0.016675
24712,-0.034843
24713,-0.066764
24714,0.012784
24715,0.077964
24716,0.075552
24717,0.027979
24718,-0.052110
24719,-0.069788
24720,-0.040814
24721,-0.020046
24722,-0.007608
24723,-0.032068
24724,-0.043605
24725,-0.012792
24726,0.010398
24727,0.022379
24728,0.045002
24729,0.028691
24730,0.029014
24731,-0.019978
24732,-0.051724
24733,-0.047432
24734,-0.039833
24735,-0.030179
24736,-0.007804
24737,0.046084
24738,0.033456
24739,0.056922
24740,0.009373
24741,-0.036472
24742,-0.047745
24743,0.022272
24744,0.083477
24745,0.060335
24746,0.057361
24747,-0.006253
24748,-0.080439
24749,-0.079699
24750,-0.051695
24751,-0.004191
24752,-0.022818
24753,-0.000699
24754,0.009337
24755,0.030184
24756,0.068093
24757,0.039862
24758,0.000964
24759,0.004172
24760,0.005960
24761,-0.031406
24762,-0.053360
24763,-0.034590
24764,0.008730
24765,0.014291
24766,0.015344
24767,0.002940
24768,-0.038933
24769,-0.077596
24770,-0.061778
24771,0.009816
24772,0.044382
24773,0.059717
24774,0.063427
24775,0.026008
24776,0.042786
24777,0.022522
24778,0.001419
24779,-0.003059
24780,-0.039045
24781,-0.099177
24782,-0.065882
24783,-0.054384
24784,-0.065726
24785,-0.028050
24786,-0.003688
24787,0.077923
24788,0.065724
24789,0.065850
24790,0.108145
24791,0.103659
24792,0.070266
24793,-0.050659
24794,-0.048033
24795,-0.056168
24796,-0.046215
24797,-0.062859
24798,-0.049234
24799,-0.005192
24800,0.022006
24801,-0.002940
24802,0.019573
24803,0.010942
24804,-0.001529
24805,-0.017649
24806,-0.029946
24807,-0.017474
24808,-0.010934
24809,0.012945
24810,0.036593
24811,0.036217
24812,-0.003069
24813,0.012561
24814,0.047303
24815,0.015596
24816,-0.001568
24817,-0.010276
24818,-0.000043
24819,-0.021361
24820,-0.050959
24821,-0.029751
24822,-0.017651
24823,-0.026208
24824,0.001337
24825,-0.025763
24826,0.002774
24827,0.035948
24828,0.050191
24829,0.027319
24830,-0.008869
24831,0.000948
24832,-0.009629
24833,0.024009
24834,0.033405
24835,0.017364
24836,0.048395
24837,0.021507
24838,-0.026837
24839,-0.088120
24840,-0.096550
24841,-0.076301
24842,0.001654
24843,0.031185
24844,0.028140
24845,0.014965
24846,0.020626
24847,0.058457
24848,0.053888
24849,0.028105
24850,0.024456
24851,-0.042284
24852,-0.071394
24853,-0.031712
24854,-0.011906
24855,-0.015547
24856,0.012457
24857,0.065574
24858,0.066841
24859,0.030574
24860,-0.009069
24861,0.006184
24862,-0.034175
24863,-0.036456
24864,-0.034909
24865,-0.042843
24866,-0.040371
24867,-0.088303
24868,-0.048006
24869,0.026263
24870,0.036325
24871,0.070066
24872,0.054020
24873,-0.020520
24874,0.017911
24875,0.019185
24876,-0.028218
24877,0.030224
24878,0.033952
24879,0.015829
24880,0.045103
24881,0.012401
24882,-0.013235
24883,-0.034418
24884,-0.049388
24885,-0.004066
24886,0.009680
24887,0.040325
24888,0.011232
24889,-0.030183
24890,-0.012456
24891,-0.050713
24892,-0.042149
24893,-0.032776
24894,-0.046277
24895,-0.002586
24896,0.001392
24897,0.031028
24898,0.044660
24899,0.018366
24900,0.026887
24901,-0.021978
24902,-0.002675
24903,0.082333
24904,0.001199
24905,-0.039845
24906,-0.058834
24907,-0.025832
24908,-0.018927
24909,-0.001267
24910,0.061031
24911,0.040184
24912,-0.016402
24913,0.022042
24914,0.071040
24915,0.057083
24916,-0.031853
24917,-0.075275
24918,-0.036911
24919,-0.063497
24920,-0.045635
24921,0.039884
24922,0.037744
24923,0.025029
24924,0.059334
24925,-0.007407
24926,-0.011943
24927,-0.043870
24928,-0.042889
24929,-0.011518
24930,0.016665
24931,0.006383
24932,-0.004771
24933,0.029028
24934,0.006239
24935,0.031299
24936,0.012283
24937,-0.050555
24938,-0.048367
24939,-0.006908
24940,0.000410
24941,0.026852
24942,0.029729
24943,-0.012221
24944,-0.013565
24945,-0.028123
24946,-0.061069
24947,-0.061810
24948,-0.037050
24949,-0.023200
24950,0.043881
24951,0.105093
24952,0.081156
24953,0.050031
24954,0.014943
24955,0.034656
24956,0.003335
24957,-0.011716
24958,0.000859
24959,-0.053824
24960,-0.030553
24961,-0.031427
24962,-0.006935
24963,0.002757
24964,-0.024055
24965,0.002427
24966,0.030802
24967,0.003955
24968,0.041090
24969,0.071540
24970,-0.007492
24971,-0.057124
24972,-0.083153
24973,-0.087608
24974,-0.057391
24975,-0.036363
24976,0.018586
24977,0.046652
24978,0.013196
24979,0.032310
24980,0.056851
24981,0.021245
24982,0.007822
24983,0.030607
24984,0.037709
24985,0.026449
24986,0.033385
24987,0.009912
24988,-0.017348
24989,-0.054164
24990,-0.076666
24991,-0.063410
24992,-0.035394
24993,-0.001119
24994,-0.000228
24995,0.039486
24996,0.075551
24997,0.038969
24998,-0.007375
24999,-0.009537
25000,-0.014827
25001,-0.049324
25002,0.013634
25003,0.000069
25004,0.005362
25005,0.011842
25006,-0.018925
25007,0.016247
25008,0.040604
25009,-0.008136
25010,-0.022930
25011,0.029436
25012,-0.012969
25013,-0.044334
25014,0.002763
25015,0.041960
25016,0.035899
25017,-0.021859
25018,-0.077271
25019,-0.025816
25020,-0.001439
25021,0.002408
25022,0.012667
25023,-0.011999
25024,-0.017946
25025,-0.005366
25026,-0.000505
25027,0.066216
25028,0.067768
25029,0.030613
25030,0.015910
25031,-0.023415
25032,-0.075802
25033,-0.056590
25034,-0.032874
25035,-0.025624
25036,-0.006183
25037,-0.007751
25038,0.008659
25039,0.040987
25040,0.078140
25041,0.074565
25042,0.063073
25043,0.045511
25044,-0.012928
25045,-0.039798
25046,-0.035523
25047,-0.052665
25048,-0.037481
25049,0.014739
25050,-0.000109
25051,-0.004114
25052,0.002139
25053,0.010937
25054,0.002070
25055,-0.009855
25056,0.001155
25057,-0.002273
25058,0.011002
25059,-0.012521
25060,-0.020570
25061,0.015762
25062,0.026886
25063,-0.002109
25064,0.001877
25065,-0.000419
25066,-0.067608
25067,-0.063349
25068,-0.029800
25069,0.023031
25070,0.023733
25071,0.042392
25072,0.060140
25073,-0.012951
25074,-0.020777
25075,0.047463
25076,0.004021
25077,-0.041870
25078,-0.055225
25079,-0.008051
25080,0.045332
25081,0.000235
25082,-0.067681
25083,-0.054175
25084,-0.032020
25085,0.034893
25086,0.086709
25087,0.069983
25088,0.058409
25089,0.017817
25090,0.032322
25091,-0.032429
25092,-0.073399
25093,-0.006012
25094,-0.001909
25095,0.002363
25096,-0.008455
25097,-0.021239
25098,-0.022988
25099,0.018622
25100,0.009837
25101,-0.059738
25102,-0.080101
25103,-0.027939
25104,0.079701
25105,0.153751
25106,0.082882
25107,0.007614
25108,-0.023511
25109,-0.047246
25110,-0.068284
25111,-0.054180
25112,-0.036195
25113,-0.004762
25114,0.011976
25115,0.015397
25116,-0.028229
25117,-0.044021
25118,0.008678
25119,0.008004
25120,-0.022359
25121,-0.030515
25122,0.009679
25123,0.064659
25124,0.006294
25125,-0.004743
25126,0.053062
25127,0.089017
25128,0.058488
25129,0.041265
25130,0.015688
25131,0.022803
25132,-0.018475
25133,-0.055198
25134,-0.089733
25135,-0.102012
25136,-0.061823
25137,-0.044494
25138,0.027619
25139,0.039239
25140,0.029298
25141,0.069546
25142,0.039978
25143,-0.027841
25144,-0.016450
25145,-0.005636
25146,0.041522
25147,0.042411
25148,0.011068
25149,0.015180
25150,-0.009351
25151,-0.029784
25152,-0.065294
25153,-0.072627
25154,-0.026582
25155,0.026763
25156,0.057952
25157,0.009989
25158,-0.009443
25159,0.020683
25160,0.003288
25161,-0.010580
25162,-0.033754
25163,-0.047865
25164,0.020981
25165,0.055348
25166,0.027060
25167,-0.024956
25168,-0.049706
25169,-0.017039
25170,-0.058665
25171,0.003739
25172,0.100229
25173,0.065963
25174,0.048144
25175,-0.011671
25176,-0.017748
25177,0.065221
25178,0.046797
25179,0.024442
25180,413.337311
25181,474.432526
25182,5.093161
25183,529.969299
25184,2.585491
25185,-9.496127
25186,-2.659012
25187,-14.504134
25188,-6.304583
25189,17.042509
25190,40.011810
25191,44.976154
25192,11.097002
25193,-16.310064
25194,-25.786680
25195,-58.164585
25196,-55.081535
25197,-22.847250
25198,19.231260
25199,56.454414
25200,59.357986
25201,41.426914
25202,16.264462
25203,6.463580
25204,2.637853
25205,-20.324072
25206,-47.081661
25207,-65.532707
25208,-49.933659
25209,-10.922197
25210,24.851719
25211,49.350540
25212,30.328815
25213,7.963241
25214,-2.070215
25215,10.426890
25216,17.981970
25217,17.993620
25218,-20.145876
25219,-27.524181
25220,-4.465830
25221,16.304771
25222,5.395513
25223,-0.921515
25224,-5.496240
25225,-18.332024
25226,-21.675676
25227,-12.354609
25228,-2.925574
25229,18.714584
25230,17.173052
25231,-9.532001
25232,-13.043012
25233,-10.133462
25234,-0.045613
25235,-0.088327
25236,-0.062217
25237,-0.047513
25238,-0.031405
25239,-0.017387
25240,-0.078709
25241,-0.067889
25242,-0.005037
25243,0.067019
25244,0.122472
25245,0.127723
25246,0.116683
25247,0.040817
25248,-0.065765
25249,-0.136979
25250,-0.160898
25251,-0.100968
25252,-0.025922
25253,0.053027
25254,0.098883
25255,0.063069
25256,-0.011728
25257,-0.011635
25258,0.020549
25259,-0.000448
25260,0.079067
25261,0.110660
25262,0.049849
25263,0.022281
25264,0.017362
25265,-0.063170
25266,-0.094287
25267,-0.088039
25268,-0.072282
25269,-0.045099
25270,0.007499
25271,0.036488
25272,0.096557
25273,0.068344
25274,0.024163
25275,-0.012672
25276,-0.102267
25277,-0.096518
25278,-0.010885
25279,0.045429
25280,0.060837
25281,0.015442
25282,-0.016594
25283,-0.063905
25284,-0.066779
25285,-0.054909
25286,0.004168
25287,0.061160
25288,0.096064
25289,0.097315
25290,0.068220
25291,0.057327
25292,0.023808
25293,-0.073155
25294,-0.108542
25295,-0.116527
25296,-0.103999
25297,-0.030635
25298,0.060058
25299,0.077665
25300,0.081547
25301,0.036629
25302,-0.026298
25303,-0.045017
25304,-0.043366
25305,0.020064
25306,0.044964
25307,-0.008801
25308,-0.010580
25309,0.004551
25310,0.016386
25311,-0.003031
25312,-0.002109
25313,-0.022125
25314,-0.018852
25315,0.019219
25316,0.060884
25317,0.045910
25318,-0.003377
25319,0.001186
25320,-0.035509
25321,-0.020208
25322,-0.051210
25323,-0.081353
25324,-0.016983
25325,-0.003237
25326,-0.027487
25327,-0.005320
25328,-0.014509
25329,0.028380
25330,0.004233
25331,-0.019421
25332,-0.033836
25333,-0.006864
25334,0.000060
25335,0.025533
25336,0.043389
25337,0.049606
25338,0.073690
25339,0.015324
25340,-0.003486
25341,-0.042339
25342,-0.064036
25343,-0.035843
25344,-0.019073
25345,0.000026
25346,0.020906
25347,0.064032
25348,0.052601
25349,0.007243
25350,0.013029
25351,0.004296
25352,-0.010972
25353,-0.007776
25354,-0.032241
25355,-0.049132
25356,-0.025337
25357,-0.063213
25358,0.001711
25359,0.037582
25360,0.061666
25361,0.067470
25362,-0.000636
25363,0.003832
25364,0.036454
25365,-0.008290
25366,-0.002297
25367,-0.020360
25368,-0.002360
25369,0.018450
25370,-0.034392
25371,-0.045768
25372,-0.028864
25373,-0.022307
25374,-0.031857
25375,-0.021118
25376,-0.030501
25377,0.012069
25378,0.073612
25379,0.096235
25380,0.051245
25381,-0.008871
25382,-0.007359
25383,-0.025813
25384,0.070964
25385,0.055041
25386,-0.044636
25387,-0.067495
25388,-0.111455
25389,-0.114254
25390,-0.019611
25391,0.041653
25392,0.034464
25393,0.026434
25394,0.034730
25395,0.035162
25396,0.016420
25397,0.042836
25398,0.064415
25399,0.020254
25400,0.015658
25401,-0.021680
25402,-0.064975
25403,-0.091154
25404,-0.070342
25405,-0.065009
25406,-0.039499
25407,0.036516
25408,0.065434
25409,0.013909
25410,-0.043150
25411,-0.046716
25412,-0.010421
25413,0.087491
25414,0.014599
25415,0.009325
25416,0.080274
25417,0.041175
25418,0.004384
25419,-0.014326
25420,-0.023371
25421,-0.004312
25422,0.018589
25423,-0.028287
25424,-0.039314
25425,-0.045051
25426,-0.024137
25427,0.016365
25428,0.049293
25429,0.052682
25430,0.052383
25431,-0.014150
25432,-0.064921
25433,-0.051999
25434,-0.043511
25435,-0.046382
25436,-0.023677
25437,-0.005651
25438,0.001966
25439,0.030378
25440,0.058077
25441,0.066120
25442,0.037310
25443,-0.014891
25444,-0.038938
25445,-0.063273
25446,-0.083777
25447,-0.051513
25448,0.019442
25449,0.041223
25450,-0.002250
25451,0.018570
25452,0.031699
25453,0.022094
25454,-0.003089
25455,-0.012448
25456,0.051400
25457,0.082118
25458,0.023324
25459,-0.029643
25460,-0.078877
25461,-0.108681
25462,-0.020398
25463,-0.039754
25464,-0.013119
25465,0.038386
25466,0.028747
25467,0.070005
25468,0.042738
25469,0.041598
25470,0.053119
25471,0.036786
25472,-0.012811
25473,-0.053588
25474,-0.014050
25475,-0.025942
25476,-0.030057
25477,-0.003636
25478,0.004508
25479,-0.042651
25480,-0.041878
25481,-0.008538
25482,0.009268
25483,0.024967
25484,436.511353
25485,483.932831
25486,5.389394
25487,506.933563
25488,-2.664793
25489,8.492466
25490,39.933601
25491,52.899841
25492,28.554434
25493,-12.628383
25494,-43.034374
25495,-42.651299
25496,-24.114660
25497,-7.088367
25498,2.213682
25499,36.045010
25500,20.427008
25501,-11.390355
25502,-32.499062
25503,-5.722726
25504,16.205872
25505,32.883667
25506,25.616060
25507,3.461213
25508,-6.695430
25509,-10.645625
25510,-7.632680
25511,2.623504
25512,-11.497711
25513,-23.307043
25514,-4.757911
25515,8.233239
25516,16.831989
25517,31.905516
25518,12.840601
25519,-0.665527
25520,-19.474731
25521,-20.927710
25522,-8.436009
25523,-17.171879
25524,-10.996319
25525,-16.820122
25526,-21.284184
25527,-2.633443
25528,10.247049
25529,29.724352
25530,44.760250
25531,35.449924
25532,27.267736
25533,11.312832
25534,-22.274551
25535,-53.035538
25536,-41.821827
25537,1.507644
25538,0.023993
25539,0.043068
25540,0.021768
25541,-0.012849
25542,-0.023354
25543,-0.033553
25544,-0.018359
25545,-0.036791
25546,-0.014202
25547,0.019734
25548,-0.035776
25549,-0.031069
25550,0.004866
25551,0.029797
25552,0.059754
25553,0.046160
25554,0.022550
25555,0.062155
25556,0.059123
25557,0.038743
25558,0.005396
25559,-0.030700
25560,-0.061298
25561,-0.068806
25562,-0.057961
25563,-0.042520
25564,-0.021339
25565,0.010169
25566,0.027821
25567,0.055801
25568,0.023182
25569,0.021733
25570,0.035129
25571,-0.021092
25572,-0.088097
25573,-0.076873
25574,0.000402
25575,0.002550
25576,-0.003576
25577,-0.007874
25578,0.025980
25579,0.071909
25580,0.044420
25581,0.008570
25582,0.036879
25583,0.030128
25584,-0.012227
25585,0.015306
25586,0.011909
25587,-0.057369
25588,-0.050427
25589,-0.046956
25590,-0.032790
25591,0.043086
25592,0.025847
25593,0.030227
25594,0.009040
25595,-0.026540
25596,-0.027346
25597,-0.047682
25598,-0.047184
25599,-0.029212
25600,0.009263
25601,0.003318
25602,-0.027468
25603,-0.007241
25604,0.029360
25605,0.003071
25606,0.025958
25607,0.041049
25608,0.005030
25609,0.025797
25610,-0.012772
25611,-0.001154
25612,0.051662
25613,0.062642
25614,0.051108
25615,-0.005478
25616,-0.091054
25617,-0.084267
25618,-0.058099
25619,-0.010309
25620,-0.018178
25621,0.032176
25622,0.064383
25623,0.017538
25624,-0.012154
25625,0.000261
25626,-0.001537
25627,-0.008630
25628,0.021377
25629,0.014398
25630,-0.056917
25631,-0.065719
25632,-0.040029
25633,-0.004640
25634,0.036645
25635,0.054636
25636,0.033119
25637,0.012874
25638,-0.039613
25639,-0.058359
25640,-0.003645
25641,0.079225
25642,0.077607
25643,0.086259
25644,-0.004931
25645,-0.096421
25646,-0.055895
25647,-0.054406
25648,-0.017415
25649,0.023076
25650,0.032996
25651,0.014318
25652,-0.023415
25653,-0.037189
25654,0.013840
25655,0.039390
25656,0.039682
25657,-0.029147
25658,-0.008121
25659,-0.010037
25660,-0.034149
25661,0.007120
25662,-0.026429
25663,-0.007499
25664,0.014722
25665,-0.008240
25666,0.006676
25667,0.000447
25668,-0.018032
25669,0.015460
25670,0.004292
25671,-0.003690
25672,0.019252
25673,0.009731
25674,-0.009423
25675,-0.025034
25676,0.015377
25677,0.030108
25678,-0.006711
25679,0.026684
25680,0.019282
25681,-0.060319
25682,-0.070679
25683,-0.024510
25684,0.028372
25685,0.096331
25686,0.076939
25687,0.021638
25688,-0.015493
25689,-0.079089
25690,-0.053557
25691,-0.041907
25692,-0.011817
25693,0.011236
25694,-0.023042
25695,-0.049061
25696,0.024810
25697,0.049588
25698,0.071976
25699,0.058273
25700,-0.002805
25701,-0.000345
25702,-0.008754
25703,-0.057457
25704,-0.016828
25705,-0.011281
25706,0.001191
25707,0.038433
25708,0.008821
25709,-0.021719
25710,0.021799
25711,-0.035208
25712,-0.068972
25713,-0.034827
25714,-0.030994
25715,-0.005383
25716,0.035469
25717,0.073295
25718,0.068287
25719,-0.010569
25720,-0.044875
25721,-0.053904
25722,-0.030949
25723,0.016995
25724,0.057543
25725,0.001865
25726,0.001481
25727,-0.002185
25728,0.045310
25729,0.028634
25730,-0.030688
25731,0.037560
25732,0.049820
25733,-0.045066
25734,-0.023437
25735,-0.026082
25736,-0.036398
25737,-0.024970
25738,-0.010394
25739,0.008995
25740,0.046423
25741,0.060418
25742,0.026595
25743,-0.024171
25744,-0.040148
25745,-0.023474
25746,0.013020
25747,0.006428
25748,-0.013509
25749,0.007421
25750,-0.013351
25751,0.008827
25752,0.009349
25753,-0.038152
25754,-0.039477
25755,0.000929
25756,0.029129
25757,0.026750
25758,0.002771
25759,-0.011559
25760,-0.049268
25761,-0.058838
25762,0.006582
25763,0.041512
25764,0.035237
25765,0.009670
25766,0.022162
25767,0.026352
25768,-0.004653
25769,-0.028175
25770,-0.002819
25771,0.014385
25772,0.001487
25773,-0.046239
25774,-0.038619
25775,-0.029732
25776,-0.031537
25777,-0.016709
25778,0.016139
25779,0.027506
25780,0.055050
25781,0.049572
25782,0.010546
25783,-0.007476
25784,0.029484
25785,0.033098
25786,-0.032696
25787,-0.038068
25788,-0.060318
25789,-0.050523
25790,0.002685
25791,0.044862
25792,0.008846
25793,0.003812
25794,-0.011623
25795,-0.023121
25796,-0.016391
25797,0.004806
25798,-0.018513
25799,-0.024790
25800,0.028423
25801,0.053842
25802,0.087974
25803,0.068825
25804,0.012481
25805,-0.057614
25806,-0.093031
25807,-0.049326
25808,-0.025745
25809,-0.036427
25810,0.000761
25811,0.061154
25812,0.058923
25813,0.001885
25814,0.002890
25815,-0.056449
25816,-0.080045
25817,0.002641
25818,0.059203
25819,0.047541
25820,0.095952
25821,0.050169
25822,0.024513
25823,-0.060004
25824,-0.053685
25825,-0.017045
25826,-0.001551
25827,-0.020313
25828,-0.058534
25829,-0.088003
25830,-0.050506
25831,-0.032895
25832,-0.008110
25833,0.087185
25834,0.082552
25835,0.029601
25836,-0.016959
25837,0.043680
25838,0.058324
25839,0.001445
25840,-0.019182
25841,-0.048212
25842,-0.046743
25843,-0.014448
25844,-0.017873
25845,-0.010701
25846,-0.036844
25847,0.004919
25848,0.045429
25849,0.020327
25850,-0.013926
25851,0.007358
25852,0.022119
25853,0.031641
25854,0.036299
25855,-0.004057
25856,0.029379
25857,-0.039196
25858,-0.082017
25859,-0.052146
25860,-0.018504
25861,-0.016967
25862,-0.002414
25863,0.041663
25864,0.016732
25865,0.007919
25866,-0.010705
25867,0.055615
25868,0.097214
25869,0.062896
25870,0.025809
25871,-0.046262
25872,-0.091273
25873,-0.149282
25874,-0.103660
25875,-0.011875
25876,0.021350
25877,0.064823
25878,0.056396
25879,0.044425
25880,-0.012218
25881,-0.065985
25882,-0.038532
25883,0.029909
25884,0.061674
25885,0.083283
25886,0.075290
25887,0.029805
25888,-0.000142
25889,-0.015881
25890,-0.052003
25891,-0.052463
25892,-0.058133
25893,-0.058634
25894,-0.023418
25895,0.000328
25896,-0.000329
25897,0.053415
25898,0.083824
25899,0.094931
25900,0.052146
25901,-0.014806
25902,-0.090108
25903,-0.111302
25904,-0.051898
25905,0.017471
25906,0.042094
25907,0.032276
25908,-0.012666
25909,-0.034240
25910,-0.075175
25911,0.010477
25912,0.029945
25913,0.064623
25914,0.055315
25915,0.024706
25916,-0.009041
25917,-0.019536
25918,-0.043445
25919,-0.023488
25920,-0.001080
25921,-0.017100
25922,0.036344
25923,0.042811
25924,0.026922
25925,0.002235
25926,-0.025243
25927,0.019077
25928,0.039204
25929,-0.027957
25930,-0.054351
25931,-0.029692
25932,0.012699
25933,0.052267
25934,0.021709
25935,-0.031329
25936,-0.067153
25937,-0.058273
25938,-0.016857
25939,-0.047285
25940,-0.022832
25941,-0.014184
25942,0.007023
25943,0.047435
25944,0.036279
25945,0.035267
25946,0.045348
25947,0.028562
25948,0.002085
25949,-0.014132
25950,-0.014876
25951,-0.006152
25952,0.001934
25953,-0.022228
25954,-0.039701
25955,-0.038254
25956,-0.035357
25957,-0.020678
25958,-0.058165
25959,-0.026623
25960,0.012325
25961,-0.001476
25962,0.018352
25963,0.027520
25964,0.076247
25965,0.061999
25966,0.066370
25967,0.035188
25968,0.000259
25969,-0.043983
25970,-0.057808
25971,-0.057916
25972,0.006505
25973,0.008645
25974,0.011132
25975,0.023424
25976,-0.025650
25977,0.005510
25978,0.008345
25979,-0.001748
25980,0.014651
25981,-0.004409
25982,0.037645
25983,0.028139
25984,0.016868
25985,0.015981
25986,-0.040134
25987,-0.064545
25988,-0.062287
25989,-0.058534
25990,-0.005434
25991,0.048219
25992,0.010851
25993,0.012812
25994,0.026315
25995,0.012400
25996,0.032871
25997,0.014010
25998,-0.018686
25999,-0.053227
26000,-0.130087
26001,-0.069020
26002,-0.000804
26003,-0.001670
26004,0.013297
26005,0.080714
26006,0.112712
26007,0.089942
26008,0.098262
26009,0.068418
26010,-0.035333
26011,-0.070149
26012,-0.046018
26013,-0.071646
26014,-0.060013
26015,-0.036231
26016,-0.042411
26017,-0.035396
26018,-0.042805
26019,-0.036157
26020,0.020418
26021,0.081856
26022,0.082707
26023,0.062565
26024,0.045860
26025,0.047964
26026,0.007790
26027,-0.038170
26028,-0.069230
26029,-0.037967
26030,-0.008668
26031,0.049592
26032,0.033416
26033,0.005778
26034,0.009387
26035,0.002561
26036,-0.010368
26037,-0.050079
26038,-0.042565
26039,-0.008581
26040,-0.011695
26041,0.022228
26042,0.040169
26043,0.022794
26044,-0.006716
26045,0.002336
26046,-0.033289
26047,-0.050532
26048,-0.030417
26049,0.013470
26050,0.089272
26051,0.082969
26052,0.035002
26053,0.022790
26054,-0.042877
26055,-0.090159
26056,-0.097517
26057,-0.089549
26058,-0.000853
26059,0.071538
26060,0.110630
26061,0.094603
26062,0.012721
26063,-0.067409
26064,-0.122219
26065,-0.109487
26066,-0.017424
26067,0.088864
26068,0.113037
26069,0.038874
26070,-0.006455
26071,0.006083
26072,-0.004957
26073,-0.037297
26074,-0.026712
26075,-0.032143
26076,-0.013442
26077,-0.015813
26078,0.024056
26079,0.038672
26080,-0.033411
26081,-0.050056
26082,-0.071462
26083,-0.064019
26084,-0.027394
26085,0.044941
26086,0.113430
26087,0.134759
26088,0.086204
26089,0.031337
26090,-0.031618
26091,-0.045971
26092,-0.053705
26093,-0.053123
26094,-0.036833
26095,-0.036562
26096,-0.025474
26097,-0.016842
26098,-0.016279
26099,-0.036184
26100,0.027786
26101,0.049601
26102,0.046966
26103,0.029934
26104,-0.021664
26105,-0.018214
26106,0.019854
26107,0.011707
26108,0.052426
26109,0.037627
26110,-0.011507
26111,0.014380
26112,0.031789
26113,0.029869
26114,-0.000826
26115,-0.061042
26116,-0.036131
26117,-0.029548
26118,-0.016198
26119,-0.022089
26120,-0.025589
26121,-0.017544
26122,-0.052732
26123,-0.044378
26124,-0.042741
26125,0.013572
26126,0.013015
26127,0.054134
26128,0.059336
26129,0.037782
26130,0.003994
26131,-0.010372
26132,-0.036605
26133,-0.069785
26134,-0.033037
26135,-0.007384
26136,0.087820
26137,0.115388
26138,0.085704
26139,0.054878
26140,-0.020081
26141,-0.070883
26142,-0.051567
26143,-0.028144
26144,-0.010291
26145,-0.022869
26146,-0.038400
26147,-0.016659
26148,0.012450
26149,-0.002681
26150,0.012516
26151,0.001549
26152,0.006671
26153,0.000745
26154,-0.009491
26155,-0.010741
26156,-0.000044
26157,0.012860
26158,0.025606
26159,0.013182
26160,0.027193
26161,0.016280
26162,0.020430
26163,0.012370
26164,-0.045828
26165,-0.055527
26166,-0.091540
26167,-0.086237
26168,-0.003750
26169,0.062058
26170,0.073339
26171,0.085748
26172,0.030818
26173,-0.003698
26174,-0.024342
26175,-0.014086
26176,-0.050309
26177,-0.051856
26178,-0.082041
26179,-0.070447
26180,0.027178
26181,0.095262
26182,0.084155
26183,0.061152
26184,-0.005350
26185,-0.072914
26186,-0.049926
26187,-0.017926
26188,0.042282
26189,0.060641
26190,0.079309
26191,0.035661
26192,-0.020892
26193,-0.023643
26194,0.006630
26195,-0.004205
26196,0.028451
26197,-0.013070
26198,-0.074494
26199,-0.068101
26200,-0.074663
26201,-0.038702
26202,-0.005110
26203,0.024929
26204,0.035383
26205,0.007451
26206,0.016587
26207,0.018786
26208,0.014118
26209,-0.034595
26210,-0.024497
26211,-0.008408
26212,-0.024713
26213,0.024540
26214,0.076323
26215,0.053507
26216,0.020777
26217,-0.001273
26218,0.022980
26219,-0.002581
26220,-0.053564
26221,-0.058641
26222,-0.032272
26223,0.022456
26224,0.019715
26225,-0.010993
26226,-0.041450
26227,-0.033580
26228,-0.002189
26229,0.021233
26230,-0.006841
26231,0.006470
26232,0.027399
26233,0.022986
26234,0.041469
26235,-0.006319
26236,-0.019102
26237,0.064052
26238,0.066781
26239,-0.012174
26240,-0.011063
26241,-0.042436
26242,-0.072719
26243,-0.094558
26244,-0.093286
26245,-0.034817
26246,0.045387
26247,0.122337
26248,0.097976
26249,0.064187
26250,-0.003000
26251,-0.059046
26252,-0.084173
26253,-0.107922
26254,-0.086584
26255,-0.012807
26256,0.027165
26257,0.050091
26258,0.053523
26259,0.077396
26260,0.012600
26261,0.005579
26262,0.040197
26263,0.032779
26264,0.031720
26265,-0.000834
26266,-0.088018
26267,-0.086243
26268,-0.047857
26269,0.044474
26270,0.029101
26271,0.024090
26272,0.082711
26273,0.030516
26274,-0.000374
26275,-0.015142
26276,-0.041010
26277,-0.034695
26278,-0.032384
26279,-0.012329
26280,-0.009268
26281,-0.009134
26282,-0.002339
26283,-0.037699
26284,-0.057519
26285,0.011960
26286,0.026984
26287,0.064602
26288,497.800537
26289,509.058685
26290,6.172851
26291,407.729248
26292,25.856302
26293,23.140486
26294,4.724454
26295,-3.882673
26296,-13.224663
26297,-15.699645
26298,-17.371290
26299,-8.900767
26300,1.574894
26301,-5.806695
26302,-24.313509
26303,-12.493722
26304,0.892453
26305,17.308582
26306,40.121738
26307,36.528336
26308,27.957848
26309,4.186133
26310,-40.183292
26311,-48.968079
26312,-25.079155
26313,4.924443
26314,25.369785
26315,11.642825
26316,10.227866
26317,21.369684
26318,-4.454999
26319,-11.368505
26320,12.810207
26321,13.383890
26322,-5.238243
26323,-43.822426
26324,-41.412270
26325,-35.008499
26326,-7.145760
26327,7.090837
26328,9.333902
26329,20.707747
26330,34.450283
26331,20.344500
26332,-9.791112
26333,-13.345247
26334,1.974342
26335,31.711494
26336,37.281322
26337,34.074417
26338,8.198333
26339,-22.707977
26340,-32.713398
26341,-52.971645
26342,0.092255
26343,0.020961
26344,0.033545
26345,-0.009270
26346,-0.045978
26347,-0.025231
26348,-0.015757
26349,0.002908
26350,0.028219
26351,0.030942
26352,0.019505
26353,0.009645
26354,-0.034197
26355,-0.045005
26356,-0.030398
26357,-0.037579
26358,-0.044879
26359,-0.020107
26360,0.011700
26361,0.062232
26362,0.024493
26363,0.040748
26364,0.044025
26365,0.040558
26366,0.000930
26367,-0.041562
26368,-0.071066
26369,-0.063827
26370,-0.027559
26371,0.024959
26372,0.037145
26373,0.009902
26374,-0.033922
26375,-0.032407
26376,0.001918
26377,-0.029410
26378,0.030372
26379,0.050938
26380,0.015795
26381,0.030472
26382,0.018769
26383,0.001445
26384,-0.035273
26385,-0.011371
26386,0.018605
26387,-0.005736
26388,-0.026739
26389,-0.025518
26390,-0.033731
26391,-0.059795
26392,-0.069386
26393,-0.063718
26394,-0.004601
26395,0.099837
26396,0.077514
26397,0.019432
26398,0.002313
26399,0.022209
26400,0.052427
26401,-0.036284
26402,0.021342
26403,0.028212
26404,-0.026764
26405,-0.014396
26406,-0.015960
26407,0.013272
26408,-0.010283
26409,-0.041685
26410,0.039591
26411,0.001449
26412,-0.003567
26413,-0.001258
26414,-0.065970
26415,-0.073021
26416,-0.068409
26417,0.007348
26418,0.069752
26419,0.073242
26420,0.063854
26421,0.049402
26422,0.023401
26423,0.015020
26424,-0.019843
26425,-0.040502
26426,0.000938
26427,-0.031729
26428,-0.000851
26429,0.002224
26430,-0.027600
26431,-0.016377
26432,-0.004437
26433,0.017715
26434,-0.014064
26435,-0.032340
26436,-0.002004
26437,-0.011423
26438,0.019660
26439,0.089323
26440,0.102030
26441,0.052662
26442,-0.035065
26443,-0.115473
26444,-0.114981
26445,-0.106845
26446,-0.034762
26447,0.055000
26448,0.073996
26449,0.057534
26450,0.024371
26451,0.036647
26452,0.010132
26453,0.004923
26454,0.018189
26455,0.019141
26456,-0.022833
26457,-0.071820
26458,-0.043008
26459,-0.013910
26460,0.040779
26461,0.010158
26462,-0.046309
26463,-0.031739
26464,0.013610
26465,0.028996
26466,0.000220
26467,0.009151
26468,0.024375
26469,0.069492
26470,0.064732
26471,-0.012204
26472,-0.036480
26473,-0.022440
26474,-0.086834
26475,-0.093734
26476,-0.019027
26477,0.020129
26478,0.015191
26479,0.014162
26480,0.038913
26481,0.054431
26482,0.026088
26483,0.018805
26484,0.012927
26485,0.003303
26486,-0.029191
26487,-0.056060
26488,-0.096875
26489,-0.063555
26490,0.029266
26491,0.002797
26492,0.009845
26493,0.067555
26494,0.077654
26495,0.060049
26496,0.006036
26497,-0.014223
26498,-0.044606
26499,-0.022955
26500,-0.002496
26501,-0.035065
26502,-0.061954
26503,-0.034453
26504,0.033410
26505,0.026648
26506,0.038319
26507,0.041042
26508,0.027062
26509,-0.034985
26510,-0.005469
26511,0.022002
26512,-0.016593
26513,-0.058558
26514,-0.093640
26515,-0.033946
26516,0.000090
26517,0.004947
26518,0.055806
26519,0.040209
26520,0.049439
26521,0.079637
26522,0.040783
26523,0.002617
26524,-0.018723
26525,-0.034028
26526,-0.040807
26527,-0.040012
26528,-0.028070
26529,-0.003169
26530,0.025746
26531,0.039498
26532,-0.017130
26533,-0.078619
26534,-0.038755
26535,-0.044955
26536,-0.053926
26537,0.025474
26538,0.052355
26539,0.061508
26540,0.050141
26541,0.031635
26542,0.009336
26543,0.023743
26544,0.001523
26545,-0.048348
26546,-0.024969
26547,0.008990
26548,0.022985
26549,0.026226
26550,0.035142
26551,0.009002
26552,-0.019604
26553,-0.059267
26554,-0.067316
26555,-0.015772
26556,-0.005223
26557,0.063067
26558,0.071872
26559,0.016656
26560,-0.035465
26561,-0.048261
26562,-0.051223
26563,-0.021140
26564,-0.002141
26565,0.019104
26566,0.038512
26567,0.031924
26568,0.034479
26569,0.077144
26570,0.015323
26571,-0.042532
26572,-0.057600
26573,-0.098716
26574,-0.111041
26575,-0.058738
26576,0.030392
26577,0.085528
26578,0.071824
26579,0.052558
26580,0.087273
26581,0.041131
26582,-0.009500
26583,-0.043314
26584,-0.040353
26585,-0.018158
26586,-0.017740
26587,-0.011281
26588,0.009803
26589,-0.020435
26590,-0.012591
26591,-0.012131
26592,0.019846
26593,0.025504
26594,0.010938
26595,-0.019492
26596,0.003745
26597,0.031375
26598,0.042501
26599,0.028223
26600,0.007310
26601,-0.042710
26602,-0.068183
26603,-0.033767
26604,-0.035957
26605,-0.035994
26606,-0.028600
26607,-0.008967
26608,0.006759
26609,0.021291
26610,0.047535
26611,0.081004
26612,0.047251
26613,-0.056921
26614,-0.069557
26615,-0.087637
26616,-0.046320
26617,0.015589
26618,0.011582
26619,0.049392
26620,0.064696
26621,0.012674
26622,-0.033647
26623,0.008713
26624,0.019511
26625,0.009048
26626,0.060783
26627,0.042595
26628,0.027221
26629,0.040495
26630,0.023372
26631,-0.036450
26632,-0.066181
26633,-0.056914
26634,-0.056859
26635,-0.000927
26636,0.010425
26637,0.009444
26638,0.047167
26639,0.040257
26640,0.012115
26641,-0.017896
26642,-0.059695
26643,-0.064817
26644,-0.046583
26645,-0.067044
26646,-0.004696
26647,0.023599
26648,0.042013
26649,0.062530
26650,0.046991
26651,0.025388
26652,0.012022
26653,-0.016381
26654,-0.027920
26655,-0.001998
26656,0.015401
26657,-0.016685
26658,-0.069237
26659,-0.072222
26660,-0.070039
26661,-0.019974
26662,0.029107
26663,0.030597
26664,0.090500
26665,0.114590
26666,0.100235
26667,0.005809
26668,-0.066362
26669,-0.057268
26670,-0.042322
26671,-0.053148
26672,-0.002076
26673,0.038144
26674,0.033872
26675,0.040232
26676,0.012307
26677,-0.026584
26678,-0.009038
26679,0.017540
26680,0.014303
26681,-0.025506
26682,-0.097354
26683,-0.019877
26684,0.045391
26685,-0.021591
26686,-0.021730
26687,0.024203
26688,0.007758
26689,0.025038
26690,0.029609
26691,0.005958
26692,0.025751
26693,0.006441
26694,-0.007545
26695,-0.022922
26696,-0.032672
26697,-0.025764
26698,0.028616
26699,0.003454
26700,-0.029212
26701,-0.032626
26702,-0.048011
26703,-0.022393
26704,0.019196
26705,0.034122
26706,0.047011
26707,0.022515
26708,0.015293
26709,0.037495
26710,0.040482
26711,0.024560
26712,0.026091
26713,-0.007542
26714,-0.028943
26715,-0.023379
26716,-0.050204
26717,-0.039423
26718,-0.019802
26719,-0.025914
26720,-0.021067
26721,0.008550
26722,0.031398
26723,0.021851
26724,-0.015059
26725,-0.040033
26726,-0.030369
26727,0.003225
26728,0.068030
26729,0.065422
26730,0.042827
26731,0.012470
26732,-0.036421
26733,-0.034607
26734,-0.038381
26735,-0.023203
26736,-0.033680
26737,-0.032897
26738,0.034528
26739,0.012652
26740,-0.025597
26741,0.007108
26742,-0.012926
26743,-0.023066
26744,0.022568
26745,0.038583
26746,0.010574
26747,0.054846
26748,0.028545
26749,-0.010859
26750,-0.009761
26751,-0.021386
26752,0.012455
26753,0.001443
26754,-0.003073
26755,0.009778
26756,0.007692
26757,0.007177
26758,0.029932
26759,0.007221
26760,-0.032153
26761,-0.041894
26762,-0.010362
26763,-0.000013
26764,-0.043275
26765,-0.040824
26766,0.005940
26767,0.007484
26768,0.039834
26769,-0.019334
26770,-0.030516
26771,-0.016715
26772,-0.034306
26773,0.005306
26774,0.022608
26775,0.049106
26776,0.050927
26777,0.012648
26778,-0.004814
26779,0.000136
26780,-0.015538
26781,-0.030916
26782,-0.003892
26783,-0.015779
26784,-0.006957
26785,0.040026
26786,0.056631
26787,0.044047
26788,-0.014417
26789,-0.052908
26790,-0.072988
26791,-0.059118
26792,-0.043551
26793,0.025068
26794,0.071350
26795,0.038519
26796,-0.003183
26797,-0.023554
26798,-0.031310
26799,-0.009596
26800,0.036853
26801,0.023412
26802,0.004833
26803,0.028945
26804,0.041145
26805,0.031090
26806,0.015468
26807,-0.036625
26808,-0.027120
26809,-0.062596
26810,-0.084801
26811,-0.030433
26812,0.022879
26813,0.066776
26814,0.013097
26815,-0.019305
26816,-0.013899
26817,-0.041032
26818,-0.018883
26819,-0.036062
26820,-0.026202
26821,0.033829
26822,0.063160
26823,0.034775
26824,0.023187
26825,0.022451
26826,0.002079
26827,-0.002758
26828,-0.019771
26829,-0.001043
26830,0.031205
26831,0.044922
26832,0.014686
26833,-0.034268
26834,-0.022095
26835,-0.025973
26836,-0.009175
26837,-0.028028
26838,-0.046263
26839,-0.028001
26840,0.025395
26841,-0.016893
26842,-0.010054
26843,0.036486
26844,0.007465
26845,0.005723
26846,-0.002825
26847,0.005188
26848,-0.004132
26849,0.024705
26850,0.038033
26851,0.071810
26852,0.066216
26853,0.008844
26854,-0.040105
26855,-0.054061
26856,-0.076379
26857,-0.012324
26858,0.008038
26859,0.025640
26860,0.044284
26861,0.006037
26862,-0.017832
26863,-0.038264
26864,-0.008626
26865,0.015279
26866,-0.053205
26867,-0.089784
26868,-0.077643
26869,-0.070774
26870,0.009408
26871,0.062071
26872,0.060713
26873,0.069336
26874,0.052583
26875,-0.008801
26876,-0.022221
26877,-0.009918
26878,-0.026570
26879,-0.017788
26880,-0.004298
26881,0.016651
26882,0.018317
26883,0.023656
26884,0.016607
26885,0.001463
26886,0.031259
26887,0.039021
26888,-0.001742
26889,-0.005013
26890,-0.002271
26891,-0.033574
26892,-0.056121
26893,-0.031254
26894,-0.016751
26895,-0.016761
26896,0.020513
26897,0.053034
26898,0.036904
26899,0.047566
26900,0.015115
26901,-0.004265
26902,-0.002239
26903,-0.025694
26904,-0.057022
26905,-0.095190
26906,-0.014831
26907,0.038212
26908,0.039729
26909,0.035174
26910,-0.011476
26911,0.009410
26912,-0.015685
26913,0.003910
26914,0.004591
26915,-0.028978
26916,0.013980
26917,0.000600
26918,-0.011865
26919,-0.008779
26920,-0.024438
26921,-0.026914
26922,-0.038113
26923,0.012976
26924,0.002302
26925,-0.046860
26926,-0.029557
26927,0.043471
26928,0.056293
26929,0.068527
26930,0.121083
26931,0.061989
26932,0.013943
26933,0.020279
26934,-0.074421
26935,-0.070064
26936,-0.030393
26937,0.003354
26938,-0.003193
26939,-0.024739
26940,-0.050820
26941,-0.004911
26942,0.008817
26943,0.025431
26944,0.026838
26945,-0.010124
26946,0.011498
26947,-0.077191
26948,-0.085816
26949,-0.023992
26950,-0.020177
26951,0.024942
26952,0.083105
26953,0.074431
26954,0.051843
26955,0.057655
26956,0.054163
26957,0.006658
26958,-0.054771
26959,-0.047743
26960,-0.082421
26961,0.005123
26962,0.044542
26963,-0.008366
26964,-0.022911
26965,-0.030540
26966,-0.089692
26967,-0.100010
26968,-0.065313
26969,-0.032629
26970,0.034138
26971,0.064203
26972,0.073472
26973,0.124545
26974,0.088558
26975,0.035790
26976,0.031570
26977,-0.003827
26978,-0.029381
26979,-0.054796
26980,-0.067941
26981,-0.068596
26982,-0.019567
26983,0.017595
26984,0.025706
26985,0.068733
26986,0.070837
26987,0.038154
26988,0.016082
26989,-0.039664
26990,-0.110407
26991,-0.061584
26992,-0.013849
26993,0.009282
26994,0.060381
26995,0.014948
26996,0.004232
26997,-0.000805
26998,-0.019743
26999,-0.026405
27000,-0.012979
27001,-0.016093
27002,0.002817
27003,0.012278
27004,0.014587
27005,0.031787
27006,0.026413
27007,-0.003966
27008,-0.002336
27009,-0.003822
27010,-0.002516
27011,0.024942
27012,0.038701
27013,-0.025091
27014,0.008427
27015,0.026853
27016,-0.005976
27017,-0.022833
27018,-0.003457
27019,-0.035457
27020,0.003643
27021,-0.061369
27022,-0.074519
27023,-0.009389
27024,-0.029182
27025,-0.001358
27026,0.037752
27027,0.001263
27028,0.011826
27029,0.052948
27030,0.052806
27031,0.031639
27032,0.036221
27033,0.012485
27034,-0.018348
27035,-0.058567
27036,0.004829
27037,0.057022
27038,-0.019383
27039,-0.029879
27040,-0.044310
27041,-0.039337
27042,-0.046159
27043,-0.001681
27044,0.020509
27045,0.005419
27046,-0.018162
27047,0.011138
27048,0.010091
27049,0.050244
27050,0.063309
27051,0.050840
27052,0.040488
27053,-0.045844
27054,-0.075296
27055,-0.067736
27056,-0.042863
27057,-0.016952
27058,-0.034799
27059,0.005374
27060,0.072474
27061,0.095347
27062,0.018003
27063,0.045485
27064,-0.005074
27065,-0.027422
27066,-0.009517
27067,-0.022317
27068,-0.041739
27069,-0.039863
27070,-0.034772
27071,-0.014851
27072,-0.021359
27073,-0.057969
27074,-0.016345
27075,0.007632
27076,0.005383
27077,0.010477
27078,0.044972
27079,0.068097
27080,0.035702
27081,0.003763
27082,-0.004402
27083,-0.009636
27084,-0.006443
27085,-0.001299
27086,-0.053130
27087,-0.013850
27088,0.038954
27089,0.004796
27090,0.032688
27091,0.076647
27092,0.018117
27093,-0.030617
27094,-0.040415
27095,-0.041348
27096,-0.055384
27097,-0.053823
27098,-0.063305
27099,-0.009979
27100,0.059490
27101,0.053709
27102,0.078792
27103,0.077930
27104,0.036744
27105,-0.000012
27106,-0.022959
27107,-0.059181
27108,-0.012280
27109,-0.023205
27110,-0.024014
27111,-0.049328
27112,-0.061483
27113,0.010917
27114,0.004348
27115,0.003731
27116,0.009456
27117,-0.004604
27118,0.026615
27119,0.051858
27120,0.023427
27121,0.005624
27122,0.023409
27123,0.034181
27124,0.025870
27125,-0.029612
27126,-0.045176
27127,-0.057820
27128,-0.023901
27129,0.010253
27130,-0.032197
27131,-0.042800
27132,0.011783
27133,0.045247
27134,0.050068
27135,0.020017
27136,0.006466
27137,0.063475
27138,0.043131
27139,0.045767
27140,0.033465
27141,-0.008173
27142,-0.083425
27143,-0.113122
27144,-0.103009
27145,-0.096432
27146,-0.024603
27147,0.016349
27148,0.030610
27149,0.038020
27150,0.080235
27151,0.055341
27152,0.054375
27153,0.040132
27154,-0.040115
27155,-0.028608
27156,-0.036813
27157,-0.058158
27158,-0.038171
27159,-0.010129
27160,-0.034266
27161,-0.031228
27162,0.015242
27163,0.052774
27164,0.116011
27165,0.064525
27166,0.024063
27167,-0.024667
27168,-0.044371
27169,-0.064041
27170,-0.065924
27171,-0.018116
27172,-0.014437
27173,-0.035277
27174,-0.001768
27175,-0.008485
27176,-0.009009
27177,-0.036970
27178,0.029610
27179,0.129889
27180,0.047857
27181,0.009277
27182,0.008680
27183,-0.003048
27184,0.014922
27185,0.056898
27186,0.041551
27187,0.005653
27188,-0.034264
27189,-0.034017
27190,-0.006516
27191,0.001835
27192,-0.003414
27193,-0.037290
27194,-0.037049
27195,-0.065019
27196,-0.052610
27197,-0.011577
27198,-0.002396
27199,-0.011587
27200,0.041212
27201,0.066238
27202,0.030268
27203,0.012639
27204,-0.034652
27205,0.000405
27206,0.005910
27207,0.021324
27208,0.058361
27209,0.016994
27210,-0.034755
27211,-0.042402
27212,-0.049476
27213,-0.051321
27214,-0.017708
27215,0.048491
27216,0.023713
27217,0.003001
27218,-0.011009
27219,-0.009398
27220,0.000380
27221,0.009338
27222,0.015978
27223,-0.000084
27224,0.016461
27225,0.058432
27226,0.048137
27227,0.035654
27228,0.002923
27229,-0.037326
27230,-0.065146
27231,-0.057880
27232,0.042286
27233,0.111882
27234,0.020789
27235,-0.096044
27236,-0.109533
27237,-0.144012
27238,-0.055810
27239,0.043902
27240,0.045993
27241,0.042822
27242,0.037736
27243,0.037611
27244,-0.027456
27245,-0.066351
27246,-0.035667
27247,0.011218
27248,0.034973
27249,0.008266
27250,-0.042539
27251,0.019488
27252,0.079389
27253,0.096191
27254,0.068639
27255,0.049197
27256,-0.035138
27257,-0.085295
27258,-0.072287
27259,-0.072913
27260,-0.073101
27261,0.006143
27262,0.029456
27263,0.027158
27264,-0.000528
27265,-0.077805
27266,-0.044221
27267,0.031921
27268,0.101543
27269,0.130722
27270,0.075539
27271,-0.005106
27272,-0.020645
27273,-0.054906
27274,-0.054699
27275,-0.029016
27276,0.026016
27277,0.057624
27278,0.022458
27279,0.023296
27280,-0.014000
27281,-0.087191
27282,-0.082850
27283,-0.028890
27284,0.003268
27285,-0.009873
27286,-0.020942
27287,-0.002051
27288,0.008606
27289,0.035592
27290,0.039767
27291,0.047181
27292,-0.003512
27293,-0.014347
27294,0.019600
27295,0.028545
27296,-0.016931
27297,-0.019773
27298,0.015669
27299,-0.006652
27300,-0.002446
27301,0.019665
27302,0.026576
27303,0.044088
27304,0.021608
27305,-0.009358
27306,-0.063742
27307,-0.033951
27308,-0.014856
27309,-0.050178
27310,-0.021612
27311,0.007899
27312,0.016698
27313,0.000751
27314,0.025126
27315,0.047284
27316,0.033699
27317,-0.001313
27318,-0.032303
27319,-0.038516
27320,-0.069046
27321,-0.066403
27322,0.008453
27323,0.013650
27324,-0.004188
27325,0.023780
27326,-0.003411
27327,0.013388
27328,0.038432
27329,0.048021
27330,0.028667
27331,0.092763
27332,0.057320
27333,0.006517
27334,-0.030062
27335,-0.084841
27336,-0.126704
27337,-0.122939
27338,-0.054542
27339,0.001834
27340,0.085275
27341,0.100964
27342,0.080862
27343,0.076864
27344,0.002399
27345,-0.042383
27346,-0.042009
27347,-0.043645
27348,-0.033402
27349,0.007961
27350,0.014144
27351,-0.010763
27352,-0.062997
27353,-0.026734
27354,0.005757
27355,0.072602
27356,0.086108
27357,0.048966
27358,-0.018023
27359,-0.037152
27360,-0.066091
27361,-0.075852
27362,-0.017290
27363,-0.023368
27364,0.009098
27365,-0.011582
27366,0.042349
27367,0.048304
27368,0.004689
27369,0.018338
27370,0.018007
27371,-0.023720
27372,-0.021047
27373,-0.054277
27374,-0.058152
27375,-0.039017
27376,-0.000833
27377,0.057725
27378,0.067492
27379,0.051306
27380,0.050355
27381,0.004644
27382,-0.020527
27383,-0.013929
27384,-0.024199
27385,0.012461
27386,0.002892
27387,-0.023142
27388,-0.002257
27389,0.011584
27390,0.007328
27391,-0.011403
27392,-0.027179
27393,-0.031163
27394,-0.038811
27395,-0.059359
27396,-0.015543
27397,0.027549
27398,0.079950
27399,0.085056
27400,-0.035499
27401,-0.030519
27402,-0.017468
27403,-0.047049
27404,0.025759
27405,0.059445
27406,0.044527
27407,0.070604
27408,0.061512
27409,-0.032716
27410,-0.094541
27411,-0.086809
27412,-0.020796
27413,0.030434
27414,0.035157
27415,0.038743
27416,0.022626
27417,0.005153
27418,-0.008542
27419,-0.039859
27420,-0.078004
27421,-0.055123
27422,-0.010258
27423,0.016969
27424,-0.026208
27425,0.009859
27426,0.047503
27427,0.052473
27428,0.046883
27429,0.019158
27430,0.008717
27431,-0.029915
27432,-0.006439
27433,0.051579
27434,0.007184
27435,0.018905
27436,-0.005434
27437,-0.043359
27438,-0.039406
27439,-0.076051
27440,-0.054525
27441,0.000457
27442,0.052764
27443,0.076527
27444,0.034706
27445,-0.020138
27446,-0.043990
27447,-0.000144
27448,0.024719
27449,0.035499
27450,0.038521
27451,0.012498
27452,-0.033515
27453,-0.064248
27454,-0.048729
27455,-0.046519
27456,-0.028282
27457,-0.037364
27458,-0.018162
27459,0.019107
27460,0.019185
27461,0.049387
27462,0.014554
27463,0.001057
27464,-0.004000
27465,0.046086
27466,0.061325
27467,0.050747
27468,0.055102
27469,0.011512
27470,-0.059332
27471,-0.024882
27472,-0.011686
27473,-0.094957
27474,-0.073287
27475,-0.077480
27476,-0.104063
27477,-0.032347
27478,0.063895
27479,0.117822
27480,0.109356
27481,0.070377
27482,0.070915
27483,-0.010072
27484,-0.041094
27485,-0.045664
27486,-0.049472
27487,-0.026374
27488,-0.010170
27489,0.001079
27490,0.023542
27491,0.019040
27492,-0.013257
27493,-0.024252
27494,0.001673
27495,0.013635
27496,-0.012662
27497,-0.030323
27498,-0.010878
27499,-0.029020
27500,0.007451
27501,0.007301
27502,0.058975
27503,0.085532
27504,0.000593
27505,0.036146
27506,0.036426
27507,-0.030552
27508,-0.044366
27509,-0.031952
27510,-0.020890
27511,-0.005949
27512,-0.033562
27513,-0.043506
27514,-0.032898
27515,-0.048500
27516,-0.030268
27517,0.011759
27518,0.053972
27519,0.058856
27520,0.031600
27521,0.058993
27522,0.077743
27523,0.053891
27524,-0.032396
27525,-0.082912
27526,-0.114713
27527,-0.067722
27528,-0.020199
27529,0.062270
27530,0.079364
27531,0.043607
27532,0.010620
27533,-0.032325
27534,-0.036493
27535,-0.010994
27536,-0.019333
27537,-0.033649
27538,0.040229
27539,0.041145
27540,0.041650
27541,-0.006157
27542,-0.019395
27543,-0.058617
27544,-0.044605
27545,-0.015868
27546,0.035189
27547,0.016382
27548,-0.043142
27549,-0.044741
27550,-0.024304
27551,0.041366
27552,0.084360
27553,0.043033
27554,0.028020
27555,0.072403
27556,-0.009981
27557,0.002382
27558,-0.028840
27559,-0.056371
27560,-0.029791
27561,-0.049305
27562,-0.030271
27563,-0.003997
27564,0.045522
27565,0.057259
27566,0.015820
27567,-0.005071
27568,-0.047169
27569,-0.041581
27570,-0.049729
27571,-0.006894
27572,0.021857
27573,-0.004740
27574,0.012716
27575,0.007216
27576,-0.013339
27577,0.014107
27578,0.036456
27579,0.024436
27580,0.042952
27581,0.041681
27582,0.050463
27583,-0.035413
27584,-0.078657
27585,-0.063731
27586,-0.030521
27587,0.000443
27588,-0.000832
27589,0.013526
27590,0.018384
27591,-0.009978
27592,0.040981
27593,0.026071
27594,0.026452
27595,0.055784
27596,0.066094
27597,-0.012980
27598,-0.013149
27599,-0.034547
27600,-0.115158
27601,-0.163878
27602,-0.120621
27603,-0.051051
27604,0.033714
27605,0.069717
27606,0.103284
27607,0.089009
27608,0.112050
27609,0.067593
27610,-0.009207
27611,-0.021573
27612,-0.071449
27613,-0.114123
27614,-0.109449
27615,-0.044147
27616,0.000013
27617,-0.003385
27618,0.049599
27619,0.041410
27620,-0.000440
27621,-0.006096
27622,0.012056
27623,0.072195
27624,0.023853
27625,0.024427
27626,0.017578
27627,0.007022
27628,0.001555
27629,0.006888
27630,-0.028813
27631,-0.088631
27632,-0.083313
27633,-0.047886
27634,-0.006179
27635,0.055792
27636,0.082417
27637,0.074072
27638,0.037118
27639,-0.039837
27640,-0.029761
27641,0.026313
27642,-0.026499
27643,-0.047509
27644,-0.031825
27645,-0.057290
27646,-0.020029
27647,-0.017251
27648,-0.056038
27649,-0.047875
27650,0.005384
27651,-0.009259
27652,0.058774
27653,0.094332
27654,0.041388
27655,-0.015241
27656,-0.033707
27657,-0.049031
27658,-0.017259
27659,-0.051685
27660,-0.038267
27661,-0.001711
27662,0.085030
27663,0.083112
27664,0.000567
27665,-0.042289
27666,-0.015894
27667,0.019104
27668,0.037470
27669,0.025783
27670,0.003107
27671,-0.000216
27672,0.006112
27673,-0.006369
27674,-0.045969
27675,-0.053290
27676,-0.041365
27677,-0.081639
27678,0.002757
27679,0.057915
27680,0.061153
27681,0.015738
27682,-0.002818
27683,0.002362
27684,-0.007838
27685,-0.011027
27686,0.003393
27687,-0.002222
27688,0.012217
27689,0.007739
27690,-0.012243
27691,0.001295
27692,0.025722
27693,0.026489
27694,-0.029186
27695,-0.055075
27696,-0.012303
27697,0.019179
27698,0.026044
27699,-0.016917
27700,-0.062170
27701,-0.038403
27702,-0.016999
27703,0.032019
27704,0.079418
27705,0.098051
27706,0.087452
27707,0.071467
27708,0.010275
27709,-0.044012
27710,-0.097648
27711,-0.127094
27712,-0.111930
27713,-0.079215
27714,0.009555
27715,0.057059
27716,0.050542
27717,0.086931
27718,0.078495
27719,0.052872
27720,0.009164
27721,-0.024155
27722,-0.063807
27723,-0.063297
27724,-0.071084
27725,-0.049600
27726,-0.002615
27727,0.055508
27728,0.083270
27729,0.048866
27730,-0.016008
27731,-0.008031
27732,-0.006321
27733,-0.049701
27734,-0.008829
27735,0.024129
27736,0.044009
27737,0.052603
27738,0.016876
27739,-0.033501
27740,-0.071266
27741,-0.001408
27742,0.028293
27743,-0.017588
27744,-0.005873
27745,-0.003526
27746,0.015166
27747,0.010842
27748,-0.026431
27749,-0.043742
27750,-0.062943
27751,-0.031786
27752,0.007985
27753,0.037863
27754,0.058626
27755,0.065456
27756,0.049937
27757,-0.020935
27758,-0.040583
27759,-0.068042
27760,-0.053640
27761,-0.009845
27762,0.011649
27763,0.003869
27764,0.035539
27765,0.032323
27766,0.057501
27767,0.004422
27768,-0.003310
27769,-0.030720
27770,-0.007320
27771,-0.017778
27772,-0.031212
27773,-0.020002
27774,-0.014042
27775,-0.019734
27776,-0.005580
27777,0.003311
27778,0.001590
27779,0.018941
27780,-0.013974
27781,-0.017386
27782,-0.014832
27783,0.018418
27784,0.022782
27785,0.019011
27786,0.025748
27787,-0.010775
27788,-0.027494
27789,0.021533
27790,0.019704
27791,0.088636
27792,0.093099
27793,0.018947
27794,-0.013466
27795,-0.031039
27796,-0.053119
27797,-0.071619
27798,-0.065254
27799,-0.073233
27800,-0.032267
27801,-0.021618
27802,0.017246
27803,0.087814
27804,0.086790
27805,0.037008
27806,0.033567
27807,0.034697
27808,0.010996
27809,-0.019182
27810,-0.086090
27811,-0.095535
27812,-0.073709
27813,-0.017339
27814,-0.009628
27815,-0.039420
27816,-0.019149
27817,-0.012907
27818,0.025673
27819,0.004843
27820,0.028544
27821,0.053960
27822,0.049004
27823,0.044050
27824,0.025838
27825,0.011254
27826,0.029336
27827,0.017401
27828,0.020420
27829,-0.034116
27830,-0.031707
27831,-0.008854
27832,-0.020295
27833,-0.002572
27834,-0.008664
27835,-0.028804
27836,0.012662
27837,0.010568
27838,0.015654
27839,0.029192
27840,0.012622
27841,0.006364
27842,0.001426
27843,-0.045101
27844,-0.031408
27845,-0.015552
27846,-0.014630
27847,0.009831
27848,0.029493
27849,0.061377
27850,0.004324
27851,-0.047748
27852,-0.049876
27853,-0.014414
27854,0.030271
27855,0.011166
27856,0.059360
27857,0.023734
27858,-0.049875
27859,-0.013399
27860,-0.056828
27861,-0.045819
27862,-0.002486
27863,0.023960
27864,0.039861
27865,0.036093
27866,0.055520
27867,0.022983
27868,-0.021072
27869,-0.044252
27870,-0.104033
27871,-0.106502
27872,-0.045393
27873,-0.006873
27874,0.043388
27875,0.060923
27876,0.068490
27877,0.071937
27878,0.055694
27879,0.091670
27880,0.076330
27881,0.042572
27882,0.029439
27883,-0.013691
27884,-0.097362
27885,-0.145144
27886,-0.165563
27887,-0.100632
27888,-0.057451
27889,-0.002958
27890,0.057453
27891,0.077391
27892,0.072656
27893,0.038273
27894,0.027214
27895,0.021364
27896,-0.026967
27897,-0.037863
27898,-0.028477
27899,-0.042556
27900,-0.006936
27901,0.044980
27902,0.094723
27903,0.043847
27904,0.031758
27905,-0.017644
27906,-0.034903
27907,-0.045095
27908,-0.043552
27909,-0.029998
27910,0.002596
27911,0.035280
27912,0.055620
27913,0.065225
27914,0.019293
27915,-0.057375
27916,-0.121388
27917,-0.089406
27918,-0.062895
27919,-0.037878
27920,-0.006739
27921,0.061977
27922,0.076425
27923,0.063552
27924,0.063597
27925,0.069314
27926,0.064195
27927,0.009415
27928,0.031751
27929,0.002518
27930,-0.017707
27931,-0.070438
27932,-0.082622
27933,-0.042472
27934,0.004456
27935,0.019031
27936,-0.021548
27937,-0.017252
27938,0.007464
27939,-0.008869
27940,-0.042460
27941,0.025811
27942,0.005187
27943,0.013347
27944,0.061593
27945,0.002038
27946,-0.052004
27947,-0.060766
27948,-0.060743
27949,-0.038475
27950,-0.002410
27951,0.013840
27952,0.016888
27953,0.056949
27954,0.034171
27955,0.005791
27956,0.042499
27957,0.072425
27958,0.057427
27959,0.041960
27960,-0.035366
27961,-0.071051
27962,-0.043611
27963,-0.028687
27964,-0.018285
27965,-0.017796
27966,0.033500
27967,-0.007994
27968,-0.040946
27969,-0.017100
27970,0.027049
27971,0.040445
27972,0.001396
27973,-0.016750
27974,0.015961
27975,0.022819
27976,-0.007385
27977,-0.003154
27978,-0.067444
27979,-0.086791
27980,-0.011521
27981,-0.003749
27982,0.003858
27983,0.069039
27984,0.064141
27985,0.068483
27986,0.026120
27987,-0.038963
27988,-0.068067
27989,-0.040181
27990,0.014415
27991,0.055369
27992,0.077314
27993,-0.013667
27994,-0.041902
27995,-0.027391
27996,0.008225
27997,-0.022975
27998,-0.036836
27999,-0.060171
28000,-0.073074
28001,-0.028101
28002,0.036841
28003,0.072956
28004,0.055730
28005,0.042138
28006,0.019844
28007,0.006258
28008,-0.008101
28009,0.022358
28010,0.037080
28011,0.026759
28012,-0.002272
28013,-0.048504
28014,-0.085469
28015,-0.047815
28016,0.007524
28017,0.026642
28018,0.004659
28019,0.018640
28020,0.012407
28021,0.038697
28022,0.002190
28023,-0.033639
28024,-0.084823
28025,-0.075882
28026,-0.038019
28027,0.007778
28028,0.075428
28029,0.098246
28030,0.094882
28031,0.070603
28032,-0.024350
28033,-0.128709
28034,-0.139409
28035,-0.085934
28036,0.009456
28037,0.061818
28038,0.096922
28039,0.028896
28040,0.033329
28041,0.024134
28042,-0.016961
28043,-0.003439
28044,0.020369
28045,-0.028108
28046,-0.020679
28047,-0.023384
28048,-0.022937
28049,-0.031627
28050,-0.074084
28051,-0.001955
28052,0.090828
28053,0.104999
28054,0.116635
28055,0.050547
28056,-0.098260
28057,-0.132649
28058,-0.088727
28059,-0.050130
28060,0.016606
28061,0.059084
28062,0.061446
28063,0.097799
28064,0.082282
28065,-0.033958
28066,-0.097964
28067,-0.089934
28068,-0.056197
28069,-0.004071
28070,0.040808
28071,0.066006
28072,0.096518
28073,0.038478
28074,-0.011514
28075,-0.076143
28076,-0.098170
28077,-0.024900
28078,0.067102
28079,0.049171
28080,0.022966
28081,0.022025
28082,-0.021583
28083,-0.049513
28084,-0.082343
28085,-0.017334
28086,0.029791
28087,0.042573
28088,0.033938
28089,0.055300
28090,0.042902
28091,0.061106
28092,0.018012
28093,-0.020705
28094,-0.031562
28095,-0.023246
28096,-0.009282
28097,-0.023643
28098,-0.038238
28099,0.008547
28100,-0.019654
28101,-0.057917
28102,-0.062428
28103,-0.093598
28104,-0.052327
28105,-0.000718
28106,-0.016932
28107,0.035013
28108,0.100806
28109,0.132156
28110,0.069690
28111,-0.019589
28112,-0.049835
28113,-0.047734
28114,0.019033
28115,0.040564
28116,0.059398
28117,0.039405
28118,-0.036855
28119,-0.058104
28120,-0.068767
28121,-0.077730
28122,-0.020846
28123,0.038407
28124,0.058319
28125,0.076779
28126,0.082376
28127,0.072969
28128,-0.009090
28129,-0.067250
28130,-0.037201
28131,-0.016697
28132,-0.080547
28133,-0.130971
28134,-0.070339
28135,-0.021952
28136,0.057744
28137,0.114074
28138,0.048191
28139,-0.040102
28140,-0.004286
28141,0.020301
28142,0.021977
28143,0.004289
28144,-0.024075
28145,0.025555
28146,0.072222
28147,0.019653
28148,-0.031756
28149,-0.007892
28150,0.015044
28151,-0.006985
28152,-0.040776
28153,-0.042567
28154,0.013831
28155,0.010146
28156,0.021183
28157,0.026453
28158,-0.023702
28159,-0.090684
28160,-0.069248
28161,-0.013680
28162,0.034431
28163,0.042779
28164,0.042727
28165,0.026557
28166,-0.033684
28167,0.005235
28168,0.037291
28169,-0.003323
28170,-0.010287
28171,-0.002743
28172,0.031844
28173,0.051226
28174,-0.004353
28175,-0.043706
28176,-0.011341
28177,-0.006018
28178,-0.029910
28179,-0.065022
28180,-0.012803
28181,0.040206
28182,0.045908
28183,-0.041756
28184,-0.099798
28185,-0.035132
28186,0.014021
28187,0.027771
28188,0.065943
28189,0.036838
28190,0.032014
28191,0.059824
28192,0.048481
28193,0.017756
28194,-0.051442
28195,-0.022831
28196,-0.026299
28197,-0.057282
28198,0.008480
28199,0.050473
28200,0.038250
28201,0.016549
28202,0.022871
28203,-0.002911
28204,-0.020732
28205,-0.020674
28206,-0.033906
28207,-0.042920
28208,-0.040049
28209,-0.031977
28210,-0.035848
28211,-0.012834
28212,0.019573
28213,0.012485
28214,0.027280
28215,0.002563
28216,-0.053342
28217,-0.046713
28218,0.006675
28219,0.059848
28220,0.069635
28221,0.077188
28222,0.045435
28223,0.018961
28224,-0.014963
28225,-0.077902
28226,-0.048529
28227,-0.020390
28228,-0.038091
28229,-0.021057
28230,0.023052
28231,0.027507
28232,0.074907
28233,0.079862
28234,0.042390
28235,-0.003612
28236,-0.015394
28237,-0.084539
28238,-0.082252
28239,-0.033481
28240,-0.011818
28241,-0.021189
28242,-0.033874
28243,-0.054679
28244,0.023015
28245,0.070004
28246,0.061881
28247,0.036996
28248,0.016093
28249,-0.028182
28250,-0.014927
28251,-0.047701
28252,-0.069711
28253,-0.051191
28254,-0.025661
28255,0.035461
28256,0.032523
28257,0.043032
28258,-0.003308
28259,-0.015628
28260,0.056326
28261,0.008655
28262,0.006312
28263,0.069288
28264,-0.017360
28265,-0.035535
28266,0.006612
28267,0.011818
28268,-0.017136
28269,-0.067259
28270,-0.070575
28271,-0.021619
28272,0.003044
28273,0.016199
28274,0.071732
28275,0.039324
28276,-0.007410
28277,-0.002605
28278,-0.000830
28279,0.016196
28280,-0.044366
28281,-0.025096
28282,0.032765
28283,0.014128
28284,0.017557
28285,0.040480
28286,0.051209
28287,0.016134
28288,-0.027432
28289,-0.079459
28290,-0.076012
28291,-0.009629
28292,-0.010198
28293,0.021415
28294,0.039470
28295,-0.014753
28296,-0.039171
28297,-0.022219
28298,-0.009835
28299,-0.027260
28300,-0.012573
28301,0.006441
28302,0.032209
28303,0.010098
28304,0.019806
28305,0.011067
28306,-0.013004
28307,0.048496
28308,0.056501
28309,0.039528
28310,-0.009420
28311,0.002549
28312,-0.022325
28313,-0.010811
28314,-0.012979
28315,-0.000991
28316,0.007214
28317,0.007245
28318,-0.018497
28319,-0.051237
28320,-0.009980
28321,0.001536
28322,0.018250
28323,0.046338
28324,0.005584
28325,-0.073953
28326,-0.048457
28327,-0.028288
28328,0.034149
28329,0.005416
28330,-0.007625
28331,0.033924
28332,0.019794
28333,0.004793
28334,-0.011251
28335,-0.012165
28336,0.072796
28337,0.066980
28338,-0.030875
28339,-0.054882
28340,-0.024535
28341,-0.024929
28342,654.377625
28343,573.248352
28344,8.174370
28345,183.832687
28346,-25.742815
28347,-44.720875
28348,-46.879002
28349,-25.537819
28350,-2.363744
28351,14.702993
28352,29.130827
28353,30.800472
28354,31.934151
28355,13.172581
28356,-19.532307
28357,-23.401495
28358,-19.711523
28359,-0.775783
28360,1.781734
28361,4.777595
28362,0.450696
28363,0.124523
28364,-13.770907
28365,-7.801244
28366,8.896708
28367,11.662219
28368,16.629337
28369,7.973071
28370,-9.430161
28371,-24.108278
28372,-13.514647
28373,-2.528545
28374,5.492196
28375,19.903889
28376,5.660411
28377,-1.631306
28378,1.179299
28379,-3.660495
28380,5.007062
28381,4.962551
28382,-0.211319
28383,-0.363274
28384,2.192990
28385,-10.677431
28386,-13.233564
28387,-19.818277
28388,-4.576325
28389,27.218229
28390,-1.403055
28391,-15.344200
28392,13.735679
28393,29.945032
28394,30.873667
28395,-0.451716
28396,0.033615
28397,0.024319
28398,0.026739
28399,-0.023198
28400,-0.009298
28401,0.033416
28402,-0.001385
28403,-0.008151
28404,0.030899
28405,0.049535
28406,0.013871
28407,-0.057625
28408,-0.093132
28409,-0.119373
28410,-0.111990
28411,-0.029283
28412,0.054829
28413,0.093472
28414,0.100083
28415,0.079628
28416,-0.015134
28417,-0.035056
28418,-0.005054
28419,-0.002963
28420,-0.018681
28421,0.019012
28422,0.016500
28423,-0.004917
28424,0.023418
28425,-0.013102
28426,-0.030397
28427,-0.021464
28428,0.005005
28429,-0.015672
28430,-0.013724
28431,-0.033437
28432,0.010631
28433,0.040100
28434,-0.007379
28435,-0.029901
28436,-0.014580
28437,-0.039330
28438,-0.003802
28439,0.028323
28440,0.023689
28441,0.037555
28442,0.009446
28443,-0.026067
28444,-0.013405
28445,-0.009685
28446,0.012652
28447,-0.021116
28448,0.022655
28449,0.008947
28450,-0.037601
28451,-0.035353
28452,-0.021814
28453,-0.045612
28454,-0.038232
28455,0.026839
28456,0.044776
28457,0.088468
28458,0.030253
28459,-0.009879
28460,-0.047557
28461,-0.028977
28462,0.000137
28463,0.000252
28464,-0.010826
28465,-0.028218
28466,0.009778
28467,-0.009334
28468,-0.043764
28469,-0.047843
28470,-0.040766
28471,-0.006133
28472,0.001702
28473,0.009797
28474,0.055493
28475,0.060703
28476,0.042274
28477,0.049368
28478,0.073845
28479,0.048764
28480,-0.020711
28481,-0.079754
28482,-0.076204
28483,-0.069958
28484,-0.061402
28485,0.017350
28486,0.041108
28487,0.019614
28488,0.028962
28489,0.031860
28490,-0.013704
28491,-0.008310
28492,-0.013252
28493,-0.010735
28494,-0.013669
28495,-0.027107
28496,-0.060238
28497,-0.013934
28498,0.047266
28499,0.116490
28500,0.090210
28501,0.011919
28502,0.000578
28503,-0.064274
28504,-0.044098
28505,-0.068766
28506,-0.028297
28507,-0.003091
28508,0.002112
28509,-0.008954
28510,0.031629
28511,0.028822
28512,0.024274
28513,0.021087
28514,0.016436
28515,0.015431
28516,-0.065822
28517,-0.058634
28518,-0.022391
28519,-0.030441
28520,0.035998
28521,0.052596
28522,0.049027
28523,0.045407
28524,0.023094
28525,-0.043897
28526,-0.032503
28527,-0.008284
28528,-0.021256
28529,-0.010212
28530,-0.001359
28531,0.000582
28532,-0.009739
28533,0.030288
28534,0.054202
28535,0.006870
28536,0.003194
28537,-0.010911
28538,-0.020322
28539,-0.066587
28540,-0.069167
28541,-0.039895
28542,-0.066805
28543,-0.043188
28544,0.030799
28545,0.071770
28546,0.061108
28547,0.075635
28548,0.055545
28549,-0.018866
28550,-0.000177
28551,-0.006980
28552,-0.016062
28553,-0.021759
28554,-0.016410
28555,0.024231
28556,0.000067
28557,-0.055134
28558,-0.030882
28559,-0.029392
28560,-0.024198
28561,0.040367
28562,0.087964
28563,0.047771
28564,0.018089
28565,-0.073104
28566,-0.096340
28567,-0.077555
28568,-0.048238
28569,0.026499
28570,-0.002342
28571,0.062011
28572,0.041210
28573,-0.009561
28574,-0.017410
28575,0.023694
28576,0.061445
28577,0.100221
28578,0.056224
28579,-0.001130
28580,-0.012873
28581,-0.058265
28582,-0.051780
28583,-0.070315
28584,-0.064783
28585,-0.009883
28586,0.035530
28587,0.048013
28588,0.002221
28589,-0.001452
28590,0.004470
28591,0.012484
28592,-0.010358
28593,-0.043521
28594,-0.021177
28595,-0.022451
28596,-0.030033
28597,-0.000197
28598,0.036331
28599,0.028348
28600,0.021320
28601,0.028442
28602,0.052532
28603,0.021091
28604,-0.007489
28605,-0.015891
28606,-0.009904
28607,-0.018570
28608,0.030847
28609,-0.017845
28610,-0.022696
28611,0.001370
28612,-0.027368
28613,-0.083969
28614,-0.062828
28615,-0.055508
28616,-0.028656
28617,0.082373
28618,0.098343
28619,0.110556
28620,0.072491
28621,0.029236
28622,0.005978
28623,-0.046486
28624,-0.055289
28625,-0.069767
28626,-0.020255
28627,0.000251
28628,0.002549
28629,0.031590
28630,0.022697
28631,0.027057
28632,-0.000920
28633,-0.016471
28634,-0.003332
28635,-0.038560
28636,-0.020218
28637,-0.019765
28638,-0.065262
28639,-0.064220
28640,-0.048097
28641,0.004691
28642,0.020480
28643,0.034399
28644,0.042223
28645,0.043057
28646,0.023811
28647,-0.013878
28648,-0.037962
28649,-0.048175
28650,0.016509
28651,0.088704
28652,0.088058
28653,0.044852
28654,-0.015828
28655,-0.048004
28656,-0.057354
28657,-0.048231
28658,0.014283
28659,0.021080
28660,-0.029035
28661,0.019940
28662,0.053756
28663,0.043749
28664,0.080098
28665,0.013770
28666,-0.046640
28667,-0.061812
28668,-0.061224
28669,-0.051521
28670,-0.018509
28671,0.014446
28672,0.016170
28673,0.001467
28674,0.037626
28675,-0.012291
28676,-0.019402
28677,-0.016211
28678,0.019916
28679,0.092517
28680,0.043736
28681,0.004365
28682,-0.040742
28683,-0.033802
28684,-0.012948
28685,-0.021991
28686,-0.041073
28687,-0.015405
28688,-0.008606
28689,0.023057
28690,0.012718
28691,-0.037983
28692,-0.024205
28693,-0.040226
28694,-0.008786
28695,0.024024
28696,0.026499
28697,0.071139
28698,0.059499
28699,0.022206
28700,-0.006710
28701,-0.003278
28702,-0.037447
28703,-0.077859
28704,-0.077075
28705,-0.039285
28706,0.007973
28707,0.042511
28708,0.022213
28709,0.042022
28710,0.063743
28711,0.021013
28712,-0.036984
28713,-0.019655
28714,0.031993
28715,0.026212
28716,0.018111
28717,-0.009548
28718,-0.055234
28719,-0.063822
28720,-0.041891
28721,-0.040317
28722,0.013388
28723,0.061831
28724,0.070187
28725,0.050632
28726,0.046514
28727,-0.009440
28728,-0.025630
28729,-0.009362
28730,0.047587
28731,0.009204
28732,-0.051336
28733,-0.061212
28734,-0.041785
28735,-0.033288
28736,-0.043518
28737,0.000437
28738,-0.006715
28739,0.047559
28740,0.088637
28741,0.087289
28742,-0.010528
28743,-0.017703
28744,0.011304
28745,0.003092
28746,0.006707
28747,-0.011343
28748,0.009015
28749,-0.049751
28750,-0.101905
28751,-0.034624
28752,-0.004639
28753,0.003760
28754,0.034706
28755,0.059207
28756,0.008581
28757,-0.018652
28758,-0.015702
28759,0.000786
28760,-0.033290
28761,-0.017409
28762,0.011465
28763,0.030417
28764,0.038596
28765,0.035844
28766,0.069537
28767,0.056030
28768,-0.000630
28769,-0.052150
28770,-0.076013
28771,-0.040387
28772,-0.036767
28773,-0.013929
28774,0.029160
28775,0.018070
28776,-0.007854
28777,-0.018184
28778,-0.010642
28779,0.016867
28780,-0.001498
28781,0.007269
28782,0.008575
28783,0.010058
28784,0.023555
28785,-0.014195
28786,-0.008246
28787,0.017999
28788,-0.030346
28789,-0.049490
28790,-0.033212
28791,-0.016695
28792,0.009362
28793,0.023701
28794,0.049594
28795,0.038233
28796,0.002036
28797,0.025767
28798,0.025928
28799,0.017560
28800,-0.008727
28801,0.006379
28802,-0.033773
28803,-0.061464
28804,-0.078723
28805,-0.046919
28806,-0.005895
28807,-0.012620
28808,-0.012561
28809,0.040822
28810,0.027812
28811,0.040071
28812,0.037313
28813,0.028176
28814,-0.015629
28815,-0.020211
28816,-0.065709
28817,-0.065059
28818,0.017391
28819,0.086599
28820,0.076358
28821,0.085251
28822,0.063638
28823,0.037866
28824,0.001102
28825,-0.073580
28826,-0.085428
28827,-0.045998
28828,-0.026046
28829,-0.060413
28830,-0.002655
28831,-0.011223
28832,-0.034990
28833,-0.037971
28834,-0.002156
28835,-0.007905
28836,0.047517
28837,0.075587
28838,0.053478
28839,0.033776
28840,-0.015901
28841,-0.063286
28842,-0.095254
28843,-0.047796
28844,-0.007228
28845,0.015434
28846,692.797729
28847,588.998840
28848,8.665492
28849,137.617661
28850,-15.227839
28851,-58.806339
28852,-66.693665
28853,-49.076069
28854,-16.902479
28855,14.532237
28856,22.226654
28857,0.350348
28858,-21.963709
28859,-28.385998
28860,1.451686
28861,37.491444
28862,57.287193
28863,44.993366
28864,24.645786
28865,-10.233505
28866,-35.867851
28867,-32.603725
28868,-23.345829
28869,5.788355
28870,30.363148
28871,8.877771
28872,-12.999593
28873,-27.922665
28874,-24.590334
28875,-11.621081
28876,-9.285701
28877,-5.342315
28878,14.134928
28879,35.979610
28880,15.108520
28881,-6.004293
28882,0.872916
28883,21.537056
28884,20.141199
28885,7.639019
28886,-21.192570
28887,-30.110893
28888,-34.374973
28889,-30.640604
28890,-15.520187
28891,18.303362
28892,32.535149
28893,30.263386
28894,30.196169
28895,28.828747
28896,9.208229
28897,-17.471148
28898,-17.715912
28899,2.870162
28900,-116.513878
28901,0.834183
28902,-639.380127
28903,0.000000
28904,860.754883
28905,2360.831299
28906,1473.187134
28907,2160.595947
28908,1778.593140
28909,1836.134521
28910,2303.544434
28911,697.226563
28912,2264.796387
28913,1092.422729
28914,2152.084229
28915,1019.375977
28916,1326.312744
28917,1991.461060
28918,954.622314
28919,686.431458
28920,2141.558594
28921,1093.073120
28922,1063.292847
28923,1920.801147
28924,1128.139771
28925,1994.409302
28926,2157.284424
28927,1197.293823
28928,2242.992676
28929,688.364258
28930,629.204346
28931,0.033071
28932,-0.009185
28933,-0.022133
28934,0.013169
28935,0.019200
28936,0.031768
28937,0.021534
28938,-0.007407
28939,-0.045171
28940,-0.053248
28941,-0.083461
28942,-0.070496
28943,-0.052657
28944,-0.014128
28945,0.027621
28946,0.051425
28947,0.038398
28948,0.042077
28949,0.040155
28950,0.025880
28951,0.004204
28952,-0.000352
28953,-0.043692
28954,-0.079852
28955,-0.090358
28956,0.002583
28957,0.051989
28958,0.019459
28959,0.050594
28960,0.034238
28961,0.009696
28962,0.000352
28963,-0.023734
28964,-0.066859
28965,-0.057878
28966,0.017748
28967,0.051133
28968,0.060456
28969,0.020935
28970,0.006186
28971,0.045351
28972,0.046993
28973,0.006580
28974,-0.030246
28975,-0.047493
28976,-0.047997
28977,-0.010285
28978,0.034157
28979,0.030422
28980,0.014701
28981,0.010906
28982,-0.007670
28983,-0.036865
28984,-0.072217
28985,-0.079613
28986,-0.074878
28987,0.015381
28988,0.025771
28989,0.062290
28990,0.019691
28991,-0.017598
28992,0.026474
28993,0.032153
28994,0.051246
28995,0.006336
28996,-0.018538
28997,0.002354
28998,-0.045196
28999,-0.038818
29000,-0.044078
29001,-0.060931
29002,-0.040501
29003,0.008129
29004,0.065478
29005,0.040035
29006,0.028251
29007,0.043799
29008,0.021608
29009,-0.040189
29010,-0.017466
29011,0.013764
29012,-0.006283
29013,-0.041159
29014,-0.022364
29015,0.029045
29016,0.042004
29017,0.028258
29018,0.014171
29019,-0.019264
29020,-0.022433
29021,0.018112
29022,0.015287
29023,0.006498
29024,0.024031
29025,-0.006036
29026,-0.074872
29027,-0.097948
29028,-0.050984
29029,-0.031891
29030,0.013553
29031,0.105773
29032,0.082264
29033,0.037752
29034,0.007516
29035,-0.053249
29036,-0.047006
29037,-0.010549
29038,-0.004221
29039,0.036762
29040,0.067214
29041,0.082124
29042,0.091177
29043,0.038662
29044,-0.012331
29045,-0.018634
29046,-0.049421
29047,-0.126448
29048,-0.118897
29049,-0.099964
29050,-0.074943
29051,-0.016441
29052,0.016828
29053,0.072854
29054,0.042058
29055,0.007211
29056,0.033845
29057,0.014968
29058,0.072590
29059,0.075904
29060,0.057762
29061,0.033649
29062,0.034244
29063,-0.019723
29064,-0.087265
29065,-0.073467
29066,-0.078062
29067,-0.066244
29068,0.002196
29069,0.003458
29070,0.009950
29071,0.012322
29072,-0.001804
29073,-0.030354
29074,-0.017742
29075,0.020517
29076,0.026714
29077,0.009605
29078,0.001698
29079,0.040157
29080,0.011409
29081,0.010294
29082,0.002335
29083,-0.024003
29084,-0.004335
29085,-0.033634
29086,0.012642
29087,0.108692
29088,0.072747
29089,0.007113
29090,-0.032105
29091,-0.110039
29092,-0.041095
29093,0.009902
29094,-0.001461
29095,0.065139
29096,0.041443
29097,-0.017523
29098,-0.040565
29099,-0.039986
29100,-0.014437
29101,-0.005120
29102,-0.003668
29103,-0.008380
29104,-0.004569
29105,-0.012885
29106,0.026468
29107,0.018438
29108,0.055258
29109,0.010830
29110,-0.024733
29111,-0.002424
29112,-0.020627
29113,-0.013986
29114,-0.050974
29115,-0.060881
29116,-0.052495
29117,-0.055301
29118,0.019711
29119,0.072484
29120,0.080643
29121,0.095263
29122,0.016653
29123,-0.033350
29124,-0.074292
29125,-0.097325
29126,-0.039234
29127,-0.019786
29128,0.000296
29129,0.029297
29130,0.055439
29131,0.109026
29132,0.099064
29133,0.077291
29134,0.047752
29135,-0.045037
29136,-0.052047
29137,-0.053714
29138,-0.034020
29139,0.016645
29140,0.027267
29141,0.007311
29142,-0.003943
29143,-0.006979
29144,-0.037169
29145,-0.013538
29146,-0.004821
29147,-0.033536
29148,-0.047278
29149,-0.052719
29150,-0.049335
29151,-0.025335
29152,0.020215
29153,0.037870
29154,0.053325
29155,0.013342
29156,-0.039285
29157,0.014330
29158,0.023120
29159,0.038538
29160,0.019118
29161,-0.027031
29162,-0.028063
29163,-0.049696
29164,-0.021001
29165,0.065526
29166,0.114578
29167,0.104618
29168,0.024336
29169,-0.056617
29170,-0.087316
29171,-0.063154
29172,-0.013902
29173,0.012867
29174,-0.048731
29175,-0.040945
29176,0.007332
29177,0.050639
29178,0.043302
29179,-0.006886
29180,215.204102
29181,1480.612793
29182,342.200867
29183,18.736101
29184,460.792389
29185,-40.672474
29186,-52.013851
29187,-38.756363
29188,-3.693140
29189,18.675833
29190,26.460188
29191,42.401730
29192,30.196615
29193,14.873470
29194,-3.772002
29195,-28.336405
29196,-18.671740
29197,0.050852
29198,6.980603
29199,28.427114
29200,37.013283
29201,20.143232
29202,-30.629602
29203,-42.330917
29204,-43.495193
29205,-18.007740
29206,9.188336
29207,30.671690
29208,19.133839
29209,0.953915
29210,8.322061
29211,1.796862
29212,-15.401259
29213,-41.786060
29214,-26.492039
29215,7.370773
29216,42.302509
29217,47.656425
29218,21.939137
29219,-13.610739
29220,-35.995155
29221,-28.560947
29222,1.727569
29223,25.259483
29224,26.616488
29225,-3.122544
29226,-31.272097
29227,-45.228439
29228,-15.788907
29229,14.401618
29230,4.413136
29231,4.736443
29232,30.260752
29233,46.459457
29234,19.950863
29235,0.033385
29236,0.047700
29237,-0.003264
29238,-0.028296
29239,-0.064961
29240,-0.040322
29241,-0.012641
29242,0.042880
29243,0.055348
29244,0.031127
29245,0.018725
29246,0.033058
29247,0.012553
29248,-0.048618
29249,-0.076786
29250,-0.073824
29251,-0.031089
29252,-0.006241
29253,0.010722
29254,0.034106
29255,0.037542
29256,-0.002432
29257,-0.003887
29258,0.055211
29259,0.015529
29260,-0.007131
29261,-0.000762
29262,-0.046968
29263,-0.057083
29264,-0.082351
29265,-0.012093
29266,0.033030
29267,0.028374
29268,0.073751
29269,0.083425
29270,0.023609
29271,0.055686
29272,0.027838
29273,0.023208
29274,0.004134
29275,-0.029576
29276,-0.045063
29277,-0.045727
29278,-0.030005
29279,-0.030106
29280,-0.049043
29281,-0.009763
29282,0.017279
29283,-0.011228
29284,-0.010697
29285,-0.041713
29286,-0.060572
29287,-0.048908
29288,-0.087883
29289,-0.049149
29290,0.015762
29291,0.031583
29292,0.056992
29293,0.071978
29294,0.072177
29295,0.021015
29296,-0.017699
29297,-0.029834
29298,-0.036767
29299,0.017092
29300,-0.027556
29301,-0.055477
29302,-0.014713
29303,0.057111
29304,0.061146
29305,0.069007
29306,0.037887
29307,0.004440
29308,-0.051535
29309,-0.062040
29310,-0.047063
29311,-0.067456
29312,0.024363
29313,0.052515
29314,0.024997
29315,0.049711
29316,0.020802
29317,-0.019266
29318,-0.058017
29319,-0.079682
29320,-0.061069
29321,-0.004425
29322,0.026428
29323,0.019855
29324,0.016432
29325,0.042738
29326,0.021842
29327,-0.023193
29328,-0.023027
29329,-0.008038
29330,0.011125
29331,0.018199
29332,0.030021
29333,0.001748
29334,-0.040709
29335,-0.017065
29336,0.009044
29337,0.026662
29338,-0.000101
29339,0.005724
29340,-0.000180
29341,0.006282
29342,-0.002195
29343,-0.056204
29344,-0.018740
29345,-0.009235
29346,0.000129
29347,0.002514
29348,-0.030086
29349,-0.017379
29350,0.079116
29351,0.056943
29352,0.017176
29353,0.031917
29354,0.020741
29355,0.011815
29356,0.004320
29357,0.005855
29358,-0.000602
29359,0.030074
29360,-0.026864
29361,-0.079870
29362,-0.046409
29363,-0.021411
29364,-0.000447
29365,0.005354
29366,-0.054882
29367,-0.026465
29368,0.007268
29369,0.020106
29370,0.070711
29371,0.027202
29372,-0.056958
29373,-0.112111
29374,-0.075540
29375,0.027932
29376,0.114882
29377,0.100803
29378,0.059658
29379,0.026810
29380,0.009804
29381,0.010427
29382,0.028338
29383,0.001971
29384,-0.028613
29385,-0.043438
29386,-0.049667
29387,-0.038968
29388,-0.028089
29389,-0.093477
29390,-0.070681
29391,-0.017593
29392,0.015894
29393,0.047097
29394,0.026984
29395,0.040079
29396,0.026806
29397,0.013704
29398,0.029811
29399,0.010186
29400,-0.006875
29401,0.001637
29402,-0.018815
29403,-0.083671
29404,-0.036836
29405,-0.034497
29406,0.014178
29407,-0.015006
29408,-0.011013
29409,0.050348
29410,0.008994
29411,-0.015304
29412,0.016269
29413,0.072606
29414,0.091490
29415,0.025363
29416,-0.040694
29417,-0.095967
29418,-0.118142
29419,-0.118618
29420,-0.039027
29421,0.040526
29422,0.061803
29423,0.083656
29424,0.084697
29425,0.072625
29426,0.060829
29427,0.041230
29428,-0.024851
29429,-0.029768
29430,-0.068633
29431,-0.073764
29432,-0.091088
29433,-0.080880
29434,-0.036274
29435,-0.008403
29436,0.011950
29437,0.018826
29438,0.065757
29439,0.096189
29440,0.083376
29441,0.048921
29442,0.025714
29443,-0.017011
29444,-0.066873
29445,-0.035555
29446,-0.009388
29447,-0.025135
29448,0.006625
29449,-0.005510
29450,-0.007735
29451,-0.005858
29452,-0.036753
29453,-0.072360
29454,-0.015318
29455,0.002378
29456,-0.050317
29457,-0.001452
29458,0.037092
29459,0.014023
29460,0.037843
29461,0.074160
29462,0.049824
29463,0.037163
29464,-0.022478
29465,-0.059807
29466,-0.038988
29467,-0.092579
29468,-0.052912
29469,-0.004849
29470,0.003780
29471,0.052999
29472,0.072138
29473,0.051072
29474,0.017850
29475,0.068830
29476,-0.000976
29477,-0.018133
29478,-0.053981
29479,-0.110721
29480,-0.074877
29481,-0.044799
29482,0.008679
29483,0.037205
29484,0.074948
29485,0.073307
29486,0.019268
29487,0.067897
29488,0.033566
29489,-0.037731
29490,-0.024913
29491,-0.026130
29492,-0.026759
29493,-0.052988
29494,-0.016521
29495,0.028428
29496,0.065260
29497,0.041254
29498,0.007033
29499,-0.053920
29500,-0.036066
29501,-0.009992
29502,-0.052274
29503,-0.037726
29504,-0.025270
29505,-0.047868
29506,0.015428
29507,0.010861
29508,0.034508
29509,0.106507
29510,0.016684
29511,-0.006557
29512,0.003605
29513,-0.006040
29514,0.005133
29515,0.062549
29516,0.033915
29517,0.026908
29518,0.004577
29519,-0.037954
29520,-0.065763
29521,-0.043307
29522,-0.015072
29523,0.013652
29524,0.006612
29525,-0.066826
29526,-0.056150
29527,0.019834
29528,0.007717
29529,0.010778
29530,0.054289
29531,0.078403
29532,0.080942
29533,0.029859
29534,-0.028499
29535,-0.055662
29536,-0.034324
29537,-0.024280
29538,-0.062869
29539,-0.070570
29540,-0.052868
29541,-0.013618
29542,0.022187
29543,0.032505
29544,0.044297
29545,0.091561
29546,0.084515
29547,0.021246
29548,-0.037194
29549,-0.031691
29550,-0.034634
29551,0.032678
29552,0.021461
29553,0.003423
29554,0.018607
29555,-0.036134
29556,-0.082934
29557,-0.107680
29558,-0.110788
29559,0.001649
29560,0.091490
29561,0.071308
29562,0.065489
29563,0.011793
29564,-0.036320
29565,-0.008707
29566,-0.003641
29567,0.047634
29568,0.084861
29569,0.069039
29570,-0.003748
29571,-0.026592
29572,-0.060245
29573,-0.146335
29574,-0.077359
29575,-0.030252
29576,0.024924
29577,0.100782
29578,0.056099
29579,0.075372
29580,0.026403
29581,-0.004421
29582,-0.014175
29583,-0.019074
29584,-0.069005
29585,-0.030183
29586,0.017172
29587,-0.003419
29588,0.017347
29589,0.015060
29590,-0.001393
29591,-0.036073
29592,-0.007121
29593,0.030218
29594,-0.026186
29595,-0.048012
29596,-0.066101
29597,-0.027661
29598,0.026202
29599,0.030762
29600,0.082863
29601,0.081347
29602,0.041031
29603,0.053417
29604,0.021688
29605,-0.042879
29606,-0.034179
29607,-0.024981
29608,-0.026691
29609,0.010245
29610,-0.035613
29611,-0.065198
29612,-0.094903
29613,-0.072713
29614,-0.015291
29615,0.008202
29616,0.137671
29617,0.132239
29618,0.095871
29619,0.007440
29620,-0.013265
29621,-0.081478
29622,-0.073061
29623,-0.047148
29624,-0.025621
29625,-0.038058
29626,-0.019892
29627,-0.003572
29628,0.018355
29629,0.046801
29630,0.031029
29631,0.051196
29632,0.033718
29633,-0.035572
29634,0.006611
29635,0.023956
29636,-0.043823
29637,-0.045077
29638,-0.066521
29639,-0.090642
29640,-0.024421
29641,0.055309
29642,0.072734
29643,0.070493
29644,0.050615
29645,0.067451
29646,0.059370
29647,-0.027949
29648,-0.057035
29649,-0.042283
29650,-0.020034
29651,0.021271
29652,0.043256
29653,-0.011662
29654,-0.004234
29655,-0.035687
29656,-0.062360
29657,-0.063161
29658,0.011413
29659,0.041193
29660,0.001245
29661,-0.054544
29662,-0.050567
29663,-0.002294
29664,0.045760
29665,0.061616
29666,0.046527
29667,0.062730
29668,0.022036
29669,-0.042840
29670,-0.070150
29671,-0.071145
29672,-0.024530
29673,0.015387
29674,0.045693
29675,0.037801
29676,-0.017949
29677,-0.046636
29678,-0.016670
29679,-0.017400
29680,0.035451
29681,0.096445
29682,0.079735
29683,0.057158
29684,-0.029355
29685,-0.071237
29686,-0.082767
29687,-0.067833
29688,0.032995
29689,0.050876
29690,0.011036
29691,0.013760
29692,-0.002570
29693,-0.045617
29694,-0.109907
29695,-0.068248
29696,-0.009952
29697,0.028864
29698,0.091393
29699,0.040814
29700,0.002841
29701,-0.032912
29702,-0.049280
29703,-0.001115
29704,0.053096
29705,0.040781
29706,0.027064
29707,0.027847
29708,0.003437
29709,-0.000855
29710,0.005230
29711,-0.041129
29712,-0.045307
29713,-0.073786
29714,-0.023278
29715,0.038698
29716,0.044636
29717,0.082808
29718,0.090666
29719,0.003233
29720,-0.063618
29721,-0.109350
29722,-0.062770
29723,0.008377
29724,0.035273
29725,0.003380
29726,0.001441
29727,-0.026741
29728,-0.003690
29729,0.050632
29730,0.052153
29731,0.024618
29732,-0.022165
29733,-0.049381
29734,-0.079153
29735,-0.052142
29736,-0.058695
29737,-0.021378
29738,0.030940
29739,0.052653
29740,0.044473
29741,0.077626
29742,0.083454
29743,0.066497
29744,0.041938
29745,0.000963
29746,-0.028995
29747,-0.082271
29748,-0.064236
29749,-0.025861
29750,-0.056964
29751,-0.044855
29752,-0.002259
29753,0.048737
29754,0.072850
29755,0.041854
29756,-0.003308
29757,-0.006475
29758,-0.006027
29759,-0.014437
29760,-0.031090
29761,-0.046609
29762,-0.031441
29763,-0.048959
29764,-0.096968
29765,-0.032983
29766,0.036330
29767,0.106305
29768,0.118016
29769,0.085036
29770,0.102859
29771,0.085280
29772,-0.023856
29773,-0.094416
29774,-0.069069
29775,-0.058426
29776,-0.035366
29777,0.033015
29778,0.025443
29779,-0.046508
29780,-0.033115
29781,-0.034321
29782,-0.019582
29783,0.041068
29784,0.055248
29785,0.022245
29786,-0.035794
29787,-0.060762
29788,-0.075513
29789,0.008866
29790,0.037159
29791,0.058608
29792,0.042619
29793,-0.000430
29794,-0.030891
29795,0.015449
29796,0.011575
29797,0.038102
29798,0.042457
29799,0.004578
29800,-0.039516
29801,-0.086232
29802,-0.109146
29803,-0.092352
29804,-0.008091
29805,0.027974
29806,0.082781
29807,0.096522
29808,0.072680
29809,0.054021
29810,0.058390
29811,0.029116
29812,-0.016077
29813,-0.047319
29814,-0.051652
29815,-0.078648
29816,-0.035079
29817,-0.074386
29818,-0.055275
29819,0.008087
29820,0.006935
29821,0.042548
29822,0.046374
29823,0.020933
29824,-0.003477
29825,-0.004027
29826,0.033345
29827,0.002507
29828,0.076573
29829,0.003784
29830,0.007319
29831,-0.024468
29832,-0.073177
29833,-0.071161
29834,-0.052788
29835,-0.041474
29836,-0.008931
29837,-0.000603
29838,0.027075
29839,0.014212
29840,0.043204
29841,0.061726
29842,0.031150
29843,0.069665
29844,0.003296
29845,0.029417
29846,-0.001206
29847,-0.039958
29848,-0.039727
29849,-0.019795
29850,-0.019527
29851,0.012570
29852,-0.038787
29853,-0.022789
29854,0.023056
29855,0.037819
29856,0.007178
29857,-0.042233
29858,-0.032132
29859,-0.046602
29860,-0.063398
29861,0.006678
29862,0.042781
29863,0.013253
29864,0.001414
29865,0.012245
29866,0.032616
29867,0.023283
29868,0.066346
29869,0.078341
29870,0.043712
29871,-0.013016
29872,-0.052984
29873,-0.078328
29874,-0.069670
29875,-0.010895
29876,0.008779
29877,-0.012532
29878,-0.018586
29879,0.025814
29880,0.045488
29881,0.067860
29882,0.038693
29883,-0.050763
29884,-0.104791
29885,-0.056745
29886,-0.032069
29887,0.009114
29888,0.063024
29889,0.077476
29890,0.038235
29891,-0.038176
29892,-0.073900
29893,-0.013864
29894,-0.010193
29895,-0.005385
29896,0.027274
29897,0.042047
29898,0.096358
29899,0.047617
29900,-0.010086
29901,-0.013684
29902,-0.063658
29903,-0.068875
29904,-0.005447
29905,0.031600
29906,0.028894
29907,-0.026402
29908,-0.058692
29909,-0.025145
29910,0.009080
29911,0.004788
29912,0.028888
29913,-0.008484
29914,-0.071350
29915,-0.034071
29916,-0.009641
29917,0.036863
29918,0.037057
29919,0.053612
29920,0.031884
29921,-0.022028
29922,-0.022919
29923,0.036597
29924,0.057518
29925,0.038805
29926,0.001251
29927,-0.068143
29928,-0.072906
29929,-0.075371
29930,-0.051967
29931,0.000551
29932,0.017119
29933,-0.023171
29934,232.892441
29935,1538.090454
29936,318.979889
29937,19.470837
29938,500.579926
29939,-21.687309
29940,-47.348122
29941,-40.290142
29942,-32.158852
29943,-16.970158
29944,32.715588
29945,58.948860
29946,54.620472
29947,12.252955
29948,-21.991842
29949,-36.382214
29950,-32.595387
29951,-20.759394
29952,-15.761633
29953,-2.381082
29954,16.375389
29955,35.767765
29956,28.820160
29957,2.841966
29958,-17.470362
29959,-15.795740
29960,8.877682
29961,13.499391
29962,16.296522
29963,-5.557259
29964,-24.060492
29965,-32.195568
29966,-15.036856
29967,17.138796
29968,37.578201
29969,27.705805
29970,5.085237
29971,-12.354792
29972,-25.814779
29973,-21.370638
29974,-1.340199
29975,14.254518
29976,21.702559
29977,17.928408
29978,2.825932
29979,-19.209055
29980,-44.784122
29981,-42.116070
29982,-13.018858
29983,2.131592
29984,17.925188
29985,18.770021
29986,28.948446
29987,30.215244
29988,12.234006
29989,0.051261
29990,0.028467
29991,0.011329
29992,-0.027559
29993,0.016979
29994,0.112947
29995,0.093288
29996,0.024445
29997,-0.049767
29998,-0.104606
29999,-0.131130
