Index,Voltage_mV
0,0.097752
1,0.058560
2,0.012220
3,0.053497
4,-0.016098
5,-0.042315
6,-0.000898
7,-0.006255
8,0.031891
9,0.043360
10,0.015490
11,-0.015951
12,-0.064678
13,-0.060933
14,-0.047384
15,-0.022629
16,0.036679
17,0.071824
18,0.053967
19,0.093728
20,0.064346
21,-0.000172
22,-0.017885
23,-0.017583
24,-0.033084
25,-0.027268
26,-0.008648
27,-0.038484
28,-0.053945
29,-0.027693
30,0.049779
31,0.048996
32,0.008327
33,-0.018938
34,-0.032158
35,0.000299
36,0.004492
37,0.022370
38,-0.015529
39,-0.072580
40,-0.039307
41,-0.028614
42,0.006625
43,0.025473
44,-0.001763
45,0.003604
46,0.053141
47,0.099666
48,0.042248
49,-0.016620
50,-0.054277
51,-0.034213
52,-0.065937
53,-0.099095
54,-0.062264
55,-0.031675
56,0.025093
57,0.080935
58,0.100402
59,0.084746
60,0.057153
61,0.019503
62,0.021689
63,-0.039461
64,-0.016063
65,0.005776
66,-0.055768
67,-0.039467
68,-0.007783
69,-0.039380
70,-0.011844
71,0.037475
72,0.066743
73,0.039831
74,-0.012933
75,-0.044430
76,-0.020485
77,0.020272
78,0.014850
79,-0.007925
80,-0.035719
81,-0.008813
82,-0.018256
83,-0.034038
84,-0.011306
85,-0.014939
86,0.020053
87,0.033075
88,0.038348
89,-0.018958
90,-0.024383
91,0.015018
92,0.032757
93,0.005624
94,-0.002416
95,0.016326
96,0.015386
97,-0.031072
98,-0.053013
99,-0.022939
100,-0.025027
101,0.024128
102,0.069122
103,0.083447
104,0.078792
105,0.009876
106,-0.039902
107,-0.027697
108,0.012818
109,-0.014874
110,-0.089533
111,-0.123051
112,-0.079370
113,-0.032080
114,-0.004598
115,0.051914
116,0.018703
117,0.002668
118,0.022559
119,0.061081
120,0.025252
121,0.005092
122,0.014636
123,-0.000051
124,-0.032449
125,-0.001121
126,-0.013820
127,-0.051724
128,-0.044641
129,-0.001999
130,0.028620
131,0.041883
132,0.050143
133,0.056795
134,0.032733
135,0.012878
136,-0.025184
137,-0.028382
138,-0.009052
139,-0.036820
140,-0.023567
141,-0.039998
142,-0.027868
143,0.015470
144,0.030771
145,0.044177
146,0.023350
147,0.007597
148,0.015186
149,0.034620
150,0.038833
151,-0.022448
152,-0.055632
153,-0.103579
154,-0.025939
155,0.005460
156,0.020484
157,0.082136
158,0.063300
159,-0.059913
160,-0.110972
161,-0.060559
162,-0.014280
163,0.068417
164,0.107032
165,0.103526
166,0.030372
167,-0.056048
168,-0.076539
169,-0.103278
170,-0.105823
171,-0.075672
172,-0.040024
173,0.049937
174,0.031077
175,0.085203
176,0.091663
177,0.050123
178,0.021934
179,0.029850
180,0.023147
181,-0.050891
182,-0.015903
183,0.029932
184,0.025771
185,-0.070847
186,-0.084887
187,-0.053661
188,-0.013456
189,-0.010554
190,0.013831
191,0.057953
192,0.088995
193,0.049924
194,0.000605
195,-0.023216
196,-0.043929
197,-0.066530
198,-0.054727
199,-0.012601
200,0.046280
201,0.054320
202,0.048208
203,0.002343
204,-0.051750
205,-0.008447
206,0.010938
207,0.002703
208,0.031885
209,0.030042
210,0.009672
211,-0.057656
212,-0.080302
213,-0.046466
214,-0.062714
215,0.029288
216,0.074682
217,0.065277
218,0.071291
219,-0.012008
220,0.023184
221,0.050671
222,-0.015434
223,-0.031603
224,-0.021742
225,-0.020759
226,0.030713
227,0.000102
228,-0.054538
229,-0.033954
230,-0.043268
231,-0.013717
232,0.015996
233,-0.010438
234,0.005405
235,0.042172
236,0.032421
237,0.039095
238,0.020681
239,-0.006844
240,-0.006466
241,-0.029836
242,-0.061698
243,-0.063813
244,-0.048850
245,0.023189
246,0.042846
247,0.049358
248,0.063327
249,0.037785
250,0.005282
251,-0.048999
252,-0.027238
253,0.000364
254,-0.004651
255,0.019692
256,-0.001971
257,-0.010782
258,-0.011061
259,-0.015910
260,0.012823
261,-0.027304
262,-0.038776
263,0.019360
264,-0.000233
265,-0.039313
266,0.023321
267,0.027418
268,0.054508
269,0.063706
270,0.021571
271,0.012130
272,0.020018
273,-0.012207
274,-0.043781
275,-0.021411
276,-0.037629
277,-0.014417
278,0.017074
279,0.047485
280,0.038941
281,0.043537
282,0.005948
283,-0.045953
284,-0.062849
285,-0.074854
286,-0.035171
287,-0.017916
288,-0.011497
289,0.000036
290,0.054702
291,0.026614
292,-0.000888
293,-0.049284
294,-0.007271
295,0.063016
296,0.070069
297,0.029525
298,0.022628
299,-0.003394
300,462.069946
301,748.262146
302,8.942824
303,1136.715210
304,1057.920410
305,-2.331253
306,-16.861595
307,-42.845371
308,-63.353577
309,-42.005459
310,5.252391
311,33.508286
312,27.449160
313,16.950205
314,15.069070
315,21.929115
316,32.404785
317,7.163193
318,-23.191364
319,-22.200249
320,-14.729300
321,-5.646453
322,0.388835
323,-7.811803
324,-10.901682
325,0.003342
326,10.814222
327,22.282299
328,19.279848
329,16.427542
330,8.009570
331,-16.300356
332,-41.759083
333,-48.861603
334,-31.696066
335,11.935852
336,37.268620
337,29.974104
338,19.514708
339,0.723189
340,-11.442029
341,-11.658506
342,1.231822
343,5.364330
344,10.488065
345,4.172323
346,-2.557329
347,5.732241
348,-10.790312
349,-25.922991
350,-16.826918
351,10.660472
352,32.639042
353,19.056400
354,-0.012921
355,-0.057113
356,-0.047031
357,0.021000
358,0.023580
359,-0.000552
360,0.043552
361,0.002654
362,-0.001533
363,0.003809
364,-0.011672
365,-0.095687
366,-0.144825
367,-0.055702
368,0.036926
369,0.070985
370,0.082067
371,0.119783
372,0.086681
373,-0.007806
374,-0.006529
375,0.027696
376,-0.031825
377,-0.021652
378,0.055207
379,-0.013037
380,-0.065733
381,-0.057450
382,-0.053065
383,-0.053823
384,-0.036618
385,0.019859
386,0.048114
387,0.017404
388,0.010431
389,0.010423
390,0.051420
391,-0.000891
392,-0.036417
393,-0.019689
394,-0.021814
395,-0.025645
396,0.017843
397,0.031769
398,0.040579
399,0.022866
400,0.018221
401,0.015330
402,-0.013260
403,-0.060773
404,-0.051787
405,0.009516
406,0.031749
407,0.033419
408,-0.012024
409,-0.020940
410,-0.011649
411,-0.034073
412,0.009641
413,0.007362
414,0.014067
415,0.052999
416,0.026215
417,-0.046821
418,-0.073500
419,-0.051066
420,0.028109
421,0.101370
422,0.045584
423,0.012190
424,0.015428
425,-0.001870
426,-0.018097
427,-0.026333
428,-0.015527
429,-0.014356
430,-0.073612
431,-0.047910
432,-0.024341
433,-0.011587
434,0.048545
435,0.044561
436,0.030890
437,-0.013127
438,-0.019171
439,-0.012655
440,0.049230
441,0.054481
442,0.049574
443,0.012896
444,-0.052134
445,-0.060237
446,-0.028596
447,0.031844
448,0.035184
449,0.044090
450,0.061486
451,0.025651
452,-0.018952
453,-0.081841
454,-0.055805
455,-0.021817
456,-0.039320
457,-0.051585
458,-0.003392
459,0.017859
460,0.043494
461,0.049358
462,0.016510
463,-0.001073
464,-0.026691
465,-0.001137
466,0.014713
467,-0.064373
468,-0.077400
469,-0.062475
470,-0.000685
471,0.076408
472,0.051149
473,0.048680
474,0.030302
475,0.088101
476,0.095396
477,0.065593
478,-0.039378
479,-0.093651
480,-0.134871
481,-0.133766
482,-0.048865
483,0.023579
484,0.041163
485,0.066002
486,0.046500
487,0.054706
488,0.054778
489,0.002220
490,-0.016288
491,-0.018418
492,-0.064112
493,-0.064397
494,-0.055830
495,-0.042157
496,-0.039327
497,0.019281
498,0.043907
499,0.093578
500,0.100158
501,0.024645
502,-0.014402
503,-0.030685
504,-0.008898
505,-0.019209
506,-0.013453
507,0.019497
508,0.020271
509,-0.011456
510,0.030138
511,0.017718
512,-0.047362
513,-0.066818
514,-0.020211
515,-0.021297
516,-0.071203
517,-0.028007
518,0.041904
519,0.058150
520,0.037659
521,0.002510
522,0.010358
523,0.013097
524,0.004205
525,-0.025411
526,0.011231
527,0.031402
528,0.014556
529,-0.020302
530,-0.047516
531,-0.083242
532,-0.022700
533,0.104854
534,0.075808
535,0.042758
536,-0.006951
537,-0.040131
538,-0.037123
539,-0.045505
540,-0.008345
541,-0.007040
542,-0.011972
543,-0.063537
544,-0.049555
545,0.007700
546,0.063213
547,0.085822
548,0.112612
549,0.098898
550,0.011528
551,-0.088501
552,-0.048711
553,-0.076516
554,-0.042495
555,-0.022823
556,-0.048304
557,0.018544
558,0.015433
559,0.063795
560,0.076375
561,0.033604
562,0.005659
563,-0.038306
564,-0.067667
565,-0.016381
566,-0.000242
567,-0.027991
568,0.023618
569,0.042341
570,0.024506
571,0.002993
572,0.001209
573,-0.032338
574,-0.072903
575,-0.047704
576,-0.046395
577,-0.012136
578,0.018555
579,0.013835
580,0.029984
581,-0.007728
582,0.009348
583,0.071190
584,0.049204
585,0.052031
586,0.022834
587,0.010606
588,0.006837
589,-0.041216
590,-0.068212
591,-0.053450
592,-0.040129
593,-0.082714
594,-0.051576
595,-0.007078
596,0.045939
597,0.085119
598,0.053316
599,0.095704
600,0.103277
601,0.034020
602,-0.081769
603,-0.107399
604,-0.037554
605,0.025543
606,0.018252
607,-0.014228
608,0.019636
609,0.059685
610,0.029778
611,-0.024718
612,-0.012608
613,-0.039089
614,-0.013310
615,-0.005190
616,-0.010614
617,-0.000865
618,0.004265
619,-0.043134
620,-0.015003
621,0.059132
622,0.040131
623,0.058822
624,0.059131
625,0.045886
626,0.051995
627,-0.000562
628,-0.047482
629,-0.100140
630,-0.081973
631,-0.050642
632,-0.074838
633,-0.047499
634,0.013664
635,0.079754
636,0.061326
637,0.023494
638,0.010107
639,0.004338
640,0.007875
641,-0.016131
642,0.006980
643,-0.008498
644,0.015516
645,-0.017064
646,-0.032552
647,-0.038421
648,-0.018700
649,-0.028015
650,0.017014
651,-0.006858
652,0.052358
653,0.093501
654,0.090085
655,0.065012
656,-0.029378
657,-0.066592
658,-0.083817
659,-0.043970
660,-0.017587
661,-0.041458
662,-0.020952
663,0.027199
664,0.025431
665,0.048379
666,0.035684
667,0.010709
668,-0.050565
669,-0.066362
670,-0.063561
671,0.021083
672,0.023654
673,0.043100
674,0.076820
675,0.046007
676,0.005401
677,-0.028519
678,-0.043491
679,0.004837
680,-0.005220
681,-0.039153
682,-0.024648
683,-0.055858
684,0.008067
685,0.044014
686,0.043060
687,0.044121
688,0.059543
689,0.034586
690,0.060920
691,-0.003198
692,-0.009911
693,-0.079304
694,-0.096994
695,-0.089436
696,-0.042954
697,0.013209
698,0.059113
699,0.044043
700,0.029147
701,-0.008125
702,-0.019356
703,0.006220
704,0.050681
705,0.046336
706,0.043845
707,0.034161
708,-0.019459
709,-0.035261
710,-0.033028
711,-0.049735
712,-0.051250
713,-0.044022
714,-0.033304
715,0.045153
716,0.055878
717,0.041970
718,0.012223
719,-0.016216
720,0.025518
721,-0.053376
722,-0.019685
723,-0.005734
724,-0.045300
725,-0.030230
726,0.016526
727,0.021471
728,0.015291
729,0.023985
730,0.059900
731,0.001113
732,-0.028301
733,0.003905
734,0.036200
735,-0.001071
736,-0.024074
737,-0.020074
738,-0.042540
739,0.004121
740,0.040124
741,-0.012578
742,0.021281
743,0.042765
744,0.017283
745,-0.011395
746,-0.042174
747,-0.067210
748,0.000326
749,0.005611
750,0.023007
751,0.039498
752,0.006534
753,0.030174
754,0.036876
755,-0.019214
756,-0.064153
757,-0.052107
758,-0.038962
759,-0.032185
760,-0.031089
761,0.002723
762,0.017430
763,0.008545
764,0.081877
765,0.045447
766,0.010455
767,0.026569
768,0.037999
769,0.016048
770,-0.018936
771,0.027236
772,-0.011821
773,-0.049817
774,-0.029070
775,-0.072953
776,-0.073172
777,-0.041988
778,0.014792
779,0.031552
780,0.037137
781,0.050652
782,0.090638
783,0.027840
784,0.035132
785,0.029653
786,-0.001603
787,-0.079298
788,-0.088105
789,-0.057370
790,-0.003420
791,0.011801
792,0.056509
793,0.014765
794,0.029223
795,0.038163
796,0.011352
797,-0.003769
798,-0.052784
799,-0.073123
800,0.003839
801,0.066347
802,0.052686
803,-0.042463
804,-0.007275
805,0.026983
806,0.005725
807,0.016012
808,0.016214
809,-0.024415
810,0.029886
811,0.023125
812,-0.049493
813,-0.051008
814,-0.053145
815,-0.047821
816,-0.043505
817,0.016773
818,0.083605
819,0.073612
820,0.066388
821,0.015930
822,-0.047349
823,-0.067188
824,-0.066214
825,-0.016463
826,0.059002
827,0.025498
828,0.052793
829,0.033006
830,0.087870
831,0.029783
832,-0.010355
833,-0.022041
834,-0.078803
835,-0.087580
836,-0.062534
837,-0.040179
838,-0.010082
839,0.066248
840,0.050120
841,0.038108
842,0.028212
843,0.007946
844,-0.015271
845,0.002934
846,0.015199
847,0.016265
848,-0.018208
849,-0.049998
850,-0.055889
851,-0.030668
852,-0.002080
853,-0.024267
854,-0.006883
855,0.040096
856,0.071054
857,0.051303
858,0.025097
859,-0.013719
860,-0.038817
861,-0.049205
862,-0.045338
863,-0.015812
864,0.022502
865,0.041612
866,-0.039409
867,-0.106172
868,-0.034224
869,0.027354
870,0.033366
871,0.055711
872,0.057348
873,0.035477
874,0.047815
875,0.033740
876,-0.003766
877,-0.049101
878,-0.014600
879,-0.004588
880,-0.022922
881,-0.038008
882,0.024718
883,0.020187
884,0.022264
885,-0.011800
886,-0.042314
887,-0.055580
888,-0.023061
889,-0.010057
890,-0.014912
891,0.083411
892,0.051238
893,-0.035260
894,-0.042071
895,-0.009105
896,-0.034492
897,-0.086945
898,-0.029535
899,-0.014526
900,0.038490
901,0.084290
902,0.058722
903,0.054317
904,0.045833
905,0.047274
906,0.001169
907,-0.026823
908,-0.019818
909,-0.020807
910,-0.002099
911,0.044026
912,0.004196
913,-0.026715
914,-0.021269
915,-0.057070
916,-0.081488
917,-0.012349
918,-0.006042
919,0.073649
920,0.094771
921,0.028942
922,-0.052097
923,-0.116064
924,-0.031497
925,0.003093
926,0.024383
927,0.031031
928,0.026933
929,0.015657
930,0.023467
931,0.042444
932,-0.005304
933,-0.050942
934,-0.069481
935,-0.070464
936,-0.048175
937,0.030603
938,0.091474
939,0.035989
940,-0.010367
941,0.010783
942,0.042464
943,0.075074
944,0.019739
945,-0.042675
946,-0.064786
947,-0.021151
948,-0.051256
949,-0.008993
950,0.068108
951,0.046356
952,0.020422
953,-0.028645
954,-0.025105
955,-0.043130
956,-0.022161
957,-0.000630
958,-0.068990
959,0.021380
960,0.018926
961,0.039677
962,0.070748
963,0.015791
964,0.008427
965,-0.015436
966,-0.032076
967,-0.026169
968,-0.041334
969,-0.022293
970,0.015591
971,-0.023997
972,0.003264
973,-0.005182
974,-0.011733
975,0.018383
976,-0.027745
977,0.014192
978,0.077996
979,0.064169
980,0.050474
981,-0.000299
982,-0.059025
983,-0.004847
984,-0.034766
985,-0.054828
986,-0.012891
987,-0.032632
988,-0.015067
989,-0.009753
990,0.034816
991,0.065023
992,0.049221
993,0.050045
994,0.036588
995,-0.006075
996,-0.017867
997,0.004961
998,0.030160
999,-0.013007
1000,-0.035092
1001,-0.022814
1002,-0.044376
1003,-0.027119
1004,-0.058030
1005,-0.067305
1006,0.051685
1007,0.059254
1008,0.011994
1009,-0.010641
1010,-0.035167
1011,-0.031473
1012,0.002289
1013,0.027431
1014,0.044179
1015,0.033327
1016,-0.005207
1017,0.008231
1018,0.041163
1019,0.031214
1020,-0.029611
1021,-0.023421
1022,0.056015
1023,-0.002909
1024,-0.037740
1025,-0.078644
1026,-0.073818
1027,-0.033010
1028,0.011886
1029,0.068490
1030,0.058194
1031,0.089281
1032,0.033638
1033,0.001397
1034,0.014070
1035,-0.061363
1036,-0.098991
1037,-0.099291
1038,-0.023046
1039,0.023615
1040,0.009526
1041,0.046274
1042,0.051164
1043,0.057151
1044,0.021963
1045,0.026613
1046,-0.016072
1047,-0.034309
1048,-0.050720
1049,-0.090905
1050,-0.048894
1051,-0.021302
1052,0.070003
1053,0.081023
1054,0.065894
1055,0.003848
1056,-0.052275
1057,-0.039441
1058,-0.051394
1059,0.015042
1060,0.038190
1061,-0.037955
1062,0.020896
1063,0.039600
1064,-0.008119
1065,0.005682
1066,0.029119
1067,0.043861
1068,0.050628
1069,0.040175
1070,0.021067
1071,-0.092333
1072,-0.104340
1073,-0.053318
1074,-0.065287
1075,-0.060699
1076,0.029789
1077,0.012829
1078,0.059644
1079,0.088170
1080,0.024899
1081,0.012295
1082,0.025725
1083,-0.009643
1084,0.026142
1085,-0.028662
1086,-0.045808
1087,-0.026735
1088,-0.001691
1089,0.017014
1090,0.027055
1091,0.016887
1092,0.012576
1093,-0.027880
1094,-0.038002
1095,0.020055
1096,0.017118
1097,-0.011692
1098,-0.037498
1099,-0.043487
1100,-0.034006
1101,0.023459
1102,0.068048
1103,0.066654
1104,0.051838
1105,0.034974
1106,-0.014820
1107,-0.015597
1108,-0.049189
1109,-0.053945
1110,-0.016525
1111,0.016292
1112,0.037585
1113,0.026091
1114,-0.018877
1115,-0.026586
1116,-0.015022
1117,-0.044006
1118,-0.033214
1119,-0.018872
1120,-0.010331
1121,0.011925
1122,0.003668
1123,-0.022688
1124,-0.001198
1125,0.029504
1126,0.070816
1127,0.096352
1128,0.062009
1129,0.032499
1130,-0.009096
1131,-0.052089
1132,-0.007490
1133,-0.036253
1134,-0.056491
1135,-0.048989
1136,-0.060590
1137,-0.037953
1138,0.013333
1139,0.051098
1140,0.063763
1141,0.014825
1142,0.031497
1143,0.022296
1144,-0.004640
1145,0.030589
1146,0.048371
1147,-0.001935
1148,-0.002799
1149,-0.006664
1150,-0.033509
1151,-0.022151
1152,-0.033767
1153,-0.053873
1154,0.050114
1155,0.072340
1156,0.063438
1157,0.018090
1158,0.011152
1159,-0.010972
1160,-0.048168
1161,-0.028202
1162,0.002988
1163,0.029934
1164,0.060965
1165,0.005597
1166,-0.009517
1167,-0.009507
1168,-0.017455
1169,-0.059059
1170,-0.040451
1171,-0.038351
1172,-0.033757
1173,0.048490
1174,0.017339
1175,-0.001176
1176,0.022106
1177,0.040961
1178,-0.002384
1179,0.013064
1180,0.017809
1181,-0.033531
1182,-0.013714
1183,0.041624
1184,-0.015303
1185,0.001989
1186,-0.013785
1187,-0.001635
1188,0.039413
1189,-0.023873
1190,0.008568
1191,0.025055
1192,-0.009150
1193,0.024255
1194,-0.013851
1195,-0.047313
1196,-0.033961
1197,-0.087319
1198,-0.060213
1199,-0.052560
1200,0.049287
1201,0.096034
1202,0.039453
1203,0.075046
1204,0.088248
1205,0.078131
1206,0.021140
1207,-0.021471
1208,-0.054228
1209,-0.072613
1210,-0.066154
1211,-0.050217
1212,-0.028646
1213,0.014377
1214,0.004470
1215,-0.016497
1216,-0.052140
1217,-0.017874
1218,-0.016658
1219,0.044063
1220,0.036311
1221,0.026750
1222,0.010355
1223,-0.016563
1224,-0.003777
1225,-0.008511
1226,0.012475
1227,-0.013740
1228,-0.017411
1229,-0.013490
1230,-0.008267
1231,0.025144
1232,0.034066
1233,0.036195
1234,-0.014996
1235,0.011186
1236,0.061071
1237,0.040980
1238,0.023988
1239,-0.021073
1240,-0.059336
1241,-0.131755
1242,-0.057806
1243,-0.018195
1244,-0.009051
1245,0.000723
1246,0.026711
1247,0.026579
1248,0.068527
1249,0.049492
1250,-0.005383
1251,-0.013486
1252,0.027476
1253,0.035053
1254,-0.002922
1255,0.006423
1256,-0.042953
1257,-0.032462
1258,-0.056401
1259,-0.068267
1260,-0.021546
1261,0.060307
1262,0.090395
1263,0.055266
1264,-0.003313
1265,-0.009054
1266,-0.052014
1267,0.035010
1268,0.047125
1269,-0.053050
1270,-0.059940
1271,-0.078751
1272,-0.090900
1273,-0.001560
1274,0.063285
1275,0.023688
1276,-0.021052
1277,-0.004553
1278,0.002143
1279,0.002615
1280,0.039222
1281,0.086350
1282,0.106077
1283,0.094808
1284,-0.025361
1285,-0.098676
1286,-0.086742
1287,-0.085072
1288,-0.085187
1289,-0.036390
1290,0.083513
1291,0.096001
1292,0.083043
1293,0.085985
1294,0.067899
1295,0.034427
1296,-0.001517
1297,-0.098954
1298,-0.169688
1299,-0.117258
1300,-0.105442
1301,-0.100812
1302,-0.056349
1303,-0.006738
1304,0.032212
1305,0.077889
1306,0.096371
1307,0.073184
1308,0.082399
1309,0.074670
1310,0.027668
1311,0.014379
1312,0.013611
1313,-0.011078
1314,-0.062683
1315,-0.030454
1316,-0.023101
1317,-0.077188
1318,-0.035507
1319,-0.040430
1320,-0.024286
1321,-0.008828
1322,0.000202
1323,0.054836
1324,0.068068
1325,0.070499
1326,0.039153
1327,-0.036825
1328,-0.051089
1329,0.005800
1330,-0.018494
1331,-0.039238
1332,0.002423
1333,0.041545
1334,0.017145
1335,-0.033221
1336,-0.034293
1337,-0.020484
1338,0.003598
1339,0.039680
1340,0.073606
1341,0.011231
1342,-0.010491
1343,0.006685
1344,-0.017615
1345,-0.030113
1346,-0.037617
1347,-0.092238
1348,-0.000325
1349,0.059370
1350,0.023613
1351,0.018219
1352,0.076657
1353,0.068778
1354,0.045245
1355,-0.002515
1356,-0.060590
1357,-0.075765
1358,-0.048271
1359,-0.051565
1360,-0.008833
1361,0.006895
1362,0.008393
1363,0.008230
1364,0.000244
1365,0.006117
1366,0.055136
1367,0.075231
1368,0.039201
1369,0.034552
1370,0.021976
1371,-0.066632
1372,-0.070886
1373,-0.024385
1374,0.024879
1375,0.025645
1376,0.013217
1377,0.009044
1378,-0.027716
1379,-0.044811
1380,-0.050786
1381,0.006481
1382,0.016157
1383,0.064712
1384,0.071061
1385,0.044428
1386,-0.027813
1387,-0.086440
1388,-0.061380
1389,-0.082991
1390,-0.048046
1391,0.017526
1392,0.035727
1393,0.029093
1394,0.004851
1395,0.015494
1396,0.022725
1397,0.012616
1398,0.046322
1399,-0.034549
1400,-0.059366
1401,-0.067679
1402,-0.053698
1403,0.016033
1404,0.068780
1405,0.039103
1406,0.030363
1407,0.063433
1408,0.025878
1409,0.025788
1410,0.042235
1411,0.017302
1412,0.032968
1413,0.001782
1414,-0.079437
1415,-0.049743
1416,-0.042702
1417,-0.096595
1418,-0.078605
1419,-0.035679
1420,0.002629
1421,0.064836
1422,0.020719
1423,0.009148
1424,0.013345
1425,0.021202
1426,0.033124
1427,0.016647
1428,0.031079
1429,0.032910
1430,-0.009132
1431,-0.012177
1432,-0.025548
1433,-0.033630
1434,0.015880
1435,-0.032063
1436,-0.046510
1437,-0.026430
1438,0.017112
1439,0.005152
1440,0.046439
1441,0.088903
1442,0.048754
1443,0.019289
1444,-0.009566
1445,-0.099467
1446,-0.114405
1447,-0.056331
1448,-0.004673
1449,-0.013923
1450,0.049646
1451,0.081485
1452,0.042513
1453,-0.004567
1454,0.026155
1455,0.058843
1456,0.063982
1457,0.040855
1458,0.034580
1459,-0.033806
1460,-0.117910
1461,-0.107429
1462,-0.106860
1463,-0.059387
1464,0.000473
1465,0.010203
1466,0.032939
1467,0.040591
1468,0.037576
1469,0.022099
1470,-0.001578
1471,0.004120
1472,-0.005703
1473,-0.023359
1474,0.006237
1475,0.069498
1476,0.086961
1477,0.011996
1478,-0.026204
1479,-0.007368
1480,-0.003651
1481,-0.073136
1482,-0.059990
1483,-0.046184
1484,-0.051021
1485,0.085624
1486,0.086387
1487,0.052978
1488,0.044090
1489,-0.009606
1490,-0.057928
1491,-0.032388
1492,0.026168
1493,-0.010180
1494,-0.033267
1495,-0.045468
1496,-0.074848
1497,-0.045012
1498,0.036425
1499,0.073187
1500,0.041105
1501,0.025898
1502,0.038130
1503,-0.018177
1504,-0.065122
1505,-0.051539
1506,-0.011793
1507,-0.009463
1508,0.037275
1509,0.011081
1510,-0.051299
1511,-0.040644
1512,0.001660
1513,0.010376
1514,0.044197
1515,0.095530
1516,0.075615
1517,0.005805
1518,-0.031456
1519,0.018345
1520,0.028652
1521,0.009243
1522,-0.045196
1523,-0.057959
1524,-0.060666
1525,-0.086467
1526,-0.017029
1527,0.037370
1528,0.039970
1529,0.021086
1530,0.008216
1531,-0.027909
1532,-0.043945
1533,-0.021416
1534,0.012977
1535,0.031322
1536,0.090550
1537,0.096263
1538,0.040050
1539,-0.033517
1540,-0.061577
1541,-0.069439
1542,-0.016453
1543,0.061774
1544,0.045275
1545,0.024445
1546,0.025761
1547,-0.028196
1548,-0.039797
1549,-0.035381
1550,-0.049506
1551,-0.051343
1552,0.030556
1553,0.050455
1554,0.024774
1555,0.052128
1556,0.005347
1557,-0.004880
1558,0.006742
1559,-0.018950
1560,-0.066965
1561,-0.028741
1562,-0.066590
1563,-0.026360
1564,0.026609
1565,0.060390
1566,0.074280
1567,0.027051
1568,-0.008952
1569,-0.034197
1570,-0.002660
1571,-0.023214
1572,-0.026028
1573,-0.016537
1574,0.001046
1575,0.060387
1576,0.036895
1577,-0.022240
1578,-0.075321
1579,-0.088905
1580,-0.032719
1581,0.022682
1582,0.080616
1583,0.068933
1584,0.081776
1585,0.046483
1586,0.024425
1587,-0.032371
1588,-0.081985
1589,-0.045168
1590,0.011789
1591,0.006140
1592,0.012290
1593,-0.011859
1594,-0.046643
1595,-0.060032
1596,-0.014546
1597,0.013454
1598,0.066018
1599,0.030137
1600,-0.037503
1601,-0.044489
1602,-0.013135
1603,0.020746
1604,-0.003484
1605,0.004783
1606,0.049209
1607,0.052186
1608,0.019807
1609,-0.011460
1610,-0.006399
1611,-0.012622
1612,-0.015156
1613,-0.025640
1614,-0.033373
1615,0.001607
1616,0.013357
1617,-0.005373
1618,-0.000786
1619,0.067856
1620,0.014365
1621,-0.031736
1622,-0.009014
1623,-0.048320
1624,-0.031035
1625,-0.019677
1626,0.013462
1627,0.003868
1628,-0.017517
1629,0.014112
1630,0.066673
1631,0.026499
1632,0.006988
1633,0.063595
1634,0.064524
1635,0.006440
1636,-0.027759
1637,-0.072481
1638,-0.105278
1639,-0.025975
1640,0.006869
1641,-0.015991
1642,0.049988
1643,0.016796
1644,0.018314
1645,0.017565
1646,-0.040342
1647,-0.021456
1648,0.017015
1649,0.005705
1650,0.053278
1651,0.007609
1652,-0.011456
1653,-0.014544
1654,-0.044240
1655,-0.021959
1656,0.005691
1657,-0.032258
1658,-0.023528
1659,-0.000847
1660,-0.012722
1661,0.008614
1662,0.021036
1663,0.025130
1664,0.011375
1665,-0.026199
1666,0.001713
1667,0.032112
1668,0.034894
1669,0.054960
1670,0.037796
1671,0.008764
1672,-0.051288
1673,-0.046811
1674,-0.056229
1675,-0.042215
1676,-0.002179
1677,0.023970
1678,0.049080
1679,0.019249
1680,-0.022467
1681,0.002956
1682,-0.002665
1683,-0.019888
1684,-0.052088
1685,0.009995
1686,0.042169
1687,-0.004196
1688,-0.030826
1689,-0.033935
1690,-0.062677
1691,-0.027916
1692,-0.000924
1693,-0.015299
1694,0.029422
1695,0.066575
1696,0.039718
1697,0.056922
1698,0.059357
1699,0.002974
1700,0.017337
1701,-0.058253
1702,-0.111778
1703,-0.056377
1704,-0.078685
1705,-0.042461
1706,-0.001127
1707,0.037740
1708,0.064990
1709,0.050053
1710,0.012591
1711,0.033247
1712,0.000792
1713,0.008243
1714,0.012211
1715,-0.017686
1716,-0.042447
1717,-0.032560
1718,-0.002547
1719,-0.010387
1720,0.025854
1721,0.055856
1722,0.011021
1723,0.051794
1724,0.046687
1725,0.023348
1726,-0.000098
1727,-0.026391
1728,-0.067033
1729,-0.041522
1730,-0.031963
1731,0.003614
1732,-0.006362
1733,-0.025336
1734,0.013936
1735,0.025810
1736,0.018316
1737,0.026759
1738,-0.037472
1739,-0.068494
1740,-0.033455
1741,-0.014408
1742,-0.011238
1743,-0.075312
1744,-0.022248
1745,-0.013748
1746,0.010007
1747,0.039232
1748,0.076123
1749,0.087465
1750,0.133205
1751,0.079660
1752,-0.015635
1753,-0.099310
1754,-0.089575
1755,-0.068454
1756,-0.042125
1757,0.023012
1758,0.052695
1759,-0.001523
1760,-0.006557
1761,-0.014339
1762,-0.021179
1763,-0.000243
1764,-0.021729
1765,0.014481
1766,0.025902
1767,0.015865
1768,-0.019920
1769,-0.007819
1770,0.008297
1771,0.026302
1772,0.066640
1773,0.083239
1774,-0.012933
1775,-0.014311
1776,0.005219
1777,-0.037809
1778,-0.035537
1779,-0.002670
1780,0.033333
1781,-0.007802
1782,-0.030369
1783,-0.040189
1784,-0.024393
1785,0.012857
1786,0.031883
1787,-0.025026
1788,-0.053749
1789,-0.015259
1790,-0.014340
1791,-0.031517
1792,-0.002269
1793,0.015854
1794,0.035748
1795,0.025645
1796,0.018049
1797,-0.003028
1798,-0.003004
1799,0.001246
1800,0.048760
1801,0.091819
1802,0.099427
1803,0.029612
1804,-0.009478
1805,-0.033088
1806,-0.070743
1807,-0.108527
1808,-0.107281
1809,-0.035999
1810,0.009200
1811,0.076906
1812,0.050016
1813,-0.001285
1814,-0.002256
1815,0.015269
1816,-0.029475
1817,-0.077607
1818,-0.046248
1819,0.041941
1820,0.052371
1821,0.037659
1822,0.008988
1823,-0.072988
1824,-0.048004
1825,-0.048647
1826,-0.002536
1827,0.074020
1828,0.075770
1829,0.045023
1830,-0.012710
1831,-0.030814
1832,-0.095684
1833,-0.051732
1834,-0.011325
1835,-0.015576
1836,0.049702
1837,0.067159
1838,0.058622
1839,0.046997
1840,0.045936
1841,0.019254
1842,-0.008870
1843,-0.069507
1844,-0.088817
1845,-0.046419
1846,-0.014447
1847,0.034865
1848,0.066422
1849,0.055974
1850,0.001775
1851,-0.055377
1852,-0.048197
1853,-0.028963
1854,0.017245
1855,0.082676
1856,0.061172
1857,0.053199
1858,-0.013084
1859,-0.061655
1860,-0.054490
1861,-0.112273
1862,-0.053897
1863,0.038099
1864,0.068043
1865,0.024493
1866,0.064274
1867,0.035649
1868,-0.033570
1869,-0.022537
1870,-0.062941
1871,-0.021556
1872,-0.031596
1873,-0.060666
1874,-0.038968
1875,0.010282
1876,0.008521
1877,0.024272
1878,0.065901
1879,0.089548
1880,0.092326
1881,0.062818
1882,-0.022071
1883,-0.028123
1884,-0.024198
1885,-0.062961
1886,-0.021396
1887,-0.026389
1888,-0.008243
1889,0.033207
1890,0.059863
1891,0.023835
1892,0.018973
1893,0.013910
1894,-0.027098
1895,-0.108468
1896,-0.100460
1897,-0.068322
1898,-0.045904
1899,0.052977
1900,0.131978
1901,0.103231
1902,-0.010344
1903,-0.034051
1904,-0.065224
1905,-0.059945
1906,-0.018051
1907,0.011838
1908,0.023940
1909,0.002241
1910,-0.033921
1911,0.005635
1912,0.073005
1913,0.055833
1914,0.029714
1915,-0.019093
1916,-0.089866
1917,-0.069324
1918,-0.021931
1919,0.028032
1920,0.075667
1921,0.090617
1922,0.058838
1923,-0.023406
1924,-0.098026
1925,-0.054263
1926,-0.049543
1927,-0.039046
1928,-0.011788
1929,0.002206
1930,0.022937
1931,0.029562
1932,0.071321
1933,0.086933
1934,0.025823
1935,0.024731
1936,-0.005010
1937,-0.046126
1938,-0.081640
1939,-0.065949
1940,-0.055277
1941,-0.029752
1942,0.037525
1943,0.011185
1944,-0.004264
1945,0.022091
1946,0.098364
1947,0.058724
1948,0.000728
1949,-0.007079
1950,-0.031211
1951,-0.055374
1952,-0.050111
1953,-0.019126
1954,-0.007139
1955,-0.008858
1956,0.040052
1957,0.021415
1958,-0.005014
1959,-0.003635
1960,-0.007795
1961,-0.042159
1962,-0.024876
1963,-0.021304
1964,-0.001006
1965,0.009827
1966,0.050410
1967,0.066765
1968,0.111177
1969,0.068585
1970,0.036070
1971,-0.009961
1972,-0.044620
1973,-0.062449
1974,-0.038203
1975,-0.001074
1976,-0.046003
1977,-0.026132
1978,-0.005384
1979,0.004394
1980,-0.028669
1981,-0.026233
1982,0.002757
1983,-0.010712
1984,-0.048658
1985,0.022208
1986,0.064491
1987,0.045667
1988,-0.001898
1989,-0.016101
1990,-0.014215
1991,-0.024799
1992,-0.013778
1993,0.041838
1994,0.048583
1995,0.004238
1996,-0.008044
1997,-0.016510
1998,-0.006436
1999,-0.040352
2000,-0.044525
2001,-0.053702
2002,0.015171
2003,0.036359
2004,423.693481
2005,616.796814
2006,8.172900
2007,1321.490845
2008,981.359436
2009,-15.057922
2010,4.201928
2011,20.707615
2012,27.304178
2013,17.908985
2014,9.887311
2015,22.141195
2016,39.884518
2017,27.198351
2018,-6.592137
2019,-50.428654
2020,-57.932873
2021,-40.800537
2022,-15.058780
2023,23.225515
2024,35.699310
2025,42.682087
2026,42.050983
2027,8.165316
2028,-26.749704
2029,-63.404453
2030,-52.975552
2031,-33.582260
2032,6.441721
2033,40.243610
2034,43.681499
2035,24.974636
2036,1.299850
2037,-22.878611
2038,-27.396664
2039,-6.419805
2040,8.572855
2041,16.967619
2042,12.564664
2043,2.630098
2044,28.372013
2045,29.933407
2046,1.335313
2047,-27.157896
2048,-28.418402
2049,-20.497442
2050,-24.586594
2051,-28.448074
2052,-13.165472
2053,17.140936
2054,50.155651
2055,56.883854
2056,38.283882
2057,2.643233
2058,0.027694
2059,0.026590
2060,0.020968
2061,0.038222
2062,0.009561
2063,0.003727
2064,0.045634
2065,0.055960
2066,0.010443
2067,-0.029451
2068,-0.052740
2069,-0.049189
2070,-0.036749
2071,-0.032566
2072,-0.007924
2073,-0.005590
2074,0.034304
2075,0.066172
2076,0.023358
2077,-0.010753
2078,-0.018899
2079,-0.017631
2080,-0.068004
2081,-0.078878
2082,-0.030686
2083,0.040444
2084,0.019160
2085,0.013493
2086,0.043436
2087,0.009445
2088,-0.012420
2089,-0.020292
2090,-0.036692
2091,-0.015359
2092,0.010753
2093,0.029920
2094,0.028045
2095,0.023691
2096,-0.016734
2097,-0.060549
2098,-0.059169
2099,-0.067747
2100,-0.012101
2101,0.053148
2102,0.067335
2103,0.092309
2104,0.024063
2105,-0.017764
2106,-0.013631
2107,-0.034485
2108,-0.005149
2109,-0.036537
2110,-0.000291
2111,0.026488
2112,-0.008839
2113,0.004245
2114,0.084799
2115,0.085633
2116,-0.001952
2117,-0.041569
2118,-0.112972
2119,-0.117043
2120,-0.077190
2121,0.014242
2122,0.036282
2123,0.066751
2124,0.082059
2125,0.054460
2126,-0.012898
2127,0.042731
2128,0.028350
2129,-0.023521
2130,-0.012850
2131,-0.088674
2132,-0.081859
2133,-0.035958
2134,-0.013744
2135,0.067789
2136,0.010431
2137,-0.034476
2138,-0.006215
2139,-0.035112
2140,-0.024899
2141,0.017955
2142,0.054537
2143,0.098209
2144,0.099549
2145,0.032235
2146,-0.030144
2147,-0.024995
2148,-0.067333
2149,-0.054329
2150,-0.062489
2151,-0.039445
2152,-0.006628
2153,0.020431
2154,0.010999
2155,0.007061
2156,-0.027199
2157,0.028809
2158,0.082351
2159,0.082796
2160,0.023846
2161,-0.041313
2162,-0.025074
2163,-0.047108
2164,-0.044846
2165,0.001899
2166,0.038435
2167,-0.012743
2168,-0.017286
2169,0.004459
2170,-0.024473
2171,-0.007814
2172,0.019385
2173,-0.021366
2174,-0.021691
2175,-0.004561
2176,-0.002444
2177,-0.026251
2178,0.038646
2179,0.037796
2180,0.015244
2181,-0.014167
2182,-0.018743
2183,-0.017912
2184,0.034918
2185,0.048923
2186,0.062617
2187,0.065338
2188,-0.006664
2189,-0.029957
2190,-0.048532
2191,-0.044885
2192,-0.044295
2193,-0.046129
2194,-0.019812
2195,-0.008374
2196,0.014046
2197,-0.055986
2198,-0.022518
2199,0.014713
2200,0.048992
2201,0.060206
2202,0.058943
2203,0.012225
2204,-0.056561
2205,-0.038671
2206,-0.048190
2207,0.026023
2208,0.081552
2209,0.080723
2210,0.045574
2211,0.001917
2212,-0.009210
2213,-0.000544
2214,-0.063797
2215,-0.113461
2216,-0.054936
2217,-0.048411
2218,-0.066893
2219,-0.017238
2220,-0.013843
2221,0.055678
2222,0.095964
2223,0.066525
2224,0.053279
2225,-0.000136
2226,-0.027191
2227,-0.044753
2228,-0.002051
2229,0.022059
2230,0.049478
2231,0.072188
2232,0.024858
2233,-0.053688
2234,-0.064584
2235,-0.035345
2236,-0.011828
2237,0.048613
2238,0.006586
2239,0.016823
2240,-0.014227
2241,-0.063004
2242,-0.066049
2243,0.025203
2244,0.044445
2245,0.040416
2246,0.012708
2247,-0.003740
2248,-0.051595
2249,-0.077168
2250,-0.068862
2251,0.006807
2252,0.033777
2253,0.054639
2254,0.062530
2255,0.042021
2256,0.047696
2257,-0.017103
2258,-0.065594
2259,-0.020494
2260,0.017353
2261,-0.008634
2262,0.027588
2263,-0.003026
2264,0.023375
2265,0.052403
2266,0.074397
2267,-0.024217
2268,-0.124380
2269,-0.135703
2270,-0.089554
2271,0.019102
2272,0.069696
2273,0.062530
2274,0.035432
2275,0.037787
2276,-0.017632
2277,0.011074
2278,0.017731
2279,-0.004789
2280,0.003365
2281,-0.033483
2282,-0.055410
2283,-0.024598
2284,0.046234
2285,0.061500
2286,0.033327
2287,-0.043181
2288,-0.078206
2289,-0.048754
2290,-0.105241
2291,-0.020665
2292,0.022057
2293,0.043954
2294,0.082127
2295,0.057049
2296,0.010059
2297,-0.018123
2298,-0.006612
2299,0.011406
2300,0.015710
2301,0.030559
2302,-0.022609
2303,-0.047182
2304,-0.050469
2305,-0.087640
2306,-0.078602
2307,0.005111
2308,0.046435
2309,0.090988
2310,0.076228
2311,0.068769
2312,0.010905
2313,-0.013246
2314,0.023189
2315,0.022619
2316,0.022540
2317,-0.004498
2318,-0.039166
2319,-0.057721
2320,-0.040401
2321,-0.023110
2322,-0.011370
2323,0.033174
2324,-0.003767
2325,-0.066320
2326,-0.061989
2327,-0.039354
2328,-0.055970
2329,0.014052
2330,0.052325
2331,0.006906
2332,-0.019586
2333,0.044509
2334,0.080855
2335,0.082635
2336,0.015763
2337,0.027527
2338,-0.013624
2339,-0.034913
2340,-0.042880
2341,-0.052052
2342,-0.028079
2343,0.001979
2344,-0.003539
2345,-0.005169
2346,-0.016814
2347,-0.026692
2348,-0.004683
2349,0.020106
2350,0.019164
2351,0.002654
2352,0.003156
2353,-0.019301
2354,0.052399
2355,0.052760
2356,0.083358
2357,0.042180
2358,-0.014171
2359,-0.036456
2360,-0.053959
2361,-0.019558
2362,0.014890
2363,-0.030035
2364,-0.042688
2365,-0.014570
2366,0.013827
2367,-0.016005
2368,-0.008498
2369,0.045064
2370,0.001069
2371,-0.023065
2372,0.020655
2373,0.016621
2374,-0.024091
2375,-0.029053
2376,-0.035716
2377,-0.018437
2378,0.032787
2379,0.048279
2380,0.040986
2381,-0.002001
2382,-0.050353
2383,-0.049994
2384,0.037873
2385,0.035179
2386,0.042489
2387,0.029454
2388,-0.028134
2389,0.024213
2390,0.051245
2391,-0.022001
2392,-0.009508
2393,-0.055678
2394,-0.077971
2395,0.011451
2396,0.058155
2397,0.043063
2398,0.050512
2399,-0.007700
2400,-0.023019
2401,-0.033837
2402,-0.036299
2403,-0.063028
2404,-0.030500
2405,0.006934
2406,-0.013140
2407,-0.004981
2408,0.029684
2409,0.009978
2410,0.046374
2411,0.077254
2412,-0.013672
2413,-0.037068
2414,-0.010724
2415,-0.021932
2416,-0.019522
2417,-0.016850
2418,0.075797
2419,0.058817
2420,-0.031190
2421,-0.042627
2422,-0.050848
2423,-0.021255
2424,0.017565
2425,0.032123
2426,0.009285
2427,0.027959
2428,0.050496
2429,-0.013094
2430,-0.012030
2431,-0.026822
2432,-0.037974
2433,-0.014997
2434,-0.014710
2435,0.005557
2436,0.002073
2437,-0.006048
2438,0.023637
2439,0.055352
2440,0.023259
2441,-0.001211
2442,-0.021843
2443,-0.095988
2444,-0.053562
2445,0.023319
2446,0.024897
2447,-0.017672
2448,-0.042531
2449,-0.026338
2450,0.016782
2451,0.054100
2452,0.052095
2453,0.085707
2454,0.042030
2455,-0.004672
2456,0.043407
2457,-0.016895
2458,-0.100992
2459,-0.060880
2460,-0.032744
2461,0.009582
2462,-0.022215
2463,-0.069754
2464,-0.080168
2465,0.005034
2466,0.057474
2467,0.073054
2468,0.086581
2469,0.050349
2470,-0.007410
2471,0.004905
2472,0.046472
2473,0.038131
2474,-0.028481
2475,-0.012889
2476,-0.037307
2477,-0.054702
2478,-0.042098
2479,-0.044706
2480,-0.048940
2481,-0.038161
2482,-0.029189
2483,0.008747
2484,0.031006
2485,-0.014249
2486,-0.030141
2487,0.006405
2488,0.032627
2489,0.082252
2490,0.085020
2491,0.034432
2492,0.012290
2493,0.009315
2494,-0.061760
2495,-0.082332
2496,-0.042774
2497,0.002457
2498,0.003725
2499,0.042951
2500,0.065863
2501,-0.012184
2502,-0.023950
2503,0.027344
2504,0.021048
2505,0.011733
2506,-0.019598
2507,-0.036131
2508,-0.008307
2509,-0.012662
2510,-0.002223
2511,0.027832
2512,0.029052
2513,0.022803
2514,0.002214
2515,-0.070224
2516,-0.073475
2517,-0.067779
2518,-0.004382
2519,0.010469
2520,0.016955
2521,0.040793
2522,0.041474
2523,0.000652
2524,-0.016400
2525,-0.060171
2526,0.003265
2527,0.038668
2528,0.035064
2529,0.012271
2530,-0.028199
2531,0.014729
2532,0.028881
2533,-0.052281
2534,-0.055076
2535,-0.008036
2536,0.055731
2537,0.053195
2538,0.049118
2539,0.022565
2540,0.013789
2541,-0.055536
2542,-0.085838
2543,-0.031352
2544,-0.038302
2545,-0.057340
2546,-0.017919
2547,0.036362
2548,0.105117
2549,0.054719
2550,0.068783
2551,0.054841
2552,0.003114
2553,-0.033306
2554,-0.027513
2555,-0.041784
2556,-0.071163
2557,0.000081
2558,0.044683
2559,0.008704
2560,-0.003610
2561,0.038389
2562,-0.007310
2563,-0.041349
2564,-0.034532
2565,-0.057412
2566,-0.057761
2567,-0.003684
2568,0.048697
2569,0.051485
2570,0.018817
2571,0.056888
2572,0.016642
2573,-0.009650
2574,-0.044990
2575,-0.042323
2576,-0.007837
2577,-0.002464
2578,-0.019476
2579,-0.037084
2580,-0.046626
2581,-0.054048
2582,0.036052
2583,0.068524
2584,0.096343
2585,0.082039
2586,0.066480
2587,0.039579
2588,-0.048704
2589,-0.153563
2590,-0.144807
2591,-0.044375
2592,0.025078
2593,0.048744
2594,0.026186
2595,0.005906
2596,0.062053
2597,0.076218
2598,0.020977
2599,-0.037571
2600,-0.042221
2601,-0.012705
2602,-0.028082
2603,-0.005850
2604,-0.071847
2605,-0.025910
2606,0.029480
2607,0.007255
2608,0.025461
2609,0.047716
2610,0.017829
2611,-0.003202
2612,-0.005222
2613,-0.013988
2614,-0.022516
2615,0.018587
2616,0.018918
2617,0.037891
2618,0.031658
2619,0.026318
2620,-0.029863
2621,-0.053737
2622,-0.075336
2623,-0.077384
2624,-0.058621
2625,-0.008976
2626,0.025787
2627,0.037742
2628,0.041379
2629,0.035762
2630,0.028045
2631,0.028642
2632,0.039057
2633,0.000437
2634,-0.077988
2635,-0.039661
2636,-0.002738
2637,-0.026715
2638,-0.046586
2639,0.014109
2640,0.013997
2641,0.012938
2642,0.057315
2643,0.013521
2644,0.032046
2645,0.025424
2646,-0.004053
2647,-0.034075
2648,-0.036471
2649,0.025727
2650,0.023322
2651,-0.024551
2652,-0.035099
2653,-0.073417
2654,-0.039614
2655,0.013327
2656,0.032238
2657,0.049780
2658,0.022921
2659,0.052629
2660,0.000430
2661,-0.054112
2662,-0.028930
2663,-0.041422
2664,-0.081599
2665,-0.046463
2666,-0.020901
2667,-0.031094
2668,-0.061789
2669,-0.018634
2670,0.059690
2671,0.113438
2672,0.066300
2673,0.068548
2674,0.044747
2675,-0.008236
2676,-0.023395
2677,-0.071874
2678,-0.070808
2679,-0.015390
2680,-0.003085
2681,0.024405
2682,0.053030
2683,0.034331
2684,-0.008167
2685,-0.014495
2686,-0.048707
2687,-0.040093
2688,-0.030536
2689,0.031236
2690,0.074291
2691,-0.000399
2692,-0.004597
2693,0.014562
2694,-0.002670
2695,0.056850
2696,0.017507
2697,-0.037062
2698,-0.038589
2699,-0.055778
2700,-0.039950
2701,-0.067171
2702,-0.052525
2703,-0.017007
2704,0.012195
2705,0.031025
2706,0.091746
2707,0.120848
2708,0.122280
2709,0.090580
2710,0.050916
2711,-0.014824
2712,-0.060888
2713,-0.052789
2714,-0.085181
2715,-0.117078
2716,-0.070528
2717,-0.018406
2718,0.031847
2719,0.069950
2720,0.030572
2721,0.029426
2722,-0.033375
2723,-0.038991
2724,-0.004535
2725,-0.044894
2726,-0.046790
2727,-0.031293
2728,0.015186
2729,0.048472
2730,0.068406
2731,0.022486
2732,0.038214
2733,0.029717
2734,-0.052553
2735,-0.055967
2736,-0.020999
2737,-0.024313
2738,-0.020883
2739,0.017648
2740,0.045381
2741,0.068480
2742,0.073369
2743,0.035594
2744,-0.018798
2745,-0.076352
2746,-0.059622
2747,-0.062110
2748,-0.052015
2749,-0.053216
2750,-0.039708
2751,-0.019930
2752,0.059219
2753,0.093169
2754,0.167161
2755,0.137486
2756,0.058756
2757,-0.027662
2758,-0.064877
2759,-0.069763
2760,-0.093693
2761,-0.071388
2762,-0.001222
2763,-0.018836
2764,-0.005442
2765,0.033626
2766,0.008772
2767,-0.008388
2768,0.035720
2769,0.079251
2770,-0.015032
2771,-0.066944
2772,-0.022178
2773,-0.031939
2774,-0.014288
2775,-0.025934
2776,0.003112
2777,0.030597
2778,-0.003998
2779,0.000803
2780,-0.026248
2781,0.008271
2782,0.044092
2783,0.031787
2784,-0.017032
2785,-0.027575
2786,0.023837
2787,-0.008487
2788,-0.002214
2789,-0.006155
2790,-0.008726
2791,0.007706
2792,-0.016418
2793,0.044320
2794,0.091754
2795,0.044491
2796,-0.044636
2797,-0.059293
2798,-0.058026
2799,-0.028957
2800,0.042385
2801,0.073146
2802,0.000879
2803,-0.042213
2804,-0.030036
2805,-0.013387
2806,-0.020862
2807,0.013466
2808,0.003629
2809,0.006439
2810,-0.057853
2811,-0.045944
2812,0.005797
2813,0.014803
2814,0.043267
2815,0.081844
2816,0.069759
2817,0.017896
2818,-0.097983
2819,-0.112965
2820,-0.088085
2821,-0.045345
2822,0.038719
2823,0.107266
2824,0.081471
2825,0.002927
2826,0.017823
2827,-0.009321
2828,-0.035835
2829,0.003272
2830,0.054892
2831,0.043426
2832,-0.007282
2833,-0.067348
2834,-0.099693
2835,-0.070729
2836,-0.034181
2837,0.021569
2838,0.019061
2839,0.013186
2840,-0.029635
2841,-0.003505
2842,0.023923
2843,0.023274
2844,-0.015314
2845,-0.009656
2846,-0.001315
2847,0.017908
2848,0.053298
2849,0.065605
2850,0.053185
2851,-0.002848
2852,0.017962
2853,0.031593
2854,-0.035589
2855,-0.032254
2856,0.032357
2857,-0.016434
2858,-0.062542
2859,-0.051748
2860,-0.043980
2861,-0.037273
2862,0.005623
2863,0.054306
2864,0.099193
2865,0.061062
2866,0.017448
2867,0.008067
2868,-0.021506
2869,-0.027934
2870,-0.008685
2871,-0.008150
2872,-0.069618
2873,-0.081281
2874,-0.027652
2875,0.032274
2876,0.029138
2877,0.015268
2878,-0.069099
2879,-0.051140
2880,-0.002310
2881,0.025933
2882,0.055408
2883,0.064282
2884,0.066307
2885,0.098549
2886,0.030863
2887,-0.034464
2888,-0.048283
2889,-0.107553
2890,-0.107600
2891,-0.058398
2892,-0.022664
2893,0.002584
2894,-0.000282
2895,-0.006282
2896,-0.010521
2897,0.003791
2898,0.034368
2899,0.080316
2900,0.134336
2901,0.098842
2902,-0.003238
2903,-0.066690
2904,-0.068651
2905,-0.054875
2906,-0.034153
2907,-0.028194
2908,0.024298
2909,0.014078
2910,0.021105
2911,0.005840
2912,-0.009140
2913,-0.008833
2914,-0.009205
2915,0.020539
2916,-0.001595
2917,-0.025438
2918,-0.035906
2919,-0.044598
2920,-0.021951
2921,0.043278
2922,0.105537
2923,0.074973
2924,0.051480
2925,0.001243
2926,-0.084195
2927,-0.063402
2928,-0.132353
2929,-0.140787
2930,-0.042518
2931,0.002806
2932,0.034252
2933,0.091622
2934,0.125358
2935,0.031085
2936,0.025442
2937,0.074979
2938,0.050643
2939,0.043601
2940,0.024922
2941,-0.045440
2942,-0.098025
2943,-0.131553
2944,-0.098355
2945,-0.009253
2946,0.077100
2947,0.078936
2948,0.056077
2949,0.021362
2950,0.034401
2951,0.020893
2952,-0.011586
2953,-0.046260
2954,-0.031140
2955,-0.037674
2956,-0.033474
2957,-0.036997
2958,-0.023449
2959,0.044428
2960,0.051922
2961,0.058219
2962,0.053137
2963,0.036188
2964,-0.023468
2965,-0.092034
2966,-0.067935
2967,-0.058255
2968,-0.026593
2969,-0.002817
2970,-0.014757
2971,0.059499
2972,0.042127
2973,0.009891
2974,0.029891
2975,0.028109
2976,-0.002116
2977,0.000298
2978,-0.058266
2979,0.008330
2980,0.042025
2981,0.026842
2982,0.036712
2983,0.031810
2984,-0.002472
2985,-0.039795
2986,-0.060907
2987,-0.045439
2988,-0.034893
2989,0.001143
2990,0.048898
2991,0.050346
2992,0.024138
2993,0.012797
2994,-0.052507
2995,-0.029896
2996,-0.003548
2997,0.012353
2998,-0.022530
2999,-0.030965
3000,-0.010058
3001,0.024811
3002,0.047834
3003,0.029651
3004,-0.002264
3005,0.017854
3006,0.045227
3007,0.039545
3008,0.004394
3009,-0.031784
3010,-0.062703
3011,-0.070345
3012,-0.077579
3013,-0.072847
3014,-0.028712
3015,0.028902
3016,0.071033
3017,0.036320
3018,0.072790
3019,0.078672
3020,0.053417
3021,-0.037997
3022,-0.073916
3023,-0.048315
3024,-0.022858
3025,-0.040005
3026,-0.009058
3027,-0.014540
3028,-0.058613
3029,0.017428
3030,0.022099
3031,0.072976
3032,0.106438
3033,0.064651
3034,0.046957
3035,-0.029001
3036,-0.056069
3037,-0.074378
3038,-0.063728
3039,-0.029158
3040,0.012996
3041,0.023932
3042,0.056059
3043,0.056042
3044,-0.010658
3045,0.025750
3046,0.078392
3047,0.022660
3048,-0.068508
3049,-0.049770
3050,-0.055599
3051,-0.010332
3052,0.001357
3053,-0.022223
3054,-0.078148
3055,-0.032407
3056,-0.005406
3057,-0.018692
3058,-0.013758
3059,0.016128
3060,0.014940
3061,0.025466
3062,0.026752
3063,0.045031
3064,0.032983
3065,0.003735
3066,0.028366
3067,-0.006100
3068,-0.017592
3069,0.031850
3070,0.043809
3071,0.040008
3072,0.008235
3073,-0.031163
3074,-0.043346
3075,-0.093763
3076,-0.029551
3077,0.008975
3078,0.016460
3079,0.020864
3080,0.054173
3081,0.016765
3082,0.010157
3083,0.011130
3084,-0.050752
3085,-0.054722
3086,-0.007222
3087,-0.039233
3088,-0.026785
3089,0.003726
3090,0.030221
3091,0.097741
3092,0.075086
3093,0.077199
3094,0.012309
3095,-0.049688
3096,-0.048446
3097,0.022372
3098,0.008635
3099,-0.085936
3100,-0.117840
3101,-0.085156
3102,-0.055211
3103,-0.026586
3104,-0.002209
3105,0.015806
3106,0.050929
3107,0.062949
3108,0.016127
3109,0.045202
3110,0.033829
3111,0.039667
3112,0.008483
3113,-0.006004
3114,-0.026390
3115,0.012669
3116,0.013705
3117,0.017500
3118,0.015632
3119,-0.026983
3120,-0.038625
3121,0.015448
3122,-0.028029
3123,-0.055674
3124,-0.028629
3125,0.003381
3126,0.015712
3127,0.037459
3128,0.072689
3129,0.057908
3130,0.043069
3131,-0.030883
3132,-0.101945
3133,-0.094834
3134,-0.079212
3135,-0.036473
3136,0.043756
3137,0.027380
3138,0.023995
3139,0.040905
3140,0.040772
3141,0.029199
3142,-0.034200
3143,-0.033361
3144,-0.015548
3145,0.012146
3146,0.058480
3147,0.049378
3148,0.016380
3149,-0.005891
3150,0.006155
3151,0.002928
3152,0.031741
3153,-0.033161
3154,-0.032490
3155,-0.002491
3156,-0.053925
3157,-0.079289
3158,-0.070208
3159,-0.026005
3160,0.016721
3161,-0.016914
3162,-0.045812
3163,0.008893
3164,0.052102
3165,0.071634
3166,0.044604
3167,0.043067
3168,0.056979
3169,0.001253
3170,-0.031633
3171,-0.005793
3172,0.033311
3173,0.035942
3174,-0.004924
3175,-0.036541
3176,0.006211
3177,-0.018919
3178,-0.002359
3179,-0.032352
3180,-0.070124
3181,-0.021737
3182,0.004091
3183,0.008724
3184,-0.004633
3185,0.000150
3186,-0.063735
3187,-0.067808
3188,0.028817
3189,0.019753
3190,0.022196
3191,0.032675
3192,0.080903
3193,0.043060
3194,-0.012653
3195,-0.014017
3196,0.031207
3197,0.047996
3198,0.003434
3199,-0.001645
3200,-0.002587
3201,-0.041384
3202,-0.020934
3203,-0.054786
3204,-0.049301
3205,-0.018483
3206,-0.010522
3207,0.044821
3208,0.066824
3209,0.027467
3210,-0.025722
3211,-0.010647
3212,-0.009418
3213,-0.042825
3214,-0.076225
3215,-0.082935
3216,0.011822
3217,0.063634
3218,0.064873
3219,0.056539
3220,0.050394
3221,0.023305
3222,-0.045394
3223,-0.063999
3224,-0.036052
3225,-0.018656
3226,0.029706
3227,0.012107
3228,0.018067
3229,0.016311
3230,-0.033638
3231,-0.000311
3232,0.008405
3233,-0.009613
3234,0.037665
3235,0.011540
3236,0.027716
3237,-0.006534
3238,-0.053925
3239,-0.062127
3240,-0.075671
3241,0.041182
3242,0.079886
3243,0.063556
3244,0.021852
3245,-0.029398
3246,-0.062320
3247,-0.060533
3248,-0.021888
3249,0.035378
3250,0.066157
3251,-0.008711
3252,-0.006804
3253,-0.007016
3254,0.008642
3255,0.001723
3256,-0.021721
3257,-0.052190
3258,-0.093161
3259,-0.044113
3260,-0.015385
3261,0.018043
3262,0.047312
3263,0.062980
3264,0.081069
3265,0.031445
3266,0.019359
3267,0.001921
3268,0.038367
3269,-0.033917
3270,-0.082045
3271,-0.035161
3272,-0.013893
3273,-0.015614
3274,-0.000866
3275,0.021616
3276,0.043545
3277,0.035412
3278,0.004392
3279,-0.008790
3280,-0.054666
3281,-0.070171
3282,0.016060
3283,0.051767
3284,0.009870
3285,-0.005117
3286,-0.013740
3287,0.038433
3288,0.006655
3289,0.028183
3290,0.015438
3291,-0.056328
3292,-0.059449
3293,-0.037751
3294,-0.010199
3295,0.011601
3296,0.053442
3297,0.043505
3298,-0.002624
3299,-0.008331
3300,-0.016914
3301,-0.029785
3302,-0.046260
3303,-0.000638
3304,0.055814
3305,-0.003047
3306,-0.000918
3307,0.058334
3308,-0.029040
3309,-0.033801
3310,-0.025079
3311,-0.020979
3312,0.038789
3313,0.036639
3314,0.044860
3315,0.024943
3316,-0.001059
3317,-0.075581
3318,-0.084408
3319,-0.000517
3320,0.016405
3321,-0.005861
3322,0.025777
3323,0.006465
3324,-0.022012
3325,0.034861
3326,0.060356
3327,0.044604
3328,-0.000091
3329,-0.050961
3330,-0.006559
3331,-0.001687
3332,-0.056674
3333,-0.067552
3334,-0.040233
3335,-0.018179
3336,0.034124
3337,0.103221
3338,0.093321
3339,0.026323
3340,0.030003
3341,-0.001202
3342,-0.017982
3343,-0.058824
3344,-0.108668
3345,-0.023224
3346,0.030592
3347,0.026027
3348,0.043606
3349,-0.005286
3350,0.005134
3351,0.009618
3352,-0.021949
3353,-0.009248
3354,-0.030676
3355,-0.055426
3356,0.020580
3357,0.035357
3358,0.028708
3359,-0.022393
3360,-0.033522
3361,0.001013
3362,0.025369
3363,-0.011656
3364,0.000234
3365,-0.005980
3366,0.018483
3367,0.008926
3368,-0.023588
3369,0.006263
3370,-0.019511
3371,-0.039554
3372,-0.043906
3373,-0.013559
3374,0.054215
3375,0.068715
3376,0.044154
3377,0.040363
3378,0.071944
3379,0.047160
3380,0.007501
3381,-0.040790
3382,-0.061963
3383,-0.084506
3384,-0.064919
3385,-0.040538
3386,-0.036794
3387,-0.012279
3388,0.021531
3389,0.036538
3390,0.034132
3391,0.013930
3392,-0.013597
3393,-0.012866
3394,-0.012504
3395,-0.042380
3396,-0.024472
3397,0.016177
3398,0.005971
3399,0.024723
3400,0.010055
3401,-0.036226
3402,-0.022195
3403,0.007254
3404,-0.021838
3405,-0.022474
3406,-0.001279
3407,0.039107
3408,0.069115
3409,0.034161
3410,0.001472
3411,0.010743
3412,-0.024946
3413,-0.016639
3414,0.016275
3415,0.002966
3416,-0.011209
3417,-0.038083
3418,-0.000136
3419,-0.013982
3420,-0.009561
3421,-0.003345
3422,0.006580
3423,0.014941
3424,0.015503
3425,0.033869
3426,0.024370
3427,0.037431
3428,0.055262
3429,0.037555
3430,0.047889
3431,-0.010129
3432,-0.108320
3433,-0.127340
3434,-0.098110
3435,-0.055960
3436,-0.024662
3437,-0.008279
3438,-0.017095
3439,-0.002223
3440,0.024607
3441,0.041092
3442,0.105478
3443,0.074579
3444,0.039937
3445,0.019755
3446,-0.010869
3447,-0.040238
3448,-0.043131
3449,-0.044831
3450,-0.028405
3451,-0.009827
3452,0.017314
3453,-0.032478
3454,0.032589
3455,0.056742
3456,0.033430
3457,0.063760
3458,0.006502
3459,-0.023969
3460,0.012621
3461,-0.031940
3462,-0.034129
3463,-0.006712
3464,-0.060719
3465,-0.100599
3466,-0.107460
3467,-0.007766
3468,0.053167
3469,0.056916
3470,0.070303
3471,0.076045
3472,0.068394
3473,0.016564
3474,-0.032304
3475,-0.019348
3476,-0.047449
3477,-0.036329
3478,-0.009265
3479,-0.032160
3480,0.022626
3481,0.065329
3482,0.029833
3483,-0.029146
3484,-0.012159
3485,0.033887
3486,0.038549
3487,0.018381
3488,0.019247
3489,-0.021999
3490,-0.055366
3491,-0.028485
3492,-0.039415
3493,-0.036524
3494,-0.004772
3495,0.005471
3496,-0.001598
3497,-0.026115
3498,-0.000338
3499,0.057309
3500,0.069410
3501,0.046162
3502,0.013173
3503,0.015108
3504,0.000243
3505,-0.001270
3506,-0.008445
3507,0.008964
3508,389.821289
3509,500.761627
3510,7.493343
3511,1484.579224
3512,906.678528
3513,22.036718
3514,-4.944016
3515,-8.081216
3516,-9.099334
3517,-14.409339
3518,9.736588
3519,29.994402
3520,14.465816
3521,-19.949549
3522,-32.919453
3523,-23.379103
3524,-5.592567
3525,4.830662
3526,13.598186
3527,13.551196
3528,10.475150
3529,6.114719
3530,8.046852
3531,5.986922
3532,11.506913
3533,16.014391
3534,-3.397982
3535,-2.894648
3536,8.055974
3537,0.381838
3538,-23.468283
3539,-15.200050
3540,-3.823395
3541,-2.652020
3542,14.108120
3543,8.643960
3544,-42.348152
3545,-53.463356
3546,-15.307717
3547,29.957708
3548,50.678913
3549,26.589115
3550,4.127800
3551,7.059244
3552,6.611946
3553,9.248615
3554,7.443477
3555,-17.703678
3556,-35.829784
3557,-35.240917
3558,-18.759302
3559,-1.823445
3560,21.943439
3561,38.037197
3562,0.002409
3563,-0.002394
3564,0.013703
3565,-0.026923
3566,-0.029992
3567,-0.062262
3568,-0.057272
3569,-0.065503
3570,-0.003855
3571,0.013486
3572,0.032549
3573,0.043245
3574,0.027458
3575,0.026421
3576,0.073693
3577,0.021560
3578,-0.015722
3579,-0.073325
3580,-0.012742
3581,0.010802
3582,-0.022467
3583,0.000257
3584,-0.002527
3585,-0.004695
3586,0.045320
3587,0.016535
3588,0.009659
3589,0.030612
3590,0.006992
3591,-0.009502
3592,-0.026015
3593,-0.055916
3594,-0.012959
3595,0.015260
3596,-0.010090
3597,-0.003923
3598,0.024124
3599,-0.013815
3600,-0.026941
3601,0.006819
3602,0.022478
3603,0.026093
3604,0.014332
3605,0.004472
3606,0.030379
3607,-0.015268
3608,-0.029127
3609,-0.003601
3610,0.007653
3611,0.025406
3612,-0.021565
3613,-0.018390
3614,-0.027896
3615,-0.023666
3616,-0.000623
3617,0.032669
3618,0.059747
3619,-0.002418
3620,-0.025129
3621,-0.051008
3622,-0.011313
3623,0.009070
3624,0.015353
3625,0.068220
3626,0.051840
3627,-0.019166
3628,-0.072636
3629,-0.047082
3630,-0.000263
3631,-0.079537
3632,-0.066387
3633,0.032182
3634,0.046872
3635,0.052884
3636,0.092523
3637,0.003941
3638,-0.028853
3639,-0.022406
3640,0.000517
3641,0.023544
3642,0.039822
3643,-0.011780
3644,-0.003329
3645,0.011261
3646,-0.045469
3647,-0.071855
3648,-0.033860
3649,-0.008848
3650,0.029176
3651,0.013775
3652,0.019846
3653,0.036127
3654,0.000106
3655,0.004462
3656,-0.006034
3657,-0.008714
3658,-0.006964
3659,0.015977
3660,0.027786
3661,-0.028400
3662,-0.007350
3663,0.034458
3664,0.016075
3665,0.002771
3666,-0.048543
3667,-0.047574
3668,-0.065516
3669,-0.030962
3670,-0.001061
3671,-0.023480
3672,0.024096
3673,0.046686
3674,0.040574
3675,0.053550
3676,0.052336
3677,0.038901
3678,0.019067
3679,0.004035
3680,-0.014305
3681,-0.044386
3682,-0.037874
3683,-0.007294
3684,-0.004415
3685,-0.000534
3686,-0.030742
3687,0.024946
3688,0.068072
3689,-0.016761
3690,-0.065915
3691,-0.058716
3692,-0.092474
3693,-0.024755
3694,0.012329
3695,0.026948
3696,0.051341
3697,0.100105
3698,0.087113
3699,0.038469
3700,-0.042614
3701,-0.065741
3702,-0.066956
3703,-0.049097
3704,0.008753
3705,0.006111
3706,0.071030
3707,0.060305
3708,-0.009607
3709,-0.043588
3710,-0.025486
3711,-0.024608
3712,-0.020789
3713,-0.075254
3714,-0.049004
3715,0.019228
3716,0.050503
3717,0.036278
3718,0.051247
3719,0.045381
3720,0.012379
3721,-0.037409
3722,-0.047697
3723,0.006133
3724,0.003313
3725,-0.001139
3726,0.009588
3727,-0.041513
3728,-0.037253
3729,0.024110
3730,0.046240
3731,0.008843
3732,-0.009664
3733,-0.027241
3734,-0.009803
3735,0.009731
3736,-0.002450
3737,0.005572
3738,-0.009473
3739,0.000430
3740,0.005658
3741,-0.005869
3742,-0.051214
3743,0.012297
3744,0.058524
3745,0.035971
3746,-0.009716
3747,-0.060110
3748,-0.026006
3749,0.025648
3750,-0.005197
3751,0.036789
3752,-0.006614
3753,-0.029466
3754,-0.010354
3755,-0.002346
3756,0.039280
3757,-0.009493
3758,-0.023582
3759,0.042222
3760,-0.010040
3761,-0.012657
3762,0.012187
3763,-0.008066
3764,-0.012910
3765,-0.031915
3766,-0.018069
3767,0.029819
3768,0.039149
3769,0.078885
3770,0.014437
3771,-0.019675
3772,-0.051710
3773,-0.079867
3774,-0.058204
3775,-0.023591
3776,0.048057
3777,0.025140
3778,0.052830
3779,0.046894
3780,0.029261
3781,-0.013662
3782,-0.006276
3783,0.003404
3784,-0.005002
3785,-0.034113
3786,-0.059331
3787,-0.020635
3788,0.002120
3789,-0.024884
3790,0.018212
3791,0.035259
3792,0.022121
3793,0.001233
3794,-0.001854
3795,0.042878
3796,0.040929
3797,0.002075
3798,-0.046556
3799,-0.034547
3800,-0.069436
3801,0.001263
3802,0.001115
3803,0.000953
3804,0.038032
3805,0.044479
3806,0.015798
3807,0.024990
3808,-0.009406
3809,-0.062180
3810,-0.063735
3811,-0.077153
3812,-0.051854
3813,-0.008574
3814,0.057466
3815,0.097706
3816,0.081434
3817,0.000402
3818,-0.005890
3819,-0.055461
3820,-0.065318
3821,0.010157
3822,0.016524
3823,0.009997
3824,0.000417
3825,0.007670
3826,0.029390
3827,-0.010953
3828,-0.051463
3829,-0.038547
3830,-0.016708
3831,-0.001265
3832,0.055566
3833,0.022136
3834,-0.008623
3835,0.029626
3836,0.042838
3837,0.017285
3838,0.013140
3839,0.011252
3840,0.023754
3841,-0.014622
3842,-0.048175
3843,-0.072784
3844,-0.051823
3845,-0.012540
3846,-0.008115
3847,0.007429
3848,-0.003852
3849,-0.017013
3850,-0.038376
3851,-0.023430
3852,-0.000314
3853,0.023637
3854,0.105288
3855,0.096106
3856,0.028642
3857,-0.003744
3858,-0.037951
3859,-0.073400
3860,0.003362
3861,0.010664
3862,-0.040400
3863,-0.005077
3864,0.036014
3865,0.065975
3866,0.024485
3867,-0.036737
3868,-0.043771
3869,-0.066505
3870,-0.066979
3871,0.021405
3872,0.049635
3873,0.063927
3874,0.033800
3875,0.031229
3876,0.058235
3877,-0.001709
3878,-0.040930
3879,-0.041016
3880,0.005618
3881,-0.027091
3882,-0.042745
3883,-0.002657
3884,-0.004468
3885,-0.012246
3886,0.026296
3887,0.058925
3888,0.025018
3889,0.024264
3890,0.000074
3891,0.007585
3892,0.007663
3893,-0.036184
3894,-0.016434
3895,-0.025018
3896,-0.015315
3897,-0.042171
3898,-0.050139
3899,-0.037076
3900,-0.010693
3901,0.015533
3902,0.015344
3903,0.015907
3904,0.018127
3905,0.029993
3906,0.045952
3907,-0.011820
3908,-0.040007
3909,-0.029026
3910,0.004585
3911,0.018114
3912,0.009186
3913,0.039534
3914,0.056961
3915,0.006710
3916,-0.035281
3917,-0.009833
3918,-0.041634
3919,-0.080162
3920,-0.074348
3921,-0.008605
3922,0.029154
3923,0.050150
3924,0.055611
3925,0.015628
3926,-0.009394
3927,0.019514
3928,0.049317
3929,0.109471
3930,0.061369
3931,0.010201
3932,-0.055237
3933,-0.107828
3934,-0.105080
3935,-0.043552
3936,-0.030565
3937,-0.014018
3938,0.042336
3939,0.069584
3940,0.061686
3941,0.002959
3942,-0.014912
3943,-0.031574
3944,-0.033618
3945,-0.042142
3946,-0.032368
3947,0.019595
3948,0.039385
3949,0.008177
3950,0.018639
3951,0.007006
3952,-0.012148
3953,0.009273
3954,-0.006195
3955,0.012988
3956,0.000838
3957,-0.001441
3958,0.032351
3959,0.094499
3960,0.072278
3961,0.022207
3962,-0.037438
3963,-0.109786
3964,-0.107774
3965,-0.108350
3966,-0.034983
3967,0.035322
3968,0.071076
3969,0.088593
3970,0.031332
3971,0.004376
3972,-0.015948
3973,-0.025915
3974,-0.017285
3975,-0.022007
3976,-0.022003
3977,0.001063
3978,-0.013793
3979,-0.083329
3980,-0.029713
3981,0.011869
3982,0.044867
3983,0.070702
3984,0.028133
3985,0.066630
3986,0.042650
3987,-0.042964
3988,-0.013941
3989,-0.041860
3990,-0.007401
3991,-0.001513
3992,-0.029093
3993,0.005633
3994,-0.005185
3995,-0.035074
3996,-0.066043
3997,-0.024204
3998,-0.008584
3999,0.034271
4000,0.077963
4001,0.061928
4002,0.028610
4003,0.001816
4004,-0.022409
4005,-0.027064
4006,-0.040590
4007,-0.021421
4008,-0.022884
4009,-0.014451
4010,-0.024085
4011,-0.033192
4012,0.047822
4013,0.069948
4014,0.056686
4015,0.046565
4016,-0.022658
4017,-0.015242
4018,-0.033226
4019,-0.073517
4020,-0.014838
4021,0.009509
4022,0.030468
4023,0.014449
4024,-0.002453
4025,-0.014982
4026,-0.034993
4027,-0.030762
4028,-0.012252
4029,-0.052629
4030,-0.014521
4031,0.040982
4032,0.066618
4033,0.033349
4034,0.057408
4035,0.065325
4036,0.027482
4037,-0.067729
4038,-0.127159
4039,-0.064005
4040,-0.022078
4041,0.011437
4042,0.080250
4043,0.086737
4044,0.008580
4045,-0.063535
4046,-0.074180
4047,-0.023899
4048,0.027415
4049,0.086619
4050,0.056466
4051,0.054335
4052,0.043340
4053,0.000975
4054,0.031880
4055,-0.001419
4056,-0.063819
4057,-0.081658
4058,-0.099885
4059,-0.066188
4060,-0.052111
4061,-0.039187
4062,0.052121
4063,0.065928
4064,-0.002134
4065,0.012658
4066,0.017958
4067,0.026112
4068,0.062357
4069,-0.033852
4070,-0.045240
4071,0.008276
4072,0.008730
4073,-0.002748
4074,-0.018820
4075,-0.010663
4076,-0.032494
4077,0.021484
4078,0.046367
4079,-0.018427
4080,-0.010803
4081,-0.005465
4082,0.029815
4083,0.063794
4084,0.030665
4085,0.023002
4086,0.045296
4087,-0.004805
4088,-0.045867
4089,-0.076537
4090,-0.106259
4091,-0.080480
4092,-0.061929
4093,-0.043419
4094,0.012646
4095,0.019252
4096,0.070455
4097,0.127871
4098,0.125182
4099,0.032756
4100,0.003961
4101,-0.060840
4102,-0.055005
4103,-0.052980
4104,-0.063447
4105,-0.012275
4106,-0.001865
4107,0.035731
4108,0.047962
4109,0.014716
4110,0.008173
4111,-0.006467
4112,-0.010634
4113,-0.014389
4114,-0.046262
4115,-0.039920
4116,-0.011300
4117,-0.004190
4118,0.023772
4119,0.082887
4120,0.089598
4121,0.004183
4122,-0.106715
4123,-0.129863
4124,-0.067423
4125,0.003396
4126,0.055299
4127,0.056199
4128,0.032911
4129,0.056316
4130,0.081639
4131,0.077311
4132,0.045718
4133,-0.042764
4134,-0.075658
4135,-0.031588
4136,-0.018127
4137,-0.026622
4138,-0.005457
4139,0.003243
4140,-0.019444
4141,-0.040823
4142,-0.015596
4143,-0.000668
4144,0.011720
4145,0.013077
4146,0.052067
4147,0.045924
4148,-0.002565
4149,0.020752
4150,-0.033119
4151,-0.025548
4152,-0.047786
4153,-0.014934
4154,0.051934
4155,0.020626
4156,0.011743
4157,0.003509
4158,-0.023821
4159,-0.024011
4160,-0.002818
4161,0.010675
4162,375.092285
4163,450.304871
4164,7.197845
4165,1555.496582
4166,875.100281
4167,28.142754
4168,18.605700
4169,8.392109
4170,12.038157
4171,-11.756311
4172,-55.766838
4173,-83.074211
4174,-52.912251
4175,14.127567
4176,71.484406
4177,93.499702
4178,73.326271
4179,14.735290
4180,-47.433113
4181,-69.004578
4182,-68.038551
4183,-58.977985
4184,-16.465332
4185,25.519585
4186,61.739590
4187,82.382790
4188,79.687019
4189,27.462595
4190,-28.275267
4191,-65.936195
4192,-79.749802
4193,-54.181652
4194,-19.848742
4195,-3.727875
4196,4.685085
4197,32.766617
4198,47.508457
4199,37.665760
4200,20.332312
4201,0.965812
4202,-8.409479
4203,-17.823219
4204,-21.759649
4205,-25.422617
4206,-2.712150
4207,13.973401
4208,16.857166
4209,16.300726
4210,1.156471
4211,-20.101629
4212,-14.034223
4213,-4.049691
4214,10.553596
4215,7.949647
4216,7.125741
4217,-72.055611
4218,-243.037430
4219,0.000000
4220,1.982261
4221,2171.695557
4222,1101.605469
4223,2149.851807
4224,2277.470215
4225,806.020447
4226,2112.647461
4227,1470.270020
4228,2211.995605
4229,2333.647217
4230,965.312073
4231,1129.500488
4232,1016.809021
4233,2167.557373
4234,717.554810
4235,1047.477783
4236,2097.095947
4237,1136.533569
4238,1096.558472
4239,913.111145
4240,2002.790894
4241,935.569458
4242,1956.786987
4243,2241.009766
4244,1265.712280
4245,1326.079468
4246,1909.873291
4247,-0.008002
4248,-0.059312
4249,-0.018917
4250,-0.006598
4251,-0.016748
4252,-0.025656
4253,-0.018337
4254,0.028146
4255,0.035931
4256,0.026277
4257,0.027459
4258,0.002632
4259,0.002900
4260,0.013263
4261,0.023505
4262,0.021917
4263,0.007296
4264,0.001661
4265,-0.010554
4266,-0.014567
4267,-0.057078
4268,-0.022739
4269,-0.026798
4270,-0.057622
4271,-0.029822
4272,0.005011
4273,0.047123
4274,0.080285
4275,0.095194
4276,0.043624
4277,0.036191
4278,-0.020659
4279,-0.041294
4280,-0.040472
4281,-0.054146
4282,-0.064057
4283,-0.023546
4284,0.009133
4285,0.021798
4286,0.069226
4287,0.058581
4288,0.014686
4289,0.004087
4290,-0.035486
4291,-0.029888
4292,-0.024777
4293,-0.042920
4294,0.000707
4295,-0.005501
4296,-0.012067
4297,0.027863
4298,-0.037512
4299,-0.027231
4300,0.014366
4301,0.002086
4302,0.038788
4303,0.007730
4304,0.001754
4305,0.025682
4306,-0.002324
4307,0.025059
4308,0.027298
4309,-0.039182
4310,-0.036580
4311,-0.046278
4312,-0.003237
4313,-0.010714
4314,-0.024350
4315,0.024074
4316,0.055737
4317,0.074073
4318,0.081428
4319,0.032510
4320,-0.072172
4321,-0.065355
4322,-0.044083
4323,-0.042900
4324,-0.035384
4325,-0.012822
4326,0.048822
4327,0.057524
4328,0.015760
4329,-0.019505
4330,-0.016419
4331,-0.050995
4332,-0.071317
4333,-0.027622
4334,-0.005260
4335,0.071420
4336,0.105721
4337,0.054371
4338,-0.023954
4339,-0.024236
4340,-0.029834
4341,-0.047851
4342,-0.005831
4343,-0.006933
4344,-0.013448
4345,0.000140
4346,0.058530
4347,0.052866
4348,0.019358
4349,-0.010905
4350,-0.049395
4351,-0.070368
4352,-0.053955
4353,0.005996
4354,0.025301
4355,0.049910
4356,0.049091
4357,0.046170
4358,0.046912
4359,0.028648
4360,0.014747
4361,-0.028023
4362,-0.016391
4363,-0.038664
4364,-0.032062
4365,-0.012878
4366,-0.028010
4367,-0.057506
4368,-0.050814
4369,-0.001447
4370,-0.015517
4371,-0.004742
4372,0.033336
4373,0.073455
4374,-0.051454
4375,-0.024205
4376,0.032996
4377,-0.021292
4378,-0.012680
4379,0.030858
4380,0.030207
4381,0.071036
4382,0.038515
4383,0.020272
4384,-0.069779
4385,-0.117039
4386,-0.055469
4387,0.030201
4388,0.082170
4389,0.028953
4390,0.016028
4391,0.043508
4392,-0.005643
4393,0.006610
4394,0.030933
4395,0.025778
4396,0.060924
4397,0.023868
4398,-0.049318
4399,-0.091768
4400,-0.083208
4401,-0.063371
4402,-0.018423
4403,-0.035504
4404,-0.008459
4405,0.007305
4406,-0.012406
4407,0.037380
4408,0.071602
4409,0.093096
4410,0.094400
4411,0.022809
4412,-0.040404
4413,-0.070273
4414,-0.097632
4415,-0.072865
4416,-0.026597
4417,0.025019
4418,0.040538
4419,0.030356
4420,-0.012545
4421,0.007424
4422,0.017616
4423,-0.032897
4424,0.046081
4425,0.103986
4426,0.051343
4427,0.005974
4428,-0.114697
4429,-0.153992
4430,-0.065392
4431,-0.004726
4432,0.022135
4433,0.087029
4434,0.043722
4435,0.004955
4436,-0.008374
4437,-0.036323
4438,-0.027222
4439,0.009698
4440,-0.003507
4441,0.003195
4442,0.002816
4443,0.027301
4444,0.027484
4445,0.010695
4446,0.009372
4447,0.024853
4448,0.018968
4449,-0.037483
4450,-0.011616
4451,0.024521
4452,-0.022494
4453,-0.048556
4454,-0.005094
4455,0.002508
4456,0.031305
4457,0.015103
4458,0.017438
4459,0.049468
4460,-0.028104
4461,-0.036025
4462,0.007751
4463,-0.027048
4464,-0.003528
4465,-0.020801
4466,-0.031773
4467,0.025685
4468,0.036216
4469,0.011369
4470,0.025774
4471,-0.003680
4472,-0.005796
4473,0.003502
4474,0.000427
4475,0.011317
4476,0.010063
4477,-0.016698
4478,0.010599
4479,-0.008910
4480,-0.048380
4481,-0.067199
4482,-0.039175
4483,-0.018981
4484,0.010729
4485,-0.017061
4486,0.007860
4487,0.041899
4488,0.061854
4489,0.055762
4490,-0.006240
4491,-0.021367
4492,-0.027753
4493,-0.042786
4494,-0.026297
4495,-0.012862
4496,0.011732
4497,0.024974
4498,0.056088
4499,0.028641
4500,-0.002973
4501,-0.070095
4502,-0.009080
4503,0.004000
4504,-0.038185
4505,-0.033631
4506,-0.041669
4507,-0.034438
4508,0.003842
4509,0.071829
4510,0.112191
4511,0.114984
4512,0.089832
4513,0.039534
4514,-0.027070
4515,-0.079283
4516,-0.123343
4517,-0.114882
4518,-0.053708
4519,0.014668
4520,0.044330
4521,0.045793
4522,0.057282
4523,0.034174
4524,0.006741
4525,-0.001160
4526,-0.015728
4527,-0.062113
4528,-0.125445
4529,-0.076305
4530,-0.060583
4531,0.025404
4532,0.122476
4533,0.118184
4534,0.136677
4535,0.097141
4536,-0.008680
4537,-0.059820
4538,-0.103224
4539,-0.086163
4540,-0.048174
4541,-0.073337
4542,-0.017832
4543,0.004633
4544,0.043958
4545,0.050501
4546,0.028298
4547,-0.006829
4548,-0.040476
4549,-0.006660
4550,0.016197
4551,-0.019451
4552,0.025855
4553,0.056760
4554,0.015016
4555,0.016324
4556,0.105621
4557,0.063684
4558,0.016028
4559,-0.020522
4560,-0.089386
4561,-0.076346
4562,-0.060127
4563,-0.007239
4564,0.070972
4565,0.016103
4566,-0.049664
4567,-0.071514
4568,-0.079320
4569,0.003542
4570,0.032246
4571,0.084430
4572,0.098688
4573,0.044025
4574,0.012925
4575,-0.058734
4576,-0.090761
4577,-0.058013
4578,-0.050251
4579,-0.014041
4580,0.037055
4581,0.015301
4582,0.034211
4583,0.031808
4584,0.037432
4585,0.030021
4586,0.052833
4587,-0.014507
4588,-0.034674
4589,-0.012916
4590,-0.040717
4591,-0.048951
4592,-0.007952
4593,0.037372
4594,0.065268
4595,0.014853
4596,0.012130
4597,0.009449
4598,-0.007947
4599,-0.001178
4600,0.046021
4601,0.010853
4602,-0.002081
4603,-0.025758
4604,-0.042596
4605,-0.019134
4606,-0.030180
4607,-0.065947
4608,-0.035904
4609,-0.028544
4610,-0.065612
4611,-0.013414
4612,0.039178
4613,0.058010
4614,0.106966
4615,0.114819
4616,0.076134
4617,0.075639
4618,-0.034326
4619,-0.117961
4620,-0.089471
4621,-0.077085
4622,-0.018218
4623,0.020406
4624,-0.005463
4625,-0.015907
4626,0.008652
4627,-0.030154
4628,0.055213
4629,0.036200
4630,0.019330
4631,0.034389
4632,0.020944
4633,0.021683
4634,-0.003700
4635,0.006004
4636,0.009738
4637,0.016435
4638,-0.045818
4639,-0.070287
4640,-0.056763
4641,-0.055444
4642,-0.014072
4643,0.083048
4644,0.113040
4645,0.061480
4646,0.003053
4647,-0.047503
4648,-0.081895
4649,-0.061900
4650,-0.037808
4651,-0.009790
4652,0.005704
4653,0.019619
4654,0.010296
4655,-0.036731
4656,-0.009504
4657,-0.028312
4658,0.037499
4659,0.067577
4660,0.046341
4661,0.051977
4662,0.050388
4663,0.011666
4664,0.003815
4665,-0.006337
4666,0.005802
4667,-0.012736
4668,-0.040303
4669,-0.062707
4670,-0.081339
4671,-0.051335
4672,-0.006919
4673,0.014925
4674,0.022208
4675,0.020717
4676,-0.025785
4677,-0.011054
4678,0.006745
4679,0.031954
4680,0.048045
4681,0.047604
4682,0.038261
4683,0.008198
4684,-0.005128
4685,-0.005956
4686,-0.018745
4687,-0.068508
4688,-0.006118
4689,0.035046
4690,0.018666
4691,-0.033119
4692,-0.096902
4693,-0.077961
4694,-0.039415
4695,0.000348
4696,0.024195
4697,0.082670
4698,0.110835
4699,0.093084
4700,0.050492
4701,0.013986
4702,-0.036688
4703,-0.060296
4704,-0.066424
4705,-0.027909
4706,0.009520
4707,0.067757
4708,0.082919
4709,0.021092
4710,-0.083383
4711,-0.140101
4712,-0.131612
4713,-0.085878
4714,-0.014478
4715,0.078360
4716,0.099346
4717,0.073943
4718,0.045553
4719,0.069637
4720,0.033334
4721,0.004095
4722,-0.070992
4723,-0.044037
4724,-0.081109
4725,-0.064737
4726,0.002622
4727,0.017014
4728,0.024313
4729,0.034097
4730,0.023705
4731,0.063859
4732,0.092415
4733,0.044410
4734,0.003605
4735,-0.063149
4736,-0.066985
4737,-0.046852
4738,0.001576
4739,-0.035436
4740,-0.036271
4741,-0.018713
4742,0.017998
4743,0.012248
4744,0.052940
4745,0.076926
4746,0.017376
4747,-0.025332
4748,-0.040782
4749,-0.090218
4750,-0.038341
4751,0.002321
4752,0.014326
4753,0.067397
4754,0.069317
4755,-0.010331
4756,-0.058494
4757,-0.006771
4758,-0.020056
4759,0.042230
4760,0.028895
4761,0.012502
4762,0.000596
4763,-0.015213
4764,0.043797
4765,0.059237
4766,0.041434
4767,-0.043418
4768,-0.062991
4769,-0.079036
4770,-0.061465
4771,-0.020517
4772,-0.015593
4773,0.067367
4774,0.021912
4775,-0.034359
4776,-0.059800
4777,-0.011283
4778,0.062115
4779,0.090884
4780,0.083476
4781,0.022094
4782,-0.022773
4783,-0.036164
4784,-0.056022
4785,-0.032080
4786,-0.001582
4787,-0.034522
4788,-0.024098
4789,-0.021135
4790,0.021266
4791,0.019894
4792,0.004306
4793,0.053570
4794,0.035053
4795,-0.006063
4796,-0.071007
4797,-0.100274
4798,-0.038579
4799,0.039409
4800,0.083673
4801,0.041943
4802,0.038303
4803,0.015542
4804,-0.073328
4805,0.001749
4806,0.076682
4807,0.007987
4808,-0.013815
4809,-0.007628
4810,0.004221
4811,-0.016966
4812,-0.003859
4813,-0.016236
4814,-0.026341
4815,-0.079241
4816,-0.042340
4817,0.001833
4818,0.000578
4819,0.023617
4820,0.069907
4821,0.070067
4822,0.062217
4823,0.045310
4824,0.026553
4825,0.052175
4826,-0.034763
4827,-0.080189
4828,-0.050931
4829,-0.043266
4830,-0.071113
4831,-0.006403
4832,-0.027574
4833,-0.021132
4834,0.014412
4835,0.011605
4836,0.027153
4837,-0.006179
4838,-0.031586
4839,-0.021756
4840,-0.004970
4841,0.003086
4842,0.048823
4843,0.061784
4844,-0.003104
4845,-0.013208
4846,0.032485
4847,0.004945
4848,-0.010386
4849,-0.031094
4850,-0.060906
4851,-0.046445
4852,0.010253
4853,0.033922
4854,0.060687
4855,0.007122
4856,-0.006267
4857,-0.015208
4858,-0.058779
4859,-0.060778
4860,0.004320
4861,0.018136
4862,0.001306
4863,0.019227
4864,0.016963
4865,0.031063
4866,0.038357
4867,0.067116
4868,0.019425
4869,-0.026001
4870,-0.033226
4871,-0.041402
4872,-0.024885
4873,-0.036251
4874,-0.012372
4875,-0.014031
4876,-0.036795
4877,-0.016159
4878,0.035240
4879,0.057399
4880,0.068852
4881,0.083189
4882,0.035788
4883,0.018831
4884,-0.049039
4885,-0.119076
4886,-0.107338
4887,-0.018782
4888,0.010251
4889,-0.003226
4890,-0.008736
4891,-0.010638
4892,0.038213
4893,0.049161
4894,0.018861
4895,0.038084
4896,0.011668
4897,-0.027977
4898,-0.058954
4899,-0.039147
4900,0.039313
4901,0.082184
4902,0.032008
4903,-0.030031
4904,-0.028447
4905,-0.030421
4906,-0.019652
4907,-0.012017
4908,-0.018271
4909,-0.053812
4910,-0.031082
4911,0.050990
4912,0.044604
4913,0.028069
4914,0.049266
4915,0.000424
4916,-0.054327
4917,-0.059917
4918,-0.055950
4919,-0.066875
4920,-0.032307
4921,0.052515
4922,0.081884
4923,0.022989
4924,0.028291
4925,0.055166
4926,0.048698
4927,0.047559
4928,0.025539
4929,0.001419
4930,-0.032572
4931,-0.094973
4932,-0.096546
4933,-0.009175
4934,0.029368
4935,0.032539
4936,-0.018866
4937,-0.063755
4938,-0.061632
4939,0.066594
4940,0.079839
4941,0.048560
4942,0.031089
4943,0.007639
4944,-0.025710
4945,-0.042437
4946,-0.069747
4947,-0.048227
4948,-0.037345
4949,-0.003179
4950,0.039554
4951,0.061402
4952,0.039836
4953,-0.002186
4954,0.030355
4955,0.024642
4956,0.018237
4957,-0.023371
4958,-0.022246
4959,0.018909
4960,0.046048
4961,0.017423
4962,-0.020254
4963,-0.018372
4964,-0.090896
4965,-0.078572
4966,-0.022788
4967,-0.025172
4968,-0.018999
4969,0.006079
4970,0.054429
4971,0.067817
4972,0.018766
4973,0.072228
4974,0.041695
4975,-0.020619
4976,-0.034946
4977,-0.009636
4978,0.038366
4979,-0.007126
4980,-0.024700
4981,-0.002005
4982,-0.050747
4983,-0.020953
4984,-0.021452
4985,-0.014919
4986,-0.010869
4987,-0.018184
4988,-0.017071
4989,0.015266
4990,0.025414
4991,-0.005434
4992,-0.005290
4993,0.021229
4994,0.035172
4995,-0.007521
4996,0.004095
4997,0.030623
4998,0.019744
4999,0.046491
5000,0.015869
5001,-0.018031
5002,-0.015574
5003,-0.036656
5004,-0.002681
5005,-0.013043
5006,-0.039110
5007,0.022431
5008,0.002754
5009,-0.024219
5010,-0.027200
5011,-0.055217
5012,0.016933
5013,0.060280
5014,0.045018
5015,0.061465
5016,0.036504
5017,0.012885
5018,-0.054406
5019,-0.101777
5020,-0.064870
5021,-0.027853
5022,0.017925
5023,0.074377
5024,0.038808
5025,-0.008959
5026,-0.047834
5027,-0.003518
5028,0.039196
5029,0.052334
5030,0.046261
5031,0.019068
5032,-0.013555
5033,-0.014283
5034,0.014853
5035,0.014424
5036,-0.058376
5037,-0.038824
5038,-0.001715
5039,-0.019452
5040,-0.020869
5041,-0.042878
5042,-0.036634
5043,-0.051056
5044,0.004759
5045,0.081464
5046,0.062973
5047,0.051586
5048,0.052024
5049,-0.018400
5050,-0.083025
5051,-0.071996
5052,0.001512
5053,0.012652
5054,0.042326
5055,0.012368
5056,-0.046594
5057,-0.052020
5058,-0.026514
5059,-0.027899
5060,0.012786
5061,0.027602
5062,0.032115
5063,0.076535
5064,0.068726
5065,0.050048
5066,-0.009703
5067,-0.026975
5068,-0.023111
5069,0.009272
5070,0.011271
5071,-0.019233
5072,-0.036433
5073,-0.019367
5074,-0.071516
5075,-0.097741
5076,-0.079112
5077,0.007052
5078,0.089424
5079,0.107390
5080,0.036050
5081,0.001808
5082,0.001238
5083,-0.024362
5084,-0.066984
5085,0.037466
5086,0.059126
5087,-0.015053
5088,0.025201
5089,-0.013638
5090,-0.002499
5091,0.029241
5092,0.011302
5093,-0.037803
5094,-0.036727
5095,-0.039362
5096,-0.061539
5097,-0.040354
5098,0.057887
5099,0.098598
5100,0.022854
5101,0.010906
5102,-0.027151
5103,-0.005777
5104,0.031384
5105,-0.009593
5106,-0.054817
5107,-0.046038
5108,-0.001635
5109,0.012034
5110,0.014278
5111,0.044843
5112,0.021122
5113,-0.025188
5114,-0.005754
5115,0.011041
5116,0.033600
5117,0.002712
5118,-0.017141
5119,-0.013391
5120,-0.036223
5121,-0.068683
5122,-0.055145
5123,-0.006991
5124,0.040980
5125,0.034060
5126,0.023536
5127,0.015532
5128,0.024384
5129,-0.009285
5130,0.015374
5131,0.004576
5132,-0.008348
5133,0.027153
5134,-0.012139
5135,0.014780
5136,0.045476
5137,-0.066901
5138,-0.070281
5139,-0.036578
5140,-0.024109
5141,0.079232
5142,0.080289
5143,0.017460
5144,0.028584
5145,-0.038777
5146,-0.084647
5147,-0.110845
5148,-0.074265
5149,-0.001104
5150,0.042571
5151,0.064833
5152,0.060792
5153,0.055740
5154,0.025732
5155,-0.005420
5156,-0.050911
5157,-0.043988
5158,-0.048214
5159,0.016215
5160,0.035715
5161,0.031211
5162,0.020044
5163,0.028597
5164,0.029647
5165,0.014154
5166,-0.014323
5167,-0.019921
5168,-0.045745
5169,-0.031674
5170,-0.018417
5171,0.002415
5172,0.038162
5173,0.054980
5174,0.031536
5175,-0.038510
5176,-0.023951
5177,0.031962
5178,0.052601
5179,0.001101
5180,-0.009022
5181,0.006273
5182,-0.044790
5183,-0.058124
5184,-0.039804
5185,-0.012340
5186,-0.029759
5187,-0.034121
5188,0.044180
5189,0.065452
5190,0.011184
5191,-0.002426
5192,-0.034290
5193,-0.013201
5194,0.033730
5195,0.038708
5196,0.002914
5197,-0.042280
5198,-0.101579
5199,-0.074709
5200,-0.017202
5201,0.070217
5202,0.111438
5203,0.114511
5204,0.071912
5205,0.001388
5206,-0.032791
5207,-0.051859
5208,-0.056668
5209,-0.059158
5210,-0.049867
5211,-0.016009
5212,-0.041543
5213,-0.004565
5214,0.009951
5215,0.059134
5216,0.099088
5217,0.042630
5218,0.012581
5219,-0.028981
5220,-0.044513
5221,-0.078631
5222,-0.031380
5223,-0.011592
5224,0.016105
5225,0.042207
5226,0.000424
5227,0.014430
5228,-0.025980
5229,-0.062013
5230,-0.035548
5231,0.009970
5232,0.067225
5233,0.052393
5234,0.048840
5235,0.016238
5236,-0.019053
5237,-0.014164
5238,0.020074
5239,0.022039
5240,-0.004123
5241,-0.025647
5242,-0.071031
5243,-0.008156
5244,0.003068
5245,0.042238
5246,-0.009864
5247,0.016660
5248,0.010553
5249,0.025314
5250,0.032514
5251,-0.039025
5252,-0.017195
5253,-0.017380
5254,-0.051603
5255,-0.001777
5256,0.035341
5257,0.017977
5258,0.013363
5259,0.035337
5260,0.036739
5261,-0.029078
5262,-0.009678
5263,-0.020579
5264,-0.036609
5265,0.005053
5266,-0.006338
5267,-0.051795
5268,-0.047786
5269,0.005218
5270,0.037523
5271,0.011228
5272,0.003023
5273,-0.002612
5274,-0.047239
5275,-0.012736
5276,0.036567
5277,0.062767
5278,0.025353
5279,0.013622
5280,-0.012431
5281,-0.004758
5282,0.023151
5283,-0.001164
5284,-0.028797
5285,-0.049938
5286,-0.041415
5287,-0.033822
5288,-0.016312
5289,-0.023839
5290,0.001671
5291,0.049786
5292,0.063488
5293,0.056274
5294,0.052636
5295,0.014882
5296,-0.033328
5297,-0.056784
5298,-0.023615
5299,-0.034450
5300,-0.023536
5301,-0.045790
5302,0.011650
5303,0.077996
5304,0.061004
5305,0.036667
5306,-0.020551
5307,-0.050108
5308,-0.052921
5309,-0.050075
5310,0.000301
5311,0.030742
5312,0.009900
5313,0.018836
5314,0.011138
5315,-0.002398
5316,-0.011947
5317,-0.024141
5318,0.048428
5319,0.045750
5320,0.043845
5321,0.061246
5322,0.008203
5323,-0.022874
5324,-0.059474
5325,-0.045713
5326,-0.033570
5327,-0.036206
5328,-0.014939
5329,-0.024923
5330,0.006003
5331,0.009297
5332,0.023625
5333,-0.022113
5334,-0.026127
5335,-0.012377
5336,0.035964
5337,0.068615
5338,0.046552
5339,0.043150
5340,-0.004898
5341,-0.037033
5342,-0.004034
5343,-0.039520
5344,-0.012241
5345,0.004765
5346,-0.032747
5347,-0.035977
5348,-0.018042
5349,0.034557
5350,0.043248
5351,0.038224
5352,0.075123
5353,-0.013461
5354,-0.066727
5355,-0.040304
5356,-0.016153
5357,0.020883
5358,0.033836
5359,0.053881
5360,0.024807
5361,-0.019255
5362,-0.038933
5363,0.007253
5364,-0.021566
5365,-0.019234
5366,0.009450
5367,0.016533
5368,-0.032566
5369,-0.031210
5370,-0.008739
5371,-0.005569
5372,-0.019697
5373,0.003505
5374,0.026991
5375,0.055473
5376,0.006787
5377,0.019138
5378,-0.012224
5379,-0.067257
5380,-0.015400
5381,-0.002314
5382,-0.037378
5383,-0.039271
5384,-0.027350
5385,0.038010
5386,0.054663
5387,0.011116
5388,0.029360
5389,0.036973
5390,0.009180
5391,-0.026626
5392,-0.030745
5393,0.012224
5394,0.047125
5395,0.064654
5396,0.075286
5397,0.039000
5398,-0.030202
5399,-0.105169
5400,-0.098085
5401,-0.075585
5402,-0.059880
5403,-0.007416
5404,0.018928
5405,0.029198
5406,0.007877
5407,0.016879
5408,0.003155
5409,-0.000010
5410,0.053901
5411,0.005001
5412,0.030202
5413,0.053679
5414,0.051677
5415,0.026799
5416,-0.008574
5417,-0.030939
5418,-0.069144
5419,-0.121807
5420,-0.120240
5421,-0.108919
5422,-0.061462
5423,0.054378
5424,0.115320
5425,0.144436
5426,0.092471
5427,0.019288
5428,0.008817
5429,-0.029028
5430,-0.009191
5431,-0.015906
5432,-0.046054
5433,-0.011933
5434,0.036563
5435,0.015218
5436,0.028309
5437,-0.028288
5438,-0.060891
5439,-0.024751
5440,-0.005503
5441,0.000184
5442,0.044789
5443,-0.021703
5444,-0.084021
5445,0.005585
5446,0.066346
5447,0.086785
5448,0.038258
5449,0.029099
5450,0.011678
5451,-0.001529
5452,-0.050173
5453,-0.072392
5454,-0.059795
5455,-0.012638
5456,-0.027555
5457,-0.020033
5458,0.023785
5459,-0.000312
5460,0.070206
5461,0.045054
5462,-0.025500
5463,-0.039044
5464,-0.009369
5465,0.003521
5466,0.028497
5467,0.038263
5468,0.043775
5469,0.005783
5470,-0.024896
5471,-0.036499
5472,-0.044439
5473,-0.032776
5474,-0.023748
5475,-0.029402
5476,0.004414
5477,-0.014287
5478,-0.009481
5479,0.011574
5480,0.033567
5481,0.049397
5482,0.014528
5483,-0.007528
5484,-0.018723
5485,-0.019314
5486,-0.031132
5487,0.004944
5488,0.023840
5489,0.094927
5490,0.079227
5491,0.012011
5492,-0.025842
5493,-0.020626
5494,-0.017760
5495,-0.029735
5496,-0.007303
5497,0.002295
5498,-0.008351
5499,-0.022202
5500,-0.027612
5501,-0.032440
5502,-0.004633
5503,0.021248
5504,-0.033933
5505,-0.039754
5506,-0.037374
5507,-0.039110
5508,0.010881
5509,0.011155
5510,-0.006882
5511,0.041633
5512,0.006155
5513,0.017073
5514,0.078769
5515,0.072169
5516,0.079829
5517,0.042494
5518,-0.044818
5519,-0.128616
5520,-0.147103
5521,-0.050319
5522,-0.013872
5523,0.082687
5524,0.126041
5525,0.095921
5526,-0.002988
5527,-0.074400
5528,-0.045237
5529,-0.014926
5530,-0.007894
5531,0.027139
5532,0.028109
5533,-0.012233
5534,-0.068427
5535,-0.056010
5536,-0.005156
5537,0.021886
5538,0.015483
5539,0.075183
5540,0.060207
5541,0.030827
5542,-0.003278
5543,-0.048736
5544,-0.032190
5545,-0.012884
5546,-0.009099
5547,-0.013205
5548,-0.011777
5549,-0.004963
5550,-0.014519
5551,-0.006924
5552,0.014187
5553,0.032815
5554,0.018975
5555,0.009173
5556,0.016458
5557,0.023146
5558,0.016938
5559,-0.019345
5560,-0.053713
5561,-0.050893
5562,0.055074
5563,0.045297
5564,0.039691
5565,0.038908
5566,-0.002525
5567,-0.044375
5568,-0.017279
5569,-0.010931
5570,-0.041606
5571,-0.031978
5572,-0.046194
5573,0.000290
5574,0.014046
5575,0.014128
5576,0.039016
5577,0.018202
5578,-0.015357
5579,0.022318
5580,0.038722
5581,0.005534
5582,-0.069509
5583,-0.053900
5584,-0.080830
5585,-0.071146
5586,0.004009
5587,0.059762
5588,0.071442
5589,0.046136
5590,0.023616
5591,0.031943
5592,0.023249
5593,0.025428
5594,0.001824
5595,0.015675
5596,-0.021883
5597,-0.050850
5598,-0.081801
5599,-0.068850
5600,0.038326
5601,0.028847
5602,0.044612
5603,0.088156
5604,0.023305
5605,0.031116
5606,0.015400
5607,-0.023563
5608,-0.072880
5609,-0.080968
5610,-0.027807
5611,0.012003
5612,0.038475
5613,0.049866
5614,0.024893
5615,0.026103
5616,0.039361
5617,0.073196
5618,0.032287
5619,-0.011379
5620,-0.049007
5621,-0.118775
5622,-0.126075
5623,-0.064692
5624,-0.008746
5625,0.040671
5626,0.074086
5627,0.045383
5628,0.018540
5629,0.011122
5630,0.049782
5631,-0.015643
5632,-0.011015
5633,-0.025556
5634,-0.007329
5635,0.004086
5636,-0.008661
5637,0.006373
5638,0.048128
5639,0.031729
5640,-0.026951
5641,-0.024476
5642,-0.003530
5643,-0.014650
5644,-0.023944
5645,-0.058646
5646,-0.007175
5647,0.025486
5648,-0.000341
5649,-0.025708
5650,0.029432
5651,0.049290
5652,0.038413
5653,0.028390
5654,-0.006603
5655,-0.016842
5656,-0.014236
5657,-0.037616
5658,-0.032512
5659,-0.022363
5660,-0.014541
5661,0.008736
5662,0.020140
5663,0.012388
5664,0.036867
5665,0.029733
5666,0.004217
5667,0.052756
5668,0.046425
5669,0.006984
5670,0.008355
5671,-0.063847
5672,-0.082183
5673,-0.060198
5674,-0.084209
5675,-0.017213
5676,0.029714
5677,0.035860
5678,0.043419
5679,0.039700
5680,0.011029
5681,-0.057439
5682,-0.039481
5683,-0.041131
5684,0.032146
5685,0.054147
5686,0.017166
5687,0.013423
5688,0.031317
5689,0.014121
5690,-0.035277
5691,0.021067
5692,0.057305
5693,0.011337
5694,-0.052837
5695,-0.059793
5696,-0.051996
5697,-23.349350
5698,178.068451
5699,3.232039
5700,0.000000
5701,527.228943
5702,1922.553345
5703,742.288147
5704,2115.039551
5705,1013.394836
5706,2033.286011
5707,2097.386963
5708,1259.481201
5709,2157.259033
5710,1058.337891
5711,2027.369995
5712,972.282593
5713,1806.149414
5714,1725.010864
5715,1048.813354
5716,989.116760
5717,2249.258301
5718,735.436768
5719,962.446350
5720,2148.101563
5721,1006.203735
5722,2226.020996
5723,1997.789307
5724,791.328735
5725,1839.895142
5726,1204.731079
5727,142.789078
5728,-0.026055
5729,-0.022325
5730,0.029859
5731,0.016923
5732,-0.049166
5733,-0.012195
5734,0.015080
5735,0.030359
5736,0.062206
5737,0.026984
5738,-0.062914
5739,0.010629
5740,0.028009
5741,0.054787
5742,0.023727
5743,-0.034639
5744,-0.061494
5745,-0.049306
5746,-0.001266
5747,0.032478
5748,0.035618
5749,0.039483
5750,0.050537
5751,0.033379
5752,0.003663
5753,-0.058798
5754,-0.049822
5755,-0.020284
5756,-0.064395
5757,-0.065610
5758,-0.031649
5759,-0.043384
5760,0.023005
5761,0.051422
5762,0.049583
5763,0.100432
5764,0.088542
5765,0.063146
5766,0.046794
5767,-0.052711
5768,-0.066522
5769,-0.092754
5770,-0.083285
5771,-0.024528
5772,-0.007494
5773,0.026321
5774,0.076267
5775,0.046743
5776,0.025327
5777,-0.047054
5778,-0.069790
5779,-0.095395
5780,-0.036845
5781,0.051309
5782,0.031897
5783,0.018960
5784,0.026157
5785,-0.004172
5786,0.015981
5787,-0.019179
5788,-0.029043
5789,-0.003184
5790,-0.031779
5791,-0.039793
5792,0.001400
5793,0.046244
5794,0.098295
5795,0.088716
5796,0.056578
5797,-0.026036
5798,-0.106775
5799,-0.047158
5800,0.002205
5801,0.019260
5802,0.031044
5803,0.015784
5804,-0.032462
5805,-0.092962
5806,-0.062979
5807,-0.021284
5808,0.054711
5809,0.055745
5810,0.031211
5811,-0.020081
5812,-0.043685
5813,-0.027425
5814,0.023024
5815,0.014379
5816,0.011909
5817,0.053660
5818,0.067234
5819,0.026507
5820,0.012257
5821,-0.027267
5822,0.001644
5823,0.003691
5824,-0.064411
5825,-0.051564
5826,-0.045948
5827,0.032116
5828,-0.002679
5829,-0.006636
5830,0.006593
5831,-0.001328
5832,0.030460
5833,-0.006370
5834,-0.039823
5835,-0.017073
5836,0.010172
5837,0.049614
5838,0.057182
5839,0.035325
5840,0.001374
5841,-0.040380
5842,-0.058516
5843,-0.072922
5844,-0.063572
5845,-0.009920
5846,0.019945
5847,0.066907
5848,0.030565
5849,-0.027795
5850,-0.022043
5851,-0.045090
5852,0.015117
5853,0.045521
5854,0.061007
5855,0.055040
5856,0.018308
5857,-0.021445
5858,0.025895
5859,-0.002977
5860,0.000589
5861,-0.018271
5862,-0.069830
5863,-0.029534
5864,0.015970
5865,-0.020197
5866,-0.045264
5867,0.005534
5868,0.011361
5869,0.005510
5870,-0.014421
5871,0.024423
5872,0.021441
5873,0.017952
5874,-0.001473
5875,0.056707
5876,0.025185
5877,-0.017615
5878,-0.027083
5879,-0.007488
5880,0.013485
5881,-0.010755
5882,-0.010133
5883,-0.021554
5884,0.002577
5885,-0.015630
5886,0.014711
5887,0.020079
5888,-0.004245
5889,-0.038460
5890,-0.075361
5891,-0.042584
5892,-0.004899
5893,0.030611
5894,0.015644
5895,0.046437
5896,0.031954
5897,0.031438
5898,0.042490
5899,-0.037202
5900,-0.028440
5901,-0.033811
5902,0.019744
5903,0.076093
5904,-0.007465
5905,0.005167
5906,-0.020352
5907,-0.037890
5908,0.004347
5909,0.029416
5910,0.014528
5911,0.007620
5912,-0.014264
5913,-0.011079
5914,-0.017696
5915,-0.047892
5916,-0.061896
5917,-0.042606
5918,-0.011313
5919,-0.010717
5920,0.059381
5921,0.067938
5922,0.066555
5923,0.113964
5924,0.097259
5925,0.017446
5926,-0.034715
5927,-0.086208
5928,-0.140492
5929,-0.128799
5930,-0.088534
5931,-0.048615
5932,-0.005705
5933,0.023474
5934,0.092669
5935,0.085869
5936,0.100275
5937,0.068481
5938,-0.007373
5939,-0.034786
5940,-0.039233
5941,-0.025644
5942,-0.012824
5943,-0.063338
5944,-0.017573
5945,0.033282
5946,0.029319
5947,0.020761
5948,-0.017341
5949,0.027335
5950,0.026110
5951,-0.009175
5952,0.052928
5953,0.014244
5954,-0.037180
5955,-0.026989
5956,-0.011957
5957,-0.021198
5958,0.008655
5959,-0.016376
5960,-0.039921
5961,-0.040038
5962,-0.062962
5963,0.022792
5964,0.035627
5965,0.019881
5966,-0.031705
5967,0.009558
5968,0.039606
5969,0.027730
5970,0.056077
5971,0.040017
5972,0.020270
5973,-0.005967
5974,-0.061823
5975,-0.049063
5976,-0.061318
5977,-0.006865
5978,-0.005491
5979,0.005197
5980,0.024451
5981,0.037816
5982,-0.014108
5983,-0.005368
5984,0.020148
5985,0.017357
5986,0.059065
5987,0.056749
5988,-0.020881
5989,0.001775
5990,0.024045
5991,0.026817
5992,-0.081528
5993,-0.171601
5994,-0.147684
5995,-0.060570
5996,0.027234
5997,0.068303
5998,0.089763
5999,0.130593
6000,0.084787
6001,0.075698
6002,0.040258
6003,-0.029086
6004,-0.003966
6005,-0.019493
6006,-0.037822
6007,-0.043872
6008,-0.050523
6009,-0.055911
6010,-0.036751
6011,-0.021150
6012,0.001221
6013,-0.027014
6014,-0.023600
6015,-0.010842
6016,0.031309
6017,0.071711
6018,0.060251
6019,0.025192
6020,-0.002344
6021,-0.023605
6022,-0.013812
6023,-0.054972
6024,-0.037012
6025,0.008881
6026,0.021135
6027,0.062917
6028,0.074820
6029,0.030729
6030,0.015398
6031,-0.060810
6032,-0.072845
6033,-0.059853
6034,-0.079971
6035,-0.018556
6036,-0.009351
6037,0.007771
6038,0.074152
6039,0.091124
6040,0.061837
6041,0.037405
6042,-0.037691
6043,-0.040653
6044,-0.000513
6045,-0.019890
6046,-0.019649
6047,-0.010365
6048,0.024169
6049,0.026506
6050,-0.024999
6051,-0.031306
6052,0.008141
6053,-0.041971
6054,-0.038008
6055,-0.006749
6056,-0.035312
6057,-0.004805
6058,0.053216
6059,0.064125
6060,0.049562
6061,0.013415
6062,0.023136
6063,-0.025964
6064,-0.032372
6065,0.004754
6066,-0.056688
6067,-0.031678
6068,-0.028907
6069,0.023967
6070,0.011107
6071,0.024406
6072,0.063985
6073,0.052462
6074,-0.001707
6075,-0.036462
6076,-0.050204
6077,-0.002865
6078,0.013914
6079,-0.004009
6080,-0.026140
6081,0.004134
6082,-0.012574
6083,0.050306
6084,0.021409
6085,-0.033806
6086,-0.067690
6087,-0.023252
6088,0.041764
6089,0.043555
6090,0.013810
6091,0.019597
6092,0.020584
6093,-0.051597
6094,-0.030956
6095,0.033465
6096,-0.022495
6097,-0.031438
6098,0.022475
6099,0.004353
6100,-0.001247
6101,0.004506
6102,0.006379
6103,-0.049633
6104,-0.122309
6105,-0.058714
6106,-0.038053
6107,-0.010377
6108,0.071264
6109,0.098631
6110,0.058927
6111,0.011076
6112,0.017542
6113,0.027252
6114,0.018781
6115,0.019116
6116,0.010276
6117,0.042473
6118,0.017442
6119,-0.064466
6120,-0.103310
6121,-0.084108
6122,-0.009732
6123,0.065442
6124,0.086857
6125,0.025473
6126,-0.034047
6127,-0.008366
6128,0.001265
6129,-0.015391
6130,-0.023669
6131,-0.036722
6132,-0.027061
6133,-0.017063
6134,-0.026949
6135,-0.019318
6136,0.042475
6137,0.065554
6138,0.019440
6139,-0.016072
6140,-0.029230
6141,0.015959
6142,0.037084
6143,0.035516
6144,-0.003701
6145,-0.017702
6146,0.025677
6147,0.001402
6148,0.005916
6149,0.007993
6150,-0.050411
6151,-0.053713
6152,-0.039980
6153,-0.071812
6154,0.020220
6155,0.046708
6156,0.075859
6157,0.056244
6158,-0.002159
6159,-0.021479
6160,-0.031059
6161,-0.032265
6162,-0.047769
6163,-0.014539
6164,-0.004695
6165,0.027578
6166,0.042218
6167,0.032805
6168,0.039133
6169,-0.031463
6170,-0.040614
6171,-0.024983
6172,-0.011679
6173,0.057530
6174,0.090599
6175,0.021600
6176,-0.040763
6177,0.009245
6178,0.015336
6179,-0.016566
6180,-0.025039
6181,-0.020493
6182,0.007684
6183,0.029256
6184,0.030957
6185,0.028233
6186,-0.018625
6187,-0.029841
6188,-0.041427
6189,-0.008516
6190,0.066289
6191,0.066501
6192,0.045576
6193,-0.000047
6194,-0.030459
6195,0.000227
6196,-0.040418
6197,-0.015946
6198,0.029881
6199,-0.066961
6200,-0.089082
6201,-0.027321
6202,0.024769
6203,0.070500
6204,0.037338
6205,0.011057
6206,0.037397
6207,0.011859
6208,-0.007657
6209,-0.060281
6210,-0.081526
6211,-0.038541
6212,-0.018292
6213,0.024779
6214,0.055734
6215,0.038140
6216,0.000604
6217,0.012991
6218,-0.078858
6219,-0.048886
6220,0.053300
6221,-0.004532
6222,0.010100
6223,0.041971
6224,-0.006696
6225,0.005691
6226,0.008122
6227,-0.001357
6228,0.009666
6229,0.057919
6230,0.059985
6231,-0.002224
6232,0.012422
6233,0.039879
6234,-0.075788
6235,-0.132782
6236,-0.126526
6237,-0.044749
6238,0.034152
6239,0.100795
6240,0.061097
6241,0.022812
6242,0.002175
6243,0.036038
6244,0.034361
6245,-0.014194
6246,0.014641
6247,-0.015941
6248,0.031943
6249,0.073165
6250,0.018086
6251,-0.048150
6252,-0.078326
6253,-0.091644
6254,-0.031194
6255,0.021772
6256,0.044921
6257,0.019349
6258,0.039240
6259,-0.000530
6260,-0.007153
6261,-0.005055
6262,-0.027819
6263,-0.004431
6264,0.029534
6265,0.026842
6266,0.005371
6267,0.009581
6268,-0.012250
6269,-0.034524
6270,-0.073435
6271,-0.067358
6272,0.022548
6273,0.046321
6274,0.088770
6275,0.059721
6276,-0.011426
6277,-0.017619
6278,-0.073375
6279,-0.074755
6280,-0.069255
6281,-0.022120
6282,0.028511
6283,0.065088
6284,0.040258
6285,0.054892
6286,0.055552
6287,0.062585
6288,0.025892
6289,-0.040560
6290,-0.063400
6291,-0.047240
6292,-0.025841
6293,-0.017892
6294,-0.020747
6295,0.025275
6296,0.041801
6297,-0.005685
6298,-0.002969
6299,0.034341
6300,0.005148
6301,-0.004950
6302,-0.062549
6303,-0.083379
6304,-0.039935
6305,0.010594
6306,0.028264
6307,0.015772
6308,0.037233
6309,0.059065
6310,0.060617
6311,0.063632
6312,0.025393
6313,0.032695
6314,0.047433
6315,-0.024696
6316,-0.083541
6317,-0.106746
6318,-0.114973
6319,-0.105806
6320,-0.061066
6321,-0.024853
6322,0.026618
6323,0.050758
6324,0.053664
6325,0.063107
6326,0.078441
6327,0.037745
6328,0.053957
6329,0.016859
6330,-0.013479
6331,-0.030171
6332,0.014205
6333,-0.013187
6334,-0.039424
6335,-0.027134
6336,-0.016654
6337,-0.017768
6338,-0.005241
6339,0.029043
6340,0.031263
6341,0.017129
6342,-0.016123
6343,-0.007047
6344,-0.031352
6345,-0.035513
6346,0.029129
6347,0.009851
6348,0.007721
6349,-0.037759
6350,-0.022500
6351,0.069272
6352,0.017524
6353,0.001269
6354,0.026066
6355,-0.006357
6356,-0.031443
6357,-0.024412
6358,-0.069298
6359,-0.003855
6360,0.040588
6361,0.019588
6362,0.019954
6363,0.014061
6364,-0.030033
6365,-0.052941
6366,-0.043986
6367,-0.062638
6368,-0.019784
6369,0.062185
6370,0.009364
6371,0.036579
6372,0.081949
6373,0.087531
6374,0.023750
6375,0.007549
6376,-0.003779
6377,-0.043542
6378,-0.050003
6379,-0.027950
6380,-0.042632
6381,-0.065338
6382,-0.013621
6383,0.001706
6384,0.018206
6385,0.047475
6386,-0.002637
6387,0.036299
6388,0.035652
6389,-0.048934
6390,-0.028543
6391,0.018177
6392,0.013675
6393,0.011413
6394,0.038725
6395,0.013773
6396,-0.016629
6397,-0.022950
6398,-0.011290
6399,-0.019276
6400,0.001454
6401,0.016814
6402,0.068402
6403,0.004790
6404,-0.022960
6405,-0.056852
6406,-0.064753
6407,-0.050182
6408,-0.058988
6409,-0.003425
6410,0.023857
6411,0.038156
6412,0.060533
6413,0.047470
6414,-0.011167
6415,-0.002558
6416,-0.007703
6417,0.016697
6418,0.038347
6419,-0.007932
6420,-0.005044
6421,-0.032773
6422,-0.011533
6423,0.044437
6424,-0.038512
6425,0.044879
6426,0.051697
6427,0.064320
6428,0.022171
6429,-0.034423
6430,-0.058816
6431,-0.024235
6432,-0.055157
6433,-0.017612
6434,-0.007381
6435,0.045166
6436,0.057210
6437,0.016576
6438,-0.013274
6439,-0.035783
6440,0.007475
6441,0.046297
6442,-0.007892
6443,-0.050896
6444,-0.003861
6445,-0.046453
6446,-0.047329
6447,0.017446
6448,0.021697
6449,0.035228
6450,0.023968
6451,0.025991
6452,-0.001750
6453,-0.025285
6454,-0.023380
6455,-0.008639
6456,0.024924
6457,0.002583
6458,-0.042897
6459,-0.034534
6460,0.019602
6461,0.040981
6462,0.010843
6463,-0.016208
6464,-0.047199
6465,-0.069983
6466,-0.021581
6467,0.030592
6468,-0.003376
6469,0.001227
6470,0.023166
6471,0.039461
6472,0.026767
6473,-0.020128
6474,-0.027387
6475,-0.009562
6476,-0.063016
6477,-0.041193
6478,0.016836
6479,0.010483
6480,0.010343
6481,0.013475
6482,-0.012417
6483,0.008020
6484,0.028004
6485,0.069181
6486,0.013573
6487,-0.032730
6488,0.005230
6489,0.020847
6490,-0.051333
6491,-0.040479
6492,-0.045164
6493,-0.020724
6494,-0.006023
6495,-0.040891
6496,-0.010576
6497,0.044909
6498,0.114342
6499,0.161953
6500,0.115886
6501,0.011151
6502,-0.046384
6503,-0.062702
6504,-0.038615
6505,-0.039924
6506,-0.077888
6507,-0.062136
6508,-0.036200
6509,-0.049425
6510,-0.013032
6511,0.036951
6512,0.043484
6513,0.031388
6514,0.025644
6515,0.028028
6516,0.038070
6517,0.038770
6518,-0.022978
6519,-0.090248
6520,-0.050428
6521,-0.032808
6522,-0.034596
6523,-0.016586
6524,0.010292
6525,0.040511
6526,0.063583
6527,0.054126
6528,0.043672
6529,-0.002022
6530,0.003753
6531,-0.032892
6532,-0.016410
6533,-0.034432
6534,0.002201
6535,0.027115
6536,0.024784
6537,-0.020517
6538,0.005290
6539,-0.029987
6540,-0.019629
6541,0.009277
6542,-0.005777
6543,-0.024563
6544,-0.029954
6545,-0.002092
6546,0.043197
6547,0.037429
6548,0.025894
6549,-0.000645
6550,-0.010224
6551,-0.016843
6552,-0.023838
6553,-0.029504
6554,0.008972
6555,0.030960
6556,-0.002579
6557,-0.002213
6558,0.032455
6559,0.016529
6560,0.018404
6561,0.037767
6562,0.008047
6563,-0.001184
6564,-0.075791
6565,-0.082697
6566,-0.062866
6567,0.012210
6568,0.027969
6569,0.003458
6570,0.079652
6571,0.039476
6572,0.029325
6573,0.012892
6574,-0.010886
6575,-0.051621
6576,-0.070159
6577,-0.069274
6578,-0.058989
6579,-0.000619
6580,0.043173
6581,-0.010701
6582,-0.001335
6583,0.017689
6584,0.053861
6585,0.087575
6586,0.062123
6587,0.013496
6588,0.020749
6589,-0.025635
6590,-0.048079
6591,-0.015676
6592,0.021301
6593,0.003322
6594,-0.027316
6595,-0.002378
6596,-0.011930
6597,-0.035390
6598,-0.045831
6599,-0.034262
6600,0.029883
6601,0.015550
6602,0.007138
6603,0.032934
6604,0.017353
6605,0.001788
6606,0.016074
6607,0.014949
6608,-0.019040
6609,-0.060008
6610,-0.028128
6611,-0.041375
6612,-0.041930
6613,-0.010923
6614,0.021174
6615,0.055134
6616,0.056434
6617,0.025477
6618,0.058522
6619,0.030189
6620,-0.017772
6621,-0.006494
6622,-0.080596
6623,-0.098975
6624,-0.027084
6625,0.003070
6626,-0.025355
6627,-0.000973
6628,0.024765
6629,-0.012527
6630,0.019117
6631,0.058409
6632,0.040821
6633,0.004704
6634,-0.019947
6635,-0.043628
6636,-0.077005
6637,0.007253
6638,0.041647
6639,0.031207
6640,0.077889
6641,0.047033
6642,-0.029039
6643,-0.002849
6644,-0.014921
6645,-0.005488
6646,0.010324
6647,0.014202
6648,-0.050860
6649,-0.055086
6650,-0.027030
6651,-0.015352
6652,0.024529
6653,0.018681
6654,0.025443
6655,-0.004727
6656,-0.040819
6657,-0.047107
6658,-0.032191
6659,-0.019281
6660,0.036749
6661,0.020969
6662,0.025331
6663,0.044701
6664,0.003778
6665,-0.054587
6666,-0.094374
6667,-0.062733
6668,-0.008145
6669,0.022650
6670,0.034377
6671,0.066708
6672,0.106398
6673,0.134161
6674,0.034658
6675,0.000190
6676,-0.038962
6677,-0.023493
6678,-0.005077
6679,-0.003622
6680,-0.010343
6681,-0.000346
6682,0.000576
6683,-0.026069
6684,0.012219
6685,0.029686
6686,0.026924
6687,0.046181
6688,0.013841
6689,-0.015474
6690,-0.066101
6691,-0.057571
6692,0.004890
6693,0.062719
6694,0.061372
6695,-0.020501
6696,-0.009602
6697,0.021378
6698,-0.026649
6699,-0.034380
6700,-0.039011
6701,0.014524
6702,0.029915
6703,-0.004831
6704,0.022528
6705,-0.007363
6706,0.002763
6707,-0.001374
6708,-0.002631
6709,-0.013135
6710,0.041543
6711,-0.003860
6712,-0.053093
6713,-0.081438
6714,0.001573
6715,0.073674
6716,0.073737
6717,0.057172
6718,0.007807
6719,-0.030510
6720,-0.033059
6721,-0.061036
6722,-0.045593
6723,-0.010170
6724,0.047774
6725,0.065373
6726,-0.009792
6727,-0.010713
6728,0.003966
6729,-0.019256
6730,0.009777
6731,-0.018274
6732,-0.047457
6733,-0.015881
6734,-0.029316
6735,0.006471
6736,0.031933
6737,0.031599
6738,0.019094
6739,-0.025462
6740,-0.024095
6741,-0.049684
6742,-0.070752
6743,-0.062065
6744,0.006068
6745,0.064727
6746,0.143576
6747,0.127649
6748,0.042552
6749,0.042293
6750,0.034164
6751,-0.027937
6752,-0.055347
6753,-0.060795
6754,-0.053017
6755,-0.029295
6756,-0.052235
6757,-0.008682
6758,-0.012075
6759,-0.025936
6760,0.029874
6761,0.013763
6762,-0.001973
6763,0.012402
6764,0.034820
6765,0.019393
6766,-0.003286
6767,0.005837
6768,-0.017504
6769,-0.013106
6770,0.021751
6771,0.052457
6772,0.028445
6773,-0.028563
6774,-0.074458
6775,-0.011995
6776,-0.019946
6777,0.030895
6778,0.072287
6779,0.076140
6780,0.052856
6781,-0.025928
6782,-0.055044
6783,-0.039464
6784,-0.107001
6785,-0.030878
6786,0.038509
6787,0.043944
6788,0.063847
6789,-0.003484
6790,-0.011168
6791,0.017970
6792,0.009002
6793,-0.027242
6794,-0.021991
6795,-0.004455
6796,-0.020596
6797,-0.038480
6798,-0.006792
6799,0.044883
6800,0.073141
6801,0.042711
6802,-0.022296
6803,0.009645
6804,-0.048470
6805,-0.080116
6806,-0.051273
6807,0.006236
6808,-0.044520
6809,-0.033701
6810,0.032621
6811,0.030917
6812,0.006420
6813,-0.010819
6814,0.025693
6815,0.052877
6816,0.019814
6817,-0.019439
6818,-0.032634
6819,-0.059897
6820,-0.048891
6821,-0.017897
6822,0.013504
6823,0.069616
6824,0.098294
6825,0.089204
6826,0.002914
6827,-0.078121
6828,-0.105485
6829,-0.083828
6830,-0.002660
6831,0.036358
6832,0.086001
6833,0.079813
6834,0.046126
6835,0.004765
6836,-0.055493
6837,-0.083178
6838,-0.065786
6839,0.021200
6840,0.046931
6841,0.032139
6842,0.008290
6843,-0.033176
6844,-0.031008
6845,-0.005913
6846,0.019483
6847,0.071775
6848,0.038237
6849,-0.020335
6850,-0.006875
6851,-0.009992
6852,-0.058120
6853,-0.017376
6854,-0.029976
6855,0.005147
6856,-0.009162
6857,0.013062
6858,-0.021733
6859,-0.112059
6860,-0.070167
6861,0.017382
6862,0.040367
6863,0.040385
6864,0.052653
6865,0.015206
6866,0.058208
6867,0.072172
6868,0.046736
6869,0.058892
6870,0.014510
6871,-0.044419
6872,-0.064533
6873,-0.024049
6874,0.000242
6875,-0.005243
6876,0.040849
6877,0.029298
6878,-0.013852
6879,-0.070820
6880,-0.074050
6881,-0.059746
6882,0.001869
6883,0.052235
6884,0.031669
6885,0.002934
6886,-0.003116
6887,0.011538
6888,-0.005791
6889,-0.008384
6890,0.034062
6891,0.037313
6892,-0.002903
6893,-0.016409
6894,-0.019803
6895,-0.036996
6896,-0.054281
6897,-0.046425
6898,0.008365
6899,0.000816
6900,0.020417
6901,0.049614
6902,0.068904
6903,0.057767
6904,0.044633
6905,0.008784
6906,-0.011640
6907,-0.038227
6908,-0.104260
6909,-0.051002
6910,-0.028476
6911,-0.060475
6912,0.013769
6913,0.078746
6914,0.061281
6915,-0.000086
6916,-0.047703
6917,-0.014564
6918,0.019175
6919,0.010338
6920,0.006200
6921,0.012632
6922,0.037516
6923,0.023636
6924,-0.014719
6925,0.008072
6926,0.004276
6927,-0.023730
6928,0.001453
6929,0.039702
6930,-0.039510
6931,0.013148
6932,0.021839
6933,0.009948
6934,0.041772
6935,0.016990
6936,0.002134
6937,-0.010224
6938,-0.045962
6939,-0.044211
6940,-0.003107
6941,-0.023007
6942,-0.049159
6943,-0.028536
6944,-0.024334
6945,-0.031105
6946,0.026815
6947,0.062304
6948,0.087469
6949,0.097726
6950,0.018729
6951,-0.043853
6952,-0.102142
6953,-0.103440
6954,0.005038
6955,0.032446
6956,0.008980
6957,0.023849
6958,0.000024
6959,0.012149
6960,0.010726
6961,0.024577
6962,0.026699
6963,0.014524
6964,-0.004843
6965,-0.055802
6966,-0.013900
6967,0.023598
6968,-0.005471
6969,-0.057347
6970,-0.069150
6971,-0.096949
6972,-0.013482
6973,-0.003827
6974,0.057573
6975,0.097158
6976,0.051052
6977,0.060183
6978,0.010251
6979,0.002217
6980,-0.036419
6981,-0.021025
6982,0.000765
6983,0.003879
6984,-0.041998
6985,-0.031647
6986,-0.044001
6987,-0.011798
6988,0.014578
6989,0.054263
6990,0.076126
6991,0.053423
6992,0.037856
6993,-0.008206
6994,-0.034688
6995,-0.030832
6996,-0.054683
6997,-0.082925
6998,-0.034410
6999,0.030220
7000,-0.031561
7001,-0.026284
7002,-0.024723
7003,0.016352
7004,0.068386
7005,0.130689
7006,0.136415
7007,0.061412
7008,-0.009481
7009,-0.060811
7010,-0.118739
7011,-0.106798
7012,-0.062531
7013,-0.047345
7014,0.001730
7015,-0.023651
7016,0.007627
7017,0.034095
7018,0.048464
7019,0.082081
7020,0.060344
7021,0.023189
7022,-0.029283
7023,-0.051785
7024,-0.019534
7025,0.024227
7026,-0.018477
7027,-0.008457
7028,-0.001588
7029,-0.067134
7030,-0.075906
7031,-0.077425
7032,-0.068343
7033,-0.029003
7034,0.033489
7035,0.127375
7036,0.069060
7037,0.057055
7038,0.057641
7039,0.029193
7040,0.035580
7041,0.048167
7042,0.021399
7043,0.022264
7044,0.001926
7045,-0.050576
7046,-0.092519
7047,-0.067073
7048,-0.082527
7049,-0.036080
7050,-0.022873
7051,0.035742
7052,0.074487
7053,0.091359
7054,0.071725
7055,0.022586
7056,-0.038824
7057,-0.071018
7058,-0.091004
7059,-0.044002
7060,-0.021875
7061,0.056503
7062,0.063897
7063,0.018304
7064,0.023106
7065,0.022590
7066,-0.009024
7067,-0.037206
7068,-0.033392
7069,-0.049726
7070,0.002733
7071,0.034583
7072,0.051379
7073,0.028247
7074,-0.038498
7075,-0.061628
7076,-0.044361
7077,-0.014202
7078,0.019914
7079,0.061983
7080,0.037749
7081,0.051421
7082,0.047059
7083,-0.014504
7084,-0.022967
7085,-0.070199
7086,-0.028383
7087,-0.001881
7088,-0.032130
7089,-0.038021
7090,-0.073059
7091,-0.100526
7092,-0.037329
7093,0.047800
7094,0.100852
7095,0.147744
7096,0.080842
7097,0.079577
7098,0.066582
7099,-0.011678
7100,-0.042284
7101,-0.083075
7102,-0.072883
7103,-0.067156
7104,-0.068451
7105,-0.015427
7106,0.042088
7107,0.014584
7108,-0.037687
7109,-0.027956
7110,0.010085
7111,0.052532
7112,0.002600
7113,-0.024841
7114,0.009743
7115,0.001542
7116,0.021931
7117,0.029370
7118,-0.004849
7119,-0.004086
7120,-0.030918
7121,0.015524
7122,0.047400
7123,0.002200
7124,-0.002750
7125,0.025455
7126,-0.028408
7127,-0.024451
7128,-0.032174
7129,-0.020408
7130,-0.015412
7131,-0.005535
7132,0.037184
7133,0.062240
7134,0.057029
7135,-0.009430
7136,-0.027996
7137,-0.048995
7138,-0.009153
7139,-0.040016
7140,0.015535
7141,0.061392
7142,0.009835
7143,0.001958
7144,-0.010131
7145,0.046071
7146,0.021476
7147,-0.000044
7148,0.036418
7149,-0.006900
7150,-0.051797
7151,-0.077618
7152,-0.032248
7153,0.013295
7154,0.027268
7155,0.008509
7156,-0.017704
7157,-0.006340
7158,-0.030195
7159,-0.052039
7160,-0.009835
7161,0.024119
7162,-0.028061
7163,-0.005742
7164,0.031372
7165,-0.004435
7166,0.021092
7167,0.062846
7168,0.047314
7169,0.037810
7170,-0.019833
7171,-0.041058
7172,-0.018730
7173,-0.018170
7174,-0.028902
7175,-0.050243
7176,-0.033372
7177,-0.034887
7178,-0.028551
7179,0.049208
7180,0.074192
7181,0.077908
7182,0.079434
7183,0.073998
7184,0.037710
7185,-0.016835
7186,-0.046120
7187,-0.075819
7188,-0.114608
7189,-0.051030
7190,-0.028279
7191,0.003208
7192,0.050510
7193,0.049535
7194,0.072072
7195,0.065005
7196,0.039788
7197,-0.013208
7198,-0.019298
7199,-0.017095
7200,-0.027287
7201,-0.025963
7202,0.020504
7203,0.039819
7204,-0.005462
7205,-0.021877
7206,-0.050980
7207,-0.081534
7208,-0.067193
7209,0.043095
7210,0.048648
7211,0.013218
7212,0.015727
7213,-0.004703
7214,0.030652
7215,-0.013924
7216,-0.038654
7217,-0.039997
7218,-0.050800
7219,-0.010614
7220,0.054943
7221,0.036194
7222,-0.001440
7223,0.037402
7224,0.021887
7225,0.000371
7226,0.044788
7227,0.024241
7228,-0.010205
7229,0.002815
7230,-0.005465
7231,-0.025923
7232,-0.001264
7233,-0.001084
7234,-0.025522
7235,-0.015650
7236,-0.063918
7237,-0.006842
7238,-0.011339
7239,-0.044426
7240,-0.007940
7241,0.017768
7242,0.103066
7243,0.108820
7244,0.030398
7245,0.006585
7246,-0.037404
7247,-0.151463
7248,-0.111489
7249,-0.004493
7250,0.040620
7251,0.019640
7252,0.032007
7253,0.025959
7254,0.015872
7255,-0.057934
7256,0.010021
7257,0.050926
7258,0.063003
7259,0.072025
7260,0.024575
7261,-0.041892
7262,-0.100101
7263,-0.104572
7264,-0.029544
7265,-0.021983
7266,-0.003475
7267,0.035678
7268,0.015146
7269,0.003035
7270,-0.014741
7271,0.011082
7272,0.034542
7273,0.046234
7274,0.037363
7275,0.045572
7276,0.008937
7277,-0.084009
7278,-0.103728
7279,-0.023302
7280,0.029467
7281,0.064173
7282,0.016327
7283,0.018245
7284,0.022416
7285,-0.029526
7286,0.022131
7287,0.049598
7288,0.020005
7289,-0.025606
7290,-0.064287
7291,-0.083331
7292,-0.042140
7293,-0.039559
7294,-0.013642
7295,0.046370
7296,0.060225
7297,0.089069
7298,0.075906
7299,0.048455
7300,-0.016970
7301,-0.081987
7302,-0.105046
7303,-0.092538
7304,-0.041690
7305,0.063966
7306,0.121077
7307,0.101758
7308,0.003575
7309,-0.020203
7310,-0.020202
7311,-0.010426
7312,-0.051010
7313,-0.017094
7314,-0.016800
7315,0.002574
7316,0.017889
7317,-0.028389
7318,-0.007937
7319,0.002676
7320,0.010994
7321,0.002709
7322,-0.036229
7323,-0.015741
7324,0.001737
7325,-0.049973
7326,0.009503
7327,0.001412
7328,-0.024654
7329,0.009115
7330,0.040154
7331,0.054577
7332,0.034620
7333,0.027458
7334,0.106148
7335,0.101225
7336,-0.004362
7337,-0.026903
7338,-0.081193
7339,-0.132092
7340,-0.117461
7341,-0.030300
7342,0.039034
7343,0.016068
7344,0.032531
7345,0.050941
7346,0.035009
7347,-0.001326
7348,-0.034596
7349,-0.061034
7350,0.007580
7351,-0.018322
7352,-0.031524
7353,-0.034167
7354,-0.005580
7355,0.054353
7356,0.042484
7357,-0.001286
7358,0.003894
7359,0.104940
7360,0.090668
7361,0.025593
7362,-0.007038
7363,-0.092025
7364,-0.124388
7365,-0.133050
7366,-0.045823
7367,0.018186
7368,0.045299
7369,0.068060
7370,0.064325
7371,0.060446
7372,0.039904
7373,-0.010117
7374,-0.044058
7375,-0.032539
7376,-0.057094
7377,-0.011344
7378,-0.028306
7379,-0.045517
7380,0.020889
7381,0.010988
7382,0.051650
7383,0.003158
7384,-0.006112
7385,0.000598
7386,0.014024
7387,-0.004787
7388,0.062011
7389,0.073314
7390,0.017382
7391,-0.013683
7392,-0.057272
7393,-0.025927
7394,0.006923
7395,0.028498
7396,0.019891
7397,-0.040358
7398,-0.067141
7399,-0.043959
7400,-0.024137
7401,0.016423
7402,0.071338
7403,0.016836
7404,0.046067
7405,0.024171
7406,-0.031170
7407,-0.064296
7408,-0.099440
7409,-0.077915
7410,-0.000073
7411,0.075077
7412,0.092573
7413,0.101616
7414,0.032735
7415,-0.025541
7416,-0.081447
7417,-0.043121
7418,-0.025390
7419,0.001211
7420,0.019381
7421,0.014670
7422,0.023836
7423,-0.020337
7424,-0.012865
7425,0.007261
7426,-0.021039
7427,-0.021759
7428,-0.038045
7429,-0.045738
7430,-0.052708
7431,-0.008254
7432,0.054871
7433,0.067752
7434,0.024849
7435,0.018928
7436,0.008222
7437,0.003286
7438,0.004951
7439,-0.025815
7440,0.024055
7441,0.011021
7442,-0.009766
7443,-0.021500
7444,-0.061957
7445,-0.025949
7446,0.008719
7447,0.015510
7448,0.021939
7449,0.050518
7450,0.015650
7451,-0.029811
7452,-0.000076
7453,-0.030972
7454,-0.022447
7455,-0.012815
7456,0.008268
7457,0.002442
7458,-0.008855
7459,-0.046335
7460,-0.026683
7461,-0.007706
7462,0.012926
7463,0.063281
7464,0.037591
7465,0.028316
7466,-0.013442
7467,-0.031289
7468,0.007219
7469,-0.021998
7470,0.006502
7471,-0.031111
7472,-0.039296
7473,-0.003316
7474,0.038848
7475,0.120798
7476,0.119386
7477,0.021319
7478,-0.055391
7479,-0.119823
7480,-0.133269
7481,-0.049081
7482,-0.049013
7483,-0.014515
7484,0.020746
7485,0.052964
7486,0.073135
7487,0.033395
7488,0.063708
7489,-0.010448
7490,-0.059674
7491,-0.064707
7492,-0.044527
7493,0.033145
7494,0.067982
7495,0.053690
7496,0.027570
7497,-0.014787
7498,-0.011177
7499,-0.022314
7500,-0.046939
7501,-0.023804
7502,-0.025704
7503,0.009988
7504,0.030212
7505,0.047166
7506,0.041458
7507,0.008789
7508,-0.013682
7509,-0.042879
7510,-0.014042
7511,0.005964
7512,-0.017144
7513,0.003629
7514,0.030695
7515,-0.008181
7516,-0.044461
7517,-0.035983
7518,0.007571
7519,0.032441
7520,-0.015223
7521,-0.017241
7522,-0.026657
7523,-0.041581
7524,0.006052
7525,0.049558
7526,0.035131
7527,0.004696
7528,-0.035090
7529,-0.036794
7530,0.037552
7531,0.063119
7532,0.063959
7533,0.053481
7534,0.062375
7535,-0.005488
7536,-0.058564
7537,-0.085642
7538,-0.105470
7539,-0.087449
7540,-0.050230
7541,-0.031424
7542,-0.030313
7543,0.015707
7544,-0.011238
7545,0.033871
7546,0.050420
7547,0.119648
7548,0.092307
7549,0.001692
7550,0.062061
7551,0.079913
7552,0.011821
7553,-0.053549
7554,-0.062697
7555,-0.083652
7556,-0.089281
7557,-0.080148
7558,-0.046036
7559,-0.035015
7560,0.084440
7561,0.137825
7562,0.133365
7563,0.081915
7564,-0.039664
7565,-0.059125
7566,-0.089195
7567,-0.085605
7568,-0.025928
7569,-0.016444
7570,0.004076
7571,0.056709
7572,0.053997
7573,0.026750
7574,0.006403
7575,-0.033342
7576,-0.002835
7577,0.018441
7578,-0.023676
7579,0.006839
7580,-0.018675
7581,-0.027110
7582,0.026675
7583,-0.009198
7584,0.002424
7585,0.026981
7586,0.052154
7587,0.031878
7588,0.009801
7589,-0.056413
7590,-0.048885
7591,-0.052071
7592,-0.048569
7593,-0.038850
7594,-0.024683
7595,-0.019999
7596,0.033059
7597,0.039076
7598,0.048036
7599,-0.031124
7600,-0.041830
7601,-0.005066
7602,0.027664
7603,0.054089
7604,0.040326
7605,0.024889
7606,0.001494
7607,-0.012286
7608,0.002329
7609,0.009102
7610,0.045701
7611,0.015797
7612,-0.044561
7613,-0.030012
7614,-0.036799
7615,-0.013802
7616,-0.013768
7617,0.009997
7618,-0.007210
7619,0.034074
7620,0.023047
7621,-0.002606
7622,-0.008727
7623,0.001428
7624,-0.014560
7625,-0.007102
7626,0.011025
7627,-0.050255
7628,-0.082031
7629,-0.036699
7630,-0.007683
7631,0.049072
7632,0.027241
7633,0.020412
7634,0.012886
7635,0.009723
7636,0.072441
7637,0.067835
7638,0.013275
7639,0.004700
7640,-0.098220
7641,-0.120811
7642,-0.051686
7643,0.000541
7644,0.045273
7645,0.049893
7646,0.022404
7647,0.093334
7648,0.045551
7649,0.019214
7650,-0.004469
7651,-0.066007
7652,-0.021209
7653,-0.052583
7654,-0.058155
7655,-0.006943
7656,-0.035374
7657,-0.046508
7658,0.017145
7659,0.042246
7660,0.015719
7661,-0.018307
7662,0.009248
7663,0.008100
7664,-0.024875
7665,-0.000031
7666,0.017543
7667,0.059009
7668,0.083626
7669,0.040946
7670,-0.012276
7671,-0.026738
7672,-0.078009
7673,-0.078922
7674,-0.033535
7675,-0.040185
7676,-0.066153
7677,0.004705
7678,0.039408
7679,0.048884
7680,0.081291
7681,0.083861
7682,0.118903
7683,0.121362
7684,0.056229
7685,0.000090
7686,-0.103014
7687,-0.143025
7688,-0.076850
7689,-0.055257
7690,-0.103642
7691,-0.085912
7692,-0.035121
7693,0.074221
7694,0.098508
7695,0.095755
7696,0.090711
7697,0.041831
7698,-0.020414
7699,-0.059011
7700,-0.059311
7701,-0.067915
7702,-0.002052
7703,0.016152
7704,-0.011545
7705,-0.047122
7706,-0.013441
7707,0.022342
7708,0.048624
7709,0.063986
7710,0.084057
7711,0.012473
7712,-0.067671
7713,-0.092131
7714,-0.151285
7715,-0.124538
7716,0.027605
7717,0.084792
7718,0.109719
7719,0.132466
7720,0.085416
7721,0.051037
7722,0.005469
7723,-0.071535
7724,-0.085452
7725,-0.067740
7726,-0.054491
7727,-0.035627
7728,0.028462
7729,0.083523
7730,0.058050
7731,0.035661
7732,0.006653
7733,-0.015811
7734,-0.069512
7735,-0.052970
7736,-0.032735
7737,-0.000010
7738,0.011383
7739,0.043999
7740,0.036641
7741,-0.046505
7742,-0.024563
7743,-0.007522
7744,-0.007741
7745,-0.010901
7746,0.011892
7747,0.021811
7748,0.027721
7749,-0.018868
7750,-0.042520
7751,-0.019784
7752,-0.019907
7753,0.013777
7754,0.076470
7755,0.046707
7756,0.039492
7757,0.036924
7758,0.042702
7759,-0.012304
7760,-0.047301
7761,-0.055626
7762,-0.069087
7763,-0.034359
7764,-0.002510
7765,-0.063762
7766,-0.008056
7767,0.012547
7768,0.005194
7769,-0.007742
7770,0.007818
7771,0.047025
7772,0.078042
7773,0.095634
7774,0.103863
7775,0.039312
7776,-0.018310
7777,-0.068545
7778,-0.067270
7779,-0.030365
7780,-0.058299
7781,-0.034365
7782,0.002403
7783,-0.019410
7784,-0.030636
7785,0.047725
7786,0.050452
7787,-0.042962
7788,-0.065929
7789,-0.062950
7790,-0.015635
7791,0.007184
7792,0.034613
7793,0.071074
7794,-0.010979
7795,-0.036650
7796,-0.030914
7797,-0.048608
7798,0.022303
7799,0.004736
7800,0.024995
7801,0.039575
7802,0.047815
7803,0.015670
7804,-0.005291
7805,-0.030773
7806,-0.028529
7807,0.019370
7808,0.034252
7809,0.063883
7810,0.064520
7811,0.015024
7812,-0.058845
7813,-0.062017
7814,-0.053579
7815,-0.084534
7816,-0.100362
7817,-0.061356
7818,0.022967
7819,0.064108
7820,0.075772
7821,0.094084
7822,0.063867
7823,0.080997
7824,0.005679
7825,-0.021601
7826,-0.005131
7827,0.008086
7828,-0.012712
7829,-0.016934
7830,-0.035933
7831,-0.072689
7832,-0.030227
7833,0.002181
7834,0.054926
7835,0.010716
7836,0.033032
7837,0.018599
7838,-0.052650
7839,-0.053345
7840,0.009367
7841,-0.038273
7842,-0.052085
7843,-0.058524
7844,-0.059318
7845,-0.044869
7846,-0.006981
7847,0.008162
7848,0.070556
7849,0.113303
7850,0.098225
7851,0.065255
7852,0.005980
7853,-0.055259
7854,-0.038158
7855,-0.042670
7856,-0.032358
7857,0.052154
7858,0.053484
7859,0.028514
7860,0.049140
7861,0.013108
7862,-0.042940
7863,-0.072029
7864,-0.093763
7865,-0.071877
7866,-0.029081
7867,0.008170
7868,0.063268
7869,0.067236
7870,-0.010113
7871,-0.014761
7872,-0.028423
7873,-0.006880
7874,0.039722
7875,0.053041
7876,0.039851
7877,0.055139
7878,0.033117
7879,0.017543
7880,0.001535
7881,-0.013677
7882,-0.044979
7883,-0.083338
7884,-0.024937
7885,-0.034674
7886,-0.077818
7887,-0.047147
7888,-0.040673
7889,0.028692
7890,0.058325
7891,0.044686
7892,0.031969
7893,0.037267
7894,0.009427
7895,0.006337
7896,-0.051135
7897,-0.023397
7898,-0.007781
7899,-0.027042
7900,-0.025770
7901,-0.017221
7902,-0.010400
7903,0.068995
7904,0.102550
7905,0.084116
7906,0.055274
7907,0.001147
7908,-0.013251
7909,-0.048835
7910,-0.028172
7911,-0.029424
7912,-0.067177
7913,-0.054069
7914,-0.003231
7915,0.039493
7916,0.027269
7917,0.062896
7918,0.026076
7919,0.018963
7920,0.001801
7921,-0.049546
7922,-0.027124
7923,-0.013272
7924,-0.075895
7925,-0.031072
7926,-0.040697
7927,-0.111674
7928,-0.019084
7929,0.011099
7930,0.024257
7931,0.080734
7932,0.047972
7933,0.078105
7934,0.052841
7935,0.070997
7936,0.036894
7937,0.030938
7938,0.002085
7939,-0.062811
7940,-0.103584
7941,-0.139466
7942,-0.084562
7943,-0.001402
7944,0.050051
7945,0.063883
7946,0.068807
7947,0.074392
7948,-0.012451
7949,-0.039194
7950,-0.042003
7951,-0.044230
7952,-0.002728
7953,0.025837
7954,0.018105
7955,-0.019247
7956,-0.012143
7957,0.046272
7958,0.025543
7959,-0.004446
7960,-0.004372
7961,-0.001541
7962,-0.024120
7963,0.012065
7964,0.028792
7965,-0.003156
7966,-0.034609
7967,-0.018653
7968,-0.040822
7969,-0.075891
7970,-0.090278
7971,-0.027936
7972,0.070817
7973,0.098287
7974,0.068019
7975,0.067459
7976,0.002173
7977,-0.031443
7978,-0.055190
7979,-0.014092
7980,-0.018219
7981,-0.038946
7982,-0.004729
7983,0.009667
7984,-0.055254
7985,-0.002644
7986,0.030883
7987,-0.015276
7988,0.029089
7989,0.045891
7990,0.027842
7991,0.030335
7992,0.040719
7993,-0.013698
7994,-0.058237
7995,-0.045240
7996,-0.028851
7997,-0.024139
7998,-0.028789
7999,0.022231
8000,0.070691
8001,0.021813
8002,0.011801
8003,0.010460
8004,-0.008641
8005,0.001642
8006,-0.021392
8007,0.001756
8008,0.012591
8009,0.045188
8010,0.073386
8011,0.053599
8012,-0.035063
8013,-0.068875
8014,-0.107054
8015,-0.105766
8016,-0.042060
8017,0.016498
8018,0.038668
8019,0.056269
8020,0.087219
8021,0.071064
8022,0.010642
8023,-0.033470
8024,-0.018590
8025,-0.020589
8026,0.012393
8027,-0.018170
8028,-0.028724
8029,-0.037354
8030,0.006532
8031,0.042594
8032,-0.009104
8033,-0.046414
8034,-0.054926
8035,-0.045050
8036,-0.039538
8037,0.013685
8038,0.048648
8039,0.091797
8040,0.059498
8041,-0.014408
8042,-0.040239
8043,-0.050321
8044,-0.000129
8045,0.032070
8046,0.002542
8047,0.015423
8048,0.022973
8049,-0.017337
8050,-0.071820
8051,-0.061871
8052,-0.040063
8053,0.031907
8054,0.107735
8055,0.091729
8056,0.076881
8057,0.012917
8058,-0.068077
8059,-0.082867
8060,0.016734
8061,-0.011466
8062,-0.024505
8063,-0.002145
8064,-0.002826
8065,0.004577
8066,0.024731
8067,0.000538
8068,-0.001531
8069,-0.066073
8070,-0.080085
8071,-0.004225
8072,0.012705
8073,0.030676
8074,0.049224
8075,0.101166
8076,0.096847
8077,0.019818
8078,-0.015029
8079,-0.072810
8080,-0.057624
8081,-0.018691
8082,0.008571
8083,-0.009354
8084,0.015726
8085,-0.032583
8086,-0.053556
8087,-0.043045
8088,-0.001819
8089,0.047634
8090,0.022271
8091,-0.012968
8092,0.010556
8093,0.042090
8094,0.076755
8095,0.036146
8096,0.035776
8097,-0.017289
8098,-0.085794
8099,-0.067223
8100,-0.042444
8101,-0.009020
8102,0.008817
8103,0.021380
8104,0.048994
8105,0.010622
8106,0.016849
8107,0.006505
8108,-0.039275
8109,-0.002040
8110,0.011789
8111,-0.064579
8112,-0.016587
8113,0.011314
8114,0.031163
8115,0.030584
8116,0.062835
8117,0.052056
8118,0.013532
8119,0.031178
8120,-0.006758
8121,-0.065894
8122,-0.117374
8123,-0.075085
8124,-0.016802
8125,-0.006743
8126,-0.021914
8127,0.003559
8128,0.015759
8129,0.024901
8130,0.045072
8131,0.099540
8132,-0.004746
8133,-0.032262
8134,0.013698
8135,-0.000586
8136,0.008643
8137,0.022616
8138,0.029178
8139,0.042375
8140,-0.047574
8141,-0.082518
8142,-0.035676
8143,-0.022279
8144,0.012482
8145,0.014597
8146,0.021049
8147,0.012997
8148,0.017407
8149,0.036386
8150,0.015728
8151,-0.026376
8152,0.003486
8153,-0.021545
8154,-0.050797
8155,-0.026252
8156,-0.010311
8157,0.027049
8158,0.013039
8159,0.078458
8160,0.062019
8161,-0.031217
8162,-0.070212
8163,-0.064899
8164,-0.009207
8165,0.024788
8166,0.033627
8167,0.014588
8168,0.004886
8169,0.006640
8170,0.029200
8171,-0.015703
8172,-0.029600
8173,-0.003876
8174,-0.020940
8175,0.005524
8176,0.019563
8177,-0.002571
8178,-0.036278
8179,-0.053209
8180,-0.024278
8181,-0.008696
8182,-0.005053
8183,0.042294
8184,0.104106
8185,0.102111
8186,-0.006579
8187,-0.036139
8188,-0.074048
8189,-0.077561
8190,-0.043506
8191,-0.023561
8192,0.008319
8193,0.036520
8194,-0.001151
8195,-0.005824
8196,-0.007924
8197,-0.007843
8198,0.003673
8199,0.003129
8200,0.034946
8201,0.042001
8202,0.069997
8203,0.056698
8204,0.007893
8205,-0.009491
8206,0.009903
8207,-0.016114
8208,-0.059362
8209,-0.051047
8210,-0.037297
8211,0.003407
8212,0.049675
8213,0.028383
8214,-0.022628
8215,-0.035081
8216,-0.002120
8217,-0.008899
8218,-0.010059
8219,0.018443
8220,0.058698
8221,0.008928
8222,-0.048806
8223,-0.078289
8224,-0.098724
8225,-0.066529
8226,-0.019450
8227,0.060622
8228,0.108499
8229,0.101758
8230,0.084374
8231,0.048776
8232,0.007610
8233,-0.033885
8234,-0.061480
8235,-0.024806
8236,-0.032871
8237,-0.015276
8238,-0.045618
8239,-0.056458
8240,-0.022155
8241,0.076404
8242,0.068381
8243,0.036391
8244,0.024820
8245,-0.014582
8246,-0.041048
8247,-0.075610
8248,-0.074721
8249,-0.034128
8250,0.000909
8251,0.034074
8252,-0.007974
8253,0.026218
8254,0.046723
8255,0.026992
8256,0.046677
8257,0.032023
8258,-0.004507
8259,-0.035657
8260,-0.030314
8261,-0.022546
8262,0.036275
8263,0.011698
8264,-0.000340
8265,0.030088
8266,-0.014492
8267,-0.047052
8268,-0.006730
8269,-0.001055
8270,-0.009828
8271,-0.001825
8272,-0.016131
8273,-0.000847
8274,0.010707
8275,0.046049
8276,0.030162
8277,-0.035740
8278,-0.056510
8279,-0.021554
8280,-0.014943
8281,-0.011779
8282,-0.014901
8283,-0.045742
8284,0.000646
8285,0.053848
8286,0.067579
8287,0.062703
8288,0.000760
8289,-0.041980
8290,-0.037937
8291,-0.026735
8292,0.029097
8293,0.061815
8294,0.051236
8295,0.018002
8296,-0.016691
8297,-0.049846
8298,-0.016825
8299,-0.067014
8300,-0.056615
8301,-0.032844
8302,-0.056928
8303,-0.048103
8304,0.058617
8305,0.102904
8306,0.082008
8307,0.023462
8308,-0.029545
8309,-0.027670
8310,-0.051371
8311,-0.055738
8312,0.024977
8313,0.010991
8314,0.008200
8315,0.030913
8316,0.025695
8317,-0.005311
8318,-0.033426
8319,-0.032164
8320,-0.000927
8321,0.026443
8322,0.035693
8323,0.006860
8324,0.015550
8325,0.008941
8326,0.015991
8327,0.000946
8328,-0.011774
8329,-0.012191
8330,-0.089429
8331,-0.083300
8332,0.011249
8333,0.030895
8334,0.069638
8335,0.030767
8336,-0.007553
8337,-0.028662
8338,-0.058838
8339,-0.021374
8340,0.028069
8341,0.045672
8342,0.081467
8343,0.116622
8344,0.037843
8345,0.016058
8346,-0.066649
8347,-0.096116
8348,-0.112461
8349,-0.059103
8350,0.017245
8351,0.010197
8352,0.023731
8353,0.035686
8354,-0.012076
8355,-0.006030
8356,-0.008400
8357,0.032503
8358,0.135383
8359,0.092799
8360,0.032644
8361,-0.026740
8362,-0.099451
8363,-0.131534
8364,-0.148416
8365,-0.135129
8366,-0.034327
8367,0.020101
8368,0.046161
8369,0.097084
8370,0.064881
8371,0.096746
8372,0.066320
8373,0.040902
8374,0.018221
8375,-0.019979
8376,-0.026132
8377,0.000379
8378,-0.029061
8379,-0.026894
8380,0.008532
8381,-0.008966
8382,-0.023754
8383,0.005385
8384,-0.001624
8385,-0.015943
8386,-0.024429
8387,0.013478
8388,-0.005749
8389,0.009907
8390,0.004720
8391,-0.012935
8392,0.008243
8393,0.034294
8394,0.042930
8395,0.034227
8396,0.017655
8397,-0.079627
8398,-0.061997
8399,-0.068772
8400,-0.017803
8401,0.041867
8402,-0.020357
8403,-0.034484
8404,-0.003137
8405,-0.001443
8406,0.021341
8407,0.034059
8408,0.059753
8409,0.027452
8410,-0.009832
8411,-0.040378
8412,-0.050823
8413,-0.022489
8414,0.011119
8415,0.042685
8416,0.092684
8417,0.041183
8418,-0.010035
8419,-0.018939
8420,-0.014900
8421,-0.008086
8422,-0.001067
8423,-0.060846
8424,-0.056296
8425,-0.109426
8426,-0.068688
8427,0.000690
8428,0.003399
8429,0.111369
8430,0.134708
8431,0.058541
8432,0.068801
8433,0.089242
8434,0.030718
8435,-0.036593
8436,-0.077883
8437,-0.030641
8438,-0.079406
8439,-0.110990
8440,-0.062806
8441,-0.070217
8442,-0.020081
8443,0.007247
8444,0.070413
8445,0.092387
8446,0.004221
8447,-0.017435
8448,0.039311
8449,0.010320
8450,0.011018
8451,0.073455
8452,0.042523
8453,-0.003018
8454,-0.043005
8455,-0.024576
8456,-0.031640
8457,-0.037552
8458,0.013825
8459,0.023222
8460,0.036372
8461,-0.022145
8462,-0.064947
8463,-0.079778
8464,-0.053835
8465,0.006835
8466,0.054580
8467,0.067991
8468,0.029314
8469,-0.039786
8470,-0.055534
8471,-0.034058
8472,0.021222
8473,0.063893
8474,0.043986
8475,0.039025
8476,-0.020767
8477,-0.013246
8478,0.018315
8479,-0.011546
8480,-0.016296
8481,-0.004108
8482,-0.025313
8483,-0.039312
8484,-0.014233
8485,0.018546
8486,0.011920
8487,-0.005996
8488,0.044078
8489,0.022655
8490,0.060715
8491,0.030994
8492,0.004940
8493,-0.019670
8494,-0.091841
8495,-0.058973
8496,-0.045807
8497,-0.007435
8498,0.043868
8499,0.020669
8500,0.031993
8501,0.053727
8502,0.068753
8503,0.007615
8504,-0.032543
8505,0.016208
8506,0.031916
8507,-0.003767
8508,-0.051204
8509,-0.092522
8510,-0.083155
8511,-0.082791
8512,-0.092944
8513,0.020362
8514,0.059637
8515,0.079691
8516,0.117492
8517,0.093028
8518,0.040073
8519,-0.012286
8520,-0.046270
8521,-0.050290
8522,-0.047886
8523,-0.028752
8524,-0.026436
8525,-0.004502
8526,-0.021417
8527,0.044112
8528,0.062275
8529,0.000701
8530,0.010707
8531,-0.015480
8532,-0.038469
8533,-0.039222
8534,-0.044854
8535,-0.011217
8536,-0.006822
8537,-0.012626
8538,-0.008085
8539,0.029642
8540,0.005780
8541,0.039646
8542,0.048509
8543,0.061955
8544,0.028474
8545,0.003533
8546,-0.021424
8547,-0.046861
8548,-0.038680
8549,-0.044686
8550,0.006129
8551,0.033833
8552,0.069292
8553,0.072072
8554,0.020190
8555,-0.022500
8556,-0.054497
8557,-0.050025
8558,-0.044834
8559,-0.028170
8560,-0.014817
8561,-0.001220
8562,0.033451
8563,0.095547
8564,0.081363
8565,0.045155
8566,0.018481
8567,-0.059621
8568,-0.078512
8569,-0.071780
8570,-0.045045
8571,-0.053112
8572,-0.046661
8573,0.004663
8574,0.008644
8575,0.025481
8576,-0.014219
8577,-0.017095
8578,0.030658
8579,0.051006
8580,0.055510
8581,0.064187
8582,0.078460
8583,0.014778
8584,-0.025209
8585,-0.036847
8586,-0.006166
8587,-0.010326
8588,-0.028733
8589,-0.037944
8590,-0.063773
8591,-0.080962
8592,-0.038607
8593,0.034929
8594,0.064099
8595,0.080932
8596,0.057657
8597,-0.016858
8598,-0.054764
8599,-0.047454
8600,-0.023228
8601,-0.008580
8602,-0.022800
8603,-0.022699
8604,0.043324
8605,0.043719
8606,0.046613
8607,0.041538
8608,0.061204
8609,0.028947
8610,0.018992
8611,-0.011842
8612,-0.052097
8613,-0.107899
8614,-0.129049
8615,-0.131605
8616,-0.063074
8617,0.009152
8618,0.028605
8619,0.097521
8620,0.123726
8621,0.095861
8622,0.088261
8623,0.072830
8624,0.026918
8625,0.006718
8626,-0.022754
8627,-0.046871
8628,-0.049075
8629,-0.043903
8630,-0.060862
8631,-0.037538
8632,-0.035035
8633,-0.064188
8634,-0.057308
8635,-0.055879
8636,-0.009720
8637,0.037443
8638,0.030464
8639,0.040134
8640,0.058300
8641,0.012216
8642,0.044682
8643,0.061378
8644,0.031497
8645,0.041017
8646,-0.002551
8647,-0.023624
8648,-0.022827
8649,-0.017491
8650,0.006644
8651,-0.057160
8652,-0.054048
8653,-0.063938
8654,-0.044439
8655,0.013751
8656,0.073353
8657,0.095721
8658,0.077664
8659,0.041192
8660,-0.018585
8661,-0.062601
8662,-0.037623
8663,-0.019552
8664,-0.014432
8665,-0.032445
8666,0.013401
8667,0.052572
8668,-0.017267
8669,0.027283
8670,0.024631
8671,-0.038349
8672,0.001479
8673,0.031251
8674,0.027024
8675,-0.005589
8676,-0.043305
8677,-0.052590
8678,-0.026788
8679,-0.043261
8680,0.004208
8681,0.074349
8682,0.041816
8683,0.022842
8684,0.002274
8685,-0.013839
8686,-0.014470
8687,-0.046847
8688,-0.043416
8689,-0.040117
8690,-0.049437
8691,0.010664
8692,0.032770
8693,0.022352
8694,0.041437
8695,0.058898
8696,0.064023
8697,0.068824
8698,0.017400
8699,-0.023806
8700,-0.110713
8701,-0.089589
8702,-0.055200
8703,-0.014998
8704,0.035125
8705,0.029676
8706,0.020223
8707,0.048978
8708,0.058000
8709,0.026572
8710,-0.026433
8711,-0.002009
8712,0.000325
8713,0.012086
8714,-0.024336
8715,-0.052291
8716,-0.010403
8717,0.003481
8718,-0.048823
8719,-0.033320
8720,0.053139
8721,0.011633
8722,0.009290
8723,0.029333
8724,-0.022712
8725,-0.057942
8726,0.030468
8727,0.012980
8728,-0.009964
8729,-0.024584
8730,-0.039069
8731,0.000747
8732,0.004563
8733,-0.023977
8734,0.028369
8735,0.006932
8736,0.042543
8737,0.046589
8738,0.030161
8739,-0.006549
8740,-0.001943
8741,0.019203
8742,-0.025662
8743,-0.043998
8744,-0.065173
8745,-0.087098
8746,-0.057969
8747,-0.014828
8748,0.017153
8749,0.072773
8750,0.053421
8751,0.104999
8752,0.081394
8753,0.023672
8754,0.000784
8755,-0.036422
8756,-0.093711
8757,-0.060756
8758,-0.010437
8759,-0.019284
8760,-0.025551
8761,-0.042003
8762,0.005501
8763,0.040762
8764,0.083165
8765,0.026223
8766,-0.017583
8767,-0.023787
8768,-0.011162
8769,-0.006763
8770,0.003670
8771,0.015314
8772,0.016575
8773,0.029906
8774,0.009994
8775,-0.030325
8776,-0.037101
8777,-0.072896
8778,-0.056705
8779,-0.033426
8780,0.002500
8781,0.056214
8782,0.062543
8783,0.057233
8784,0.052578
8785,0.001717
8786,-0.005788
8787,-0.008562
8788,-0.024731
8789,0.006612
8790,-0.013764
8791,-0.032024
8792,0.042665
8793,0.054381
8794,0.022147
8795,-0.015400
8796,-0.032865
8797,-0.064609
8798,-0.096093
8799,-0.084234
8800,-0.035464
8801,0.032230
8802,0.134624
8803,0.061393
8804,-0.023035
8805,-0.038115
8806,-0.043175
8807,0.003507
8808,0.043618
8809,0.028550
8810,0.001419
8811,0.018979
8812,0.007012
8813,-0.032686
8814,-0.036874
8815,0.001437
8816,0.004082
8817,0.032429
8818,0.077653
8819,0.030789
8820,-0.013214
8821,-0.098046
8822,-0.123365
8823,-0.068370
8824,0.028444
8825,0.053856
8826,0.103739
8827,0.006248
8828,-0.019189
8829,-0.029333
8830,-0.056504
8831,-0.040349
8832,0.002714
8833,0.011556
8834,0.055030
8835,0.060585
8836,-0.029287
8837,-0.049080
8838,-0.039422
8839,0.017784
8840,0.046459
8841,0.034700
8842,0.020175
8843,-0.005071
8844,-0.016433
8845,-0.007583
8846,0.056464
8847,0.041693
8848,-0.076825
8849,-0.098931
8850,-0.074321
8851,-0.029247
8852,0.031478
8853,0.075757
8854,0.045632
8855,0.084688
8856,0.124055
8857,0.041748
8858,-0.010975
8859,-0.027343
8860,-0.127387
8861,-0.137975
8862,-0.107981
8863,-0.061417
8864,0.010920
8865,0.019782
8866,0.043592
8867,0.075714
8868,0.103650
8869,0.065435
8870,-0.003349
8871,-0.017689
8872,0.014173
8873,0.036334
8874,0.019557
8875,-0.034610
8876,-0.004333
8877,-0.028805
8878,-0.050594
8879,-0.053923
8880,-0.043017
8881,-0.007690
8882,0.001491
8883,0.014700
8884,-0.034730
8885,-0.039179
8886,0.050594
8887,0.054588
8888,0.057783
8889,0.084870
8890,0.067452
8891,0.038444
8892,-0.033481
8893,-0.072274
8894,-0.065586
8895,0.017971
8896,-0.018719
8897,-0.005736
8898,0.004397
8899,-0.048605
8900,-0.037342
8901,0.008983
8902,0.018288
8903,0.050300
8904,0.016575
8905,-0.044165
8906,0.013362
8907,-0.010618
8908,-0.074262
8909,-0.023722
8910,0.024874
8911,0.076231
8912,0.067930
8913,0.032167
8914,-0.059053
8915,-0.056016
8916,-0.062459
8917,-0.027066
8918,0.019025
8919,-0.002699
8920,0.042167
8921,0.032602
8922,0.027891
8923,0.034559
8924,-0.032207
8925,-0.030988
8926,-0.018366
8927,0.040227
8928,0.023730
8929,0.031474
8930,-0.012383
8931,-0.082154
8932,-0.024756
8933,0.007804
8934,-0.041988
8935,-0.062400
8936,0.004394
8937,0.025290
8938,0.072309
8939,0.101269
8940,0.062210
8941,0.030165
8942,-0.010382
8943,-0.057723
8944,-0.035635
8945,-0.017065
8946,-0.062741
8947,-0.088529
8948,-0.013550
8949,0.033035
8950,0.025943
8951,-0.019766
8952,-0.011410
8953,0.040755
8954,0.019408
8955,0.031626
8956,0.050513
8957,0.038807
8958,-0.005988
8959,-0.024209
8960,-0.006247
8961,0.009587
8962,0.002951
8963,0.036182
8964,-0.015092
8965,-0.086041
8966,-0.083292
8967,-0.044542
8968,-0.045466
8969,-0.004876
8970,0.056039
8971,0.089868
8972,0.151724
8973,0.067028
8974,-0.027472
8975,-0.063059
8976,-0.072981
8977,-0.036005
8978,-0.024596
8979,-0.027266
8980,-0.013156
8981,-0.002855
8982,0.029486
8983,0.044279
8984,0.024019
8985,0.037361
8986,0.046617
8987,0.054286
8988,0.014339
8989,-0.011903
8990,-0.024388
8991,-0.040381
8992,-0.064842
8993,-0.103101
8994,-0.094628
8995,-0.036978
8996,0.004606
8997,-0.008717
8998,0.050929
8999,0.103518
9000,0.018194
9001,0.080737
9002,0.076858
9003,0.026359
9004,-0.008121
9005,-0.012352
9006,-0.025176
9007,-0.091483
9008,-0.013569
9009,0.026303
9010,0.015462
9011,-0.053216
9012,-0.078213
9013,-0.041653
9014,0.020165
9015,0.050297
9016,0.014921
9017,0.018942
9018,0.034711
9019,0.013476
9020,-0.028587
9021,-0.013567
9022,-0.000110
9023,0.012909
9024,0.035058
9025,0.003117
9026,-0.013198
9027,-0.060395
9028,0.020550
9029,0.040401
9030,0.035887
9031,0.004999
9032,0.017929
9033,0.013469
9034,-0.000501
9035,0.002786
9036,-0.007790
9037,-0.033688
9038,-0.029504
9039,-0.020879
9040,-0.040923
9041,-0.031444
9042,-0.059646
9043,0.006108
9044,0.051300
9045,0.068488
9046,0.062669
9047,0.084014
9048,0.040488
9049,0.050026
9050,0.055394
9051,-0.044459
9052,-0.099530
9053,-0.106382
9054,-0.059383
9055,0.020683
9056,0.021435
9057,0.024536
9058,0.004076
9059,-0.006188
9060,-0.043618
9061,-0.014740
9062,0.012037
9063,0.031344
9064,0.063089
9065,0.040286
9066,-0.023699
9067,0.004745
9068,-0.021706
9069,-0.067318
9070,-0.044537
9071,-0.013930
9072,-0.038543
9073,-0.047408
9074,-0.018505
9075,0.044569
9076,0.037010
9077,0.058835
9078,0.081409
9079,0.111628
9080,0.080828
9081,0.012125
9082,-0.039138
9083,-0.072477
9084,-0.096778
9085,-0.100829
9086,-0.037828
9087,-0.012032
9088,0.034491
9089,-0.001949
9090,0.025277
9091,0.011501
9092,-0.011869
9093,-0.049621
9094,-0.001622
9095,0.053054
9096,0.090573
9097,0.053447
9098,0.052319
9099,0.043302
9100,0.005708
9101,-0.033034
9102,-0.068115
9103,-0.046141
9104,-0.039232
9105,-0.048889
9106,-0.036535
9107,0.002637
9108,0.067901
9109,0.106499
9110,0.070512
9111,0.059273
9112,0.008181
9113,-0.072766
9114,-0.118749
9115,-0.104735
9116,-0.090872
9117,-0.036285
9118,0.000325
9119,0.049965
9120,0.076158
9121,0.047028
9122,0.033086
9123,0.040192
9124,0.048427
9125,0.046611
9126,0.010581
9127,-0.011362
9128,0.018820
9129,0.068947
9130,0.039482
9131,0.023674
9132,-0.009655
9133,-0.049408
9134,-0.033390
9135,-0.005273
9136,0.068144
9137,0.049735
9138,-0.002143
9139,-0.027902
9140,-0.036808
9141,-0.056824
9142,-0.033788
9143,0.003428
9144,0.041325
9145,0.061174
9146,-0.002971
9147,-0.022226
9148,-0.060213
9149,-0.084271
9150,-0.044778
9151,-0.002135
9152,0.038783
9153,0.106673
9154,0.113006
9155,0.069888
9156,0.016635
9157,0.028654
9158,-0.017886
9159,-0.055082
9160,-0.080061
9161,-0.002767
9162,0.002304
9163,-0.017572
9164,0.040768
9165,-0.036108
9166,-0.100645
9167,-0.021767
9168,0.025271
9169,0.019508
9170,0.039330
9171,0.065851
9172,0.027365
9173,0.019485
9174,0.009378
9175,-0.046034
9176,-0.028183
9177,0.027459
9178,-0.028531
9179,-0.062728
9180,-0.032709
9181,-0.051507
9182,-0.044312
9183,-0.033105
9184,0.006776
9185,0.087639
9186,0.042466
9187,0.056688
9188,0.067217
9189,-0.010959
9190,-0.007344
9191,0.000244
9192,-0.074619
9193,-0.082185
9194,-0.019181
9195,0.009489
9196,0.009750
9197,0.029110
9198,-0.010213
9199,-0.021876
9200,0.037039
9201,0.012576
9202,0.021814
9203,0.031961
9204,0.042279
9205,-0.007883
9206,-0.010005
9207,-0.006677
9208,0.028072
9209,-0.009601
9210,-0.069977
9211,-0.049835
9212,-0.030117
9213,-0.007131
9214,-0.009419
9215,0.023608
9216,-0.025297
9217,-0.006783
9218,0.041591
9219,0.069361
9220,0.087906
9221,0.026632
9222,0.010939
9223,-0.012639
9224,-0.059422
9225,-0.031124
9226,-0.035784
9227,-0.036062
9228,-0.080441
9229,-0.077121
9230,0.050159
9231,0.040680
9232,0.021114
9233,0.073377
9234,0.063365
9235,0.049105
9236,0.005338
9237,0.010524
9238,-0.034421
9239,-0.057089
9240,-0.020311
9241,0.003878
9242,0.014533
9243,-0.032847
9244,-0.030070
9245,0.042291
9246,-0.017509
9247,0.019195
9248,0.017761
9249,-0.070775
9250,-0.063494
9251,-0.036537
9252,-0.022380
9253,0.063570
9254,0.080938
9255,0.066605
9256,0.055343
9257,0.008345
9258,0.023015
9259,-0.022793
9260,-0.028422
9261,-0.069057
9262,-0.069562
9263,-0.029048
9264,-0.066855
9265,-0.051972
9266,0.019776
9267,0.038471
9268,0.031118
9269,0.037703
9270,0.029046
9271,0.013178
9272,0.021834
9273,0.035872
9274,0.040121
9275,0.001857
9276,-0.084436
9277,-0.082419
9278,0.022118
9279,0.026312
9280,0.039714
9281,0.066243
9282,0.057701
9283,0.023949
9284,0.010294
9285,-0.004907
9286,-0.047195
9287,-0.042829
9288,-0.020873
9289,-0.013134
9290,-0.021067
9291,-0.014430
9292,-0.050937
9293,-0.022553
9294,-0.015408
9295,0.005043
9296,0.037207
9297,0.025651
9298,0.037243
9299,0.044614
9300,-0.011447
9301,-0.002915
9302,-0.049091
9303,-0.046762
9304,0.003702
9305,0.024860
9306,0.085544
9307,0.131501
9308,0.020758
9309,-0.023872
9310,-0.068345
9311,-0.077804
9312,0.011295
9313,-0.008224
9314,0.019672
9315,-0.006865
9316,-0.011871
9317,0.025172
9318,-0.013452
9319,-0.046879
9320,-0.050326
9321,-0.042263
9322,-0.075397
9323,-0.034210
9324,0.010562
9325,0.026220
9326,0.061964
9327,0.047123
9328,0.018164
9329,-0.001390
9330,0.000199
9331,0.059403
9332,0.039301
9333,0.013957
9334,0.006754
9335,0.021668
9336,0.006454
9337,-0.007330
9338,-0.008546
9339,-0.053241
9340,-0.088187
9341,-0.059418
9342,-0.030928
9343,0.013249
9344,0.058376
9345,0.024794
9346,-0.003724
9347,0.018772
9348,0.027827
9349,0.047095
9350,0.052123
9351,0.002081
9352,-0.024429
9353,-0.023399
9354,-0.067791
9355,-0.081130
9356,-0.051312
9357,-0.041626
9358,0.031733
9359,0.003906
9360,0.002008
9361,0.056348
9362,0.050645
9363,0.063056
9364,0.027301
9365,0.020999
9366,-0.022732
9367,-0.054991
9368,-0.001961
9369,0.019648
9370,-0.000300
9371,-0.008817
9372,-0.082753
9373,-0.064804
9374,0.010086
9375,0.033788
9376,0.058654
9377,0.049031
9378,0.003891
9379,0.002345
9380,-0.027083
9381,-0.011651
9382,0.004129
9383,-0.046211
9384,-0.025073
9385,-0.001137
9386,0.044215
9387,0.083574
9388,0.002347
9389,-0.038079
9390,-0.005052
9391,0.022875
9392,-0.001143
9393,-0.008443
9394,-0.063407
9395,-0.016804
9396,0.011921
9397,-0.021705
9398,-0.040323
9399,-0.003857
9400,0.054890
9401,0.020721
9402,-0.026041
9403,-0.024095
9404,0.006574
9405,-0.029938
9406,-0.036382
9407,-0.017599
9408,-0.026507
9409,0.043436
9410,0.093123
9411,0.076618
9412,0.053065
9413,0.003190
9414,-0.023457
9415,-0.032967
9416,-0.012496
9417,0.018061
9418,-0.002430
9419,-0.060308
9420,-0.048522
9421,-0.053377
9422,-0.019035
9423,0.047022
9424,0.033246
9425,-0.003650
9426,-0.002509
9427,-0.000520
9428,-0.012019
9429,0.014212
9430,0.031257
9431,0.016969
9432,0.026208
9433,0.078374
9434,0.037798
9435,0.036620
9436,-0.015062
9437,-0.058925
9438,-0.076773
9439,-0.071077
9440,-0.053585
9441,-0.024706
9442,0.008270
9443,-0.000911
9444,-0.004073
9445,0.019488
9446,-0.004089
9447,-0.009861
9448,0.014614
9449,0.017441
9450,0.034810
9451,0.011456
9452,-0.012754
9453,-0.008719
9454,-0.030143
9455,-0.013797
9456,0.043246
9457,-0.013666
9458,-0.047003
9459,-0.037261
9460,-0.058280
9461,-0.014278
9462,0.087651
9463,0.104496
9464,0.110729
9465,0.025542
9466,-0.086098
9467,-0.086648
9468,-0.003993
9469,0.007738
9470,0.003436
9471,0.017214
9472,0.027215
9473,-0.061729
9474,-0.047589
9475,0.004612
9476,0.034117
9477,0.041936
9478,0.017969
9479,-0.020717
9480,-0.067378
9481,-0.116210
9482,-0.007688
9483,-0.009424
9484,0.020151
9485,0.098232
9486,0.068286
9487,0.071717
9488,0.033926
9489,-0.039424
9490,0.001990
9491,-0.020932
9492,-0.094716
9493,-0.052351
9494,-0.028361
9495,-0.008457
9496,0.000521
9497,0.006898
9498,0.050447
9499,0.087872
9500,0.004753
9501,-0.086226
9502,-0.068203
9503,-0.029976
9504,0.049191
9505,0.078093
9506,0.107285
9507,0.077897
9508,-0.001691
9509,-0.005637
9510,-0.005498
9511,-0.052808
9512,0.000145
9513,0.001534
9514,-0.065218
9515,-0.065971
9516,-0.052279
9517,-0.063866
9518,-0.054838
9519,-0.012706
9520,0.084121
9521,0.150266
9522,0.115223
9523,0.039496
9524,-0.026226
9525,-0.039489
9526,-0.035851
9527,-0.070535
9528,-0.014912
9529,0.023109
9530,0.043417
9531,0.024079
9532,0.024650
9533,-0.019682
9534,-0.025446
9535,-0.047857
9536,-0.041307
9537,-0.047019
9538,-0.075148
9539,-0.056153
9540,0.033601
9541,0.082533
9542,0.083148
9543,0.079133
9544,0.015600
9545,-0.002283
9546,-0.008744
9547,-0.015945
9548,-0.012165
9549,0.014850
9550,0.009358
9551,-0.072745
9552,-0.027685
9553,-0.010662
9554,0.020710
9555,0.013616
9556,-0.006073
9557,0.025366
9558,0.004977
9559,0.033565
9560,0.029146
9561,-0.000099
9562,-0.053433
9563,-0.047550
9564,-0.031771
9565,-0.026803
9566,-0.019242
9567,-0.002357
9568,0.013436
9569,0.014895
9570,0.021291
9571,0.042189
9572,0.041295
9573,0.033367
9574,-0.012140
9575,0.007445
9576,0.000967
9577,-0.029519
9578,-0.040957
9579,-0.062801
9580,-0.025382
9581,-0.011158
9582,-0.021712
9583,0.020911
9584,0.033459
9585,0.051485
9586,0.070265
9587,0.042999
9588,0.001156
9589,-0.056147
9590,-0.053308
9591,0.019572
9592,-0.013822
9593,-0.030094
9594,-0.002006
9595,0.023095
9596,0.003872
9597,0.000614
9598,0.012574
9599,0.039416
9600,0.045216
9601,0.095679
9602,0.065907
9603,0.008425
9604,-0.062499
9605,-0.113657
9606,-0.111247
9607,-0.076213
9608,-0.013598
9609,0.022598
9610,0.015195
9611,-0.014762
9612,0.009717
9613,0.015709
9614,0.009685
9615,0.035705
9616,0.072548
9617,0.093378
9618,0.051356
9619,-0.002472
9620,-0.045100
9621,-0.105275
9622,-0.045371
9623,-0.046329
9624,-0.030481
9625,0.052458
9626,0.075124
9627,0.047723
9628,0.016524
9629,0.021043
9630,-0.007440
9631,-0.062349
9632,-0.050399
9633,-0.092243
9634,-0.057271
9635,-0.005078
9636,-0.003433
9637,0.011861
9638,0.052154
9639,0.052750
9640,0.033331
9641,0.006371
9642,-0.006137
9643,0.033011
9644,0.044354
9645,0.058603
9646,-0.007808
9647,-0.011847
9648,-0.059024
9649,-0.078103
9650,-0.024013
9651,-0.022662
9652,0.033109
9653,0.009113
9654,0.001233
9655,-0.010852
9656,-0.023666
9657,0.030441
9658,0.051270
9659,0.010514
9660,-0.013482
9661,-0.022604
9662,-0.039788
9663,-0.016344
9664,-0.019812
9665,0.045795
9666,-0.009238
9667,0.016392
9668,0.057086
9669,0.005148
9670,-0.028764
9671,-0.002864
9672,-0.021485
9673,0.010213
9674,0.016914
9675,-0.048101
9676,-0.012730
9677,0.023231
9678,0.032004
9679,0.040684
9680,-0.020960
9681,-0.038932
9682,-0.024698
9683,-0.013108
9684,-0.005364
9685,0.025581
9686,0.092102
9687,0.101314
9688,0.036524
9689,-0.108314
9690,-0.146603
9691,-0.099086
9692,-0.099294
9693,-0.018094
9694,0.068167
9695,0.046303
9696,0.044839
9697,0.032475
9698,0.038157
9699,0.051056
9700,0.026640
9701,0.032151
9702,-0.005003
9703,-0.067145
9704,-0.081974
9705,-0.049451
9706,0.038144
9707,0.061436
9708,0.009852
9709,-0.037524
9710,-0.041699
9711,-0.026917
9712,0.050065
9713,0.090713
9714,0.063632
9715,0.034260
9716,0.018201
9717,-0.060800
9718,-0.048532
9719,-0.042371
9720,-0.097833
9721,-0.048997
9722,-0.014682
9723,-0.014451
9724,0.022925
9725,0.051424
9726,0.017004
9727,0.018857
9728,0.017681
9729,-0.000789
9730,0.010866
9731,-0.006872
9732,-0.036628
9733,-0.049078
9734,-0.038796
9735,-0.056321
9736,-0.029305
9737,0.003631
9738,0.005925
9739,-0.002493
9740,0.066101
9741,0.120503
9742,0.066529
9743,0.016307
9744,0.006939
9745,-0.041790
9746,-0.023878
9747,-0.029297
9748,0.016289
9749,0.003443
9750,-0.010390
9751,-0.019323
9752,-0.041324
9753,-0.049181
9754,-0.019324
9755,0.018783
9756,0.011492
9757,0.023098
9758,0.014379
9759,-0.016629
9760,-0.053420
9761,-0.032197
9762,0.003211
9763,0.058825
9764,0.065912
9765,0.043385
9766,-0.008170
9767,-0.073819
9768,-0.064712
9769,-0.035077
9770,-0.022386
9771,0.036829
9772,0.043265
9773,0.052459
9774,0.081215
9775,-0.015886
9776,-0.027147
9777,-0.006898
9778,-0.027001
9779,-0.065964
9780,-0.078344
9781,-0.118116
9782,-0.039994
9783,0.006525
9784,0.065855
9785,0.137861
9786,0.098767
9787,0.010374
9788,-0.007000
9789,-0.033608
9790,-0.043205
9791,-0.050608
9792,-0.010014
9793,0.019546
9794,0.049503
9795,0.063415
9796,0.018884
9797,-0.005684
9798,-0.019816
9799,0.004493
9800,0.000190
9801,-0.054375
9802,-0.006301
9803,0.006937
9804,-0.006335
9805,0.020693
9806,-0.020589
9807,-0.068608
9808,-0.070841
9809,-0.009636
9810,-0.015913
9811,0.013827
9812,0.042864
9813,0.034173
9814,0.035693
9815,0.055965
9816,0.012518
9817,-0.008195
9818,0.017979
9819,0.003835
9820,0.041307
9821,0.018635
9822,-0.038687
9823,-0.049572
9824,-0.057586
9825,-0.033600
9826,0.001583
9827,-0.032127
9828,0.000666
9829,0.011847
9830,-0.032783
9831,-0.000571
9832,0.006651
9833,-0.012184
9834,0.060003
9835,0.036577
9836,0.002150
9837,-0.016348
9838,0.008451
9839,0.010597
9840,0.028208
9841,0.019450
9842,-0.007507
9843,0.003644
9844,-0.093042
9845,-0.092967
9846,-0.048413
9847,0.034716
9848,0.076495
9849,0.074835
9850,0.038850
9851,-0.025397
9852,-0.022472
9853,0.002610
9854,-0.005053
9855,0.020482
9856,0.014317
9857,-0.047233
9858,-0.037824
9859,-0.033664
9860,0.003930
9861,0.007243
9862,-0.020756
9863,-0.010143
9864,-0.024321
9865,-0.034635
9866,0.029377
9867,0.013782
9868,-0.005606
9869,-0.035348
9870,0.009483
9871,0.032746
9872,0.057978
9873,0.053642
9874,0.080157
9875,0.024827
9876,-0.040781
9877,0.003280
9878,-0.087394
9879,-0.110315
9880,-0.095557
9881,-0.066276
9882,-0.002696
9883,0.058021
9884,0.064617
9885,0.044996
9886,0.061520
9887,0.011212
9888,0.018765
9889,-0.002272
9890,-0.021739
9891,0.030857
9892,0.033382
9893,-0.030899
9894,-0.024410
9895,-0.074061
9896,-0.065262
9897,-0.039348
9898,-0.031633
9899,0.007135
9900,0.021177
9901,0.039015
9902,0.075811
9903,0.034127
9904,0.034536
9905,0.006401
9906,-0.032287
9907,0.012124
9908,-0.010893
9909,-0.036046
9910,-0.053857
9911,-0.092050
9912,-0.025110
9913,0.030892
9914,0.089139
9915,0.064187
9916,0.016734
9917,-0.010974
9918,-0.043366
9919,-0.030766
9920,-0.000517
9921,0.014008
9922,-0.041220
9923,-0.037335
9924,0.057653
9925,0.023297
9926,-0.000413
9927,0.010397
9928,-0.021741
9929,-0.039936
9930,-0.003774
9931,-0.000280
9932,-0.004150
9933,-0.028264
9934,0.024350
9935,0.065256
9936,0.036740
9937,0.001823
9938,0.002390
9939,-0.026197
9940,-0.023547
9941,-0.025877
9942,-0.024863
9943,-0.025020
9944,-0.002394
9945,0.031246
9946,0.058712
9947,0.050642
9948,0.056763
9949,0.027721
9950,0.003815
9951,-0.057492
9952,-0.082912
9953,-0.037008
9954,-0.035137
9955,-0.072414
9956,0.020903
9957,0.049768
9958,-0.006581
9959,-0.027400
9960,-0.020619
9961,0.016055
9962,0.018919
9963,0.031574
9964,-0.006239
9965,0.016355
9966,0.029847
9967,-0.016967
9968,-0.009078
9969,0.018443
9970,0.035474
9971,0.017011
9972,0.024299
9973,-0.018448
9974,-0.007768
9975,0.028901
9976,0.017762
9977,-0.032757
9978,-0.052153
9979,-0.049782
9980,-0.015224
9981,0.043198
9982,0.032053
9983,-0.016684
9984,-0.026086
9985,-0.014907
9986,0.009975
9987,-0.009229
9988,-0.038141
9989,-0.022061
9990,0.014755
9991,0.005960
9992,0.079708
9993,0.033987
9994,0.041122
9995,0.043809
9996,-0.049473
9997,-0.030997
9998,-0.026822
9999,-0.032485
10000,-0.052601
10001,0.004174
10002,0.053946
10003,0.048276
10004,0.004618
10005,-0.023247
10006,-0.042916
10007,-0.030988
10008,0.020422
10009,-0.018491
10010,-0.019204
10011,0.033666
10012,-0.001637
10013,-0.008047
10014,-0.025041
10015,-0.038732
10016,-0.011477
10017,0.010432
10018,0.046353
10019,0.083774
10020,0.112034
10021,0.035451
10022,-0.010461
10023,-0.048579
10024,-0.071703
10025,-0.076581
10026,-0.055118
10027,-0.053603
10028,0.006449
10029,0.075992
10030,0.048849
10031,-0.011656
10032,-0.046642
10033,-0.069409
10034,-0.006200
10035,0.045309
10036,0.063488
10037,0.040203
10038,0.027734
10039,0.024389
10040,0.004347
10041,0.016937
10042,-0.020752
10043,-0.065926
10044,-0.096409
10045,-0.075066
10046,-0.026771
10047,0.031598
10048,0.043098
10049,0.057807
10050,0.075866
10051,0.042879
10052,0.019470
10053,-0.005383
10054,0.002505
10055,-0.046853
10056,-0.046414
10057,-0.017826
10058,0.010853
10059,0.016686
10060,0.001768
10061,0.036352
10062,0.022015
10063,-0.033099
10064,-0.036349
10065,-0.055165
10066,-0.084364
10067,-0.048187
10068,-0.006978
10069,0.050481
10070,0.087598
10071,0.075078
10072,0.033353
10073,0.012290
10074,0.048075
10075,0.052956
10076,-0.034684
10077,0.084284
10078,0.023873
10079,-0.046599
10080,-0.098720
10081,-0.114687
10082,-0.084666
10083,-0.087842
10084,-0.040323
10085,0.007854
10086,0.058018
10087,0.101448
10088,0.139868
10089,0.073830
10090,0.014557
10091,-0.064496
10092,-0.076791
10093,-0.018419
10094,-0.016400
10095,-0.023789
10096,-0.014189
10097,-0.031355
10098,-0.060159
10099,-0.057685
10100,-0.018279
10101,0.026138
10102,0.114069
10103,0.148584
10104,0.123883
10105,0.071673
10106,-0.002173
10107,-0.018855
10108,-0.072376
10109,-0.094128
10110,-0.088487
10111,-0.041543
10112,-0.051046
10113,-0.048300
10114,-0.018509
10115,-0.024052
10116,0.026772
10117,0.043792
10118,0.039486
10119,0.002070
10120,0.002129
10121,0.006990
10122,0.017755
10123,0.042570
10124,0.016821
10125,0.004681
10126,0.006428
10127,0.017931
10128,0.002900
10129,-0.061926
10130,-0.092615
10131,-0.065266
10132,-0.006707
10133,0.035493
10134,0.053851
10135,0.046202
10136,0.045340
10137,0.076747
10138,0.053983
10139,0.045643
10140,0.040594
10141,-0.044483
10142,-0.084010
10143,-0.144454
10144,-0.141561
10145,-0.095127
10146,-0.013969
10147,0.037060
10148,0.066410
10149,0.054763
10150,0.038970
10151,0.078949
10152,0.038304
10153,0.040222
10154,0.023612
10155,-0.041641
10156,-0.023222
10157,0.024534
10158,0.018610
10159,0.056761
10160,0.006432
10161,-0.021398
10162,-0.036475
10163,-0.034036
10164,-0.036525
10165,-0.051854
10166,-0.031531
10167,0.004808
10168,0.003739
10169,-0.014010
10170,-0.012315
10171,-0.023128
10172,-0.014120
10173,0.009643
10174,0.034262
10175,0.021683
10176,0.022787
10177,0.062524
10178,0.005570
10179,-0.003864
10180,-0.004737
10181,-0.012962
10182,0.023604
10183,0.031033
10184,-0.008749
10185,-0.034369
10186,-0.034889
10187,-0.041859
10188,-0.019051
10189,0.036688
10190,0.003720
10191,-0.047748
10192,0.015325
10193,0.002653
10194,0.033346
10195,0.065254
10196,-0.004786
10197,0.013659
10198,-0.044865
10199,-0.060750
10200,0.003290
10201,-0.021768
10202,-0.021470
10203,-0.005177
10204,0.013642
10205,0.036869
10206,0.000517
10207,-0.038555
10208,0.044135
10209,0.033405
10210,0.019961
10211,0.023117
10212,-0.001616
10213,-0.023018
10214,-0.003285
10215,0.010549
10216,-0.029192
10217,-0.100307
10218,-0.075801
10219,-0.031365
10220,0.020590
10221,0.012947
10222,0.051671
10223,0.069812
10224,0.050327
10225,0.094031
10226,0.064736
10227,0.043244
10228,-0.022017
10229,-0.036483
10230,-0.028338
10231,-0.109824
10232,-0.076149
10233,-0.061057
10234,-0.014975
10235,0.022422
10236,0.042988
10237,0.054240
10238,0.046523
10239,0.037128
10240,-0.006142
10241,-0.035371
10242,0.021384
10243,-0.014806
10244,-0.029351
10245,-0.008248
10246,-0.013032
10247,0.004033
10248,0.027928
10249,0.030589
10250,0.023637
10251,0.028788
10252,0.021568
10253,-0.004701
10254,-0.021273
10255,-0.047805
10256,-0.048142
10257,-0.027533
10258,-0.022406
10259,0.022863
10260,0.014471
10261,0.000382
10262,-0.007067
10263,0.004863
10264,0.023066
10265,0.056871
10266,0.040784
10267,0.037146
10268,0.044224
10269,-0.054945
10270,-0.047539
10271,-0.043463
10272,-0.042947
10273,-0.022361
10274,0.008104
10275,0.021384
10276,-0.001928
10277,0.007695
10278,-0.045399
10279,-0.031053
10280,0.010133
10281,-0.002745
10282,0.006859
10283,0.005703
10284,-0.012142
10285,-0.068490
10286,-0.040590
10287,0.015877
10288,0.035892
10289,0.043948
10290,0.026669
10291,0.025317
10292,-0.026954
10293,-0.084529
10294,-0.052868
10295,0.006701
10296,0.007911
10297,0.049689
10298,0.061533
10299,0.046562
10300,0.002325
10301,-0.023098
10302,-0.015903
10303,-0.016892
10304,0.039096
10305,0.064362
10306,0.016108
10307,-0.016987
10308,-0.054919
10309,-0.092129
10310,-0.073991
10311,-0.066363
10312,0.000307
10313,0.053891
10314,0.010549
10315,0.001814
10316,0.017326
10317,0.017900
10318,0.096051
10319,0.102941
10320,0.009894
10321,-0.032094
10322,-0.049116
10323,-0.053394
10324,-0.000536
10325,-0.006908
10326,-0.054939
10327,-0.070959
10328,0.005382
10329,0.055451
10330,0.021654
10331,0.029618
10332,0.059208
10333,0.044510
10334,0.048667
10335,0.004387
10336,-0.033325
10337,-0.061317
10338,-0.049598
10339,-0.039258
10340,0.008172
10341,0.009858
10342,0.005487
10343,-0.003601
10344,-0.031960
10345,-0.022049
10346,-0.023523
10347,0.023178
10348,0.066191
10349,0.039853
10350,0.007547
10351,0.030388
10352,0.004120
10353,-0.006349
10354,-0.015983
10355,-0.056599
10356,-0.018669
10357,-0.062585
10358,-0.048469
10359,0.037360
10360,0.061608
10361,0.065567
10362,0.004304
10363,-0.003577
10364,0.023598
10365,-0.040803
10366,-0.045125
10367,-0.024591
10368,-0.044857
10369,-0.018203
10370,0.028356
10371,0.036226
10372,0.004458
10373,0.006303
10374,-0.021466
10375,-0.086367
10376,-0.045488
10377,0.034739
10378,0.053346
10379,0.099414
10380,0.047958
10381,-0.014084
10382,-0.003869
10383,0.015634
10384,0.016414
10385,-0.060499
10386,-0.067253
10387,0.010714
10388,-0.008416
10389,-0.021838
10390,0.036517
10391,-0.022171
10392,0.019573
10393,-0.037318
10394,-0.059644
10395,-0.012328
10396,-0.025940
10397,0.065279
10398,0.120091
10399,0.038202
10400,0.018764
10401,-0.012579
10402,-0.093770
10403,-0.077743
10404,-0.028130
10405,0.016295
10406,0.079453
10407,0.050122
10408,0.082306
10409,0.081868
10410,-0.017371
10411,-0.036310
10412,-0.042479
10413,-0.066251
10414,-0.069781
10415,-0.043636
10416,0.001179
10417,0.007357
10418,0.016261
10419,0.015314
10420,-0.004761
10421,0.062381
10422,0.034638
10423,0.010642
10424,-0.040443
10425,-0.059142
10426,-0.008572
10427,459.202209
10428,738.438232
10429,8.885291
10430,1150.522827
10431,1088.920532
10432,-38.517353
10433,-36.226700
10434,-34.720825
10435,-1.407769
10436,17.767191
10437,27.133053
10438,16.712345
10439,20.471846
10440,34.907139
10441,24.989681
10442,24.294617
10443,-14.395237
10444,-52.253971
10445,-49.129894
10446,-38.867321
10447,-8.635079
10448,7.845785
10449,26.227978
10450,29.212303
10451,36.378330
10452,30.468527
10453,7.662559
10454,-13.325593
10455,-15.413137
10456,7.011399
10457,9.974411
10458,-30.360849
10459,-53.028099
10460,-44.680454
10461,-26.834745
10462,-2.799092
10463,23.119152
10464,51.649109
10465,41.046108
10466,38.854183
10467,24.957720
10468,-4.550842
10469,-33.472553
10470,-37.794979
10471,-35.405594
10472,-1.124018
10473,22.952280
10474,17.217543
10475,12.192788
10476,-13.795068
10477,-42.095978
10478,-30.096266
10479,-7.298918
10480,-4.028396
10481,0.048771
10482,0.067976
10483,0.071482
10484,0.044686
10485,-0.022230
10486,-0.029422
10487,-0.071497
10488,-0.067274
10489,-0.083963
10490,-0.067774
10491,-0.080144
10492,-0.025111
10493,0.045310
10494,0.072582
10495,0.060440
10496,0.022703
10497,0.024464
10498,0.056564
10499,0.039675
10500,-0.011005
10501,-0.018193
10502,-0.000964
10503,-0.028033
10504,-0.022656
10505,-0.038089
10506,-0.056596
10507,0.015299
10508,0.053286
10509,0.058094
10510,0.023592
10511,-0.003444
10512,0.009857
10513,0.014963
10514,-0.028793
10515,-0.032975
10516,-0.046965
10517,-0.016566
10518,0.031378
10519,0.061397
10520,0.043551
10521,0.005608
10522,-0.038296
10523,-0.058232
10524,-0.036613
10525,-0.015811
10526,-0.022681
10527,0.020988
10528,0.030993
10529,0.027354
10530,0.099209
10531,0.061806
10532,-0.012035
10533,-0.022944
10534,-0.055435
10535,-0.100788
10536,-0.109178
10537,-0.075899
10538,-0.010120
10539,0.014739
10540,0.063100
10541,0.054909
10542,0.049306
10543,0.067255
10544,0.020532
10545,0.031144
10546,0.042673
10547,0.020784
10548,-0.034747
10549,-0.064720
10550,-0.062057
10551,-0.046135
10552,-0.003777
10553,0.022452
10554,-0.021489
10555,-0.030390
10556,-0.003800
10557,-0.028519
10558,-0.029173
10559,0.024425
10560,0.032644
10561,0.051233
10562,0.061094
10563,-0.012357
10564,-0.038468
10565,-0.046014
10566,-0.015817
10567,0.004244
10568,0.032425
10569,0.046546
10570,0.008332
10571,0.048075
10572,0.025761
10573,-0.017668
10574,-0.045652
10575,-0.063734
10576,-0.058616
10577,-0.051827
10578,0.011758
10579,0.026869
10580,0.074415
10581,0.032722
10582,0.027035
10583,-0.000628
10584,-0.031187
10585,-0.011605
10586,-0.009538
10587,-0.033564
10588,-0.030153
10589,-0.021325
10590,0.023879
10591,0.033625
10592,0.045260
10593,-0.033208
10594,-0.094523
10595,-0.062019
10596,0.023037
10597,0.080956
10598,0.066765
10599,0.030675
10600,0.017458
10601,-0.009525
10602,-0.021231
10603,0.023346
10604,-0.014417
10605,-0.033949
10606,0.041456
10607,-0.000027
10608,0.021739
10609,0.025957
10610,0.025498
10611,-0.041796
10612,-0.041511
10613,-0.018084
10614,-0.016413
10615,-0.025676
10616,-0.027606
10617,-0.006948
10618,0.000067
10619,0.017006
10620,0.019690
10621,0.029747
10622,0.056808
10623,-0.011147
10624,-0.040409
10625,-0.063385
10626,-0.005969
10627,0.010187
10628,-0.002475
10629,0.011311
10630,-0.030235
10631,454.607849
10632,722.699463
10633,8.793117
10634,1172.643799
10635,1077.491577
10636,-17.927294
10637,-23.993992
10638,-32.503174
10639,-45.584679
10640,-10.698991
10641,24.942074
10642,61.038734
10643,69.573151
10644,39.012829
10645,3.671522
10646,-22.328608
10647,-16.868670
10648,-11.056171
10649,-21.005409
10650,-19.137356
10651,-17.590435
10652,-2.515117
10653,9.879305
10654,1.036393
10655,-20.000608
10656,-2.712848
10657,11.617807
10658,7.472577
10659,-7.926492
10660,-12.886066
10661,7.280115
10662,8.945619
10663,15.055214
10664,18.620661
10665,6.156817
10666,5.640793
10667,23.770382
10668,-5.555619
10669,-19.082678
10670,-23.258036
10671,-17.647787
10672,-14.681715
10673,-8.935433
10674,-5.141983
10675,-7.226501
10676,28.436834
10677,33.098656
10678,26.767313
10679,-0.007559
10680,-16.625916
10681,-1.602316
10682,-11.033662
10683,-15.709548
10684,-10.955620
10685,-0.027926
10686,0.024478
10687,0.064374
10688,0.035470
10689,0.006700
10690,0.069517
10691,0.036878
10692,-0.043411
10693,-0.064357
10694,-0.087224
10695,-0.066433
10696,-0.035239
10697,0.047808
10698,0.060762
10699,0.061714
10700,0.068106
10701,0.051433
10702,0.033901
10703,-0.009730
10704,-0.018234
10705,-0.035005
10706,-0.034766
10707,-0.063442
10708,-0.047538
10709,-0.032831
10710,-0.020740
10711,0.039148
10712,0.027726
10713,0.072558
10714,0.058412
10715,-0.045587
10716,-0.079453
10717,-0.069338
10718,0.004828
10719,0.022217
10720,0.007233
10721,0.009014
10722,0.015862
10723,-0.008416
10724,-0.013402
10725,-0.004785
10726,0.045686
10727,0.057285
10728,0.059620
10729,-0.014762
10730,-0.020571
10731,-0.068007
10732,-0.092190
10733,-0.000112
10734,-0.004145
10735,0.006719
10736,0.029567
10737,0.027141
10738,0.088977
10739,0.024850
10740,-0.041017
10741,-0.042573
10742,-0.000413
10743,-0.007703
10744,0.015803
10745,0.062776
10746,0.085542
10747,0.017617
10748,-0.040436
10749,-0.057645
10750,-0.081785
10751,-0.132763
10752,-0.013597
10753,0.034369
10754,0.024092
10755,-0.000495
10756,-0.029131
10757,0.010541
10758,0.045390
10759,0.069454
10760,0.060852
10761,0.005274
10762,-0.006557
10763,-0.018671
10764,-0.000418
10765,-0.021738
10766,-0.104030
10767,-0.099450
10768,-0.052706
10769,0.020575
10770,0.048280
10771,0.061850
10772,0.065340
10773,0.066907
10774,0.063800
10775,0.005057
10776,0.009859
10777,0.009667
10778,0.004481
10779,-0.066649
10780,-0.042004
10781,0.008559
10782,-0.048699
10783,-0.068488
10784,-0.054512
10785,-0.025981
10786,-0.016077
10787,0.006129
10788,0.073157
10789,0.083003
10790,0.081132
10791,0.062780
10792,0.015740
10793,-0.059257
10794,-0.056827
10795,-0.015772
10796,-0.046130
10797,-0.076069
10798,-0.055618
10799,-0.007118
10800,0.043064
10801,-0.000108
10802,-0.020213
10803,0.027830
10804,0.096446
10805,0.051038
10806,-0.000329
10807,-0.051928
10808,-0.054562
10809,-0.063749
10810,-0.020419
10811,0.039001
10812,0.031075
10813,-0.001456
10814,0.033180
10815,-0.001849
10816,-0.007709
10817,-0.006342
10818,0.026314
10819,0.012380
10820,0.016392
10821,0.007970
10822,-0.012556
10823,0.011977
10824,-0.011932
10825,-0.083087
10826,-0.050891
10827,-0.026193
10828,0.020488
10829,0.062514
10830,0.045709
10831,0.055284
10832,0.020304
10833,0.012889
10834,-0.010668
10835,-0.032958
10836,-0.023033
10837,-0.019718
10838,0.006806
10839,0.037951
10840,-0.057110
10841,-0.105957
10842,-0.023671
10843,-0.012452
10844,-0.018262
10845,0.013058
10846,0.013739
10847,0.072973
10848,0.093255
10849,0.078540
10850,0.038417
10851,0.006975
10852,-0.039422
10853,-0.075270
10854,-0.014489
10855,0.032365
10856,-0.001311
10857,-0.044150
10858,-0.024983
10859,-0.032206
10860,0.024246
10861,0.061357
10862,0.021121
10863,-0.005332
10864,-0.022414
10865,-0.030964
10866,-0.037992
10867,-0.031305
10868,0.007740
10869,0.012129
10870,-0.018653
10871,-0.045222
10872,0.013479
10873,0.034217
10874,0.023379
10875,0.072681
10876,0.059406
10877,0.028822
10878,-0.016627
10879,-0.005849
10880,-0.017886
10881,-0.046245
10882,-0.077767
10883,-0.022104
10884,0.035015
10885,0.028402
10886,-0.032922
10887,-0.007334
10888,0.008013
10889,0.048293
10890,0.030706
10891,0.042558
10892,0.032022
10893,-0.033158
10894,-0.048636
10895,-0.046781
10896,-0.044467
10897,-0.006933
10898,0.034185
10899,0.018701
10900,0.007941
10901,0.005013
10902,-0.025373
10903,-0.026666
10904,0.011624
10905,0.039513
10906,0.085966
10907,0.029127
10908,-0.062015
10909,-0.105974
10910,-0.019830
10911,0.031481
10912,0.002815
10913,0.019193
10914,0.012921
10915,0.028172
10916,0.009720
10917,-0.033234
10918,-0.069529
10919,-0.070947
10920,0.007756
10921,0.032751
10922,0.050347
10923,0.070956
10924,0.006652
10925,0.024697
10926,0.023932
10927,-0.012194
10928,-0.055921
10929,-0.023108
10930,-0.016648
10931,-0.050517
10932,0.023999
10933,0.071539
10934,0.029977
10935,-0.048243
10936,-0.044317
10937,0.006757
10938,-0.024843
10939,0.010373
10940,0.026239
10941,-0.008495
10942,-0.019180
10943,0.008988
10944,0.009716
10945,-0.025447
10946,0.018498
10947,0.043020
10948,0.012941
10949,0.026769
10950,-0.025288
10951,-0.065508
10952,-0.017761
10953,0.027234
10954,0.006511
10955,-0.034201
10956,0.007298
10957,0.020494
10958,0.035767
10959,0.006085
10960,-0.010198
10961,0.006055
10962,-0.030161
10963,-0.057752
10964,-0.020641
10965,0.019970
10966,-0.031925
10967,-0.067599
10968,0.024959
10969,0.072183
10970,0.066731
10971,0.036828
10972,0.034419
10973,-0.007865
10974,-0.019575
10975,-0.034309
10976,-0.063028
10977,-0.046692
10978,-0.011957
10979,-0.001586
10980,-0.019927
10981,0.034737
10982,0.042543
10983,0.009942
10984,-0.031960
10985,0.005317
10986,-0.027116
10987,0.004710
10988,-0.018627
10989,0.007371
10990,0.048497
10991,0.113249
10992,0.082637
10993,0.063957
10994,0.033448
10995,0.008604
10996,-0.009300
10997,-0.071540
10998,-0.071780
10999,-0.070349
11000,-0.014469
11001,0.040502
11002,0.016759
11003,-0.079110
11004,-0.066053
11005,0.001563
11006,0.008856
11007,0.042806
11008,0.054536
11009,0.081141
11010,0.002124
11011,-0.031525
11012,-0.010978
11013,-0.037173
11014,-0.026567
11015,-0.027226
11016,-0.023948
11017,-0.014153
11018,0.009730
11019,0.035799
11020,0.022857
11021,-0.005565
11022,0.007109
11023,-0.056163
11024,-0.079846
11025,-0.024247
11026,0.052435
11027,0.085012
11028,0.113311
11029,0.118355
11030,-0.001992
11031,-0.087738
11032,-0.081626
11033,-0.081916
11034,-0.042134
11035,-0.048938
11036,-0.033356
11037,0.030266
11038,0.017971
11039,-0.007245
11040,0.039659
11041,0.047249
11042,0.024224
11043,0.012004
11044,0.000075
11045,-0.006241
11046,-0.024998
11047,0.016964
11048,0.044635
11049,0.025334
11050,-0.024090
11051,-0.047276
11052,-0.047676
11053,-0.047057
11054,-0.062574
11055,0.004849
11056,0.009103
11057,0.061507
11058,0.081024
11059,0.035299
11060,-0.011476
11061,-0.022035
11062,0.007709
11063,0.010612
11064,-0.042719
11065,-0.050475
11066,-0.018422
11067,-0.014149
11068,0.003646
11069,0.013784
11070,0.028715
11071,0.038626
11072,-0.014869
11073,0.002702
11074,-0.008606
11075,0.007028
11076,0.003044
11077,0.003535
11078,0.029697
11079,0.026395
11080,0.017825
11081,-0.006436
11082,-0.028747
11083,0.008440
11084,-0.032714
11085,-0.073050
11086,-0.059281
11087,-0.002523
11088,0.012202
11089,0.007601
11090,0.025649
11091,0.026286
11092,0.026341
11093,-0.013852
11094,-0.025714
11095,0.017667
11096,-0.050962
11097,-0.019168
11098,0.029759
11099,-0.003697
11100,0.026828
11101,0.038568
11102,0.032407
11103,0.011255
11104,-0.048100
11105,-0.044209
11106,-0.005438
11107,0.042683
11108,0.033081
11109,0.004857
11110,-0.040301
11111,-0.047054
11112,0.005432
11113,0.070316
11114,0.004996
11115,-0.001291
11116,-0.013317
11117,-0.037499
11118,-0.034575
11119,-0.006850
11120,-0.002993
11121,0.004674
11122,-0.022297
11123,-0.033218
11124,0.067364
11125,0.045136
11126,0.067103
11127,0.068093
11128,0.064114
11129,-0.059535
11130,-0.078380
11131,-0.039316
11132,-0.036105
11133,-0.068031
11134,0.008108
11135,-0.012717
11136,-0.008060
11137,0.001230
11138,0.086006
11139,0.067267
11140,0.030721
11141,0.006676
11142,-0.051153
11143,-0.064254
11144,-0.063359
11145,-0.045682
11146,-0.020141
11147,0.025344
11148,0.004798
11149,0.032872
11150,0.034508
11151,0.008422
11152,0.019829
11153,0.013852
11154,-0.021711
11155,0.021442
11156,0.049368
11157,0.050085
11158,-0.001413
11159,-0.051562
11160,-0.061442
11161,-0.048745
11162,-0.025145
11163,-0.000655
11164,0.006233
11165,-0.009962
11166,-0.025864
11167,-0.011806
11168,-0.015288
11169,0.005983
11170,0.081952
11171,0.055318
11172,-0.030217
11173,-0.033780
11174,-0.029057
11175,-0.038167
11176,-0.004312
11177,-0.000193
11178,0.007861
11179,0.023472
11180,0.033073
11181,0.041883
11182,0.039451
11183,0.030674
11184,0.014380
11185,0.039593
11186,0.081603
11187,0.014082
11188,-0.043559
11189,-0.099445
11190,-0.092625
11191,-0.071699
11192,-0.085965
11193,-0.018821
11194,0.039827
11195,0.086462
11196,0.071929
11197,0.036723
11198,0.014904
11199,-0.023955
11200,-0.045610
11201,-0.049304
11202,0.003318
11203,0.038326
11204,0.067514
11205,0.077521
11206,-0.006106
11207,-0.028264
11208,-0.058052
11209,-0.049164
11210,-0.066567
11211,-0.069683
11212,-0.039741
11213,0.014715
11214,0.071901
11215,0.108327
11216,0.070611
11217,0.035084
11218,0.002429
11219,-0.035261
11220,-0.053579
11221,-0.035665
11222,-0.035422
11223,-0.057226
11224,-0.040449
11225,-0.011348
11226,0.023223
11227,0.006339
11228,0.053252
11229,0.060384
11230,0.059715
11231,0.021122
11232,-0.014273
11233,-0.033400
11234,-0.042490
11235,0.047783
11236,0.007504
11237,0.014382
11238,0.018631
11239,-0.012053
11240,0.004714
11241,0.022031
11242,-0.040220
11243,-0.059103
11244,-0.026337
11245,0.007951
11246,0.049730
11247,0.029171
11248,0.010468
11249,-0.003409
11250,-0.004861
11251,0.034385
11252,0.012255
11253,0.004551
11254,0.046620
11255,-0.046108
11256,-0.066847
11257,-0.042881
11258,-0.081980
11259,-0.037260
11260,0.027746
11261,0.017844
11262,0.037499
11263,-0.012294
11264,0.002525
11265,0.053762
11266,0.025936
11267,0.055222
11268,0.056847
11269,-0.010828
11270,-0.074802
11271,-0.082930
11272,-0.050583
11273,0.009599
11274,0.048497
11275,0.040267
11276,-0.031235
11277,-0.032313
11278,-0.061070
11279,-0.031999
11280,0.014037
11281,0.057278
11282,0.058183
11283,0.077975
11284,0.048710
11285,0.006584
11286,-0.005791
11287,-0.038281
11288,-0.028047
11289,-0.037781
11290,0.009700
11291,0.024753
11292,-0.032653
11293,0.002642
11294,-0.048382
11295,-0.047784
11296,-0.038920
11297,-0.023014
11298,-0.016573
11299,0.005736
11300,0.065147
11301,0.078063
11302,0.092115
11303,0.056249
11304,0.017311
11305,-0.052648
11306,-0.095327
11307,-0.090755
11308,-0.070496
11309,-0.020175
11310,0.025646
11311,0.051490
11312,0.055613
11313,0.010940
11314,0.027018
11315,-0.005811
11316,-0.011458
11317,-0.011043
11318,-0.000194
11319,0.080951
11320,0.069968
11321,0.009994
11322,-0.061209
11323,-0.073237
11324,-0.040819
11325,-0.002671
11326,0.055131
11327,0.061206
11328,-0.012564
11329,-0.023262
11330,-0.040697
11331,-0.071963
11332,-0.021239
11333,0.020484
11334,0.000596
11335,-0.006778
11336,-0.028359
11337,0.038152
11338,0.064042
11339,0.040942
11340,-0.015163
11341,-0.027418
11342,-0.024763
11343,-0.008273
11344,0.015101
11345,0.006729
11346,-0.034588
11347,-0.017883
11348,0.029180
11349,0.004008
11350,-0.012557
11351,-0.007692
11352,-0.000876
11353,0.091139
11354,0.054656
11355,0.030560
11356,-0.023527
11357,-0.058693
11358,-0.016413
11359,-0.043135
11360,-0.026001
11361,0.057200
11362,0.026343
11363,-0.027174
11364,0.013723
11365,-0.031722
11366,-0.043353
11367,-0.008181
11368,-0.064514
11369,-0.050509
11370,-0.017249
11371,-0.003411
11372,0.045679
11373,0.062162
11374,0.067341
11375,0.038225
11376,-0.037707
11377,-0.020648
11378,0.013602
11379,-0.014624
11380,-0.015015
11381,0.004659
11382,0.078475
11383,0.050372
11384,0.010816
11385,-0.008696
11386,-0.020729
11387,-0.045873
11388,-0.037233
11389,0.041351
11390,0.038044
11391,0.010226
11392,0.003618
11393,-0.017727
11394,-0.031525
11395,0.018997
11396,0.058231
11397,0.090846
11398,0.022139
11399,-0.028230
11400,-0.091204
11401,-0.039812
11402,-0.019173
11403,0.012611
11404,0.048659
11405,0.042711
11406,-0.041956
11407,-0.093237
11408,-0.029607
11409,0.064026
11410,0.065252
11411,0.020455
11412,0.045961
11413,0.060674
11414,-0.002999
11415,-0.079485
11416,-0.125372
11417,-0.132522
11418,-0.006537
11419,0.082331
11420,0.104824
11421,0.072777
11422,-0.045669
11423,-0.059499
11424,-0.060752
11425,-0.090107
11426,-0.065400
11427,0.033313
11428,0.078039
11429,0.068014
11430,0.056154
11431,0.005515
11432,0.022392
11433,-0.032061
11434,-0.023071
11435,0.004533
11436,-0.010051
11437,-0.010277
11438,0.008139
11439,0.046241
11440,0.059895
11441,0.007056
11442,-0.073622
11443,-0.054001
11444,-0.004792
11445,0.006233
11446,-0.006478
11447,-0.024428
11448,-0.014178
11449,-0.048258
11450,0.013882
11451,0.064585
11452,0.045878
11453,0.038282
11454,0.036015
11455,-0.007851
11456,-0.020859
11457,-0.051062
11458,-0.016345
11459,0.002351
11460,-0.015162
11461,-0.035610
11462,-0.023265
11463,-0.007153
11464,0.018439
11465,0.053884
11466,0.016348
11467,0.020259
11468,0.087442
11469,0.007938
11470,-0.013827
11471,-0.011755
11472,-0.083256
11473,-0.077511
11474,-0.081184
11475,-0.059517
11476,0.019367
11477,0.060922
11478,0.038173
11479,0.048490
11480,0.014428
11481,-0.022363
11482,-0.022065
11483,-0.011468
11484,-0.011065
11485,0.023135
11486,0.055664
11487,0.043780
11488,0.006564
11489,0.014302
11490,0.025616
11491,-0.021373
11492,-0.031833
11493,-0.024540
11494,-0.037075
11495,-0.070456
11496,-0.031243
11497,0.002853
11498,-0.009089
11499,0.004850
11500,0.029482
11501,0.058071
11502,0.064486
11503,0.045920
11504,0.044933
11505,-0.026322
11506,-0.038490
11507,-0.057372
11508,-0.060399
11509,-0.060791
11510,-0.034364
11511,0.015894
11512,0.041722
11513,0.030635
11514,0.055703
11515,0.047842
11516,0.043801
11517,0.029087
11518,-0.003632
11519,-0.026347
11520,-0.021872
11521,-0.035627
11522,0.043392
11523,0.012917
11524,-0.007435
11525,-0.040352
11526,-0.081557
11527,-0.049553
11528,-0.003973
11529,0.026764
11530,0.012994
11531,0.020903
11532,0.019833
11533,-0.011967
11534,-0.018406
11535,-0.048368
11536,-0.064076
11537,-0.031041
11538,0.008092
11539,0.030583
11540,0.073256
11541,-0.007840
11542,0.048059
11543,0.081106
11544,0.021775
11545,0.041299
11546,0.016526
11547,-0.043941
11548,-0.058626
11549,-0.094620
11550,-0.045458
11551,-0.029934
11552,-0.011009
11553,0.038905
11554,0.003160
11555,0.009891
11556,0.025312
11557,0.023963
11558,-0.009175
11559,-0.048303
11560,0.002366
11561,0.064644
11562,0.060140
11563,0.070590
11564,0.037204
11565,-0.010415
11566,0.016571
11567,-0.004726
11568,-0.047508
11569,-0.113320
11570,-0.118625
11571,-0.007595
11572,0.013081
11573,0.051636
11574,0.104120
11575,0.090906
11576,0.068533
11577,0.023851
11578,-0.015261
11579,-0.012525
11580,-0.038086
11581,-0.020099
11582,-0.032538
11583,-0.105878
11584,-0.104386
11585,-0.063970
11586,0.002559
11587,0.009750
11588,0.034983
11589,0.028707
11590,0.037375
11591,0.011721
11592,0.039876
11593,-0.018934
11594,-0.019989
11595,0.032136
11596,0.039559
11597,0.045053
11598,-0.042007
11599,-0.002553
11600,0.073236
11601,-0.014127
11602,-0.007694
11603,-0.028098
11604,-0.051101
11605,-0.087466
11606,-0.080571
11607,-0.021297
11608,0.084332
11609,0.099594
11610,0.087802
11611,0.067992
11612,-0.060873
11613,-0.109004
11614,-0.034357
11615,-0.016810
11616,0.016325
11617,0.049200
11618,0.040417
11619,0.027067
11620,0.003044
11621,0.049190
11622,0.074550
11623,0.017170
11624,-0.063633
11625,-0.129228
11626,-0.085576
11627,-0.036560
11628,-0.033274
11629,0.002366
11630,0.035431
11631,0.013775
11632,0.053404
11633,0.022905
11634,-0.011931
11635,-0.010408
11636,-0.023219
11637,-0.032718
11638,-0.059763
11639,-0.057396
11640,0.029658
11641,0.084630
11642,0.073536
11643,0.059169
11644,0.011129
11645,-0.014301
11646,-0.023288
11647,-0.045443
11648,0.006298
11649,0.045432
11650,0.019444
11651,0.010767
11652,-0.030777
11653,-0.077198
11654,-0.018840
11655,-0.040726
11656,-0.012283
11657,0.026279
11658,0.011550
11659,0.044951
11660,0.018142
11661,-0.013812
11662,0.029676
11663,0.006440
11664,-0.066087
11665,0.023963
11666,0.096088
11667,0.087197
11668,0.068121
11669,-0.061049
11670,-0.063097
11671,0.014906
11672,-0.001817
11673,-0.039433
11674,-0.082690
11675,-0.108192
11676,-0.041683
11677,-0.041170
11678,-0.001077
11679,0.023926
11680,0.043757
11681,0.038874
11682,0.059289
11683,0.041354
11684,0.044837
11685,0.048340
11686,-0.007427
11687,-0.007116
11688,-0.002376
11689,-0.005141
11690,-0.034993
11691,-0.030883
11692,-0.016689
11693,-0.014037
11694,-0.022288
11695,0.007708
11696,0.008097
11697,0.033407
11698,-0.001254
11699,0.040839
11700,0.032706
11701,-0.014590
11702,-0.039504
11703,-0.027654
11704,-0.064539
11705,-0.021026
11706,-0.039868
11707,-0.071009
11708,-0.063516
11709,-0.070000
11710,0.003215
11711,0.087316
11712,0.138869
11713,0.147717
11714,0.121670
11715,0.039994
11716,-0.006029
11717,-0.036390
11718,-0.013346
11719,-0.020012
11720,-0.084502
11721,-0.085221
11722,-0.066347
11723,-0.013253
11724,0.013689
11725,0.029576
11726,0.016958
11727,0.000430
11728,0.027622
11729,-0.003441
11730,-0.017681
11731,0.037898
11732,0.014879
11733,-0.020653
11734,-0.041136
11735,-0.053258
11736,0.012968
11737,0.030929
11738,0.036515
11739,0.045701
11740,0.010870
11741,-0.024013
11742,-0.063058
11743,-0.024421
11744,-0.011342
11745,-0.022000
11746,0.020654
11747,-0.004265
11748,-0.021316
11749,0.015880
11750,0.015620
11751,0.015736
11752,0.029486
11753,-0.009813
11754,0.011307
11755,0.073293
11756,0.038353
11757,-0.001523
11758,-0.023889
11759,-0.073031
11760,-0.075748
11761,-0.082080
11762,-0.021655
11763,-0.006443
11764,0.019353
11765,0.048306
11766,0.017635
11767,0.047344
11768,0.043755
11769,-0.018280
11770,0.025881
11771,0.028385
11772,0.024813
11773,0.037501
11774,-0.038198
11775,-0.036956
11776,0.012635
11777,0.011889
11778,-0.039575
11779,-0.041643
11780,0.020608
11781,-0.018627
11782,0.023689
11783,0.049512
11784,0.013923
11785,0.011437
11786,-0.023582
11787,-0.059300
11788,-0.049879
11789,0.008870
11790,0.017138
11791,-0.002349
11792,-0.083092
11793,-0.022082
11794,0.034395
11795,0.032794
11796,0.030710
11797,0.041523
11798,-0.004299
11799,-0.056163
11800,-0.010520
11801,-0.033897
11802,-0.042452
11803,-0.034915
11804,0.000504
11805,0.026116
11806,0.131573
11807,0.127602
11808,0.027521
11809,-0.031322
11810,-0.092684
11811,-0.053725
11812,-0.036694
11813,0.053096
11814,0.057682
11815,0.016851
11816,-0.000001
11817,-0.024654
11818,-0.015416
11819,0.014819
11820,0.000447
11821,-0.058253
11822,-0.052543
11823,0.008265
11824,0.056872
11825,0.069921
11826,0.028750
11827,-0.010413
11828,-0.028088
11829,-0.023918
11830,-0.044070
11831,-0.021747
11832,-0.034875
11833,-0.028419
11834,-0.014032
11835,-0.024960
11836,-0.030222
11837,0.002171
11838,-0.012925
11839,0.030310
11840,0.062265
11841,0.008271
11842,0.010235
11843,0.019720
11844,0.008900
11845,-0.029119
11846,-0.043809
11847,-0.013070
11848,0.050153
11849,0.051804
11850,0.097608
11851,0.051736
11852,-0.049649
11853,-0.094731
11854,-0.022946
11855,-0.015344
11856,-0.035006
11857,-0.022430
11858,0.013369
11859,0.028084
11860,0.020321
11861,0.032629
11862,-0.017197
11863,0.007395
11864,0.002389
11865,0.024257
11866,-0.037270
11867,-0.051811
11868,0.003809
11869,-0.018608
11870,0.005018
11871,0.029177
11872,0.027272
11873,0.025844
11874,0.004453
11875,-0.048364
11876,-0.047478
11877,-0.015765
11878,0.002541
11879,0.029829
11880,0.052243
11881,0.010940
11882,-0.019077
11883,-0.041658
11884,-0.012801
11885,0.044401
11886,-0.002550
11887,-0.028385
11888,0.005109
11889,0.009671
11890,0.007168
11891,0.005381
11892,0.003254
11893,-0.007789
11894,-0.010422
11895,0.021489
11896,0.022804
11897,0.001630
11898,-0.032549
11899,-0.001758
11900,0.003581
11901,0.000065
11902,-0.068920
11903,-0.028611
11904,-0.022167
11905,-0.014489
11906,0.043875
11907,0.092001
11908,0.046894
11909,0.023441
11910,-0.028530
11911,-0.078558
11912,-0.050692
11913,-0.032287
11914,0.016568
11915,0.046628
11916,0.007342
11917,-0.020801
11918,0.003166
11919,0.015886
11920,0.023252
11921,0.044956
11922,0.025487
11923,0.050762
11924,0.070698
11925,0.005873
11926,-0.008673
11927,-0.025856
11928,-0.073051
11929,-0.088918
11930,-0.070192
11931,-0.047034
11932,-0.048537
11933,-0.018622
11934,0.000447
11935,-0.002576
11936,-0.003903
11937,0.008795
11938,0.010566
11939,0.070333
11940,0.041234
11941,0.002998
11942,0.023662
11943,0.021815
11944,-0.009764
11945,-0.003990
11946,-0.015651
11947,-0.048815
11948,0.008492
11949,0.037551
11950,0.034040
11951,0.020651
11952,-0.001342
11953,-0.029729
11954,0.011013
11955,0.023732
11956,0.051564
11957,0.018788
11958,0.000608
11959,-0.017478
11960,-0.037720
11961,-0.049811
11962,-0.079603
11963,-0.030362
11964,-0.028754
11965,-0.016701
11966,0.027864
11967,0.072307
11968,0.042948
11969,0.030448
11970,0.019788
11971,-0.044657
11972,-0.030243
11973,-0.025242
11974,0.013084
11975,0.021123
11976,0.022754
11977,0.008060
11978,-0.019982
11979,0.028374
11980,-0.001480
11981,-0.031891
11982,-0.056319
11983,-0.026756
11984,0.014539
11985,0.026987
11986,0.041908
11987,-0.008215
11988,-0.015262
11989,0.009255
11990,-0.033383
11991,-0.010908
11992,-0.002619
11993,0.010702
11994,0.015138
11995,-0.038531
11996,-0.003880
11997,0.038508
11998,-0.026225
11999,0.013142
12000,0.069201
12001,0.032215
12002,0.019729
12003,-0.022412
12004,-0.005239
12005,0.039035
12006,0.004586
12007,-0.007185
12008,-0.030764
12009,-0.078299
12010,-0.085472
12011,-0.054428
12012,0.014790
12013,0.022008
12014,0.028251
12015,0.035862
12016,0.057240
12017,0.051390
12018,-0.039783
12019,-0.098658
12020,-0.048605
12021,0.003508
12022,0.038045
12023,0.044978
12024,0.034437
12025,0.040433
12026,0.012657
12027,-0.041679
12028,-0.014813
12029,-0.018473
12030,-0.024946
12031,-0.007420
12032,0.015114
12033,0.042194
12034,0.045199
12035,0.034290
12036,-0.047223
12037,-0.006661
12038,0.033957
12039,-0.012152
12040,-0.007228
12041,-0.040835
12042,-0.021724
12043,-0.038440
12044,-0.083637
12045,-0.023317
12046,-0.020741
12047,-0.051347
12048,0.023695
12049,0.064664
12050,0.054286
12051,0.073581
12052,0.035005
12053,0.064112
12054,0.033518
12055,-0.007724
12056,0.001755
12057,-0.069329
12058,-0.047071
12059,-0.010470
12060,0.010992
12061,0.044841
12062,0.025328
12063,-0.014799
12064,-0.016438
12065,-0.017394
12066,-0.037317
12067,0.041937
12068,0.042392
12069,-0.039442
12070,-0.010939
12071,-0.017617
12072,-0.076125
12073,-0.029973
12074,0.014642
12075,0.030868
12076,-0.006990
12077,-0.045893
12078,-0.014313
12079,0.020943
12080,-0.000710
12081,-0.018360
12082,-0.015211
12083,-0.040910
12084,0.059966
12085,0.130880
12086,0.067593
12087,0.035967
12088,0.026179
12089,-0.055632
12090,-0.089345
12091,-0.107723
12092,-0.070889
12093,0.006259
12094,0.028978
12095,0.021404
12096,0.038270
12097,0.004177
12098,0.013547
12099,0.084194
12100,0.094509
12101,0.044031
12102,-0.007643
12103,-0.102597
12104,-0.114410
12105,-0.134032
12106,-0.111340
12107,-0.006333
12108,0.056981
12109,0.081890
12110,0.036859
12111,0.037182
12112,0.089474
12113,0.086997
12114,0.045524
12115,0.013348
12116,-0.028806
12117,-0.060586
12118,-0.047642
12119,-0.042902
12120,-0.005383
12121,0.030918
12122,0.042789
12123,0.048291
12124,-0.011430
12125,-0.029424
12126,0.001234
12127,-0.002955
12128,-0.007149
12129,0.018744
12130,-0.030270
12131,-0.069808
12132,-0.060195
12133,-0.023929
12134,-0.039721
12135,-0.028096
12136,0.026083
12137,0.022855
12138,0.022054
12139,0.000991
12140,-0.007802
12141,0.024711
12142,0.053921
12143,0.049398
12144,0.090268
12145,-0.003196
12146,-0.018273
12147,-0.026582
12148,-0.057280
12149,0.005828
12150,0.020274
12151,-0.012581
12152,-0.023578
12153,-0.033292
12154,-0.035880
12155,-0.012988
12156,0.001350
12157,0.004917
12158,-0.025285
12159,-0.045519
12160,0.009692
12161,-0.014442
12162,-0.001723
12163,0.049110
12164,0.071857
12165,0.113464
12166,0.077546
12167,0.012307
12168,-0.037324
12169,-0.041968
12170,-0.010745
12171,-0.009572
12172,-0.049017
12173,-0.059099
12174,-0.080298
12175,-0.045316
12176,0.036554
12177,0.054842
12178,0.047073
12179,0.023867
12180,-0.035135
12181,-0.044080
12182,-0.077985
12183,-0.047904
12184,0.003936
12185,0.035914
12186,0.075924
12187,0.082781
12188,0.038132
12189,0.045482
12190,0.015546
12191,-0.000564
12192,-0.006220
12193,-0.063285
12194,-0.054147
12195,-0.040556
12196,-0.007493
12197,0.031079
12198,0.070262
12199,0.042277
12200,0.027215
12201,-0.050760
12202,-0.040379
12203,-0.079070
12204,-0.116532
12205,-0.066968
12206,-0.027872
12207,0.005936
12208,0.051892
12209,0.119040
12210,0.128649
12211,0.076970
12212,0.028072
12213,-0.001443
12214,-0.039941
12215,-0.005495
12216,-0.045986
12217,-0.077826
12218,-0.019208
12219,-0.032718
12220,0.008246
12221,0.006557
12222,-0.036641
12223,0.024109
12224,0.064057
12225,-0.001060
12226,-0.002783
12227,0.009807
12228,0.072147
12229,0.088182
12230,0.024639
12231,-0.040406
12232,-0.105627
12233,-0.149962
12234,-0.091859
12235,-0.072928
12236,-0.031383
12237,-0.030584
12238,0.017129
12239,0.069470
12240,0.045699
12241,0.046111
12242,0.061223
12243,0.077812
12244,0.053365
12245,0.038053
12246,0.033281
12247,-0.003081
12248,-0.023777
12249,-0.058968
12250,-0.030800
12251,0.012428
12252,-0.019382
12253,-0.046080
12254,-0.043510
12255,-0.007227
12256,0.045212
12257,0.078145
12258,0.062633
12259,0.016821
12260,-0.058146
12261,-0.047404
12262,-0.039361
12263,-0.057885
12264,-0.028399
12265,-0.017574
12266,-0.070933
12267,-0.038778
12268,-0.010208
12269,0.058273
12270,0.091865
12271,0.069468
12272,0.044087
12273,0.071838
12274,0.088714
12275,0.005193
12276,-0.021263
12277,-0.014128
12278,-0.014982
12279,-0.102966
12280,-0.111785
12281,-0.086785
12282,-0.084514
12283,-0.037084
12284,0.013508
12285,0.022411
12286,0.042839
12287,0.064834
12288,0.079942
12289,0.057305
12290,0.042214
12291,-0.014537
12292,-0.036240
12293,-0.001169
12294,-0.006527
12295,0.001309
12296,0.013387
12297,0.020235
12298,0.009055
12299,-0.044594
12300,-0.021237
12301,-0.004906
12302,-0.004406
12303,0.008650
12304,0.019099
12305,-0.004469
12306,-0.047499
12307,-0.066070
12308,-0.013685
12309,0.025563
12310,0.038833
12311,0.065108
12312,0.066296
12313,0.011544
12314,-0.009124
12315,-0.053791
12316,-0.064274
12317,-0.053213
12318,-0.001746
12319,0.069885
12320,0.036491
12321,-0.000777
12322,0.022682
12323,-0.021970
12324,-0.041324
12325,-0.039284
12326,0.003923
12327,-0.040229
12328,-0.051236
12329,0.028838
12330,0.067835
12331,0.051161
12332,0.056629
12333,0.003611
12334,-0.023187
12335,-0.047105
12336,-0.074567
12337,-0.015842
12338,-0.008641
12339,0.014424
12340,0.110237
12341,0.073052
12342,0.011817
12343,-0.016787
12344,-0.037120
12345,-0.027405
12346,-0.038674
12347,-0.043486
12348,0.005797
12349,-0.023353
12350,-0.003830
12351,0.007713
12352,0.058929
12353,0.077591
12354,0.043510
12355,0.015424
12356,-0.004153
12357,-0.023194
12358,-0.058612
12359,-0.091560
12360,-0.026556
12361,-0.004088
12362,-0.021181
12363,-0.041940
12364,-0.019110
12365,0.017263
12366,0.043605
12367,0.060966
12368,0.031116
12369,0.034872
12370,-0.018974
12371,-0.033380
12372,0.002268
12373,0.014361
12374,0.037086
12375,0.025646
12376,-0.014320
12377,-0.044493
12378,-0.068760
12379,-0.047925
12380,-0.045541
12381,-0.016845
12382,0.033919
12383,0.049177
12384,0.029733
12385,0.062946
12386,0.020459
12387,0.021663
12388,-0.013558
12389,-0.000401
12390,-0.013504
12391,-0.031432
12392,-0.037110
12393,0.004149
12394,-0.014490
12395,-0.030557
12396,0.001588
12397,0.069422
12398,0.114531
12399,0.051476
12400,-0.045991
12401,-0.074159
12402,-0.045274
12403,-0.053747
12404,-0.034571
12405,-0.040616
12406,-0.014904
12407,0.013367
12408,0.069789
12409,0.085547
12410,0.045248
12411,0.004160
12412,-0.050827
12413,-0.063130
12414,-0.010410
12415,0.003077
12416,0.000753
12417,0.038628
12418,0.065324
12419,0.047922
12420,0.018676
12421,-0.064968
12422,-0.058857
12423,0.004923
12424,-0.014942
12425,0.004922
12426,0.001774
12427,0.006343
12428,0.027099
12429,-0.033554
12430,-0.082276
12431,-0.085873
12432,-0.023117
12433,-0.003826
12434,0.024965
12435,0.073430
12436,0.064027
12437,0.050133
12438,0.003344
12439,-0.042319
12440,-0.031716
12441,0.022710
12442,0.055675
12443,0.037574
12444,-0.004099
12445,-0.050167
12446,-0.041432
12447,-0.061928
12448,-0.039404
12449,0.061369
12450,0.096609
12451,0.091547
12452,0.029612
12453,-0.051896
12454,-0.083127
12455,-0.085506
12456,-0.070665
12457,0.005407
12458,0.038274
12459,-0.018546
12460,-0.001381
12461,0.002082
12462,0.021828
12463,0.032120
12464,-0.000030
12465,-0.004319
12466,-0.007465
12467,-0.050656
12468,0.008884
12469,0.053655
12470,0.023106
12471,0.045081
12472,0.055481
12473,0.028719
12474,-0.021201
12475,-0.031446
12476,-0.029466
12477,-0.020501
12478,0.000364
12479,0.007332
12480,0.012593
12481,-0.019937
12482,-0.004627
12483,-0.025576
12484,0.005693
12485,-0.022098
12486,-0.035651
12487,-0.047589
12488,-0.029443
12489,-0.013830
12490,-0.024959
12491,-0.043936
12492,-0.025916
12493,0.050588
12494,0.068839
12495,0.045788
12496,0.056657
12497,0.027750
12498,0.050516
12499,0.007265
12500,-0.069812
12501,-0.014194
12502,-0.017471
12503,-0.040115
12504,0.019225
12505,0.043433
12506,-0.005181
12507,-0.008611
12508,-0.018663
12509,-0.039680
12510,-0.034340
12511,-0.017839
12512,-0.004695
12513,0.018663
12514,0.008298
12515,0.001479
12516,0.002952
12517,-0.045741
12518,-0.008739
12519,0.045053
12520,0.053487
12521,0.032477
12522,-0.006954
12523,0.032362
12524,0.079711
12525,0.005822
12526,-0.076876
12527,-0.074314
12528,-0.104981
12529,-0.081777
12530,-0.011393
12531,0.052014
12532,0.109138
12533,0.090529
12534,0.039211
12535,-0.004101
12536,-0.096696
12537,-0.101641
12538,-0.069398
12539,-0.029788
12540,0.029280
12541,0.067170
12542,0.141692
12543,0.125028
12544,0.016428
12545,-0.043403
12546,-0.047060
12547,-0.034085
12548,-0.015304
12549,-0.056607
12550,-0.042259
12551,0.033988
12552,0.019828
12553,0.015808
12554,0.029191
12555,-0.020176
12556,-0.029967
12557,-0.066813
12558,-0.046228
12559,0.012212
12560,0.010625
12561,0.016137
12562,0.033093
12563,0.000940
12564,0.008589
12565,0.009590
12566,0.004563
12567,0.008709
12568,-0.013861
12569,0.008132
12570,0.022906
12571,-0.017468
12572,-0.026907
12573,-0.030313
12574,-0.056815
12575,-0.058497
12576,0.018226
12577,0.064418
12578,0.088633
12579,0.060501
12580,0.017574
12581,0.034840
12582,0.009054
12583,-0.027144
12584,-0.040789
12585,-0.035577
12586,-0.052190
12587,-0.065972
12588,-0.002862
12589,0.063418
12590,0.003037
12591,-0.001297
12592,-0.005386
12593,-0.003593
12594,-0.043856
12595,-0.023401
12596,0.010114
12597,0.042238
12598,0.009816
12599,0.025332
12600,0.025421
12601,0.012190
12602,-0.007112
12603,-0.016197
12604,-0.008780
12605,-0.012436
12606,-0.006992
12607,-0.006492
12608,0.008487
12609,0.010263
12610,0.048073
12611,0.049340
12612,0.045313
12613,0.040096
12614,0.012192
12615,-0.008838
12616,-0.044337
12617,-0.078477
12618,-0.086150
12619,-0.071419
12620,-0.030376
12621,-0.040033
12622,-0.020066
12623,0.039256
12624,-0.005984
12625,0.003743
12626,0.072558
12627,0.068833
12628,0.054726
12629,0.022370
12630,0.028829
12631,0.014705
12632,-0.020141
12633,-0.027983
12634,-0.061365
12635,-0.084181
12636,0.024999
12637,0.067068
12638,0.074177
12639,0.054490
12640,-0.004368
12641,-0.010571
12642,-0.046305
12643,-0.082992
12644,-0.071641
12645,-0.038876
12646,-0.028549
12647,-0.031016
12648,0.043648
12649,0.085016
12650,0.065185
12651,0.007261
12652,-0.023464
12653,-0.047917
12654,0.000895
12655,0.014765
12656,0.041113
12657,0.033599
12658,0.015897
12659,0.021161
12660,-0.007191
12661,-0.038402
12662,-0.024116
12663,0.006660
12664,-0.072964
12665,-0.045379
12666,-0.049979
12667,-0.025111
12668,0.037769
12669,-0.019171
12670,0.008050
12671,0.039320
12672,0.063850
12673,0.043488
12674,0.019035
12675,0.047756
12676,0.013277
12677,-0.029579
12678,0.004119
12679,-0.024318
12680,-0.006749
12681,0.013858
12682,-0.041178
12683,-0.034872
12684,0.006193
12685,0.011449
12686,-0.000318
12687,-0.011721
12688,-0.050885
12689,-0.024666
12690,-0.008145
12691,0.049318
12692,0.038508
12693,-0.012241
12694,0.000220
12695,-0.045675
12696,0.015532
12697,0.084238
12698,0.084009
12699,0.018050
12700,0.018397
12701,-0.037147
12702,-0.069846
12703,-0.013096
12704,0.035624
12705,-0.010399
12706,-0.020356
12707,-0.015066
12708,-0.018605
12709,-0.051458
12710,-0.030471
12711,0.004576
12712,-0.004806
12713,0.014461
12714,0.008851
12715,0.015405
12716,0.010550
12717,0.019831
12718,-0.002235
12719,-0.018957
12720,-0.000136
12721,-0.026742
12722,0.002172
12723,-0.026291
12724,-0.048549
12725,-0.016151
12726,0.009971
12727,0.011853
12728,-0.003522
12729,0.036266
12730,0.082851
12731,0.040646
12732,0.016043
12733,-0.016142
12734,-0.029306
12735,-149.155167
12736,560.394836
12737,12.972747
12738,0.000000
12739,92.017174
12740,2249.852051
12741,955.319580
12742,2002.615479
12743,2054.277588
12744,1611.807983
12745,2034.145630
12746,791.822205
12747,2157.307617
12748,1549.435181
12749,1988.865479
12750,1049.184692
12751,866.822754
12752,1996.653320
12753,959.909729
12754,1066.911743
12755,2172.619385
12756,1141.736816
12757,1025.686646
12758,1604.673096
12759,727.776978
12760,1778.760254
12761,2048.421387
12762,1171.934692
12763,877.952209
12764,961.334961
12765,576.069702
12766,-0.019328
12767,-0.040711
12768,-0.006605
12769,0.056611
12770,0.079559
12771,0.034522
12772,-0.000180
12773,-0.067098
12774,-0.122003
12775,-0.118638
12776,-0.116619
12777,-0.065102
12778,0.029803
12779,0.102217
12780,0.153449
12781,0.094754
12782,0.055714
12783,0.038772
12784,0.020157
12785,-0.039607
12786,-0.063410
12787,-0.093149
12788,-0.090818
12789,-0.040075
12790,-0.004966
12791,-0.020189
12792,0.042088
12793,0.065640
12794,0.034869
12795,0.015484
12796,0.032135
12797,0.038470
12798,-0.017128
12799,-0.069893
12800,-0.035667
12801,-0.008260
12802,0.008784
12803,0.005543
12804,0.011099
12805,0.000926
12806,0.007578
12807,0.049408
12808,-0.049829
12809,-0.063038
12810,-0.003648
12811,0.014597
12812,0.082771
12813,0.081195
12814,0.007388
12815,-0.014118
12816,-0.054024
12817,-0.081771
12818,0.012558
12819,0.065703
12820,0.030162
12821,0.034510
12822,0.046148
12823,0.010273
12824,-0.040420
12825,-0.019735
12826,-0.030852
12827,-0.044192
12828,-0.040825
12829,0.022160
12830,0.030961
12831,0.003091
12832,0.004679
12833,0.003537
12834,0.044085
12835,-0.007082
12836,0.017334
12837,0.012597
12838,0.032189
12839,0.010135
12840,-0.006944
12841,-0.008152
12842,-0.048901
12843,-0.073855
12844,-0.016285
12845,0.000514
12846,-0.017009
12847,0.017884
12848,0.023824
12849,0.071273
12850,0.013703
12851,-0.001949
12852,-0.053514
12853,-0.032063
12854,-0.004896
12855,0.001319
12856,-0.001256
12857,0.025587
12858,0.016371
12859,0.018052
12860,0.016262
12861,0.010429
12862,-0.006919
12863,-0.044537
12864,-0.053659
12865,-0.008762
12866,-0.005792
12867,-0.007491
12868,0.008525
12869,-0.003151
12870,-0.029707
12871,-0.024799
12872,0.020625
12873,0.006428
12874,0.001867
12875,-0.018511
12876,0.066528
12877,0.105569
12878,0.051879
12879,0.026675
12880,-0.009183
12881,-0.019584
12882,-0.015982
12883,0.032251
12884,0.002940
12885,-0.031110
12886,-0.054352
12887,-0.063807
12888,-0.081665
12889,-0.051561
12890,-0.015940
12891,0.051400
12892,0.038497
12893,0.030397
12894,0.085486
12895,0.067078
12896,0.008911
12897,-0.012857
12898,-0.067558
12899,-0.111223
12900,-0.083351
12901,-0.077506
12902,-0.047271
12903,0.012931
12904,0.046972
12905,0.082514
12906,0.061651
12907,0.048621
12908,0.055741
12909,0.053665
12910,-0.001754
12911,-0.050621
12912,-0.079210
12913,-0.106564
12914,-0.083610
12915,-0.012427
12916,0.053774
12917,0.034707
12918,0.022123
12919,0.072924
12920,0.071779
12921,0.038696
12922,-0.037454
12923,-0.008721
12924,-0.035929
12925,-0.032667
12926,0.023667
12927,-0.020688
12928,-0.049487
12929,-0.035370
12930,-0.018542
12931,0.049154
12932,0.096869
12933,0.032369
12934,0.053723
12935,0.094985
12936,0.044462
12937,-0.022296
12938,-0.049786
12939,-0.094218
12940,-0.058028
12941,-0.074033
12942,-0.107657
12943,-0.022436
12944,0.009183
12945,-0.027388
12946,0.012979
12947,0.035916
12948,0.031246
12949,0.094043
12950,0.065685
12951,0.061592
12952,-0.004121
12953,-0.030644
12954,0.013750
12955,0.027638
12956,0.018172
12957,-0.019905
12958,-0.037106
12959,-0.073741
12960,-0.092051
12961,-0.052927
12962,-0.045460
12963,0.069252
12964,0.087867
12965,0.068699
12966,0.056195
12967,0.008947
12968,-0.064948
12969,-0.021010
12970,-0.002088
12971,0.020725
12972,-0.012943
12973,-0.026045
12974,-0.014910
12975,-0.034347
12976,-0.046250
12977,0.022485
12978,0.047459
12979,0.011197
12980,-0.029431
12981,0.023868
12982,-0.018995
12983,-0.056211
12984,-0.043277
12985,-0.027515
12986,0.031989
12987,0.007989
12988,0.037184
12989,0.036913
12990,0.008139
12991,0.002841
12992,0.032365
12993,-0.000701
12994,-0.005706
12995,-0.052619
12996,-0.033348
12997,-0.025214
12998,-0.006200
12999,0.030606
13000,0.025883
13001,0.011654
13002,0.071143
13003,0.069911
13004,0.006524
13005,-0.024036
13006,-0.044960
13007,-0.086494
13008,-0.025641
13009,0.044094
13010,0.051205
13011,0.027469
13012,-0.051842
13013,-0.041185
13014,0.003486
13015,0.001086
13016,-0.001079
13017,-0.004735
13018,-0.001321
13019,-0.032535
13020,-0.008733
13021,-0.006130
13022,0.013369
13023,0.055332
13024,0.059333
13025,0.039785
13026,0.006768
13027,0.002267
13028,0.002614
13029,0.000263
13030,-0.043245
13031,-0.074794
13032,-0.074629
13033,-0.059295
13034,-0.039871
13035,0.006495
13036,0.011855
13037,0.018809
13038,0.039479
13039,0.062348
13040,0.057924
13041,0.030196
13042,0.005094
13043,-0.005015
13044,-0.022185
13045,-0.094118
13046,-0.045851
13047,0.013496
13048,0.037298
13049,0.054887
13050,0.017925
13051,-0.017735
13052,0.027776
13053,0.001968
13054,-0.015369
13055,-0.016491
13056,-0.018279
13057,-0.018671
13058,-0.025884
13059,0.017935
13060,0.021568
13061,-0.005082
13062,0.012000
13063,-0.008028
13064,-0.050984
13065,-0.075917
13066,-0.087194
13067,-0.056365
13068,0.022537
13069,0.049755
13070,0.159031
13071,0.103765
13072,0.041867
13073,0.028776
13074,-0.028368
13075,0.001994
13076,-0.000734
13077,0.004723
13078,-0.031661
13079,-0.046442
13080,-0.029942
13081,-0.054697
13082,0.004513
13083,0.025017
13084,0.040899
13085,0.025598
13086,-0.030980
13087,-0.057203
13088,-0.044874
13089,-0.035285
13090,0.022519
13091,0.010282
13092,0.044829
13093,-0.006308
13094,-0.024398
13095,-0.016292
13096,-0.053553
13097,-0.012715
13098,0.002529
13099,-0.053950
13100,0.034750
13101,0.078073
13102,0.049699
13103,0.069414
13104,0.057652
13105,0.045440
13106,-0.002633
13107,-0.014190
13108,-0.033856
13109,-0.041901
13110,-0.062733
13111,-0.090897
13112,-0.006663
13113,0.037748
13114,0.026817
13115,0.039685
13116,-0.007589
13117,-0.002702
13118,-0.013866
13119,-0.056928
13120,-0.045647
13121,-0.011440
13122,0.026049
13123,0.054658
13124,0.069207
13125,0.022184
13126,0.026329
13127,0.049983
13128,-0.007351
13129,-0.057532
13130,-0.044540
13131,-0.044828
13132,-0.032257
13133,0.047181
13134,0.020750
13135,-0.029889
13136,-0.006546
13137,-0.011395
13138,0.009841
13139,0.043894
13140,0.054693
13141,0.049987
13142,0.022293
13143,-0.050894
13144,-0.059280
13145,-0.063154
13146,-0.066762
13147,-0.000045
13148,0.035327
13149,0.041482
13150,-0.013521
13151,-0.014180
13152,-0.000019
13153,-0.015297
13154,0.037847
13155,0.046982
13156,-0.013363
13157,-0.021991
13158,-0.054915
13159,-0.053802
13160,-0.057659
13161,-0.001596
13162,0.063930
13163,0.109881
13164,0.098370
13165,-0.011065
13166,-0.049457
13167,-0.022612
13168,-0.010103
13169,-0.005718
13170,-0.002420
13171,-0.009606
13172,-0.038620
13173,-0.049141
13174,-0.017863
13175,0.006358
13176,0.030774
13177,0.032783
13178,0.024798
13179,0.019154
13180,0.044716
13181,0.018431
13182,-0.030535
13183,-0.040435
13184,-0.013051
13185,-0.007282
13186,0.023406
13187,0.055196
13188,0.021244
13189,-0.024594
13190,-0.041406
13191,-0.037535
13192,-0.016828
13193,-0.014971
13194,-0.009663
13195,-0.015672
13196,-0.009712
13197,0.050330
13198,0.034852
13199,0.042558
13200,0.015014
13201,0.013305
13202,0.044703
13203,0.029943
13204,-0.011340
13205,-0.036294
13206,-0.068962
13207,-0.027739
13208,-0.039294
13209,-0.035981
13210,0.026835
13211,0.000503
13212,-0.038503
13213,-0.031911
13214,0.029239
13215,0.103235
13216,0.109847
13217,0.062482
13218,0.002261
13219,-0.080648
13220,-0.057604
13221,-0.083424
13222,-0.075216
13223,-0.038699
13224,0.024485
13225,0.041214
13226,0.041920
13227,0.027637
13228,-0.014134
13229,-0.017565
13230,-0.006401
13231,0.018709
13232,0.007866
13233,-0.003719
13234,-0.011522
13235,-0.031753
13236,-0.014976
13237,-0.001825
13238,-0.009440
13239,-0.016838
13240,-0.024626
13241,0.037373
13242,0.058219
13243,0.023439
13244,0.006641
13245,0.021692
13246,-0.019189
13247,-0.072664
13248,-0.080066
13249,-0.006702
13250,0.004154
13251,0.023353
13252,0.082617
13253,0.064219
13254,0.047037
13255,0.013238
13256,-0.021904
13257,0.019837
13258,-0.021615
13259,-0.020018
13260,0.017276
13261,-0.028864
13262,-0.067470
13263,-0.054781
13264,-0.037050
13265,76.580933
13266,1029.684937
13267,524.375793
13268,12.971909
13269,182.573288
13270,-58.726250
13271,-81.405945
13272,-64.996712
13273,-7.102662
13274,38.310394
13275,41.300774
13276,26.478558
13277,17.536676
13278,10.967598
13279,3.173743
13280,-11.819808
13281,-4.095385
13282,4.704401
13283,-6.067345
13284,-12.765327
13285,-17.588318
13286,-0.971725
13287,9.802134
13288,15.803637
13289,10.018106
13290,3.987972
13291,29.550781
13292,14.169767
13293,-1.173049
13294,-30.578152
13295,-42.632149
13296,-27.197073
13297,-14.501900
13298,-11.979247
13299,5.313252
13300,22.531897
13301,13.309094
13302,4.251508
13303,6.577302
13304,6.769910
13305,5.307856
13306,2.007638
13307,15.038797
13308,6.692131
13309,-11.139263
13310,-23.118937
13311,-13.878019
13312,16.934868
13313,12.979482
13314,-3.022878
13315,-0.754796
13316,1.097565
13317,-1.345733
13318,-4.809203
13319,-7.371732
13320,0.030805
13321,0.006564
13322,-0.013410
13323,-0.048613
13324,-0.080669
13325,-0.019826
13326,0.022446
13327,0.069238
13328,0.087321
13329,0.065917
13330,0.029107
13331,0.041474
13332,0.011724
13333,-0.059456
13334,-0.048379
13335,-0.066012
13336,-0.051359
13337,-0.015598
13338,-0.018378
13339,-0.004120
13340,0.030797
13341,0.020212
13342,0.033686
13343,0.045741
13344,0.000488
13345,0.007704
13346,-0.008958
13347,-0.006096
13348,0.037750
13349,-0.019126
13350,-0.020869
13351,-0.003578
13352,-0.009348
13353,-0.030587
13354,-0.028315
13355,-0.013553
13356,-0.013211
13357,-0.049914
13358,-0.032659
13359,-0.015941
13360,-0.005829
13361,0.026900
13362,0.060626
13363,0.097733
13364,0.045465
13365,0.020546
13366,0.002269
13367,-0.004960
13368,0.028504
13369,0.000008
13370,-0.015515
13371,-0.047775
13372,-0.061377
13373,-0.046790
13374,-0.081021
13375,-0.044744
13376,0.025972
13377,0.050533
13378,0.031844
13379,0.001473
13380,0.032701
13381,0.008261
13382,0.022166
13383,0.014777
13384,0.043612
13385,0.044754
13386,0.027868
13387,-0.042036
13388,-0.043398
13389,-0.051078
13390,-0.067540
13391,-0.046992
13392,-0.051055
13393,0.011978
13394,0.054235
13395,0.055055
13396,0.058289
13397,0.017425
13398,-0.021067
13399,-0.001347
13400,0.000194
13401,-0.016955
13402,-0.011045
13403,-0.046295
13404,-0.032722
13405,0.028502
13406,0.022037
13407,-0.017213
13408,-0.059726
13409,-0.035614
13410,0.007621
13411,0.037965
13412,0.083963
13413,0.071127
13414,0.034556
13415,0.026778
13416,-0.019105
13417,-0.044834
13418,0.009349
13419,-0.007581
13420,-0.069823
13421,-0.065534
13422,-0.039359
13423,-0.003498
13424,0.014742
13425,0.006277
13426,0.007028
13427,-0.028491
13428,0.007646
13429,0.068197
13430,0.086788
13431,0.041755
13432,0.008185
13433,-0.004591
13434,-0.080262
13435,-0.104555
13436,-0.075843
13437,-0.040284
13438,-0.018286
13439,0.048285
13440,0.060191
13441,0.022902
13442,-0.013900
13443,0.005674
13444,0.010144
13445,0.045358
13446,0.047648
13447,0.000431
13448,0.030830
13449,-0.015632
13450,-0.070813
13451,-0.105250
13452,-0.059209
13453,-0.032515
13454,0.013010
13455,0.070822
13456,0.092593
13457,0.063114
13458,0.060341
13459,0.101434
13460,-0.023861
13461,-0.051105
13462,-0.061457
13463,-0.006502
13464,0.050485
13465,-0.003281
13466,-0.023967
13467,-0.067755
13468,-0.107051
13469,-0.047331
13470,0.030605
13471,0.018431
13472,0.053081
13473,0.052127
13474,0.032189
13475,-0.045053
13476,-0.050489
13477,-0.052271
13478,-0.031927
13479,0.015810
13480,0.030655
13481,0.036995
13482,0.026695
13483,-0.003688
13484,0.025463
13485,-0.031406
13486,-0.055510
13487,0.027151
13488,-0.000853
13489,0.003023
13490,0.039893
13491,-0.000761
13492,-0.058872
13493,-0.049126
13494,0.010213
13495,0.041833
13496,0.007026
13497,0.029633
13498,-0.025621
13499,-0.040069
13500,-0.041209
13501,-0.017328
13502,0.051277
13503,0.064251
13504,0.022560
13505,-0.010806
13506,-0.020266
13507,0.029466
13508,0.038879
13509,-0.008600
13510,0.037285
13511,-0.016924
13512,-0.058501
13513,-0.080217
13514,-0.046370
13515,-0.049436
13516,-0.022702
13517,0.077567
13518,0.124331
13519,0.077384
13520,0.069477
13521,0.014713
13522,-0.067954
13523,-0.072860
13524,-0.063513
13525,-0.061658
13526,-0.034055
13527,-0.002858
13528,0.007975
13529,0.004558
13530,0.013079
13531,0.058710
13532,0.019247
13533,0.023865
13534,0.048246
13535,0.005507
13536,-0.094686
13537,-0.077624
13538,-0.069229
13539,-0.019293
13540,0.022152
13541,0.069389
13542,0.069988
13543,0.022081
13544,0.020801
13545,-0.001646
13546,-0.018477
13547,-0.037339
13548,-0.037368
13549,0.010041
13550,-0.034284
13551,-0.024257
13552,0.027106
13553,0.061434
13554,0.022442
13555,0.034822
13556,0.042147
13557,0.036524
13558,-0.017031
13559,-0.104071
13560,-0.084900
13561,-0.017527
13562,-0.003744
13563,0.008187
13564,0.037116
13565,0.006721
13566,0.026378
13567,0.076581
13568,0.053136
13569,0.046727
13570,-0.011749
13571,-0.081105
13572,-0.091674
13573,-0.070715
13574,-0.039252
13575,-0.028537
13576,-0.020292
13577,-0.005638
13578,0.023244
13579,0.055816
13580,0.086000
13581,0.056759
13582,-0.004613
13583,-0.006348
13584,-0.046277
13585,-0.021888
13586,-0.031362
13587,-0.044307
13588,-0.000225
13589,-0.018439
13590,-0.022268
13591,-0.004777
13592,0.027531
13593,0.054818
13594,0.043073
13595,0.031349
13596,0.049319
13597,0.000727
13598,0.029718
13599,-0.012499
13600,-0.020242
13601,-0.035453
13602,-0.013410
13603,-0.019487
13604,-0.053648
13605,-0.083477
13606,-0.018942
13607,0.034795
13608,0.044095
13609,0.066173
13610,0.022775
13611,-0.015886
13612,-0.025998
13613,-0.037073
13614,-0.072682
13615,-0.001143
13616,0.051799
13617,0.057012
13618,0.052013
13619,0.002049
13620,-0.038080
13621,-0.056470
13622,-0.035824
13623,0.000426
13624,0.001697
13625,0.018106
13626,-0.026639
13627,0.002212
13628,0.032440
13629,0.021022
13630,0.006276
13631,-0.008862
13632,0.023012
13633,0.006801
13634,0.033716
13635,0.038066
13636,0.049567
13637,-0.000245
13638,-0.020713
13639,0.001026
13640,-0.042878
13641,-0.074699
13642,-0.097375
13643,-0.040797
13644,-0.009932
13645,-0.004686
13646,0.029479
13647,0.065916
13648,0.081765
13649,0.082278
13650,0.013180
13651,-0.055586
13652,-0.028908
13653,-0.081331
13654,-0.094103
13655,-0.010752
13656,0.013345
13657,0.048888
13658,0.109680
13659,0.056859
13660,-0.018558
13661,-0.063986
13662,-0.114706
13663,-0.080888
13664,-0.004893
13665,0.022262
13666,0.091691
13667,0.126406
13668,0.090599
13669,0.070752
13670,0.000631
13671,-0.041766
13672,-0.048601
13673,-0.072195
13674,-0.026685
13675,-0.047255
13676,-0.073318
13677,-0.006126
13678,0.025462
13679,0.028669
13680,0.048580
13681,0.053435
13682,0.013162
13683,0.019042
13684,0.003654
13685,-0.001687
13686,-0.044001
13687,-0.054215
13688,-0.048267
13689,-0.047397
13690,0.003787
13691,0.023072
13692,0.028835
13693,0.041702
13694,0.038087
13695,0.008037
13696,-0.004833
13697,-0.038182
13698,-0.014371
13699,0.017063
13700,0.000169
13701,-0.004998
13702,-0.034704
13703,0.017241
13704,0.058103
13705,-0.007177
13706,-0.027456
13707,-0.020786
13708,-0.052311
13709,-0.002218
13710,-0.002350
13711,0.033403
13712,0.031693
13713,0.027354
13714,0.006114
13715,-0.027794
13716,-0.039404
13717,-0.019853
13718,-0.004512
13719,-0.019136
13720,-0.025665
13721,-0.015011
13722,0.026407
13723,0.068465
13724,0.086212
13725,0.098134
13726,0.112554
13727,0.091587
13728,-0.071507
13729,-0.154644
13730,-0.162463
13731,-0.083929
13732,0.022846
13733,0.034408
13734,0.061521
13735,0.047197
13736,-0.050656
13737,-0.026169
13738,-0.013815
13739,-0.035656
13740,-0.033203
13741,-0.049472
13742,-0.028378
13743,0.038869
13744,0.049881
13745,0.057837
13746,0.018740
13747,0.005605
13748,0.017174
13749,-0.037420
13750,-0.006630
13751,-0.020303
13752,-0.004411
13753,0.023394
13754,0.045623
13755,0.080314
13756,0.019862
13757,-0.041189
13758,-0.013729
13759,0.020680
13760,-0.036640
13761,-0.036531
13762,-0.001719
13763,0.026082
13764,0.005261
13765,-0.018061
13766,-0.048384
13767,-0.036424
13768,-0.028561
13769,0.025540
13770,-0.032954
13771,-0.018491
13772,0.003371
13773,-0.050191
13774,-0.048329
13775,-0.058653
13776,0.017216
13777,0.058876
13778,0.036120
13779,0.012069
13780,-0.039268
13781,-0.054426
13782,-0.056436
13783,0.020740
13784,0.100040
13785,0.114673
13786,0.104407
13787,0.087079
13788,0.042481
13789,-0.038112
13790,-0.070505
13791,-0.098537
13792,-0.082532
13793,0.010452
13794,0.009505
13795,-0.010411
13796,-0.003084
13797,0.022159
13798,0.011267
13799,-0.049856
13800,-0.068995
13801,-0.008291
13802,-0.015673
13803,-0.024028
13804,0.030057
13805,0.070249
13806,0.036880
13807,0.043666
13808,0.046961
13809,-0.010927
13810,-0.041036
13811,-0.086085
13812,-0.064776
13813,-0.010671
13814,0.029661
13815,0.027579
13816,0.016144
13817,-0.035006
13818,-0.075817
13819,-0.050986
13820,-0.049177
13821,0.023895
13822,0.057974
13823,0.035254
13824,0.003682
13825,0.033016
13826,0.038077
13827,0.047963
13828,0.009409
13829,-0.005948
13830,0.048477
13831,0.046852
13832,0.045617
13833,0.005265
13834,-0.033981
13835,-0.065700
13836,-0.077282
13837,-0.036133
13838,0.027615
13839,0.045486
13840,0.017751
13841,-0.011856
13842,-0.069274
13843,-0.059183
13844,0.004652
13845,0.042560
13846,0.031751
13847,-0.006787
13848,-0.031958
13849,0.041096
13850,0.045844
13851,-0.013184
13852,0.008115
13853,0.003139
13854,-0.030202
13855,-0.019178
13856,0.003826
13857,-0.043094
13858,-0.016290
13859,-0.014572
13860,-0.017238
13861,-0.002970
13862,0.005498
13863,0.023110
13864,0.029691
13865,0.028708
13866,0.009720
13867,0.008835
13868,-0.010718
13869,-0.033321
13870,-0.004514
13871,0.025899
13872,-0.006403
13873,-0.000469
13874,0.040647
13875,0.036479
13876,0.018697
13877,-0.006702
13878,-0.034285
13879,-0.061259
13880,-0.019714
13881,-0.002007
13882,-0.031640
13883,0.018327
13884,0.039736
13885,0.033331
13886,0.039827
13887,0.015766
13888,-0.021061
13889,-0.002715
13890,0.006613
13891,-0.001869
13892,0.012665
13893,0.006483
13894,0.000932
13895,-0.004761
13896,-0.037335
13897,-0.043747
13898,-0.005324
13899,-0.018680
13900,0.024175
13901,0.034667
13902,-0.089556
13903,-0.070645
13904,-0.067892
13905,-0.050777
13906,0.005511
13907,-0.002754
13908,0.027359
13909,0.068165
13910,0.039571
13911,0.080983
13912,0.082669
13913,0.027619
13914,0.052052
13915,0.059108
13916,-0.019880
13917,-0.029406
13918,-0.080444
13919,-0.092419
13920,-0.051279
13921,-0.028984
13922,0.031022
13923,0.059622
13924,0.043829
13925,0.009918
13926,-0.036342
13927,-0.033906
13928,-0.003661
13929,-0.007222
13930,0.017462
13931,0.047702
13932,-0.019730
13933,-0.023144
13934,-0.004395
13935,0.020154
13936,0.035052
13937,-0.026888
13938,-0.065474
13939,-0.043227
13940,0.001165
13941,0.009243
13942,0.024746
13943,0.052540
13944,0.012135
13945,0.017932
13946,-0.013159
13947,-0.045978
13948,-0.028590
13949,-0.028471
13950,0.006965
13951,-0.002288
13952,0.018865
13953,0.018460
13954,-0.021700
13955,-0.004101
13956,-0.008895
13957,-0.032628
13958,-0.007395
13959,-0.006231
13960,0.006301
13961,0.012742
13962,0.016161
13963,-0.007971
13964,-0.025984
13965,-0.016974
13966,0.032155
13967,0.057464
13968,0.062736
13969,93.111855
13970,1083.351196
13971,502.694641
13972,13.657921
13973,230.931335
13974,17.385281
13975,25.281288
13976,18.795601
13977,-7.257379
13978,-2.960185
13979,3.627773
13980,-13.013914
13981,-37.545395
13982,-44.329758
13983,-10.372450
13984,17.974129
13985,36.302937
13986,30.099257
13987,-2.193787
13988,-17.432806
13989,-8.991584
13990,-10.348987
13991,-21.624542
13992,-0.637579
13993,24.642572
13994,32.431229
13995,26.247108
13996,-3.927347
13997,-17.806950
13998,-19.844044
13999,-32.349026
14000,-6.316808
14001,20.614464
14002,23.163296
14003,14.860793
14004,-10.860489
14005,-28.231771
14006,-34.895721
14007,-16.610338
14008,33.277702
14009,55.465340
14010,41.139698
14011,20.072460
14012,-10.452883
14013,-30.030008
14014,-34.461781
14015,-26.119335
14016,-10.768426
14017,-9.988809
14018,-20.620369
14019,5.021815
14020,34.781342
14021,33.849346
14022,14.164444
14023,-9.490551
14024,0.077475
14025,0.006883
14026,-0.074576
14027,-0.057738
14028,-0.027596
14029,-0.021299
14030,-0.025990
14031,-0.027444
14032,-0.044723
14033,-0.059918
14034,-0.023738
14035,0.017741
14036,0.067642
14037,0.083594
14038,0.016787
14039,-0.037290
14040,-0.005771
14041,0.009702
14042,-0.009296
14043,-0.042932
14044,-0.025286
14045,-0.041677
14046,-0.054766
14047,-0.014068
14048,0.038410
14049,0.041274
14050,0.065492
14051,0.056907
14052,0.052669
14053,0.037044
14054,0.005437
14055,0.006330
14056,-0.039727
14057,-0.024965
14058,0.009999
14059,0.032768
14060,-0.048133
14061,-0.064509
14062,-0.047199
14063,-0.038664
14064,-0.008491
14065,0.047585
14066,0.053493
14067,0.019013
14068,-0.013033
14069,-0.027506
14070,-0.057595
14071,-0.065496
14072,-0.009868
14073,0.022650
14074,0.013742
14075,0.060261
14076,0.064594
14077,0.057640
14078,0.084046
14079,0.050606
14080,-0.011166
14081,-0.009567
14082,-0.028623
14083,-0.075662
14084,-0.107356
14085,-0.067828
14086,-0.030028
14087,0.071952
14088,0.055408
14089,0.060162
14090,0.026145
14091,-0.019148
14092,0.016820
14093,0.034294
14094,0.056778
14095,0.027577
14096,0.004294
14097,-0.036453
14098,-0.052193
14099,-0.065809
14100,-0.093629
14101,-0.085074
14102,-0.026692
14103,0.002597
14104,-0.006830
14105,0.040153
14106,0.041831
14107,0.006860
14108,0.013529
14109,0.069288
14110,0.063854
14111,0.040852
14112,0.032574
14113,0.013521
14114,0.007363
14115,-0.018219
14116,-0.031399
14117,-0.026988
14118,-0.064373
14119,-0.033840
14120,-0.002157
14121,-0.004980
14122,0.014574
14123,0.039864
14124,0.055529
14125,0.093208
14126,-0.012613
14127,-0.049817
14128,-0.034877
14129,-0.036478
14130,-0.037528
14131,0.011768
14132,-0.005379
14133,-0.003556
14134,0.018294
14135,0.000144
14136,-0.012452
14137,-0.035650
14138,0.005164
14139,-0.018673
14140,0.015205
14141,0.005062
14142,0.005560
14143,0.041063
14144,0.056486
14145,0.053456
14146,0.021937
14147,-0.035669
14148,-0.025724
14149,-0.006690
14150,-0.044785
14151,-0.023325
14152,-0.041024
14153,-0.059510
14154,-0.027491
14155,-0.010660
14156,0.090943
14157,0.096531
14158,0.057192
14159,0.009079
14160,0.032858
14161,0.014462
14162,-0.061180
14163,-0.051114
14164,-0.003652
14165,-0.009227
14166,0.030907
14167,0.054476
14168,0.031080
14169,0.009471
14170,-0.043165
14171,-0.050964
14172,-0.029472
14173,-0.022360
14174,-0.034562
14175,-0.044298
14176,-0.020801
14177,-0.050496
14178,-0.014410
14179,0.025759
14180,0.015497
14181,0.073457
14182,0.112956
14183,0.011383
14184,0.028348
14185,0.051073
14186,-0.007084
14187,-0.036332
14188,-0.027362
14189,-0.010135
14190,-0.041586
14191,-0.043524
14192,-0.076197
14193,-0.038330
14194,0.002403
14195,-0.005073
14196,0.072192
14197,0.059586
14198,0.054695
14199,0.094554
14200,0.052568
14201,-0.034515
14202,-0.063798
14203,-0.069686
14204,-0.049867
14205,-0.019749
14206,-0.013085
14207,-0.018480
14208,-0.051712
14209,-0.129626
14210,-0.032022
14211,0.014637
14212,0.072687
14213,0.087569
14214,0.083678
14215,0.060318
14216,-0.012764
14217,-0.024951
14218,-0.010575
14219,-0.006135
14220,0.000276
14221,-0.001636
14222,0.009835
14223,0.031899
14224,0.039011
14225,-0.011925
14226,-0.015703
14227,-0.025170
14228,-0.020175
14229,0.056642
14230,0.018770
14231,-0.063009
14232,-0.018252
14233,0.035402
14234,0.028691
14235,0.038242
14236,-0.016946
14237,-0.042011
14238,-0.032646
14239,-0.024031
14240,-0.026980
14241,0.001571
14242,-0.024826
14243,-0.045777
14244,-0.012586
14245,-0.014657
14246,-0.003025
14247,0.025593
14248,0.037565
14249,0.079735
14250,0.096440
14251,0.064841
14252,-0.009129
14253,-0.073534
14254,-0.105764
14255,-0.104923
14256,-0.069233
14257,-0.035658
14258,0.008678
14259,-0.012310
14260,0.031702
14261,0.034312
14262,0.075674
14263,0.036793
14264,0.034645
14265,0.070759
14266,0.038733
14267,-0.019889
14268,-0.035290
14269,-0.033737
14270,-0.025425
14271,-0.046963
14272,-0.022402
14273,0.005186
14274,0.017880
14275,0.048857
14276,0.064240
14277,0.071860
14278,0.002225
14279,-0.024140
14280,-0.014858
14281,-0.071163
14282,-0.075015
14283,-0.046983
14284,-0.019926
14285,0.036486
14286,0.054836
14287,0.078744
14288,0.075737
14289,-0.014311
14290,-0.056965
14291,-0.058364
14292,-0.047685
14293,-0.010746
14294,-0.012266
14295,-0.030820
14296,-0.018686
14297,-0.029398
14298,-0.080976
14299,-0.036689
14300,0.029444
14301,0.058813
14302,0.059393
14303,0.068930
14304,0.109897
14305,0.086031
14306,0.071889
14307,-0.021888
14308,-0.061631
14309,-0.069517
14310,-0.061516
14311,-0.061593
14312,-0.027051
14313,-0.020757
14314,0.025789
14315,0.065448
14316,0.022291
14317,-0.043660
14318,-0.067357
14319,0.004889
14320,0.067011
14321,0.053514
14322,0.085427
14323,0.048386
14324,-0.023407
14325,-0.066799
14326,-0.099005
14327,-0.072455
14328,-0.035051
14329,-0.025188
14330,0.011301
14331,0.067661
14332,0.075599
14333,0.002901
14334,0.016467
14335,0.013876
14336,-0.026709
14337,0.021088
14338,-0.037403
14339,-0.041698
14340,-0.040504
14341,-0.022391
14342,-0.032987
14343,-0.034569
14344,-0.026578
14345,-0.027199
14346,0.019900
14347,0.080220
14348,0.079974
14349,0.060757
14350,0.047438
14351,0.033228
14352,-0.048286
14353,-0.102049
14354,-0.108546
14355,-0.035440
14356,0.056177
14357,0.086725
14358,0.076004
14359,0.055313
14360,0.014282
14361,0.039330
14362,-0.024492
14363,-0.061528
14364,-0.045102
14365,-0.014711
14366,0.022369
14367,0.022853
14368,-0.023208
14369,-0.036146
14370,-0.076932
14371,-0.044326
14372,0.001080
14373,0.020214
14374,0.104708
14375,0.137603
14376,0.124014
14377,0.042940
14378,-0.005382
14379,-0.056459
14380,-0.092395
14381,-0.126916
14382,-0.112086
14383,-0.081360
14384,0.024785
14385,0.099652
14386,0.106159
14387,0.051066
14388,0.022811
14389,0.026626
14390,-0.017009
14391,-0.034570
14392,-0.037620
14393,-0.098408
14394,-0.073117
14395,-0.022656
14396,-0.021992
14397,-0.041040
14398,-0.000096
14399,0.014799
14400,0.063181
14401,0.082462
14402,0.061655
14403,0.051747
14404,0.042417
14405,-0.000282
14406,-0.031775
14407,-0.050017
14408,-0.014747
14409,0.016854
14410,0.014336
14411,0.024302
14412,0.046474
14413,-0.007123
14414,-0.029451
14415,-0.038445
14416,-0.083496
14417,-0.053114
14418,-0.014853
14419,-0.010571
14420,0.018865
14421,0.025405
14422,0.012377
14423,0.002879
14424,-0.038613
14425,0.032063
14426,0.070573
14427,0.043939
14428,0.037132
14429,0.011277
14430,-0.015101
14431,-0.086659
14432,-0.030393
14433,0.052580
14434,0.053383
14435,0.063811
14436,0.060499
14437,0.040212
14438,-0.010198
14439,-0.049300
14440,-0.068182
14441,-0.094573
14442,-0.053514
14443,-0.068943
14444,-0.052336
14445,-0.045365
14446,-0.005712
14447,0.022520
14448,0.107296
14449,0.135030
14450,0.072732
14451,0.077611
14452,0.027945
14453,0.010894
14454,-0.033492
14455,-0.073491
14456,-0.090304
14457,-0.084269
14458,-0.035019
14459,-0.005709
14460,0.043827
14461,0.111305
14462,0.100796
14463,0.062868
14464,-0.017885
14465,-0.089152
14466,-0.111086
14467,-0.108700
14468,-0.070676
14469,-0.018693
14470,0.037127
14471,0.065435
14472,0.037054
14473,0.038194
14474,0.015682
14475,0.018615
14476,-0.023062
14477,-0.010973
14478,-0.038354
14479,-0.035374
14480,-0.017022
14481,0.051692
14482,0.043953
14483,0.036462
14484,0.008405
14485,-0.017999
14486,-0.020659
14487,-0.047985
14488,0.013616
14489,-0.002056
14490,-0.002529
14491,0.051235
14492,0.007386
14493,-0.032571
14494,-0.074546
14495,-0.048429
14496,0.023378
14497,0.053198
14498,0.042975
14499,0.048757
14500,0.042438
14501,-0.026280
14502,-0.037297
14503,-0.018144
14504,-0.014243
14505,0.020682
14506,-0.002472
14507,0.028782
14508,0.015154
14509,0.012359
14510,0.031374
14511,0.007258
14512,0.012922
14513,-0.011858
14514,-0.040980
14515,-0.029168
14516,-0.032797
14517,-0.020985
14518,0.013773
14519,0.016853
14520,0.009688
14521,-0.003198
14522,-0.027868
14523,-0.015416
14524,0.024847
14525,0.017192
14526,-0.004906
14527,-0.015143
14528,0.014814
14529,0.044894
14530,0.019893
14531,-0.013174
14532,-0.038586
14533,-0.028757
14534,-0.015286
14535,0.015196
14536,0.021158
14537,0.023407
14538,-0.057618
14539,-0.046155
14540,-0.038795
14541,-0.026076
14542,0.009617
14543,0.010769
14544,-0.002140
14545,0.022555
14546,0.047765
14547,0.034434
14548,0.043161
14549,0.049669
14550,0.005554
14551,-0.034528
14552,-0.024272
14553,-0.009533
14554,0.010342
14555,-0.027410
14556,-0.032351
14557,-0.051173
14558,-0.009311
14559,-0.031856
14560,-0.022828
14561,0.066961
14562,0.063589
14563,0.038769
14564,0.057444
14565,0.003942
14566,-0.010152
14567,0.014846
14568,-0.037106
14569,-0.045307
14570,-0.042566
14571,-0.067038
14572,-0.023381
14573,-0.040658
14574,0.022838
14575,0.093527
14576,0.060892
14577,0.014389
14578,-0.027172
14579,-0.023612
14580,0.019219
14581,0.036784
14582,0.020930
14583,0.010325
14584,0.001124
14585,-0.001044
14586,-0.031691
14587,-0.056436
14588,-0.044612
14589,-0.008829
14590,0.049492
14591,0.065745
14592,0.041135
14593,0.009271
14594,0.016327
14595,0.065021
14596,0.037543
14597,0.002206
14598,-0.011490
14599,-0.058013
14600,-0.101519
14601,-0.101837
14602,-0.075978
14603,-0.011703
14604,0.023257
14605,0.055305
14606,0.057144
14607,0.042455
14608,0.048956
14609,0.023717
14610,-0.009428
14611,0.030053
14612,0.046925
14613,0.000576
14614,-0.065690
14615,-0.075331
14616,-0.077772
14617,-0.046422
14618,-0.016115
14619,-0.009169
14620,0.024715
14621,0.058966
14622,0.059196
14623,0.019042
14624,0.011081
14625,0.028929
14626,0.026916
14627,-0.014590
14628,-0.073818
14629,-0.062618
14630,-0.076004
14631,0.000345
14632,0.031025
14633,-0.000481
14634,0.066866
14635,0.036823
14636,-0.019048
14637,-0.027742
14638,0.028837
14639,0.028420
14640,0.025986
14641,0.033721
14642,0.003092
14643,-0.008739
14644,-0.022877
14645,0.053796
14646,0.047878
14647,-0.023506
14648,-0.077583
14649,-0.082202
14650,-0.010737
14651,0.020301
14652,0.054078
14653,0.011012
14654,-0.010564
14655,-0.054266
14656,-0.062810
14657,-0.000461
14658,0.027592
14659,0.030746
14660,0.036616
14661,-0.029477
14662,-0.043771
14663,-0.020318
14664,0.018754
14665,0.067244
14666,0.067989
14667,0.034451
14668,0.015994
14669,-0.013951
14670,-0.045498
14671,-0.028741
14672,-0.029441
14673,-0.050617
14674,-0.034523
14675,0.028494
14676,0.079495
14677,0.021042
14678,-0.021348
14679,-0.044265
14680,-0.070552
14681,-0.010214
14682,0.057543
14683,0.025622
14684,0.018425
14685,0.042556
14686,0.036862
14687,0.004447
14688,0.020317
14689,-0.006209
14690,-0.021405
14691,-0.028555
14692,0.004853
14693,-0.027717
14694,-0.001867
14695,-0.004924
14696,-0.037821
14697,-0.032277
14698,-0.027145
14699,-0.002612
14700,0.040304
14701,0.050891
14702,0.057259
14703,0.006736
14704,-0.028137
14705,-0.025244
14706,-0.056580
14707,-0.030344
14708,-0.001542
14709,0.025926
14710,0.009263
14711,0.035906
14712,0.037222
14713,0.009766
14714,0.029621
14715,0.006234
14716,-0.019669
14717,-0.021432
14718,-0.004571
14719,0.006550
14720,-0.005624
14721,-0.020212
14722,0.016205
14723,-0.050752
14724,-0.080218
14725,-0.007730
14726,0.017047
14727,0.041967
14728,0.070049
14729,0.037765
14730,-0.017064
14731,-0.051122
14732,-0.031750
14733,0.003324
14734,0.018270
14735,0.050633
14736,0.034194
14737,0.008681
14738,-0.042415
14739,-0.027716
14740,0.004052
14741,-0.033388
14742,-0.036340
14743,-0.007611
14744,-0.034651
14745,-0.038798
14746,-0.029403
14747,0.080834
14748,0.135299
14749,0.038588
14750,-0.024092
14751,-0.001709
14752,-0.010555
14753,-0.025764
14754,-0.046120
14755,-0.051233
14756,-0.015646
14757,-0.021947
14758,-0.013528
14759,0.076092
14760,0.089742
14761,0.033251
14762,0.011147
14763,0.018590
14764,-0.002946
14765,-0.006839
14766,-0.031432
14767,-0.026354
14768,-0.016231
14769,-0.028296
14770,-0.003039
14771,-0.019409
14772,-0.005991
14773,-0.002096
14774,0.011500
14775,-0.096265
14776,-0.097415
14777,-0.026740
14778,0.057936
14779,0.128410
14780,0.103277
14781,0.071810
14782,0.067962
14783,-0.023384
14784,-0.064852
14785,-0.009327
14786,-0.028960
14787,-0.026359
14788,-0.021156
14789,-0.021684
14790,0.000396
14791,0.019918
14792,0.016494
14793,-0.020069
14794,-0.039702
14795,-0.019277
14796,-0.026611
14797,0.021657
14798,0.038989
14799,0.044787
14800,0.061834
14801,0.019729
14802,-0.029693
14803,-0.016913
14804,-0.036481
14805,-0.066701
14806,-0.056620
14807,-0.045735
14808,-0.061459
14809,-0.016811
14810,0.022724
14811,0.035220
14812,0.041965
14813,0.079880
14814,0.087762
14815,0.075990
14816,0.019558
14817,-0.027248
14818,-0.063570
14819,-0.036728
14820,0.010905
14821,0.016051
14822,-0.027718
14823,-0.105060
14824,-0.077447
14825,-0.019599
14826,-0.002302
14827,0.032834
14828,0.024602
14829,0.031393
14830,0.010860
14831,-0.023306
14832,0.037552
14833,0.057136
14834,0.043379
14835,0.039696
14836,0.058156
14837,-0.000810
14838,-0.048876
14839,-0.063826
14840,-0.049037
14841,-0.055175
14842,-0.014249
14843,0.034540
14844,0.039269
14845,0.057244
14846,0.045898
14847,-0.014412
14848,-0.020491
14849,-0.020862
14850,-0.013898
14851,-0.038994
14852,-0.032679
14853,-0.034557
14854,-0.021790
14855,-0.036466
14856,0.009817
14857,0.045202
14858,0.044669
14859,0.030090
14860,0.000768
14861,-0.008342
14862,0.045152
14863,0.034048
14864,0.002992
14865,-0.003246
14866,0.008484
14867,-0.022095
14868,-0.031479
14869,-0.019348
14870,-0.009905
14871,-0.013961
14872,0.017279
14873,0.045062
14874,0.021495
14875,-0.017653
14876,-0.008194
14877,0.006033
14878,-0.037250
14879,0.007611
14880,-0.012355
14881,-0.050490
14882,-0.034108
14883,0.002221
14884,0.052952
14885,0.096698
14886,0.044187
14887,-0.043828
14888,-0.069059
14889,-0.045326
14890,-0.040727
14891,0.017868
14892,0.074384
14893,0.042072
14894,0.000749
14895,-0.028446
14896,-0.040320
14897,0.018513
14898,0.019055
14899,0.034249
14900,-0.001542
14901,0.005604
14902,0.009396
14903,-0.032850
14904,-0.034709
14905,-0.042516
14906,-0.053726
14907,-0.027759
14908,0.037306
14909,0.022699
14910,0.059861
14911,0.037306
14912,-0.012708
14913,-0.059145
14914,-0.023444
14915,-0.025456
14916,-0.020027
14917,0.010050
14918,0.031031
14919,0.070684
14920,0.037712
14921,-0.004049
14922,0.007437
14923,-0.009574
14924,-0.042608
14925,-0.017835
14926,0.004168
14927,0.020037
14928,0.041013
14929,0.077335
14930,0.048287
14931,-0.009965
14932,-0.021937
14933,-0.049986
14934,-0.040189
14935,-0.024101
14936,-0.006319
14937,0.039359
14938,-0.057688
14939,-0.075046
14940,-0.040085
14941,-0.055878
14942,-0.046077
14943,0.022874
14944,0.052757
14945,0.039582
14946,0.090375
14947,0.081279
14948,-0.003973
14949,-0.004514
14950,-0.036313
14951,0.011004
14952,0.014999
14953,-0.028905
14954,-0.011800
14955,-0.025501
14956,0.071336
14957,0.101796
14958,0.053661
14959,0.005439
14960,-0.069986
14961,-0.072537
14962,-0.019087
14963,-0.069663
14964,-0.086317
14965,0.003621
14966,0.015811
14967,-0.016754
14968,-0.011554
14969,-0.003611
14970,0.044850
14971,0.033522
14972,0.060701
14973,0.070070
14974,-0.003772
14975,0.001090
14976,-0.007411
14977,-0.018818
14978,0.037098
14979,-0.032975
14980,-0.067081
14981,-0.082918
14982,-0.058743
14983,0.001860
14984,-0.017879
14985,-0.002614
14986,0.021887
14987,0.074809
14988,0.046195
14989,0.046573
14990,-0.007290
14991,-0.009916
14992,0.028905
14993,0.014013
14994,-0.014078
14995,-0.044925
14996,-0.063778
14997,-0.023025
14998,0.010802
14999,0.011101
15000,0.029653
15001,0.016167
15002,0.020713
15003,0.020858
15004,-0.010061
15005,0.000146
15006,-0.006034
15007,0.009976
15008,-0.014681
15009,0.006184
15010,0.016021
15011,-0.010510
15012,-0.040164
15013,-0.043813
15014,-0.036955
15015,0.027815
15016,0.050878
15017,0.014295
15018,0.011613
15019,-0.019062
15020,0.033404
15021,0.020832
15022,-0.038293
15023,0.014376
15024,-0.030947
15025,0.013689
15026,0.043185
15027,0.021552
15028,0.040316
15029,0.003154
15030,-0.061024
15031,-0.057790
15032,-0.060941
15033,-0.015210
15034,0.040102
15035,-0.000356
15036,0.039396
15037,0.045438
15038,0.023678
15039,-0.022657
15040,-0.021577
15041,-0.020701
15042,-0.013319
15043,0.059703
15044,0.057951
15045,0.008773
15046,-0.050167
15047,-0.078113
15048,-0.052184
15049,-0.060646
15050,-0.023148
15051,0.010042
15052,-0.003595
15053,0.000167
15054,0.002429
15055,0.037862
15056,0.078883
15057,0.087478
15058,0.079222
15059,0.069713
15060,0.047567
15061,0.030663
15062,-0.049949
15063,-0.089475
15064,-0.145066
15065,-0.156941
15066,-0.078398
15067,-0.025605
15068,0.052477
15069,0.081516
15070,0.048494
15071,0.060513
15072,0.048176
15073,0.033379
15074,0.019263
15075,-0.038963
15076,-0.099031
15077,-0.055012
15078,-0.034611
15079,0.001273
15080,0.036104
15081,0.020600
15082,-0.021219
15083,-0.000101
15084,-0.013676
15085,0.006855
15086,0.030597
15087,0.036445
15088,0.007220
15089,0.018819
15090,0.016605
15091,0.043370
15092,-0.025532
15093,-0.030455
15094,0.000399
15095,-0.044049
15096,-0.040110
15097,-0.036605
15098,-0.006399
15099,-0.012424
15100,-0.001588
15101,-0.000061
15102,0.030422
15103,-0.008205
15104,-0.011302
15105,-0.037342
15106,0.006658
15107,0.064697
15108,0.066234
15109,0.032669
15110,-0.037809
15111,-0.050138
15112,-0.059107
15113,-0.016612
15114,0.033128
15115,0.025229
15116,0.020221
15117,0.034599
15118,0.059305
15119,0.060046
15120,0.072301
15121,0.038340
15122,-0.061030
15123,-0.088645
15124,-0.125975
15125,-0.087731
15126,-0.008860
15127,0.041294
15128,0.074529
15129,0.099867
15130,0.007681
15131,-0.052521
15132,-0.035023
15133,-0.060467
15134,-0.020161
15135,0.021482
15136,0.027620
15137,0.032463
15138,-0.010774
15139,-0.054269
15140,-0.035991
15141,-0.019560
15142,-0.025327
15143,0.005075
15144,0.016047
15145,0.030588
15146,0.036833
15147,0.017029
15148,0.049100
15149,0.018665
15150,-0.040178
15151,-0.036747
15152,-0.037091
15153,0.000746
15154,0.010601
15155,0.022048
15156,-0.006133
15157,-0.054664
15158,-0.032224
15159,-0.001695
15160,0.079196
15161,0.045299
15162,0.010427
15163,0.018612
15164,0.004850
15165,0.014852
15166,-0.030649
15167,-0.073646
15168,-0.028679
15169,0.012561
15170,0.017737
15171,0.037978
15172,-0.007338
15173,0.006316
15174,-0.025508
15175,-0.000597
15176,0.006225
15177,-0.056372
15178,-0.024369
15179,-0.020846
15180,-0.047874
15181,-0.001380
15182,0.039855
15183,0.089308
15184,0.064677
15185,0.020287
15186,-0.051572
15187,-0.118768
15188,-0.088631
15189,-0.027935
15190,-0.002712
15191,0.051349
15192,0.054765
15193,0.086148
15194,0.046927
15195,0.055282
15196,0.004192
15197,-0.022166
15198,-0.016618
15199,-0.023090
15200,-0.059891
15201,-0.046532
15202,-0.020311
15203,0.011972
15204,0.012935
15205,0.009982
15206,-0.035699
15207,-0.056085
15208,-0.001508
15209,0.056997
15210,0.008186
15211,-0.031172
15212,0.019225
15213,0.006647
15214,0.000777
15215,-0.008228
15216,0.022085
15217,0.062948
15218,0.078588
15219,0.032092
15220,-0.023546
15221,-0.052205
15222,-0.028935
15223,-0.037693
15224,-0.042007
15225,0.014166
15226,0.029078
15227,0.029328
15228,-0.008573
15229,-0.033411
15230,-0.013565
15231,-0.037744
15232,-0.028671
15233,0.012915
15234,0.001337
15235,-0.011993
15236,0.036499
15237,0.070355
15238,0.064785
15239,0.011223
15240,-0.036799
15241,-0.082690
15242,-0.106082
15243,-0.064054
15244,-0.013063
15245,0.022165
15246,0.059634
15247,0.048724
15248,0.059809
15249,0.016899
15250,-0.034433
15251,-0.021781
15252,-0.001618
15253,0.049274
15254,0.059797
15255,0.027971
15256,0.037165
15257,-0.000599
15258,-0.072797
15259,-0.071823
15260,-0.053270
15261,-0.022588
15262,0.022163
15263,0.060138
15264,0.012453
15265,0.023859
15266,0.024725
15267,0.001522
15268,0.014350
15269,0.004795
15270,-0.049452
15271,-0.090329
15272,-0.024248
15273,0.011758
15274,0.015622
15275,-0.026754
15276,-0.075295
15277,-0.022323
15278,0.051062
15279,0.009081
15280,0.024297
15281,0.036276
15282,-0.028669
15283,0.021390
15284,-0.010457
15285,0.014075
15286,0.053263
15287,-0.005268
15288,0.042797
15289,0.064420
15290,-0.026500
15291,-0.088161
15292,-0.114142
15293,-0.101741
15294,0.015498
15295,0.039015
15296,0.048858
15297,0.027181
15298,0.037064
15299,0.011477
15300,0.017259
15301,0.061052
15302,0.065335
15303,0.057448
15304,0.005502
15305,-0.012730
15306,-0.012435
15307,-0.094936
15308,-0.084797
15309,-0.004972
15310,-0.005899
15311,0.032214
15312,-0.005863
15313,-0.083164
15314,-0.071226
15315,-0.004120
15316,0.040795
15317,0.057970
15318,0.022314
15319,-0.019790
15320,-0.032118
15321,-0.022740
15322,0.026005
15323,0.032607
15324,0.012862
15325,-0.029060
15326,-0.018158
15327,-0.009176
15328,0.038108
15329,0.093952
15330,0.070198
15331,-0.004789
15332,0.013222
15333,-0.005265
15334,-0.059953
15335,-0.025269
15336,0.011890
15337,-0.042980
15338,-0.037596
15339,-0.041547
15340,-0.051336
15341,-0.028494
15342,-0.022401
15343,0.005508
15344,0.062397
15345,0.066654
15346,0.037337
15347,-0.003096
15348,-0.007195
15349,0.023789
15350,0.004096
15351,0.019611
15352,-0.004987
15353,-0.013151
15354,-0.040168
15355,-0.060687
15356,-0.012853
15357,-0.027428
15358,0.023725
15359,0.018437
15360,0.043819
15361,0.094919
15362,0.055047
15363,0.007162
15364,-0.032647
15365,-0.051754
15366,-0.053612
15367,-0.083971
15368,-0.122638
15369,-0.055222
15370,0.020848
15371,0.055584
15372,0.059457
15373,0.064440
15374,0.048401
15375,0.004249
15376,0.001167
15377,0.025006
15378,0.028338
15379,-0.018278
15380,-0.026228
15381,-0.009226
15382,-0.019211
15383,0.015599
15384,0.047248
15385,0.035683
15386,0.035440
15387,-0.061912
15388,-0.105936
15389,-0.071676
15390,-0.071201
15391,-0.012576
15392,0.023410
15393,0.047476
15394,0.062132
15395,0.011199
15396,-0.017288
15397,-0.007601
15398,0.013867
15399,0.036913
15400,0.041488
15401,0.008138
15402,0.007423
15403,-0.004991
15404,-0.039230
15405,-0.027176
15406,-0.020616
15407,-0.036181
15408,0.016682
15409,0.032246
15410,-0.024106
15411,-0.006928
15412,0.040164
15413,0.082971
15414,0.048463
15415,-0.041616
15416,-0.077176
15417,-0.025635
15418,-0.019230
15419,-0.057061
15420,-0.028038
15421,0.010757
15422,0.019641
15423,0.041339
15424,0.145078
15425,0.174112
15426,0.100793
15427,0.074953
15428,0.015744
15429,-0.061738
15430,-0.048560
15431,-0.030266
15432,-0.022880
15433,-0.029480
15434,-0.047784
15435,-0.043404
15436,-0.052980
15437,-0.062498
15438,-0.029478
15439,0.036053
15440,0.030388
15441,0.029381
15442,-0.015851
15443,-0.012200
15444,0.018708
15445,0.015665
15446,0.000879
15447,0.023054
15448,0.040219
15449,-0.033205
15450,-0.087620
15451,-0.043920
15452,-0.036047
15453,-0.040560
15454,0.013682
15455,0.032457
15456,0.004497
15457,0.045220
15458,0.040815
15459,0.002765
15460,-0.012707
15461,0.003879
15462,0.047434
15463,0.007878
15464,-0.000752
15465,-0.042243
15466,-0.021521
15467,0.086455
15468,0.047912
15469,0.011511
15470,0.015249
15471,0.008072
15472,-0.060404
15473,-0.041071
15474,0.009804
15475,0.003279
15476,-0.036827
15477,-0.037572
15478,0.023871
15479,0.038310
15480,-0.009747
15481,0.054095
15482,0.026065
15483,-0.054259
15484,-0.079861
15485,-0.064031
15486,-0.045511
15487,-0.016206
15488,0.009109
15489,0.025718
15490,0.049326
15491,0.069767
15492,0.045094
15493,-0.008796
15494,-0.006198
15495,0.013736
15496,0.018112
15497,0.001648
15498,-0.027970
15499,-0.036404
15500,-0.038348
15501,-0.057838
15502,0.022776
15503,0.083810
15504,0.049004
15505,0.001624
15506,0.004788
15507,-0.029444
15508,-0.001715
15509,-0.045432
15510,-0.029108
15511,0.011245
15512,-0.001435
15513,-0.014785
15514,-0.004514
15515,0.007236
15516,-0.010349
15517,0.031683
15518,0.058480
15519,0.073659
15520,-0.013226
15521,-0.010120
15522,-0.022926
15523,-0.024375
15524,-0.037699
15525,-0.019450
15526,0.016074
15527,0.035017
15528,0.012156
15529,-0.014633
15530,-0.072403
15531,-0.057551
15532,-0.034023
15533,-0.052910
15534,-0.057463
15535,-0.033570
15536,0.016847
15537,0.033599
15538,0.075345
15539,0.095266
15540,0.057488
15541,0.016496
15542,-0.038271
15543,0.000227
15544,-0.006320
15545,-0.047604
15546,-0.030238
15547,-0.034795
15548,-0.017001
15549,0.054878
15550,0.085729
15551,0.092669
15552,0.053878
15553,0.008545
15554,-0.009205
15555,-0.035895
15556,-0.028577
15557,-0.029885
15558,-0.020796
15559,-0.032984
15560,-0.055367
15561,-0.024715
15562,-0.025469
15563,-0.039619
15564,-0.000484
15565,0.023101
15566,0.035902
15567,0.028226
15568,-0.001863
15569,0.034669
15570,0.032068
15571,-0.002384
15572,0.040458
15573,0.023735
15574,-0.012204
15575,0.024290
15576,0.036178
15577,0.009441
15578,-0.029398
15579,0.013749
15580,0.025807
15581,-0.046298
15582,0.031257
15583,0.022749
15584,-0.032995
15585,-0.000236
15586,-0.015908
15587,0.021369
15588,0.062922
15589,-0.013088
15590,-0.039665
15591,-0.070542
15592,-0.093019
15593,-0.031047
15594,0.013715
15595,0.025951
15596,0.065240
15597,0.098230
15598,0.069696
15599,0.047898
15600,0.028789
15601,0.012850
15602,-0.024928
15603,-0.060704
15604,-0.089436
15605,-0.045250
15606,-0.027122
15607,-0.013197
15608,0.002645
15609,0.011089
15610,-0.007574
15611,-0.034476
15612,-0.027365
15613,-0.004199
15614,0.049007
15615,0.019157
15616,0.010668
15617,0.020004
15618,-0.024383
15619,-0.046287
15620,-0.037655
15621,-0.003084
15622,0.090978
15623,0.059596
15624,0.050077
15625,0.052349
15626,-0.007388
15627,-0.066899
15628,-0.052180
15629,-0.053651
15630,-0.059349
15631,0.003033
15632,0.039397
15633,0.038923
15634,0.023203
15635,0.038180
15636,0.001154
15637,-0.000464
15638,-0.030757
15639,-0.009240
15640,0.004391
15641,-0.004860
15642,-0.020372
15643,0.007155
15644,0.019501
15645,-0.003838
15646,-0.007298
15647,0.002781
15648,-0.011996
15649,-0.054811
15650,-0.014151
15651,0.019792
15652,0.035206
15653,-0.006006
15654,-0.009719
15655,-0.001048
15656,0.017365
15657,0.027036
15658,0.001405
15659,0.008637
15660,-0.016923
15661,-0.088902
15662,-0.066359
15663,-0.046043
15664,-0.017929
15665,0.064909
15666,0.056828
15667,0.073432
15668,0.059187
15669,0.042580
15670,0.006768
15671,-0.023695
15672,-0.034191
15673,0.012927
15674,-0.015995
15675,-0.097997
15676,-0.059749
15677,-0.016778
15678,0.035688
15679,0.089533
15680,0.082323
15681,0.043867
15682,0.003871
15683,0.033006
15684,-0.016103
15685,-0.055289
15686,-0.052429
15687,-0.102517
15688,-0.053627
15689,0.011667
15690,0.002030
15691,0.025783
15692,0.018244
15693,0.037919
15694,0.073036
15695,0.086650
15696,0.033518
15697,-0.003096
15698,-0.033170
15699,-0.043782
15700,-0.035793
15701,-0.100252
15702,-0.076799
15703,-0.020825
15704,0.004442
15705,0.000635
15706,0.044015
15707,0.010997
15708,-0.010988
15709,-0.011068
15710,0.011725
15711,0.061946
15712,0.041554
15713,0.010729
15714,0.001085
15715,-0.013836
15716,0.022098
15717,0.015537
15718,-0.003404
15719,0.013073
15720,0.005511
15721,-0.002641
15722,-0.023761
15723,-0.028390
15724,0.033414
15725,0.035253
15726,0.014922
15727,0.021882
15728,-0.039105
15729,-0.065556
15730,-0.047952
15731,-0.010420
15732,0.022741
15733,0.004881
15734,-0.007120
15735,0.017669
15736,-0.028819
15737,-0.039258
15738,-0.054192
15739,-0.008958
15740,0.053277
15741,0.085521
15742,0.069166
15743,0.019420
15744,-0.038908
15745,-0.007451
15746,-0.042543
15747,-0.015257
15748,0.003044
15749,-0.009589
15750,0.007186
15751,0.031939
15752,-0.004407
15753,0.004189
15754,0.022468
15755,-0.002440
15756,0.018233
15757,-0.038355
15758,-0.050800
15759,-0.047487
15760,0.052937
15761,0.074461
15762,0.031315
15763,-0.060081
15764,-0.083299
15765,-0.024234
15766,-0.050316
15767,-0.061046
15768,0.054405
15769,0.088834
15770,0.104359
15771,0.079344
15772,0.062490
15773,-0.007442
15774,-0.056066
15775,-0.043626
15776,-0.025062
15777,0.010014
15778,-0.005887
15779,-0.006822
15780,-0.052748
15781,-0.056652
15782,-0.041605
15783,-0.036150
15784,-0.037362
15785,-0.027130
15786,0.013158
15787,0.001373
15788,0.019449
15789,0.060310
15790,0.014570
15791,-0.000471
15792,-0.005539
15793,0.019727
15794,0.069662
15795,0.074794
15796,0.039369
15797,0.028601
15798,0.003416
15799,0.002569
15800,-0.051962
15801,-0.091464
15802,-0.044851
15803,-0.000116
15804,-0.019572
15805,0.015285
15806,0.020338
15807,-0.000567
15808,-0.009701
15809,-0.025233
15810,0.020783
15811,0.006750
15812,0.026274
15813,0.010750
15814,0.005011
15815,-0.007148
15816,-0.004511
15817,-0.035519
15818,-0.025058
15819,-0.033021
15820,-0.015213
15821,-0.022374
15822,-0.024472
15823,0.047832
15824,0.065958
15825,0.042580
15826,0.029380
15827,0.002394
15828,0.034156
15829,0.011516
15830,-0.020638
15831,-0.001826
15832,0.014119
15833,0.024512
15834,-0.015362
15835,-0.054419
15836,-0.113795
15837,-0.030017
15838,-0.000786
15839,-0.012576
15840,0.034101
15841,0.029050
15842,0.009398
15843,0.006282
15844,-0.009692
15845,-0.001820
15846,-0.008535
15847,-0.004320
15848,0.020585
15849,0.017069
15850,0.001630
15851,0.025018
15852,0.001805
15853,-0.029017
15854,0.001163
15855,-0.014210
15856,-0.014201
15857,0.008699
15858,0.054195
15859,0.036813
15860,-0.011046
15861,-0.031642
15862,-0.000565
15863,0.004749
15864,0.005293
15865,-0.021704
15866,-0.017017
15867,-0.034590
15868,-0.002583
15869,-0.028383
15870,-0.033873
15871,0.009403
15872,0.053932
15873,0.062549
15874,0.039632
15875,0.004407
15876,-0.016148
15877,-0.020969
15878,-0.001588
15879,0.012169
15880,-0.046156
15881,-0.049682
15882,-0.045238
15883,-0.007941
15884,0.020029
15885,0.028415
15886,0.013548
15887,0.000457
15888,0.001581
15889,-0.011764
15890,-0.021225
15891,-0.033868
15892,0.005454
15893,0.015771
15894,-0.015022
15895,-0.004382
15896,-0.040668
15897,-0.010163
15898,-0.015582
15899,0.024618
15900,0.003062
15901,0.018526
15902,0.051734
15903,0.069479
15904,0.039309
15905,-0.006676
15906,-0.065534
15907,-0.055340
15908,0.023767
15909,0.017583
15910,-0.007444
15911,-0.015565
15912,-0.016783
15913,-0.003739
15914,0.022496
15915,0.005209
15916,0.004701
15917,0.006152
15918,0.007603
15919,0.020862
15920,0.027297
15921,0.023059
15922,-0.014925
15923,-0.054130
15924,-0.060399
15925,-0.001822
15926,0.051641
15927,0.018641
15928,-0.008345
15929,0.019740
15930,0.034652
15931,0.020013
15932,-0.001748
15933,-0.047899
15934,-0.107007
15935,-0.050743
15936,0.026397
15937,0.042534
15938,0.016865
15939,-0.022913
15940,0.005161
15941,0.000300
15942,-0.056845
15943,-0.052808
15944,-0.043797
15945,-0.021337
15946,0.070866
15947,0.128680
15948,0.059802
15949,0.037610
15950,0.030300
15951,-0.000727
15952,-0.056745
15953,-0.124115
15954,-0.053746
15955,-0.003805
15956,0.020186
15957,0.025326
15958,0.024463
15959,0.003838
15960,0.046591
15961,0.012947
15962,-0.005094
15963,-0.023437
15964,-0.040834
15965,-0.044630
15966,-0.030150
15967,0.023488
15968,0.040771
15969,0.041185
15970,0.058519
15971,0.034445
15972,-0.015622
15973,-0.058142
15974,-0.030739
15975,-0.036437
15976,-0.063038
15977,-0.043394
15978,0.016378
15979,0.023916
15980,0.047988
15981,0.061487
15982,0.047098
15983,0.024354
15984,-0.003982
15985,-0.037520
15986,-0.046067
15987,-0.079756
15988,-0.066826
15989,-0.003554
15990,-0.016566
15991,-0.013366
15992,0.022886
15993,0.006550
15994,0.006975
15995,-0.006675
15996,-0.029025
15997,0.015225
15998,0.080762
15999,0.069887
16000,0.020861
16001,0.008463
16002,-0.037076
16003,-0.032245
16004,-0.006137
16005,-0.013948
16006,-0.002321
16007,0.033254
16008,0.035467
16009,0.047707
16010,0.019483
16011,-0.031384
16012,-0.041794
16013,-0.020851
16014,-0.041308
16015,-0.001163
16016,-0.003575
16017,0.010526
16018,-0.013000
16019,-0.025847
16020,-0.042558
16021,-0.041787
16022,0.001043
16023,0.055650
16024,0.046164
16025,0.007134
16026,-0.042521
16027,-0.057465
16028,-0.026551
16029,0.004326
16030,0.044037
16031,0.039604
16032,0.037135
16033,-0.014671
16034,0.031567
16035,0.014136
16036,-0.034362
16037,-0.047678
16038,-0.030812
16039,0.010364
16040,0.054935
16041,0.045390
16042,0.040749
16043,0.016912
16044,0.004005
16045,-0.045644
16046,-0.077171
16047,-0.065717
16048,-0.027077
16049,0.000390
16050,0.001185
16051,-0.001298
16052,-0.002612
16053,0.004580
16054,-0.007337
16055,0.020184
16056,0.047075
16057,0.081416
16058,0.046052
16059,0.015093
16060,-0.024790
16061,0.019716
16062,0.036298
16063,0.027984
16064,-0.000112
16065,-0.023539
16066,-0.064051
16067,-0.060968
16068,-0.064908
16069,-0.014891
16070,-0.046347
16071,-0.072451
16072,-0.015336
16073,-0.023374
16074,0.028947
16075,0.082827
16076,0.074607
16077,0.054094
16078,0.016946
16079,-0.032835
16080,-0.026516
16081,-0.019835
16082,-0.027655
16083,0.011170
16084,0.021631
16085,0.025941
16086,0.040596
16087,-0.001193
16088,-0.035678
16089,0.003795
16090,-0.031613
16091,0.002492
16092,-0.000487
16093,-0.020666
16094,0.015714
16095,0.054794
16096,0.032405
16097,0.013476
16098,-0.019154
16099,-0.031489
16100,-0.017516
16101,-0.051487
16102,-0.060092
16103,-0.036293
16104,-0.064981
16105,-0.001195
16106,0.063490
16107,0.082725
16108,0.055841
16109,0.043247
16110,-0.056672
16111,-0.112809
16112,-0.046854
16113,-0.021158
16114,0.021620
16115,0.011719
16116,0.031171
16117,0.015939
16118,0.002905
16119,0.036417
16120,0.056265
16121,0.070272
16122,0.044682
16123,0.009141
16124,-0.022678
16125,-0.022502
16126,-0.037607
16127,-0.106245
16128,-0.064692
16129,0.001053
16130,0.000472
16131,0.017666
16132,0.013852
16133,-0.008194
16134,0.040952
16135,0.057086
16136,0.007281
16137,-0.024022
16138,-0.009510
16139,0.005236
16140,0.045315
16141,0.030922
16142,0.055332
16143,0.006409
16144,-0.011723
16145,-0.042716
16146,-0.130463
16147,-0.105759
16148,-0.037180
16149,0.005589
16150,0.030524
16151,0.014903
16152,0.050651
16153,0.062837
16154,0.040084
16155,0.100251
16156,0.062913
16157,-0.022768
16158,-0.053770
16159,-0.080727
16160,-0.166910
16161,-0.084749
16162,0.047439
16163,0.053230
16164,0.038678
16165,0.003262
16166,-0.072653
16167,-0.022161
16168,0.057212
16169,0.071735
16170,0.091772
16171,0.100476
16172,0.033236
16173,-0.005071
16174,-0.099207
16175,-0.116195
16176,-0.041657
16177,-0.021717
16178,0.032462
16179,0.039365
16180,-0.032361
16181,-0.023403
16182,0.007370
16183,0.046179
16184,0.063195
16185,0.011614
16186,-0.044840
16187,-0.063232
16188,-0.054977
16189,-0.043050
16190,-0.018364
16191,0.002441
16192,-0.001120
16193,0.048943
16194,0.069949
16195,0.048813
16196,0.052368
16197,0.024308
16198,0.013285
16199,-0.009298
16200,-0.053308
16201,-0.050558
16202,-0.012849
16203,-0.011059
16204,-0.001090
16205,0.025579
16206,-0.013195
16207,-0.063540
16208,0.008174
16209,0.008630
16210,-0.037146
16211,-0.006521
16212,0.027102
16213,0.034192
16214,0.049446
16215,0.043343
16216,0.018502
16217,-0.028819
16218,-0.082987
16219,-0.014223
16220,0.035385
16221,-0.007880
16222,-0.002950
16223,0.023430
16224,0.025128
16225,0.075459
16226,0.055882
16227,-0.021550
16228,-0.100560
16229,-0.083158
16230,-0.081183
16231,-0.035973
16232,0.071263
16233,0.104053
16234,0.116506
16235,0.095495
16236,-0.006082
16237,-0.001247
16238,-0.083113
16239,-0.138965
16240,-0.106345
16241,-0.090347
16242,-0.043838
16243,-0.016976
16244,0.043429
16245,0.044091
16246,0.025536
16247,0.039302
16248,0.055430
16249,0.053104
16250,0.006426
16251,-0.013727
16252,0.010749
16253,-0.008903
16254,-0.003797
16255,0.007972
16256,0.013916
16257,0.041588
16258,0.015122
16259,0.042576
16260,-0.029023
16261,-0.088982
16262,-0.097565
16263,-0.054062
16264,-0.025702
16265,-0.006840
16266,-0.007633
16267,0.045463
16268,0.083705
16269,0.096955
16270,0.081199
16271,0.048436
16272,0.034190
16273,-0.039992
16274,-0.113693
16275,-0.070238
16276,-0.024382
16277,-0.001379
16278,-0.025740
16279,-0.000006
16280,0.023890
16281,0.051026
16282,0.072765
16283,0.022846
16284,0.029109
16285,-0.078107
16286,-0.114393
16287,-0.084323
16288,-0.066785
16289,-0.016606
16290,0.034501
16291,0.064995
16292,0.108270
16293,0.068045
16294,0.048511
16295,0.026133
16296,-0.038544
16297,-0.018735
16298,-0.004273
16299,-0.056024
16300,-0.085653
16301,-0.040359
16302,-0.005570
16303,-0.004467
16304,0.034085
16305,0.053188
16306,0.040216
16307,0.042109
16308,-0.020546
16309,-0.015817
16310,-0.022869
16311,-0.055962
16312,0.007299
16313,0.024972
16314,0.039166
16315,0.021363
16316,0.019975
16317,-0.010084
16318,0.048495
16319,0.034498
16320,-0.047768
16321,-0.040557
16322,-0.010332
16323,-0.015918
16324,-0.064773
16325,-0.033275
16326,-0.006210
16327,0.031555
16328,0.065795
16329,0.038550
16330,0.013616
16331,-0.027840
16332,-0.024875
16333,-0.044033
16334,-0.019779
16335,0.003534
16336,0.035212
16337,-0.012258
16338,-0.022310
16339,-0.015688
16340,0.032109
16341,0.053448
16342,0.093152
16343,0.071005
16344,-0.060404
16345,-0.102027
16346,-0.127832
16347,-0.087228
16348,-0.023180
16349,0.067969
16350,0.125172
16351,0.089294
16352,0.036938
16353,-0.012311
16354,-0.040070
16355,-0.027090
16356,-0.045675
16357,-0.085061
16358,-0.076723
16359,-0.045938
16360,0.012539
16361,0.048778
16362,0.071011
16363,0.083731
16364,0.086156
16365,0.058005
16366,-0.003662
16367,-0.060555
16368,-0.043803
16369,0.005374
16370,0.020591
16371,-0.021167
16372,-0.045000
16373,-0.046488
16374,-0.020737
16375,-0.002805
16376,0.023390
16377,0.055355
16378,0.088612
16379,0.058600
16380,-0.023135
16381,-0.053727
16382,-0.057246
16383,-0.083231
16384,-0.056403
16385,0.018271
16386,0.052187
16387,0.021873
16388,0.022153
16389,0.005765
16390,-0.016846
16391,-0.026380
16392,-0.011223
16393,-0.030271
16394,-0.009032
16395,0.034093
16396,0.037527
16397,0.052584
16398,0.067043
16399,0.033486
16400,-0.037862
16401,-0.065576
16402,-0.029247
16403,-0.004388
16404,0.011221
16405,0.038087
16406,0.025334
16407,-0.000350
16408,-0.046443
16409,-0.071667
16410,-0.050159
16411,-0.013109
16412,0.027267
16413,0.057029
16414,0.071908
16415,0.060499
16416,0.044259
16417,0.003468
16418,-0.026818
16419,-0.037003
16420,-0.066585
16421,-0.045557
16422,-0.058529
16423,0.006572
16424,0.063209
16425,0.060010
16426,0.059284
16427,-0.013559
16428,-0.067949
16429,-0.061445
16430,-0.074252
16431,-0.052031
16432,0.033553
16433,0.070942
16434,0.089534
16435,0.022055
16436,-0.007658
16437,0.000603
16438,-0.000653
16439,-0.033363
16440,-0.001712
16441,-0.034328
16442,-0.011485
16443,-0.020006
16444,-0.023742
16445,-0.006927
16446,0.001682
16447,-0.018389
16448,-0.024385
16449,0.024715
16450,0.023578
16451,0.032475
16452,0.098277
16453,0.089625
16454,0.023575
16455,0.020158
16456,-0.039721
16457,-0.068335
16458,-0.041202
16459,-0.067005
16460,-0.078815
16461,-0.053475
16462,-0.024355
16463,-0.012310
16464,0.020103
16465,0.075482
16466,0.111336
16467,0.078524
16468,0.023072
16469,0.017768
16470,-0.034781
16471,-0.089513
16472,-0.081447
16473,-0.040512
16474,-0.002924
16475,0.059349
16476,0.045351
16477,0.015342
16478,0.033695
16479,0.007551
16480,0.005789
16481,0.008218
16482,-0.041080
16483,-0.047895
16484,0.013353
16485,0.021500
16486,-0.019722
16487,0.006581
16488,0.002391
16489,-0.051980
16490,-0.071557
16491,-0.018830
16492,-0.009140
16493,0.009715
16494,0.034362
16495,-0.001709
16496,0.008543
16497,0.052301
16498,0.047156
16499,0.054441
16500,0.030115
16501,0.024766
16502,0.001332
16503,-0.026861
16504,-0.077789
16505,-0.071146
16506,-0.039718
16507,-0.061729
16508,-0.041018
16509,-0.022276
16510,0.003257
16511,0.030676
16512,0.053485
16513,0.062023
16514,0.045056
16515,0.036328
16516,0.060082
16517,-0.003360
16518,-0.056068
16519,-0.000680
16520,-0.018593
16521,-0.059663
16522,-0.025707
16523,152.928253
16524,1278.043457
16525,424.038940
16526,16.146666
16527,377.792023
16528,-72.052628
16529,-56.003990
16530,-12.475964
16531,12.042425
16532,28.598679
16533,37.081909
16534,44.405327
16535,33.547409
16536,13.251293
16537,-18.393806
16538,-47.081024
16539,-35.764057
16540,-18.982229
16541,-0.707510
16542,9.724029
16543,17.176003
16544,0.813745
16545,-12.085277
16546,-1.838321
16547,10.504028
16548,16.824520
16549,22.066755
16550,11.815464
16551,-0.149991
16552,18.881813
16553,11.535419
16554,-12.277803
16555,-24.335951
16556,-14.592072
16557,-3.030448
16558,-4.012464
16559,-22.591383
16560,-14.255123
16561,-19.653091
16562,-9.806189
16563,21.652657
16564,40.803242
16565,26.764626
16566,-11.226992
16567,-24.695621
16568,2.164214
16569,21.190214
16570,8.155005
16571,-6.643381
16572,-31.128681
16573,-32.931442
16574,2.560678
16575,24.703600
16576,23.778973
16577,16.857998
16578,0.063236
16579,0.052349
16580,-0.010206
16581,-0.010812
16582,-0.050099
16583,-0.059581
16584,-0.030449
16585,-0.031928
16586,0.001171
16587,-0.004084
16588,-0.030156
16589,0.024135
16590,0.068135
16591,0.083213
16592,0.085032
16593,0.072452
16594,0.015505
16595,-0.027979
16596,-0.044590
16597,-0.063851
16598,-0.062240
16599,0.010484
16600,-0.000206
16601,-0.058690
16602,-0.039987
16603,0.002224
16604,0.017696
16605,0.012405
16606,0.019883
16607,-0.026790
16608,-0.036617
16609,0.018828
16610,0.032348
16611,0.005899
16612,-0.022318
16613,-0.035068
16614,-0.006745
16615,0.013489
16616,0.042457
16617,0.039968
16618,0.051369
16619,0.026898
16620,-0.036343
16621,-0.060620
16622,-0.032461
16623,-0.039198
16624,-0.041127
16625,-0.004052
16626,-0.029806
16627,155.354416
16628,1285.971558
16629,420.836060
16630,16.248007
16631,381.786499
16632,-27.991590
16633,-36.747921
16634,-25.773003
16635,-14.911120
16636,-2.405970
16637,-0.967033
16638,8.355751
16639,19.806755
16640,34.903851
16641,48.319981
16642,34.416298
16643,10.337094
16644,-10.750660
16645,-25.554422
16646,-28.865458
16647,-25.128336
16648,-30.565702
16649,-19.540165
16650,5.573017
16651,14.953788
16652,16.463171
16653,24.544123
16654,17.418604
16655,31.253735
16656,14.998589
16657,7.857965
16658,7.032285
16659,-17.978964
16660,-12.106817
16661,-17.470501
16662,-14.828293
16663,13.706531
16664,15.538906
16665,8.163542
16666,8.837370
16667,10.172156
16668,-23.067873
16669,-46.489220
16670,-51.765522
16671,-23.087173
16672,8.992419
16673,24.110622
16674,23.890886
16675,14.190065
16676,9.151879
16677,-2.243155
16678,-20.833172
16679,-11.615132
16680,13.291307
16681,3.603531
16682,0.025243
16683,0.058922
16684,0.074603
16685,0.039122
16686,0.044377
16687,0.028602
16688,0.019089
16689,-0.010257
16690,-0.067718
16691,-0.107868
16692,-0.056132
16693,0.023759
16694,0.017815
16695,0.029428
16696,0.053948
16697,-0.017996
16698,-0.012156
16699,-0.010613
16700,0.009758
16701,0.026563
16702,0.063332
16703,0.009307
16704,0.009239
16705,-0.051151
16706,-0.077194
16707,-0.012628
16708,-0.039162
16709,-0.044261
16710,0.004588
16711,0.027912
16712,0.038559
16713,0.028864
16714,0.017449
16715,0.030392
16716,0.026987
16717,0.005751
16718,-0.006610
16719,0.001932
16720,0.005252
16721,0.000427
16722,-0.035587
16723,-0.008322
16724,-0.027403
16725,-0.020091
16726,-0.056304
16727,-0.063048
16728,-0.014743
16729,0.017761
16730,-0.008293
16731,0.011650
16732,0.094690
16733,0.053830
16734,0.022644
16735,-0.014530
16736,-0.024808
16737,-0.022157
16738,-0.017979
16739,-0.035471
16740,-0.014420
16741,0.031081
16742,0.038272
16743,-0.015133
16744,-0.015837
16745,-0.017229
16746,-0.010444
16747,0.013670
16748,0.053776
16749,0.053123
16750,0.021755
16751,-0.040556
16752,-0.084896
16753,-0.058374
16754,-0.023225
16755,0.035203
16756,0.041111
16757,0.026660
16758,-0.015169
16759,-0.026855
16760,-0.040823
16761,-0.020974
16762,0.031027
16763,0.051295
16764,0.050589
16765,0.052886
16766,0.061760
16767,0.019187
16768,-0.077774
16769,-0.110094
16770,-0.046584
16771,0.019700
16772,0.042945
16773,0.025607
16774,-0.054125
16775,-0.042971
16776,0.009874
16777,0.014638
16778,0.016513
16779,0.026458
16780,0.033187
16781,0.018674
16782,-0.008986
16783,-0.045517
16784,-0.033848
16785,-0.034225
16786,-0.053485
16787,-0.035505
16788,0.017475
16789,0.013352
16790,0.026694
16791,0.086420
16792,0.082791
16793,0.067223
16794,-0.021828
16795,-0.048807
16796,-0.030818
16797,-0.064258
16798,-0.036528
16799,-0.012064
16800,0.000477
16801,0.045604
16802,0.023411
16803,-0.013382
16804,-0.072994
16805,-0.028943
16806,0.024991
16807,0.010432
16808,0.010951
16809,0.029931
16810,-0.000107
16811,0.002730
16812,-0.001508
16813,-0.025588
16814,-0.020587
16815,0.012637
16816,0.034516
16817,0.031204
16818,0.048727
16819,0.021049
16820,-0.022653
16821,-0.030583
16822,-0.036710
16823,-0.009863
16824,-0.044504
16825,-0.028248
16826,-0.039383
16827,-0.001405
16828,0.047190
16829,0.024750
16830,0.045930
16831,160.162964
16832,1301.522339
16833,414.553436
16834,16.446795
16835,392.044098
16836,2.558867
16837,16.246042
16838,33.374840
16839,41.971935
16840,25.137539
16841,-10.823637
16842,-39.408337
16843,-39.797188
16844,-29.059973
16845,-16.666725
16846,2.197347
16847,3.138403
16848,11.734488
16849,18.232162
16850,17.085636
16851,24.199875
16852,29.580021
16853,35.215244
16854,9.614854
16855,-28.805508
16856,-56.899094
16857,-51.792969
16858,-41.496239
16859,-6.709722
16860,34.740440
16861,46.764782
16862,24.981133
16863,-4.013506
16864,-15.719400
16865,-15.732758
16866,-12.168956
16867,13.426887
16868,49.138618
16869,51.213478
16870,18.667995
16871,-27.190836
16872,-49.584743
16873,-50.073685
16874,-29.607218
16875,0.913549
16876,20.475414
16877,15.644774
16878,13.975908
16879,14.333309
16880,17.260050
16881,-5.220201
16882,-7.962672
16883,-2.990944
16884,7.560423
16885,-6.560893
16886,-0.024841
16887,-0.063967
16888,-0.072221
16889,-0.018067
16890,-0.027982
16891,0.031155
16892,0.044617
16893,0.055061
16894,0.056811
16895,-0.017829
16896,-0.009177
16897,-0.004707
16898,-0.004937
16899,0.056338
16900,0.005371
16901,-0.027859
16902,-0.053834
16903,-0.042719
16904,0.010768
16905,-0.005656
16906,-0.027777
16907,0.001495
16908,-0.012143
16909,0.006449
16910,0.043053
16911,-0.010584
16912,-0.029274
16913,-0.058810
16914,-0.011314
16915,-0.000368
16916,0.041871
16917,0.071042
16918,0.072510
16919,0.016506
16920,-0.008526
16921,-0.044772
16922,-0.075170
16923,-0.056476
16924,-0.012286
16925,0.003451
16926,-0.000710
16927,0.070034
16928,0.035757
16929,0.024553
16930,0.044823
16931,0.027852
16932,0.002589
16933,0.019809
16934,-0.018101
16935,-0.026577
16936,-0.070236
16937,-0.103870
16938,-0.049490
16939,0.012146
16940,0.031703
16941,0.077705
16942,0.071598
16943,0.038979
16944,0.033784
16945,0.008671
16946,-0.022855
16947,-0.087654
16948,-0.107733
16949,-0.014310
16950,0.005995
16951,0.009806
16952,0.042407
16953,0.046894
16954,0.007121
16955,-0.038160
16956,-0.065189
16957,-0.008914
16958,0.010387
16959,-0.000203
16960,0.071538
16961,0.047990
16962,-0.011314
16963,-0.018842
16964,-0.066672
16965,-0.036119
16966,0.044123
16967,0.013365
16968,0.017873
16969,0.036156
16970,-0.002502
16971,0.022435
16972,0.044502
16973,-0.036108
16974,-0.020699
16975,-0.019079
16976,-0.014732
16977,-0.006737
16978,-0.008405
16979,-0.020405
16980,-0.005634
16981,-0.014117
16982,-0.027864
16983,0.055816
16984,0.061779
16985,0.019448
16986,0.053611
16987,-0.019680
16988,-0.066297
16989,-0.035277
16990,-0.028723
16991,-0.001965
16992,-0.030941
16993,-0.024930
16994,-0.001449
16995,-0.019634
16996,-0.029464
16997,0.029564
16998,-0.010356
16999,0.007927
17000,0.010386
17001,0.005262
17002,0.030936
17003,-0.008524
17004,-0.001917
17005,0.028602
17006,0.034457
17007,0.043066
17008,0.062986
17009,0.030450
17010,0.005879
17011,-0.055742
17012,-0.038666
17013,-0.025948
17014,-0.042835
17015,-0.010960
17016,-0.017215
17017,-0.037666
17018,-0.056950
17019,-0.028500
17020,-0.031204
17021,-0.012403
17022,0.070722
17023,0.062596
17024,0.038595
17025,0.032849
17026,-0.005183
17027,0.032074
17028,0.047031
17029,-0.001710
17030,-0.022948
17031,-0.032775
17032,0.032627
17033,0.050759
17034,0.021503
17035,0.020850
17036,0.017959
17037,-0.013527
17038,-0.049407
17039,-0.067615
17040,-0.094296
17041,-0.066679
17042,-0.013163
17043,-0.019519
17044,-0.046396
17045,0.022975
17046,0.080152
17047,0.032910
17048,0.007876
17049,-0.019838
17050,0.000794
17051,0.041211
17052,0.024818
17053,0.024349
17054,0.002897
17055,-0.015811
17056,-0.064247
17057,-0.059044
17058,-0.004462
17059,0.020160
17060,0.021870
17061,0.021633
17062,0.048073
17063,0.032529
17064,0.000345
17065,0.014500
17066,0.048061
17067,0.051659
17068,-0.003221
17069,-0.030183
17070,-0.067213
17071,-0.019268
17072,0.023398
17073,-0.028822
17074,-0.096998
17075,-0.102869
17076,-0.078660
17077,-0.003465
17078,0.043565
17079,0.073738
17080,0.049180
17081,0.083551
17082,0.040359
17083,0.012802
17084,-0.023793
17085,-0.045703
17086,-0.052061
17087,-0.023665
17088,-0.017176
17089,0.000250
17090,0.062324
17091,0.051748
17092,0.102355
17093,0.087758
17094,0.032759
17095,-0.061987
17096,-0.084596
17097,-0.081187
17098,-0.095065
17099,-0.036434
17100,-0.015463
17101,-0.008416
17102,0.000907
17103,-0.007074
17104,0.018724
17105,0.047029
17106,0.080526
17107,0.094271
17108,0.062861
17109,0.028917
17110,-0.014397
17111,-0.019465
17112,-0.043996
17113,-0.074248
17114,-0.068204
17115,-0.049936
17116,-0.013221
17117,0.031546
17118,0.001192
17119,0.045927
17120,0.065620
17121,0.032832
17122,0.001038
17123,-0.046063
17124,-0.012883
17125,0.001401
17126,-0.023157
17127,-0.048310
17128,-0.066117
17129,-0.017859
17130,-0.013865
17131,-0.018972
17132,0.038342
17133,0.037868
17134,-0.002886
17135,0.003416
17136,0.032313
17137,0.062707
17138,0.082339
17139,0.076383
17140,-0.012683
17141,-0.042722
17142,-0.067694
17143,-0.039978
17144,-0.050537
17145,-0.078207
17146,-0.029842
17147,-0.031785
17148,-0.072338
17149,0.009201
17150,0.022223
17151,0.061956
17152,0.123436
17153,0.049769
17154,-0.020697
17155,-0.006207
17156,0.021583
17157,-0.034548
17158,-0.048532
17159,-0.029544
17160,-0.051784
17161,-0.011784
17162,0.006762
17163,0.053305
17164,0.126502
17165,0.004971
17166,-0.026907
17167,-0.015763
17168,-0.023642
17169,-0.013507
17170,0.029184
17171,0.036703
17172,0.071376
17173,0.046343
17174,-0.021669
17175,-0.037358
17176,-0.058111
17177,-0.060195
17178,-0.038831
17179,-0.020006
17180,-0.000927
17181,0.014540
17182,0.005017
17183,0.035317
17184,0.033709
17185,-0.055041
17186,-0.027956
17187,0.049765
17188,0.109165
17189,0.086680
17190,0.057929
17191,0.019777
17192,0.000445
17193,-0.019207
17194,-0.032648
17195,-0.030873
17196,-0.086296
17197,-0.086570
17198,-0.066406
17199,-0.027705
17200,0.024230
17201,0.045753
17202,0.082715
17203,0.065503
17204,0.041384
17205,-0.038953
17206,-0.096413
17207,-0.102974
17208,-0.114698
17209,-0.012596
17210,-0.009669
17211,-0.018260
17212,0.019948
17213,0.023979
17214,0.094250
17215,0.097278
17216,0.070490
17217,0.007520
17218,0.011122
17219,-0.001224
17220,-0.003569
17221,0.038859
17222,0.004983
17223,-0.001401
17224,0.009109
17225,-0.028516
17226,-0.108744
17227,-0.039351
17228,0.014633
17229,0.038079
17230,0.037340
17231,-0.000098
17232,-0.022504
17233,-0.010741
17234,-0.039920
17235,0.000419
17236,0.006539
17237,0.010879
17238,0.015754
17239,0.000673
17240,0.000124
17241,0.002513
17242,0.027531
17243,0.012944
17244,0.014253
17245,0.042211
17246,0.044898
17247,0.023348
17248,-0.054622
17249,-0.105359
17250,-0.090889
17251,-0.054231
17252,-0.011729
17253,0.006203
17254,0.007620
17255,-0.001499
17256,0.018191
17257,0.051132
17258,0.092811
17259,0.048553
17260,0.015301
17261,0.010788
17262,-0.034837
17263,-0.003971
17264,0.022469
17265,-0.026978
17266,-0.040761
17267,-0.051882
17268,-0.082074
17269,-0.048092
17270,0.002802
17271,0.036709
17272,0.065077
17273,0.013519
17274,0.057264
17275,0.068759
17276,0.030790
17277,-0.006399
17278,-0.043542
17279,-0.039111
17280,0.037370
17281,-0.011312
17282,-0.041558
17283,-0.035956
17284,-0.088925
17285,-0.023327
17286,0.016427
17287,0.013830
17288,0.025029
17289,-0.008576
17290,0.006099
17291,0.009025
17292,0.013480
17293,0.002009
17294,0.023810
17295,-0.017735
17296,-0.005526
17297,0.019400
17298,-0.001579
17299,-0.013572
17300,-0.000208
17301,-0.004948
17302,-0.008967
17303,0.037970
17304,0.072711
17305,0.043957
17306,-0.005937
17307,-0.017262
17308,-0.023091
17309,-0.071867
17310,-0.093171
17311,-0.053375
17312,-0.012007
17313,0.001657
17314,0.000302
17315,0.037221
17316,0.075604
17317,0.101350
17318,0.116312
17319,0.059425
17320,-0.025383
17321,-0.064748
17322,-0.096313
17323,-0.088605
17324,-0.069221
17325,-0.065510
17326,-0.038770
17327,0.001774
17328,0.031070
17329,0.102491
17330,0.104927
17331,0.039599
17332,0.006517
17333,0.002354
17334,-0.029267
17335,171.913712
17336,1339.942505
17337,399.031738
17338,16.937918
17339,426.400848
17340,-27.619429
17341,-0.422151
17342,27.368681
17343,23.721558
17344,-5.241270
17345,-5.078751
17346,-16.224468
17347,-0.247249
17348,27.347067
17349,39.531307
17350,13.537175
17351,12.267027
17352,-9.073584
17353,-9.314671
17354,5.921078
17355,2.238918
17356,-35.200516
17357,-49.154919
17358,-30.545200
17359,-16.288197
17360,0.724646
17361,16.962364
17362,30.725494
17363,47.317146
17364,43.584511
17365,19.391479
17366,-10.730612
17367,-32.642292
17368,-22.972776
17369,-15.584249
17370,-19.136412
17371,-21.788099
17372,-21.811989
17373,11.314534
17374,34.033607
17375,38.788223
17376,36.372200
17377,23.245665
17378,-1.944653
17379,-11.250569
17380,-25.391487
17381,-44.512398
17382,-37.525650
17383,-30.072971
17384,-30.012590
17385,1.476993
17386,34.442089
17387,43.284077
17388,32.654530
17389,16.810192
17390,-0.058283
17391,-0.034383
17392,0.000637
17393,0.006069
17394,0.022018
17395,0.030952
17396,0.029764
17397,0.039645
17398,0.018901
17399,-0.005380
17400,0.001470
17401,0.030966
17402,0.043763
17403,-0.020078
17404,0.009423
17405,0.020421
17406,0.011375
17407,0.013599
17408,0.011369
17409,-0.037133
17410,-0.038123
17411,-0.089025
17412,-0.074964
17413,-0.010292
17414,-0.057887
17415,-0.047995
17416,-0.012306
17417,0.036347
17418,0.077544
17419,0.057264
17420,0.046952
17421,0.005838
17422,-0.022163
17423,-0.054977
17424,-0.031862
17425,-0.045325
17426,-0.003253
17427,0.064415
17428,0.079419
17429,0.072334
17430,-0.024494
17431,-0.059611
17432,-0.020789
17433,-0.031306
17434,-0.057763
17435,-0.007191
17436,0.046874
17437,0.034659
17438,0.051047
17439,0.029368
17440,-0.015562
17441,-0.025145
17442,-0.036709
17443,-0.035547
17444,0.008350
17445,0.028634
17446,0.080181
17447,0.063599
17448,0.031494
17449,-0.035457
17450,-0.045253
17451,-0.019232
17452,-0.038531
17453,-0.031772
17454,-0.010062
17455,-0.011381
17456,0.013242
17457,0.003177
17458,-0.006183
17459,0.002798
17460,0.045035
17461,0.071479
17462,-0.016160
17463,-0.047711
17464,-0.069704
17465,-0.058054
17466,-0.052148
17467,-0.033140
17468,0.002935
17469,0.045798
17470,0.052565
17471,0.040302
17472,0.019648
17473,-0.017180
17474,0.014912
17475,-0.009582
17476,-0.025581
17477,-0.009755
17478,0.054994
17479,0.069347
17480,0.045518
17481,0.045117
17482,0.030694
17483,-0.033432
17484,-0.090071
17485,-0.039809
17486,0.012738
17487,-0.035237
17488,-0.024145
17489,-0.044210
17490,-0.054468
17491,-0.034606
17492,-0.007683
17493,0.033035
17494,0.051857
17495,0.074389
17496,0.120401
17497,0.051599
17498,-0.001153
17499,-0.005997
17500,-0.060760
17501,-0.073870
17502,-0.011026
17503,-0.002759
17504,-0.003277
17505,0.010060
17506,0.022759
17507,0.003382
17508,-0.012147
17509,0.000336
17510,-0.014947
17511,-0.008319
17512,-0.084618
17513,-0.064536
17514,0.008854
17515,0.049377
17516,0.070967
17517,0.023673
17518,-0.035178
17519,-0.010627
17520,-0.022524
17521,-0.047834
17522,-0.043058
17523,-0.023442
17524,-0.001033
17525,0.030096
17526,0.060539
17527,0.059037
17528,0.046783
17529,-0.006125
17530,0.033978
17531,0.014255
17532,0.022077
17533,0.000686
17534,0.011043
17535,0.012590
17536,-0.048198
17537,-0.083965
17538,-0.069568
17539,-0.052497
17540,-0.042586
17541,-0.021027
17542,0.034981
17543,0.121878
17544,0.111089
17545,0.063610
17546,0.036452
17547,0.025759
17548,-0.055083
17549,-0.061865
17550,-0.108042
17551,-0.114890
17552,-0.093762
17553,-0.085138
17554,-0.014926
17555,0.046088
17556,0.080732
17557,0.146432
17558,0.160090
17559,0.085504
17560,0.041309
17561,-0.012376
17562,-0.030565
17563,-0.070191
17564,-0.104256
17565,-0.105630
17566,-0.044641
17567,-0.033217
17568,-0.004474
17569,0.044849
17570,0.053388
17571,0.034432
17572,0.033756
17573,-0.013658
17574,-0.021278
17575,0.002208
17576,0.024718
17577,-0.021243
17578,-0.019532
17579,-0.006403
17580,0.026464
17581,0.060027
17582,0.008957
17583,-0.039205
17584,-0.071965
17585,-0.056141
17586,-0.025707
17587,0.030729
17588,0.050662
17589,177.928391
17590,1359.304932
17591,391.209259
17592,17.185427
17593,438.276215
17594,23.986198
17595,21.254963
17596,-4.560593
17597,-18.251162
17598,-26.794655
17599,-30.403399
17600,-34.830021
17601,-27.673302
17602,-6.071505
17603,24.542307
17604,57.668087
17605,41.209518
17606,12.905283
17607,-19.882303
17608,-45.565174
17609,-48.057281
17610,-35.446613
17611,7.600596
17612,46.282402
17613,63.080360
17614,48.602104
17615,17.197685
17616,-10.576304
17617,-29.584059
17618,-30.774014
17619,-22.906601
17620,-17.309702
17621,-6.049784
17622,-7.734782
17623,-12.418446
17624,-10.620936
17625,2.430433
17626,12.036098
17627,13.369541
17628,16.722876
17629,10.324834
17630,10.958145
17631,9.437358
17632,8.854437
17633,7.627534
17634,-27.424431
17635,-41.960808
17636,-15.886604
17637,-6.558864
17638,-9.770702
17639,7.043634
17640,19.475990
17641,22.927074
17642,33.111286
17643,14.192826
17644,0.013569
17645,0.020634
17646,0.027015
17647,0.019012
17648,-0.035623
17649,0.006867
17650,0.023141
17651,-0.002744
17652,-0.028929
17653,-0.052982
17654,-0.096775
17655,-0.066353
17656,-0.009457
17657,0.040908
17658,0.096558
17659,0.101163
17660,0.094733
17661,-0.007442
17662,-0.050033
17663,-0.018023
17664,0.003204
17665,-0.009244
17666,-0.004604
17667,-0.027174
17668,-0.003452
17669,-0.049284
17670,-0.007441
17671,-0.027761
17672,-0.011499
17673,-0.013400
17674,0.007360
17675,0.017860
17676,0.014296
17677,-0.006407
17678,-0.002225
17679,-0.013074
17680,-0.064385
17681,0.009637
17682,0.040319
17683,0.048738
17684,0.047081
17685,-0.000796
17686,-0.012859
17687,0.010590
17688,-0.007470
17689,-0.017195
17690,-0.038890
17691,-0.011624
17692,0.041150
17693,0.106464
17694,0.056392
17695,-0.034692
17696,-0.090657
17697,-0.082454
17698,-0.041605
17699,-0.025007
17700,0.016486
17701,0.008065
17702,-0.017994
17703,0.007943
17704,0.001236
17705,0.002859
17706,0.029441
17707,0.037612
17708,0.056379
17709,-0.014778
17710,-0.045341
17711,-0.071696
17712,-0.086837
17713,0.000425
17714,0.059511
17715,0.051375
17716,0.054427
17717,0.021674
17718,-0.023650
17719,-0.016219
17720,-0.023173
17721,-0.027290
17722,0.045926
17723,0.035653
17724,0.004005
17725,-0.006636
17726,-0.073407
17727,-0.093389
17728,-0.020995
17729,0.045661
17730,0.055796
17731,-0.007313
17732,0.002173
17733,0.062697
17734,0.108070
17735,0.044192
17736,-0.008132
17737,-0.037306
17738,-0.070378
17739,-0.042886
17740,-0.059643
17741,-0.017756
17742,0.004620
17743,0.031859
17744,0.019304
17745,0.029008
17746,-0.058471
17747,-0.073585
17748,-0.027736
17749,0.009257
17750,0.057482
17751,0.076622
17752,0.078839
17753,0.027226
17754,-0.043851
17755,-0.110281
17756,-0.103403
17757,0.000733
17758,0.053380
17759,0.017305
17760,0.014012
17761,-0.002932
17762,-0.038962
17763,-0.038435
17764,0.014387
17765,0.096276
17766,0.111759
17767,0.059514
17768,0.010311
17769,-0.012678
17770,0.003111
17771,-0.036168
17772,-0.107744
17773,-0.091248
17774,-0.065103
17775,-0.014670
17776,0.009072
17777,0.008775
17778,0.012120
17779,0.058429
17780,0.043213
17781,0.072337
17782,0.025755
17783,-0.039497
17784,-0.083283
17785,-0.047275
17786,0.012991
17787,0.013683
17788,0.024836
17789,0.023428
17790,0.004264
17791,-0.009611
17792,0.041038
17793,-0.005782
17794,-0.059933
17795,-0.033576
17796,-0.015197
17797,0.018529
17798,0.042385
17799,-0.017348
17800,0.005818
17801,0.002771
17802,0.005040
17803,-0.001374
17804,0.030692
17805,0.042886
17806,0.005593
17807,0.031962
17808,0.023760
17809,-0.001334
17810,0.025291
17811,-0.073084
17812,-0.110827
17813,-0.037113
17814,-0.044230
17815,0.038005
17816,0.109607
17817,0.077091
17818,0.020243
17819,-0.063660
17820,-0.066264
17821,-0.065593
17822,-0.057784
17823,-0.041736
17824,-0.044354
17825,0.001204
17826,-0.015459
17827,0.005872
17828,0.058506
17829,0.074231
17830,0.022485
17831,0.037255
17832,0.005869
17833,-0.016610
17834,0.019941
17835,0.007082
17836,-0.006452
17837,-0.028425
17838,0.008401
17839,-0.011604
17840,-0.008182
17841,0.005500
17842,0.028534
17843,0.065980
17844,0.061614
17845,-0.009442
17846,-0.083199
17847,-0.118017
17848,-0.111023
17849,-0.018304
17850,0.042105
17851,0.088983
17852,0.113637
17853,0.063121
17854,0.038266
17855,0.009199
17856,-0.063031
17857,-0.076879
17858,-0.072887
17859,-0.054495
17860,-0.043064
17861,-0.050238
17862,-0.024718
17863,0.040985
17864,0.036347
17865,0.036346
17866,0.074259
17867,0.100462
17868,0.061811
17869,-0.020672
17870,-0.025967
17871,-0.022120
17872,-0.057956
17873,-0.036981
17874,-0.047646
17875,-0.030871
17876,-0.004702
17877,0.025323
17878,0.046957
17879,0.015894
17880,-0.006517
17881,-0.019310
17882,-0.005557
17883,-0.020803
17884,-0.006565
17885,-0.022648
17886,-0.031859
17887,0.005394
17888,0.022839
17889,0.016643
17890,0.052827
17891,0.082635
17892,0.019971
17893,0.037356
17894,-0.036453
17895,-0.075556
17896,-0.034995
17897,-0.044161
17898,-0.039168
17899,-0.010115
17900,0.000733
17901,-0.020928
17902,0.009491
17903,0.015731
17904,0.037582
17905,0.019017
17906,0.028991
17907,-0.006217
17908,-0.049901
17909,-0.072285
17910,-0.044526
17911,-0.040604
17912,0.050886
17913,0.069656
17914,0.091269
17915,0.089043
17916,0.013188
17917,-0.007203
17918,-0.052622
17919,-0.029296
17920,0.006530
17921,-0.033796
17922,-0.062647
17923,-0.044170
17924,-0.016433
17925,-0.018556
17926,0.024659
17927,0.044586
17928,0.009341
17929,0.014646
17930,-0.017553
17931,-0.001603
17932,0.020147
17933,0.037479
17934,-0.045644
17935,-0.007995
17936,0.002772
17937,0.020008
17938,0.017307
17939,0.068685
17940,0.072849
17941,0.033764
17942,-0.037837
17943,186.175354
17944,1386.290527
17945,380.307098
17946,17.530382
17947,454.816559
17948,-2.549122
17949,31.421835
17950,61.195084
17951,63.426060
17952,40.173363
17953,-2.269328
17954,-43.229527
17955,-42.544022
17956,-29.825373
17957,0.972412
17958,20.680290
17959,13.837256
17960,15.416152
17961,10.539552
17962,2.873000
17963,8.802794
17964,16.545322
17965,8.356151
17966,-13.062413
17967,-27.270161
17968,-51.199455
17969,-43.951412
17970,-26.877983
17971,3.468044
17972,37.340557
17973,51.747795
17974,35.274887
17975,9.951430
17976,3.558244
17977,-3.880132
17978,-3.922950
17979,-22.669180
17980,-25.079380
17981,-12.991284
17982,-6.830266
17983,6.557213
17984,8.936481
17985,7.152848
17986,3.277062
17987,26.063934
17988,47.216389
17989,15.717824
17990,-16.397043
17991,-7.843573
17992,-9.740975
17993,-26.821857
17994,-45.951176
17995,-34.366520
17996,-0.673436
17997,6.562488
17998,-0.134318
17999,-0.106991
18000,-0.054865
18001,0.016273
18002,0.077251
18003,0.085474
18004,0.085862
18005,0.075102
18006,0.050183
18007,-0.006318
18008,-0.040273
18009,-0.067596
18010,-0.052385
18011,-0.033094
18012,-0.048480
18013,-0.014957
18014,-0.003483
18015,0.023913
18016,0.068740
18017,0.049222
18018,0.034358
18019,-0.008128
18020,-0.011859
18021,-0.042165
18022,-0.062821
18023,-0.057615
18024,-0.018489
18025,0.005446
18026,-0.028387
18027,0.006321
18028,0.006695
18029,0.037007
18030,0.064068
18031,0.069073
18032,0.030125
18033,0.000532
18034,0.012346
18035,-0.022322
18036,-0.095490
18037,-0.030824
18038,0.045275
18039,0.053267
18040,-0.019695
18041,-0.004270
18042,0.001775
18043,-0.000372
18044,0.028941
18045,0.007400
18046,-0.030166
18047,-0.019535
18048,-0.017489
18049,-0.028635
18050,0.035199
18051,0.041483
18052,0.010808
18053,0.001754
18054,0.000195
18055,-0.003986
18056,-0.028420
18057,-0.016799
18058,0.001548
18059,-0.047946
18060,-0.032613
18061,-0.008982
18062,0.000008
18063,0.056960
18064,0.053144
18065,0.023389
18066,0.025207
18067,-0.037757
18068,-0.061567
18069,-0.074778
18070,-0.039671
18071,0.010610
18072,0.058775
18073,0.074478
18074,0.023176
18075,0.015222
18076,0.013343
18077,-0.028874
18078,-0.033700
18079,-0.032175
18080,-0.031655
18081,0.001204
18082,-0.005401
18083,-0.000705
18084,0.043901
18085,0.035642
18086,0.059260
18087,0.040503
18088,0.018265
18089,0.002890
18090,-0.022960
18091,-0.074215
18092,-0.046296
18093,-0.032591
18094,-0.017939
18095,0.002441
18096,-0.025092
18097,-0.024215
18098,0.019020
18099,0.036071
18100,0.059452
18101,0.045598
18102,0.025197
18103,-0.059356
18104,-0.015577
18105,0.034807
18106,0.014861
18107,0.029545
18108,0.013914
18109,-0.010197
18110,-0.058904
18111,-0.052500
18112,-0.010611
18113,0.034115
18114,0.036967
18115,0.024123
18116,-0.015483
18117,-0.025328
18118,-0.029540
18119,-0.042118
18120,0.002764
18121,-0.029837
18122,-0.001894
18123,0.048867
18124,0.016410
18125,0.029346
18126,-0.024729
18127,-0.068703
18128,-0.026808
18129,0.000358
18130,-0.000011
18131,0.003236
18132,-0.019522
18133,-0.040229
18134,0.022155
18135,0.048891
18136,0.035117
18137,0.109876
18138,0.082817
18139,0.055509
18140,0.020715
18141,-0.032487
18142,-0.085000
18143,-0.097386
18144,-0.092135
18145,-0.103292
18146,-0.062615
18147,-0.002330
18148,0.050085
18149,0.112919
18150,0.163649
18151,0.127372
18152,0.075749
18153,-0.008714
18154,-0.043521
18155,-0.092544
18156,-0.122534
18157,-0.066318
18158,-0.040723
18159,-0.023790
18160,0.009372
18161,0.037502
18162,0.045494
18163,0.031833
18164,-0.036260
18165,-0.022174
18166,0.002846
18167,0.040101
18168,0.090811
18169,0.044656
18170,-0.003812
18171,-0.033029
18172,-0.093434
18173,-0.067025
18174,-0.049577
18175,0.002318
18176,0.063827
18177,0.038272
18178,-0.032750
18179,-0.058534
18180,-0.058115
18181,0.004213
18182,0.033243
18183,0.056206
18184,0.056542
18185,0.031198
18186,0.014981
18187,-0.003424
18188,0.021267
18189,-0.062325
18190,-0.063416
18191,-0.013186
18192,0.023657
18193,0.045673
18194,0.023378
18195,0.002902
18196,0.027560
18197,0.021095
18198,-0.037022
18199,-0.007850
18200,0.021619
18201,0.011383
18202,0.013984
18203,0.021873
18204,-0.075009
18205,-0.093243
18206,-0.094794
18207,-0.058013
18208,-0.004364
18209,0.014588
18210,0.032588
18211,0.059492
18212,0.027063
18213,0.051360
18214,0.084394
18215,0.105900
18216,0.031011
18217,-0.038228
18218,-0.061266
18219,-0.073076
18220,-0.044711
18221,-0.021651
18222,0.014928
18223,-0.044410
18224,-0.083009
18225,-0.049890
18226,-0.009289
18227,0.022478
18228,0.066675
18229,0.026826
18230,0.008862
18231,0.029608
18232,0.031495
18233,0.029891
18234,-0.012902
18235,-0.038428
18236,-0.045274
18237,-0.064935
18238,-0.038835
18239,0.049495
18240,0.098708
18241,0.047284
18242,0.016353
18243,0.026715
18244,0.024041
18245,-0.001553
18246,-0.053917
18247,-0.028748
18248,-0.022811
18249,0.011872
18250,-0.010949
18251,-0.035242
18252,-0.049119
18253,-0.029618
18254,0.006228
18255,0.048133
18256,0.056012
18257,0.082566
18258,0.021823
18259,0.000252
18260,-0.030100
18261,-0.059086
18262,-0.033766
18263,-0.011603
18264,-0.024153
18265,-0.001634
18266,0.021966
18267,0.003584
18268,0.017849
18269,0.020810
18270,0.006078
18271,0.027026
18272,0.011898
18273,-0.048373
18274,-0.034787
18275,-0.032289
18276,-0.009619
18277,0.026873
18278,0.006461
18279,0.027747
18280,0.012634
18281,0.014815
18282,0.008628
18283,-0.026808
18284,-0.003866
18285,0.005015
18286,0.013019
18287,-0.038925
18288,-0.070686
18289,-0.059307
18290,-0.047215
18291,-0.007757
18292,-0.007654
18293,0.051821
18294,0.072230
18295,0.069629
18296,0.074614
18297,194.551376
18298,1413.276001
18299,369.404938
18300,17.875338
18301,471.522430
18302,-11.634423
18303,-4.932177
18304,33.817196
18305,47.144867
18306,21.542494
18307,-7.542802
18308,-24.376444
18309,-25.077862
18310,-27.048065
18311,-29.066328
18312,-4.573529
18313,15.541845
18314,-0.021302
18315,-34.617599
18316,-30.402758
18317,8.605803
18318,49.069187
18319,73.841614
18320,49.233479
18321,-15.012267
18322,-30.876209
18323,-20.761986
18324,-5.336081
18325,-7.547542
18326,-17.995287
18327,-34.441948
18328,-7.810538
18329,15.073746
18330,2.620565
18331,-3.719682
18332,3.369589
18333,11.215325
18334,24.712887
18335,23.249722
18336,6.312038
18337,-16.181446
18338,-34.169247
18339,-34.362953
18340,-20.939823
18341,12.201200
18342,43.830288
18343,44.157799
18344,12.694668
18345,-20.743567
18346,-18.896807
18347,-11.855090
18348,-6.450289
18349,-21.400417
18350,-20.219742
18351,4.246098
18352,0.014905
18353,-0.006168
18354,-0.028401
18355,-0.064045
18356,-0.073298
18357,-0.068363
18358,-0.072942
18359,-0.084517
18360,0.006488
18361,0.039947
18362,0.018716
18363,0.061382
18364,0.070900
18365,0.046478
18366,0.064289
18367,-0.010099
18368,-0.043032
18369,-0.039969
18370,-0.068267
18371,-0.038272
18372,0.012296
18373,0.029303
18374,0.076755
18375,0.018921
18376,-0.047376
18377,-0.053431
18378,-0.031309
18379,-0.004822
18380,0.065511
18381,0.054117
18382,0.017123
18383,0.010068
18384,-0.028626
18385,-0.022102
18386,0.006100
18387,0.033590
18388,0.020518
18389,-0.024949
18390,-0.048293
18391,-0.025105
18392,-0.007041
18393,-0.034795
18394,-0.072703
18395,-0.033658
18396,-0.027145
18397,0.058457
18398,0.094163
18399,0.046205
18400,0.025308
18401,-0.026076
18402,-0.020455
18403,-0.027791
18404,-0.003812
18405,0.025625
18406,0.044216
18407,-0.015645
18408,-0.074363
18409,-0.062619
18410,-0.038409
18411,0.039354
18412,0.059728
18413,0.057200
18414,0.077748
18415,0.016068
18416,-0.051054
18417,-0.038695
18418,-0.074355
18419,-0.013554
18420,0.004949
18421,-0.007027
18422,0.028250
18423,-0.001509
18424,-0.001204
18425,0.041425
18426,0.020741
18427,0.016549
18428,0.004215
18429,0.003714
18430,0.006954
18431,-0.001964
18432,0.025105
18433,0.007411
18434,-0.013559
18435,-0.034123
18436,-0.054966
18437,-0.094636
18438,-0.060022
18439,0.005522
18440,0.083333
18441,0.100964
18442,0.099768
18443,0.013478
18444,-0.026630
18445,-0.021549
18446,-0.026290
18447,-0.054603
18448,-0.022341
18449,-0.063704
18450,-0.080368
18451,-0.013275
18452,0.030273
18453,0.065070
18454,0.090015
18455,0.061329
18456,-0.001716
18457,-0.001478
18458,-0.034452
18459,-0.054457
18460,-0.045758
18461,-0.024105
18462,0.067104
18463,0.105499
18464,0.052013
18465,0.067998
18466,0.052378
18467,-0.016546
18468,-0.012537
18469,-0.020895
18470,-0.044777
18471,-0.086182
18472,-0.085462
18473,-0.124175
18474,-0.106667
18475,0.033806
18476,0.121628
18477,0.067808
18478,0.030923
18479,0.007794
18480,0.018922
18481,0.008688
18482,0.000668
18483,-0.004994
18484,-0.013321
18485,-0.039953
18486,-0.003985
18487,-0.002205
18488,-0.012406
18489,0.026535
18490,0.024781
18491,0.009545
18492,-0.011651
18493,0.011721
18494,0.024399
18495,0.018158
18496,-0.006763
18497,-0.019549
18498,-0.009567
18499,0.046976
18500,0.015973
18501,-0.038834
18502,-0.053034
18503,-0.078375
18504,-0.069907
18505,-0.024455
18506,-0.002581
18507,0.061033
18508,0.057040
18509,0.033988
18510,0.007733
18511,0.022193
18512,0.038443
18513,0.016262
18514,0.011105
18515,-0.003424
18516,-0.063532
18517,-0.060246
18518,-0.025685
18519,-0.023853
18520,-0.003123
18521,0.013383
18522,0.020599
18523,0.042177
18524,0.012810
18525,0.030492
18526,0.032161
18527,0.003024
18528,-0.003015
18529,-0.031722
18530,-0.037797
18531,-0.048225
18532,-0.021599
18533,0.021637
18534,0.021524
18535,-0.008316
18536,0.035036
18537,0.053008
18538,0.021959
18539,-0.003154
18540,-0.001081
18541,-0.054852
18542,-0.102194
18543,-0.041894
18544,0.010918
18545,0.017565
18546,0.048166
18547,0.032925
18548,0.021061
18549,-0.002983
18550,-0.075309
18551,200.439194
18552,1432.638550
18553,361.582489
18554,18.122849
18555,494.932068
18556,9.546966
18557,-1.199361
18558,0.475653
18559,17.841166
18560,3.819039
18561,-15.388943
18562,-26.773993
18563,-11.686398
18564,8.951952
18565,13.613309
18566,-6.591303
18567,-20.175194
18568,4.079851
18569,39.540836
18570,39.280869
18571,-1.875086
18572,-32.147785
18573,-40.676147
18574,-40.331928
18575,-12.139426
18576,7.292473
18577,25.070305
18578,42.754795
18579,48.316620
18580,41.018597
18581,5.922184
18582,-25.625420
18583,-40.996319
18584,-28.500196
18585,-19.803595
18586,-6.098947
18587,-10.073261
18588,-18.663685
18589,-7.414486
18590,3.228674
18591,10.542006
18592,21.244194
18593,29.187801
18594,17.755453
18595,4.846019
18596,-11.231598
18597,-9.483545
18598,-14.089402
18599,-12.640715
18600,-20.341871
18601,-12.597051
18602,-3.677123
18603,37.494194
18604,49.986732
18605,47.302010
18606,-264.858215
18607,0.005432
18608,-80.167397
18609,0.000000
18610,1788.665894
18611,1819.781372
18612,1884.334229
18613,2206.603760
18614,1217.160400
18615,1970.437744
18616,2294.203613
18617,1328.440674
18618,2255.467285
18619,869.632202
18620,2253.782959
18621,1047.380371
18622,1831.691895
18623,1411.584839
18624,1011.745911
18625,1292.979980
18626,2274.065674
18627,1117.230347
18628,1038.094727
18629,2090.946533
18630,1118.808350
18631,1991.401978
18632,2157.248047
18633,1077.207886
18634,2230.878418
18635,1296.993408
18636,77.486450
18637,0.014334
18638,0.059119
18639,0.070550
18640,0.023686
18641,-0.016251
18642,-0.052966
18643,-0.026062
18644,0.002617
18645,0.043271
18646,-0.011204
18647,-0.067940
18648,-0.073257
18649,-0.084486
18650,-0.044822
18651,0.015767
18652,0.085983
18653,0.081512
18654,0.045443
18655,0.058887
18656,0.049439
18657,-0.008244
18658,-0.070014
18659,-0.041121
18660,-0.042358
18661,-0.057293
18662,-0.026626
18663,0.003417
18664,0.021298
18665,0.014971
18666,-0.003656
18667,0.003289
18668,0.061217
18669,0.095567
18670,0.113211
18671,0.058635
18672,-0.008792
18673,-0.122991
18674,-0.150954
18675,-0.075698
18676,-0.102529
18677,-0.017092
18678,0.060945
18679,0.090824
18680,0.105697
18681,0.087141
18682,0.056394
18683,0.036527
18684,-0.008251
18685,-0.056783
18686,-0.120424
18687,-0.119705
18688,-0.032069
18689,0.015392
18690,0.044262
18691,0.086464
18692,0.056019
18693,0.047010
18694,0.012090
18695,-0.035452
18696,-0.041406
18697,-0.009781
18698,0.034677
18699,-0.024466
18700,0.002665
18701,-0.032893
18702,-0.086283
18703,-0.040920
18704,0.008619
18705,0.008127
18706,0.033896
18707,0.029387
18708,0.010421
18709,0.022049
18710,-0.010489
18711,-0.030109
18712,-0.012014
18713,0.030390
18714,0.038551
18715,0.024812
18716,-0.000649
18717,-0.072465
18718,-0.068526
18719,-0.030764
18720,0.023630
18721,0.048195
18722,0.040943
18723,0.075631
18724,0.084036
18725,0.026819
18726,-0.033641
18727,-0.025543
18728,-0.071557
18729,-0.055911
18730,-0.059207
18731,-0.061431
18732,-0.021919
18733,0.012510
18734,0.040177
18735,0.082008
18736,0.092732
18737,0.047603
18738,0.022317
18739,-0.026577
18740,-0.034367
18741,-0.065123
18742,-0.096674
18743,-0.026181
18744,0.035552
18745,0.015462
18746,0.036840
18747,0.004995
18748,-0.013393
18749,-0.000242
18750,-0.014100
18751,-0.004674
18752,0.005122
18753,-0.034066
18754,0.041639
18755,0.070331
18756,0.007963
18757,-0.031800
18758,-0.049788
18759,-0.028763
18760,-0.008282
18761,0.062894
18762,0.016392
18763,-0.009443
18764,-0.014217
18765,-0.029103
18766,-0.039545
18767,-0.014982
18768,0.003714
18769,0.027144
18770,0.043433
18771,0.029138
18772,0.002156
18773,-0.005201
18774,0.017717
18775,-0.056032
18776,-0.044332
18777,-0.039831
18778,-0.026169
18779,0.023339
18780,0.018394
18781,0.032187
18782,0.083542
18783,0.078348
18784,0.030662
18785,0.000136
18786,-0.026605
18787,-0.028023
18788,-0.009879
18789,-0.010588
18790,-0.003450
18791,-0.007549
18792,-0.039241
18793,-0.041356
18794,-0.034136
18795,-0.034368
18796,-0.010532
18797,-0.033556
18798,-0.028551
18799,0.014412
18800,0.042314
18801,0.132503
18802,0.105191
18803,0.041363
18804,0.015725
18805,-0.053023
18806,-0.089594
18807,-0.114693
18808,-0.086381
18809,-0.026538
18810,-0.020163
18811,0.018353
18812,0.069537
18813,0.055927
18814,0.020270
18815,0.040911
18816,0.005858
18817,-0.035275
18818,-0.054591
18819,-0.024457
18820,-0.010798
18821,-0.038824
18822,-0.004717
18823,0.032213
18824,0.052856
18825,0.034492
18826,0.026612
18827,0.031714
18828,0.017969
18829,0.011816
18830,-0.026076
18831,-0.073399
18832,-0.054810
18833,-0.011784
18834,0.003776
18835,0.027770
18836,0.052369
18837,0.050511
18838,0.042790
18839,0.018053
18840,-0.024265
18841,-0.065436
18842,-0.080838
18843,-0.071830
18844,-0.044767
18845,0.007897
18846,0.045202
18847,0.043597
18848,0.032403
18849,0.019551
18850,0.004118
18851,0.052310
18852,-0.002353
18853,-0.022274
18854,-0.046994
18855,-0.018747
18856,-0.026226
18857,-0.024399
18858,-0.011240
18859,-0.008341
18860,-0.004793
18861,0.054437
18862,0.021107
18863,-0.045608
18864,-0.017047
18865,-0.023154
18866,-0.004398
18867,0.015224
18868,0.031096
18869,0.029771
18870,0.017874
18871,0.025017
18872,0.009079
18873,0.003367
18874,0.039335
18875,0.026104
18876,-0.041422
18877,-0.078382
18878,-0.049018
18879,-0.038444
18880,0.009175
18881,0.034240
18882,0.055527
18883,-0.003469
18884,-0.013531
18885,0.024009
18886,-0.010561
18887,-0.020828
18888,-0.028743
18889,0.010431
18890,0.004304
18891,-0.009142
18892,-0.005463
18893,0.006491
18894,0.018495
18895,-0.010835
18896,-0.043861
18897,-0.001708
18898,0.033668
18899,0.057355
18900,0.054165
18901,0.022977
18902,-0.016415
18903,-0.001284
18904,-0.053584
18905,-0.027063
18906,-0.018985
18907,-0.015527
18908,-0.031764
18909,-0.001005
18910,0.021111
18911,-0.017687
18912,-0.013632
18913,-0.014606
18914,-0.018422
18915,-0.003235
18916,-0.018193
18917,-0.037817
18918,0.010116
18919,0.025694
18920,0.040387
18921,0.022188
18922,-0.024465
18923,-0.005199
18924,0.025874
18925,0.040566
18926,0.065055
18927,0.039228
18928,0.024156
18929,-0.027143
18930,-0.089233
18931,-0.026238
18932,-0.010013
18933,-0.033748
18934,0.017040
18935,0.007565
18936,0.012780
18937,0.000906
18938,-0.034281
18939,-0.014309
18940,-0.005424
18941,-0.004870
18942,-0.035710
18943,-0.042285
18944,0.043555
18945,0.052783
18946,0.033693
18947,0.037700
18948,-0.002354
18949,-0.051959
18950,-0.046536
18951,-0.026097
18952,-0.080814
18953,-0.024581
18954,0.075928
18955,0.049129
18956,0.002177
18957,0.020895
18958,0.037458
18959,0.029113
18960,0.047800
18961,0.063764
18962,0.050353
18963,-0.045480
18964,-0.121716
18965,-0.115355
18966,-0.132359
18967,-0.043969
18968,0.009497
18969,0.076095
18970,0.129035
18971,0.096050
18972,0.045591
18973,0.043535
18974,-0.008643
18975,-0.042878
18976,-0.066867
18977,-0.099206
18978,-0.014039
18979,0.007554
18980,0.054959
18981,0.084814
18982,0.023277
18983,-0.000485
18984,0.014092
18985,-0.024464
18986,-0.032971
18987,-0.052727
18988,-0.045685
18989,-0.035489
18990,-0.061866
18991,-0.025268
18992,0.035962
18993,0.004772
18994,-0.026672
18995,0.022495
18996,0.058216
18997,0.070943
18998,0.038059
18999,-0.038698
19000,-0.096336
19001,-0.034241
19002,0.010880
19003,0.036364
19004,0.051945
19005,0.023600
19006,0.000892
19007,-0.001863
19008,0.007665
19009,0.054590
19010,0.047556
19011,-0.000817
19012,-0.069767
19013,-0.068125
19014,-0.023468
19015,-0.027965
19016,-0.014212
19017,0.003075
19018,0.002051
19019,0.055941
19020,0.073968
19021,0.080643
19022,0.037379
19023,-0.037532
19024,-0.054829
19025,-0.029362
19026,-0.056911
19027,-0.056689
19028,-0.005107
19029,-0.015256
19030,-0.002631
19031,0.033388
19032,0.018174
19033,0.056231
19034,0.038044
19035,-0.022276
19036,-0.024175
19037,-0.029656
19038,-0.023097
19039,-0.019968
19040,-0.023107
19041,-0.003837
19042,0.022761
19043,0.004709
19044,-0.026437
19045,0.005717
19046,0.073057
19047,0.018981
19048,-0.016775
19049,0.004855
19050,0.013481
19051,0.012508
19052,0.029195
19053,0.026389
19054,-0.004306
19055,-0.080572
19056,-0.104263
19057,-0.062505
19058,-0.003945
19059,0.036231
19060,0.096046
19061,0.122144
19062,0.070995
19063,0.007808
19064,-0.045056
19065,-0.104853
19066,-0.131321
19067,-0.111225
19068,-0.013448
19069,0.043109
19070,0.059445
19071,0.109328
19072,0.086666
19073,0.023365
19074,0.034165
19075,0.027383
19076,-0.035707
19077,-0.053788
19078,-0.022452
19079,-0.056710
19080,-0.037342
19081,-0.031268
19082,-0.027785
19083,-0.010355
19084,-0.003644
19085,-0.013117
19086,-0.000501
19087,-0.015495
19088,0.002843
19089,-0.000162
19090,0.012178
19091,0.041886
19092,0.022608
19093,0.011215
19094,0.009550
19095,0.002435
19096,0.011084
19097,0.026494
19098,-0.003774
19099,0.015414
19100,-0.007500
19101,-0.035443
19102,-0.031258
19103,-0.032493
19104,-0.052372
19105,0.030207
19106,0.058011
19107,0.032791
19108,0.045975
19109,0.003369
19110,-0.034180
19111,-0.014285
19112,-0.024816
19113,0.021586
19114,0.005576
19115,-0.032560
19116,0.015238
19117,0.036407
19118,0.002409
19119,0.025758
19120,-0.003455
19121,-0.002458
19122,-0.001307
19123,-0.020898
19124,-0.035698
19125,-0.046093
19126,-0.044329
19127,-0.008388
19128,0.001945
19129,-0.005229
19130,0.027924
19131,-0.012621
19132,0.016447
19133,0.032919
19134,0.022432
19135,0.052121
19136,448.589783
19137,838.014526
19138,35.605816
19139,1010.567566
19140,1084.520874
19141,13.385989
19142,9.121556
19143,22.448019
19144,20.772303
19145,4.791557
19146,1.367319
19147,-12.636236
19148,-13.751099
19149,-9.224474
19150,-7.215823
19151,-2.307267
19152,2.774390
19153,-4.419137
19154,-12.430785
19155,-17.810322
19156,10.677944
19157,40.978893
19158,39.437286
19159,2.260324
19160,-11.150919
19161,-21.714142
19162,-24.599264
19163,-27.539919
19164,-13.393538
19165,1.239706
19166,7.085793
19167,29.837643
19168,53.190472
19169,57.485996
19170,19.622971
19171,-26.560555
19172,-58.876717
19173,-39.531540
19174,-2.554264
19175,-2.455926
19176,-13.824806
19177,-10.672543
19178,-8.995622
19179,-8.419016
19180,-5.645765
19181,14.448949
19182,47.728062
19183,55.434574
19184,24.723093
19185,-7.694530
19186,-40.264725
19187,-52.399925
19188,-38.068039
19189,-32.573418
19190,-0.525957
19191,0.010175
19192,0.015774
19193,-0.047143
19194,-0.039797
19195,-0.019666
19196,0.009139
19197,0.012560
19198,-0.016355
19199,-0.012779
19200,-0.025511
19201,-0.000302
19202,0.032115
19203,-0.016331
19204,-0.047543
19205,-0.040919
19206,-0.047689
19207,-0.003689
19208,0.031947
19209,-0.027838
19210,0.027932
19211,0.066958
19212,0.080185
19213,0.100631
19214,0.056504
19215,-0.033764
19216,-0.065459
19217,-0.050260
19218,-0.064999
19219,-0.042201
19220,0.023451
19221,0.023339
19222,0.015737
19223,0.015938
19224,-0.015998
19225,-0.056806
19226,-0.019827
19227,0.028773
19228,0.016505
19229,0.044909
19230,0.086174
19231,0.061117
19232,0.014052
19233,-0.027372
19234,-0.036442
19235,-0.090049
19236,-0.040270
19237,-0.015290
19238,-0.013823
19239,0.004218
19240,-0.035046
19241,-0.026148
19242,0.016531
19243,0.039965
19244,0.073134
19245,0.040736
19246,-0.031048
19247,-0.076387
19248,-0.063315
19249,-0.044708
19250,0.039370
19251,0.030396
19252,0.025794
19253,-0.000164
19254,-0.029756
19255,-0.006244
19256,0.009238
19257,0.026424
19258,0.035166
19259,0.024962
19260,-0.015299
19261,-0.041857
19262,-0.063027
19263,-0.037469
19264,0.023154
19265,0.054196
19266,0.040876
19267,0.056697
19268,0.040146
19269,0.069716
19270,0.043887
19271,0.022401
19272,-0.004806
19273,-0.000708
19274,-0.047702
19275,-0.065854
19276,-0.041329
19277,-0.037145
19278,-0.039323
19279,-0.005186
19280,0.016239
19281,-0.019803
19282,-0.055252
19283,-0.018406
19284,0.037582
19285,0.000511
19286,-0.011602
19287,-0.005801
19288,0.018958
19289,0.014527
19290,452.199097
19291,826.133240
19292,30.863070
19293,1027.266724
19294,1093.110596
19295,-8.423708
19296,-19.232088
19297,-25.716457
19298,-42.912365
19299,-34.777557
19300,2.569402
19301,28.058376
19302,29.924149
19303,9.282349
19304,7.585693
19305,26.915922
19306,51.155392
19307,41.531517
19308,5.386817
19309,-48.052979
19310,-59.998871
19311,-56.483505
19312,-32.289978
19313,-10.746800
19314,15.228845
19315,18.071224
19316,23.417030
19317,43.450031
19318,53.267090
19319,37.097076
19320,1.357253
19321,-25.924717
19322,-45.892132
19323,-34.623211
19324,-17.920067
19325,-0.493196
19326,-1.711869
19327,-0.040545
19328,4.552564
19329,-1.113810
19330,0.841171
19331,8.926199
19332,26.173679
19333,12.562837
19334,-23.263538
19335,-39.236324
19336,-36.470200
19337,-31.792690
19338,0.518130
19339,52.316452
19340,86.932343
19341,56.444416
19342,2.270351
19343,-55.595036
19344,-2.181745
19345,0.020313
19346,0.007826
19347,0.059449
19348,0.035616
19349,0.027410
19350,0.034729
19351,-0.059799
19352,-0.049857
19353,-0.035897
19354,-0.065277
19355,-0.084104
19356,-0.022696
19357,0.004419
19358,-0.005882
19359,0.008867
19360,-0.031235
19361,0.022485
19362,0.033445
19363,0.042860
19364,0.047447
19365,-0.019842
19366,-0.007028
19367,0.001540
19368,0.078490
19369,0.056186
19370,-0.006883
19371,0.010223
19372,-0.024734
19373,-0.031284
19374,-0.007050
19375,-0.022297
19376,-0.040131
19377,0.006361
19378,-0.010695
19379,-0.032242
19380,0.008417
19381,0.035333
19382,0.018065
19383,-0.001744
19384,0.015873
19385,0.006400
19386,0.000982
19387,0.005346
19388,-0.056264
19389,-0.063745
19390,-0.030037
19391,-0.032210
19392,-0.012273
19393,0.009388
19394,454.636658
19395,818.109558
19396,27.660173
19397,1038.544189
19398,1099.010742
19399,-33.773529
19400,-17.021305
19401,3.401901
19402,25.332880
19403,36.393608
19404,40.687389
19405,32.369553
19406,-10.347395
19407,-25.841352
19408,-22.457788
19409,-33.622723
19410,-42.826080
19411,-8.082762
19412,10.611695
19413,39.682411
19414,46.780842
19415,7.978398
19416,-4.397685
19417,-22.103329
19418,-11.506487
19419,-13.165462
19420,9.858637
19421,16.149765
19422,17.221991
19423,6.809066
19424,3.387137
19425,-0.878969
19426,-13.379402
19427,-23.087828
19428,-34.842670
19429,-12.597660
19430,11.891274
19431,32.460442
19432,32.566154
19433,14.550591
19434,-0.712823
19435,-27.940241
19436,-42.058693
19437,-26.582682
19438,1.203325
19439,17.402912
19440,13.135883
19441,-5.620491
19442,4.087242
19443,24.216854
19444,22.926346
19445,11.291009
19446,-2.471862
19447,-10.315831
19448,-0.500763
19449,0.073866
19450,0.074201
19451,0.038792
19452,0.037142
19453,0.019745
19454,0.007171
19455,0.006854
19456,-0.043918
19457,-0.082841
19458,-0.140722
19459,-0.101835
19460,-0.052049
19461,-0.012117
19462,0.033220
19463,0.054615
19464,0.069764
19465,0.084304
19466,0.074156
19467,0.009912
19468,0.009255
19469,-0.075102
19470,-0.019917
19471,-0.016200
19472,-0.054578
19473,-0.010227
19474,0.011953
19475,0.028831
19476,0.030728
19477,-0.018883
19478,0.022230
19479,-0.047580
19480,-0.046762
19481,-0.024261
19482,0.014775
19483,0.035477
19484,0.071417
19485,0.090700
19486,0.099975
19487,0.036744
19488,0.009170
19489,-0.009999
19490,-0.071401
19491,-0.060453
19492,-0.031719
19493,-0.076664
19494,-0.098292
19495,-0.105400
19496,-0.029285
19497,-0.021726
19498,0.006942
19499,0.121191
19500,0.089153
19501,0.077033
19502,0.039667
19503,0.024916
19504,0.033650
19505,-0.015758
19506,-0.043423
19507,-0.034845
19508,-0.014908
19509,0.005972
19510,0.032099
19511,-0.011866
19512,-0.017903
19513,-0.064766
19514,-0.038362
19515,0.019181
19516,0.032168
19517,0.046761
19518,0.011400
19519,-0.000540
19520,0.000617
19521,-0.001180
19522,0.045001
19523,-0.009465
19524,-0.042943
19525,-0.050223
19526,-0.024034
19527,-0.013280
19528,0.027439
19529,0.025944
19530,0.029202
19531,-0.023623
19532,-0.046567
19533,-0.018305
19534,-0.017881
19535,0.049667
19536,0.042510
19537,0.031049
19538,0.010563
19539,-0.003525
19540,-0.023897
19541,-0.041751
19542,-0.029647
19543,0.011441
19544,-0.007254
19545,-0.013756
19546,0.011400
19547,0.000530
19548,458.246399
19549,806.228271
19550,22.917427
19551,1055.243408
19552,1107.645874
19553,-5.110978
19554,8.301985
19555,19.201506
19556,25.721397
19557,14.082624
19558,-6.663568
19559,-39.794041
19560,-36.474636
19561,-29.872305
19562,-3.061457
19563,6.172740
19564,19.383547
19565,11.954725
19566,7.413447
19567,-18.388638
19568,-29.391571
19569,-11.693000
19570,23.388388
19571,43.588982
19572,44.544582
19573,28.805107
19574,13.615987
19575,-2.314035
19576,-21.671793
19577,-17.052567
19578,-17.115110
19579,-35.112816
19580,-27.433020
19581,-29.653112
19582,-23.204927
19583,-16.970938
19584,-2.176707
19585,33.249630
19586,61.491596
19587,73.363327
19588,65.800507
19589,8.014990
19590,-27.274054
19591,-74.517548
19592,-90.080147
19593,-67.004845
19594,-6.893702
19595,48.977402
19596,83.696266
19597,53.948204
19598,27.362741
19599,-5.233871
19600,-25.735859
19601,-38.309296
19602,-0.763245
19603,0.016083
19604,0.054861
19605,0.022125
19606,-0.014522
19607,0.012429
19608,-0.024362
19609,-0.060189
19610,-0.065791
19611,-0.035377
19612,-0.011929
19613,0.023292
19614,0.081611
19615,0.062837
19616,0.037740
19617,0.023060
19618,-0.027741
19619,-0.005552
19620,-0.017191
19621,-0.017058
19622,0.026136
19623,0.008513
19624,-0.050723
19625,-0.036317
19626,-0.008726
19627,0.008080
19628,0.017484
19629,0.055013
19630,0.035955
19631,0.011868
19632,0.010902
19633,-0.018621
19634,0.013182
19635,-0.004369
19636,-0.038570
19637,-0.023246
19638,-0.074816
19639,-0.060291
19640,-0.067302
19641,0.014589
19642,0.081818
19643,0.044624
19644,0.012334
19645,0.004622
19646,0.002929
19647,0.019056
19648,0.006582
19649,-0.034393
19650,-0.010679
19651,0.036486
19652,0.072469
19653,0.030603
19654,-0.003103
19655,-0.010945
19656,-0.026688
19657,0.019199
19658,0.030788
19659,-0.007175
19660,-0.013982
19661,-0.046702
19662,-0.034711
19663,-0.041291
19664,-0.009384
19665,0.006368
19666,0.007764
19667,-0.027583
19668,-0.020224
19669,0.018300
19670,0.031527
19671,0.035045
19672,0.041333
19673,0.054154
19674,0.035370
19675,-0.002818
19676,-0.053811
19677,-0.046549
19678,-0.036738
19679,0.013903
19680,0.030649
19681,0.044747
19682,0.059978
19683,0.005450
19684,-0.055967
19685,-0.036327
19686,-0.029869
19687,-0.019036
19688,-0.040117
19689,0.007458
19690,0.018116
19691,-0.053277
19692,-0.071727
19693,0.021550
19694,0.064282
19695,0.014847
19696,0.040170
19697,0.040631
19698,0.023652
19699,0.016491
19700,0.003301
19701,-0.006359
19702,461.856018
19703,794.347046
19704,18.174679
19705,1071.942505
19706,1116.309082
19707,-14.704497
19708,8.569309
19709,37.740883
19710,43.316067
19711,5.638761
19712,-25.181913
19713,-43.779835
19714,-35.180420
19715,-9.200618
19716,-2.401712
19717,-4.675625
19718,1.583928
19719,5.609392
19720,15.007531
19721,1.242780
19722,3.579587
19723,20.426483
19724,41.284100
19725,23.693562
19726,4.866527
19727,-13.695224
19728,-25.837036
19729,-13.234256
19730,4.562487
19731,19.114979
19732,25.286953
19733,5.333997
19734,-20.434675
19735,-50.329418
19736,-62.481083
19737,-14.083801
19738,21.828102
19739,25.594227
19740,10.179626
19741,-2.698323
19742,0.851014
19743,9.268747
19744,25.565609
19745,28.685602
19746,2.140875
19747,-33.028980
19748,-46.215668
19749,-19.401083
19750,0.801388
19751,39.918602
19752,55.622875
19753,48.019730
19754,19.529345
19755,-20.645996
19756,-0.514111
19757,0.015738
19758,0.018686
19759,-0.031724
19760,-0.062044
19761,-0.047900
19762,-0.056019
19763,-0.065218
19764,-0.034441
19765,0.002800
19766,0.056325
19767,0.074416
19768,0.073023
19769,0.098272
19770,0.034765
19771,-0.011969
19772,-0.038276
19773,-0.041690
19774,-0.054451
19775,-0.035215
19776,-0.005468
19777,-0.008583
19778,-0.030607
19779,-0.007712
19780,0.035576
19781,0.045474
19782,0.045261
19783,0.045840
19784,-0.002217
19785,-0.023169
19786,-0.028927
19787,-0.025452
19788,-0.016759
19789,-0.018553
19790,-0.005179
19791,-0.022293
19792,0.028646
19793,-0.007575
19794,-0.040823
19795,0.025381
19796,0.039336
19797,0.012516
19798,-0.006620
19799,-0.011718
19800,-0.103153
19801,-0.091396
19802,-0.010270
19803,0.043044
19804,0.037913
19805,0.047995
19806,0.079332
19807,0.052372
19808,0.024200
19809,-0.030533
19810,-0.011052
19811,-0.005005
19812,-0.019018
19813,0.046664
19814,0.026017
19815,-0.009038
19816,0.009567
19817,-0.025640
19818,-0.022790
19819,-0.027044
19820,0.015278
19821,-0.008925
19822,-0.053098
19823,-0.056118
19824,-0.039749
19825,-0.013243
19826,0.013621
19827,0.031989
19828,0.017922
19829,0.004152
19830,-0.004165
19831,0.026142
19832,0.062254
19833,0.075037
19834,0.060637
19835,0.001130
19836,-0.097828
19837,-0.056339
19838,-0.066541
19839,-0.051712
19840,0.078260
19841,0.059391
19842,0.035380
19843,0.018508
19844,-0.050123
19845,-0.076730
19846,0.003566
19847,0.018238
19848,0.017807
19849,0.004133
19850,-0.027033
19851,-0.033997
19852,0.014178
19853,0.054771
19854,0.059037
19855,0.049938
19856,0.002643
19857,-0.033270
19858,-0.016286
19859,-0.046752
19860,-0.002505
19861,0.000846
19862,-0.013337
19863,-0.002495
19864,-0.002954
19865,-0.023675
19866,0.013006
19867,-0.011552
19868,-0.033383
19869,-0.001177
19870,-0.026776
19871,-0.062650
19872,-0.013012
19873,0.058002
19874,0.085419
19875,0.092487
19876,0.010591
19877,-0.023121
19878,-0.036635
19879,-0.021666
19880,0.060292
19881,0.066799
19882,0.082211
19883,0.048625
19884,-0.046309
19885,-0.070259
19886,-0.054385
19887,-0.052830
19888,-0.116088
19889,-0.100611
19890,-0.083482
19891,-0.052277
19892,0.021593
19893,0.055366
19894,0.098857
19895,0.121907
19896,0.086806
19897,0.019874
19898,-0.046077
19899,-0.066520
19900,-0.067117
19901,-0.020587
19902,-0.014919
19903,0.008525
19904,0.043724
19905,0.035241
19906,0.034503
19907,0.049901
19908,0.002745
19909,0.031345
19910,0.065920
19911,-0.002833
19912,-0.055670
19913,-0.019571
19914,0.021668
19915,0.025092
19916,-0.015121
19917,-0.025135
19918,-0.078591
19919,-0.096142
19920,-0.049258
19921,-0.060367
19922,0.014449
19923,0.046089
19924,0.064596
19925,0.074142
19926,0.031950
19927,0.025570
19928,0.014281
19929,-0.041777
19930,-0.023044
19931,0.004643
19932,-0.011903
19933,-0.000342
19934,0.002405
19935,0.004387
19936,-0.033906
19937,-0.018529
19938,0.033648
19939,0.046824
19940,-0.014488
19941,-0.022671
19942,-0.040744
19943,-0.050416
19944,0.021407
19945,0.026160
19946,-0.008934
19947,0.023553
19948,-0.027054
19949,-0.056791
19950,-0.029513
19951,-0.054678
19952,0.011509
19953,0.083031
19954,0.012566
19955,0.053705
19956,0.070055
19957,0.038387
19958,0.051266
19959,0.016718
19960,0.012804
19961,0.013123
19962,-0.017554
19963,-0.081354
19964,-0.092087
19965,-0.068425
19966,-0.029835
19967,-0.025929
19968,-0.005380
19969,0.043046
19970,0.049470
19971,-0.019203
19972,-0.032501
19973,0.056285
19974,0.044446
19975,-0.018614
19976,-0.045272
19977,-0.026821
19978,-0.011618
19979,0.031724
19980,0.066747
19981,0.116972
19982,0.081388
19983,-0.025615
19984,-0.067036
19985,-0.115462
19986,-0.169871
19987,-0.059637
19988,0.019360
19989,0.083886
19990,0.085831
19991,0.066170
19992,-0.010718
19993,-0.023100
19994,-0.059301
19995,-0.020575
19996,0.028012
19997,0.099835
19998,0.082852
19999,-0.011921
20000,-0.070930
20001,-0.079273
20002,-0.049471
20003,-0.052005
20004,-0.012218
20005,-0.001041
20006,0.039043
20007,0.048433
20008,0.060797
20009,0.030082
20010,-0.047694
20011,-0.044100
20012,0.000000
20013,-0.001060
20014,0.009834
20015,0.037255
20016,-0.006005
20017,-0.075710
20018,-0.036069
20019,-0.032188
20020,0.035468
20021,0.038132
20022,0.029212
20023,0.033525
20024,0.035479
20025,0.039793
20026,0.033692
20027,0.016536
20028,-0.046510
20029,-0.077638
20030,-0.079584
20031,-0.121146
20032,-0.037138
20033,0.094969
20034,0.129047
20035,0.114709
20036,0.036917
20037,0.008639
20038,-0.052817
20039,-0.101007
20040,-0.040500
20041,-0.018925
20042,-0.056641
20043,-0.040795
20044,0.011065
20045,0.060379
20046,0.039575
20047,-0.006880
20048,-0.015504
20049,-0.023541
20050,-0.033380
20051,-0.037100
20052,0.008089
20053,0.065160
20054,0.083402
20055,0.038693
20056,0.013427
20057,0.027678
20058,0.026854
20059,0.051397
20060,0.025255
20061,-0.018556
20062,-0.056390
20063,-0.054045
20064,-0.024775
20065,-0.059091
20066,-0.079830
20067,-0.038652
20068,0.017439
20069,0.055968
20070,0.043870
20071,0.060977
20072,0.025534
20073,-0.044321
20074,-0.085192
20075,-0.047869
20076,-0.015803
20077,-0.002001
20078,-0.016709
20079,-0.007503
20080,0.042381
20081,0.079817
20082,0.098275
20083,0.005916
20084,-0.091242
20085,-0.085237
20086,-0.011534
20087,0.028243
20088,0.081931
20089,0.056687
20090,0.014479
20091,-0.037056
20092,-0.074623
20093,-0.107160
20094,-0.050352
20095,-0.049486
20096,-0.036018
20097,0.014066
20098,0.071264
20099,0.046896
20100,0.004164
20101,0.051461
20102,0.051786
20103,0.041088
20104,0.089023
20105,0.055752
20106,-0.002685
20107,-0.058233
20108,-0.066241
20109,0.018084
20110,-0.021690
20111,0.007621
20112,-0.015633
20113,-0.038408
20114,0.005645
20115,-0.005234
20116,-0.030146
20117,-0.038413
20118,-0.046174
20119,-0.003506
20120,0.053039
20121,0.064184
20122,0.091477
20123,0.054244
20124,0.009565
20125,-0.008038
20126,-0.093630
20127,-0.102358
20128,-0.098561
20129,-0.059787
20130,-0.054046
20131,0.048237
20132,0.070359
20133,-0.001319
20134,0.028346
20135,0.058759
20136,0.034657
20137,0.011831
20138,0.035705
20139,0.009828
20140,0.008706
20141,0.022477
20142,-0.018516
20143,-0.013820
20144,-0.052642
20145,-0.083084
20146,-0.068169
20147,0.002670
20148,0.109692
20149,0.088873
20150,0.090920
20151,0.079130
20152,0.001777
20153,-0.071351
20154,-0.091995
20155,-0.084354
20156,465.298004
20157,759.320496
20158,9.007587
20159,1121.172729
20160,1123.949219
20161,11.626630
20162,-5.638601
20163,1.489605
20164,9.413965
20165,2.410920
20166,-10.786993
20167,-13.145015
20168,-2.825748
20169,-13.413876
20170,-18.378025
20171,-18.327383
20172,-4.527462
20173,26.650438
20174,28.618227
20175,23.312391
20176,12.026813
20177,9.773759
20178,1.251033
20179,-20.568157
20180,-37.128574
20181,-25.596256
20182,-26.868313
20183,-29.020027
20184,-22.976467
20185,19.073282
20186,56.900234
20187,69.336685
20188,51.669724
20189,8.599655
20190,-30.009357
20191,-51.241798
20192,-60.249882
20193,-59.638454
20194,-37.774521
20195,-11.338324
20196,33.403709
20197,69.895241
20198,82.904747
20199,48.147827
20200,9.509139
20201,-26.048397
20202,-28.291965
20203,-14.809171
20204,-16.318277
20205,-37.898289
20206,-30.909235
20207,8.787581
20208,32.070400
20209,12.230046
20210,-0.110670
20211,-0.070126
20212,0.026603
20213,0.082204
20214,0.081720
20215,0.034492
20216,-0.016815
20217,-0.015649
20218,0.030985
20219,0.029735
20220,-0.016804
20221,-0.032783
20222,0.015309
20223,0.029166
20224,0.065110
20225,0.067741
20226,0.001670
20227,-0.005412
20228,-0.051354
20229,-0.101460
20230,-0.094102
20231,-0.044170
20232,0.002714
20233,0.051849
20234,0.025841
20235,0.017574
20236,-0.001217
20237,0.020017
20238,0.001940
20239,-0.010391
20240,0.042783
20241,-0.022581
20242,-0.024154
20243,-0.024133
20244,0.008167
20245,0.033239
20246,0.043331
20247,0.050783
20248,0.008315
20249,-0.019989
20250,-0.071395
20251,-0.042973
20252,-0.032296
20253,0.013615
20254,0.037401
20255,0.065572
20256,0.058695
20257,-0.023286
20258,-0.092097
20259,-0.056323
20260,0.013065
20261,-0.034594
20262,-0.016976
20263,0.034336
20264,-0.006302
20265,-0.008991
20266,0.029500
20267,0.079947
20268,0.092989
20269,0.022095
20270,-0.000906
20271,-0.004019
20272,-0.006009
20273,-0.002544
20274,-0.034003
20275,-0.049057
20276,-0.094097
20277,-0.044207
20278,0.040282
20279,0.018299
20280,-0.003668
20281,0.020421
20282,0.050269
20283,0.028849
20284,0.038969
20285,0.031761
20286,-0.009977
20287,-0.054478
20288,-0.043620
20289,-0.012917
20290,-0.038087
20291,-0.057935
20292,0.013181
20293,0.032998
20294,-0.002985
20295,0.017393
20296,0.059966
20297,-0.002028
20298,0.020021
20299,0.029606
20300,0.021119
20301,0.002827
20302,-0.013655
20303,-0.041073
20304,-0.027075
20305,-0.046391
20306,-0.034351
20307,-0.003606
20308,0.040990
20309,0.068186
20310,0.080621
20311,0.052480
20312,0.010244
20313,-0.055726
20314,-0.065945
20315,-0.025301
20316,-0.029423
20317,-0.067959
20318,-0.042602
20319,-0.009605
20320,0.028422
20321,0.049808
20322,0.010094
20323,-0.009393
20324,-0.036106
20325,-0.032548
20326,0.057893
20327,0.064779
20328,0.049985
20329,0.048132
20330,0.010652
20331,-0.012963
20332,0.038267
20333,-0.004803
20334,-0.053074
20335,-0.084137
20336,-0.030120
20337,-0.024287
20338,-0.016048
20339,0.023898
20340,0.049771
20341,0.053595
20342,-0.004285
20343,-0.011068
20344,0.010585
20345,0.025928
20346,-0.024696
20347,-0.043900
20348,-0.057605
20349,-0.110608
20350,-0.005721
20351,0.107038
20352,0.091438
20353,-0.000572
20354,-0.020622
20355,-0.024380
20356,0.013666
20357,0.037238
20358,0.075161
20359,0.038467
20360,-0.038394
20361,-0.068050
20362,-0.060152
20363,-0.065963
20364,-0.046588
20365,0.019842
20366,-0.002461
20367,0.008178
20368,0.042429
20369,0.045267
20370,-0.006937
20371,0.012197
20372,-0.018650
20373,-0.003692
20374,0.026602
20375,0.018829
20376,0.002081
20377,-0.022301
20378,-0.051282
20379,-0.035540
20380,-0.034894
20381,0.001736
20382,-0.000900
20383,0.000332
20384,0.020025
20385,0.057433
20386,0.041231
20387,-0.001700
20388,-0.033604
20389,-0.049019
20390,-0.009836
20391,-0.010548
20392,0.009911
20393,0.040989
20394,0.041862
20395,0.041361
20396,0.023399
20397,-0.035892
20398,-0.025629
20399,-0.057316
20400,-0.065154
20401,-0.049745
20402,0.014043
20403,0.020237
20404,0.012144
20405,0.061613
20406,0.080614
20407,0.047085
20408,0.019961
20409,-0.046739
20410,0.006405
20411,-0.015902
20412,-0.037926
20413,-0.038916
20414,-0.028805
20415,0.021990
20416,0.018763
20417,0.019994
20418,0.087435
20419,0.083940
20420,0.031490
20421,0.031485
20422,-0.031618
20423,-0.050121
20424,-0.005859
20425,-0.023195
20426,-0.036424
20427,-0.105763
20428,-0.126375
20429,-0.070942
20430,0.024543
20431,0.037431
20432,0.068500
20433,0.049913
20434,0.028306
20435,0.056236
20436,0.070021
20437,0.056677
20438,0.001432
20439,-0.068213
20440,-0.083449
20441,-0.048924
20442,-0.018314
20443,0.014153
20444,0.024266
20445,0.032709
20446,0.002524
20447,0.009283
20448,-0.012021
20449,-0.020174
20450,-0.038452
20451,-0.021790
20452,0.003730
20453,0.044974
20454,0.028671
20455,-0.004823
20456,0.030618
20457,0.036174
20458,-0.027596
20459,-0.063419
20460,-0.022605
20461,-0.004021
20462,0.065813
20463,0.031146
20464,-0.032062
20465,-0.022664
20466,-0.026808
20467,-0.014948
20468,-0.020762
20469,-0.022014
20470,0.027786
20471,-0.011249
20472,-0.022342
20473,0.002315
20474,-0.031852
20475,-0.033422
20476,-0.038169
20477,-0.060499
20478,0.026775
20479,0.091610
20480,0.160773
20481,0.129224
20482,0.025787
20483,-0.020138
20484,-0.077616
20485,-0.082338
20486,-0.051405
20487,-0.027207
20488,-0.011223
20489,0.002163
20490,-0.030879
20491,-0.047630
20492,0.015268
20493,0.063315
20494,0.094323
20495,0.069409
20496,0.008147
20497,-0.017724
20498,-0.016198
20499,-0.003189
20500,-0.078619
20501,-0.080651
20502,-0.059034
20503,0.015086
20504,0.059790
20505,0.014153
20506,-0.003591
20507,0.041213
20508,0.022306
20509,0.020387
20510,-0.028371
20511,-0.075235
20512,-0.057694
20513,-0.040875
20514,0.002806
20515,0.008019
20516,-0.039206
20517,0.041870
20518,0.058015
20519,0.032392
20520,0.052274
20521,0.046726
20522,0.063230
20523,0.012240
20524,-0.081579
20525,-0.058601
20526,-0.038618
20527,-0.091416
20528,-0.067742
20529,-0.004232
20530,0.049757
20531,0.062084
20532,0.063467
20533,0.044900
20534,0.030284
20535,0.038280
20536,-0.025080
20537,-0.028101
20538,0.008427
20539,-0.035537
20540,-0.035497
20541,-0.012266
20542,0.001177
20543,0.021744
20544,0.012176
20545,-0.013872
20546,0.005464
20547,-0.040666
20548,-0.017799
20549,-0.007080
20550,-0.022661
20551,-0.003862
20552,0.002343
20553,0.007110
20554,0.041186
20555,0.002889
20556,0.015870
20557,0.062172
20558,0.011187
20559,-0.023286
20560,-0.002131
20561,-0.028610
20562,-0.049694
20563,-0.071718
20564,-0.005245
20565,0.045142
20566,0.039530
20567,0.007467
20568,0.032613
20569,0.015343
20570,0.037185
20571,0.020947
20572,0.007468
20573,0.000332
20574,0.005322
20575,0.010061
20576,-0.056364
20577,-0.054111
20578,-0.046812
20579,-0.042512
20580,-0.006344
20581,0.003268
20582,0.010257
20583,0.050227
20584,0.003371
20585,-0.043038
20586,-0.022546
20587,0.045351
20588,0.014375
20589,0.008714
20590,0.041565
20591,-0.007785
20592,0.019089
20593,0.058346
20594,0.040938
20595,0.036276
20596,-0.019678
20597,-0.068604
20598,-0.116629
20599,-0.111213
20600,-0.079902
20601,-0.026708
20602,0.039619
20603,0.037891
20604,0.054991
20605,0.052732
20606,0.032203
20607,0.020909
20608,0.083995
20609,0.038102
20610,0.010256
20611,-0.011793
20612,-0.037010
20613,-0.094896
20614,-0.087107
20615,-0.000678
20616,0.038052
20617,0.079848
20618,0.003994
20619,-0.014656
20620,0.000028
20621,-0.022379
20622,-0.009437
20623,0.031496
20624,0.014985
20625,-0.011390
20626,-0.030026
20627,-0.008715
20628,0.012090
20629,0.021645
20630,-0.002274
20631,-0.004652
20632,0.034316
20633,0.000819
20634,-0.044590
20635,-0.051711
20636,-0.046486
20637,-0.012898
20638,0.042716
20639,0.081259
20640,0.064849
20641,0.031615
20642,-0.001852
20643,-0.056384
20644,-0.002259
20645,-0.003173
20646,0.006221
20647,0.043151
20648,0.009533
20649,-0.001610
20650,-0.018122
20651,-0.102027
20652,-0.085626
20653,-0.033178
20654,-0.025831
20655,0.012817
20656,-0.003068
20657,-0.005223
20658,0.032985
20659,0.066317
20660,0.088264
20661,0.025741
20662,-0.040563
20663,-0.019629
20664,-0.022810
20665,-0.010033
20666,-0.031571
20667,0.022750
20668,0.024893
20669,0.004413
20670,0.004695
20671,-0.030381
20672,-0.015467
20673,-0.006198
20674,0.023967
20675,0.102550
20676,0.056899
20677,0.004172
20678,-0.007311
20679,-0.070765
20680,-0.055469
20681,-0.071024
20682,-0.041367
20683,-0.007198
20684,-0.024321
20685,-0.008730
20686,0.075956
20687,0.041175
20688,0.036996
20689,0.019685
20690,-0.010976
20691,-0.040912
20692,-0.009421
20693,0.018728
20694,0.029418
20695,0.057167
20696,0.020301
20697,-0.005233
20698,-0.031244
20699,-0.035964
20700,-0.031058
20701,-0.018443
20702,0.028559
20703,0.052297
20704,0.010508
20705,-0.001595
20706,-0.061772
20707,-0.071116
20708,-0.030369
20709,0.004547
20710,0.046041
20711,0.060041
20712,0.016860
20713,-0.001660
20714,-0.080126
20715,-0.091215
20716,-0.011276
20717,0.055817
20718,0.069750
20719,0.090549
20720,0.047375
20721,-0.007899
20722,0.008844
20723,-0.036359
20724,-0.004470
20725,-0.015860
20726,-0.053547
20727,-0.044812
20728,-0.059159
20729,-0.023654
20730,0.001745
20731,0.019640
20732,0.079622
20733,0.028652
20734,0.005818
20735,-0.020253
20736,-0.035761
20737,-0.062865
20738,-0.030510
20739,-0.004250
20740,0.028787
20741,0.054312
20742,0.067641
20743,0.055506
20744,0.014283
20745,-0.002050
20746,-0.029874
20747,-0.071722
20748,-0.078888
20749,-0.037130
20750,0.012976
20751,-0.000343
20752,0.022741
20753,0.069183
20754,-0.003424
20755,-0.019247
20756,-0.034785
20757,-0.018389
20758,0.042017
20759,0.007188
20760,-0.026463
20761,-0.004133
20762,-0.024410
20763,-0.031437
20764,0.007071
20765,0.027942
20766,0.013253
20767,-0.020701
20768,-0.008815
20769,0.018294
20770,0.015497
20771,0.021300
20772,0.053126
20773,0.034595
20774,0.047905
20775,0.036760
20776,-0.004496
20777,-0.023463
20778,-0.079305
20779,-0.081745
20780,-0.040240
20781,-0.026335
20782,-0.002396
20783,-0.015348
20784,0.034835
20785,0.114867
20786,0.046773
20787,-0.021797
20788,-0.046424
20789,-0.074914
20790,-0.043552
20791,0.011959
20792,-0.015609
20793,0.012394
20794,-0.027501
20795,-0.012022
20796,0.004780
20797,0.006381
20798,0.037420
20799,0.015873
20800,0.007642
20801,0.054946
20802,0.040078
20803,0.033799
20804,0.054358
20805,0.006428
20806,-0.050402
20807,-0.052139
20808,-0.050898
20809,-0.023899
20810,-0.019581
20811,-0.039057
20812,-0.012403
20813,0.009828
20814,-0.021003
20815,0.031556
20816,0.079487
20817,0.067556
20818,0.013078
20819,-0.061114
20820,-0.096764
20821,-0.021048
20822,0.048839
20823,0.073657
20824,0.052176
20825,-0.036933
20826,-0.045538
20827,-0.009814
20828,0.018065
20829,0.046084
20830,0.031406
20831,0.034733
20832,0.005911
20833,-0.015870
20834,-0.004780
20835,0.016005
20836,0.003224
20837,-0.055236
20838,-0.029988
20839,-0.046558
20840,-0.070987
20841,-0.010486
20842,-0.003636
20843,0.033993
20844,0.048381
20845,-0.006647
20846,-0.005246
20847,0.019710
20848,0.047581
20849,0.047649
20850,0.020926
20851,-0.051721
20852,-0.061790
20853,-0.020982
20854,-0.017734
20855,-0.028365
20856,0.002338
20857,-0.027410
20858,-0.021200
20859,0.021749
20860,449.442932
20861,705.006165
20862,8.689497
20863,1197.511963
20864,1102.110229
20865,-26.607536
20866,-30.837791
20867,-1.144313
20868,37.990921
20869,30.142700
20870,10.432144
20871,6.770210
20872,4.608148
20873,16.466887
20874,21.785353
20875,2.148544
20876,-14.973137
20877,-32.658279
20878,-33.177311
20879,-19.724552
20880,-5.839383
20881,-3.801372
20882,-10.224649
20883,0.403691
20884,-1.349853
20885,-10.121346
20886,15.842833
20887,20.063026
20888,2.907662
20889,4.059874
20890,15.345589
20891,29.383129
20892,34.191284
20893,25.487347
20894,9.143166
20895,-38.260162
20896,-55.048248
20897,-42.556080
20898,-41.703106
20899,-30.160549
20900,3.977420
20901,40.377037
20902,57.092518
20903,47.518929
20904,27.456944
20905,4.031456
20906,-16.049095
20907,-24.969080
20908,-17.655531
20909,-14.544935
20910,-17.197165
20911,-4.737370
20912,-3.902340
20913,-10.154366
20914,0.057468
20915,0.095294
20916,0.056519
20917,-0.025342
20918,-0.056477
20919,-0.053235
20920,0.005911
20921,0.067412
20922,0.038326
20923,-0.000044
20924,-0.054045
20925,-0.061594
20926,0.012945
20927,0.030260
20928,-0.000476
20929,-0.015733
20930,-0.014299
20931,-0.040777
20932,-0.015862
20933,0.051571
20934,0.101328
20935,0.059518
20936,0.009602
20937,-0.063875
20938,-0.088544
20939,-0.050575
20940,-0.046976
20941,-0.003048
20942,-0.003155
20943,0.018309
20944,0.048413
20945,0.085383
20946,0.079830
20947,0.036901
20948,-0.043206
20949,-0.104080
20950,-0.098064
20951,-0.088677
20952,-0.038729
20953,0.035475
20954,0.088768
20955,0.096749
20956,0.048768
20957,0.014546
20958,0.033242
20959,-0.028542
20960,-0.087317
20961,-0.079111
20962,-0.009586
20963,-0.020296
20964,0.018701
20965,0.056451
20966,0.046065
20967,0.006874
20968,0.013353
20969,0.011179
20970,-0.002092
20971,-0.009876
20972,-0.005010
20973,0.015719
20974,0.000349
20975,-0.020233
20976,-0.022134
20977,-0.047213
20978,-0.064190
20979,-0.056116
20980,-0.046094
20981,0.025738
20982,0.106267
20983,0.082240
20984,0.050631
20985,0.080945
20986,0.067232
20987,0.040412
20988,-0.039028
20989,-0.075531
20990,-0.089126
20991,-0.079256
20992,-0.044272
20993,-0.030635
20994,-0.025316
20995,0.021285
20996,0.051098
20997,0.052719
20998,0.039549
20999,0.000477
21000,-0.007048
21001,0.005408
21002,-0.024425
21003,-0.051408
21004,-0.011872
21005,0.012293
21006,0.023915
21007,-0.000011
21008,-0.025126
21009,0.054777
21010,0.077904
21011,0.009084
21012,-0.039075
21013,-0.031452
21014,0.012027
21015,0.001860
21016,-0.028201
21017,0.004933
21018,-0.015518
21019,-0.022662
21020,0.015032
21021,-0.003480
21022,-0.020841
21023,0.026278
21024,0.013832
21025,0.025829
21026,-0.000039
21027,-0.043473
21028,-0.018200
21029,0.004015
21030,-0.000737
21031,-0.005307
21032,0.054625
21033,0.004379
21034,-0.044904
21035,-0.001961
21036,0.023281
21037,0.015829
21038,0.014475
21039,-0.015194
21040,-0.035301
21041,-0.019589
21042,-0.045362
21043,0.003433
21044,0.011289
21045,-0.014375
21046,0.067669
21047,0.032513
21048,0.035073
21049,0.022118
21050,0.024143
21051,-0.027707
21052,-0.051040
21053,-0.014360
21054,0.007700
21055,-0.039468
21056,0.005569
21057,-0.030792
21058,-0.084495
21059,-0.029882
21060,0.042202
21061,0.090679
21062,0.132053
21063,0.111886
21064,0.068532
21065,-0.015810
21066,-0.079787
21067,-0.093559
21068,-0.071837
21069,-0.030263
21070,0.009718
21071,-0.002315
21072,-0.015220
21073,0.006802
21074,-0.031148
21075,-0.048110
21076,-0.027991
21077,0.007158
21078,0.021522
21079,0.034483
21080,0.053773
21081,0.062983
21082,-0.017054
21083,-0.035820
21084,-0.055792
21085,-0.073995
21086,-0.030208
21087,0.015837
21088,0.032681
21089,0.009108
21090,-0.021051
21091,0.006113
21092,0.071602
21093,0.047924
21094,0.004000
21095,0.027322
21096,0.040294
21097,-0.003431
21098,-0.035678
21099,-0.021705
21100,-0.002688
21101,-0.007350
21102,-0.009316
21103,0.055723
21104,0.007245
21105,-0.055035
21106,-0.001662
21107,0.016892
21108,-0.014207
21109,0.016292
21110,0.009371
21111,-0.010133
21112,-0.017052
21113,-0.013378
21114,-0.059919
21115,-0.076759
21116,-0.047613
21117,-0.001054
21118,0.047802
21119,0.052187
21120,0.071130
21121,0.084442
21122,0.056016
21123,0.026767
21124,0.007982
21125,-0.076325
21126,-0.115054
21127,-0.071438
21128,0.004799
21129,0.001900
21130,0.016262
21131,0.044175
21132,0.003480
21133,0.004799
21134,-0.048563
21135,-0.037721
21136,0.020635
21137,0.014443
21138,-0.007679
21139,-0.043304
21140,-0.020346
21141,0.059361
21142,0.060814
21143,0.022188
21144,0.014094
21145,0.033464
21146,-0.013407
21147,0.025874
21148,0.014623
21149,0.024320
21150,0.011160
21151,-0.025025
21152,-0.031677
21153,-0.012448
21154,-0.061446
21155,-0.119834
21156,-0.060745
21157,-0.034119
21158,-0.054279
21159,-0.045919
21160,0.037919
21161,0.082053
21162,0.072326
21163,0.063743
21164,0.114765
21165,0.038127
21166,-0.041912
21167,-0.047386
21168,-0.058796
21169,-0.036868
21170,0.048586
21171,0.093773
21172,0.042044
21173,-0.008422
21174,-0.035551
21175,-0.076942
21176,-0.094526
21177,0.000475
21178,0.051575
21179,0.037181
21180,0.062776
21181,0.013058
21182,-0.066938
21183,-0.044526
21184,-0.009148
21185,-0.002965
21186,-0.012676
21187,-0.033834
21188,-0.017084
21189,0.018311
21190,0.023650
21191,0.009600
21192,0.041911
21193,0.027002
21194,0.037898
21195,0.062680
21196,0.022128
21197,-0.004256
21198,-0.010542
21199,-0.103950
21200,-0.073116
21201,-0.055315
21202,-0.068784
21203,0.029744
21204,0.031730
21205,0.091265
21206,0.078887
21207,0.035589
21208,0.050486
21209,-0.006309
21210,-0.049400
21211,-0.057839
21212,-0.116120
21213,-0.073286
21214,-0.073942
21215,0.012490
21216,0.073444
21217,0.035902
21218,0.050602
21219,0.060942
21220,0.020026
21221,0.018504
21222,-0.042494
21223,-0.045033
21224,0.032418
21225,0.022715
21226,0.024456
21227,0.038895
21228,0.005711
21229,-0.024763
21230,-0.003086
21231,-0.005413
21232,-0.013742
21233,0.014077
21234,0.000176
21235,-0.075658
21236,-0.048747
21237,-0.061869
21238,-0.078339
21239,0.019775
21240,0.046757
21241,0.055259
21242,0.046962
21243,-0.010377
21244,-0.003167
21245,0.004226
21246,0.033205
21247,0.067705
21248,0.072197
21249,0.045225
21250,-0.027456
21251,-0.046193
21252,-0.057485
21253,-0.067608
21254,-0.046121
21255,-0.029520
21256,-0.026633
21257,0.010135
21258,0.017827
21259,0.010095
21260,0.016335
21261,0.010075
21262,0.040349
21263,0.024678
21264,0.022613
21265,-0.016720
21266,0.027211
21267,-0.003732
21268,-0.012530
21269,-0.033698
21270,-0.043852
21271,-0.019937
21272,0.015050
21273,0.023164
21274,0.042604
21275,0.031600
21276,0.005409
21277,-0.015722
21278,-0.036213
21279,-0.040404
21280,-0.003077
21281,0.025691
21282,0.046133
21283,0.043144
21284,0.015174
21285,-0.020329
21286,-0.019302
21287,-0.034821
21288,-0.021007
21289,0.000687
21290,0.020035
21291,0.043469
21292,0.035957
21293,0.026745
21294,-0.031264
21295,-0.075693
21296,-0.057251
21297,-0.035761
21298,0.044320
21299,0.027475
21300,-0.051158
21301,-0.070595
21302,-0.070386
21303,-0.015447
21304,0.055174
21305,0.138129
21306,0.152678
21307,0.105208
21308,0.020095
21309,-0.049804
21310,-0.059418
21311,-0.103033
21312,-0.069223
21313,-0.014266
21314,0.005573
21315,-0.000792
21316,0.034148
21317,0.041896
21318,0.009733
21319,-0.023336
21320,0.019473
21321,0.066291
21322,0.078392
21323,0.005496
21324,-0.085245
21325,-0.092548
21326,-0.069500
21327,-0.045563
21328,0.029360
21329,0.022116
21330,-0.007489
21331,-0.048944
21332,-0.085294
21333,-0.047484
21334,0.077488
21335,0.095783
21336,0.084040
21337,0.017667
21338,0.052435
21339,0.021615
21340,0.012046
21341,0.057072
21342,0.044695
21343,-0.041350
21344,-0.105029
21345,-0.115805
21346,-0.111418
21347,-0.101216
21348,-0.033542
21349,0.021183
21350,0.078492
21351,0.121022
21352,0.108361
21353,0.027801
21354,0.009264
21355,0.018990
21356,0.031828
21357,0.003249
21358,-0.082981
21359,-0.026949
21360,0.024377
21361,0.005576
21362,0.010140
21363,-0.005392
21364,0.006740
21365,0.013809
21366,-0.008184
21367,-0.031468
21368,0.010957
21369,0.013921
21370,-0.020760
21371,-0.027371
21372,-0.072995
21373,-0.052363
21374,-0.002319
21375,-0.028457
21376,0.055372
21377,-0.009247
21378,0.015733
21379,0.022531
21380,-0.027818
21381,-0.005706
21382,0.038559
21383,0.035887
21384,0.030999
21385,-0.020532
21386,-0.052080
21387,-0.023772
21388,-0.044343
21389,-0.022136
21390,0.025933
21391,0.037370
21392,0.047599
21393,0.053874
21394,-0.019253
21395,-0.003507
21396,0.037376
21397,0.029424
21398,0.016550
21399,0.019044
21400,-0.016646
21401,-0.064668
21402,-0.069277
21403,-0.072286
21404,-0.007440
21405,-0.022069
21406,-0.031487
21407,0.020773
21408,0.021177
21409,0.026656
21410,-0.001417
21411,0.046637
21412,0.072462
21413,0.062797
21414,0.015755
21415,-0.088491
21416,-0.090922
21417,-0.009551
21418,0.000368
21419,0.068827
21420,0.105673
21421,0.064673
21422,0.013317
21423,-0.075182
21424,-0.066631
21425,-0.068417
21426,-0.046664
21427,0.009749
21428,0.023693
21429,0.006471
21430,0.020567
21431,0.065436
21432,0.013320
21433,-0.026012
21434,-0.027589
21435,-0.078093
21436,-0.090388
21437,0.054905
21438,0.091009
21439,0.005475
21440,-0.029418
21441,-0.030487
21442,-0.035951
21443,0.043733
21444,0.010378
21445,-0.007160
21446,-0.030800
21447,0.009012
21448,0.050509
21449,0.042112
21450,0.083874
21451,0.054687
21452,0.035816
21453,-0.011046
21454,-0.109911
21455,-0.126090
21456,-0.083012
21457,-0.051453
21458,-0.017599
21459,0.004657
21460,0.072316
21461,0.091741
21462,0.060383
21463,0.009685
21464,435.839996
21465,658.406921
21466,8.416590
21467,1263.007446
21468,1068.555420
21469,17.832556
21470,21.509285
21471,17.754034
21472,25.597799
21473,25.703041
21474,45.298569
21475,37.782917
21476,9.889418
21477,-20.843281
21478,-48.881870
21479,-44.921410
21480,-24.940439
21481,6.599548
21482,24.148863
21483,21.358440
21484,5.124390
21485,-9.164728
21486,-5.649156
21487,-2.505361
21488,24.204454
21489,25.777496
21490,-2.717516
21491,-22.420183
21492,-31.381001
21493,-20.410368
21494,-14.047869
21495,-13.027159
21496,-34.496082
21497,-10.132917
21498,47.352333
21499,86.814835
21500,74.629807
21501,5.170232
21502,-32.500164
21503,-42.979313
21504,-35.641289
21505,-11.811756
21506,1.358899
21507,-8.517052
21508,6.183801
21509,20.597200
21510,20.252476
21511,20.301716
21512,10.129120
21513,-7.612514
21514,-31.322226
21515,-43.589600
21516,-40.114243
21517,-6.902725
21518,-0.077101
21519,-0.089622
21520,-0.048342
21521,-0.016680
21522,0.012003
21523,0.045290
21524,0.075655
21525,0.073581
21526,0.034436
21527,0.013332
21528,-0.008542
21529,-0.003555
21530,0.071019
21531,0.075325
21532,-0.030179
21533,-0.070355
21534,-0.061712
21535,-0.060385
21536,-0.025607
21537,-0.020598
21538,-0.004332
21539,0.016985
21540,-0.015749
21541,0.000916
21542,-0.017951
21543,-0.042541
21544,-0.012031
21545,0.016803
21546,0.005493
21547,-0.044145
21548,-0.007596
21549,0.035792
21550,-0.001319
21551,0.047041
21552,0.110069
21553,0.114745
21554,0.090148
21555,0.063836
21556,-0.005714
21557,-0.070290
21558,-0.139224
21559,-0.190541
21560,-0.126308
21561,-0.061761
21562,0.002282
21563,0.082172
21564,0.027380
21565,0.025623
21566,0.070034
21567,0.011470
21568,0.060166
21569,-0.001299
21570,-0.047071
21571,-0.008442
21572,-0.056025
21573,-0.043734
21574,0.012015
21575,0.043007
21576,0.132157
21577,0.084265
21578,0.023967
21579,0.020609
21580,-0.037191
21581,-0.031744
21582,-0.032628
21583,-0.042584
21584,-0.031422
21585,-0.008970
21586,-0.007404
21587,0.014059
21588,0.029042
21589,-0.000353
21590,-0.059374
21591,-0.067120
21592,-0.035768
21593,-0.018555
21594,0.016094
21595,0.073266
21596,0.026836
21597,-0.020216
21598,-0.019549
21599,-0.031764
21600,0.057900
21601,0.072629
21602,0.041650
21603,0.020346
21604,0.008118
21605,-0.010192
21606,-0.064536
21607,-0.021023
21608,-0.009050
21609,-0.031499
21610,0.016589
21611,0.021524
21612,0.027947
21613,-0.052616
21614,-0.030330
21615,-0.033688
21616,-0.062870
21617,-0.004122
21618,0.044356
21619,0.062510
21620,0.056085
21621,0.070752
21622,0.034843
21623,0.001562
21624,-0.010142
21625,-0.049843
21626,-0.070098
21627,-0.027023
21628,0.009967
21629,0.035542
21630,0.090617
21631,0.047473
21632,-0.026202
21633,-0.012392
21634,-0.052947
21635,-0.082054
21636,-0.049994
21637,0.026151
21638,0.052364
21639,0.023175
21640,0.023651
21641,-0.002353
21642,-0.028679
21643,-0.021345
21644,-0.002445
21645,0.003648
21646,-0.059271
21647,-0.063008
21648,-0.003267
21649,0.033302
21650,0.034170
21651,-0.039149
21652,-0.067656
21653,-0.028673
21654,0.037764
21655,0.081799
21656,0.111889
21657,0.071312
21658,0.013085
21659,0.050504
21660,0.001173
21661,-0.006065
21662,-0.009930
21663,-0.088407
21664,-0.119609
21665,-0.047337
21666,-0.005315
21667,-0.011225
21668,-0.002108
21669,0.010382
21670,0.044236
21671,0.051061
21672,0.028755
21673,-0.023502
21674,-0.045714
21675,-0.056090
21676,-0.067467
21677,-0.036225
21678,0.000823
21679,-0.011825
21680,0.026316
21681,0.052033
21682,0.044297
21683,0.032895
21684,0.013533
21685,0.019031
21686,0.066025
21687,0.070492
21688,0.039801
21689,-0.025505
21690,-0.104770
21691,-0.061531
21692,0.000350
21693,-0.001370
21694,0.004642
21695,-0.006711
21696,-0.057656
21697,-0.005259
21698,0.035950
21699,-0.000810
21700,0.011127
21701,0.036657
21702,0.036257
21703,0.014091
21704,-0.021981
21705,-0.069619
21706,-0.049087
21707,-0.045453
21708,-0.096522
21709,-0.037361
21710,-0.006368
21711,0.033295
21712,0.058039
21713,0.051239
21714,0.095044
21715,0.090312
21716,0.039508
21717,0.000900
21718,430.119568
21719,638.810547
21720,8.301824
21721,1290.550293
21722,1051.840332
21723,3.354093
21724,11.696894
21725,25.460903
21726,19.325396
21727,1.079412
21728,0.977821
21729,18.452826
21730,24.228466
21731,25.694033
21732,9.535406
21733,6.808468
21734,-6.974975
21735,-16.549850
21736,-2.931960
21737,-7.117642
21738,3.217621
21739,-3.060365
21740,-13.916168
21741,-17.254074
21742,-14.245721
21743,2.345560
21744,4.643676
21745,-14.881090
21746,-26.751823
21747,-22.123629
21748,9.696908
21749,52.357384
21750,86.818451
21751,32.064331
21752,-20.981606
21753,-47.729279
21754,-54.653397
21755,-25.369493
21756,6.187020
21757,8.089517
21758,31.792900
21759,32.512650
21760,1.671623
21761,-20.015615
21762,-26.578518
21763,-0.866654
21764,17.969465
21765,1.915525
21766,-7.968567
21767,-5.254937
21768,-1.650957
21769,17.499620
21770,9.034469
21771,1.123964
21772,-0.032201
21773,-0.019458
21774,-0.006460
21775,0.018689
21776,-0.029762
21777,-0.042905
21778,-0.032346
21779,-0.043079
21780,-0.040888
21781,-0.000218
21782,0.049667
21783,0.039075
21784,-0.005885
21785,-0.009984
21786,-0.027174
21787,-0.026990
21788,-0.025589
21789,-0.018289
21790,0.029705
21791,0.019058
21792,0.019382
21793,0.054951
21794,-0.016716
21795,-0.002474
21796,-0.002786
21797,-0.026420
21798,-0.013616
21799,-0.001249
21800,0.059047
21801,0.063349
21802,0.011345
21803,-0.016186
21804,-0.023367
21805,-0.041856
21806,-0.000352
21807,0.014905
21808,0.014281
21809,-0.023317
21810,-0.040243
21811,0.008314
21812,0.037607
21813,0.017087
21814,-0.031564
21815,-0.056217
21816,-0.062288
21817,-0.016311
21818,0.013575
21819,0.046709
21820,0.051638
21821,0.007516
21822,-0.012571
21823,-0.011788
21824,-0.002035
21825,0.015155
21826,0.028782
21827,0.054272
21828,0.051524
21829,0.038718
21830,0.011850
21831,-0.088538
21832,-0.053275
21833,-0.029316
21834,-0.030185
21835,-0.047866
21836,-0.030912
21837,-0.006995
21838,-0.010123
21839,0.030644
21840,0.024855
21841,0.010811
21842,0.009349
21843,0.039516
21844,0.054872
21845,0.026710
21846,0.001421
21847,-0.011127
21848,-0.016374
21849,-0.002395
21850,-0.013615
21851,-0.048997
21852,-0.030921
21853,0.054132
21854,0.053673
21855,0.014738
21856,-0.011535
21857,-0.089254
21858,-0.056017
21859,-0.058082
21860,-0.059286
21861,-0.015902
21862,0.006669
21863,0.034358
21864,0.052970
21865,0.018144
21866,-0.004721
21867,0.027031
21868,0.040061
21869,0.027585
21870,0.029774
21871,0.013115
21872,426.651276
21873,626.929138
21874,8.232242
21875,1307.249512
21876,1043.844116
21877,-7.775285
21878,-16.160738
21879,-11.558928
21880,7.032866
21881,11.788439
21882,13.281508
21883,19.943596
21884,18.574581
21885,-4.524316
21886,-25.614920
21887,-17.287113
21888,-0.605324
21889,11.955015
21890,13.500189
21891,10.248125
21892,-2.323526
21893,-10.118238
21894,-12.008965
21895,-13.179627
21896,-8.845814
21897,-14.156164
21898,3.474753
21899,14.373056
21900,1.040429
21901,-12.589703
21902,-12.011355
21903,-6.425516
21904,-0.032701
21905,9.082731
21906,6.436700
21907,-2.822997
21908,3.687435
21909,6.151466
21910,16.092648
21911,22.838829
21912,3.871764
21913,-3.290394
21914,-14.039184
21915,-13.544633
21916,5.861928
21917,9.983015
21918,4.537940
21919,0.327843
21920,-13.697854
21921,-12.718037
21922,-1.207771
21923,-2.225867
21924,8.397462
21925,20.438280
21926,0.021861
21927,0.007330
21928,-0.038576
21929,-0.078621
21930,-0.004200
21931,0.071673
21932,0.050794
21933,-0.032723
21934,-0.043491
21935,-0.124411
21936,-0.126292
21937,-0.030376
21938,-0.002314
21939,0.057246
21940,0.073369
21941,0.068324
21942,0.110659
21943,0.033488
21944,0.005182
21945,0.011515
21946,-0.041161
21947,-0.083346
21948,-0.078368
21949,-0.081235
21950,-0.096226
21951,0.009257
21952,0.031685
21953,0.040555
21954,0.077058
21955,0.077823
21956,0.057849
21957,0.054650
21958,0.049771
21959,-0.039080
21960,-0.073957
21961,-0.031736
21962,-0.045067
21963,-0.075464
21964,-0.042763
21965,0.030159
21966,0.058051
21967,0.034578
21968,0.056614
21969,0.055559
21970,0.024355
21971,-0.008968
21972,-0.012195
21973,-0.016801
21974,-0.012612
21975,-0.063147
21976,-0.087037
21977,-0.024992
21978,0.032350
21979,-0.003894
21980,-0.015559
21981,-0.000717
21982,0.007564
21983,0.032008
21984,0.038634
21985,0.000193
21986,-0.013389
21987,-0.004169
21988,-0.020939
21989,-0.018368
21990,0.034871
21991,0.028070
21992,0.011737
21993,0.020628
21994,-0.022205
21995,-0.013770
21996,0.033256
21997,0.060915
21998,0.015737
21999,-0.020981
22000,-0.009388
22001,-0.049056
22002,-0.093400
22003,-0.068007
22004,-0.065712
22005,0.008237
22006,0.042859
22007,0.052927
22008,0.050854
22009,-0.032856
22010,-0.000743
22011,0.018609
22012,0.018209
22013,0.032295
22014,0.014940
22015,-0.005390
22016,-0.005337
22017,0.010380
22018,0.020008
22019,0.000106
22020,0.016824
22021,0.003443
22022,-0.072902
22023,-0.091204
22024,-0.020625
22025,0.000766
22026,0.013127
22027,0.134227
22028,0.129714
22029,0.042813
22030,-0.016354
22031,-0.058373
22032,-0.071671
22033,-0.109564
22034,-0.084042
22035,-0.037411
22036,-0.017247
22037,0.026972
22038,0.072435
22039,0.094534
22040,0.086579
22041,0.045147
22042,-0.017963
22043,-0.077291
22044,-0.066636
22045,-0.014363
22046,-0.005409
22047,-0.022093
22048,-0.043932
22049,0.008258
22050,0.011502
22051,-0.015646
22052,0.004868
22053,0.043555
22054,0.026910
22055,0.017114
22056,0.012244
22057,0.016651
22058,0.037906
22059,0.025257
22060,0.020242
22061,0.020725
22062,0.001683
22063,-0.037187
22064,-0.040364
22065,-0.079998
22066,-0.089657
22067,-0.029645
22068,-0.011993
22069,0.001702
22070,0.017738
22071,0.033220
22072,0.023210
22073,-0.016287
22074,0.048934
22075,0.085679
22076,0.066385
22077,0.050455
22078,0.019726
22079,-0.040287
22080,-0.070806
22081,-0.064518
22082,-0.058922
22083,-0.034428
22084,-0.018221
22085,0.029973
22086,0.049049
22087,0.022804
22088,0.007322
22089,0.011456
22090,0.009927
22091,-0.025270
22092,-0.033406
22093,-0.021665
22094,0.008427
22095,0.000277
22096,-0.008373
22097,-0.012722
22098,0.004216
22099,0.048420
22100,0.040017
22101,0.015712
22102,0.005660
22103,0.058382
22104,0.024047
22105,-0.025301
22106,-0.007529
22107,-0.009554
22108,-0.021415
22109,-0.029499
22110,-0.038521
22111,-0.009369
22112,0.020083
22113,0.013301
22114,0.014262
22115,0.006662
22116,-0.016423
22117,-0.027551
22118,-0.035191
22119,-0.038959
22120,-0.035980
22121,0.004137
22122,0.055434
22123,0.064517
22124,0.011944
22125,-0.018557
22126,-0.012764
22127,-0.025503
22128,0.004078
22129,0.034212
22130,0.017052
22131,-0.065668
22132,-0.076362
22133,-0.066068
22134,0.006387
22135,0.040923
22136,0.061672
22137,0.125371
22138,0.085795
22139,-0.015384
22140,-0.041725
22141,-0.020999
22142,-0.011921
22143,-0.015094
22144,-0.033537
22145,-0.003152
22146,0.005999
22147,-0.003309
22148,-0.016460
22149,0.023909
22150,0.036538
22151,0.007326
22152,-0.018905
22153,0.020715
22154,-0.035187
22155,-0.092276
22156,-0.073378
22157,-0.076352
22158,-0.044304
22159,0.020060
22160,0.105812
22161,0.137107
22162,0.146063
22163,0.063435
22164,0.019765
22165,-0.039070
22166,-0.101052
22167,-0.089528
22168,-0.051030
22169,0.001538
22170,0.001645
22171,0.047901
22172,0.051949
22173,-0.033987
22174,-0.034195
22175,-0.031721
22176,-0.029778
22177,-0.067914
22178,-0.067923
22179,-0.032595
22180,0.010598
22181,0.054156
22182,0.073813
22183,0.048393
22184,0.050924
22185,0.049170
22186,0.013351
22187,0.003232
22188,-0.013881
22189,-0.021185
22190,-0.054611
22191,-0.039886
22192,-0.004242
22193,-0.011098
22194,0.024692
22195,0.017350
22196,0.021189
22197,0.028252
22198,-0.057133
22199,-0.023318
22200,0.002890
22201,-0.023873
22202,0.013001
22203,-0.006057
22204,0.014601
22205,0.027743
22206,-0.043039
22207,-0.004792
22208,0.010725
22209,0.000568
22210,0.020286
22211,0.011547
22212,-0.005494
22213,-0.028030
22214,-0.008880
22215,0.001142
22216,0.022318
22217,0.028495
22218,0.045301
22219,0.007337
22220,-0.038807
22221,-0.072056
22222,-0.028577
22223,0.029755
22224,0.098711
22225,0.056452
22226,418.678711
22227,599.617859
22228,8.072292
22229,1345.635986
22230,1027.125122
22231,28.540817
22232,23.159653
22233,8.555455
22234,-20.444139
22235,-32.477184
22236,-14.092629
22237,-5.535883
22238,-8.168288
22239,-20.844671
22240,-21.175472
22241,-5.440813
22242,1.028759
22243,25.561213
22244,56.434155
22245,43.007496
22246,13.959540
22247,-22.476063
22248,-42.950676
22249,-42.735420
22250,-34.299965
22251,-2.839209
22252,37.887074
22253,18.205097
22254,19.704721
22255,26.872955
22256,-2.021619
22257,-28.162445
22258,-36.653194
22259,-32.780144
22260,-5.069376
22261,46.581860
22262,60.974743
22263,45.785255
22264,5.062242
22265,-19.579628
22266,-44.477661
22267,-53.682888
22268,-34.014626
22269,-13.941451
22270,15.953099
22271,17.884544
22272,17.857990
22273,43.281750
22274,41.382538
22275,-0.467436
22276,-41.748589
22277,-42.675106
22278,-27.068935
22279,12.411174
22280,31.096096
22281,-110.337219
22282,265.288391
22283,4.259283
22284,-339.361816
22285,609.381470
22286,-2123.306641
22287,-941.070313
22288,-925.325867
22289,279.922791
22290,263.973999
22291,-251.070938
22292,444.640167
22293,-213.940323
22294,-1210.628784
22295,770.383545
22296,1033.012329
22297,-1333.371338
22298,452.580963
22299,213.984787
22300,2347.729248
22301,505.620331
22302,1753.942749
22303,614.818604
22304,-1534.616455
22305,-864.076233
22306,-1449.986328
22307,2175.480957
22308,-232.227722
22309,219.120499
22310,1437.145142
22311,13.545491
22312,-909.628052
22313,-591.527588
22314,-514.153870
22315,959.083618
22316,-965.109924
22317,-1121.804810
22318,257.012482
22319,92.482567
22320,1316.408936
22321,867.799927
22322,2168.326172
22323,-1648.529419
22324,-217.547287
22325,-1321.776978
22326,-980.574707
22327,1681.615601
22328,101.806747
22329,109.277840
22330,-1287.979248
22331,109.511711
22332,-1350.305420
22333,1524.711792
22334,-1242.089966
22335,-0.028337
22336,-0.106993
22337,-0.129321
22338,-0.036344
22339,0.023246
22340,0.046422
22341,0.030462
22342,-0.005337
22343,0.053390
22344,0.059224
22345,0.016060
22346,-0.032953
22347,-0.058773
22348,-0.021586
22349,0.049951
22350,0.054399
22351,0.019829
22352,0.023772
22353,0.036866
22354,-0.014657
22355,-0.029784
22356,0.027505
22357,0.001211
22358,0.013940
22359,-0.001581
22360,-0.078471
22361,-0.082364
22362,-0.018822
22363,-0.007738
22364,-0.018551
22365,0.008454
22366,0.076941
22367,0.022349
22368,0.000003
22369,-0.060213
22370,-0.030773
22371,-0.034064
22372,-0.015866
22373,-0.007114
22374,-0.007166
22375,0.013536
22376,0.032506
22377,0.057164
22378,0.047347
22379,0.031166
22380,-0.030994
22381,-0.029135
22382,-0.020620
22383,0.001521
22384,0.038767
22385,0.065126
22386,0.000914
22387,-0.053820
22388,-0.041715
22389,-0.011514
22390,0.026164
22391,0.032964
22392,0.008641
22393,-0.029370
22394,-0.045947
22395,-0.084958
22396,-0.054865
22397,0.010143
22398,0.064325
22399,0.099653
22400,0.124883
22401,0.035478
22402,-0.004444
22403,-0.009062
22404,-0.059132
22405,-0.013114
22406,-0.082363
22407,-0.108715
22408,-0.045117
22409,-0.002429
22410,0.052811
22411,0.069101
22412,0.034412
22413,0.022660
22414,0.045160
22415,0.052681
22416,-0.003888
22417,-0.015260
22418,-0.035671
22419,-0.070579
22420,-0.075988
22421,-0.042159
22422,-0.012138
22423,-0.018708
22424,-0.028854
22425,0.035406
22426,0.081598
22427,0.062763
22428,0.027503
22429,0.038662
22430,0.033822
22431,0.027925
22432,-0.013021
22433,-0.068805
22434,-0.087544
22435,-0.027795
22436,-0.009597
22437,0.027934
22438,-0.008025
22439,0.022109
22440,0.022591
22441,-0.007203
22442,0.008554
22443,0.009371
22444,0.031829
22445,0.019801
22446,-0.025089
22447,-0.009910
22448,-0.029681
22449,0.021100
22450,0.038176
22451,0.019158
22452,0.010796
22453,-0.043394
22454,-0.041746
22455,-0.009974
22456,-0.000836
22457,-0.006742
22458,-0.007544
22459,0.002746
22460,0.005057
22461,-0.014908
22462,-0.043773
22463,-0.023820
22464,0.038260
22465,0.036193
22466,-0.002323
22467,0.029648
22468,0.027028
22469,0.008317
22470,0.005666
22471,-0.009664
22472,-0.037775
22473,-0.044787
22474,-0.035302
22475,-0.040023
22476,-0.016377
22477,0.015087
22478,0.031677
22479,0.075290
22480,0.050003
22481,-0.014867
22482,0.042463
22483,0.002833
22484,-0.048571
22485,-0.010828
22486,0.040497
22487,-0.018559
22488,-0.079469
22489,-0.043325
22490,-0.019525
22491,0.020519
22492,0.030883
22493,0.022317
22494,0.000086
22495,-0.044966
22496,0.003869
22497,0.016207
22498,-0.010358
22499,0.030659
22500,0.011921
22501,0.003017
22502,-0.018252
22503,-0.007671
22504,0.027083
22505,0.041317
22506,-0.022875
22507,-0.031925
22508,-0.017795
22509,0.025597
22510,-0.007427
22511,-0.042946
22512,0.001655
22513,0.040095
22514,0.057326
22515,0.029158
22516,0.019794
22517,0.013126
22518,-0.060815
22519,-0.064737
22520,-0.035643
22521,-0.019962
22522,-0.035540
22523,-0.015525
22524,-0.044733
22525,-0.026831
22526,0.023162
22527,0.097559
22528,0.113139
22529,-0.001550
22530,-0.033786
22531,-0.010829
22532,0.033224
22533,0.014361
22534,0.010816
22535,0.066898
22536,0.081574
22537,0.030309
22538,-0.021041
22539,-0.078908
22540,-0.107974
22541,-0.090195
22542,-0.020783
22543,-0.005178
22544,-0.008914
22545,0.015771
22546,0.061193
22547,0.058507
22548,-0.012233
22549,-0.020716
22550,-0.020038
22551,-0.027700
22552,-0.027989
22553,-0.018652
22554,0.025485
22555,0.080817
22556,0.074407
22557,0.013079
22558,-0.019964
22559,-0.033365
22560,-0.027406
22561,0.005177
22562,0.030489
22563,0.054416
22564,0.075423
22565,0.008615
22566,-0.075727
22567,-0.047541
22568,-0.031905
22569,-0.039986
22570,-0.012194
22571,0.010337
22572,0.016025
22573,0.004630
22574,-0.053526
22575,-0.037178
22576,-0.004028
22577,-0.017344
22578,-0.007000
22579,-0.004711
22580,0.014103
22581,0.039680
22582,0.030772
22583,0.008917
22584,0.043554
22585,0.061526
22586,0.022693
22587,0.029323
22588,-0.013366
22589,-0.064759
22590,-0.037812
22591,-0.016458
22592,-0.029267
22593,-0.027870
22594,-0.032931
22595,0.005876
22596,0.051973
22597,0.006398
22598,-0.018913
22599,-0.096601
22600,-0.096165
22601,-0.023076
22602,0.057090
22603,0.064944
22604,0.048278
22605,0.052777
22606,0.064218
22607,0.064600
22608,0.033897
22609,-0.001666
22610,-0.017635
22611,-0.021672
22612,-0.037198
22613,0.003671
22614,-0.003055
22615,-0.070150
22616,-0.043074
22617,-0.009453
22618,0.008586
22619,0.017558
22620,0.007539
22621,0.029450
22622,0.030677
22623,-0.026503
22624,-0.007752
22625,-0.006240
22626,-0.023276
22627,-0.039950
22628,0.020934
22629,0.100653
22630,0.040901
22631,-0.007623
22632,-0.028727
22633,-0.014117
22634,-0.050000
22635,-0.061091
22636,0.002443
22637,0.036726
22638,0.058957
22639,0.045388
22640,0.003026
22641,-0.050254
22642,-0.037865
22643,-0.022437
22644,-0.029159
22645,0.017341
22646,0.012088
22647,-0.003418
22648,0.029185
22649,0.037370
22650,-0.014108
22651,-0.012451
22652,-0.009515
22653,-0.003679
22654,-0.003879
22655,-0.064505
22656,-0.049464
22657,-0.006270
22658,-0.014390
22659,0.049987
22660,0.049362
22661,0.006936
22662,0.001966
22663,0.022418
22664,0.081141
22665,0.072360
22666,-0.040353
22667,-0.077366
22668,-0.011643
22669,-0.027944
22670,0.008919
22671,-0.006477
22672,-0.051543
22673,-0.047527
22674,0.003842
22675,0.035779
22676,0.036804
22677,0.049866
22678,-0.020037
22679,-0.052978
22680,-0.006876
22681,-0.015025
22682,0.056860
22683,0.050088
22684,0.003412
22685,0.008695
22686,0.021124
22687,0.003602
22688,-0.023248
22689,-0.047174
22690,-0.044170
22691,-0.036239
22692,0.003714
22693,0.021417
22694,0.055695
22695,0.030391
22696,-0.007213
22697,-0.041264
22698,-0.020067
22699,0.008932
22700,0.045620
22701,0.053955
22702,0.021957
22703,-0.012104
22704,-0.069231
22705,-0.075905
22706,-0.021971
22707,0.075312
22708,0.095805
22709,0.070989
22710,-0.012956
22711,-0.041655
22712,-0.085102
22713,-0.032472
22714,-0.004287
22715,-0.004652
22716,-0.017105
22717,-0.052392
22718,-0.088188
22719,-0.003158
22720,0.031274
22721,0.072984
22722,0.114238
22723,0.065762
22724,-0.016835
22725,-0.036223
22726,-0.041858
22727,-0.000216
22728,0.012326
22729,0.010162
22730,0.034380
22731,0.024325
22732,0.000574
22733,-0.042295
22734,-0.060476
22735,-0.040384
22736,0.023672
22737,-0.004701
22738,-0.000863
22739,0.033056
22740,0.062197
22741,0.045999
22742,0.006650
22743,-0.027601
22744,-0.065740
22745,-0.073579
22746,-0.070169
22747,-0.054096
22748,-0.019872
22749,-0.024978
22750,-0.006798
22751,0.018373
22752,0.041494
22753,0.090932
22754,0.055034
22755,0.046302
22756,0.074147
22757,0.043224
22758,-0.006248
22759,-0.076640
22760,-0.093323
22761,-0.102162
22762,-0.065036
22763,0.001087
22764,0.064850
22765,0.038883
22766,0.059788
22767,0.030923
22768,-0.002324
22769,-0.018957
22770,-0.038407
22771,0.022583
22772,0.062647
22773,0.037511
22774,0.062735
22775,0.028615
22776,-0.054827
22777,-0.062535
22778,-0.058909
22779,-0.086445
22780,-0.047963
22781,-0.021648
22782,0.006787
22783,0.052882
22784,0.015931
22785,0.000415
22786,0.021531
22787,0.049287
22788,0.045611
22789,0.046021
22790,-0.010923
22791,-0.051649
22792,-0.016348
22793,-0.006828
22794,-0.018438
22795,-0.036048
22796,-0.070125
22797,-0.064266
22798,-0.075304
22799,-0.013543
22800,0.051654
22801,0.054169
22802,0.070782
22803,0.068949
22804,0.041691
22805,0.033767
22806,0.035669
22807,-0.042155
22808,0.009438
22809,0.009268
22810,0.011183
22811,0.046269
22812,0.016302
22813,-0.036090
22814,-0.041948
22815,-0.067972
22816,-0.024186
22817,-0.037579
22818,-0.036391
22819,0.025614
22820,0.073203
22821,0.078991
22822,0.050819
22823,0.010283
22824,0.004526
22825,-0.046903
22826,-0.030561
22827,-0.082318
22828,-0.045079
22829,-0.009582
22830,0.031989
22831,-0.021510
22832,-0.024164
22833,-0.028923
22834,0.005179
22835,0.044032
22836,0.026112
22837,-0.020986
22838,-0.010911
22839,-0.022341
22840,-0.053185
22841,0.003337
22842,0.028530
22843,0.002581
22844,-0.010973
22845,-0.045554
22846,0.050298
22847,0.126962
22848,0.029253
22849,0.037037
22850,0.048834
22851,0.027295
22852,-0.009528
22853,-0.096577
22854,-0.121635
22855,-0.126659
22856,-0.078380
22857,-0.025821
22858,0.036021
22859,0.143439
22860,0.143172
22861,0.088020
22862,0.052021
22863,-0.009567
22864,-0.061087
22865,-0.042816
22866,-0.106265
22867,-0.041699
22868,0.022310
22869,0.006041
22870,0.004476
22871,0.032753
22872,0.021066
22873,-0.028323
22874,-0.057641
22875,-0.033473
22876,-0.035716
22877,-0.014807
22878,0.027208
22879,0.005104
22880,-0.033013
22881,0.019523
22882,-0.001785
22883,-0.034720
22884,0.055513
22885,0.103790
22886,0.083714
22887,0.019214
22888,-0.000215
22889,-0.070786
22890,-0.114545
22891,-0.071428
22892,0.016702
22893,0.083737
22894,0.090430
22895,0.083339
22896,0.034918
22897,0.014098
22898,-0.005684
22899,-0.017130
22900,-0.002202
22901,-0.006325
22902,-0.047669
22903,-0.080899
22904,-0.019655
22905,-0.035639
22906,-0.031414
22907,-0.007922
22908,-0.003278
22909,-0.029938
22910,-0.030015
22911,-0.073944
22912,-0.042455
22913,0.053377
22914,0.075268
22915,0.098788
22916,0.107822
22917,0.070128
22918,0.015628
22919,-0.019518
22920,-0.065013
22921,-0.063172
22922,-0.058116
22923,-0.071300
22924,-0.045060
22925,-0.007572
22926,0.003097
22927,0.035124
22928,0.051770
22929,0.099245
22930,0.088521
22931,0.003174
22932,-0.068640
22933,-0.084565
22934,-0.077927
22935,-0.022688
22936,-0.016093
22937,0.017092
22938,0.017891
22939,0.026594
22940,0.044318
22941,0.039690
22942,0.055205
22943,0.055274
22944,0.009367
22945,-0.032904
22946,-0.032608
22947,-0.009871
22948,-0.047829
22949,-0.060812
22950,-0.049384
22951,0.021346
22952,0.050254
22953,0.056245
22954,0.031871
22955,-0.046632
22956,-0.093968
22957,-0.084584
22958,-0.015252
22959,0.029373
22960,0.018356
22961,0.019652
22962,0.014305
22963,0.021568
22964,0.035708
22965,0.007469
22966,-0.013444
22967,-0.004529
22968,-0.021146
22969,0.010789
22970,0.027209
22971,0.002345
22972,-0.028703
22973,-0.037100
22974,-0.021455
22975,-0.023931
22976,0.066045
22977,0.108378
22978,0.082641
22979,0.015693
22980,-0.012207
22981,-0.047469
22982,-0.027748
22983,-0.037003
22984,-0.026377
22985,-0.016770
22986,-0.013972
22987,-0.013082
22988,-0.021999
22989,-0.023648
22990,-0.035005
22991,0.013725
22992,0.097752
22993,0.049396
22994,0.012217
22995,0.012102
22996,-0.018461
22997,-0.057130
22998,-0.066684
22999,-0.031069
23000,-0.004037
23001,-0.008032
23002,-0.008845
23003,0.059743
23004,0.021441
23005,-0.017004
23006,0.000512
23007,0.022994
23008,0.024675
23009,-0.002196
23010,-0.031514
23011,-0.025303
23012,-0.057719
23013,0.018312
23014,0.058547
23015,0.057476
23016,0.060973
23017,0.039567
23018,-0.010149
23019,-0.067733
23020,-0.102057
23021,-0.048351
23022,-0.019326
23023,-0.041010
23024,-0.001824
23025,0.031832
23026,0.039337
23027,0.033537
23028,-0.024889
23029,0.008083
23030,0.000758
23031,-0.007758
23032,0.005422
23033,0.074888
23034,0.014607
23035,-0.059285
23036,0.058977
23037,0.105764
23038,0.088984
23039,0.042503
23040,-0.021341
23041,-0.051492
23042,-0.050282
23043,-0.018244
23044,-0.039268
23045,-0.046142
23046,-0.044567
23047,-0.017294
23048,0.012613
23049,0.005352
23050,-0.005784
23051,-0.000687
23052,-0.019784
23053,0.003489
23054,-0.010463
23055,-0.011428
23056,0.011412
23057,-0.003990
23058,0.032467
23059,0.051249
23060,-0.011653
23061,-0.011118
23062,0.015897
23063,0.012005
23064,0.025211
23065,0.010820
23066,0.024048
23067,0.008320
23068,-0.038284
23069,-0.147144
23070,-0.143997
23071,-0.078203
23072,-0.038247
23073,0.097924
23074,0.170381
23075,0.084010
23076,0.046400
23077,0.050847
23078,0.037596
23079,-0.031721
23080,-0.058851
23081,-0.068508
23082,-0.080025
23083,-0.032268
23084,0.041938
23085,0.057883
23086,0.004709
23087,-0.027193
23088,-0.009177
23089,0.052310
23090,0.069908
23091,-0.009636
23092,-0.016702
23093,0.007453
23094,0.019372
23095,0.002054
23096,-0.037651
23097,-0.064924
23098,-0.075186
23099,-0.048252
23100,-0.009576
23101,0.019145
23102,0.064712
23103,0.074567
23104,-0.009795
23105,0.010127
23106,0.010743
23107,-0.059894
23108,0.000567
23109,0.019670
23110,0.023755
23111,-0.004505
23112,-0.047226
23113,-0.003425
23114,0.012324
23115,0.019499
23116,0.021814
23117,0.031337
23118,0.007139
23119,-0.006309
23120,0.032020
23121,-0.004012
23122,0.009266
23123,-0.019165
23124,-0.043167
23125,-0.037281
23126,-0.064746
23127,-0.062211
23128,-0.023098
23129,-0.025432
23130,-0.000456
23131,0.098812
23132,0.076086
23133,0.049063
23134,0.017166
23135,-0.072435
23136,-0.070959
23137,0.007308
23138,0.058841
23139,0.131742
23140,0.134837
23141,0.072967
23142,-0.013011
23143,-0.087065
23144,-0.020916
23145,-0.023654
23146,0.004324
23147,0.059453
23148,-0.022792
23149,-0.056955
23150,-0.053499
23151,-0.067402
23152,0.007706
23153,0.065191
23154,0.066710
23155,0.026647
23156,-0.046225
23157,-0.004870
23158,0.028815
23159,0.032647
23160,-0.020348
23161,-0.014183
23162,-0.013555
23163,-0.047054
23164,-0.039801
23165,-0.009487
23166,-0.017635
23167,0.022054
23168,0.009439
23169,0.024117
23170,0.065293
23171,0.018156
23172,0.006400
23173,-0.013925
23174,-0.039443
23175,0.007604
23176,0.000513
23177,-0.068785
23178,-0.089154
23179,-0.034815
23180,-0.031706
23181,0.000691
23182,0.027704
23183,0.076958
23184,0.084785
23185,0.007525
23186,0.016173
23187,0.038523
23188,0.003541
23189,-0.062678
23190,-0.037894
23191,-0.019619
23192,-0.084999
23193,-0.041850
23194,0.004963
23195,0.043327
23196,0.028112
23197,0.038151
23198,0.058152
23199,0.011540
23200,0.002610
23201,-0.025605
23202,0.007370
23203,0.042681
23204,0.043483
23205,0.030072
23206,-0.055398
23207,-0.078875
23208,-0.036846
23209,0.000136
23210,0.046671
23211,-0.018658
23212,-0.025024
23213,0.016667
23214,0.010936
23215,-0.003146
23216,-0.033143
23217,-0.049946
23218,-0.030580
23219,-0.003738
23220,0.051235
23221,0.066432
23222,-0.017590
23223,-0.027255
23224,0.025813
23225,0.000582
23226,-0.006796
23227,0.017714
23228,0.039944
23229,0.047175
23230,0.009638
23231,-0.040029
23232,-0.067224
23233,-0.057487
23234,-0.056778
23235,-0.039480
23236,0.005692
23237,-0.017494
23238,-0.005054
23239,0.072126
23240,0.056916
23241,0.053655
23242,0.066274
23243,0.037422
23244,0.005857
23245,0.008392
23246,-0.069232
23247,-0.102199
23248,-0.088224
23249,-0.034605
23250,0.035044
23251,0.043267
23252,0.028772
23253,0.005863
23254,0.012392
23255,0.045681
23256,0.053400
23257,0.004899
23258,0.036538
23259,0.001669
23260,-0.014985
23261,-0.021902
23262,-0.024603
23263,-0.013286
23264,-0.033962
23265,-0.018964
23266,-0.029148
23267,-0.071585
23268,-0.037597
23269,-0.004794
23270,-0.014301
23271,0.020029
23272,0.068719
23273,0.086445
23274,0.051253
23275,0.007289
23276,-0.025009
23277,-0.042312
23278,-0.042642
23279,-0.064738
23280,-0.019379
23281,0.039796
23282,0.009142
23283,-0.004103
23284,0.028628
23285,0.016191
23286,0.032729
23287,0.038020
23288,0.057673
23289,0.034302
23290,0.017648
23291,-0.033600
23292,-0.090183
23293,-0.094944
23294,-0.041793
23295,-0.029118
23296,-0.036935
23297,-0.030639
23298,0.017737
23299,0.074161
23300,0.092347
23301,0.052306
23302,-0.025132
23303,0.004638
23304,0.031276
23305,-0.013998
23306,0.009365
23307,0.006569
23308,-0.026490
23309,0.013300
23310,-0.004448
23311,-0.041323
23312,-0.025623
23313,-0.062969
23314,-0.035035
23315,-0.003779
23316,-0.001264
23317,0.049070
23318,0.042570
23319,0.020873
23320,-0.003821
23321,-0.017182
23322,-0.006706
23323,0.013409
23324,0.010432
23325,-0.009927
23326,-0.017190
23327,0.032979
23328,0.016992
23329,-0.053438
23330,-0.062686
23331,-0.030200
23332,-0.018229
23333,0.043214
23334,0.060995
23335,0.061888
23336,0.029049
23337,-0.039340
23338,0.013817
23339,0.007537
23340,-0.063025
23341,0.006370
23342,0.015885
23343,-0.015994
23344,-0.017900
23345,-0.045286
23346,0.010135
23347,0.018768
23348,0.008033
23349,-0.006358
23350,0.008146
23351,-0.000599
23352,-0.011344
23353,-0.019955
23354,0.042558
23355,-0.002520
23356,0.008364
23357,0.032366
23358,0.016532
23359,-0.001915
23360,-0.046469
23361,-0.048064
23362,-0.003663
23363,0.019767
23364,0.041417
23365,0.043511
23366,0.013366
23367,-0.012024
23368,-0.003197
23369,-0.041244
23370,-0.081260
23371,-0.066711
23372,-0.011939
23373,0.039311
23374,0.059722
23375,0.014795
23376,0.048168
23377,0.067963
23378,0.065746
23379,0.036731
23380,-0.018709
23381,-0.081674
23382,-0.058616
23383,-0.037878
23384,-0.051549
23385,-0.032569
23386,0.009688
23387,0.042462
23388,0.052449
23389,-0.021117
23390,-0.029520
23391,-0.051605
23392,-0.002275
23393,0.061412
23394,0.075665
23395,0.051860
23396,0.033417
23397,0.031249
23398,-0.052474
23399,-0.059855
23400,-0.048324
23401,-0.026902
23402,-0.049914
23403,-0.060927
23404,-0.007026
23405,-0.003009
23406,0.015437
23407,0.055521
23408,0.078776
23409,0.092374
23410,0.057070
23411,0.016945
23412,-0.014378
23413,-0.021763
23414,-0.063857
23415,-0.082258
23416,-0.086034
23417,-0.117538
23418,-0.093177
23419,-0.005994
23420,0.050056
23421,0.070530
23422,0.101148
23423,0.106116
23424,0.105429
23425,0.039852
23426,0.042020
23427,0.015711
23428,-0.039654
23429,-0.053964
23430,-0.052818
23431,-0.026725
23432,-0.000480
23433,-0.001514
23434,-0.051055
23435,-0.046408
23436,-0.051260
23437,-0.031502
23438,-0.020983
23439,-0.024605
23440,-0.001218
23441,0.004925
23442,0.017557
23443,0.043326
23444,0.060765
23445,0.048247
23446,0.019660
23447,-0.001336
23448,-0.006012
23449,-0.013524
23450,-0.019824
23451,-0.029188
23452,-0.028726
23453,-0.044021
23454,-0.042994
23455,-0.000703
23456,0.052423
23457,0.040470
23458,0.064727
23459,0.037256
23460,-0.029459
23461,-0.017618
23462,-0.038308
23463,-0.084073
23464,-0.074090
23465,-0.049894
23466,-0.014639
23467,0.018647
23468,0.063090
23469,0.066411
23470,0.053888
23471,0.054284
23472,0.055616
23473,0.035973
23474,-0.000136
23475,-0.033399
23476,-0.023464
23477,-0.056184
23478,-0.035192
23479,-0.017208
23480,-0.023454
23481,0.014758
23482,0.055883
23483,0.020007
23484,-30.596718
23485,1046.444214
23486,518.658386
23487,0.000000
23488,0.006394
23489,1752.731934
23490,1113.223511
23491,1502.479370
23492,2258.398193
23493,799.052734
23494,2019.935181
23495,1140.002319
23496,2237.649170
23497,2236.626221
23498,1057.704102
23499,1429.455200
23500,861.412720
23501,2078.233154
23502,1101.375122
23503,1012.368469
23504,932.388916
23505,2072.458008
23506,926.706970
23507,756.415405
23508,1912.105347
23509,991.895874
23510,2138.902344
23511,2034.173950
23512,1023.045044
23513,1467.551636
23514,1814.681030
23515,0.017457
23516,-0.026351
23517,-0.059997
23518,-0.010527
23519,-0.007144
23520,-0.011518
23521,-0.006812
23522,-0.033309
23523,0.004944
23524,0.017053
23525,0.064185
23526,0.041955
23527,0.013831
23528,-0.036200
23529,-0.092326
23530,-0.044965
23531,0.017182
23532,0.033045
23533,0.027936
23534,0.072756
23535,0.081691
23536,0.074215
23537,0.000505
23538,-0.001382
23539,-0.049639
23540,-0.098898
23541,-0.069539
23542,-0.046325
23543,0.007660
23544,0.016942
23545,0.023140
23546,0.023125
23547,0.002260
23548,-0.004384
23549,-0.021785
23550,-0.024240
23551,-0.021494
23552,0.005939
23553,0.039275
23554,0.042704
23555,-0.004620
23556,0.005558
23557,0.039551
23558,-0.008855
23559,0.032202
23560,0.014379
23561,0.001400
23562,0.001069
23563,-0.018255
23564,-0.002405
23565,-0.035120
23566,-0.070734
23567,-0.109172
23568,-0.069733
23569,0.026979
23570,0.042373
23571,0.070164
23572,0.090415
23573,-0.015160
23574,-0.002723
23575,0.006470
23576,-0.017542
23577,-0.014472
23578,-0.036371
23579,-0.054880
23580,0.022849
23581,0.041657
23582,0.056255
23583,0.021903
23584,0.013147
23585,-0.000642
23586,-0.039901
23587,-0.053057
23588,-0.036206
23589,-0.029011
23590,0.001308
23591,0.008301
23592,0.029415
23593,0.058408
23594,0.077986
23595,-0.015726
23596,-0.054798
23597,-0.029861
23598,-0.007135
23599,0.018036
23600,0.036788
23601,0.023747
23602,0.026189
23603,-0.011184
23604,-0.038757
23605,-0.046848
23606,-0.015209
23607,0.018388
23608,0.020591
23609,0.002148
23610,0.022306
23611,-0.013569
23612,-0.004582
23613,0.025800
23614,0.016958
23615,-0.004533
23616,0.016458
23617,-0.022346
23618,-0.023629
23619,0.001161
23620,-0.019379
23621,-0.030152
23622,-0.028368
23623,-0.013860
23624,0.018082
23625,0.049521
23626,0.043017
23627,0.087028
23628,0.056632
23629,0.007455
23630,-0.023324
23631,-0.038390
23632,-0.052614
23633,-0.079733
23634,-0.053239
23635,0.006908
23636,0.021295
23637,-0.002737
23638,-0.037117
23639,-0.013081
23640,0.028856
23641,0.018493
23642,0.054351
23643,0.047286
23644,-0.017541
23645,-0.065523
23646,-0.124363
23647,-0.076117
23648,0.004108
23649,0.041510
23650,0.083652
23651,0.099469
23652,0.045051
23653,0.027163
23654,0.037035
23655,0.027777
23656,-0.017731
23657,0.014305
23658,-0.041728
23659,-0.089124
23660,-0.072823
23661,-0.048542
23662,-0.018342
23663,0.056165
23664,0.082950
23665,0.063132
23666,0.019565
23667,-0.011180
23668,0.026115
23669,-0.011124
23670,-0.013596
23671,0.003119
23672,-0.055535
23673,-0.060276
23674,-0.015302
23675,-0.012336
23676,0.006967
23677,0.029343
23678,0.058475
23679,0.078979
23680,0.007643
23681,-0.030476
23682,-0.068567
23683,-0.088137
23684,-0.036594
23685,-0.003291
23686,0.033355
23687,0.054573
23688,0.076540
23689,0.042558
23690,-0.019774
23691,-0.043860
23692,-0.067916
23693,0.009647
23694,0.045060
23695,-0.001523
23696,0.010805
23697,0.036392
23698,0.012421
23699,-0.032633
23700,-0.075894
23701,-0.090186
23702,-0.039935
23703,-0.037750
23704,0.008589
23705,0.064954
23706,0.140459
23707,0.121503
23708,0.042666
23709,0.011097
23710,-0.023645
23711,-0.027417
23712,-0.021033
23713,-0.014075
23714,0.028402
23715,0.040632
23716,-0.000978
23717,0.005267
23718,-0.065562
23719,-0.089486
23720,-0.103802
23721,-0.094878
23722,-0.018987
23723,0.016495
23724,0.042409
23725,0.058739
23726,-0.016628
23727,-0.024016
23728,-0.019942
23729,0.038571
23730,0.074555
23731,0.037822
23732,0.026631
23733,0.008245
23734,-0.053450
23735,-0.072498
23736,-0.054498
23737,0.010133
23738,-0.004989
23739,0.024032
23740,0.043627
23741,0.026802
23742,0.050903
23743,0.067428
23744,0.046163
23745,-0.011356
23746,-0.041346
23747,-0.088045
23748,-0.085329
23749,-0.032652
23750,-0.009109
23751,0.027290
23752,0.095015
23753,0.069656
23754,0.048945
23755,0.001895
23756,-0.052365
23757,-0.094868
23758,-0.035198
23759,-0.010436
23760,0.011648
23761,-0.000752
23762,-0.007067
23763,0.027226
23764,0.009431
23765,-0.020599
23766,0.019573
23767,0.043609
23768,0.037244
23769,-0.017626
23770,-0.028275
23771,-0.024106
23772,-0.011949
23773,-0.021733
23774,-0.056302
23775,-0.005597
23776,-0.005602
23777,0.004782
23778,-0.000788
23779,-0.007424
23780,-0.016280
23781,0.010566
23782,0.021570
23783,0.058537
23784,0.110970
23785,0.098059
23786,0.028284
23787,-0.027432
23788,-0.069953
23789,-0.098183
23790,-0.070324
23791,-0.059687
23792,-0.017270
23793,0.052700
23794,0.061932
23795,0.070909
23796,0.015995
23797,0.000520
23798,-0.045404
23799,-0.018993
23800,-0.019908
23801,-0.036897
23802,-0.029481
23803,0.005877
23804,0.017345
23805,-0.026738
23806,-0.003041
23807,0.060014
23808,0.031917
23809,0.037743
23810,0.007293
23811,-0.022856
23812,-0.007380
23813,-0.019147
23814,-0.047270
23815,-0.018089
23816,-0.007608
23817,0.011937
23818,0.032162
23819,0.047196
23820,0.062056
23821,0.073350
23822,-0.020996
23823,-0.054700
23824,-0.050191
23825,-0.049778
23826,0.006435
23827,0.012958
23828,0.008389
23829,0.019029
23830,0.029428
23831,0.024753
23832,0.018702
23833,-0.040693
23834,-0.003610
23835,-0.008384
23836,-0.001249
23837,-0.030986
23838,-0.012499
23839,0.000895
23840,0.001332
23841,-0.024183
23842,-0.010206
23843,0.036863
23844,0.047603
23845,0.047157
23846,0.014763
23847,-0.076549
23848,-0.069161
23849,-0.034548
23850,-0.048635
23851,-0.068570
23852,-0.035682
23853,0.006948
23854,0.044187
23855,0.031468
23856,0.047017
23857,0.107182
23858,0.088629
23859,0.020085
23860,-0.024263
23861,-0.090747
23862,-0.068624
23863,-0.002757
23864,0.028400
23865,156.559631
23866,120.837372
23867,2.813556
23868,1766.328735
23869,360.294983
23870,15.711646
23871,-6.579381
23872,-5.835464
23873,-6.105185
23874,-5.078107
23875,-1.118435
23876,5.458871
23877,-19.461578
23878,-3.446633
23879,3.879526
23880,-9.204532
23881,-6.087519
23882,6.393260
23883,-14.187708
23884,-17.478767
23885,12.043183
23886,40.395058
23887,37.000652
23888,5.558834
23889,-4.421144
23890,-10.155988
23891,-7.489488
23892,2.008716
23893,-2.345154
23894,-16.022455
23895,-32.560402
23896,-25.007881
23897,2.577942
23898,27.184032
23899,27.579514
23900,26.897099
23901,7.804460
23902,-11.643665
23903,-23.206717
23904,-21.374237
23905,-28.147488
23906,-10.507946
23907,2.600403
23908,9.873481
23909,12.900559
23910,11.703206
23911,19.394503
23912,42.482513
23913,25.415487
23914,9.033813
23915,-10.348333
23916,-46.842270
23917,-45.928421
23918,-28.552351
23919,0.024295
23920,0.007007
23921,0.031103
23922,-0.035468
23923,-0.084997
23924,-0.035123
23925,0.013722
23926,0.054953
23927,0.064512
23928,0.017296
23929,-0.051889
23930,-0.051573
23931,-0.017684
23932,0.018447
23933,0.037109
23934,0.004598
23935,-0.006770
23936,-0.019311
23937,0.024490
23938,0.082065
23939,0.053472
23940,0.052724
23941,0.045145
23942,0.012627
23943,-0.014857
23944,-0.079154
23945,-0.080657
23946,-0.032677
23947,-0.046845
23948,-0.029702
23949,0.021626
23950,0.041999
23951,0.009807
23952,-0.017329
23953,-0.081319
23954,-0.081544
23955,-0.072286
23956,0.031776
23957,0.123167
23958,0.126420
23959,0.023340
23960,-0.017589
23961,-0.002300
23962,0.014300
23963,-0.009245
23964,0.027169
23965,0.012519
23966,-0.032625
23967,0.017929
23968,-0.019148
23969,-0.053304
23970,-0.045181
23971,-0.045773
23972,0.026428
23973,0.072657
23974,0.004147
23975,0.006804
23976,0.028465
23977,-0.029808
23978,-0.016736
23979,-0.034299
23980,-0.027663
23981,-0.008954
23982,-0.014026
23983,0.025797
23984,0.004833
23985,0.013903
23986,0.033061
23987,0.016494
23988,-0.018667
23989,0.023473
23990,0.020931
23991,-0.038888
23992,-0.038269
23993,0.001336
23994,-0.006372
23995,-0.039487
23996,-0.024738
23997,0.009386
23998,0.066160
23999,0.084192
24000,0.072598
24001,0.028787
24002,-0.010079
24003,-0.048250
24004,-0.091383
24005,-0.129845
24006,-0.026513
24007,0.026315
24008,0.053524
24009,0.023377
24010,-0.019437
24011,0.017176
24012,0.035324
24013,-0.005999
24014,0.029317
24015,-0.006984
24016,0.025392
24017,0.011546
24018,-0.014567
24019,-0.034091
24020,-0.039049
24021,-0.001291
24022,0.046959
24023,0.014202
24024,-0.034151
24025,-0.026923
24026,-0.002902
24027,0.012213
24028,0.042645
24029,0.056927
24030,0.022964
24031,-0.005275
24032,-0.004756
24033,-0.011168
24034,-0.021719
24035,-0.067824
24036,-0.077341
24037,-0.032141
24038,0.004147
24039,0.039351
24040,-0.009248
24041,-0.004470
24042,0.017733
24043,0.031945
24044,0.015557
24045,0.066245
24046,0.030939
24047,0.011155
24048,-0.008098
24049,0.004273
24050,0.039467
24051,0.023262
24052,-0.009611
24053,-0.024019
24054,-0.015498
24055,-0.043006
24056,-0.034765
24057,-0.020538
24058,-0.033565
24059,-0.017350
24060,0.015219
24061,-0.005742
24062,0.046152
24063,0.037197
24064,0.029970
24065,0.010758
24066,-0.030323
24067,-0.038243
24068,-0.067304
24069,-0.071387
24070,0.012857
24071,0.037428
24072,0.101195
24073,0.108602
24074,0.061061
24075,0.031192
24076,-0.011477
24077,-0.068308
24078,-0.096385
24079,-0.027840
24080,0.019438
24081,0.028774
24082,-0.017828
24083,-0.084063
24084,-0.074860
24085,-0.009901
24086,0.024548
24087,0.099406
24088,0.090088
24089,-0.009623
24090,0.002134
24091,0.000047
24092,-0.016223
24093,-0.018124
24094,-0.040644
24095,-0.072317
24096,-0.058000
24097,-0.054016
24098,-0.017397
24099,0.052346
24100,0.070120
24101,0.042779
24102,0.012930
24103,0.015657
24104,-0.020328
24105,0.012480
24106,0.051893
24107,0.041351
24108,0.049456
24109,0.027053
24110,-0.040466
24111,-0.085371
24112,-0.094734
24113,-0.036995
24114,-0.038069
24115,-0.020583
24116,-0.000448
24117,0.026770
24118,0.063481
24119,150.839203
24120,128.775131
24121,2.698791
24122,1737.876831
24123,340.509308
24124,-10.507843
24125,-24.969732
24126,-33.065834
24127,-27.275848
24128,-2.461767
24129,25.737396
24130,35.994331
24131,40.533512
24132,0.158793
24133,-21.961834
24134,-5.819900
24135,2.334266
24136,15.350616
24137,19.856176
24138,8.360600
24139,-10.742576
24140,-15.082966
24141,-19.366724
24142,-18.857445
24143,-16.180498
24144,-20.824682
24145,13.808870
24146,10.880071
24147,8.950901
24148,11.573111
24149,20.935202
24150,23.266834
24151,-1.702277
24152,-13.760333
24153,-10.064055
24154,-11.422332
24155,-27.837669
24156,-30.244417
24157,-18.187206
24158,-1.860325
24159,22.608244
24160,28.074333
24161,3.744576
24162,20.617292
24163,38.037868
24164,34.530579
24165,14.273452
24166,1.582848
24167,-2.814042
24168,-14.426686
24169,-26.055401
24170,-40.695431
24171,-39.073086
24172,-29.762018
24173,0.124856
24174,0.063544
24175,-0.030801
24176,-0.062038
24177,-0.055553
24178,-0.034486
24179,-0.030687
24180,0.007425
24181,0.025012
24182,0.062043
24183,0.016145
24184,-0.049229
24185,-0.056195
24186,-0.021097
24187,0.000079
24188,0.046075
24189,0.047227
24190,0.054955
24191,0.016315
24192,0.023943
24193,0.015084
24194,-0.011701
24195,-0.030813
24196,-0.079752
24197,-0.082810
24198,-0.076360
24199,-0.048560
24200,0.012563
24201,0.050348
24202,0.075156
24203,0.053945
24204,-0.011198
24205,-0.006409
24206,0.031732
24207,-0.027523
24208,-0.036282
24209,-0.013521
24210,0.026069
24211,0.030853
24212,-0.009161
24213,-0.029049
24214,-0.015293
24215,-0.032707
24216,-0.027977
24217,-0.009300
24218,-0.012931
24219,0.037575
24220,0.019697
24221,0.025908
24222,0.013106
24223,0.006107
24224,0.027452
24225,0.013586
24226,0.040866
24227,-0.006818
24228,0.016402
24229,0.025779
24230,-0.003427
24231,-0.069560
24232,-0.024157
24233,-0.037277
24234,0.020647
24235,0.032814
24236,0.020357
24237,0.031762
24238,-0.010147
24239,-0.043785
24240,-0.011984
24241,-0.006778
24242,0.048668
24243,0.032943
24244,-0.003694
24245,-0.029287
24246,-0.045424
24247,-0.035330
24248,-0.023094
24249,-0.009343
24250,-0.017285
24251,-0.024181
24252,-0.018611
24253,-0.030512
24254,-0.005226
24255,0.053213
24256,0.020056
24257,0.024473
24258,0.004650
24259,-0.045651
24260,-0.044891
24261,0.047675
24262,0.100561
24263,0.091320
24264,0.062683
24265,-0.032324
24266,-0.051113
24267,-0.037731
24268,-0.034712
24269,0.061087
24270,0.103818
24271,0.018754
24272,-0.059273
24273,147.370911
24274,133.587799
24275,2.629209
24276,1720.468872
24277,314.957916
24278,-29.619043
24279,-22.596504
24280,-7.321221
24281,5.950511
24282,-2.943242
24283,-1.580605
24284,14.375760
24285,25.885475
24286,31.890579
24287,9.600783
24288,-23.396486
24289,-24.249844
24290,-10.925341
24291,0.295021
24292,12.479457
24293,14.899089
24294,15.722664
24295,11.442205
24296,-10.954701
24297,-35.819798
24298,-21.429045
24299,11.212808
24300,17.555859
24301,14.377373
24302,17.980444
24303,7.329314
24304,-13.802260
24305,-28.101414
24306,-39.327015
24307,-23.485855
24308,0.623642
24309,3.815341
24310,18.297558
24311,23.280157
24312,19.804970
24313,11.619089
24314,3.221017
24315,6.480968
24316,-2.853388
24317,-2.748595
24318,-13.601621
24319,-13.687506
24320,-7.184167
24321,-8.813568
24322,6.690366
24323,22.663372
24324,10.699602
24325,-1.194422
24326,-1.188834
24327,-0.038173
24328,-0.069579
24329,0.023636
24330,0.013051
24331,-0.005500
24332,0.060395
24333,0.010004
24334,0.037726
24335,0.025664
24336,-0.048222
24337,-0.071999
24338,-0.068651
24339,-0.022003
24340,-0.021738
24341,0.013464
24342,0.063956
24343,0.039477
24344,-0.000233
24345,-0.021820
24346,-0.057635
24347,-0.040991
24348,0.001154
24349,0.025637
24350,0.015136
24351,0.057528
24352,0.026117
24353,0.016665
24354,-0.002471
24355,-0.040414
24356,-0.016571
24357,-0.015283
24358,-0.007867
24359,0.028519
24360,0.009357
24361,0.022705
24362,0.004726
24363,-0.039746
24364,-0.063082
24365,-0.015871
24366,0.003394
24367,0.028006
24368,0.044902
24369,0.013078
24370,0.014783
24371,0.034062
24372,-0.031992
24373,0.011277
24374,0.012303
24375,-0.026255
24376,-0.056485
24377,145.028671
24378,136.837906
24379,2.582218
24380,1712.771729
24381,310.448639
24382,1.853913
24383,9.706593
24384,3.448960
24385,-17.970823
24386,-20.868320
24387,-34.591045
24388,-17.734426
24389,-9.257990
24390,1.083291
24391,35.613750
24392,36.037739
24393,5.021997
24394,-11.654089
24395,1.810620
24396,24.795347
24397,39.407635
24398,23.202761
24399,9.948573
24400,-21.825638
24401,-59.833878
24402,-55.382381
24403,-33.833454
24404,-5.840995
24405,20.182739
24406,23.605877
24407,41.191933
24408,33.823605
24409,30.572552
24410,4.610577
24411,-26.145592
24412,-38.535259
24413,-25.171247
24414,-29.277510
24415,-1.790282
24416,13.678209
24417,16.640705
24418,43.893936
24419,38.619961
24420,25.898190
24421,13.358685
24422,6.529660
24423,8.065380
24424,-31.145815
24425,-49.800262
24426,-54.121037
24427,-63.863644
24428,-57.874561
24429,-30.808838
24430,6.437143
24431,-0.029001
24432,0.017818
24433,-0.000243
24434,0.002016
24435,0.032233
24436,0.004076
24437,-0.014799
24438,-0.019213
24439,0.000514
24440,0.017681
24441,-0.030526
24442,-0.070168
24443,-0.036757
24444,-0.006391
24445,0.006192
24446,0.055763
24447,0.024834
24448,0.013312
24449,0.007797
24450,0.049015
24451,0.083260
24452,0.004292
24453,-0.032607
24454,-0.058691
24455,-0.062921
24456,-0.010129
24457,0.005932
24458,0.011184
24459,-0.019428
24460,-0.048312
24461,-0.023851
24462,-0.005680
24463,-0.021133
24464,0.062013
24465,0.085991
24466,0.081702
24467,0.064152
24468,-0.041861
24469,-0.066326
24470,-0.019175
24471,-0.009224
24472,-0.006775
24473,-0.089572
24474,-0.082323
24475,-0.027963
24476,0.009371
24477,0.059333
24478,0.084029
24479,0.068834
24480,0.052102
24481,-0.038106
24482,-0.028184
24483,0.002518
24484,-0.023654
24485,-0.032965
24486,-0.029198
24487,-0.035329
24488,-0.013514
24489,0.025499
24490,0.058144
24491,0.027142
24492,0.054080
24493,-0.017490
24494,-0.062166
24495,0.013256
24496,-0.010103
24497,0.035626
24498,0.026541
24499,-0.072084
24500,-0.021196
24501,-0.020782
24502,-0.044956
24503,-0.025839
24504,0.017946
24505,0.077670
24506,0.069394
24507,0.007369
24508,0.045084
24509,-0.049577
24510,-0.016787
24511,0.085214
24512,0.055082
24513,-0.017244
24514,-0.042194
24515,-0.058287
24516,-0.054731
24517,-0.093873
24518,-0.029193
24519,-0.014431
24520,-0.007771
24521,0.058520
24522,0.097265
24523,0.055876
24524,-0.017683
24525,-0.013283
24526,-0.013951
24527,-0.040764
24528,-0.028683
24529,-0.009674
24530,-0.006659
24531,0.010475
24532,0.045740
24533,0.082408
24534,0.061741
24535,0.008976
24536,-0.077577
24537,-0.117781
24538,-0.040210
24539,-0.040529
24540,-0.004933
24541,0.023135
24542,0.045814
24543,0.037985
24544,0.017516
24545,0.010024
24546,-0.011447
24547,-0.001407
24548,0.077447
24549,0.039087
24550,-0.039337
24551,-0.024220
24552,-0.085412
24553,-0.047234
24554,0.051844
24555,0.036301
24556,0.042859
24557,0.005567
24558,-0.036617
24559,0.003478
24560,-0.013834
24561,-0.048282
24562,-0.055668
24563,-0.042058
24564,-0.034691
24565,-0.022737
24566,0.029675
24567,0.087538
24568,0.098466
24569,0.084554
24570,0.024455
24571,-0.005829
24572,-0.021536
24573,-0.074005
24574,-0.063604
24575,-0.041572
24576,-0.088983
24577,-0.056253
24578,0.027605
24579,0.037345
24580,0.061275
24581,0.105369
24582,0.049261
24583,0.054328
24584,0.065912
24585,0.006044
24586,-0.060239
24587,-0.044174
24588,-0.043911
24589,-0.044437
24590,-0.046697
24591,-0.023740
24592,-0.002700
24593,0.042141
24594,0.054973
24595,0.029865
24596,-0.006557
24597,-0.013235
24598,-0.046700
24599,-0.041765
24600,-0.066034
24601,-0.047160
24602,0.032196
24603,0.062524
24604,0.036959
24605,0.008988
24606,0.021957
24607,0.027110
24608,0.007448
24609,0.001655
24610,-0.023269
24611,-0.045779
24612,-0.049201
24613,0.008929
24614,-0.024713
24615,0.005227
24616,-0.008437
24617,-0.009226
24618,0.046723
24619,0.021165
24620,0.009422
24621,0.041363
24622,0.050983
24623,0.026796
24624,0.015180
24625,0.013932
24626,-0.010184
24627,-0.036627
24628,-0.072624
24629,-0.043009
24630,-0.059796
24631,-0.063261
24632,-0.067491
24633,-0.032885
24634,0.027553
24635,0.086319
24636,0.096702
24637,0.106416
24638,0.050866
24639,0.022874
24640,0.033507
24641,-0.001393
24642,-0.077231
24643,-0.070407
24644,-0.028397
24645,-0.013911
24646,-0.009248
24647,0.005314
24648,0.005398
24649,0.013650
24650,-0.075115
24651,-0.075506
24652,-0.000637
24653,0.003683
24654,0.077925
24655,0.074861
24656,0.068484
24657,0.053487
24658,0.005179
24659,-0.074439
24660,-0.113026
24661,-0.126681
24662,-0.077003
24663,-0.001893
24664,0.102357
24665,0.156402
24666,0.114659
24667,0.077366
24668,0.014393
24669,0.005822
24670,0.009137
24671,-0.033166
24672,-0.062632
24673,-0.072932
24674,-0.023942
24675,-0.039918
24676,-0.049177
24677,-0.031009
24678,-0.016145
24679,0.001991
24680,0.058666
24681,138.182175
24682,146.338226
24683,2.444861
24684,1678.708374
24685,308.876801
24686,-13.798380
24687,-29.310257
24688,-7.826283
24689,24.030321
24690,59.818035
24691,67.619568
24692,52.927502
24693,8.375063
24694,-34.887051
24695,-32.012211
24696,-26.096869
24697,-30.205265
24698,-35.596947
24699,-47.952877
24700,-45.650517
24701,8.311302
24702,49.980812
24703,60.123886
24704,61.426052
24705,25.612385
24706,-11.171018
24707,-30.381777
24708,-39.721455
24709,-7.077108
24710,14.394043
24711,15.134399
24712,14.177079
24713,13.042538
24714,-3.212117
24715,-2.632850
24716,-15.934191
24717,-20.869017
24718,-47.333324
24719,-35.493595
24720,7.160022
24721,20.998903
24722,10.007030
24723,8.164837
24724,-2.865877
24725,0.510744
24726,13.823163
24727,0.258309
24728,7.318919
24729,10.889422
24730,-0.686944
24731,-3.980731
24732,9.896083
24733,32.118660
24734,30.033957
24735,0.050616
24736,-0.008839
24737,0.007185
24738,-0.023210
24739,-0.053798
24740,-0.046873
24741,-0.040780
24742,-0.051862
24743,-0.025227
24744,0.010537
24745,-0.006094
24746,0.083292
24747,0.095428
24748,0.085041
24749,0.038874
24750,-0.053976
24751,-0.035306
24752,0.007049
24753,0.003825
24754,-0.001657
24755,-0.045984
24756,-0.043869
24757,-0.005575
24758,-0.001080
24759,0.040017
24760,0.052893
24761,0.001455
24762,-0.028497
24763,-0.018599
24764,-0.015584
24765,-0.010573
24766,0.028527
24767,0.032431
24768,0.010321
24769,0.018174
24770,-0.041103
24771,-0.043048
24772,-0.013157
24773,-0.000355
24774,0.014653
24775,-0.008522
24776,0.020391
24777,0.028999
24778,0.015289
24779,-0.009301
24780,-0.058011
24781,-0.035763
24782,0.005138
24783,-0.000103
24784,-0.000973
24785,135.839951
24786,149.588333
24787,2.397870
24788,1666.740723
24789,299.368866
24790,-26.689232
24791,-45.631241
24792,-31.693901
24793,-21.592857
24794,7.232442
24795,25.298437
24796,35.238506
24797,28.407780
24798,30.255045
24799,18.583769
24800,3.311268
24801,3.912159
24802,4.949470
24803,-11.957093
24804,-22.521444
24805,-19.559326
24806,-17.129765
24807,-18.946150
24808,-18.217833
24809,0.222565
24810,5.532683
24811,-5.981272
24812,-0.688688
24813,16.066673
24814,31.561684
24815,28.507915
24816,2.697463
24817,9.209021
24818,2.904627
24819,-6.521372
24820,-27.663691
24821,-16.154470
24822,5.500749
24823,17.984797
24824,8.240975
24825,-27.184443
24826,-28.665937
24827,-13.462133
24828,4.877864
24829,5.517364
24830,-2.178117
24831,19.888937
24832,41.550755
24833,47.953171
24834,26.611702
24835,-8.983746
24836,-25.310417
24837,-27.569427
24838,-31.610615
24839,-0.008190
24840,0.005932
24841,0.009855
24842,-0.027160
24843,-0.015132
24844,-0.014785
24845,-0.026168
24846,0.012389
24847,0.056750
24848,0.056633
24849,0.006669
24850,0.021109
24851,0.046338
24852,0.012443
24853,0.010028
24854,0.025789
24855,-0.008191
24856,-0.037576
24857,-0.048586
24858,-0.018193
24859,-0.051704
24860,-0.018655
24861,0.016508
24862,0.033516
24863,0.002662
24864,-0.012074
24865,-0.026714
24866,-0.010857
24867,-0.020430
24868,-0.056091
24869,-0.003365
24870,0.059199
24871,0.047966
24872,0.019700
24873,0.019218
24874,-0.012848
24875,-0.018236
24876,0.012880
24877,0.028149
24878,0.016566
24879,-0.012693
24880,-0.021371
24881,-0.029822
24882,-0.050192
24883,-0.030620
24884,0.002777
24885,0.035439
24886,0.017191
24887,0.030282
24888,0.059744
24889,-0.011889
24890,-0.044795
24891,-0.018636
24892,-0.042658
24893,-0.025598
24894,-0.039635
24895,-0.045896
24896,-0.015718
24897,0.042045
24898,0.056218
24899,0.100100
24900,0.048710
24901,0.040023
24902,0.026588
24903,0.010868
24904,-0.050635
24905,-0.079755
24906,-0.045958
24907,-0.039676
24908,-0.047177
24909,-0.013800
24910,0.028311
24911,0.028597
24912,0.006834
24913,0.024882
24914,0.022137
24915,0.046901
24916,0.017650
24917,-0.041435
24918,-0.053963
24919,-0.076237
24920,-0.037421
24921,0.037212
24922,0.032952
24923,0.073459
24924,0.046075
24925,-0.059351
24926,-0.032956
24927,-0.031839
24928,-0.049052
24929,-0.028610
24930,-0.008263
24931,0.019329
24932,0.092242
24933,0.108258
24934,0.091203
24935,0.064215
24936,0.040377
24937,0.021623
24938,-0.015947
24939,-0.095759
24940,-0.138542
24941,-0.140414
24942,-0.085945
24943,-0.033449
24944,0.044584
24945,0.058370
24946,0.052897
24947,0.024616
24948,0.048501
24949,0.053376
24950,-0.005940
24951,-0.024366
24952,-0.018118
24953,-0.067516
24954,-0.026352
24955,-0.015876
24956,0.017349
24957,0.022727
24958,0.031999
24959,0.023124
24960,-0.014658
24961,-0.024124
24962,0.001183
24963,0.009196
24964,-0.048176
24965,-0.019285
24966,0.042565
24967,0.032838
24968,0.079406
24969,0.066479
24970,-0.031875
24971,-0.026050
24972,-0.000383
24973,-0.028293
24974,-0.036593
24975,-0.052651
24976,-0.099852
24977,-0.009239
24978,0.038158
24979,0.047275
24980,0.076301
24981,0.013444
24982,-0.030640
24983,0.006399
24984,0.010517
24985,-0.017730
24986,-0.010493
24987,-0.020414
24988,0.011769
24989,0.024218
24990,0.006563
24991,-0.040373
24992,-0.074279
24993,-0.078901
24994,-0.030405
24995,0.031214
24996,0.104007
24997,0.109675
24998,0.040682
24999,-0.031367
25000,-0.031963
25001,-0.021085
25002,-0.021531
25003,0.003205
25004,0.033085
25005,0.011686
25006,-0.043065
25007,-0.036723
25008,0.032641
25009,0.056333
25010,0.014679
25011,0.032503
25012,0.025549
25013,-0.025560
25014,-0.021462
25015,-0.032406
25016,-0.045596
25017,-0.049173
25018,-0.035065
25019,0.023794
25020,0.026071
25021,0.042201
25022,0.018205
25023,-0.077440
25024,-0.032894
25025,0.022662
25026,-0.003972
25027,0.011641
25028,0.003148
25029,-0.040656
25030,0.006478
25031,0.051562
25032,0.057374
25033,0.036378
25034,-0.024450
25035,0.033045
25036,0.046556
25037,-0.035006
25038,-0.059168
25039,-0.023210
25040,-0.008158
25041,-0.022744
25042,-0.020755
25043,-0.025258
25044,-0.016786
25045,-0.022882
25046,0.011063
25047,0.038377
25048,0.033089
25049,0.012013
25050,-0.010928
25051,-0.047610
25052,-0.000015
25053,0.044748
25054,-0.003602
25055,-0.001581
25056,0.019001
25057,0.084062
25058,0.062120
25059,0.003032
25060,-0.007167
25061,-0.033658
25062,-0.004916
25063,-0.004133
25064,-0.033752
25065,-0.027019
25066,-0.025801
25067,-0.021046
25068,-0.006655
25069,-0.031423
25070,-0.031376
25071,0.008776
25072,0.010187
25073,-0.019869
25074,0.002527
25075,0.048582
25076,0.039756
25077,0.041879
25078,0.047755
25079,0.005688
25080,-0.008303
25081,-0.037453
25082,0.004434
25083,0.017119
25084,-0.003617
25085,0.044603
25086,0.010243
25087,-0.020632
25088,-0.018613
25089,-0.071656
25090,-0.104476
25091,-0.014998
25092,-0.036163
25093,-0.003363
25094,0.007006
25095,0.009054
25096,0.037474
25097,0.069319
25098,0.041670
25099,-0.017910
25100,-0.055559
25101,-0.107355
25102,-0.085018
25103,-0.006109
25104,0.083534
25105,0.086921
25106,0.085229
25107,0.102724
25108,0.085464
25109,-0.005356
25110,-0.029050
25111,-0.039293
25112,-0.049891
25113,-0.071929
25114,-0.030870
25115,-0.024361
25116,-0.041294
25117,-0.011053
25118,0.012655
25119,0.018767
25120,0.057366
25121,0.050918
25122,0.058398
25123,0.035326
25124,0.030963
25125,0.000096
25126,-0.080511
25127,-0.101759
25128,-0.018461
25129,0.027315
25130,0.011674
25131,0.015246
25132,0.037242
25133,0.018131
25134,-0.013258
25135,-0.039122
25136,-0.059777
25137,-0.076223
25138,-0.035123
25139,127.867371
25140,160.651199
25141,2.237921
25142,1627.016602
25143,303.252686
25144,32.329540
25145,43.012783
25146,33.272709
25147,2.094460
25148,-26.817410
25149,-55.236065
25150,-50.101513
25151,-18.562653
25152,-1.554198
25153,7.737675
25154,13.327126
25155,33.131145
25156,30.081068
25157,17.568510
25158,9.620309
25159,16.874207
25160,-13.686099
25161,-32.970463
25162,-18.014511
25163,-1.817678
25164,5.126290
25165,-5.259868
25166,-7.799945
25167,7.378507
25168,8.453273
25169,-0.140811
25170,-15.626046
25171,-5.048901
25172,5.226183
25173,19.000320
25174,11.188456
25175,-7.678368
25176,-20.395927
25177,-8.737625
25178,-6.095627
25179,-4.512671
25180,23.369888
25181,38.830158
25182,14.005498
25183,-16.611635
25184,-40.874004
25185,-41.707569
25186,-4.169487
25187,34.246708
25188,30.868731
25189,5.604013
25190,-7.428767
25191,-2.922067
25192,5.788147
25193,17.788874
25194,11.128488
25195,-875.541626
25196,0.000000
25197,7.138645
25198,2297.416748
25199,1082.384644
25200,2214.137451
25201,2288.931152
25202,992.040955
25203,2251.469238
25204,1015.596863
25205,2254.709717
25206,2015.318237
25207,1726.419800
25208,764.560364
25209,909.030701
25210,2196.597412
25211,846.117126
25212,956.697693
25213,2043.243408
25214,785.509521
25215,1043.123047
25216,1153.884888
25217,1399.520142
25218,1174.264648
25219,2096.486572
25220,1977.643311
25221,1954.385376
25222,885.897888
25223,1371.129517
25224,0.034079
25225,0.068328
25226,0.036752
25227,-0.002140
25228,-0.017061
25229,-0.006242
25230,0.014539
25231,0.023003
25232,-0.001562
25233,-0.036218
25234,-0.013193
25235,-0.035293
25236,-0.052190
25237,-0.026311
25238,0.020124
25239,0.052638
25240,0.065621
25241,0.050562
25242,0.010159
25243,0.005917
25244,0.020202
25245,0.017767
25246,0.013034
25247,-0.065029
25248,-0.047256
25249,-0.049595
25250,-0.056630
25251,-0.011511
25252,-0.060544
25253,-0.016528
25254,0.004268
25255,-0.002663
25256,0.024623
25257,0.067940
25258,0.049776
25259,0.032312
25260,0.019014
25261,-0.034131
25262,-0.059322
25263,-0.025880
25264,-0.005615
25265,-0.008627
25266,0.000863
25267,-0.021979
25268,0.005714
25269,0.028518
25270,0.028985
25271,-0.001549
25272,-0.052371
25273,0.026521
25274,0.083787
25275,0.012838
25276,-0.002765
25277,-0.024140
25278,-0.060839
25279,-0.077475
25280,-0.064118
25281,-0.099782
25282,-0.073353
25283,-0.025427
25284,0.005043
25285,0.033773
25286,0.062609
25287,0.066180
25288,0.050760
25289,0.071366
25290,0.085465
25291,0.080500
25292,0.027675
25293,-0.092685
25294,-0.115194
25295,-0.117230
25296,-0.086316
25297,-0.040110
25298,-0.027429
25299,0.047448
25300,0.046564
25301,-0.011591
25302,-0.013481
25303,0.045861
25304,0.120242
25305,0.127013
25306,0.024157
25307,-0.020034
25308,-0.023754
25309,-0.062548
25310,-0.053863
25311,-0.042795
25312,-0.044615
25313,-0.063292
25314,-0.006392
25315,0.048103
25316,0.132225
25317,0.132640
25318,0.047522
25319,0.016949
25320,0.007008
25321,-0.071029
25322,-0.084833
25323,-0.077808
25324,-0.032144
25325,-0.049318
25326,-0.055079
25327,0.013523
25328,0.015561
25329,0.030783
25330,0.051737
25331,0.040442
25332,0.060797
25333,0.067303
25334,0.025271
25335,-0.015510
25336,-0.073891
25337,-0.058390
25338,-0.023626
25339,-0.038807
25340,-0.053145
25341,-0.060311
25342,-0.015255
25343,0.011650
25344,-0.037019
25345,0.005117
25346,0.009732
25347,0.104084
25348,0.145352
25349,0.099289
25350,0.043449
25351,-0.003412
25352,-0.032187
25353,-0.021921
25354,-0.028263
25355,-0.069556
25356,-0.081924
25357,-0.068289
25358,-0.008014
25359,0.028963
25360,0.008744
25361,-0.012318
25362,-0.050573
25363,0.025296
25364,0.056334
25365,0.064657
25366,0.042114
25367,0.009866
25368,-0.009227
25369,-0.015409
25370,-0.017352
25371,-0.072957
25372,-0.087281
25373,-0.025811
25374,-0.002358
25375,0.032678
25376,0.077082
25377,0.091770
25378,0.092087
25379,0.060412
25380,0.007211
25381,-0.019783
25382,-0.004263
25383,-0.037734
25384,-0.009273
25385,-0.019440
25386,-0.024047
25387,-0.009216
25388,-0.046624
25389,0.014521
25390,-0.012156
25391,-0.068595
25392,-0.053825
25393,-0.049006
25394,0.012568
25395,0.026202
25396,0.044874
25397,0.076595
25398,0.065294
25399,0.030831
25400,-0.004609
25401,-0.035479
25402,0.028004
25403,0.015467
25404,-0.011252
25405,-0.040947
25406,-0.108813
25407,-0.116357
25408,-0.115236
25409,-0.001363
25410,0.118444
25411,0.129942
25412,0.100461
25413,0.133858
25414,0.085288
25415,0.020620
25416,-0.034838
25417,-0.111959
25418,-0.160739
25419,-0.128289
25420,-0.076302
25421,-0.017055
25422,0.048627
25423,0.112027
25424,0.009421
25425,-0.004878
25426,0.001975
25427,-0.049471
25428,-0.057923
25429,0.019527
25430,0.072126
25431,0.039762
25432,0.024835
25433,-0.000052
25434,-0.023411
25435,-0.042821
25436,-0.035045
25437,-0.040814
25438,0.025204
25439,0.009546
25440,-0.002963
25441,0.053255
25442,0.051236
25443,0.075472
25444,0.015647
25445,-0.030463
25446,-0.011048
25447,-0.012207
25448,0.016091
25449,0.019291
25450,0.028750
25451,-0.034948
25452,-0.019858
25453,-0.064521
25454,-0.028176
25455,-0.034613
25456,-0.059549
25457,-0.035167
25458,-0.015767
25459,0.000693
25460,0.019531
25461,-0.038660
25462,0.002162
25463,0.080466
25464,0.090114
25465,0.086725
25466,0.008895
25467,-0.046445
25468,-0.062389
25469,-0.063844
25470,-0.038327
25471,-0.004959
25472,0.018197
25473,0.035367
25474,0.011918
25475,0.034375
25476,0.046892
25477,0.054308
25478,0.067566
25479,-0.011093
25480,-0.097729
25481,-0.107645
25482,-0.075271
25483,-0.036830
25484,-0.020068
25485,0.004086
25486,0.039017
25487,0.072720
25488,0.061008
25489,0.034992
25490,0.012931
25491,-0.037424
25492,-0.062887
25493,-0.021692
25494,0.000324
25495,-0.002363
25496,0.051415
25497,0.095933
25498,0.032964
25499,-0.080213
25500,-0.085598
25501,-0.039734
25502,-0.088385
25503,-0.038387
25504,0.008730
25505,0.027425
25506,0.037529
25507,0.090894
25508,0.119300
25509,0.112446
25510,0.071671
25511,0.038085
25512,-0.037595
25513,-0.088502
25514,-0.083705
25515,-0.078908
25516,-0.106425
25517,-0.039333
25518,-0.006978
25519,0.014806
25520,0.070285
25521,0.079421
25522,0.019458
25523,-0.010573
25524,0.019809
25525,0.029873
25526,-0.013957
25527,-0.038621
25528,0.031780
25529,0.006809
25530,-0.026525
25531,0.025151
25532,0.000634
25533,-0.011666
25534,-0.066081
25535,-0.074668
25536,-0.052966
25537,-0.042349
25538,0.014140
25539,0.026016
25540,0.010161
25541,0.027056
25542,0.007702
25543,0.006984
25544,0.023508
25545,0.011330
25546,-0.018597
25547,0.033892
25548,-0.008601
25549,-0.050466
25550,-0.010696
25551,-0.011590
25552,0.015925
25553,0.040763
25554,0.045812
25555,0.092155
25556,0.053097
25557,0.024139
25558,-0.048784
25559,-0.091657
25560,-0.059454
25561,-0.039601
25562,-0.069686
25563,-0.049074
25564,-0.035299
25565,0.005804
25566,0.030779
25567,0.074836
25568,0.063155
25569,0.036747
25570,0.029892
25571,0.037526
25572,-0.014792
25573,-0.062934
25574,-0.071789
25575,-0.071892
25576,-0.015027
25577,0.055720
25578,0.107535
25579,0.089770
25580,0.037745
25581,-0.019032
25582,0.007209
25583,-0.008855
25584,-0.024293
25585,-0.054098
25586,-0.072737
25587,-0.063601
25588,-0.119414
25589,-0.034887
25590,0.027812
25591,0.012001
25592,0.078415
25593,0.066054
25594,0.003637
25595,-0.002712
25596,-0.035824
25597,0.004516
25598,0.049401
25599,0.031990
25600,0.071633
25601,0.066870
25602,0.029167
25603,-0.015143
25604,-0.047389
25605,-0.088567
25606,-0.067660
25607,-0.057620
25608,-0.062814
25609,-0.045743
25610,-0.009245
25611,0.045571
25612,0.065665
25613,0.056705
25614,0.045775
25615,0.033599
25616,0.058008
25617,-0.003918
25618,-0.070470
25619,-0.079114
25620,-0.070069
25621,-0.020286
25622,0.020552
25623,0.003670
25624,0.023646
25625,-0.006957
25626,0.006149
25627,0.029120
25628,-0.029619
25629,-0.019234
25630,-0.009395
25631,-0.023445
25632,0.022179
25633,0.051193
25634,0.039906
25635,0.041804
25636,0.067890
25637,0.020686
25638,-0.038918
25639,-0.046863
25640,-0.044803
25641,-0.081582
25642,-0.029800
25643,0.015362
25644,0.075198
25645,0.006515
25646,-0.032327
25647,-0.002402
25648,0.018407
25649,0.037005
25650,0.025017
25651,-0.000583
25652,-0.021769
25653,-0.025515
25654,-0.054670
25655,-0.011121
25656,-0.002294
25657,-0.007466
25658,-0.012812
25659,0.028804
25660,0.028177
25661,0.019504
25662,-0.023238
25663,0.008682
25664,0.032910
25665,0.033568
25666,0.014633
25667,-0.023848
25668,-0.072806
25669,-0.111267
25670,-0.100149
25671,-0.059471
25672,-0.010016
25673,0.052836
25674,450.995117
25675,489.870544
25676,5.574539
25677,484.889954
25678,16.168545
25679,47.061676
25680,52.199020
25681,38.637661
25682,2.891113
25683,-30.590452
25684,-26.249582
25685,-28.716784
25686,-31.260590
25687,-0.302226
25688,44.331512
25689,47.808552
25690,10.923595
25691,-26.172382
25692,-38.711060
25693,-12.797215
25694,9.216296
25695,6.340918
25696,-3.684140
25697,-11.769986
25698,-9.805331
25699,-6.070236
25700,-7.788314
25701,-13.473527
25702,8.192575
25703,16.581245
25704,13.570827
25705,8.598325
25706,13.164909
25707,10.332773
25708,2.932054
25709,-2.059052
25710,-9.045547
25711,-10.758005
25712,4.610422
25713,2.942832
25714,7.334920
25715,-1.035812
25716,-9.735168
25717,-33.897293
25718,-47.520340
25719,-36.629105
25720,-3.286901
25721,29.486553
25722,48.798016
25723,41.316143
25724,38.610718
25725,17.836765
25726,3.714543
25727,-0.960975
25728,0.069500
25729,0.139515
25730,0.133654
25731,0.105415
25732,0.032179
25733,-0.048729
25734,-0.041096
25735,-0.062381
25736,-0.080866
25737,-0.077637
25738,-0.041780
25739,-0.053182
25740,0.011907
25741,0.030587
25742,0.032812
25743,0.002847
25744,-0.027802
25745,0.013627
25746,0.019355
25747,-0.011435
25748,0.005485
25749,0.019182
25750,0.025757
25751,0.018290
25752,0.055547
25753,0.083714
25754,0.074071
25755,0.000111
25756,0.002945
25757,-0.046212
25758,-0.025499
25759,-0.015337
25760,-0.077899
25761,-0.047154
25762,-0.015548
25763,-0.057673
25764,-0.036865
25765,0.006770
25766,0.033582
25767,0.061599
25768,0.022713
25769,0.019039
25770,0.017510
25771,-0.028425
25772,-0.058106
25773,-0.032825
25774,-0.017577
25775,-0.021772
25776,0.008609
25777,0.029832
25778,0.032948
25779,0.036703
25780,0.021141
25781,0.009545
25782,-0.040621
25783,0.001551
25784,-0.010549
25785,0.000218
25786,-0.017316
25787,-0.016847
25788,-0.006485
25789,-0.005976
25790,0.001363
25791,-0.014118
25792,-0.005543
25793,0.037682
25794,0.025710
25795,-0.028367
25796,-0.032955
25797,0.006501
25798,0.033814
25799,0.009901
25800,0.011402
25801,0.032101
25802,-0.012832
25803,-0.009474
25804,0.009728
25805,0.035152
25806,0.050482
25807,0.041765
25808,0.001257
25809,-0.068169
25810,-0.109622
25811,-0.043576
25812,-0.022938
25813,-0.041633
25814,-0.040418
25815,0.018576
25816,0.044167
25817,0.038377
25818,0.041328
25819,0.018150
25820,0.016643
25821,0.035989
25822,-0.000607
25823,-0.031757
25824,-0.009994
25825,0.017734
25826,0.001331
25827,0.010367
25828,0.018678
25829,-0.015183
25830,-0.074630
25831,-0.033740
25832,-0.006345
25833,-0.025109
25834,-0.025044
25835,0.069715
25836,0.058356
25837,0.015260
25838,0.022772
25839,-0.022859
25840,-0.063489
25841,-0.045745
25842,-0.047690
25843,-0.016949
25844,0.019343
25845,0.056319
25846,0.060223
25847,0.049871
25848,0.026566
25849,-0.028459
25850,-0.037506
25851,-0.020100
25852,0.000735
25853,0.002246
25854,0.014052
25855,0.052900
25856,0.026062
25857,-0.010113
25858,-0.014450
25859,-0.023957
25860,-0.005335
25861,0.006639
25862,-0.046312
25863,-0.050149
25864,-0.012880
25865,0.005634
25866,-0.014623
25867,-0.047622
25868,-0.049024
25869,-0.022743
25870,0.020697
25871,0.051085
25872,0.126587
25873,0.078648
25874,0.037504
25875,0.005641
25876,-0.008550
25877,-0.039660
25878,-0.023371
25879,0.005845
25880,-0.015410
25881,0.017241
25882,-0.027787
25883,-0.069500
25884,-0.044736
25885,0.017802
25886,0.056925
25887,0.037958
25888,-0.025521
25889,0.030263
25890,0.044154
25891,0.011051
25892,0.011987
25893,0.028738
25894,0.041654
25895,-0.042746
25896,-0.052987
25897,-0.065726
25898,-0.061367
25899,-0.050220
25900,-0.006669
25901,0.049624
25902,0.047614
25903,0.003030
25904,0.046540
25905,0.073386
25906,-0.006967
25907,-0.006645
25908,-0.009056
25909,-0.027121
25910,-0.072373
25911,-0.045285
25912,-0.002517
25913,0.009758
25914,-0.003475
25915,-0.021919
25916,-0.019181
25917,0.020673
25918,0.034534
25919,0.053140
25920,0.014748
25921,-0.001982
25922,0.009711
25923,0.051678
25924,0.022309
25925,-0.024786
25926,-0.032749
25927,-0.057372
25928,-0.048639
25929,0.006747
25930,-0.002349
25931,0.020927
25932,0.015972
25933,0.014760
25934,-0.015186
25935,0.012433
25936,0.041393
25937,0.034655
25938,0.029680
25939,-0.005595
25940,-0.023181
25941,-0.047917
25942,-0.000438
25943,-0.009566
25944,-0.069099
25945,-0.064744
25946,0.038480
25947,0.114815
25948,0.047321
25949,-0.018293
25950,-0.025355
25951,-0.040638
25952,0.030991
25953,0.034149
25954,0.032945
25955,0.019157
25956,-0.077612
25957,-0.132662
25958,-0.094419
25959,-0.016313
25960,0.066470
25961,0.059174
25962,0.003661
25963,-0.018346
25964,-0.006363
25965,0.014530
25966,0.042603
25967,0.050832
25968,0.043873
25969,-0.022249
25970,0.013131
25971,0.006226
25972,-0.016182
25973,-0.057905
25974,-0.068320
25975,-0.034292
25976,0.024931
25977,0.035646
25978,-0.020951
25979,-0.060893
25980,-0.051932
25981,-0.011521
25982,0.008979
25983,0.025383
25984,0.045574
25985,0.040232
25986,-0.019455
25987,-0.022595
25988,-0.010623
25989,0.009423
25990,-0.075455
25991,-0.053651
25992,0.000335
25993,-0.026285
25994,0.013917
25995,0.041125
25996,0.052066
25997,0.027598
25998,0.023306
25999,-0.006258
26000,-0.023305
26001,-0.018001
26002,0.017078
26003,0.004646
26004,-0.030074
26005,-0.036891
26006,-0.000472
26007,-0.001015
26008,-0.010043
26009,-0.013526
26010,-0.003869
26011,-0.008228
26012,0.007758
26013,0.020143
26014,-0.002005
26015,0.001440
26016,-0.016483
26017,0.001145
26018,-0.002549
26019,-0.004623
26020,0.020871
26021,0.088254
26022,0.098386
26023,0.003602
26024,-0.027105
26025,0.000310
26026,-0.059841
26027,-0.048606
26028,0.017123
26029,0.011246
26030,0.008123
26031,-0.015982
26032,-0.012191
26033,0.004013
26034,-0.001079
26035,-0.041511
26036,0.000943
26037,0.048448
26038,-0.022314
26039,-0.052732
26040,-0.024907
26041,-0.049348
26042,-0.043765
26043,0.003275
26044,0.041978
26045,0.051676
26046,-0.001948
26047,0.015346
26048,0.065055
26049,0.093874
26050,0.040468
26051,-0.044114
26052,-0.079439
26053,-0.041302
26054,-0.036804
26055,-0.016632
26056,0.014210
26057,-0.027016
26058,0.025339
26059,0.071259
26060,0.069575
26061,0.053332
26062,0.018909
26063,-0.040650
26064,-0.047347
26065,0.009127
26066,0.023843
26067,-0.018166
26068,-0.027823
26069,-0.035751
26070,-0.041952
26071,0.001538
26072,0.022224
26073,0.010058
26074,0.047269
26075,0.034456
26076,-0.003030
26077,-0.054298
26078,-0.052443
26079,-0.010909
26080,0.011891
26081,0.025197
26082,0.028531
26083,0.005362
26084,-0.016663
26085,-0.019851
26086,-0.070955
26087,-0.024786
26088,0.020552
26089,0.050601
26090,0.002509
26091,-0.013206
26092,-0.022829
26093,0.022077
26094,0.052387
26095,0.067308
26096,0.058525
26097,0.030398
26098,-0.034788
26099,-0.069366
26100,-0.077380
26101,-0.065616
26102,-0.046289
26103,-0.007818
26104,0.017063
26105,0.018079
26106,0.034773
26107,0.062099
26108,0.033521
26109,0.061350
26110,0.037195
26111,-0.038827
26112,-0.083786
26113,-0.107257
26114,-0.035592
26115,0.010896
26116,0.021710
26117,0.055920
26118,0.095041
26119,0.084572
26120,0.064623
26121,0.021425
26122,-0.048383
26123,-0.084303
26124,-0.148386
26125,-0.106341
26126,-0.010655
26127,0.030321
26128,485.603760
26129,504.058533
26130,6.016939
26131,425.970459
26132,4.396420
26133,-9.919657
26134,-9.766334
26135,15.779560
26136,18.302631
26137,-2.227523
26138,-23.719351
26139,-3.191273
26140,1.852550
26141,-2.992329
26142,-11.557196
26143,-25.657562
26144,-33.867767
26145,-3.438031
26146,19.001413
26147,26.837362
26148,28.192961
26149,43.168579
26150,31.939276
26151,10.279949
26152,-16.344458
26153,-37.255230
26154,-29.320095
26155,-12.139956
26156,-33.623043
26157,-24.559330
26158,3.155285
26159,31.202971
26160,32.896709
26161,31.417576
26162,4.311924
26163,2.011916
26164,10.335779
26165,8.586415
26166,11.913296
26167,18.469540
26168,8.024137
26169,-17.128841
26170,-42.236481
26171,-54.976051
26172,-57.962967
26173,-18.808220
26174,23.311766
26175,23.061056
26176,14.932127
26177,-9.274316
26178,-40.659393
26179,-20.594196
26180,16.660624
26181,40.567593
26182,0.068372
26183,0.059903
26184,0.068604
26185,0.036717
26186,-0.022287
26187,-0.031051
26188,-0.054653
26189,-0.031009
26190,-0.023189
26191,0.003889
26192,-0.003826
26193,-0.009878
26194,0.027700
26195,-0.014934
26196,0.006565
26197,0.003675
26198,0.003543
26199,0.008199
26200,-0.009075
26201,0.019952
26202,0.038309
26203,-0.012634
26204,-0.026617
26205,-0.019022
26206,-0.026884
26207,-0.017311
26208,0.062822
26209,0.028420
26210,0.008417
26211,-0.002269
26212,0.001488
26213,-0.025369
26214,-0.009001
26215,0.020435
26216,0.026166
26217,0.011549
26218,-0.027469
26219,-0.046515
26220,-0.044208
26221,0.006622
26222,0.022153
26223,0.007924
26224,-0.021710
26225,-0.035893
26226,-0.028534
26227,-0.013108
26228,0.036280
26229,0.066623
26230,0.033714
26231,0.018728
26232,0.014353
26233,-0.058310
26234,-0.033432
26235,0.009341
26236,0.042034
26237,0.036462
26238,-0.003289
26239,-0.024158
26240,-0.036585
26241,0.023920
26242,0.063691
26243,-0.015879
26244,-0.033176
26245,-0.038350
26246,-0.023281
26247,-0.036266
26248,0.012274
26249,0.031367
26250,0.020508
26251,0.033414
26252,0.001897
26253,-0.041168
26254,-0.056551
26255,-0.063388
26256,-0.032520
26257,0.000509
26258,0.041814
26259,0.033136
26260,0.043211
26261,0.049586
26262,0.016526
26263,-0.018140
26264,-0.028987
26265,0.005491
26266,0.057201
26267,-0.019247
26268,-0.070961
26269,-0.056504
26270,-0.004829
26271,0.034471
26272,0.031807
26273,0.015927
26274,-0.016041
26275,-0.085044
26276,-0.069155
26277,-0.019261
26278,-0.044849
26279,0.019442
26280,0.047226
26281,0.035188
26282,-0.013633
26283,0.011486
26284,-0.011801
26285,0.000677
26286,0.046670
26287,0.005817
26288,-0.048707
26289,-0.036592
26290,-0.015793
26291,0.044169
26292,0.052649
26293,0.037231
26294,0.000078
26295,-0.049802
26296,-0.048964
26297,-0.046017
26298,0.024895
26299,0.077742
26300,0.074661
26301,0.047491
26302,0.002122
26303,-0.049977
26304,-0.053563
26305,-0.044250
26306,-0.058801
26307,0.014837
26308,0.026748
26309,-0.050107
26310,-0.039293
26311,-0.028555
26312,0.039380
26313,0.089909
26314,0.048093
26315,0.017552
26316,-0.035859
26317,-0.079187
26318,-0.044186
26319,-0.030625
26320,-0.041533
26321,0.003895
26322,0.080501
26323,0.078831
26324,0.061405
26325,0.088659
26326,0.049481
26327,0.006658
26328,-0.035434
26329,-0.110938
26330,-0.053483
26331,-0.013133
26332,501.154755
26333,510.433716
26334,6.215727
26335,416.648651
26336,-28.457319
26337,-39.779549
26338,-32.968864
26339,-25.395214
26340,-3.748137
26341,26.868643
26342,37.377068
26343,52.882339
26344,19.005476
26345,-14.694807
26346,-23.013489
26347,-35.279957
26348,-23.328205
26349,9.584935
26350,1.832126
26351,4.553555
26352,12.828156
26353,15.450648
26354,29.502253
26355,10.421994
26356,-21.596308
26357,-28.770185
26358,-14.717962
26359,6.310931
26360,-19.020138
26361,-35.907139
26362,-22.434452
26363,-9.530041
26364,11.191869
26365,36.593937
26366,29.965281
26367,24.358999
26368,14.038856
26369,7.567473
26370,2.410989
26371,-14.081289
26372,-1.385188
26373,1.580350
26374,4.667723
26375,7.140899
26376,0.933221
26377,0.658767
26378,-8.704940
26379,-20.834000
26380,-35.907139
26381,-23.991880
26382,-8.748138
26383,6.044737
26384,26.493690
26385,17.163233
26386,-78.087830
26387,0.007814
26388,1585.322632
26389,144.057709
26390,-716.918152
26391,2099.411133
26392,409.595062
26393,-970.467957
26394,-863.356384
26395,986.283386
26396,909.426514
26397,319.431610
26398,-946.915100
26399,-2037.096191
26400,614.877319
26401,285.530396
26402,1853.993652
26403,1905.499023
26404,-650.019409
26405,-12.844826
26406,933.269470
26407,-1726.331787
26408,-787.284790
26409,-284.934937
26410,56.611271
26411,687.097839
26412,668.009033
26413,1385.500854
26414,849.829651
26415,-1210.886108
26416,-597.419067
26417,-596.432068
26418,-2393.897705
26419,455.111328
26420,1178.355469
26421,-1804.046997
26422,1972.967407
26423,-1266.564087
26424,-586.343506
26425,-1415.390625
26426,600.828674
26427,-1191.424927
26428,1330.861206
26429,374.437012
26430,668.017517
26431,-417.487854
26432,883.677979
26433,-562.024353
26434,1002.043640
26435,-1665.565796
26436,-193.511673
26437,1422.811890
26438,-1717.415405
26439,1014.697327
26440,-290.044525
26441,326.379364
26442,6.315917
26443,-381.909119
26444,-354.365906
26445,-0.016224
26446,0.054507
26447,0.086881
26448,0.043886
26449,0.076167
26450,0.093810
26451,0.027788
26452,-0.072567
26453,-0.119042
26454,-0.124541
26455,-0.049660
26456,0.032867
26457,0.058503
26458,0.026517
26459,-0.033953
26460,-0.065638
26461,-0.069120
26462,0.022007
26463,0.102128
26464,0.042129
26465,-0.008206
26466,0.000244
26467,0.023754
26468,0.007232
26469,0.000508
26470,-0.019968
26471,-0.029907
26472,0.091840
26473,0.169261
26474,0.041133
26475,-0.101953
26476,-0.125369
26477,-0.158250
26478,-0.109903
26479,-0.016506
26480,0.091393
26481,0.160552
26482,0.102875
26483,0.022754
26484,-0.047352
26485,-0.061518
26486,-0.025509
26487,-0.005625
26488,-0.067516
26489,-0.009075
26490,0.108734
26491,0.082975
26492,-0.009453
26493,-0.127632
26494,-0.060907
26495,0.016576
26496,0.051101
26497,0.060596
26498,0.022187
26499,0.041425
26500,0.011800
26501,-0.073025
26502,-0.093479
26503,-0.054996
26504,-0.012349
26505,-0.003012
26506,-0.006829
26507,0.009201
26508,-0.022920
26509,0.024518
26510,0.058393
26511,0.022858
26512,-0.014175
26513,-0.032905
26514,0.045805
26515,0.011564
26516,0.002200
26517,-0.025887
26518,0.012124
26519,-0.004677
26520,-0.030133
26521,-0.011830
26522,-0.019682
26523,0.025502
26524,0.018697
26525,-0.025713
26526,-0.048069
26527,-0.042164
26528,-0.058979
26529,-0.020242
26530,0.092059
26531,0.118642
26532,0.124631
26533,0.107117
26534,-0.005161
26535,-0.102288
26536,-0.119336
26537,-0.102956
26538,-0.079044
26539,0.016659
26540,0.057942
26541,0.064696
26542,0.031280
26543,0.003529
26544,0.015779
26545,-0.026159
26546,-0.062373
26547,-0.011690
26548,-0.003452
26549,0.006986
26550,0.050397
26551,0.009002
26552,0.006464
26553,-0.025580
26554,-0.046013
26555,-0.017619
26556,0.030422
26557,0.017024
26558,0.015992
26559,0.060884
26560,0.057930
26561,-0.001853
26562,-0.011437
26563,0.002454
26564,-0.056572
26565,-0.016855
26566,0.001343
26567,-0.001499
26568,-0.033420
26569,-0.060312
26570,-0.071986
26571,-0.067251
26572,-0.014098
26573,0.036479
26574,0.099217
26575,0.119239
26576,0.107039
26577,0.060461
26578,-0.026991
26579,-0.057531
26580,-0.052190
26581,-0.033420
26582,-0.063245
26583,-0.008617
26584,0.005048
26585,-0.028305
26586,-0.026661
26587,-0.015729
26588,0.020470
26589,0.056946
26590,0.028048
26591,0.025617
26592,0.008889
26593,-0.023341
26594,154.567261
26595,1283.481201
26596,421.842072
26597,16.216175
26598,391.911499
26599,4.622458
26600,-7.762272
26601,1.065284
26602,-15.710283
26603,-17.490316
26604,-15.282163
26605,-6.902387
26606,-7.873527
26607,3.320557
26608,7.830505
26609,18.341612
26610,20.097874
26611,22.700584
26612,5.826969
26613,-10.148231
26614,-16.930691
26615,-4.356027
26616,-12.401286
26617,-19.274632
26618,-21.886723
26619,3.102355
26620,12.429627
26621,19.074512
26622,5.600234
26623,10.972621
26624,11.329618
26625,28.076912
26626,3.681842
26627,-22.156584
26628,-42.055126
26629,-29.567993
26630,-16.917583
26631,4.838012
26632,33.986340
26633,42.713272
26634,28.028463
26635,19.056980
26636,6.045668
26637,-18.680460
26638,-19.309025
26639,-15.957326
26640,-11.013141
26641,-10.830637
26642,-19.578964
26643,-18.099981
26644,1.726422
26645,5.580827
26646,8.135608
26647,12.318250
26648,5.948163
26649,0.000132
26650,0.029994
26651,0.048091
26652,0.003399
26653,-0.020311
26654,-0.036939
26655,-0.051860
26656,-0.011827
26657,-0.018421
26658,-0.066463
26659,0.001677
26660,0.027715
26661,0.012369
26662,0.037747
26663,0.046492
26664,0.036062
26665,0.015001
26666,-0.028114
26667,-0.061990
26668,-0.110169
26669,-0.029000
26670,0.049678
26671,0.080514
26672,0.080165
26673,0.013993
26674,-0.035362
26675,-0.025532
26676,-0.033684
26677,-0.030588
26678,-0.016482
26679,-0.008347
26680,-0.036261
26681,-0.015128
26682,0.060808
26683,0.066955
26684,0.021849
26685,0.032902
26686,0.042820
26687,0.036606
26688,0.036345
26689,-0.022198
26690,-0.062012
26691,-0.094926
26692,-0.041405
26693,-0.060577
26694,-0.034179
26695,-0.051558
26696,-0.049070
26697,-0.001834
26698,0.010130
26699,0.043151
26700,0.092086
26701,0.080936
26702,0.064935
26703,0.009558
26704,-0.030842
26705,-0.063069
26706,-0.052447
26707,-0.006093
26708,0.040424
26709,0.029386
26710,-0.028881
26711,-0.041719
26712,-0.013888
26713,0.004445
26714,-0.032223
26715,0.007823
26716,0.072315
26717,-0.003552
26718,0.019609
26719,0.049012
26720,0.011054
26721,-0.048729
26722,-0.010641
26723,0.025129
26724,0.009205
26725,-0.016240
26726,-0.047394
26727,-0.058656
26728,-0.023934
26729,0.021518
26730,0.022088
26731,0.031573
26732,0.015671
26733,0.013417
26734,-0.000557
26735,-0.011391
26736,0.000226
26737,0.005407
26738,-0.002187
26739,-0.002909
26740,-0.016793
26741,-0.004603
26742,0.009068
26743,0.037475
26744,0.028152
26745,0.000713
26746,-0.061188
26747,-0.068124
26748,-0.027591
26749,0.005592
26750,0.012067
26751,0.041135
26752,0.049708
26753,0.009162
26754,-0.029323
26755,-0.034650
26756,-0.057325
26757,-0.015239
26758,-0.004760
26759,0.014725
26760,0.005272
26761,0.008626
26762,0.000487
26763,0.000026
26764,0.009878
26765,-0.010711
26766,-0.025628
26767,-0.043948
26768,0.011036
26769,0.029974
26770,0.050967
26771,0.051991
26772,0.064132
26773,0.070487
26774,-0.034207
26775,-0.094052
26776,-0.112808
26777,-0.087336
26778,0.004167
26779,0.005731
26780,0.028293
26781,0.053932
26782,0.075566
26783,0.057201
26784,-0.007758
26785,-0.028993
26786,-0.014029
26787,-0.041466
26788,-0.015268
26789,0.055237
26790,-0.015141
26791,-0.021219
26792,0.006894
26793,-0.003469
26794,-0.000720
26795,-0.021110
26796,0.028559
26797,0.052452
26798,159.401382
26799,1299.032227
26800,415.559479
26801,16.414963
26802,401.702301
26803,-10.920298
26804,0.444745
26805,33.041840
26806,31.919760
26807,24.938646
26808,9.234823
26809,17.258825
26810,13.362040
26811,-8.636024
26812,-27.650402
26813,-35.732220
26814,-31.831799
26815,-12.703817
26816,-9.918079
26817,-2.261272
26818,45.097652
26819,94.938309
26820,71.137619
26821,-11.827697
26822,-69.183205
26823,-70.006119
26824,-52.578621
26825,-30.697033
26826,-8.419688
26827,8.411386
26828,44.741673
26829,58.861965
26830,67.980049
26831,67.781425
26832,15.187173
26833,-48.464821
26834,-90.782402
26835,-82.768517
26836,-54.328827
26837,-2.433006
26838,34.598145
26839,50.570354
26840,44.800499
26841,45.680038
26842,11.216554
26843,-12.002917
26844,-21.147596
26845,-35.560127
26846,-48.572731
26847,-25.077330
26848,-2.855376
26849,3.666868
26850,25.072075
26851,32.914482
26852,22.283112
26853,0.014248
26854,-0.062760
26855,-0.109562
26856,-0.086895
26857,-0.067280
26858,-0.022639
26859,0.005473
26860,0.041788
26861,0.093660
26862,0.066827
26863,0.030216
26864,0.020274
26865,-0.015517
26866,0.018585
26867,0.017170
26868,-0.050351
26869,-0.035814
26870,-0.006677
26871,0.023568
26872,0.035700
26873,-0.016129
26874,-0.041313
26875,-0.024344
26876,-0.017089
26877,0.011669
26878,-0.040702
26879,-0.036545
26880,-0.018132
26881,0.029344
26882,0.051664
26883,0.071061
26884,0.070519
26885,0.035190
26886,-0.000056
26887,-0.009491
26888,-0.006858
26889,-0.008735
26890,0.034648
26891,0.013447
26892,-0.026598
26893,-0.030474
26894,-0.068371
26895,-0.034992
26896,0.002518
26897,0.047505
26898,0.038886
26899,-0.032259
26900,-0.068042
26901,-0.067681
26902,-0.025287
26903,0.009945
26904,0.029377
26905,0.020926
26906,0.002961
26907,-0.022143
26908,-0.047115
26909,-0.037052
26910,0.026644
26911,0.028875
26912,0.053125
26913,0.066687
26914,0.029054
26915,0.012815
26916,-0.007212
26917,-0.042755
26918,-0.045242
26919,-0.031982
26920,0.011497
26921,-0.005845
26922,-0.032851
26923,-0.047959
26924,-0.024504
26925,0.002727
26926,-0.022390
26927,-0.040668
26928,0.057880
26929,0.065195
26930,0.065916
26931,0.065694
26932,-0.001386
26933,-0.020696
26934,-0.024964
26935,-0.052495
26936,-0.028114
26937,0.003953
26938,-0.036547
26939,0.005202
26940,0.024947
26941,-0.039126
26942,-0.037878
26943,-0.018304
26944,0.025784
26945,0.071034
26946,0.068984
26947,0.054044
26948,0.042011
26949,0.035899
26950,-0.014196
26951,-0.021619
26952,162.917633
26953,1310.771606
26954,410.816742
26955,16.565029
26956,408.646454
26957,79.907433
26958,47.844879
26959,31.591816
26960,-7.687025
26961,-58.709835
26962,-87.216728
26963,-78.474220
26964,-44.043072
26965,3.839702
26966,31.965757
26967,63.971893
26968,109.109642
26969,88.859207
26970,23.703651
26971,-40.686005
26972,-69.895439
26973,-82.164902
26974,-65.235764
26975,-32.953819
26976,3.978064
26977,38.218590
26978,71.892662
26979,49.862930
26980,1.130597
26981,-21.264975
26982,-26.110210
26983,-13.078064
26984,-11.712182
26985,-15.945734
26986,-4.933418
26987,-6.601110
26988,-4.210812
26989,12.925814
26990,18.332811
26991,33.247746
26992,44.031784
26993,20.210154
26994,14.338729
26995,11.094330
26996,-6.530162
26997,-19.996254
26998,-37.509804
26999,-52.604950
27000,-49.472721
27001,-17.817469
27002,-10.207528
27003,17.145662
27004,30.793659
27005,33.847115
27006,6.801871
27007,-0.021530
27008,-0.019259
27009,0.015325
27010,0.010954
27011,0.045971
27012,0.017247
27013,-0.027026
27014,-0.047519
27015,-0.099531
27016,-0.102401
27017,-0.024555
27018,0.009674
27019,0.049857
27020,0.027542
27021,-0.003158
27022,0.067069
27023,0.035722
27024,0.028746
27025,0.038844
27026,-0.001571
27027,-0.024494
27028,-0.064236
27029,-0.046061
27030,0.007727
27031,-0.013397
27032,-0.002329
27033,0.012453
27034,-0.012694
27035,0.001887
27036,0.052921
27037,0.119000
27038,0.074799
27039,-0.034632
27040,-0.066392
27041,-0.047077
27042,-0.063059
27043,-0.040345
27044,-0.029725
27045,0.049770
27046,0.045874
27047,0.029030
27048,0.023014
27049,-0.043195
27050,-0.087248
27051,-0.048955
27052,-0.009799
27053,-0.025762
27054,0.034844
27055,0.047107
27056,0.047928
27057,0.058053
27058,0.018863
27059,0.005312
27060,0.018950
27061,-0.038554
27062,-0.055675
27063,-0.022593
27064,-0.015482
27065,-0.029485
27066,-0.033472
27067,-0.044738
27068,-0.003327
27069,-0.007371
27070,0.012969
27071,0.038459
27072,0.075007
27073,0.099882
27074,0.012955
27075,-0.004024
27076,-0.004576
27077,-0.032274
27078,-0.020651
27079,-0.073801
27080,-0.037219
27081,-0.008332
27082,0.010691
27083,0.077977
27084,0.019480
27085,-0.002226
27086,0.039616
27087,-0.026172
27088,-0.004629
27089,0.031113
27090,0.009049
27091,-0.030806
27092,-0.028813
27093,-0.006126
27094,0.056575
27095,0.068910
27096,0.047655
27097,0.012142
27098,0.008373
27099,-0.016744
27100,-0.050047
27101,-0.082458
27102,-0.143839
27103,-0.083375
27104,-0.029050
27105,-0.001450
27106,166.626312
27107,1322.511108
27108,406.073975
27109,16.715094
27110,415.096039
27111,0.202715
27112,1.131990
27113,-21.531984
27114,-29.183481
27115,-9.603567
27116,-5.224355
27117,9.935871
27118,20.301926
27119,26.184057
27120,30.883965
27121,22.942173
27122,-0.866490
27123,-28.099771
27124,-42.719158
27125,-37.160885
27126,-20.083113
27127,0.809335
27128,33.836960
27129,59.400146
27130,36.756905
27131,11.592175
27132,-4.222081
27133,-12.958141
27134,-22.445261
27135,2.842314
27136,-2.850376
27137,-44.400204
27138,-55.705273
27139,-58.202305
27140,-32.944569
27141,8.348012
27142,35.498520
27143,72.806976
27144,96.310219
27145,96.457329
27146,78.198059
27147,3.630078
27148,-74.747559
27149,-118.815681
27150,-123.743118
27151,-100.471458
27152,-21.899305
27153,45.786697
27154,78.554192
27155,80.786888
27156,68.750931
27157,38.319233
27158,0.594993
27159,-37.977661
27160,-35.435722
27161,0.047595
27162,0.050922
27163,0.033928
27164,-0.012545
27165,-0.027793
27166,-0.022980
27167,-0.019575
27168,0.006944
27169,0.007051
27170,0.027481
27171,0.082796
27172,0.043361
27173,0.029394
27174,0.044947
27175,0.013643
27176,-0.051325
27177,-0.095168
27178,-0.077998
27179,-0.048719
27180,0.022903
27181,0.017127
27182,0.010846
27183,0.058719
27184,-0.011574
27185,0.018759
27186,0.061253
27187,0.024256
27188,-0.010612
27189,0.005985
27190,0.004397
27191,-0.005557
27192,-0.016587
27193,-0.023194
27194,-0.050319
27195,-0.056176
27196,-0.035242
27197,0.031523
27198,0.011086
27199,0.044715
27200,0.065839
27201,0.000224
27202,-0.012672
27203,-0.030889
27204,-0.019092
27205,0.017033
27206,0.005595
27207,0.009946
27208,-0.039259
27209,-0.062592
27210,-0.036616
27211,0.038609
27212,0.022987
27213,-0.041545
27214,-0.031243
27215,-0.006009
27216,0.024785
27217,0.048555
27218,0.032656
27219,-0.034850
27220,0.011340
27221,0.041740
27222,0.030605
27223,0.038586
27224,0.040884
27225,0.002970
27226,0.001538
27227,-0.031794
27228,-0.021095
27229,-0.036042
27230,-0.016364
27231,0.014589
27232,-0.003266
27233,0.044976
27234,0.008179
27235,-0.022175
27236,-0.005547
27237,-0.011322
27238,-0.017603
27239,-0.027048
27240,-0.025486
27241,-0.014747
27242,-0.002370
27243,-0.046421
27244,-0.020667
27245,-0.042257
27246,0.007197
27247,0.043932
27248,0.065214
27249,0.062726
27250,0.031233
27251,0.016614
27252,-0.024078
27253,-0.079694
27254,-0.113439
27255,-0.090621
27256,-0.009209
27257,0.059840
27258,0.102705
27259,0.091150
27260,0.021551
27261,-0.002205
27262,-0.017001
27263,-0.077534
27264,-0.057823
27265,-0.022069
27266,0.010024
27267,0.025685
27268,0.045839
27269,0.068302
27270,0.037418
27271,0.001558
27272,0.020211
27273,0.006136
27274,-0.020321
27275,-0.033434
27276,-0.043835
27277,-0.035713
27278,-0.037281
27279,-0.020540
27280,-0.030420
27281,0.025017
27282,0.039959
27283,0.036046
27284,0.031271
27285,0.059330
27286,0.020118
27287,-0.023332
27288,-0.037467
27289,-0.071956
27290,-0.068797
27291,-0.095048
27292,-0.031473
27293,0.042137
27294,0.054171
27295,0.054933
27296,0.028095
27297,0.070922
27298,0.085681
27299,0.027408
27300,-0.012735
27301,-0.038812
27302,-0.038109
27303,0.021375
27304,0.049220
27305,0.010812
27306,-0.057477
27307,-0.078454
27308,-0.066418
27309,-0.036887
27310,171.372086
27311,1338.062134
27312,399.791382
27313,16.913881
27314,432.120483
27315,-17.725594
27316,-6.321325
27317,26.269014
27318,39.879631
27319,27.783407
27320,-2.308735
27321,-19.563057
27322,-34.473164
27323,-24.811432
27324,2.739573
27325,15.865104
27326,1.528888
27327,5.848428
27328,-9.541251
27329,-19.170256
27330,-4.639560
27331,12.064134
27332,10.821066
27333,7.659840
27334,10.182724
27335,18.367107
27336,13.130767
27337,-3.286670
27338,-15.779037
27339,-18.071440
27340,-9.350729
27341,2.399459
27342,-3.078562
27343,-6.535945
27344,-1.773881
27345,1.012071
27346,2.206294
27347,12.398783
27348,20.754784
27349,12.568121
27350,-0.994347
27351,-35.659077
27352,-53.594578
27353,-19.519516
27354,26.015814
27355,64.665451
27356,38.960255
27357,1.150127
27358,2.799280
27359,-8.832638
27360,-43.164608
27361,-25.846903
27362,6.694737
27363,10.222294
27364,-7.277585
27365,0.016369
27366,-0.040890
27367,-0.045637
27368,-0.002886
27369,0.026830
27370,0.055527
27371,0.057893
27372,0.027041
27373,0.023014
27374,-0.013523
27375,-0.001045
27376,-0.002289
27377,-0.007666
27378,-0.000929
27379,-0.011964
27380,0.030778
27381,0.016394
27382,0.009661
27383,-0.029062
27384,-0.009601
27385,-0.022274
27386,-0.043804
27387,-0.022628
27388,0.020454
27389,-0.021885
27390,0.007437
27391,0.048060
27392,0.040867
27393,-0.011263
27394,-0.033158
27395,-0.038509
27396,-0.037964
27397,0.001938
27398,0.031000
27399,0.063169
27400,0.024910
27401,-0.020246
27402,0.011997
27403,0.019968
27404,0.037862
27405,-0.024049
27406,-0.067375
27407,-0.039940
27408,-0.009526
27409,-0.021215
27410,0.031173
27411,0.030202
27412,0.019184
27413,0.042692
27414,0.022161
27415,0.013346
27416,-0.009945
27417,-0.032195
27418,-0.049476
27419,-0.063643
27420,-0.040265
27421,-0.010431
27422,-0.019925
27423,-0.025709
27424,-0.006059
27425,0.043765
27426,0.084917
27427,0.128516
27428,0.054887
27429,-0.041513
27430,-0.062882
27431,-0.039714
27432,-0.066332
27433,-0.062967
27434,-0.038270
27435,-0.002422
27436,-0.003099
27437,0.011930
27438,-0.038610
27439,-0.004151
27440,0.054052
27441,0.069699
27442,0.038251
27443,0.066179
27444,0.050649
27445,0.024407
27446,-0.001455
27447,0.033805
27448,-0.005582
27449,-0.066403
27450,-0.087595
27451,-0.121789
27452,-0.080261
27453,-0.066681
27454,0.007245
27455,0.064281
27456,0.060019
27457,0.055556
27458,0.027438
27459,0.026822
27460,0.014752
27461,-0.049091
27462,-0.021101
27463,0.025030
27464,0.031454
27465,0.029995
27466,0.030017
27467,0.003916
27468,-0.026611
27469,-0.016289
27470,-0.005844
27471,0.043830
27472,-0.017446
27473,-0.054937
27474,-0.073130
27475,-0.020433
27476,0.065549
27477,0.051947
27478,0.011651
27479,-0.017032
27480,0.027382
27481,0.040021
27482,-0.035601
27483,-0.061904
27484,-0.058239
27485,-0.031078
27486,-0.023904
27487,-0.056396
27488,-0.013638
27489,0.021484
27490,0.111376
27491,0.116726
27492,0.088742
27493,0.044304
27494,-0.003832
27495,-0.040712
27496,-0.092758
27497,-0.042919
27498,0.005589
27499,-0.042729
27500,-0.035390
27501,-0.026114
27502,0.018628
27503,0.039003
27504,0.026043
27505,0.020223
27506,-0.006408
27507,-0.047805
27508,-0.072419
27509,-0.078861
27510,-0.019919
27511,-0.022061
27512,-0.028070
27513,0.042787
27514,0.058709
27515,0.055286
27516,0.094297
27517,0.095959
27518,0.059822
27519,0.055779
27520,-0.013064
27521,-0.068485
27522,-0.087023
27523,-0.083506
27524,-0.064214
27525,-0.046356
27526,-0.022932
27527,0.008204
27528,0.059920
27529,0.073351
27530,0.024819
27531,0.008492
27532,-0.025700
27533,-0.013950
27534,0.027514
27535,0.021494
27536,0.016226
27537,-0.026744
27538,-0.025394
27539,-0.042678
27540,-0.028815
27541,-0.016113
27542,-0.020487
27543,-0.038753
27544,0.029670
27545,0.039641
27546,0.021025
27547,0.026701
27548,0.035393
27549,0.043378
27550,-0.000915
27551,-0.011830
27552,-0.043789
27553,-0.033857
27554,-0.012106
27555,-0.041015
27556,0.016858
27557,0.064255
27558,-0.011501
27559,-0.057330
27560,-0.054898
27561,-0.015111
27562,0.005372
27563,0.021532
27564,0.068711
27565,0.082565
27566,0.046226
27567,0.095835
27568,0.044524
27569,-0.017436
27570,-0.047532
27571,-0.103987
27572,-0.115636
27573,-0.049474
27574,-0.050081
27575,-0.025061
27576,0.060328
27577,0.060326
27578,0.059809
27579,-0.005914
27580,-0.050724
27581,-0.034433
27582,-0.022466
27583,0.022108
27584,0.043367
27585,0.038820
27586,0.047458
27587,0.003512
27588,-0.044335
27589,-0.078383
27590,-0.054934
27591,-0.029433
27592,-0.012873
27593,-0.001822
27594,-0.017202
27595,0.014517
27596,0.060180
27597,0.055565
27598,0.051588
27599,0.066721
27600,0.061524
27601,0.026951
27602,-0.079369
27603,-0.117348
27604,-0.024750
27605,0.025064
27606,0.015770
27607,0.013955
27608,-0.013094
27609,-0.043570
27610,-0.060108
27611,-0.046674
27612,0.053438
27613,0.037398
27614,0.031168
27615,0.052322
27616,0.003096
27617,-0.016470
27618,0.021160
27619,0.013254
27620,0.029959
27621,0.037549
27622,-0.023962
27623,-0.034400
27624,-0.000881
27625,-0.036276
27626,-0.060506
27627,-0.064474
27628,-0.032690
27629,-0.011278
27630,0.005596
27631,0.001776
27632,0.010467
27633,0.019397
27634,0.077165
27635,0.059321
27636,0.004253
27637,-0.030628
27638,-0.051910
27639,-0.017049
27640,0.007789
27641,-0.019195
27642,0.019345
27643,0.003716
27644,-0.015673
27645,0.030782
27646,0.040549
27647,-0.011781
27648,-0.030623
27649,-0.001088
27650,-0.030336
27651,0.009684
27652,0.046292
27653,0.050473
27654,0.039868
27655,0.007483
27656,-0.001367
27657,-0.034888
27658,-0.065527
27659,-0.065372
27660,-0.039492
27661,-0.001475
27662,0.010635
27663,-0.024768
27664,-0.062653
27665,-0.056665
27666,-0.032847
27667,0.065801
27668,0.127857
27669,0.095075
27670,0.066120
27671,0.030091
27672,-0.049637
27673,-0.087307
27674,-0.092931
27675,-0.066041
27676,-0.008935
27677,-0.004915
27678,0.040499
27679,0.031548
27680,0.034452
27681,-0.012963
27682,-0.011634
27683,0.020651
27684,0.041612
27685,0.027406
27686,0.009628
27687,0.009787
27688,0.065653
27689,0.068270
27690,0.042550
27691,-0.051374
27692,-0.116802
27693,-0.050879
27694,-0.048189
27695,-0.055545
27696,0.030769
27697,0.024288
27698,0.021625
27699,0.031149
27700,-0.019315
27701,-0.043155
27702,-0.040432
27703,-0.013426
27704,0.024257
27705,0.031746
27706,0.002403
27707,0.006702
27708,0.017462
27709,0.023981
27710,-0.028240
27711,-0.026397
27712,0.018844
27713,0.016391
27714,-0.017558
27715,-0.032331
27716,-0.019407
27717,-0.026966
27718,0.001354
27719,0.077288
27720,0.057197
27721,0.022914
27722,0.002906
27723,-0.016655
27724,0.024652
27725,0.031983
27726,0.009889
27727,0.006238
27728,0.031950
27729,-0.029990
27730,-0.047589
27731,-0.086823
27732,-0.103987
27733,-0.027669
27734,0.008147
27735,-0.004189
27736,-0.055610
27737,-0.044791
27738,0.054988
27739,0.080173
27740,0.049328
27741,0.082081
27742,0.062333
27743,-0.051201
27744,-0.046522
27745,-0.065431
27746,-0.040382
27747,0.057740
27748,0.066277
27749,0.027221
27750,0.008020
27751,0.023259
27752,-0.013292
27753,-0.025147
27754,0.030161
27755,0.010396
27756,-0.021143
27757,-0.062171
27758,-0.004763
27759,-0.001428
27760,-0.008278
27761,0.005960
27762,-0.014127
27763,-0.024429
27764,-0.003233
27765,-0.000804
27766,0.006143
27767,0.026516
27768,0.003606
27769,0.011953
27770,0.034694
27771,0.064371
27772,0.020259
27773,-0.062681
27774,-0.081925
27775,-0.054938
27776,-0.020763
27777,0.001490
27778,0.024122
27779,0.041593
27780,0.070678
27781,0.037019
27782,0.021784
27783,0.002615
27784,-0.014679
27785,-0.018836
27786,0.015012
27787,-0.021731
27788,-0.026160
27789,-0.007719
27790,-0.023861
27791,-0.014168
27792,0.011081
27793,0.053653
27794,0.065319
27795,0.020976
27796,-0.025236
27797,-0.054183
27798,-0.088399
27799,-0.126052
27800,-0.065363
27801,0.040845
27802,0.115282
27803,0.067559
27804,0.009072
27805,-0.007491
27806,-0.028232
27807,0.000653
27808,0.078172
27809,0.077036
27810,0.010185
27811,-0.039097
27812,-0.055642
27813,-0.087661
27814,-0.074843
27815,-0.000913
27816,0.051249
27817,0.045267
27818,0.060653
27819,0.043879
27820,-0.038619
27821,-0.041968
27822,-0.026265
27823,-0.043264
27824,-0.075115
27825,-0.027561
27826,0.075232
27827,0.073319
27828,0.054690
27829,0.033256
27830,0.030370
27831,0.004585
27832,-0.022411
27833,-0.001206
27834,0.057426
27835,0.021830
27836,-0.026725
27837,-0.042384
27838,-0.084188
27839,-0.069761
27840,-0.033152
27841,0.001808
27842,0.011243
27843,-0.001616
27844,0.013384
27845,0.066629
27846,0.081205
27847,0.044091
27848,-0.019013
27849,0.027954
27850,-0.003624
27851,-0.034741
27852,-0.018156
27853,-0.071767
27854,-0.066965
27855,0.011877
27856,-0.018552
27857,0.018255
27858,0.015568
27859,-0.034355
27860,-0.009022
27861,0.032637
27862,-0.013556
27863,-0.004601
27864,0.063583
27865,0.070810
27866,0.060653
27867,-0.024138
27868,-0.000967
27869,-0.010277
27870,-0.001575
27871,-0.026410
27872,-0.021556
27873,-0.036011
27874,0.002380
27875,-0.014413
27876,-0.066749
27877,-0.026926
27878,0.020925
27879,0.017586
27880,-0.007396
27881,0.006697
27882,0.025434
27883,0.038883
27884,0.012580
27885,-0.001851
27886,0.021470
27887,0.031479
27888,0.019572
27889,-0.003263
27890,-0.012436
27891,-0.053204
27892,-0.008377
27893,-0.002777
27894,-0.017199
27895,-0.054868
27896,-0.033862
27897,0.013839
27898,0.039389
27899,0.056753
27900,0.018312
27901,0.001692
27902,-0.019566
27903,-0.000511
27904,-0.001005
27905,-0.006733
27906,-0.005628
27907,-0.024806
27908,-0.061609
27909,-0.044513
27910,0.002769
27911,0.071475
27912,0.066697
27913,0.008359
27914,-0.016636
27915,0.042052
27916,0.074301
27917,0.079069
27918,0.027379
27919,-0.006254
27920,-0.002620
27921,-0.036065
27922,0.017130
27923,0.047060
27924,0.036032
27925,-0.027175
27926,-0.034300
27927,-0.007361
27928,-0.018895
27929,0.014366
27930,-0.006341
27931,-0.034982
27932,-0.098498
27933,-0.082570
27934,0.002401
27935,0.048715
27936,0.054316
27937,0.075695
27938,0.053007
27939,0.008941
27940,-0.005264
27941,-0.008222
27942,0.002257
27943,0.006679
27944,-0.007630
27945,-0.032652
27946,-0.031322
27947,-0.065281
27948,-0.073738
27949,-0.004003
27950,0.043408
27951,0.062043
27952,0.071029
27953,0.033061
27954,-0.020876
27955,-0.046028
27956,-0.062072
27957,0.003890
27958,0.062694
27959,0.056302
27960,0.009919
27961,-0.009603
27962,0.009882
27963,-0.019673
27964,186.692001
27965,1387.916748
27966,379.650116
27967,17.551170
27968,474.308502
27969,-14.491846
27970,-8.207975
27971,-19.312788
27972,-12.320234
27973,-2.881254
27974,-16.868105
27975,-19.517025
27976,-28.330029
27977,4.499934
27978,30.853598
27979,32.328579
27980,11.820586
27981,-12.473443
27982,-22.283667
27983,-12.340869
27984,12.900718
27985,31.227276
27986,18.390581
27987,-9.436651
27988,-35.190742
27989,-16.123629
27990,-26.686470
27991,-13.225825
27992,16.703657
27993,36.261196
27994,13.614569
27995,-9.307230
27996,-7.141831
27997,12.908006
27998,20.721014
27999,28.076180
28000,11.947368
28001,-18.465130
28002,-31.815044
28003,-33.752983
28004,-22.261406
28005,-4.805191
28006,4.514446
28007,-6.463697
28008,-10.648907
28009,8.502784
28010,24.186434
28011,15.155192
28012,19.028748
28013,28.018221
28014,26.958351
28015,3.179823
28016,-37.202831
28017,-47.373367
28018,-24.175640
28019,-0.018268
28020,-0.083262
28021,-0.055858
28022,0.003257
28023,0.016119
28024,0.046072
28025,0.007553
28026,0.040563
28027,0.066430
28028,0.047064
28029,0.024479
28030,-0.057668
28031,-0.074897
28032,-0.076753
28033,-0.024622
28034,0.032231
28035,0.087124
28036,0.109260
28037,0.060057
28038,-0.054646
28039,-0.091237
28040,-0.083960
28041,-0.015654
28042,-0.004221
28043,0.044234
28044,0.013669
28045,-0.020315
28046,-0.017114
28047,0.009907
28048,0.025139
28049,0.031539
28050,-0.002542
28051,-0.024825
28052,-0.064436
28053,-0.102067
28054,-0.079304
28055,0.005170
28056,0.082836
28057,0.163736
28058,0.143257
28059,0.054462
28060,-0.022225
28061,-0.071091
28062,-0.089867
28063,-0.108423
28064,-0.074063
28065,-0.078831
28066,0.021652
28067,0.095428
28068,0.098661
28069,0.070945
28070,0.019679
28071,-0.012208
28072,-0.056652
28073,-0.100880
28074,-0.082183
28075,0.022545
28076,0.040371
28077,0.021400
28078,0.070564
28079,0.090370
28080,0.063178
28081,0.021397
28082,-0.006746
28083,-0.033418
28084,-0.086642
28085,-0.069103
28086,-0.074862
28087,-0.059675
28088,0.000505
28089,0.080645
28090,0.038200
28091,0.056267
28092,0.084054
28093,0.005338
28094,-0.004733
28095,-0.028923
28096,-0.089126
28097,-0.103781
28098,-0.037460
28099,0.002485
28100,0.056243
28101,0.040340
28102,0.027755
28103,0.037422
28104,0.029385
28105,0.010826
28106,0.037205
28107,-0.023173
28108,-0.062794
28109,-0.036857
28110,-0.041344
28111,0.003445
28112,0.070429
28113,0.103448
28114,0.085175
28115,0.020723
28116,-0.022771
28117,-0.071607
28118,190.226349
28119,1399.656250
28120,374.907349
28121,17.701237
28122,482.152069
28123,-24.975784
28124,16.243425
28125,32.792217
28126,36.366291
28127,52.307899
28128,43.676605
28129,14.368181
28130,-4.769111
28131,-43.689522
28132,-39.695232
28133,-20.704432
28134,-16.635101
28135,-4.082267
28136,11.825013
28137,13.845507
28138,-0.974220
28139,20.461168
28140,28.843288
28141,8.516397
28142,-19.482519
28143,-9.570999
28144,-5.422367
28145,-14.525946
28146,-12.752599
28147,-14.689706
28148,-5.569391
28149,19.170723
28150,36.611885
28151,14.687652
28152,-21.070084
28153,-35.484051
28154,-31.204683
28155,-1.638507
28156,11.739106
28157,26.020271
28158,33.799839
28159,7.662117
28160,-13.307025
28161,-17.280293
28162,-13.328401
28163,9.238824
28164,33.009323
28165,25.931948
28166,5.301258
28167,-19.728981
28168,-42.309036
28169,-36.667767
28170,-19.690136
28171,-0.137056
28172,19.607536
28173,-0.091594
28174,-0.023227
28175,0.016470
28176,0.047847
28177,0.041185
28178,0.004497
28179,0.073393
28180,0.033055
28181,-0.001897
28182,-0.005908
28183,-0.032972
28184,-0.038395
28185,-0.092580
28186,-0.047609
28187,0.010083
28188,0.025010
28189,0.064268
28190,0.056913
28191,-0.003426
28192,-0.001989
28193,-0.028868
28194,0.005090
28195,0.008734
28196,-0.035577
28197,-0.040174
28198,-0.019616
28199,-0.016963
28200,0.004283
28201,0.030057
28202,0.035524
28203,0.080588
28204,0.050733
28205,0.006701
28206,-0.060515
28207,-0.063480
28208,-0.003450
28209,-0.011579
28210,-0.022916
28211,-0.022448
28212,-0.021821
28213,0.062201
28214,0.094473
28215,0.072063
28216,0.024563
28217,-0.040183
28218,-0.090473
28219,-0.065963
28220,-0.066949
28221,-0.048902
28222,-72.243385
28223,1407.637329
28224,374.151642
28225,0.000000
28226,0.015079
28227,2132.480469
28228,1080.815308
28229,1794.258301
28230,2263.044678
28231,844.893127
28232,2020.169189
28233,796.526123
28234,2214.585693
28235,2264.492188
28236,1322.732544
28237,1215.127319
28238,805.705688
28239,2064.695313
28240,1055.320801
28241,989.268860
28242,1283.958374
28243,2001.548340
28244,959.006653
28245,691.471680
28246,1554.800903
28247,954.642578
28248,2116.002441
28249,2052.791260
28250,922.409729
28251,1225.768677
28252,1485.248169
28253,0.053673
28254,0.059268
28255,0.042976
28256,0.020894
28257,0.011284
28258,0.017284
28259,0.026835
28260,0.033741
28261,0.009964
28262,0.001294
28263,-0.051278
28264,-0.074853
28265,-0.025676
28266,-0.028682
28267,-0.015805
28268,-0.015821
28269,-0.027690
28270,0.048721
28271,0.049446
28272,0.037780
28273,0.021571
28274,0.041446
28275,0.028924
28276,-0.006341
28277,0.006373
28278,-0.004064
28279,-0.045642
28280,0.004628
28281,-0.012103
28282,-0.057043
28283,-0.036503
28284,-0.040349
28285,0.032306
28286,0.030822
28287,-0.039988
28288,-0.030924
28289,-0.027461
28290,0.012421
28291,0.037620
28292,0.023391
28293,-0.016929
28294,-0.044224
28295,-0.036335
28296,0.016767
28297,0.041514
28298,0.060750
28299,0.065514
28300,0.045862
28301,0.004259
28302,-0.008192
28303,-0.017800
28304,-0.016879
28305,-0.031268
28306,-0.072961
28307,-0.057612
28308,-0.048931
28309,-0.034743
28310,-0.034026
28311,0.015852
28312,0.077778
28313,0.111037
28314,0.102925
28315,0.080526
28316,0.057067
28317,-0.038484
28318,-0.087065
28319,-0.045667
28320,-0.041218
28321,-0.066851
28322,-0.034025
28323,-0.027913
28324,-0.008393
28325,0.003326
28326,0.024106
28327,0.084238
28328,0.070413
28329,0.020344
28330,0.003053
28331,-0.026646
28332,-0.089605
28333,-0.060349
28334,0.020640
28335,0.021805
28336,0.009859
28337,0.014778
28338,0.021086
28339,0.007525
28340,0.001236
28341,-0.002579
28342,0.012672
28343,0.014007
28344,-0.004944
28345,-0.003820
28346,-0.004489
28347,-0.003702
28348,-0.047542
28349,-0.058655
28350,-0.018281
28351,-0.002245
28352,0.058604
28353,0.048303
28354,0.019040
28355,0.033256
28356,-0.016737
28357,-0.044296
28358,-0.058578
28359,-0.035895
28360,0.003887
28361,0.070720
28362,0.067533
28363,0.022853
28364,-0.028829
28365,-0.042538
28366,-0.016479
28367,-0.056528
28368,-0.034385
28369,0.003424
28370,0.001345
28371,0.039138
28372,0.060589
28373,0.013481
28374,0.036081
28375,0.000251
28376,-0.009944
28377,-0.041296
28378,-0.071110
28379,-0.024735
28380,0.016664
28381,0.073841
28382,0.081903
28383,0.008974
28384,0.000308
28385,-0.020327
28386,-0.023611
28387,-0.043165
28388,-0.049085
28389,-0.006520
28390,-0.002835
28391,-0.002470
28392,-0.014526
28393,-0.052530
28394,-0.026027
28395,0.037021
28396,0.053574
28397,0.046276
28398,-0.001435
28399,-0.042331
28400,-0.056142
28401,-0.038143
28402,0.021848
28403,0.016891
28404,0.025319
28405,-0.016854
28406,-0.052426
28407,-0.033734
28408,0.016997
28409,0.080318
28410,0.068933
28411,0.015262
28412,-0.045936
28413,-0.059964
28414,-0.102028
28415,-0.088206
28416,-0.004378
28417,-0.011848
28418,-0.003704
28419,0.038719
28420,0.035716
28421,0.010635
28422,0.075089
28423,0.067130
28424,0.022129
28425,-0.029684
28426,-0.113393
28427,-0.123639
28428,-0.095363
28429,-0.037840
28430,0.037971
28431,0.094644
28432,0.074502
28433,0.060739
28434,0.058455
28435,0.020420
28436,0.014888
28437,-0.013714
28438,-0.053930
28439,-0.052813
28440,-0.010447
28441,0.001084
28442,0.016496
28443,0.032422
28444,0.007980
28445,0.033283
28446,0.050403
28447,-0.008937
28448,-0.018318
28449,-0.025801
28450,-0.036413
28451,-0.038092
28452,-0.082049
28453,-0.037056
28454,0.003826
28455,0.030467
28456,0.049356
28457,0.012454
28458,0.002336
28459,0.029849
28460,-0.004436
28461,-0.034181
28462,-0.026833
28463,0.002293
28464,0.023853
28465,0.031866
28466,-0.005295
28467,0.018570
28468,-0.023816
28469,-0.013194
28470,0.023099
28471,-0.012337
28472,-0.019367
28473,-0.013404
28474,0.010597
28475,-0.004468
28476,-0.022038
28477,-0.006045
28478,-0.016725
28479,-0.017667
28480,-0.046707
28481,-0.021841
28482,0.059540
28483,0.085740
28484,0.081812
28485,0.041465
28486,-0.023003
28487,-0.047602
28488,-0.057375
28489,-0.042713
28490,-0.010296
28491,-0.009965
28492,0.027610
28493,0.046661
28494,0.056251
28495,-0.008568
28496,-0.081419
28497,-0.055263
28498,-0.038422
28499,-0.035487
28500,0.063488
28501,0.054401
28502,0.011668
28503,52.105381
28504,265.779724
28505,0.717954
28506,1258.751343
28507,89.684067
28508,11.431048
28509,23.105452
28510,50.058689
28511,58.477726
28512,51.220936
28513,15.397665
28514,-3.404833
28515,-5.371879
28516,-13.229864
28517,-14.363495
28518,-10.928906
28519,-38.947872
28520,-55.038048
28521,-56.932503
28522,-42.746536
28523,-33.734901
28524,2.399209
28525,44.216488
28526,76.678345
28527,69.865501
28528,53.234253
28529,34.226627
28530,15.192906
28531,0.258715
28532,-5.720180
28533,-31.710974
28534,-46.694145
28535,-25.181292
28536,-34.815540
28537,-37.642891
28538,-2.414164
28539,17.438950
28540,19.902403
28541,18.205605
28542,-4.169670
28543,4.801801
28544,9.955052
28545,-2.505649
28546,1.761272
28547,5.294486
28548,9.263579
28549,-0.693215
28550,-25.870628
28551,-23.310699
28552,-23.769411
28553,-8.567177
28554,39.784889
28555,44.449627
28556,24.038780
28557,0.003480
28558,0.014456
28559,0.057752
28560,-0.019534
28561,-0.015567
28562,-0.023792
28563,-0.026063
28564,0.025454
28565,-0.017339
28566,-0.057140
28567,-0.059433
28568,-0.083575
28569,0.005552
28570,0.080296
28571,0.078913
28572,0.084170
28573,0.058752
28574,0.032523
28575,0.038023
28576,-0.000519
28577,-0.041790
28578,-0.063819
28579,-0.054877
28580,-0.030100
28581,-0.029422
28582,-0.046363
28583,-0.015386
28584,0.014298
28585,0.015034
28586,0.023497
28587,0.056680
28588,0.019359
28589,-0.020818
28590,-0.049260
28591,-0.010346
28592,0.038390
28593,0.100976
28594,0.024315
28595,-0.054041
28596,-0.030001
28597,-0.032448
28598,-0.026566
28599,-0.016728
28600,0.044302
28601,0.030129
28602,0.003814
28603,-0.002723
28604,-0.040008
28605,0.000639
28606,0.013344
28607,-0.063478
28608,-0.083111
28609,-0.061319
28610,0.006871
28611,0.082048
28612,0.111946
28613,0.079097
28614,0.016827
28615,0.025410
28616,-0.001720
28617,-0.003001
28618,-0.005282
28619,0.013493
28620,0.033091
28621,0.035628
28622,-0.044557
28623,-0.089173
28624,-0.047961
28625,-0.015538
28626,-0.017256
28627,0.022048
28628,0.046286
28629,-0.002539
28630,-0.043222
28631,-0.032434
28632,-0.015891
28633,-0.055575
28634,0.009800
28635,0.058751
28636,0.092008
28637,0.080310
28638,0.039561
28639,-0.058312
28640,-0.115840
28641,-0.086524
28642,-0.070880
28643,0.028822
28644,0.053773
28645,0.035126
28646,0.046402
28647,0.016235
28648,-0.048852
28649,-0.032399
28650,0.011456
28651,-0.008030
28652,0.001357
28653,0.021340
28654,0.011131
28655,0.050857
28656,0.026951
28657,0.061331
28658,0.000803
28659,0.010345
28660,0.041308
28661,0.029942
28662,0.015330
28663,-0.032501
28664,-0.072916
28665,-0.080248
28666,-0.078767
28667,-0.028688
28668,0.030866
28669,0.020101
28670,-0.014997
28671,-0.031551
28672,-0.005042
28673,0.007350
28674,0.036147
28675,0.014150
28676,0.042273
28677,0.054915
28678,0.014221
28679,-0.023867
28680,-0.017430
28681,-0.015566
28682,-0.019334
28683,-0.009878
28684,-0.026006
28685,-0.049363
28686,-0.080861
28687,-0.085782
28688,-0.011808
28689,0.075177
28690,0.066213
28691,0.072269
28692,0.065656
28693,0.066025
28694,0.025087
28695,-0.034143
28696,-0.086467
28697,-0.109808
28698,-0.064278
28699,0.015879
28700,0.048435
28701,0.076232
28702,0.046892
28703,0.038100
28704,-0.007008
28705,-0.036773
28706,-0.003169
28707,0.006691
28708,-0.031585
28709,-0.032436
28710,0.022525
28711,0.001161
28712,-0.008404
28713,0.012411
28714,0.023932
28715,0.086238
28716,0.022721
28717,-0.061962
28718,-0.047163
28719,-0.002234
28720,0.017405
28721,-0.039204
28722,-0.064627
28723,-0.016993
28724,-0.013915
28725,-0.026391
28726,0.048171
28727,0.027799
28728,-0.009650
28729,0.007460
28730,0.022326
28731,0.028071
28732,0.025336
28733,-0.007760
28734,-0.029265
28735,-0.041965
28736,-0.022375
28737,-0.023415
28738,-0.011468
28739,0.037802
28740,0.023436
28741,0.048902
28742,0.032622
28743,0.039578
28744,0.003602
28745,-0.016002
28746,-0.010223
28747,-0.041258
28748,0.033861
28749,0.044275
28750,-0.008775
28751,-0.079406
28752,-0.103002
28753,-0.049858
28754,-0.036264
28755,0.002333
28756,0.050223
28757,0.047191
28758,-0.000115
28759,0.004658
28760,0.056238
28761,0.028274
28762,0.023048
28763,0.028773
28764,0.005287
28765,0.017826
28766,0.014452
28767,-0.029205
28768,-0.013313
28769,0.007066
28770,-0.017652
28771,-0.006447
28772,-0.064260
28773,-0.106936
28774,-0.054877
28775,0.003644
28776,0.020542
28777,-0.000901
28778,-0.009348
28779,0.009129
28780,0.066678
28781,0.088319
28782,-0.001365
28783,-0.040513
28784,-0.051068
28785,-0.021452
28786,0.040979
28787,0.028384
28788,0.054151
28789,0.061492
28790,0.000118
28791,-0.032275
28792,-0.041014
28793,-0.066786
28794,-0.019452
28795,-0.014509
28796,0.066408
28797,0.023710
28798,-0.014377
28799,0.051415
28800,0.032292
28801,-0.001335
28802,-0.044909
28803,-0.066406
28804,-0.068154
28805,-0.030309
28806,0.014882
28807,0.018355
28808,-0.016160
28809,-0.013833
28810,-0.022921
28811,0.042511
28812,0.101559
28813,0.100843
28814,0.057290
28815,-0.009966
28816,-0.011389
28817,0.009220
28818,-0.016004
28819,-0.024825
28820,-0.046912
28821,-0.022195
28822,-0.046938
28823,-0.039233
28824,-0.044055
28825,-0.013270
28826,-0.044477
28827,-0.023451
28828,-0.004358
28829,-0.015938
28830,-0.030921
28831,0.042476
28832,0.058659
28833,0.074479
28834,0.105696
28835,0.073471
28836,-0.029254
28837,-0.036054
28838,0.019447
28839,0.028178
28840,0.015022
28841,-0.044294
28842,-0.012645
28843,-0.000022
28844,-0.064969
28845,-0.041357
28846,-0.034886
28847,0.002214
28848,0.002337
28849,-0.024647
28850,-0.015658
28851,-0.027076
28852,-0.015463
28853,-0.021209
28854,0.038950
28855,0.024329
28856,-0.013701
28857,0.051729
28858,0.044566
28859,0.028772
28860,0.055957
28861,0.021368
28862,-0.021258
28863,-0.010945
28864,-0.036193
28865,-0.054713
28866,-0.031648
28867,-0.006703
28868,0.036102
28869,0.016895
28870,-0.026303
28871,0.015068
28872,-0.002678
28873,-0.019393
28874,-0.038711
28875,0.019294
28876,0.020460
28877,0.045470
28878,-0.015414
28879,-0.062144
28880,-0.069674
28881,-0.008335
28882,0.040693
28883,0.104566
28884,0.111102
28885,0.066131
28886,0.013679
28887,-0.086342
28888,-0.124077
28889,-0.090217
28890,-0.038677
28891,-0.036591
28892,-0.001257
28893,0.007254
28894,0.054999
28895,0.032715
28896,-0.011925
28897,-0.019353
28898,-0.013043
28899,0.026594
28900,0.101665
28901,0.075406
28902,0.092024
28903,0.055698
28904,-0.042639
28905,-0.110050
28906,-0.129542
28907,0.059990
28908,0.031076
28909,0.007553
28910,-0.014040
28911,-0.026980
28912,-0.019647
28913,-0.072042
28914,-0.050822
28915,-0.037011
28916,0.001585
28917,0.019275
28918,0.010129
28919,-0.024230
28920,-0.024348
28921,0.015201
28922,0.002632
28923,0.023662
28924,0.058144
28925,0.041783
28926,0.052456
28927,0.075330
28928,0.018988
28929,-0.049047
28930,-0.021536
28931,-0.025614
28932,-0.018237
28933,-0.047505
28934,-0.009087
28935,-0.014020
28936,-0.058647
28937,-0.034391
28938,0.018265
28939,0.038443
28940,0.052585
28941,0.039121
28942,0.022080
28943,-0.005645
28944,-0.033644
28945,-0.025427
28946,-0.007215
28947,-0.035528
28948,-0.015145
28949,0.001538
28950,0.012878
28951,-0.007992
28952,-0.047457
28953,-0.040079
28954,-0.032978
28955,0.025422
28956,0.059181
28957,0.054541
28958,0.068424
28959,0.038977
28960,0.002899
28961,-0.000066
28962,-0.045317
28963,-0.053901
28964,-0.043224
28965,-0.037012
28966,-0.019237
28967,-0.022050
28968,-0.041940
28969,-0.050640
28970,-0.024913
28971,-0.013127
28972,-0.010658
28973,0.080710
28974,0.074513
28975,0.034411
28976,0.020350
28977,0.029728
28978,0.054885
28979,0.049417
28980,0.046729
28981,0.035662
28982,-0.033128
28983,-0.022674
28984,-0.014405
28985,0.010604
28986,-0.038577
28987,-0.095104
28988,-0.074328
28989,-0.077354
28990,-0.004525
28991,-0.002317
28992,0.043249
28993,0.100432
28994,0.082782
28995,0.029674
28996,0.009183
28997,-0.059095
28998,-0.053167
28999,-0.047252
29000,0.009433
29001,0.016852
29002,-0.005517
29003,-0.050250
29004,-0.067623
29005,-0.043475
29006,0.063746
29007,0.100779
29008,0.080131
29009,0.075350
29010,0.022240
29011,-0.035347
29012,-0.081200
29013,-0.064990
29014,-0.045622
29015,-0.024179
29016,-0.066674
29017,-0.043475
29018,-0.027226
29019,0.005315
29020,0.043174
29021,0.089563
29022,0.106674
29023,0.078540
29024,-0.006528
29025,-0.038015
29026,-0.022982
29027,-0.017149
29028,-0.022515
29029,-0.023347
29030,0.025494
29031,0.055033
29032,0.025024
29033,0.024899
29034,-0.021518
29035,-0.032768
29036,-0.049569
29037,-0.027341
29038,0.014343
29039,0.037541
29040,0.002584
29041,-0.017321
29042,-0.017420
29043,0.001958
29044,-0.006264
29045,-0.017569
29046,-0.003413
29047,-0.018932
29048,-0.050721
29049,-0.032895
29050,-0.006072
29051,0.006300
29052,0.025006
29053,0.029788
29054,0.039266
29055,-0.018873
29056,0.001193
29057,0.063731
29058,0.054338
29059,0.000770
29060,-0.041277
29061,-0.014036
29062,-0.008330
29063,-0.049022
29064,-0.049924
29065,-0.028537
29066,-0.022737
29067,0.018545
29068,0.032392
29069,0.000388
29070,-0.009678
29071,0.010904
29072,0.062066
29073,0.066418
29074,0.044722
29075,0.014378
29076,0.011566
29077,0.005382
29078,-0.012190
29079,-0.019464
29080,-0.065225
29081,-0.057352
29082,-0.004634
29083,-0.028658
29084,-0.039176
29085,-0.012602
29086,0.042234
29087,0.061677
29088,0.098212
29089,0.043784
29090,-0.014739
29091,-0.048470
29092,-0.105582
29093,-0.077835
29094,-0.042244
29095,-0.080857
29096,-0.030582
29097,0.019990
29098,0.053325
29099,0.032941
29100,0.031922
29101,0.073995
29102,0.104551
29103,0.049010
29104,0.006125
29105,-0.006521
29106,-0.049150
29107,38.502457
29108,284.655334
29109,0.445047
29110,1196.654297
29111,86.153183
29112,19.782862
29113,-7.002470
29114,-16.465593
29115,-10.797379
29116,-0.391663
29117,6.897915
29118,22.439842
29119,28.685923
29120,2.066281
29121,-27.565498
29122,-50.502930
29123,-57.422344
29124,-38.566917
29125,14.053001
29126,43.286221
29127,51.919373
29128,38.190815
29129,19.382145
29130,7.087027
29131,-5.308167
29132,-8.627685
29133,2.246492
29134,1.343154
29135,-9.650564
29136,-34.638115
29137,-26.413769
29138,-8.073339
29139,-4.751044
29140,3.770785
29141,-5.430025
29142,-16.133215
29143,-4.325897
29144,-0.550795
29145,23.042437
29146,34.224697
29147,13.563052
29148,6.248004
29149,37.369911
29150,35.350719
29151,-1.601413
29152,-23.189995
29153,-31.288435
29154,-39.142330
29155,-53.222538
29156,-37.908970
29157,-15.328930
29158,2.007195
29159,23.644855
29160,34.617207
29161,-0.047935
29162,-0.038851
29163,-0.069638
29164,-0.033232
29165,-0.013349
29166,0.054117
29167,0.056760
29168,0.016915
29169,0.040906
29170,0.006303
29171,-0.010341
29172,-0.012909
29173,-0.055474
29174,-0.010012
29175,0.026414
29176,0.019368
29177,0.005099
29178,0.013464
29179,0.010245
29180,-0.053972
29181,-0.073568
29182,-0.049280
29183,0.005870
29184,0.020734
29185,0.052308
29186,0.075294
29187,0.099322
29188,0.059283
29189,-0.010545
29190,-0.014730
29191,0.007080
29192,-0.023055
29193,-0.020676
29194,-0.068086
29195,-0.092819
29196,-0.065461
29197,-0.037373
29198,0.005077
29199,0.041866
29200,0.026339
29201,0.019777
29202,-0.001825
29203,-0.021149
29204,0.002114
29205,-0.001601
29206,-0.006991
29207,0.070248
29208,0.048097
29209,0.039500
29210,0.045158
29211,-0.014037
29212,-0.052984
29213,-0.045762
29214,0.005650
29215,0.020745
29216,-0.037675
29217,-0.028241
29218,-0.057759
29219,-0.048323
29220,-0.000826
29221,-0.016118
29222,0.007082
29223,0.043497
29224,0.072279
29225,0.064771
29226,-0.024868
29227,-0.024531
29228,0.017950
29229,0.021126
29230,0.017262
29231,0.022248
29232,-0.021983
29233,0.025496
29234,-0.020025
29235,-0.097892
29236,-0.045663
29237,-0.021478
29238,-0.030283
29239,0.010189
29240,0.031058
29241,0.021081
29242,0.047801
29243,0.028594
29244,0.024325
29245,0.048640
29246,-0.031635
29247,-0.056994
29248,-0.001614
29249,0.004899
29250,0.027643
29251,0.036534
29252,-0.003554
29253,-0.005442
29254,-0.035328
29255,-0.058523
29256,0.007387
29257,0.025542
29258,0.044864
29259,0.049008
29260,-0.054914
29261,-0.117034
29262,-0.050802
29263,-0.033017
29264,0.023200
29265,0.046790
29266,0.041767
29267,0.051943
29268,0.075386
29269,0.041277
29270,0.011497
29271,-0.010864
29272,-0.057481
29273,-0.106829
29274,-0.100789
29275,-0.018016
29276,0.042597
29277,0.041974
29278,0.006132
29279,0.011172
29280,-0.023957
29281,-0.015236
29282,0.019743
29283,-0.014922
29284,0.053760
29285,0.110695
29286,0.112514
29287,0.045870
29288,-0.029198
29289,-0.037244
29290,-0.072328
29291,-0.078847
29292,-0.052202
29293,-0.034957
29294,-0.013546
29295,0.037616
29296,0.023040
29297,-0.008862
29298,-0.044126
29299,-0.041807
29300,0.033279
29301,0.077552
29302,0.054080
29303,0.040423
29304,-0.044597
29305,-0.061546
29306,-0.042960
29307,-0.080052
29308,-0.100876
29309,-0.051384
29310,0.050896
29311,0.117114
29312,0.125174
29313,0.118951
29314,0.064888
29315,0.013065
29316,-0.038228
29317,-0.022643
29318,-0.089520
29319,-0.101042
29320,-0.094499
29321,-0.052548
29322,-0.019591
29323,-0.015163
29324,0.014074
29325,0.010585
29326,-0.046929
29327,-0.007926
29328,0.030712
29329,0.110747
29330,0.091954
29331,0.017097
29332,0.054717
29333,0.026206
29334,-0.004909
29335,-0.035377
29336,-0.082115
29337,-0.043744
29338,-0.016952
29339,-0.019487
29340,0.048749
29341,0.072577
29342,0.002911
29343,-0.023773
29344,-0.064728
29345,-0.069179
29346,0.020122
29347,0.073162
29348,0.087268
29349,0.031580
29350,-0.032864
29351,-0.031851
29352,-0.042251
29353,-0.034273
29354,0.027168
29355,0.004642
29356,0.042056
29357,0.025877
29358,-0.026385
29359,-0.012631
29360,0.017031
29361,0.023262
29362,-0.028420
29363,-0.011354
29364,-0.012385
29365,-0.025847
29366,-0.059857
29367,-0.084457
29368,-0.012434
29369,0.049746
29370,0.054847
29371,0.049144
29372,0.044909
29373,0.016075
29374,0.013262
29375,0.015600
29376,0.016009
29377,0.026609
29378,-0.032147
29379,-0.072970
29380,-0.050661
29381,-0.056035
29382,-0.029964
29383,0.044473
29384,0.073169
29385,0.064390
29386,-0.013416
29387,-0.026895
29388,-0.004915
29389,-0.029113
29390,-0.046691
29391,-0.009908
29392,0.008091
29393,0.011226
29394,0.007405
29395,-0.004109
29396,0.001584
29397,0.014787
29398,0.060590
29399,0.047895
29400,0.025174
29401,0.028792
29402,-0.022992
29403,-0.073492
29404,-0.086923
29405,-0.089528
29406,-0.042905
29407,0.005186
29408,0.050134
29409,0.105288
29410,0.057204
29411,0.025306
29412,0.021406
29413,0.058335
29414,-0.013907
29415,-0.055241
29416,-0.095084
29417,-0.018621
29418,0.010904
29419,0.027625
29420,0.047610
29421,-0.009060
29422,-0.054667
29423,-0.029659
29424,-0.063637
29425,-0.010103
29426,0.032302
29427,0.039909
29428,0.071756
29429,0.055856
29430,0.005694
29431,0.009621
29432,-0.030413
29433,-0.058162
29434,0.017219
29435,0.028388
29436,0.034470
29437,0.003726
29438,0.002019
29439,-0.010833
29440,-0.024155
29441,-0.047492
29442,-0.047866
29443,-0.034562
29444,-0.040399
29445,-0.036474
29446,0.027959
29447,0.053065
29448,0.042568
29449,0.025966
29450,-0.061197
29451,-0.078331
29452,-0.031873
29453,0.033391
29454,0.058662
29455,0.084199
29456,0.089560
29457,0.031019
29458,0.038844
29459,-0.017286
29460,0.001270
29461,0.016632
29462,-0.045341
29463,-0.024183
29464,-0.014143
29465,-0.042530
29466,-0.018793
29467,-0.039181
29468,-0.089675
29469,-0.044127
29470,0.011855
29471,0.034367
29472,0.062679
29473,0.071227
29474,0.049768
29475,-0.022513
29476,-0.085458
29477,-0.061297
29478,-0.009613
29479,0.040260
29480,0.097390
29481,0.070378
29482,0.032191
29483,-0.025984
29484,-0.042006
29485,-0.053788
29486,-0.034403
29487,-0.036023
29488,-0.027547
29489,0.040904
29490,0.064060
29491,0.021821
29492,-0.022444
29493,-0.026460
29494,-0.053108
29495,-0.085765
29496,-0.029371
29497,0.018400
29498,0.041821
29499,0.026651
29500,0.051804
29501,0.058896
29502,-0.028542
29503,-0.039164
29504,-0.005474
29505,0.008418
29506,0.042236
29507,0.072844
29508,0.060381
29509,0.045519
29510,-0.005061
29511,-0.029548
29512,-0.037109
29513,-0.090645
29514,-0.055858
29515,-0.050796
29516,-0.028078
29517,-0.001993
29518,0.006013
29519,0.010936
29520,0.013794
29521,0.014553
29522,0.025942
29523,0.025928
29524,0.046974
29525,0.013564
29526,-0.080060
29527,-0.098552
29528,-0.046729
29529,-0.010707
29530,0.034887
29531,0.032652
29532,0.023051
29533,0.004873
29534,0.036844
29535,0.053865
29536,-0.009178
29537,0.051468
29538,0.049916
29539,-0.037993
29540,-0.017737
29541,-0.051108
29542,-0.075867
29543,-0.041623
29544,-0.035465
29545,0.022881
29546,0.032498
29547,0.065582
29548,0.031809
29549,-0.004899
29550,0.025910
29551,0.051213
29552,-0.036351
29553,-0.057532
29554,-0.056915
29555,-0.011159
29556,0.002593
29557,0.020896
29558,0.058603
29559,0.072122
29560,0.008067
29561,28.277740
29562,298.843323
29563,0.239915
29564,1143.744019
29565,11.399890
29566,0.634563
29567,18.692505
29568,20.188963
29569,33.715366
29570,28.514536
29571,1.047488
29572,-4.859624
29573,-11.632646
29574,-28.481499
29575,-29.251616
29576,-13.724819
29577,0.704985
29578,1.345590
29579,6.085892
29580,13.741642
29581,25.296104
29582,10.876724
29583,8.422606
29584,3.148482
29585,8.086065
29586,-6.593757
29587,1.543728
29588,-14.517034
29589,-33.232487
29590,-13.158361
29591,-5.178976
29592,9.903117
29593,16.862513
29594,7.346806
29595,4.473602
29596,-11.400195
29597,-25.422670
29598,-6.012563
29599,14.466855
29600,21.039053
29601,26.417444
29602,6.203044
29603,-14.299762
29604,-33.434021
29605,-27.861841
29606,4.118541
29607,22.436432
29608,17.259476
29609,7.360997
29610,-12.084773
29611,-35.292641
29612,-20.651144
29613,21.808376
29614,60.829544
29615,-0.067950
29616,-0.059082
29617,-0.021790
29618,0.003324
29619,0.007383
29620,0.039863
29621,0.000568
29622,0.028312
29623,0.016727
29624,0.007419
29625,-0.008531
29626,-0.042761
29627,-0.027160
29628,-0.036270
29629,-0.071217
29630,-0.032196
29631,-0.017384
29632,0.002774
29633,0.031112
29634,-0.000894
29635,0.031541
29636,0.103612
29637,0.053090
29638,0.050079
29639,0.003681
29640,-0.029015
29641,-0.033655
29642,-0.027620
29643,0.005712
29644,0.002959
29645,0.022945
29646,0.022043
29647,-0.036374
29648,-0.058308
29649,-0.062083
29650,-0.034904
29651,0.004911
29652,0.026851
29653,0.016644
29654,-0.018333
29655,0.009388
29656,0.041909
29657,0.075555
29658,0.053451
29659,0.010229
29660,0.017548
29661,-0.013174
29662,-0.014640
29663,-0.022364
29664,-0.034427
29665,0.005463
29666,-0.010451
29667,-0.023942
29668,-0.049766
29669,-0.069976
29670,-0.072154
29671,-0.010495
29672,0.027560
29673,0.061317
29674,0.095903
29675,0.092859
29676,0.028764
29677,-0.024558
29678,-0.047338
29679,-0.026205
29680,-0.017316
29681,-0.013828
29682,-0.014468
29683,-0.027253
29684,-0.026056
29685,0.000732
29686,0.005877
29687,0.009825
29688,0.029971
29689,0.018457
29690,-0.002913
29691,-0.021004
29692,0.042549
29693,0.044977
29694,0.015281
29695,-0.008985
29696,-0.067543
29697,-0.070405
29698,-0.050052
29699,-0.038090
29700,0.040433
29701,-0.008617
29702,0.006754
29703,0.060779
29704,0.016488
29705,0.038673
29706,-0.012851
29707,-0.001603
29708,0.001357
29709,-0.017415
29710,0.054099
29711,0.068738
29712,-0.019455
29713,-0.014919
29714,0.010984
29715,-0.007689
29716,-0.030850
29717,-0.046802
29718,-0.068245
29719,-0.034665
29720,-0.020164
29721,0.038639
29722,0.047543
29723,0.031734
29724,0.000079
29725,0.000421
29726,-0.038346
29727,-0.030846
29728,0.011026
29729,0.035296
29730,0.047676
29731,0.033852
29732,-0.010412
29733,-0.033720
29734,-0.050477
29735,-0.065107
29736,0.011254
29737,0.019619
29738,0.036486
29739,0.061741
29740,0.041319
29741,0.042285
29742,-0.015626
29743,-0.046725
29744,0.010173
29745,0.046862
29746,0.036962
29747,0.025229
29748,-0.048723
29749,-0.048634
29750,-0.059087
29751,-0.098770
29752,-0.050493
29753,-0.014201
29754,0.023565
29755,0.075629
29756,0.026836
29757,0.025313
29758,0.026741
29759,-0.031135
29760,-0.032152
29761,-0.046339
29762,-0.013069
29763,0.017285
29764,0.051509
29765,0.059861
29766,0.038910
29767,0.017413
29768,-0.008234
29769,0.024469
29770,-0.032189
29771,-0.047670
29772,-0.063476
29773,-0.048133
29774,-0.020915
29775,0.025373
29776,0.029438
29777,0.038293
29778,0.050326
29779,0.021412
29780,0.007794
29781,0.012507
29782,-0.026868
29783,-0.037346
29784,-0.028009
29785,0.006464
29786,0.049744
29787,-0.003134
29788,-0.054924
29789,-0.025445
29790,0.020837
29791,0.029222
29792,0.012963
29793,-0.016871
29794,-0.036183
29795,-0.009257
29796,-0.040319
29797,-0.012351
29798,0.029224
29799,0.024524
29800,0.052945
29801,0.062641
29802,0.046486
29803,-0.000164
29804,-0.019015
29805,-0.018738
29806,-0.054174
29807,-0.049933
29808,0.012308
29809,0.009259
29810,-0.004976
29811,-0.020519
29812,-0.051390
29813,-0.026326
29814,-0.065753
29815,-0.015222
29816,0.056131
29817,0.039057
29818,0.067364
29819,0.013967
29820,-0.054139
29821,-0.024634
29822,0.016892
29823,0.034246
29824,0.048886
29825,0.054530
29826,0.035702
29827,-0.020084
29828,-0.029048
29829,-0.047388
29830,-0.014133
29831,-0.005014
29832,-0.027043
29833,0.004364
29834,-0.008467
29835,-0.009576
29836,0.027179
29837,-0.012535
29838,-0.005453
29839,0.039899
29840,0.022059
29841,-0.046528
29842,-0.090296
29843,-0.061323
29844,0.021194
29845,0.087394
29846,0.079559
29847,0.022854
29848,-0.026142
29849,-0.009873
29850,-0.042235
29851,0.008025
29852,0.003997
29853,0.002214
29854,0.033914
29855,-0.032257
29856,-0.025292
29857,-0.024958
29858,-0.023133
29859,0.025313
29860,0.005934
29861,0.001206
29862,0.032681
29863,0.017129
29864,0.030368
29865,0.002516
29866,-0.059303
29867,-0.069100
29868,-0.006681
29869,0.025359
29870,0.044455
29871,0.030465
29872,-0.009559
29873,-0.047560
29874,-0.047226
29875,0.015725
29876,0.029062
29877,0.003020
29878,0.007469
29879,-0.021693
29880,-0.000662
29881,0.023835
29882,0.060689
29883,0.051885
29884,0.026305
29885,-0.037300
29886,-0.099872
29887,-0.051338
29888,0.001230
29889,-0.013262
29890,-0.037954
29891,-0.028335
29892,-0.033212
29893,0.006077
29894,0.029514
29895,0.008987
29896,0.030021
29897,0.078272
29898,0.046154
29899,0.030681
29900,-0.006406
29901,-0.042879
29902,-0.048372
29903,-0.044132
29904,-0.017277
29905,0.050780
29906,0.033381
29907,0.005345
29908,-0.028360
29909,-0.067003
29910,-0.010175
29911,0.020826
29912,0.036535
29913,0.043528
29914,0.036572
29915,0.041704
29916,0.043635
29917,-0.020471
29918,-0.023365
29919,-0.055964
29920,-0.060825
29921,-0.058368
29922,-0.052955
29923,0.013309
29924,0.057758
29925,0.097690
29926,0.067808
29927,0.004868
29928,-0.017903
29929,-0.031568
29930,-0.038792
29931,0.018065
29932,0.018483
29933,-0.017254
29934,-0.040804
29935,-0.063485
29936,-0.052968
29937,-0.029225
29938,-0.017764
29939,-0.008637
29940,0.011128
29941,0.071167
29942,0.045219
29943,0.036927
29944,0.072268
29945,0.041775
29946,0.033360
29947,-0.001413
29948,-0.102144
29949,-0.080824
29950,-0.020286
29951,-0.025308
29952,-0.003579
29953,-0.018714
29954,0.010097
29955,0.048273
29956,0.003631
29957,0.004450
29958,0.016118
29959,-0.016054
29960,-0.001388
29961,0.061051
29962,0.093121
29963,0.078715
29964,0.006170
29965,-0.011325
29966,-0.011325
29967,-0.011325
29968,-0.011325
29969,-0.011325
29970,-0.011325
29971,-0.011325
29972,-0.011325
29973,-0.011325
29974,-0.011325
29975,-0.011325
29976,-0.011325
29977,-0.011325
29978,-0.011325
29979,-0.011325
29980,-0.011325
29981,-0.011325
29982,-0.011325
29983,-0.011325
29984,-0.011325
29985,-0.011325
29986,-0.011325
29987,-0.011325
29988,-0.011325
29989,-0.011325
29990,-0.011325
29991,-0.011325
29992,-0.011325
29993,-0.011325
29994,-0.011325
29995,-0.011325
29996,-0.011325
29997,-0.011325
29998,-0.011325
29999,-0.011325
