Index,Voltage_mV
0,0.035167
1,-0.038447
2,-0.124575
3,-0.104752
4,-0.071228
5,-0.057219
6,-0.047384
7,-0.002822
8,0.062284
9,0.060499
10,0.099238
11,0.083583
12,0.065565
13,0.036482
14,-0.061411
15,-0.090450
16,-0.052159
17,-0.058403
18,0.011366
19,0.083301
20,0.058998
21,0.032776
22,0.037547
23,-0.001816
24,-0.066777
25,-0.060615
26,-0.032795
27,-0.080614
28,-0.054763
29,0.017293
30,0.044712
31,0.049495
32,0.064386
33,0.041554
34,0.004492
35,-0.006453
36,-0.067633
37,-0.044105
38,-0.076294
39,-0.040038
40,-0.003896
41,-0.015632
42,0.014031
43,0.035465
44,0.008045
45,0.015519
46,0.007817
47,0.114529
48,0.125416
49,0.048176
50,-0.050110
51,-0.076755
52,-0.030076
53,-0.032516
54,-0.024619
55,0.074016
56,0.062203
57,-0.006333
58,-0.085574
59,-0.095200
60,-0.098393
61,-0.105707
62,0.009912
63,0.016955
64,0.033691
65,0.022932
66,0.034147
67,0.136273
68,0.089349
69,0.051540
70,0.026115
71,-0.039052
72,-0.042253
73,-0.006489
74,0.029584
75,0.053465
76,-0.052901
77,-0.108954
78,-0.119245
79,-0.111228
80,-0.006473
81,-0.000942
82,-0.005250
83,0.036564
84,0.043563
85,0.071143
86,0.037352
87,-0.032998
88,-0.033104
89,-0.058735
90,-0.074632
91,0.043376
92,0.027347
93,0.003440
94,0.028644
95,0.027379
96,0.049548
97,0.066100
98,0.047115
99,0.043243
100,-0.038865
101,-0.056146
102,-0.041182
103,-0.031123
104,-0.048075
105,-0.057600
106,-0.026821
107,-0.017308
108,0.054297
109,0.058939
110,0.080850
111,0.106263
112,0.081800
113,-0.010672
114,-0.070478
115,-0.125132
116,-0.116987
117,-0.065202
118,0.035060
119,0.070933
120,0.073874
121,0.035813
122,-0.000378
123,-0.028091
124,-0.066130
125,-0.035508
126,-0.023514
127,-0.002255
128,0.031027
129,0.036007
130,0.024405
131,0.026485
132,0.022768
133,0.019908
134,-0.051964
135,-0.052666
136,0.010175
137,0.032991
138,-0.026538
139,-0.003767
140,0.002378
141,-0.024681
142,-0.049525
143,-0.043452
144,-0.009009
145,0.052884
146,0.057919
147,0.042175
148,-0.053112
149,-0.056523
150,-0.040758
151,-0.020268
152,-0.023248
153,-0.035906
154,0.014856
155,0.025419
156,0.014449
157,0.043931
158,0.044882
159,0.049855
160,0.003772
161,-0.028281
162,-0.054403
163,-0.006675
164,0.042893
165,0.025654
166,0.013453
167,0.011302
168,-0.033922
169,0.009148
170,0.016894
171,-0.007018
172,-0.031133
173,-0.041980
174,-0.011213
175,0.025703
176,-0.004374
177,-0.032668
178,-0.023834
179,-0.010186
180,0.018091
181,0.084562
182,0.068922
183,-0.014535
184,-0.049833
185,-0.066970
186,-0.015350
187,0.004706
188,0.034144
189,-0.030163
190,-0.053582
191,-0.035508
192,-0.034098
193,-0.000768
194,0.023248
195,0.051716
196,0.063017
197,0.027605
198,0.013240
199,0.030497
200,464.322083
201,755.977234
202,8.988008
203,1125.871582
204,1256.742798
205,24.041979
206,45.037727
207,61.737602
208,32.886108
209,-1.156363
210,-48.265766
211,-75.659439
212,-60.816021
213,-21.774540
214,13.876593
215,50.285881
216,57.859802
217,24.625006
218,-12.902509
219,-33.864803
220,-46.404564
221,-33.361408
222,-12.939782
223,-5.839203
224,-9.939876
225,-8.108187
226,22.982597
227,54.923717
228,58.389851
229,37.872086
230,1.857875
231,-23.257109
232,-13.739762
233,7.622358
234,-3.835586
235,-31.309908
236,-31.118328
237,-25.675545
238,-4.495016
239,-0.243002
240,-18.764948
241,-13.347129
242,8.093952
243,19.053095
244,23.541355
245,33.163742
246,25.239780
247,-5.154910
248,-30.237909
249,-10.964132
250,0.725748
251,12.540934
252,6.284381
253,-11.345851
254,0.049242
255,0.062210
256,-0.003423
257,-0.045910
258,-0.025668
259,-0.027326
260,-0.011534
261,-0.032420
262,-0.042163
263,0.009380
264,-0.016780
265,-0.035037
266,0.009536
267,0.027622
268,0.006966
269,0.033057
270,-0.016105
271,-0.002819
272,-0.003130
273,-0.034338
274,-0.001441
275,-0.011456
276,-0.008096
277,-0.019823
278,0.010882
279,0.013053
280,-0.014826
281,0.012124
282,0.043600
283,0.020635
284,-0.020917
285,-0.033455
286,-0.001218
287,-0.001737
288,-0.033287
289,-0.040517
290,0.033327
291,0.040896
292,0.041190
293,0.070592
294,-0.012903
295,-0.033707
296,-0.036584
297,-0.063237
298,-0.055157
299,-0.060483
300,-0.002791
301,0.030875
302,0.072546
303,0.087294
304,0.066648
305,0.024312
306,0.025829
307,-0.031836
308,-0.048794
309,-0.052351
310,-0.056648
311,-0.019238
312,0.026421
313,0.104290
314,0.091623
315,-0.013003
316,0.029860
317,-0.026552
318,-0.030346
319,-0.007785
320,-0.047863
321,-0.028821
322,-0.051721
323,-0.069199
324,-0.011159
325,0.001393
326,-0.012867
327,0.032938
328,0.034043
329,0.028977
330,0.021736
331,-0.013508
332,-0.046061
333,0.001932
334,0.010525
335,0.015285
336,0.034538
337,0.049211
338,0.030954
339,0.009355
340,-0.044492
341,-0.035355
342,-0.006551
343,0.005837
344,-0.011279
345,-0.001973
346,0.007774
347,-0.012683
348,-0.014124
349,-0.024821
350,-0.045090
351,-0.068663
352,-0.048348
353,-0.030321
354,0.015764
355,0.086495
356,0.078466
357,0.095245
358,0.105413
359,-0.010588
360,-0.051937
361,-0.020772
362,-0.004313
363,-0.001098
364,0.065435
365,0.036920
366,-0.007474
367,-0.027748
368,-0.064212
369,-0.057432
370,-0.006176
371,-0.013522
372,-0.015094
373,-0.037872
374,-0.077979
375,-0.048662
376,-0.013149
377,0.003301
378,0.011724
379,0.025523
380,0.064688
381,0.038048
382,0.024174
383,0.030616
384,-0.031601
385,-0.024070
386,0.006992
387,0.010278
388,0.020925
389,0.022983
390,0.009543
391,0.025357
392,0.070316
393,0.024513
394,0.025436
395,-0.008516
396,-0.054960
397,-0.049018
398,-0.063998
399,-0.020397
400,-0.001454
401,-0.024510
402,-0.028028
403,-0.054790
404,-0.016987
405,0.046147
406,0.017913
407,0.021548
408,0.056314
409,0.005495
410,0.021154
411,-0.000053
412,-0.039453
413,-0.004833
414,0.023885
415,-0.008069
416,0.005364
417,-0.004626
418,0.004534
419,0.017175
420,0.012576
421,0.040174
422,0.002324
423,-0.032737
424,-0.103338
425,-0.060297
426,-0.002638
427,-0.013408
428,0.002284
429,0.031908
430,0.050456
431,0.005119
432,0.063142
433,0.045937
434,0.007911
435,0.025928
436,-0.004797
437,-0.052179
438,-0.032624
439,-0.071981
440,-0.017308
441,0.001074
442,0.021922
443,0.018780
444,-0.022570
445,-0.007957
446,0.054155
447,0.077655
448,0.046878
449,0.015809
450,-0.012621
451,-0.014318
452,0.038351
453,-0.037785
454,-0.051396
455,0.006902
456,-0.017158
457,-0.054172
458,-0.040902
459,-0.046437
460,-0.015486
461,0.035089
462,0.011632
463,-0.000829
464,0.018775
465,0.021610
466,0.052044
467,0.065821
468,0.009319
469,-0.014319
470,-0.046579
471,-0.051989
472,0.001786
473,0.016433
474,0.029640
475,-0.005733
476,0.008394
477,0.028028
478,-0.005905
479,-0.022351
480,0.020204
481,0.000179
482,-0.037939
483,0.009642
484,0.001036
485,-0.021148
486,0.021123
487,0.008902
488,-0.035247
489,-0.038130
490,-0.064395
491,-0.039164
492,0.006036
493,0.025411
494,0.047739
495,0.032797
496,-0.045130
497,-0.029506
498,0.023334
499,0.025869
500,0.025116
501,0.031054
502,0.008235
503,0.047456
504,0.062470
505,-0.020642
506,-0.100925
507,-0.028184
508,-0.004991
509,0.009659
510,0.028864
511,-0.021251
512,-0.020136
513,-0.015321
514,-0.001152
515,0.034589
516,-0.002740
517,-0.044688
518,-0.025411
519,0.018961
520,0.024705
521,0.011266
522,0.032023
523,-0.015414
524,-0.051537
525,0.022821
526,-0.018469
527,-0.070914
528,-0.024594
529,-0.015590
530,0.039386
531,0.029955
532,0.052798
533,0.059377
534,-0.038219
535,-0.048648
536,-0.007634
537,-0.022076
538,-0.031719
539,-0.031041
540,0.043784
541,0.065931
542,0.024438
543,0.035950
544,0.047907
545,0.005446
546,-0.013514
547,-0.002453
548,0.004715
549,-0.050107
550,-0.063246
551,-0.085247
552,-0.060114
553,0.013786
554,0.096518
555,0.069854
556,0.030704
557,-0.009537
558,0.016249
559,-0.012898
560,-0.002451
561,-0.018159
562,-0.050555
563,-0.020091
564,-0.065557
565,-0.049596
566,-0.010040
567,0.019180
568,0.076882
569,0.075814
570,0.035858
571,0.034566
572,0.031700
573,-0.030882
574,-0.090053
575,-0.049256
576,-0.040357
577,-0.036645
578,0.004643
579,0.034573
580,0.020814
581,0.036565
582,0.041912
583,0.006015
584,-0.002402
585,-0.028995
586,0.007344
587,-0.001156
588,-0.011483
589,0.018023
590,0.038016
591,0.019633
592,-0.017435
593,-0.030924
594,-0.017533
595,0.035315
596,0.058898
597,0.008351
598,-0.035006
599,-0.036596
600,-0.080508
601,-0.043407
602,-0.008660
603,0.120705
604,0.129284
605,-0.025943
606,-0.057907
607,-0.099107
608,-0.087573
609,-0.028690
610,0.061106
611,0.075893
612,0.049314
613,0.017297
614,0.013218
615,0.008840
616,-0.047006
617,-0.051367
618,-0.062637
619,-0.072420
620,-0.011796
621,0.006316
622,-0.009620
623,0.005532
624,0.031470
625,0.054892
626,0.072801
627,0.046845
628,0.055348
629,0.017261
630,-0.034198
631,-0.044223
632,-0.078543
633,-0.046356
634,-0.050314
635,-0.006379
636,0.070457
637,0.049314
638,0.027973
639,0.079212
640,0.065815
641,0.014617
642,-0.030866
643,-0.055281
644,-0.033580
645,-0.048986
646,-0.027543
647,0.007613
648,0.024139
649,0.019878
650,0.010446
651,-0.004447
652,0.001999
653,0.011578
654,-0.008403
655,-0.006501
656,-0.018648
657,-0.005786
658,0.017783
659,-0.013401
660,-0.020298
661,-0.013128
662,-0.023571
663,-0.048095
664,-0.044802
665,-0.022314
666,0.031460
667,0.029981
668,0.002743
669,0.048859
670,0.041057
671,0.056985
672,0.080945
673,0.061270
674,0.026645
675,-0.025797
676,-0.059371
677,-0.136582
678,-0.098999
679,-0.010599
680,0.014035
681,0.041605
682,-0.000637
683,-0.004148
684,-0.009384
685,0.004519
686,-0.003394
687,0.029821
688,0.032414
689,0.009187
690,-0.010616
691,-0.004090
692,-0.016650
693,-0.032189
694,-0.004487
695,0.004155
696,-0.015109
697,0.022469
698,0.041713
699,0.051953
700,0.088555
701,0.082075
702,-0.034807
703,-0.096186
704,-0.076630
705,-0.097219
706,-0.077160
707,-0.051128
708,0.011156
709,0.052487
710,-0.005703
711,0.003883
712,0.029532
713,0.096665
714,0.043000
715,0.066577
716,0.049843
717,-0.005740
718,-0.004839
719,0.004745
720,-0.051625
721,-0.057694
722,-0.021899
723,-0.072332
724,-0.090630
725,-0.074501
726,-0.020104
727,-0.001460
728,0.013672
729,0.048037
730,0.076868
731,0.091027
732,0.088585
733,0.059604
734,-0.021316
735,-0.047511
736,-0.029844
737,-0.034652
738,-0.055805
739,-0.054656
740,0.020056
741,0.017694
742,0.065366
743,-0.000447
744,-0.009146
745,0.067112
746,0.054030
747,-0.012985
748,-0.014211
749,-0.033426
750,-0.037521
751,-0.006698
752,-0.045956
753,-0.046719
754,-0.022374
755,-0.002786
756,0.014333
757,-0.017874
758,-0.019249
759,0.035093
760,0.022525
761,0.028285
762,0.054663
763,0.062471
764,0.033046
765,0.007660
766,-0.010934
767,-0.009722
768,0.010684
769,-0.006075
770,-0.004001
771,-0.048418
772,-0.043910
773,0.004429
774,0.045461
775,0.024546
776,-0.005396
777,0.032075
778,0.017232
779,-0.008101
780,-0.011139
781,0.001769
782,0.008530
783,-0.044302
784,-0.087543
785,-0.088443
786,-0.038882
787,0.000168
788,0.062097
789,0.062903
790,0.016571
791,-0.007236
792,0.050915
793,0.010276
794,-0.007502
795,0.038535
796,0.023152
797,0.017193
798,-0.007069
799,-0.016748
800,-0.092661
801,-0.068186
802,0.038301
803,-0.014879
804,-0.008783
805,-0.031166
806,-0.052851
807,0.002306
808,0.055080
809,0.056914
810,0.052316
811,0.022376
812,-0.004599
813,0.020968
814,0.043219
815,0.044686
816,-0.012711
817,-0.043727
818,-0.053152
819,-0.062952
820,-0.046448
821,-0.032005
822,-0.009741
823,0.017029
824,0.031920
825,0.027265
826,0.036076
827,-0.052060
828,-0.005241
829,0.007861
830,0.033580
831,0.024462
832,0.066433
833,0.078355
834,0.069787
835,0.034903
836,-0.044061
837,-0.117587
838,-0.111725
839,-0.049208
840,-0.049767
841,-0.010289
842,-0.015412
843,-0.060671
844,-0.001773
845,0.041465
846,0.004019
847,0.100842
848,0.118780
849,0.090851
850,0.021447
851,-0.072860
852,-0.106584
853,-0.067919
854,-0.035239
855,0.016049
856,0.042341
857,0.006999
858,-0.012002
859,0.004897
860,0.000192
861,-0.002177
862,0.045857
863,0.044924
864,0.014112
865,0.021734
866,-0.029333
867,-0.047463
868,-0.010678
869,-0.006213
870,-0.039961
871,-0.025566
872,-0.001427
873,-0.060824
874,-0.055219
875,0.023296
876,0.026894
877,-0.011544
878,-0.018681
879,0.011738
880,0.050883
881,0.051410
882,0.061358
883,0.025380
884,0.027578
885,-0.028828
886,-0.031745
887,-0.019236
888,-0.007531
889,0.019964
890,0.044659
891,0.049283
892,-0.051425
893,-0.033759
894,-0.042028
895,0.019891
896,-0.007815
897,-0.022185
898,-0.031369
899,-0.043784
900,-0.003956
901,0.035382
902,0.044470
903,0.045603
904,0.009050
905,-0.018337
906,-0.074884
907,-0.045165
908,-0.018313
909,-0.032214
910,0.021579
911,0.007233
912,0.045366
913,0.021998
914,0.044991
915,0.061472
916,-0.000696
917,-0.028966
918,-0.013849
919,-0.031460
920,-0.030703
921,-0.006602
922,0.041007
923,0.036772
924,0.011495
925,-0.014166
926,-0.095561
927,-0.091807
928,-0.028312
929,-0.049682
930,-0.011921
931,0.053835
932,0.062452
933,0.023890
934,-0.008194
935,0.036296
936,0.087082
937,0.095615
938,0.048763
939,0.012043
940,-0.014212
941,-0.098651
942,-0.115661
943,-0.106732
944,-0.047992
945,0.005660
946,0.072500
947,0.072890
948,0.024100
949,-0.032800
950,-0.049998
951,-0.044547
952,-0.043895
953,0.019748
954,0.018421
955,0.034442
956,0.053979
957,0.022349
958,0.019554
959,0.018481
960,0.002518
961,-0.039153
962,-0.011047
963,-0.024043
964,-0.005580
965,0.048932
966,0.029956
967,0.041781
968,0.029946
969,-0.005741
970,-0.003576
971,-0.021047
972,-0.036139
973,-0.049237
974,-0.009749
975,0.002522
976,-0.005081
977,-0.001643
978,-0.029047
979,-0.030674
980,0.012903
981,-0.006644
982,-0.021522
983,-0.007163
984,-0.008349
985,0.029982
986,0.021880
987,0.056819
988,0.070811
989,0.036123
990,0.007271
991,-0.027402
992,-0.059688
993,0.013227
994,-0.036156
995,-0.049716
996,-0.003407
997,-0.055549
998,-0.014396
999,0.039219
1000,0.040039
1001,0.051543
1002,0.065456
1003,-0.027378
1004,0.016848
1005,-0.018359
1006,-0.051292
1007,-0.056518
1008,-0.030872
1009,-0.003079
1010,-0.026434
1011,0.000448
1012,0.064882
1013,0.056647
1014,-0.000248
1015,-0.062974
1016,-0.083533
1017,-0.029042
1018,-0.001449
1019,0.018129
1020,0.064622
1021,0.033822
1022,0.012728
1023,0.046907
1024,0.002998
1025,-0.019063
1026,-0.011691
1027,0.019969
1028,0.021761
1029,-0.023140
1030,-0.005048
1031,0.011694
1032,0.007589
1033,0.018282
1034,-0.021915
1035,-0.048886
1036,-0.071030
1037,-0.021066
1038,-0.029532
1039,-0.012027
1040,-0.018426
1041,-0.009598
1042,-0.045004
1043,0.043252
1044,0.072777
1045,0.096030
1046,0.128370
1047,0.071998
1048,-0.017591
1049,-0.094367
1050,-0.112843
1051,-0.056806
1052,-0.034038
1053,0.000071
1054,-0.006024
1055,-0.029347
1056,0.027674
1057,0.061274
1058,-0.000210
1059,-0.056442
1060,-0.083912
1061,-0.029397
1062,0.022608
1063,0.059306
1064,0.076472
1065,0.081982
1066,0.050755
1067,0.033297
1068,-0.000722
1069,-0.073825
1070,-0.038786
1071,-0.065235
1072,-0.056220
1073,-0.040014
1074,0.009299
1075,0.048884
1076,0.107144
1077,0.091190
1078,0.076709
1079,0.001188
1080,-0.039073
1081,-0.061340
1082,-0.056850
1083,-0.073449
1084,-0.083718
1085,-0.039350
1086,-0.037723
1087,0.039129
1088,0.069022
1089,0.045149
1090,-0.011499
1091,0.022149
1092,0.078814
1093,0.077696
1094,-0.002359
1095,-0.037475
1096,-0.032640
1097,-0.032546
1098,-0.025206
1099,0.044720
1100,0.013158
1101,-0.037245
1102,-0.087994
1103,-0.096369
1104,-0.070902
1105,-0.038413
1106,-0.019205
1107,-0.012189
1108,0.054288
1109,0.088445
1110,0.108745
1111,0.105500
1112,0.068942
1113,-0.001924
1114,-0.040714
1115,-0.047520
1116,-0.068662
1117,-0.067321
1118,-0.068877
1119,-0.035254
1120,0.043526
1121,0.040105
1122,0.066517
1123,0.052218
1124,-0.017982
1125,0.014024
1126,0.028057
1127,0.000780
1128,0.018048
1129,0.009518
1130,-0.026815
1131,-0.039498
1132,-0.051772
1133,0.034678
1134,0.022584
1135,-0.053704
1136,-0.036955
1137,-0.010698
1138,0.020701
1139,0.061759
1140,0.005426
1141,-0.021236
1142,-0.037338
1143,-0.047496
1144,-0.026446
1145,-0.000332
1146,-0.006266
1147,0.018184
1148,0.018832
1149,0.049242
1150,0.042491
1151,0.065953
1152,-0.003099
1153,-0.040841
1154,442.836670
1155,682.375183
1156,8.556959
1157,1229.319946
1158,1196.937500
1159,32.924030
1160,39.772919
1161,-1.592464
1162,-37.196037
1163,-42.190811
1164,-23.333323
1165,-12.036965
1166,2.692529
1167,10.912126
1168,34.278263
1169,29.287897
1170,9.347859
1171,-23.636206
1172,-52.302467
1173,-38.077457
1174,8.973923
1175,41.855732
1176,38.806843
1177,31.987316
1178,6.384704
1179,-33.703568
1180,-36.395859
1181,-22.643847
1182,25.208031
1183,59.001537
1184,31.368992
1185,-8.615177
1186,-46.764404
1187,-55.723289
1188,-39.006947
1189,-10.792862
1190,-3.078396
1191,26.816742
1192,18.631393
1193,3.138482
1194,12.102275
1195,21.588779
1196,25.168634
1197,17.395586
1198,3.184760
1199,-0.659408
1200,-2.493619
1201,-31.253429
1202,-22.990715
1203,8.729651
1204,20.970110
1205,-1.112599
1206,-5.409966
1207,-0.131238
1208,0.008113
1209,-0.010133
1210,-0.022380
1211,-0.018631
1212,-0.033279
1213,-0.044505
1214,-0.008316
1215,0.048469
1216,0.046419
1217,0.053631
1218,-0.008689
1219,-0.102941
1220,-0.067247
1221,-0.042617
1222,-0.012201
1223,0.072261
1224,0.089705
1225,0.095857
1226,0.086746
1227,-0.023108
1228,-0.051731
1229,-0.047567
1230,-0.002330
1231,-0.009310
1232,-0.051028
1233,-0.101446
1234,-0.069429
1235,-0.005311
1236,0.024190
1237,0.071934
1238,0.050021
1239,0.050594
1240,0.029176
1241,-0.004399
1242,-0.018757
1243,-0.019858
1244,-0.016277
1245,-0.048912
1246,-0.091397
1247,-0.101367
1248,-0.003785
1249,0.053624
1250,0.097994
1251,0.089687
1252,0.090672
1253,0.032408
1254,-0.022574
1255,-0.026278
1256,0.013502
1257,-0.004736
1258,-0.025572
1259,0.008254
1260,-0.020792
1261,-0.044838
1262,-0.015868
1263,-0.036484
1264,-0.035121
1265,-0.011144
1266,-0.034129
1267,0.010111
1268,0.042796
1269,0.030842
1270,0.019225
1271,-0.010181
1272,0.001216
1273,0.010561
1274,-0.037519
1275,-0.003374
1276,0.011084
1277,0.018811
1278,0.028560
1279,-0.001350
1280,-0.046692
1281,-0.004006
1282,0.022508
1283,0.037131
1284,0.061357
1285,0.052395
1286,-0.033172
1287,-0.059003
1288,-0.030805
1289,-0.077939
1290,-0.003855
1291,0.008335
1292,0.022064
1293,0.036238
1294,0.006530
1295,0.033564
1296,-0.002279
1297,-0.046578
1298,-0.058977
1299,-0.064104
1300,0.009336
1301,-0.011037
1302,0.004577
1303,0.030970
1304,0.012582
1305,0.016159
1306,0.023537
1307,0.009482
1308,-0.003537
1309,0.035170
1310,0.033967
1311,0.007978
1312,0.025928
1313,-0.006105
1314,-0.004686
1315,-0.007744
1316,0.003925
1317,0.019562
1318,-0.017677
1319,-0.033711
1320,0.001642
1321,0.036567
1322,0.038639
1323,0.026308
1324,0.001453
1325,-0.026280
1326,-0.061722
1327,-0.064252
1328,-0.047772
1329,0.017984
1330,0.068400
1331,0.086618
1332,-0.007748
1333,-0.027379
1334,-0.024398
1335,-0.042687
1336,-0.063040
1337,-0.034590
1338,-0.011407
1339,-0.013479
1340,0.038130
1341,0.043924
1342,0.018539
1343,0.077254
1344,0.097986
1345,-0.004019
1346,-0.044202
1347,-0.071035
1348,-0.047355
1349,-0.052300
1350,-0.016658
1351,0.006790
1352,-0.016322
1353,0.001901
1354,0.027535
1355,0.023325
1356,0.014123
1357,0.032348
1358,0.029129
1359,0.008860
1360,0.026773
1361,0.059333
1362,0.053068
1363,0.029938
1364,-0.018126
1365,-0.085528
1366,-0.111494
1367,-0.098997
1368,-0.033778
1369,0.036799
1370,0.063569
1371,0.036576
1372,0.047166
1373,0.034973
1374,-0.019665
1375,-0.012694
1376,0.018456
1377,-0.008719
1378,0.003842
1379,-0.015651
1380,-0.085553
1381,-0.075981
1382,-0.096878
1383,-0.067800
1384,0.018410
1385,0.060999
1386,0.096468
1387,0.123088
1388,0.064923
1389,0.081874
1390,0.012275
1391,-0.029753
1392,-0.021100
1393,0.030278
1394,0.010765
1395,-0.009266
1396,-0.071672
1397,-0.091189
1398,-0.056269
1399,-0.032363
1400,0.008604
1401,0.042013
1402,0.085538
1403,0.066747
1404,-0.008167
1405,-0.031807
1406,-0.065991
1407,-0.120505
1408,-162.038589
1409,662.803894
1410,13.970265
1411,0.000000
1412,47.448372
1413,2252.420654
1414,977.208130
1415,1992.265625
1416,2160.871582
1417,1533.712646
1418,2027.669189
1419,778.979980
1420,2157.312500
1421,1624.967773
1422,1984.922363
1423,1058.162354
1424,770.628967
1425,2003.212280
1426,950.805359
1427,1057.939331
1428,2164.770996
1429,1228.470337
1430,1032.162842
1431,1507.162964
1432,699.264038
1433,1766.895630
1434,2053.606445
1435,1264.264893
1436,779.442383
1437,979.557434
1438,620.428955
1439,-0.003548
1440,0.081131
1441,0.024218
1442,0.069593
1443,0.032705
1444,-0.045159
1445,-0.066380
1446,-0.051981
1447,0.002986
1448,0.039161
1449,0.019424
1450,-0.004128
1451,0.052914
1452,0.022962
1453,0.041262
1454,0.031623
1455,-0.032063
1456,-0.054446
1457,-0.047091
1458,-0.053579
1459,-0.025328
1460,0.003152
1461,0.006945
1462,0.007414
1463,0.000345
1464,0.033764
1465,0.037726
1466,0.034602
1467,0.037233
1468,0.010677
1469,0.011569
1470,-0.019341
1471,0.002582
1472,0.032028
1473,-0.031466
1474,-0.017976
1475,-0.053097
1476,-0.030950
1477,-0.047572
1478,-0.009341
1479,0.017402
1480,0.046304
1481,0.041100
1482,0.046469
1483,0.030364
1484,-0.016373
1485,-0.078061
1486,-0.060658
1487,-0.030906
1488,-0.015245
1489,0.026962
1490,0.042745
1491,0.087727
1492,0.046124
1493,-0.059208
1494,-0.107586
1495,-0.088438
1496,-0.030007
1497,0.063836
1498,0.058973
1499,0.038848
1500,0.024810
1501,-0.008152
1502,-0.058503
1503,-0.044431
1504,-0.009225
1505,-0.024683
1506,0.024810
1507,0.038718
1508,0.019096
1509,0.014134
1510,0.033031
1511,0.067821
1512,0.007499
1513,-0.000329
1514,0.017917
1515,0.023842
1516,-0.017775
1517,-0.091882
1518,-0.077630
1519,-0.076558
1520,-0.006930
1521,-0.001762
1522,0.038844
1523,0.110819
1524,0.054981
1525,0.002066
1526,-0.011149
1527,-0.056115
1528,-0.013438
1529,-0.021598
1530,-0.055193
1531,0.010804
1532,0.027832
1533,0.025917
1534,0.043012
1535,-0.023551
1536,0.011414
1537,0.015591
1538,-0.037964
1539,0.000539
1540,0.037322
1541,0.022213
1542,0.052063
1543,0.037822
1544,-0.020680
1545,-0.003297
1546,-0.021055
1547,-0.066376
1548,-0.028495
1549,0.011875
1550,0.006460
1551,0.006134
1552,0.047553
1553,0.051895
1554,0.039316
1555,0.059969
1556,0.039749
1557,-0.024871
1558,-0.038794
1559,-0.001058
1560,0.001182
1561,-0.055688
1562,-0.057872
1563,-0.048578
1564,-0.035758
1565,-0.022190
1566,0.003564
1567,0.039120
1568,0.045364
1569,0.033539
1570,0.037626
1571,0.007627
1572,0.012176
1573,-0.000345
1574,0.002591
1575,-0.015593
1576,-0.016512
1577,-0.012250
1578,-0.019262
1579,-0.045362
1580,-0.026201
1581,-0.028736
1582,-0.017304
1583,0.046291
1584,0.026326
1585,0.019471
1586,0.016322
1587,-0.043951
1588,-0.037796
1589,-0.031131
1590,0.001167
1591,-0.003339
1592,-0.012452
1593,-0.004176
1594,-0.008006
1595,-0.014772
1596,-0.003512
1597,0.038928
1598,0.028727
1599,0.051588
1600,0.012732
1601,0.008279
1602,-0.014174
1603,-0.000136
1604,0.028548
1605,-0.024751
1606,-0.029802
1607,-0.038139
1608,-0.033474
1609,-0.005817
1610,0.001294
1611,0.015419
1612,0.059976
1613,0.025947
1614,-0.003302
1615,-0.006768
1616,-0.007062
1617,-0.036413
1618,-0.040147
1619,-0.034996
1620,-0.013567
1621,0.045311
1622,0.073684
1623,0.008590
1624,-0.006265
1625,-0.019204
1626,-0.042748
1627,-0.034426
1628,-0.029085
1629,0.013225
1630,0.057819
1631,0.065419
1632,0.005078
1633,0.016936
1634,-0.010888
1635,-0.033081
1636,-0.035470
1637,-0.049169
1638,38.357391
1639,905.632813
1640,574.492859
1641,11.386155
1642,109.849449
1643,5.355274
1644,-3.908034
1645,-16.690031
1646,-45.736488
1647,-26.945080
1648,-5.320541
1649,5.443890
1650,3.475008
1651,4.478294
1652,8.978816
1653,5.617414
1654,4.339559
1655,3.840483
1656,18.719233
1657,28.145487
1658,19.260460
1659,1.218083
1660,-29.175646
1661,-35.850449
1662,-38.135860
1663,-5.629448
1664,31.076313
1665,37.867355
1666,26.957411
1667,-1.017824
1668,-13.440125
1669,1.749214
1670,5.880360
1671,-18.714756
1672,-29.163477
1673,-15.387822
1674,10.033501
1675,-2.356087
1676,-11.910268
1677,-9.546984
1678,0.264538
1679,8.666903
1680,21.287239
1681,30.277191
1682,29.304781
1683,-3.286896
1684,-30.736244
1685,-31.049526
1686,8.089384
1687,28.938351
1688,16.902122
1689,-4.880692
1690,-14.702477
1691,-14.098118
1692,-13.692576
1693,-0.050517
1694,-0.050897
1695,-0.009746
1696,-0.013103
1697,-0.005140
1698,0.074118
1699,0.080325
1700,0.084256
1701,0.003004
1702,-0.007476
1703,-0.037524
1704,-0.070764
1705,-0.020922
1706,0.019832
1707,0.068705
1708,0.079714
1709,0.080887
1710,0.045406
1711,-0.018774
1712,-0.047316
1713,-0.053145
1714,-0.070180
1715,-0.029334
1716,-0.047854
1717,-0.012225
1718,0.017092
1719,0.021211
1720,-0.004804
1721,-0.017366
1722,-0.033163
1723,-0.010586
1724,0.014839
1725,0.054066
1726,0.030583
1727,0.009300
1728,-0.026226
1729,-0.019284
1730,0.006719
1731,-0.000785
1732,-0.003715
1733,0.035155
1734,0.015828
1735,-0.046166
1736,-0.026123
1737,-0.025305
1738,-0.037342
1739,-0.067917
1740,-0.001347
1741,-0.006003
1742,-0.038729
1743,0.016006
1744,0.014742
1745,0.002989
1746,0.004333
1747,0.002320
1748,0.064712
1749,0.049748
1750,0.042092
1751,0.027484
1752,0.030235
1753,0.025694
1754,0.019126
1755,-0.011582
1756,-0.047794
1757,-0.040239
1758,-0.023669
1759,0.017829
1760,0.010071
1761,0.019141
1762,0.035683
1763,0.022546
1764,-0.012202
1765,-0.002735
1766,0.017076
1767,-0.012625
1768,-0.040864
1769,-0.083539
1770,-0.076790
1771,-0.058966
1772,-0.016259
1773,0.026287
1774,0.030216
1775,0.081563
1776,0.030003
1777,0.018269
1778,-0.027736
1779,-0.023897
1780,0.003743
1781,0.012925
1782,0.040015
1783,-0.002396
1784,-0.065224
1785,-0.048291
1786,-0.029025
1787,0.019316
1788,0.035981
1789,-0.002697
1790,0.014368
1791,0.011045
1792,0.030653
1793,0.059614
1794,-0.002785
1795,0.025737
1796,0.032200
1797,-0.017294
1798,-0.056243
1799,-0.082306
1800,-0.031769
1801,-0.052624
1802,-0.040831
1803,0.042329
1804,0.123067
1805,0.134304
1806,0.049970
1807,0.009257
1808,-0.059187
1809,-0.064458
1810,-0.042759
1811,-0.020606
1812,-0.007044
1813,-0.024422
1814,0.013327
1815,0.046994
1816,-0.009535
1817,-0.026158
1818,-0.040748
1819,-0.030492
1820,0.018016
1821,0.030334
1822,0.040750
1823,0.045013
1824,-0.004633
1825,0.011290
1826,0.000833
1827,-0.027325
1828,-0.010019
1829,0.018714
1830,-0.027321
1831,-0.027703
1832,0.025566
1833,-0.005625
1834,-0.008252
1835,0.004398
1836,-0.043165
1837,-0.047599
1838,-0.039357
1839,-0.034163
1840,0.000402
1841,0.049220
1842,0.047692
1843,0.020321
1844,-0.004806
1845,0.005257
1846,-0.007593
1847,0.011348
1848,0.042018
1849,0.058392
1850,0.027840
1851,-0.024305
1852,-0.082806
1853,-0.047229
1854,0.007026
1855,-0.007064
1856,-0.010919
1857,0.011106
1858,-0.004580
1859,-0.031677
1860,-0.038078
1861,-0.000176
1862,0.006238
1863,0.004244
1864,0.008521
1865,0.081402
1866,0.091513
1867,0.085481
1868,0.038010
1869,-0.033533
1870,-0.065978
1871,-0.095144
1872,-0.027744
1873,-0.035306
1874,-0.054435
1875,-0.051018
1876,0.027166
1877,0.007318
1878,0.014549
1879,0.032073
1880,0.013218
1881,-0.003567
1882,0.013085
1883,0.011835
1884,0.028569
1885,0.037844
1886,0.011843
1887,-0.044769
1888,-0.025797
1889,0.026297
1890,0.021908
1891,0.021861
1892,-0.031067
1893,-0.053315
1894,-0.078002
1895,-0.038967
1896,-0.001162
1897,0.033944
1898,0.000835
1899,0.011642
1900,0.048770
1901,0.073720
1902,0.079530
1903,0.029762
1904,-0.012503
1905,-0.038218
1906,-0.069966
1907,-0.071112
1908,-0.008726
1909,0.034831
1910,0.042274
1911,0.031560
1912,0.025597
1913,0.005809
1914,-0.065470
1915,-0.028464
1916,-0.013047
1917,-0.020527
1918,0.001008
1919,0.013017
1920,-0.038478
1921,-0.022055
1922,-0.008780
1923,-0.017068
1924,0.014374
1925,-0.008031
1926,0.027787
1927,0.037056
1928,-0.005045
1929,0.028635
1930,0.038254
1931,0.035942
1932,0.045697
1933,-0.002327
1934,0.003864
1935,-0.019357
1936,-0.063576
1937,-0.089123
1938,-0.041398
1939,-0.055691
1940,-0.005052
1941,0.106408
1942,0.083854
1943,0.038325
1944,-0.000596
1945,-0.000832
1946,0.000430
1947,-0.003468
1948,-0.012269
1949,-0.021876
1950,0.001461
1951,0.013734
1952,-0.014103
1953,-0.063609
1954,-0.056354
1955,-0.015894
1956,-0.005591
1957,0.034472
1958,0.084903
1959,0.048522
1960,0.026477
1961,0.041492
1962,0.004089
1963,-0.045812
1964,-0.071028
1965,-0.057178
1966,-0.000998
1967,0.067978
1968,0.076563
1969,0.061669
1970,-0.014560
1971,-0.032002
1972,-0.069414
1973,-0.074648
1974,-0.011362
1975,-0.031857
1976,-0.051988
1977,-0.011044
1978,0.045460
1979,0.050257
1980,0.016327
1981,-0.017170
1982,-0.027445
1983,-0.025879
1984,-0.022910
1985,0.022988
1986,0.048041
1987,0.060907
1988,0.051521
1989,0.027187
1990,-0.028337
1991,-0.044525
1992,-0.031379
1993,-0.066277
1994,-0.047846
1995,0.004531
1996,0.010434
1997,-0.007988
1998,0.019190
1999,0.070810
2000,0.039011
2001,0.009119
2002,0.016034
2003,0.031235
2004,0.044967
2005,0.009715
2006,0.033550
2007,-0.044775
2008,-0.080818
2009,-0.069443
2010,-0.055494
2011,0.053169
2012,0.019563
2013,0.005898
2014,-0.009326
2015,-0.072135
2016,-0.042383
2017,0.047696
2018,0.077626
2019,0.030187
2020,0.005966
2021,0.015245
2022,-0.009054
2023,-0.029742
2024,-0.022793
2025,-0.035399
2026,-0.031269
2027,-0.000221
2028,0.011670
2029,0.025641
2030,-0.004199
2031,-0.027590
2032,-0.004966
2033,-0.003327
2034,0.012653
2035,0.021887
2036,0.036651
2037,0.016424
2038,-0.041953
2039,-0.029111
2040,0.010589
2041,0.003020
2042,-0.007134
2043,0.015206
2044,-0.002535
2045,-0.019984
2046,0.015460
2047,0.012614
2048,-0.010960
2049,-0.032718
2050,0.037131
2051,0.033085
2052,0.018072
2053,0.020769
2054,0.004759
2055,0.000710
2056,0.010308
2057,-0.002198
2058,-0.015992
2059,-0.036083
2060,-0.050367
2061,-0.054586
2062,-0.003275
2063,0.035942
2064,0.061497
2065,0.034381
2066,0.016243
2067,0.045551
2068,0.003587
2069,-0.037099
2070,-0.053901
2071,-0.069147
2072,-0.085698
2073,-0.036523
2074,0.072462
2075,0.057653
2076,0.052076
2077,0.066594
2078,0.031494
2079,0.002434
2080,-0.011017
2081,-0.054692
2082,-0.043425
2083,-0.047659
2084,-0.032906
2085,0.014048
2086,0.041656
2087,0.032285
2088,-0.007002
2089,0.018468
2090,0.024482
2091,0.026066
2092,0.026545
2093,0.015255
2094,0.005155
2095,-0.041574
2096,-0.149139
2097,-0.090937
2098,0.016512
2099,0.039081
2100,0.040279
2101,0.053246
2102,0.040562
2103,0.049387
2104,0.018181
2105,-0.011003
2106,-0.010901
2107,0.021968
2108,-0.023609
2109,-0.063566
2110,-0.058627
2111,-0.005946
2112,0.004682
2113,0.037056
2114,0.062350
2115,0.043595
2116,-0.016246
2117,-0.081711
2118,-0.084989
2119,-0.057539
2120,0.047690
2121,0.095539
2122,0.051715
2123,-0.003074
2124,-0.039798
2125,-0.036139
2126,0.017876
2127,0.034583
2128,0.069712
2129,0.004195
2130,0.017151
2131,0.006493
2132,-0.038693
2133,-0.064603
2134,-0.043225
2135,-0.003060
2136,0.005671
2137,-0.026267
2138,-0.022800
2139,-0.001418
2140,0.034208
2141,0.052123
2142,0.041192
2143,-0.005418
2144,-0.051676
2145,-0.043094
2146,-0.008061
2147,-0.003063
2148,0.030147
2149,0.017459
2150,-0.022282
2151,-0.012822
2152,-0.037296
2153,0.007897
2154,0.034621
2155,0.040987
2156,0.058862
2157,0.027926
2158,-0.067465
2159,-0.064622
2160,-0.016122
2161,0.033233
2162,0.025364
2163,-0.000843
2164,0.016707
2165,0.037594
2166,0.016029
2167,0.021083
2168,-0.000423
2169,-0.057268
2170,-0.040751
2171,-0.021015
2172,-0.053989
2173,0.014058
2174,0.024172
2175,0.043446
2176,0.027945
2177,-0.019853
2178,-0.011104
2179,-0.007366
2180,-0.051141
2181,-0.002902
2182,-0.039962
2183,-0.042882
2184,-0.000331
2185,0.022154
2186,0.032769
2187,0.019423
2188,0.065053
2189,0.051673
2190,-0.008169
2191,-0.003168
2192,-0.020511
2193,-0.036576
2194,-0.022279
2195,-0.028123
2196,0.012234
2197,0.009193
2198,-0.012992
2199,-0.016433
2200,-0.013223
2201,-0.007158
2202,0.021816
2203,0.014684
2204,-0.005177
2205,0.046065
2206,0.081264
2207,0.076170
2208,0.045183
2209,-0.027466
2210,-0.059899
2211,-0.057898
2212,-0.022323
2213,-0.006789
2214,0.011560
2215,-0.011951
2216,-0.034051
2217,0.026207
2218,-0.001024
2219,0.014568
2220,0.064008
2221,0.042454
2222,-0.005199
2223,-0.031359
2224,-0.048149
2225,-0.059520
2226,-0.045133
2227,-0.013604
2228,0.024866
2229,-0.019806
2230,-0.016919
2231,-0.004470
2232,0.031699
2233,0.042915
2234,0.013325
2235,0.031541
2236,0.071157
2237,0.016491
2238,-0.018855
2239,-0.060668
2240,-0.056980
2241,-0.088043
2242,-0.069294
2243,-0.023726
2244,0.016202
2245,0.016337
2246,0.086003
2247,0.109319
2248,0.076418
2249,0.026451
2250,-0.021052
2251,-0.051435
2252,-0.017844
2253,-0.018343
2254,-0.025387
2255,-0.050626
2256,-0.008963
2257,0.058133
2258,0.028726
2259,-0.007220
2260,-0.014378
2261,-0.015168
2262,0.026567
2263,0.037031
2264,0.015587
2265,-0.010398
2266,-0.013687
2267,-0.033939
2268,-0.055660
2269,-0.043905
2270,-0.053001
2271,0.008227
2272,0.044005
2273,0.043227
2274,-0.006835
2275,0.007838
2276,0.005864
2277,0.010398
2278,0.029380
2279,-0.006142
2280,-0.039537
2281,-0.057816
2282,-0.052818
2283,-0.043916
2284,-0.002409
2285,-0.024451
2286,0.007187
2287,-0.014387
2288,0.020219
2289,0.072456
2290,0.040866
2291,-0.008068
2292,0.021861
2293,0.006417
2294,0.024614
2295,-0.005198
2296,0.025363
2297,0.074200
2298,0.053771
2299,0.080321
2300,0.036020
2301,-0.071906
2302,-0.086358
2303,-0.075243
2304,-0.069224
2305,-0.021622
2306,0.025891
2307,0.072901
2308,0.019509
2309,-0.009742
2310,-0.018216
2311,-0.001603
2312,0.045124
2313,0.009897
2314,0.030549
2315,0.022872
2316,-0.052553
2317,-0.075445
2318,-0.017787
2319,-0.024423
2320,0.014053
2321,0.076616
2322,0.032747
2323,-0.053460
2324,-0.095589
2325,-0.120176
2326,-0.099608
2327,-0.043481
2328,-0.007223
2329,0.077029
2330,0.129009
2331,0.088710
2332,0.008280
2333,-0.010987
2334,-0.017165
2335,0.013575
2336,0.016515
2337,0.043501
2338,0.077343
2339,0.057235
2340,-0.014787
2341,-0.042028
2342,-0.055880
2343,0.058356
2344,0.035891
2345,0.020796
2346,-0.023154
2347,-0.050033
2348,-0.080511
2349,-0.105886
2350,-0.012416
2351,0.095758
2352,0.149241
2353,0.060192
2354,0.000998
2355,-0.072334
2356,-0.066736
2357,0.008412
2358,0.030957
2359,0.043779
2360,0.051367
2361,0.027528
2362,-0.021148
2363,-0.061788
2364,-0.053701
2365,-0.003911
2366,0.005646
2367,0.001738
2368,-0.024489
2369,0.021768
2370,0.026729
2371,0.063672
2372,0.062530
2373,0.007501
2374,-0.016867
2375,-0.028567
2376,-0.050227
2377,-0.050978
2378,-0.055593
2379,-0.043727
2380,0.006876
2381,-0.035153
2382,0.001208
2383,0.051060
2384,-0.016970
2385,-0.037295
2386,-0.001211
2387,0.030485
2388,0.029558
2389,0.040222
2390,0.076515
2391,0.019809
2392,56.027061
2393,963.110474
2394,551.271912
2395,12.120890
2396,162.592926
2397,38.772095
2398,41.348763
2399,15.286684
2400,10.394297
2401,13.668899
2402,14.535096
2403,9.065789
2404,-9.642015
2405,-19.581774
2406,-34.350933
2407,-16.802116
2408,3.028053
2409,21.495472
2410,19.568848
2411,7.453885
2412,-4.721337
2413,-20.981293
2414,-8.103252
2415,-6.453004
2416,1.557624
2417,0.596787
2418,-14.987535
2419,-21.910179
2420,2.771839
2421,14.580187
2422,34.849148
2423,38.732090
2424,32.159100
2425,1.001073
2426,-46.090000
2427,-54.760124
2428,-37.277355
2429,-5.488204
2430,26.204506
2431,38.833050
2432,56.366920
2433,27.397240
2434,2.960927
2435,-35.472164
2436,-65.485519
2437,-59.094063
2438,-37.629070
2439,8.347716
2440,53.736034
2441,66.807625
2442,39.152458
2443,13.531822
2444,-1.654874
2445,-28.644815
2446,-48.357021
2447,-0.073366
2448,-0.044279
2449,0.016890
2450,0.016682
2451,0.047945
2452,0.097173
2453,0.048004
2454,-0.004412
2455,-0.016177
2456,-0.007472
2457,0.012520
2458,0.023622
2459,-0.028351
2460,-0.054269
2461,-0.056801
2462,-0.063919
2463,-0.034545
2464,-0.045164
2465,-0.022051
2466,0.008283
2467,-0.009622
2468,0.030920
2469,0.070757
2470,0.091214
2471,0.097246
2472,0.005428
2473,-0.008559
2474,0.004854
2475,-0.051092
2476,-0.047082
2477,-0.063813
2478,-0.026495
2479,-0.034041
2480,-0.029176
2481,0.008519
2482,0.049946
2483,0.062993
2484,0.094579
2485,0.032870
2486,-0.072420
2487,-0.040419
2488,-0.061379
2489,-0.083189
2490,-0.051194
2491,-0.016731
2492,0.007219
2493,0.058813
2494,0.087847
2495,0.050514
2496,58.529476
2497,971.038452
2498,548.068970
2499,12.222233
2500,168.341629
2501,-58.765194
2502,-20.034004
2503,39.990730
2504,61.253994
2505,34.088642
2506,-10.171526
2507,-44.311199
2508,-47.508347
2509,-23.275229
2510,4.401863
2511,7.712731
2512,15.017749
2513,37.434963
2514,41.930752
2515,28.566332
2516,-6.743179
2517,-32.242054
2518,-19.060316
2519,-7.819555
2520,10.221745
2521,19.137913
2522,5.722608
2523,-18.180916
2524,-30.128325
2525,-9.073031
2526,22.826387
2527,21.569294
2528,26.624874
2529,5.340158
2530,-27.364994
2531,-45.841240
2532,-20.893938
2533,-1.522921
2534,20.411663
2535,25.629984
2536,16.159966
2537,-10.592533
2538,-22.056606
2539,-15.006804
2540,3.307225
2541,-10.310976
2542,-23.186531
2543,-26.613899
2544,-4.829482
2545,35.323025
2546,60.928459
2547,65.374924
2548,37.802181
2549,-3.010215
2550,-26.557951
2551,-0.014488
2552,0.003296
2553,0.026946
2554,0.021128
2555,-0.014732
2556,-0.040928
2557,-0.025332
2558,-0.047153
2559,-0.061462
2560,-0.072055
2561,-0.041207
2562,0.016664
2563,0.073783
2564,0.082774
2565,0.064128
2566,0.045633
2567,-0.003173
2568,-0.022313
2569,-0.031011
2570,-0.044360
2571,0.011674
2572,-0.012960
2573,-0.004749
2574,0.015315
2575,-0.028375
2576,-0.030239
2577,-0.038657
2578,-0.025035
2579,0.037587
2580,0.071738
2581,-0.037912
2582,-0.000701
2583,0.015404
2584,-0.018826
2585,-0.030010
2586,0.000943
2587,0.000290
2588,-0.017191
2589,-0.042911
2590,-0.037724
2591,0.038211
2592,0.070780
2593,0.103128
2594,0.028395
2595,-0.001402
2596,-0.017460
2597,-0.017295
2598,0.005308
2599,0.023628
2600,-0.026828
2601,0.023061
2602,0.019653
2603,0.034012
2604,0.017102
2605,0.012324
2606,-0.035142
2607,-0.011778
2608,-0.018659
2609,-0.020842
2610,-0.029959
2611,-0.040070
2612,-0.040205
2613,0.011454
2614,0.063091
2615,0.041646
2616,0.056257
2617,0.037842
2618,-0.036531
2619,-0.068907
2620,-0.041251
2621,-0.018741
2622,-0.058032
2623,-0.010673
2624,0.019396
2625,0.025462
2626,0.001075
2627,0.043931
2628,0.060496
2629,-0.005017
2630,-0.010204
2631,0.012580
2632,-0.027278
2633,-0.054883
2634,-0.013644
2635,0.020158
2636,-0.001236
2637,0.003670
2638,-0.010271
2639,-0.054042
2640,-0.072179
2641,-0.040484
2642,0.011764
2643,0.041582
2644,0.104771
2645,0.066042
2646,-0.013845
2647,-0.007937
2648,-0.013267
2649,-0.007120
2650,0.022305
2651,-0.011225
2652,-0.046920
2653,-0.022279
2654,-0.017281
2655,-0.063387
2656,0.008559
2657,0.029195
2658,0.037051
2659,0.060567
2660,0.080295
2661,0.021317
2662,-0.000875
2663,0.018749
2664,0.019073
2665,0.033379
2666,0.022551
2667,-0.029505
2668,-0.041546
2669,-0.088228
2670,-0.049311
2671,-0.021965
2672,-0.013889
2673,-0.012367
2674,-0.041761
2675,-0.034659
2676,-0.029395
2677,0.040038
2678,0.075629
2679,0.048312
2680,0.031630
2681,0.002129
2682,0.013636
2683,0.010395
2684,0.025696
2685,-0.013472
2686,-0.039681
2687,-0.046255
2688,-0.026244
2689,-0.035827
2690,-0.019757
2691,0.023330
2692,0.101907
2693,0.114830
2694,0.072543
2695,0.009859
2696,-0.083319
2697,-0.088915
2698,-0.076237
2699,-0.034532
2700,-0.002326
2701,-0.031900
2702,-0.019896
2703,0.037008
2704,0.091703
2705,0.089442
2706,0.046151
2707,-0.004161
2708,-0.039625
2709,-0.081470
2710,-0.071533
2711,-0.022847
2712,-0.008042
2713,0.025526
2714,0.053915
2715,0.028206
2716,0.012101
2717,-0.000615
2718,-0.021938
2719,0.017447
2720,-0.014100
2721,-0.034002
2722,-0.055161
2723,-0.083067
2724,-0.060154
2725,0.064474
2726,0.103266
2727,0.003929
2728,-0.023015
2729,-0.044596
2730,-0.022281
2731,0.011706
2732,0.048094
2733,0.059198
2734,0.015441
2735,-0.020379
2736,-0.021681
2737,-0.009400
2738,0.014876
2739,-0.001388
2740,0.021723
2741,0.075603
2742,0.066478
2743,-0.012379
2744,-0.049044
2745,-0.081118
2746,-0.042583
2747,-0.024481
2748,-0.027671
2749,-0.007067
2750,0.036817
2751,0.096531
2752,0.089219
2753,0.030935
2754,-0.023222
2755,-0.021807
2756,-0.007838
2757,-0.042154
2758,-0.047879
2759,-0.061069
2760,-0.025455
2761,-0.025365
2762,-0.037199
2763,0.008813
2764,-0.001020
2765,0.021628
2766,0.046473
2767,0.052992
2768,0.052618
2769,0.029855
2770,0.008913
2771,-0.018635
2772,-0.035790
2773,0.010128
2774,-0.005704
2775,-0.002311
2776,-0.043164
2777,-0.065896
2778,-0.050821
2779,-0.004933
2780,-0.024920
2781,-0.029525
2782,0.008047
2783,0.009856
2784,0.055356
2785,0.053876
2786,0.067356
2787,0.020915
2788,0.006190
2789,0.023931
2790,0.028743
2791,0.010407
2792,0.062460
2793,0.041326
2794,-0.060198
2795,-0.093757
2796,-0.107131
2797,-0.067128
2798,-0.040860
2799,-0.020182
2800,0.013572
2801,-0.018285
2802,-0.010583
2803,0.016572
2804,0.030942
2805,0.033035
2806,-0.001918
2807,-0.042850
2808,-0.067912
2809,-0.005498
2810,0.001830
2811,0.019366
2812,0.026645
2813,0.054282
2814,0.047113
2815,0.012074
2816,0.004165
2817,-0.022984
2818,0.001116
2819,0.016421
2820,0.031040
2821,0.016910
2822,-0.036436
2823,-0.044474
2824,-0.007191
2825,-0.054521
2826,-0.056466
2827,0.040134
2828,0.007391
2829,-0.047532
2830,-0.007588
2831,0.030360
2832,0.022655
2833,0.021259
2834,0.004403
2835,0.011769
2836,0.028078
2837,-0.061253
2838,-0.069703
2839,-0.056838
2840,-0.006454
2841,0.019798
2842,0.024894
2843,0.003384
2844,-0.017333
2845,0.007932
2846,-0.003678
2847,0.059298
2848,0.080425
2849,0.050031
2850,0.031003
2851,-0.007213
2852,-0.046707
2853,-0.043596
2854,-0.019120
2855,0.012984
2856,0.017882
2857,-0.007514
2858,-0.037296
2859,-0.071080
2860,-0.044231
2861,-0.012071
2862,-0.014090
2863,-0.000812
2864,0.006044
2865,0.024145
2866,0.035844
2867,0.015216
2868,-0.028141
2869,0.009977
2870,0.026226
2871,0.040422
2872,0.009567
2873,-0.002737
2874,0.023767
2875,0.014193
2876,-0.029204
2877,-0.013533
2878,-0.025894
2879,-0.025944
2880,0.034320
2881,0.028050
2882,-0.026110
2883,-0.040204
2884,-0.073283
2885,0.000729
2886,0.015224
2887,0.006490
2888,-0.000831
2889,-0.013557
2890,0.043396
2891,0.043797
2892,0.065813
2893,0.026607
2894,-0.003475
2895,0.000847
2896,-0.039022
2897,-0.043038
2898,-0.016750
2899,-0.030906
2900,-0.064619
2901,-0.058346
2902,-0.042666
2903,-0.016593
2904,0.016536
2905,-0.011739
2906,-0.002917
2907,0.028196
2908,0.027693
2909,0.086392
2910,0.072186
2911,0.054033
2912,0.062379
2913,0.041559
2914,-0.000239
2915,-0.057852
2916,-0.081112
2917,-0.038997
2918,-0.032615
2919,-0.026437
2920,0.006148
2921,0.018387
2922,-0.015555
2923,-0.053497
2924,-0.017578
2925,-0.017374
2926,-0.005010
2927,0.087419
2928,0.099627
2929,0.082887
2930,0.022885
2931,-0.050559
2932,-0.117108
2933,-0.115967
2934,-0.057518
2935,-0.004269
2936,0.009493
2937,0.035165
2938,-0.012997
2939,-0.030908
2940,0.009439
2941,0.044405
2942,0.038112
2943,0.032853
2944,0.101581
2945,0.046206
2946,0.035971
2947,-0.005094
2948,-0.070950
2949,-0.081809
2950,-0.071683
2951,-0.044000
2952,-0.048162
2953,-0.032103
2954,0.015917
2955,0.056445
2956,0.051941
2957,0.023166
2958,0.027794
2959,0.036170
2960,0.020919
2961,0.011020
2962,0.000586
2963,-0.045515
2964,-0.019260
2965,0.014233
2966,-0.005674
2967,-0.008990
2968,-0.004849
2969,-0.012734
2970,-0.008988
2971,0.019039
2972,0.073801
2973,0.063261
2974,0.034525
2975,0.021748
2976,0.015132
2977,-0.082668
2978,-0.158708
2979,-0.072618
2980,0.017237
2981,0.059085
2982,0.090725
2983,-0.012963
2984,-0.063872
2985,-0.043024
2986,-0.086636
2987,-0.039308
2988,0.054212
2989,0.077406
2990,0.077609
2991,0.048377
2992,-0.020146
2993,0.007325
2994,-0.001149
2995,0.003277
2996,-0.032407
2997,-0.036613
2998,0.000594
2999,0.028834
3000,-0.009105
3001,-0.046299
3002,-0.059125
3003,-0.006541
3004,0.048429
3005,0.075877
3006,0.062962
3007,0.004106
3008,0.014503
3009,0.010764
3010,-0.013655
3011,-0.034224
3012,-0.070080
3013,-0.035773
3014,-0.057605
3015,-0.058309
3016,-0.016280
3017,0.011208
3018,0.051637
3019,0.008170
3020,-0.011903
3021,0.001552
3022,0.006984
3023,0.054788
3024,0.077015
3025,0.052644
3026,-0.023957
3027,-0.058238
3028,-0.056644
3029,-0.005917
3030,0.022623
3031,-0.031803
3032,-0.062521
3033,-0.033918
3034,-0.020473
3035,-0.027538
3036,-0.009646
3037,-0.024692
3038,0.036423
3039,0.064417
3040,0.042677
3041,0.052361
3042,0.051247
3043,0.041050
3044,0.002027
3045,-0.008525
3046,0.006683
3047,-0.054841
3048,-0.073972
3049,-0.025846
3050,-0.013800
3051,-0.002654
3052,0.013497
3053,0.017448
3054,0.020103
3055,0.047431
3056,0.018750
3057,-0.010266
3058,0.008840
3059,-0.033540
3060,-0.087534
3061,-0.034991
3062,-0.017522
3063,0.021789
3064,0.029982
3065,0.049427
3066,0.014292
3067,-0.030224
3068,-0.043081
3069,-0.017256
3070,0.015310
3071,0.045114
3072,0.041269
3073,0.013216
3074,-0.004353
3075,-0.037357
3076,-0.029389
3077,-0.048417
3078,0.013642
3079,-0.008084
3080,-0.041537
3081,0.029936
3082,0.066681
3083,0.021202
3084,0.017377
3085,0.043404
3086,0.056505
3087,0.010025
3088,-0.043678
3089,-0.042578
3090,-0.044505
3091,-0.045755
3092,-0.001795
3093,0.026610
3094,-0.003217
3095,-0.010101
3096,0.005866
3097,0.013554
3098,-0.052633
3099,-0.018460
3100,0.027356
3101,0.036235
3102,0.092679
3103,0.110402
3104,0.056254
3105,-0.023598
3106,-0.098333
3107,-0.104573
3108,-0.100547
3109,-0.059643
3110,0.012007
3111,0.002123
3112,0.016168
3113,0.058661
3114,0.039508
3115,-0.008535
3116,0.033506
3117,0.017899
3118,-0.045653
3119,-0.076640
3120,-0.054188
3121,-0.019142
3122,0.047745
3123,0.071155
3124,0.021077
3125,0.021318
3126,-0.021887
3127,-0.005344
3128,-0.002472
3129,-0.024588
3130,0.028141
3131,-0.007818
3132,-0.001766
3133,-0.041322
3134,-0.053357
3135,-0.043685
3136,0.011259
3137,0.091455
3138,0.101415
3139,0.069535
3140,0.039551
3141,0.035704
3142,-0.007714
3143,-0.039527
3144,-0.068639
3145,-0.041185
3146,0.012115
3147,0.049597
3148,-0.012887
3149,-0.030807
3150,0.002694
3151,-0.003760
3152,-0.055061
3153,-0.042413
3154,-0.068358
3155,-0.027179
3156,-0.019811
3157,-0.010299
3158,0.052264
3159,0.024248
3160,-0.023119
3161,0.009758
3162,0.050272
3163,0.039769
3164,0.059694
3165,0.046499
3166,-0.002968
3167,-0.008700
3168,-0.015931
3169,-0.053440
3170,-0.074615
3171,-0.052212
3172,-0.009584
3173,0.024214
3174,0.052424
3175,0.055331
3176,0.018632
3177,-0.016153
3178,-0.012626
3179,0.008052
3180,0.042984
3181,-0.001604
3182,-0.047562
3183,-0.006426
3184,0.004954
3185,0.031469
3186,0.012841
3187,0.026924
3188,0.057018
3189,-0.018125
3190,-0.063578
3191,-0.055844
3192,-0.088202
3193,-0.064346
3194,-0.001735
3195,0.035391
3196,0.028575
3197,-0.000673
3198,0.018033
3199,0.081419
3200,0.057113
3201,-0.013895
3202,-0.000250
3203,-0.000579
3204,-0.007300
3205,-0.031955
3206,-0.046307
3207,-0.071880
3208,-0.014060
3209,0.002968
3210,-0.015972
3211,-0.018256
3212,0.012312
3213,-0.002848
3214,0.027014
3215,0.055379
3216,0.018119
3217,-0.013582
3218,0.022019
3219,0.008947
3220,0.012466
3221,0.007920
3222,-0.013025
3223,-0.031174
3224,-0.030563
3225,0.027590
3226,0.049183
3227,0.014438
3228,-0.008999
3229,-0.006561
3230,0.000241
3231,-0.008904
3232,-0.004687
3233,-0.011657
3234,0.001223
3235,0.012096
3236,0.009725
3237,-0.013139
3238,-0.021898
3239,0.023396
3240,0.033479
3241,-0.024904
3242,-0.038284
3243,-0.062408
3244,-0.017333
3245,0.023964
3246,0.009488
3247,0.002206
3248,-0.034910
3249,0.002156
3250,0.054590
3251,0.026978
3252,0.039782
3253,0.026481
3254,-0.013965
3255,-0.029390
3256,-0.013924
3257,-0.027190
3258,-0.011394
3259,-0.004859
3260,-0.029692
3261,0.010447
3262,0.059966
3263,0.035352
3264,0.069056
3265,0.027023
3266,0.015711
3267,0.015925
3268,-0.039791
3269,-0.086579
3270,-0.053345
3271,0.004128
3272,-0.018131
3273,-0.018681
3274,-0.009548
3275,-0.049119
3276,-0.027153
3277,0.007430
3278,0.009868
3279,0.057504
3280,0.047708
3281,0.028024
3282,-0.003029
3283,-0.007150
3284,-0.017983
3285,0.014973
3286,-0.048536
3287,-0.045566
3288,0.002898
3289,-0.000934
3290,-0.008541
3291,-0.009844
3292,0.054668
3293,0.042800
3294,-0.048781
3295,-0.031604
3296,-0.049429
3297,-0.026845
3298,0.025018
3299,0.072907
3300,0.054061
3301,0.058705
3302,0.019263
3303,-0.024505
3304,-0.024974
3305,-0.051611
3306,-0.051659
3307,0.000850
3308,0.050736
3309,0.023844
3310,0.020447
3311,-0.062458
3312,-0.050954
3313,-0.017569
3314,-0.016706
3315,0.039419
3316,0.066473
3317,0.021674
3318,-0.030896
3319,-0.010642
3320,0.014946
3321,-0.003966
3322,0.000984
3323,0.012916
3324,-0.009394
3325,0.004964
3326,0.016243
3327,-0.010328
3328,-0.010777
3329,-0.015797
3330,-0.012468
3331,-0.033079
3332,-0.013809
3333,0.008146
3334,0.014007
3335,0.002285
3336,-0.023147
3337,0.044018
3338,0.074102
3339,0.038644
3340,0.026070
3341,-0.051867
3342,-0.062374
3343,-0.003965
3344,0.024240
3345,0.008631
3346,-0.045993
3347,0.000722
3348,0.058645
3349,0.018865
3350,-0.006364
3351,-0.012229
3352,-0.017199
3353,-0.024334
3354,0.026189
3355,0.029794
3356,-0.002342
3357,-0.015609
3358,-0.028743
3359,-0.013118
3360,-0.040715
3361,-0.063857
3362,-0.006267
3363,0.007338
3364,-0.003465
3365,-0.010242
3366,-0.031231
3367,-0.012870
3368,0.050839
3369,0.066866
3370,0.079797
3371,0.032868
3372,0.009001
3373,-0.023791
3374,-0.050563
3375,-0.038929
3376,-0.033228
3377,0.007726
3378,0.024972
3379,0.010127
3380,0.019330
3381,0.027326
3382,0.009931
3383,0.007551
3384,-0.029949
3385,-0.029146
3386,0.045722
3387,0.009253
3388,-0.014846
3389,-0.040833
3390,-0.061438
3391,-0.044250
3392,-0.051699
3393,0.008012
3394,0.055291
3395,0.083908
3396,0.066172
3397,0.051634
3398,0.015691
3399,-0.039699
3400,-0.058594
3401,-0.062072
3402,-0.037072
3403,0.008502
3404,-0.006303
3405,0.012778
3406,0.003847
3407,-0.033853
3408,0.017738
3409,0.016950
3410,0.004260
3411,0.005403
3412,0.018930
3413,-0.035434
3414,-0.001339
3415,0.069149
3416,0.021435
3417,-0.001580
3418,-0.052085
3419,-0.080478
3420,-0.059892
3421,-0.014815
3422,0.021250
3423,0.033733
3424,0.051086
3425,0.069129
3426,0.039220
3427,0.044405
3428,-0.006011
3429,-0.047765
3430,-0.029523
3431,-0.057416
3432,-0.017643
3433,-0.031462
3434,-0.006328
3435,-0.012064
3436,0.013005
3437,0.057281
3438,0.040368
3439,0.010581
3440,0.017574
3441,0.011535
3442,0.015112
3443,-0.022977
3444,0.003934
3445,-0.012246
3446,-0.030900
3447,-0.061814
3448,-0.059533
3449,-0.032603
3450,80.856995
3451,1043.762207
3452,518.688599
3453,13.151857
3454,229.398132
3455,-27.205305
3456,-27.183428
3457,-29.347973
3458,-12.742067
3459,-8.083419
3460,26.063976
3461,31.326105
3462,20.792992
3463,14.673062
3464,-8.946695
3465,-32.214443
3466,-23.047466
3467,-1.107866
3468,-8.887416
3469,-11.126784
3470,-11.404355
3471,14.278975
3472,48.618847
3473,45.007935
3474,34.944084
3475,9.066384
3476,-42.935760
3477,-54.973682
3478,-31.775162
3479,-2.858830
3480,12.977342
3481,26.366575
3482,15.874600
3483,-1.271563
3484,-23.357628
3485,-32.559914
3486,-19.276121
3487,2.142652
3488,13.998085
3489,23.974129
3490,17.860430
3491,11.787643
3492,7.261234
3493,9.981163
3494,20.731266
3495,4.733005
3496,-10.697329
3497,-33.027203
3498,-27.133089
3499,-11.799299
3500,-10.523147
3501,-16.058340
3502,-7.561629
3503,14.190159
3504,26.743111
3505,0.036531
3506,0.079812
3507,0.054398
3508,-0.047113
3509,-0.052669
3510,0.009020
3511,0.045505
3512,0.092315
3513,0.070277
3514,0.041505
3515,0.019782
3516,-0.044244
3517,-0.113282
3518,-0.095514
3519,-0.073399
3520,-0.038226
3521,0.039007
3522,0.069291
3523,0.065686
3524,0.069256
3525,0.025716
3526,0.030102
3527,-0.010008
3528,-0.014830
3529,-0.062672
3530,-0.089214
3531,-0.108841
3532,-0.091628
3533,0.001642
3534,-0.006272
3535,0.068097
3536,0.106422
3537,0.065993
3538,0.049940
3539,0.020219
3540,0.026832
3541,0.014125
3542,-0.030004
3543,-0.001516
3544,0.065626
3545,-0.000655
3546,-0.094594
3547,-0.034919
3548,0.003259
3549,-0.062682
3550,-0.035597
3551,-0.030412
3552,-0.070787
3553,-0.026867
3554,-0.008512
3555,0.037901
3556,0.103023
3557,0.063985
3558,0.035723
3559,-0.033606
3560,-0.065901
3561,-0.044369
3562,0.000221
3563,0.078250
3564,0.071018
3565,0.072490
3566,0.030407
3567,-0.036878
3568,-0.071162
3569,-0.078721
3570,-0.029729
3571,0.014230
3572,0.024129
3573,0.007845
3574,0.008547
3575,0.012536
3576,-0.025768
3577,-0.083818
3578,-0.010767
3579,0.005575
3580,0.024357
3581,0.095935
3582,0.114174
3583,0.017428
3584,-0.001292
3585,-0.061427
3586,-0.040311
3587,-0.031727
3588,-0.010464
3589,0.049732
3590,0.004928
3591,-0.062914
3592,-0.062638
3593,-0.070831
3594,-0.026968
3595,0.039026
3596,0.037169
3597,0.042175
3598,0.072390
3599,0.039805
3600,0.026381
3601,-0.047470
3602,-0.033233
3603,-0.028196
3604,-0.079803
3605,-0.040325
3606,-0.032153
3607,0.033871
3608,0.057365
3609,0.021415
3610,0.030875
3611,-0.020431
3612,-0.004958
3613,0.043889
3614,-0.009282
3615,-0.018631
3616,0.027545
3617,0.031286
3618,0.007638
3619,-0.010498
3620,-0.054068
3621,-0.013115
3622,0.043042
3623,0.057501
3624,0.037949
3625,0.017652
3626,0.002286
3627,-0.041147
3628,-0.008243
3629,0.016122
3630,-0.049283
3631,-0.027477
3632,-0.049362
3633,-0.092805
3634,-0.093717
3635,-0.024033
3636,0.045489
3637,0.083311
3638,0.076322
3639,0.083053
3640,0.053316
3641,0.023519
3642,0.008371
3643,-0.013168
3644,-0.005357
3645,-0.012319
3646,-0.057989
3647,-0.083324
3648,-0.087317
3649,-0.056384
3650,0.038452
3651,0.043502
3652,0.022909
3653,0.003258
3654,85.680817
3655,1059.313232
3656,512.406006
3657,13.350645
3658,239.980911
3659,-26.265511
3660,15.296183
3661,31.425608
3662,26.798552
3663,25.517771
3664,9.187888
3665,16.549225
3666,9.524202
3667,0.315397
3668,8.076164
3669,2.699703
3670,-7.837031
3671,-18.205524
3672,-16.243156
3673,-5.434930
3674,9.572576
3675,7.765060
3676,11.243258
3677,4.980116
3678,-17.598761
3679,-31.265997
3680,-15.996266
3681,17.272484
3682,27.158726
3683,20.772364
3684,-1.949770
3685,-19.041710
3686,-24.930462
3687,-16.013298
3688,-8.865676
3689,11.383730
3690,26.815182
3691,7.960023
3692,-9.171950
3693,-13.161448
3694,15.866182
3695,30.954458
3696,20.823069
3697,9.115514
3698,9.140820
3699,-15.058566
3700,-28.456837
3701,-30.621185
3702,-14.968524
3703,-12.967289
3704,-11.029017
3705,-5.488711
3706,27.746647
3707,36.134346
3708,10.694308
3709,0.026678
3710,-0.008304
3711,0.003601
3712,0.012498
3713,-0.002231
3714,0.023382
3715,-0.020795
3716,-0.010154
3717,0.010671
3718,0.022468
3719,0.028078
3720,0.021873
3721,0.064737
3722,0.011837
3723,-0.002360
3724,-0.037637
3725,-0.029300
3726,0.009151
3727,-0.013908
3728,-0.013941
3729,-0.069326
3730,-0.100853
3731,-0.097667
3732,-0.043593
3733,-0.015720
3734,0.014501
3735,0.081971
3736,0.084976
3737,0.090331
3738,0.110544
3739,0.096772
3740,0.029240
3741,-0.029832
3742,-0.103964
3743,-0.120947
3744,-0.081034
3745,-0.020161
3746,0.016893
3747,0.030471
3748,0.028908
3749,0.021309
3750,0.014473
3751,-0.036341
3752,-0.030045
3753,-0.067842
3754,-0.057945
3755,-0.009253
3756,0.065659
3757,0.063939
3758,0.024506
3759,0.013684
3760,-0.015540
3761,0.012694
3762,0.040655
3763,0.029107
3764,0.018794
3765,-0.000503
3766,0.002725
3767,0.019089
3768,-0.022663
3769,-0.046722
3770,-0.028886
3771,-0.031542
3772,-0.013101
3773,-0.007068
3774,-0.001996
3775,0.042702
3776,0.011690
3777,0.027384
3778,0.017090
3779,-0.017874
3780,-0.001262
3781,0.014874
3782,-0.008072
3783,-0.007346
3784,-0.013556
3785,-0.053162
3786,-0.064302
3787,-0.058910
3788,-0.002081
3789,0.081353
3790,0.089196
3791,0.059492
3792,0.080734
3793,0.000401
3794,-0.044904
3795,-0.029607
3796,-0.012463
3797,0.002363
3798,0.002123
3799,-0.018429
3800,0.014350
3801,0.020290
3802,0.052398
3803,0.005716
3804,-0.067390
3805,-0.095982
3806,-0.105259
3807,-0.075843
3808,-0.009766
3809,0.029781
3810,0.046435
3811,0.043986
3812,0.019700
3813,0.045407
3814,0.013178
3815,-0.005462
3816,0.039255
3817,0.019317
3818,0.020797
3819,0.012068
3820,-0.021441
3821,-0.062473
3822,-0.084330
3823,0.004294
3824,0.007599
3825,-0.022128
3826,-0.024871
3827,-0.036775
3828,0.016406
3829,0.066865
3830,0.039872
3831,0.050240
3832,0.104850
3833,0.092748
3834,0.011654
3835,-0.039519
3836,-0.109722
3837,-0.085496
3838,-0.040591
3839,0.001533
3840,0.020797
3841,0.028813
3842,0.001877
3843,-0.065056
3844,-0.049907
3845,-0.014145
3846,0.018019
3847,0.027395
3848,0.063616
3849,0.062421
3850,0.000671
3851,-0.045738
3852,-0.055576
3853,-0.017125
3854,0.018817
3855,0.056996
3856,0.033729
3857,-0.039875
3858,-0.025253
3859,-0.053448
3860,-0.030800
3861,0.019109
3862,0.048911
3863,0.071468
3864,0.035420
3865,-0.015682
3866,-0.059287
3867,-0.055849
3868,-0.043608
3869,-0.036630
3870,0.016266
3871,-0.029711
3872,-0.008006
3873,0.024908
3874,-0.001651
3875,0.048138
3876,0.035095
3877,0.054075
3878,0.108930
3879,-0.008112
3880,-0.015204
3881,-0.004210
3882,-0.051807
3883,0.005464
3884,0.002190
3885,-0.008842
3886,-0.038441
3887,-0.073794
3888,-0.069862
3889,-0.008121
3890,0.019885
3891,0.047296
3892,0.064209
3893,0.058727
3894,0.057218
3895,0.039496
3896,0.044057
3897,-0.019531
3898,-0.094862
3899,-0.121194
3900,-0.076029
3901,-0.021869
3902,-0.000102
3903,-0.002453
3904,0.036543
3905,0.080177
3906,0.069414
3907,0.010565
3908,-0.035187
3909,-0.036654
3910,-0.057695
3911,-0.035311
3912,-0.011494
3913,-0.007412
3914,0.027769
3915,0.016259
3916,-0.030146
3917,0.004514
3918,0.037025
3919,0.017634
3920,0.048226
3921,0.040795
3922,0.022072
3923,0.049525
3924,0.023938
3925,-0.009609
3926,-0.001119
3927,-0.046757
3928,-0.026705
3929,-0.027184
3930,-0.011441
3931,0.008291
3932,-0.026321
3933,-0.079525
3934,-0.028249
3935,-0.002438
3936,0.082384
3937,0.119716
3938,0.037115
3939,-0.007568
3940,-0.053058
3941,-0.070362
3942,-0.056637
3943,-0.018845
3944,0.029105
3945,0.020509
3946,-0.000584
3947,-0.029598
3948,-0.048859
3949,-0.009833
3950,0.014485
3951,0.058514
3952,0.058088
3953,0.031639
3954,0.035911
3955,-0.042280
3956,-0.048008
3957,-0.035778
3958,0.014308
3959,0.046752
3960,0.029732
3961,-0.020365
3962,-0.009472
3963,-0.049597
3964,-0.016665
3965,0.027415
3966,0.028559
3967,0.022948
3968,-0.019847
3969,-0.008207
3970,-0.002730
3971,0.013181
3972,0.064812
3973,-0.015552
3974,-0.020545
3975,0.021957
3976,-0.062977
3977,-0.022677
3978,-0.028975
3979,-0.081828
3980,-0.002650
3981,0.046605
3982,0.040608
3983,0.020569
3984,-0.005117
3985,-0.019484
3986,-0.008647
3987,0.021746
3988,0.053585
3989,0.028620
3990,-0.021033
3991,-0.066308
3992,0.007554
3993,0.028794
3994,0.012992
3995,0.021009
3996,-0.020445
3997,0.005689
3998,0.035941
3999,0.018329
4000,-0.018478
4001,-0.082226
4002,-0.067234
4003,-0.054357
4004,-0.021578
4005,0.011901
4006,0.084108
4007,0.107590
4008,0.121650
4009,0.051602
4010,-0.039108
4011,-0.084591
4012,-0.086834
4013,-0.018162
4014,0.011967
4015,-0.004832
4016,0.007933
4017,0.012565
4018,-0.038446
4019,-0.047422
4020,-0.031984
4021,-0.021648
4022,-0.039900
4023,0.050931
4024,0.048696
4025,0.055843
4026,0.062101
4027,0.015480
4028,-0.030529
4029,-0.036332
4030,-0.045720
4031,-0.011158
4032,0.052250
4033,0.043001
4034,0.024368
4035,-0.032725
4036,-0.078273
4037,-0.075567
4038,-0.058765
4039,-0.026472
4040,0.052660
4041,0.078836
4042,0.071624
4043,0.039910
4044,0.010813
4045,-0.034274
4046,-0.040350
4047,0.002766
4048,0.057965
4049,0.006200
4050,-0.035944
4051,-0.018447
4052,-0.014101
4053,0.030559
4054,0.030499
4055,-0.015135
4056,-0.055968
4057,-0.039629
4058,-0.009195
4059,0.031148
4060,0.025061
4061,0.075464
4062,0.070716
4063,0.024410
4064,0.010103
4065,-0.022050
4066,-0.001394
4067,-0.019566
4068,-0.043163
4069,-0.030224
4070,-0.048855
4071,-0.042828
4072,-0.060311
4073,-0.039527
4074,-0.004669
4075,0.003069
4076,0.022148
4077,0.033524
4078,0.018046
4079,-0.003963
4080,0.050013
4081,-0.017409
4082,-0.048614
4083,-0.036577
4084,-0.005648
4085,0.057578
4086,0.041249
4087,-0.009915
4088,0.015774
4089,0.004335
4090,0.042881
4091,0.040890
4092,0.004227
4093,0.026964
4094,0.026703
4095,-0.018259
4096,-0.023655
4097,-0.039603
4098,-0.030398
4099,-0.022655
4100,-0.069484
4101,-0.050226
4102,-0.011792
4103,0.050496
4104,0.071822
4105,0.020545
4106,0.070061
4107,0.038176
4108,-0.026983
4109,0.030463
4110,0.030063
4111,0.043611
4112,0.083678
4113,0.082146
4114,0.091953
4115,0.023284
4116,-0.046228
4117,-0.084147
4118,-0.117237
4119,-0.095190
4120,-0.067505
4121,-0.107830
4122,-0.066473
4123,0.014943
4124,0.047595
4125,0.062339
4126,0.082808
4127,0.117771
4128,0.153504
4129,0.071060
4130,0.013956
4131,-0.069933
4132,-0.078159
4133,-0.066741
4134,-0.056823
4135,-0.030598
4136,-0.057004
4137,-0.037125
4138,-0.027922
4139,-0.030460
4140,-0.012782
4141,0.046467
4142,0.062789
4143,0.069803
4144,0.014694
4145,0.044593
4146,0.084860
4147,0.029081
4148,0.005870
4149,-0.022574
4150,-0.081612
4151,-0.119443
4152,-0.067537
4153,-0.038042
4154,0.000195
4155,0.037075
4156,0.047874
4157,0.082271
4158,0.036604
4159,0.005636
4160,0.014885
4161,0.009454
4162,-0.019828
4163,-0.027381
4164,-0.018314
4165,-0.050639
4166,-0.052080
4167,-0.026524
4168,-0.002496
4169,0.008197
4170,0.027654
4171,0.032050
4172,0.009617
4173,-0.020338
4174,-0.016368
4175,-0.031839
4176,0.010411
4177,0.010884
4178,-0.009533
4179,-0.000087
4180,0.014621
4181,0.039279
4182,0.045240
4183,0.026366
4184,0.009511
4185,-0.023796
4186,-0.007374
4187,0.054123
4188,0.043017
4189,-0.010399
4190,-0.007967
4191,-0.015005
4192,-0.033168
4193,-0.024640
4194,-0.032994
4195,-0.057529
4196,-0.028549
4197,0.002346
4198,-0.009555
4199,-0.017044
4200,-0.008294
4201,-0.016347
4202,-0.071495
4203,-0.043636
4204,0.012379
4205,0.092512
4206,0.123396
4207,0.115031
4208,0.058439
4209,-0.002422
4210,-0.070584
4211,-0.057502
4212,0.000361
4213,-0.013039
4214,-0.020769
4215,-0.011396
4216,-0.007322
4217,0.022521
4218,0.057062
4219,0.058187
4220,0.063378
4221,0.016584
4222,-0.022309
4223,-0.033041
4224,-0.040145
4225,-0.064904
4226,-0.040250
4227,-0.050464
4228,0.011045
4229,0.086959
4230,0.091046
4231,0.022597
4232,-0.045266
4233,-0.039246
4234,-0.025521
4235,-0.027900
4236,0.018906
4237,0.032596
4238,0.031372
4239,-0.019922
4240,-0.032799
4241,-0.027527
4242,0.010367
4243,0.028981
4244,0.040891
4245,-0.022236
4246,0.048567
4247,0.080699
4248,0.037400
4249,0.020497
4250,-0.048615
4251,-0.079636
4252,-0.093361
4253,-0.056025
4254,-0.003933
4255,0.017362
4256,0.028668
4257,0.077746
4258,-0.000992
4259,-0.027137
4260,-0.009769
4261,-0.010426
4262,-0.012077
4263,0.019683
4264,0.046613
4265,0.061621
4266,0.051853
4267,-0.039887
4268,-0.081780
4269,-0.035906
4270,-0.001085
4271,0.011269
4272,-0.000689
4273,-0.024791
4274,0.013429
4275,-0.003916
4276,-0.024066
4277,0.008424
4278,0.037457
4279,0.079271
4280,0.070017
4281,0.025037
4282,-0.043635
4283,-0.084341
4284,-0.072249
4285,-0.087491
4286,-0.090812
4287,-0.028991
4288,-0.005618
4289,0.068979
4290,0.152311
4291,0.151826
4292,0.136630
4293,-0.010456
4294,-0.073122
4295,-0.060198
4296,-0.062658
4297,-0.058488
4298,-0.003694
4299,0.025499
4300,0.023560
4301,0.015625
4302,-0.047559
4303,-0.031701
4304,0.019692
4305,0.014345
4306,0.013214
4307,0.012565
4308,-0.005920
4309,-0.046039
4310,-0.011800
4311,0.017903
4312,0.034161
4313,-0.000423
4314,-0.010285
4315,-0.018512
4316,-0.075805
4317,-0.077346
4318,-0.004006
4319,0.036674
4320,0.048678
4321,0.057463
4322,-0.009197
4323,-0.015558
4324,-0.000789
4325,-0.006021
4326,0.019557
4327,-0.002820
4328,0.021776
4329,0.012525
4330,-0.039164
4331,-0.039017
4332,-0.000031
4333,0.000313
4334,-0.005225
4335,0.011652
4336,-0.012125
4337,0.006048
4338,0.039536
4339,0.039429
4340,0.047549
4341,0.040124
4342,0.009549
4343,-0.007011
4344,-0.037536
4345,-0.062622
4346,-0.069297
4347,-0.047924
4348,-0.043161
4349,0.033699
4350,0.063840
4351,0.079661
4352,0.065725
4353,-0.012742
4354,-0.015171
4355,-0.043942
4356,-0.056749
4357,-0.055355
4358,-0.061962
4359,-0.028602
4360,0.039374
4361,0.012491
4362,-0.041192
4363,-0.020813
4364,-0.034445
4365,0.012855
4366,0.054794
4367,0.082154
4368,0.079819
4369,0.054081
4370,-0.010717
4371,-0.038252
4372,-0.038033
4373,-0.040905
4374,-0.031181
4375,0.003344
4376,0.005224
4377,0.010480
4378,0.041966
4379,0.037502
4380,0.041559
4381,0.006366
4382,-0.022295
4383,0.002378
4384,-0.025075
4385,-0.032877
4386,-0.055503
4387,-0.031862
4388,-0.028971
4389,-0.067851
4390,-0.045103
4391,-0.043089
4392,-0.018127
4393,0.067697
4394,0.123571
4395,0.118590
4396,0.171550
4397,0.085935
4398,-0.003807
4399,-0.040697
4400,-0.146967
4401,-0.152479
4402,-0.078270
4403,-0.039157
4404,0.049861
4405,0.093950
4406,0.038037
4407,0.000894
4408,0.002782
4409,-0.027495
4410,-0.058429
4411,-0.028953
4412,-0.026082
4413,-0.051618
4414,-0.020298
4415,-0.022487
4416,-0.049820
4417,0.024608
4418,0.091070
4419,0.094695
4420,0.051368
4421,-0.033576
4422,-0.031987
4423,0.024398
4424,0.009000
4425,-0.040384
4426,-0.045908
4427,-0.025601
4428,-0.025011
4429,0.024939
4430,0.005806
4431,0.028037
4432,0.040509
4433,0.003038
4434,0.019491
4435,0.034493
4436,0.006989
4437,0.019644
4438,0.032059
4439,-0.027696
4440,-0.039968
4441,-0.068759
4442,-0.065965
4443,-0.069190
4444,-0.077255
4445,0.028744
4446,0.050863
4447,0.081430
4448,0.056984
4449,0.016805
4450,0.031627
4451,0.008939
4452,-0.043407
4453,-0.007872
4454,-0.002941
4455,-0.006347
4456,-0.038552
4457,-0.052570
4458,-0.066987
4459,-0.015808
4460,0.083594
4461,0.083768
4462,0.075354
4463,0.024280
4464,-0.023307
4465,-0.054608
4466,-0.037927
4467,-0.047823
4468,-0.028382
4469,-0.015002
4470,0.021994
4471,0.024152
4472,-0.019321
4473,0.022414
4474,0.022673
4475,0.012596
4476,0.032801
4477,-0.016335
4478,-0.020185
4479,0.029132
4480,0.016766
4481,0.048031
4482,0.034977
4483,-0.044971
4484,-0.062958
4485,-0.043193
4486,-0.054482
4487,0.003016
4488,0.013453
4489,0.003600
4490,0.037861
4491,-0.000876
4492,0.011832
4493,0.031616
4494,0.036593
4495,0.054049
4496,-0.019540
4497,-0.067717
4498,-0.052243
4499,-0.041403
4500,-0.016786
4501,-0.022501
4502,-0.006888
4503,0.082340
4504,0.063259
4505,0.018396
4506,0.006423
4507,-0.029685
4508,-0.006968
4509,-0.012552
4510,0.001742
4511,0.039975
4512,-0.008775
4513,-0.029420
4514,-0.082975
4515,-0.091445
4516,-0.008681
4517,0.051289
4518,0.033073
4519,0.033804
4520,0.002298
4521,0.008422
4522,0.034141
4523,0.011975
4524,0.002466
4525,0.032521
4526,0.025952
4527,-0.040049
4528,-0.072903
4529,-0.104122
4530,-0.049772
4531,-0.015148
4532,0.025103
4533,0.104972
4534,0.070833
4535,0.058862
4536,0.055881
4537,0.035957
4538,0.005577
4539,-0.075307
4540,-0.132787
4541,-0.054305
4542,-0.001289
4543,0.019642
4544,0.033907
4545,0.023083
4546,-0.012530
4547,0.018560
4548,0.053349
4549,0.049709
4550,0.013558
4551,-0.011848
4552,-0.031513
4553,-0.077741
4554,-0.068265
4555,-0.037687
4556,-0.022883
4557,-0.041240
4558,106.823547
4559,1128.225342
4560,484.565430
4561,14.231547
4562,297.890900
4563,-23.822542
4564,-25.423595
4565,-33.634315
4566,-26.710506
4567,-19.255756
4568,-19.560249
4569,-8.851005
4570,17.884386
4571,63.901394
4572,65.610367
4573,38.834564
4574,5.682260
4575,-35.834263
4576,-65.653168
4577,-58.301586
4578,-31.564888
4579,-13.393214
4580,12.109772
4581,36.109909
4582,67.771019
4583,68.791740
4584,51.799595
4585,6.914214
4586,-47.240017
4587,-77.632195
4588,-76.835526
4589,-43.751919
4590,-14.104613
4591,21.809971
4592,32.446831
4593,53.355492
4594,60.097095
4595,31.597734
4596,2.015183
4597,-29.908611
4598,-37.188526
4599,-9.965513
4600,-7.313826
4601,-11.445316
4602,-17.786797
4603,-15.718060
4604,-4.443813
4605,27.248928
4606,41.757290
4607,22.016928
4608,-16.780664
4609,-30.411766
4610,-30.259773
4611,-23.032801
4612,-15.031273
4613,-0.005904
4614,0.034179
4615,0.070356
4616,-0.002752
4617,-0.052395
4618,0.007249
4619,0.039856
4620,0.028563
4621,0.002134
4622,0.032577
4623,0.020759
4624,0.002134
4625,0.005141
4626,-0.008934
4627,-0.001090
4628,0.037164
4629,0.059593
4630,0.076696
4631,0.015051
4632,-0.039035
4633,-0.073336
4634,-0.043388
4635,-0.030762
4636,-0.002441
4637,0.004309
4638,-0.034377
4639,-0.051773
4640,-0.067062
4641,0.005393
4642,0.058806
4643,0.037263
4644,0.036800
4645,0.006955
4646,0.005370
4647,-0.020030
4648,-0.013954
4649,-0.010641
4650,-0.004513
4651,0.023111
4652,-0.005649
4653,-0.031009
4654,0.005520
4655,0.012864
4656,-0.014559
4657,-0.018790
4658,-0.032048
4659,0.000388
4660,-0.009516
4661,0.001445
4662,109.303978
4663,1136.153320
4664,481.362549
4665,14.332890
4666,303.718079
4667,12.639514
4668,24.236670
4669,42.633888
4670,50.716465
4671,23.871906
4672,-18.010696
4673,-44.130352
4674,-40.434380
4675,-15.784304
4676,-0.890576
4677,15.562041
4678,26.093014
4679,25.011873
4680,17.695566
4681,-11.899995
4682,-34.347359
4683,-37.035763
4684,-10.048566
4685,21.697763
4686,52.970013
4687,70.223770
4688,35.071865
4689,-22.469805
4690,-76.774910
4691,-84.220413
4692,-42.110012
4693,13.121751
4694,44.119717
4695,32.516090
4696,11.368769
4697,-17.249710
4698,-31.558861
4699,-21.281492
4700,13.710526
4701,25.852556
4702,28.734827
4703,38.357742
4704,22.005419
4705,-16.351336
4706,-28.291904
4707,-22.840820
4708,-4.437671
4709,7.117527
4710,-8.182828
4711,-9.217959
4712,-7.002517
4713,6.774541
4714,23.014067
4715,18.341343
4716,-7.103735
4717,0.033238
4718,0.024873
4719,0.010123
4720,-0.041235
4721,-0.056099
4722,-0.025742
4723,-0.045969
4724,-0.019912
4725,0.026897
4726,-0.006914
4727,-0.001371
4728,-0.014343
4729,0.013137
4730,0.104125
4731,0.112735
4732,0.118575
4733,0.078280
4734,-0.047139
4735,-0.062005
4736,-0.048725
4737,-0.056545
4738,-0.016909
4739,-0.006229
4740,-0.034214
4741,-0.064030
4742,-0.033873
4743,0.023365
4744,0.054415
4745,0.102785
4746,0.028230
4747,-0.045480
4748,-0.032334
4749,-0.034746
4750,-0.004265
4751,0.059505
4752,0.070428
4753,0.010789
4754,-0.021670
4755,-0.029202
4756,-0.068104
4757,-0.037783
4758,-0.016114
4759,0.032859
4760,0.024680
4761,-0.007081
4762,-0.010218
4763,-0.057463
4764,-0.053003
4765,-0.022236
4766,0.030927
4767,0.063188
4768,0.053344
4769,0.015117
4770,0.016616
4771,-0.020612
4772,-0.105649
4773,-0.044868
4774,0.041554
4775,0.093915
4776,0.067998
4777,-0.012120
4778,-0.025120
4779,-0.031175
4780,-0.017849
4781,0.004846
4782,0.035594
4783,0.047956
4784,0.050811
4785,0.018464
4786,-0.015482
4787,-0.086523
4788,-0.070594
4789,-0.037641
4790,-0.070608
4791,-0.072423
4792,0.007362
4793,0.073264
4794,0.088304
4795,0.104520
4796,0.050212
4797,0.017365
4798,-0.018250
4799,-0.027728
4800,-0.016129
4801,-0.010658
4802,-0.001241
4803,-0.010527
4804,-0.006786
4805,0.000507
4806,-0.032776
4807,-0.051051
4808,-0.007536
4809,0.017317
4810,-0.010906
4811,-0.016578
4812,-0.002507
4813,0.018864
4814,-0.051883
4815,-0.001611
4816,0.036450
4817,0.010796
4818,0.027142
4819,0.019524
4820,0.019775
4821,0.070389
4822,0.050738
4823,-0.000900
4824,-0.088992
4825,-0.064873
4826,-0.017255
4827,0.008606
4828,0.040767
4829,0.013610
4830,0.004737
4831,-0.002307
4832,-0.019330
4833,-0.019031
4834,-0.003530
4835,-0.034589
4836,-0.009267
4837,0.028668
4838,0.030696
4839,0.070439
4840,0.027463
4841,-0.048532
4842,-0.043038
4843,-0.033127
4844,0.011816
4845,-0.014984
4846,0.023694
4847,0.023790
4848,-0.057753
4849,-0.038842
4850,-0.058252
4851,-0.036513
4852,0.028097
4853,0.053199
4854,0.043413
4855,0.045530
4856,0.010453
4857,-0.028585
4858,-0.041114
4859,0.006958
4860,0.049232
4861,0.027184
4862,0.034226
4863,0.000207
4864,0.013314
4865,-0.005703
4866,-0.023415
4867,-0.041275
4868,-0.043961
4869,-0.020732
4870,0.032850
4871,0.064518
4872,0.025305
4873,-0.024591
4874,-0.025227
4875,0.001166
4876,0.018381
4877,0.035759
4878,0.056748
4879,-0.002970
4880,-0.033408
4881,-0.056119
4882,0.005350
4883,-0.015095
4884,-0.038532
4885,-0.045550
4886,-0.074015
4887,-0.026753
4888,-0.045968
4889,-0.010616
4890,0.067136
4891,0.082418
4892,0.103463
4893,0.013615
4894,-0.008123
4895,-0.018014
4896,-0.016336
4897,-0.054292
4898,-0.024024
4899,-0.022270
4900,0.020871
4901,0.021961
4902,0.013630
4903,0.011225
4904,-0.018443
4905,-0.026980
4906,-0.010020
4907,0.033512
4908,0.050876
4909,0.042108
4910,0.014036
4911,-0.030465
4912,-0.057869
4913,-0.026035
4914,0.019096
4915,0.043375
4916,0.035555
4917,0.021882
4918,0.001729
4919,-0.056637
4920,-0.084213
4921,-0.054135
4922,-0.003944
4923,0.005981
4924,0.045341
4925,0.047750
4926,0.037278
4927,0.018046
4928,0.004877
4929,0.029017
4930,0.029869
4931,-0.037036
4932,-0.010822
4933,0.017675
4934,-0.017591
4935,0.004379
4936,-0.044394
4937,-0.018401
4938,0.036870
4939,0.017412
4940,-0.028925
4941,-0.023241
4942,-0.002149
4943,-0.018584
4944,-0.039192
4945,-0.063047
4946,-0.026841
4947,0.037965
4948,0.018843
4949,0.026103
4950,-0.016639
4951,-0.018674
4952,0.038002
4953,0.031978
4954,0.035908
4955,0.050578
4956,0.049965
4957,-0.030923
4958,-0.080831
4959,-0.099450
4960,-0.080032
4961,0.003009
4962,-0.004264
4963,-0.050152
4964,0.006032
4965,0.070596
4966,0.051770
4967,0.056826
4968,0.038779
4969,-0.022710
4970,0.008099
4971,0.005155
4972,-0.014323
4973,0.051139
4974,0.061521
4975,0.005219
4976,-0.020698
4977,-0.033596
4978,-0.076099
4979,-0.049969
4980,0.066565
4981,-0.011454
4982,0.021151
4983,0.025565
4984,0.009757
4985,-0.008410
4986,-0.038744
4987,-0.022661
4988,0.016618
4989,-0.009982
4990,0.017940
4991,0.043664
4992,-0.019433
4993,-0.066978
4994,-0.025033
4995,-0.064960
4996,-0.063337
4997,0.017135
4998,0.046788
4999,0.107362
5000,0.077411
5001,-0.020491
5002,-0.086279
5003,-0.055724
5004,0.013189
5005,-0.045308
5006,-0.048197
5007,0.001193
5008,-0.002378
5009,0.057751
5010,0.023687
5011,0.033389
5012,0.019445
5013,0.016397
5014,-0.006039
5015,-0.030098
5016,0.001810
5017,0.050224
5018,0.036189
5019,0.008346
5020,-0.001581
5021,-0.054177
5022,-0.052757
5023,-0.071758
5024,-0.044775
5025,-0.006531
5026,0.066018
5027,0.076429
5028,0.102368
5029,0.123532
5030,0.053662
5031,0.019814
5032,-0.038428
5033,-0.091959
5034,-0.104863
5035,-0.061088
5036,-0.061060
5037,-0.013445
5038,-0.006327
5039,0.018007
5040,0.079678
5041,0.030290
5042,-0.020158
5043,-0.002853
5044,-0.016462
5045,-0.046755
5046,-0.021594
5047,-0.046894
5048,0.012282
5049,0.045919
5050,0.059800
5051,0.072668
5052,0.052961
5053,-0.025853
5054,-0.097332
5055,-0.075347
5056,-0.004241
5057,-0.007310
5058,-0.016758
5059,-0.003867
5060,0.019224
5061,0.055354
5062,0.072655
5063,0.041340
5064,0.028035
5065,-0.067187
5066,-0.097581
5067,-0.081352
5068,-0.064602
5069,0.030343
5070,0.065246
5071,0.041490
5072,0.074121
5073,0.076146
5074,0.055637
5075,0.065803
5076,0.026574
5077,-0.058912
5078,-0.023114
5079,-0.038825
5080,-0.114986
5081,-0.094289
5082,-0.011713
5083,-0.015975
5084,0.070964
5085,0.049686
5086,-0.003378
5087,0.024354
5088,0.009194
5089,-0.047209
5090,-0.067110
5091,-0.034297
5092,-0.054257
5093,-0.001875
5094,0.064145
5095,0.047858
5096,0.034432
5097,0.003057
5098,-0.004938
5099,-0.024600
5100,-0.074758
5101,-0.057702
5102,-0.050749
5103,-0.012808
5104,-0.016259
5105,0.071120
5106,0.118556
5107,0.083233
5108,0.032242
5109,0.048238
5110,0.055227
5111,0.044107
5112,-0.006782
5113,-0.005973
5114,-0.004413
5115,-0.057815
5116,-0.076724
5117,-0.099457
5118,-0.080578
5119,-0.047673
5120,-0.005798
5121,0.035442
5122,0.067578
5123,0.024575
5124,0.022988
5125,0.038035
5126,-0.000764
5127,0.033866
5128,0.087160
5129,0.048788
5130,0.029953
5131,-0.060800
5132,-0.063538
5133,-0.023061
5134,-0.041333
5135,-0.038590
5136,-0.074864
5137,-0.057305
5138,0.045066
5139,0.077976
5140,0.035601
5141,0.025345
5142,0.006931
5143,-0.021479
5144,-0.052724
5145,-0.027777
5146,-0.012937
5147,-0.028043
5148,-0.007365
5149,-0.002411
5150,0.038426
5151,0.051649
5152,-0.029134
5153,-0.042347
5154,-0.011331
5155,0.037579
5156,-0.003574
5157,0.006666
5158,0.046035
5159,-0.008472
5160,-0.028436
5161,-0.037940
5162,-0.015998
5163,-0.011382
5164,0.020669
5165,0.000910
5166,0.010149
5167,0.087816
5168,0.089461
5169,0.063172
5170,0.023288
5171,-0.053703
5172,-0.105238
5173,-0.089201
5174,-0.063308
5175,-0.040158
5176,0.041060
5177,0.013910
5178,-0.007797
5179,-0.028199
5180,-0.064666
5181,0.027843
5182,0.056194
5183,0.040516
5184,0.031050
5185,0.010287
5186,0.000597
5187,0.035903
5188,0.017526
5189,-0.031020
5190,-0.055562
5191,-0.043801
5192,-0.029267
5193,0.000952
5194,0.008604
5195,0.048195
5196,0.030274
5197,0.039326
5198,0.049748
5199,0.022531
5200,0.000501
5201,-0.008250
5202,-0.013645
5203,-0.066262
5204,-0.101075
5205,-0.034083
5206,-0.006990
5207,-0.007113
5208,0.065422
5209,0.020494
5210,0.022119
5211,0.005465
5212,0.000903
5213,0.023775
5214,0.001673
5215,-0.024282
5216,-0.025150
5217,-0.057693
5218,-0.029218
5219,-0.035569
5220,-0.010351
5221,0.029858
5222,0.038523
5223,0.026279
5224,0.042991
5225,0.042111
5226,0.028462
5227,0.033639
5228,0.060699
5229,0.024408
5230,-0.084487
5231,-0.107238
5232,-0.070933
5233,-0.051336
5234,0.012582
5235,0.032569
5236,0.038311
5237,0.000881
5238,-0.027255
5239,0.022538
5240,0.022082
5241,0.018265
5242,0.006328
5243,-0.000992
5244,-0.014717
5245,0.021846
5246,-0.001544
5247,-0.014098
5248,-0.019223
5249,-0.037465
5250,0.011686
5251,0.007331
5252,0.028381
5253,0.032854
5254,0.014202
5255,0.020574
5256,-0.013709
5257,-0.020926
5258,-0.030856
5259,-0.021659
5260,-0.013756
5261,-0.038185
5262,-0.060546
5263,-0.042735
5264,0.024549
5265,0.066844
5266,0.061429
5267,0.070845
5268,0.012545
5269,0.014591
5270,0.002002
5271,-0.034910
5272,-0.037708
5273,-0.013373
5274,0.009710
5275,-0.027784
5276,-0.075221
5277,-0.074017
5278,-0.024773
5279,0.022096
5280,0.054936
5281,0.042426
5282,0.039975
5283,0.036252
5284,0.037343
5285,-0.008086
5286,0.008283
5287,-0.032649
5288,-0.012400
5289,0.009873
5290,-0.052460
5291,-0.045809
5292,-0.000938
5293,-0.030485
5294,-0.073962
5295,-0.038707
5296,0.007038
5297,-0.003260
5298,0.038256
5299,0.041162
5300,0.039917
5301,0.033400
5302,0.080811
5303,0.097842
5304,0.060513
5305,0.017954
5306,-0.005930
5307,-0.027796
5308,-0.070425
5309,-0.087693
5310,-0.069218
5311,-0.052187
5312,-0.019265
5313,0.001769
5314,-0.015118
5315,0.030688
5316,124.649925
5317,1186.007935
5318,461.221252
5319,14.970180
5320,351.209259
5321,-15.950998
5322,-0.532333
5323,20.291428
5324,19.915049
5325,2.693424
5326,-7.598193
5327,-9.544179
5328,-17.253336
5329,-8.902775
5330,13.594355
5331,13.319211
5332,8.824623
5333,10.714190
5334,11.347644
5335,9.136847
5336,-7.890818
5337,-17.545555
5338,-17.120274
5339,-20.874456
5340,-3.953379
5341,18.731153
5342,8.732541
5343,4.013089
5344,2.009891
5345,-19.507326
5346,-19.851974
5347,-3.307469
5348,7.464267
5349,28.995441
5350,37.853012
5351,31.840988
5352,1.554535
5353,-22.743555
5354,-25.290236
5355,-24.442921
5356,-37.630829
5357,-22.068306
5358,22.484097
5359,43.569763
5360,30.084463
5361,-1.264490
5362,-27.147093
5363,-40.061455
5364,-39.923023
5365,-22.181477
5366,12.369271
5367,66.108879
5368,67.164047
5369,42.571476
5370,6.588665
5371,-0.025432
5372,-0.054095
5373,0.002740
5374,0.006694
5375,-0.002496
5376,0.031437
5377,0.016926
5378,-0.003599
5379,-0.013749
5380,-0.033222
5381,-0.000712
5382,0.029435
5383,0.025997
5384,0.050160
5385,-0.005571
5386,-0.001350
5387,-0.003098
5388,-0.077075
5389,-0.057306
5390,-0.029445
5391,0.018581
5392,0.101359
5393,0.048434
5394,0.009043
5395,-0.077316
5396,-0.100425
5397,-0.044270
5398,0.016029
5399,0.079321
5400,0.048992
5401,-0.034125
5402,-0.003518
5403,-0.042053
5404,-0.058960
5405,-0.025369
5406,0.038122
5407,0.023202
5408,0.019638
5409,0.021526
5410,0.024057
5411,-0.000808
5412,0.004730
5413,0.030461
5414,0.039332
5415,0.020404
5416,-0.010511
5417,-0.024040
5418,-0.028667
5419,-0.054738
5420,0.005815
5421,0.004044
5422,0.004029
5423,-0.005129
5424,-0.044592
5425,-0.023316
5426,-0.045002
5427,-0.044951
5428,0.011324
5429,0.019865
5430,0.067211
5431,0.098739
5432,0.020976
5433,-0.016553
5434,0.001761
5435,-0.000373
5436,-0.008811
5437,-0.003414
5438,-0.063952
5439,-0.061068
5440,-0.009482
5441,-0.023596
5442,0.014346
5443,0.051867
5444,0.047417
5445,0.013857
5446,-0.007912
5447,0.016687
5448,0.011173
5449,-0.005621
5450,-0.000348
5451,-0.014237
5452,-0.061201
5453,-0.064739
5454,-0.072582
5455,-0.014291
5456,-0.000897
5457,0.044410
5458,0.078591
5459,0.029419
5460,0.011023
5461,-0.004487
5462,-0.009503
5463,0.042217
5464,0.034859
5465,0.025701
5466,0.048304
5467,0.013077
5468,0.008517
5469,0.039192
5470,-0.001154
5471,-0.080724
5472,-0.144921
5473,-0.111582
5474,-0.048364
5475,0.018117
5476,0.068552
5477,0.072580
5478,0.106516
5479,0.064128
5480,-0.011476
5481,-0.040837
5482,-0.057292
5483,-0.045579
5484,-0.009936
5485,0.027247
5486,0.040584
5487,0.051262
5488,0.036166
5489,0.027783
5490,0.019640
5491,-0.038274
5492,-0.046195
5493,-0.057405
5494,-0.085048
5495,-0.023136
5496,0.025027
5497,0.016565
5498,0.041557
5499,0.041009
5500,-0.011086
5501,0.008926
5502,0.009923
5503,-0.009294
5504,0.008856
5505,-0.041666
5506,-0.043347
5507,-0.031610
5508,-0.030027
5509,-0.035520
5510,0.028148
5511,0.070936
5512,0.066696
5513,0.068589
5514,0.035409
5515,-0.012152
5516,-0.046388
5517,-0.110865
5518,-0.145763
5519,-0.056693
5520,-0.025216
5521,0.071505
5522,0.130850
5523,0.089397
5524,0.084664
5525,0.122859
5526,0.032457
5527,-0.055828
5528,-0.081585
5529,-0.093884
5530,-0.105775
5531,-0.056647
5532,-0.009657
5533,0.037884
5534,0.086093
5535,0.140361
5536,0.124432
5537,0.019711
5538,-0.078990
5539,-0.117678
5540,-0.109796
5541,-0.064886
5542,-0.032474
5543,-0.016033
5544,0.034308
5545,0.097046
5546,0.127759
5547,0.084910
5548,0.043515
5549,0.011726
5550,-0.090968
5551,-0.148281
5552,-0.119742
5553,-0.099639
5554,-0.086196
5555,-0.011458
5556,0.074010
5557,0.060564
5558,0.076647
5559,0.141828
5560,0.095625
5561,0.001945
5562,-0.032449
5563,-0.010493
5564,-0.030206
5565,-0.043572
5566,-0.004822
5567,-0.000768
5568,0.017333
5569,0.000544
5570,-0.065742
5571,-0.052980
5572,-0.033687
5573,0.017846
5574,0.047782
5575,0.088824
5576,0.099807
5577,0.024546
5578,-0.036018
5579,-0.054956
5580,-0.079211
5581,-0.103591
5582,-0.065772
5583,0.006435
5584,0.023842
5585,0.043570
5586,0.083119
5587,0.070399
5588,0.064228
5589,0.040277
5590,0.036757
5591,-0.026490
5592,-0.105225
5593,-0.069106
5594,-0.069064
5595,-0.068999
5596,-0.014972
5597,-0.016146
5598,-0.006737
5599,0.069480
5600,0.089597
5601,0.028621
5602,0.017237
5603,0.041493
5604,0.012583
5605,-0.032114
5606,-0.084018
5607,-0.048982
5608,0.022016
5609,0.033037
5610,0.035211
5611,0.066045
5612,0.087829
5613,0.069435
5614,-0.020193
5615,-0.083217
5616,-0.083861
5617,-0.053558
5618,-0.038679
5619,-0.008617
5620,0.009539
5621,-0.000853
5622,-0.027329
5623,-0.054399
5624,-0.007692
5625,-0.002077
5626,0.052694
5627,0.060518
5628,0.030750
5629,0.007831
5630,0.004795
5631,-0.047946
5632,-0.058204
5633,-0.011057
5634,0.037354
5635,0.052089
5636,0.022723
5637,0.025841
5638,0.004432
5639,0.023676
5640,-0.037565
5641,-0.046190
5642,-0.029949
5643,-0.096435
5644,-0.045287
5645,0.035311
5646,0.052522
5647,0.091591
5648,0.031513
5649,0.060159
5650,0.058526
5651,-0.027676
5652,-0.079721
5653,-0.022143
5654,-0.009491
5655,0.003150
5656,0.012309
5657,-0.006587
5658,-0.045168
5659,-0.043068
5660,-0.023487
5661,-0.032377
5662,0.019906
5663,0.031845
5664,0.034014
5665,0.050078
5666,0.009021
5667,-0.022193
5668,-0.014460
5669,-0.007048
5670,0.016213
5671,0.024109
5672,-0.005645
5673,-0.005856
5674,-0.001390
5675,0.020435
5676,-0.010555
5677,0.013540
5678,-0.023554
5679,-0.069789
5680,-0.048327
5681,-0.016538
5682,0.024296
5683,0.010870
5684,0.014954
5685,0.019589
5686,0.007600
5687,0.020710
5688,-0.051194
5689,-0.080263
5690,-0.083989
5691,-0.019907
5692,0.090773
5693,0.130236
5694,0.079301
5695,0.018727
5696,-0.013905
5697,-0.039211
5698,-0.029326
5699,-0.029341
5700,0.004798
5701,0.054374
5702,0.063772
5703,0.001006
5704,-0.085910
5705,-0.064534
5706,-0.035765
5707,-0.000987
5708,0.015120
5709,-0.039762
5710,-0.027548
5711,0.021880
5712,0.046152
5713,0.021118
5714,-0.018307
5715,0.011389
5716,0.037296
5717,0.065568
5718,0.062536
5719,-0.011990
5720,-0.035972
5721,-0.024312
5722,-0.054664
5723,-0.053305
5724,-0.053303
5725,-0.045761
5726,0.017642
5727,0.009567
5728,0.039497
5729,0.090180
5730,0.086484
5731,0.092551
5732,0.009444
5733,-0.001911
5734,-0.027554
5735,-0.010573
5736,-0.047288
5737,-0.091073
5738,-0.084587
5739,-0.077305
5740,-0.036912
5741,0.007978
5742,-0.037418
5743,-0.004325
5744,0.036397
5745,0.052573
5746,0.077613
5747,0.088241
5748,0.057272
5749,0.051503
5750,-0.048467
5751,-0.101186
5752,-0.058136
5753,-0.007637
5754,0.019694
5755,0.024229
5756,-0.025560
5757,-0.061899
5758,-0.006114
5759,0.005680
5760,-0.005527
5761,0.016042
5762,0.054867
5763,0.029905
5764,-0.036597
5765,-0.044041
5766,-0.030336
5767,0.015827
5768,0.042118
5769,0.020896
5770,0.038137
5771,0.051643
5772,-0.002752
5773,-0.008346
5774,0.001662
5775,-0.015212
5776,-0.027246
5777,-0.042008
5778,-0.015742
5779,-0.004539
5780,0.018009
5781,0.028592
5782,-0.002003
5783,0.016542
5784,0.063942
5785,0.070380
5786,-0.006422
5787,-0.108352
5788,-0.097078
5789,-0.065189
5790,-0.033983
5791,-0.045160
5792,0.013370
5793,0.094680
5794,0.129030
5795,0.101303
5796,0.013294
5797,0.018775
5798,-0.025251
5799,-0.054013
5800,-0.030097
5801,-0.045217
5802,-0.018930
5803,-0.016113
5804,-0.017506
5805,0.022692
5806,-0.012940
5807,-0.047414
5808,-0.031099
5809,0.005492
5810,0.061899
5811,0.064514
5812,-0.002792
5813,-0.040108
5814,-0.066154
5815,-0.032689
5816,0.040341
5817,0.020860
5818,0.019084
5819,0.022092
5820,0.020103
5821,0.030630
5822,-0.015704
5823,-0.058612
5824,-0.017937
5825,-0.015274
5826,-0.037725
5827,-0.014513
5828,0.064109
5829,0.057942
5830,0.067578
5831,0.014035
5832,-0.002857
5833,0.000795
5834,-0.019695
5835,-0.051398
5836,-0.012789
5837,-0.012831
5838,-0.079548
5839,-0.068831
5840,-0.040909
5841,0.024756
5842,0.032351
5843,-0.006351
5844,-0.005508
5845,0.054857
5846,0.065441
5847,0.027402
5848,-0.014980
5849,-0.053217
5850,-0.044061
5851,0.005878
5852,-0.023341
5853,-0.027829
5854,-0.002820
5855,0.021393
5856,0.070742
5857,0.077550
5858,0.053783
5859,0.009148
5860,0.015283
5861,-0.010133
5862,-0.011782
5863,-0.028271
5864,-0.009716
5865,0.027650
5866,0.018772
5867,-0.048141
5868,-0.071279
5869,-0.068335
5870,-0.032821
5871,-0.016666
5872,0.036709
5873,0.024334
5874,0.013128
5875,0.034534
5876,0.013417
5877,-0.002234
5878,0.032939
5879,0.068580
5880,0.048176
5881,0.000668
5882,-0.032958
5883,0.004164
5884,-0.026545
5885,-0.088849
5886,-0.038673
5887,-0.039910
5888,-0.003889
5889,-0.002750
5890,-0.016195
5891,0.036172
5892,0.011964
5893,-0.044446
5894,-0.021515
5895,-0.010141
5896,0.037050
5897,0.032599
5898,0.060938
5899,0.059414
5900,0.036302
5901,-0.039871
5902,-0.053864
5903,-0.056886
5904,-0.064393
5905,-0.047811
5906,0.008171
5907,0.060226
5908,0.067001
5909,0.072745
5910,0.031366
5911,0.009313
5912,0.018007
5913,-0.015404
5914,-0.034116
5915,-0.059069
5916,-0.046109
5917,-0.031220
5918,0.009683
5919,0.030940
5920,-0.022938
5921,-0.001514
5922,-0.026731
5923,-0.044096
5924,-0.014770
5925,0.041386
5926,0.047551
5927,0.023439
5928,0.046018
5929,0.042340
5930,-0.015345
5931,-0.062957
5932,-0.111297
5933,-0.086239
5934,-0.015376
5935,0.071344
5936,0.097528
5937,0.076308
5938,0.089905
5939,0.032085
5940,-0.029180
5941,-0.053721
5942,-0.089725
5943,-0.115979
5944,-0.097196
5945,-0.042442
5946,0.062585
5947,0.069866
5948,0.071275
5949,0.075920
5950,0.056871
5951,0.003549
5952,-0.018325
5953,-0.051289
5954,-0.044112
5955,-0.041579
5956,-0.015593
5957,0.013788
5958,0.069902
5959,0.041212
5960,0.035236
5961,0.042322
5962,-0.035076
5963,-0.026234
5964,-0.075451
5965,-0.109113
5966,-0.053001
5967,-0.014132
5968,0.019994
5969,0.055377
5970,139.999298
5971,1235.862671
5972,441.079987
5973,15.607470
5974,383.784912
5975,-48.180786
5976,12.429658
5977,55.195690
5978,47.850445
5979,14.643971
5980,-11.332896
5981,-28.098886
5982,-15.720926
5983,-3.502270
5984,5.097794
5985,-2.687595
5986,-3.731878
5987,4.757422
5988,10.823614
5989,-1.189339
5990,23.486683
5991,35.002121
5992,28.552053
5993,-6.327378
5994,-25.602512
5995,-38.131905
5996,-13.583141
5997,3.128372
5998,7.309057
5999,7.293665
6000,-17.403107
6001,-39.276520
6002,-25.022696
6003,8.759047
6004,29.846899
6005,38.422764
6006,47.087776
6007,33.628479
6008,8.676824
6009,-25.092628
6010,-54.546463
6011,-60.776146
6012,-53.393456
6013,-8.576760
6014,28.538389
6015,57.727310
6016,59.973282
6017,25.015230
6018,-0.441353
6019,-6.300128
6020,-16.396099
6021,-23.076279
6022,-34.672935
6023,-30.992584
6024,-13.070889
6025,-0.009883
6026,0.041367
6027,0.068243
6028,0.040715
6029,0.023816
6030,0.010947
6031,-0.002209
6032,-0.020431
6033,-0.069358
6034,-0.116170
6035,-0.059233
6036,-0.022663
6037,0.068221
6038,0.077334
6039,0.039522
6040,0.031208
6041,0.014982
6042,0.051093
6043,0.044599
6044,-0.029536
6045,-0.051659
6046,-0.062259
6047,-0.023103
6048,0.004741
6049,0.038919
6050,0.083174
6051,0.032972
6052,-0.000831
6053,-0.044273
6054,-0.053759
6055,-0.055714
6056,-0.003509
6057,0.066695
6058,0.059698
6059,0.028995
6060,0.006756
6061,-0.077049
6062,-0.118053
6063,-0.044736
6064,0.021134
6065,0.042695
6066,0.059725
6067,0.074203
6068,0.057843
6069,0.029320
6070,0.001581
6071,-0.033660
6072,-0.071861
6073,-0.052621
6074,-0.021824
6075,-0.039699
6076,-0.063864
6077,-0.021862
6078,0.007778
6079,0.018038
6080,-0.024092
6081,0.051621
6082,0.060868
6083,0.027866
6084,0.025035
6085,0.036170
6086,-0.010495
6087,0.008928
6088,0.015910
6089,-0.041057
6090,-0.049523
6091,0.011087
6092,-0.032610
6093,-0.049700
6094,-0.016014
6095,0.041451
6096,0.057007
6097,0.037536
6098,0.015943
6099,-0.048310
6100,-0.007634
6101,0.021885
6102,0.024049
6103,-0.005364
6104,-0.015726
6105,-0.010721
6106,0.019460
6107,0.011793
6108,-0.030952
6109,-0.028486
6110,-0.047104
6111,-0.052518
6112,-0.002895
6113,0.051416
6114,-0.015193
6115,-0.013460
6116,0.057376
6117,0.063027
6118,-0.005365
6119,-0.069034
6120,-0.050301
6121,-0.021403
6122,-0.019262
6123,-0.013171
6124,0.032855
6125,0.021113
6126,0.041361
6127,0.050492
6128,-0.020168
6129,-0.048683
6130,-0.019659
6131,0.006164
6132,0.017822
6133,-0.026683
6134,0.005223
6135,0.067376
6136,0.038963
6137,0.041988
6138,0.044211
6139,-0.000814
6140,-0.022543
6141,-0.012220
6142,-0.056707
6143,-0.075966
6144,-0.076622
6145,-0.045628
6146,0.019668
6147,0.034027
6148,0.070128
6149,0.024330
6150,-0.028401
6151,-0.031684
6152,0.018452
6153,0.054882
6154,0.039843
6155,-0.021242
6156,-0.038421
6157,-0.060959
6158,-0.029386
6159,-0.013435
6160,0.045220
6161,0.066920
6162,-0.029793
6163,-0.054212
6164,-0.010702
6165,0.010693
6166,0.051573
6167,0.018790
6168,-0.017291
6169,-0.001326
6170,0.000298
6171,-0.008161
6172,0.041719
6173,0.052470
6174,-0.002600
6175,-0.029203
6176,-0.007135
6177,-0.035675
6178,-0.047187
6179,-0.011704
6180,0.023847
6181,0.026635
6182,0.041474
6183,0.030062
6184,-0.015474
6185,-0.059956
6186,-0.042937
6187,-0.043465
6188,-0.101987
6189,-0.068051
6190,0.018761
6191,0.065509
6192,0.063145
6193,0.075386
6194,0.054982
6195,0.034896
6196,0.022398
6197,0.003904
6198,0.016240
6199,0.002766
6200,-0.003537
6201,-0.020246
6202,-0.078582
6203,-0.103478
6204,-0.027301
6205,0.034508
6206,0.046336
6207,0.086165
6208,0.039606
6209,0.024962
6210,-0.016745
6211,-0.051592
6212,-0.028947
6213,-0.036599
6214,0.000067
6215,0.019702
6216,0.051780
6217,0.045895
6218,-0.023083
6219,-0.050913
6220,-0.021603
6221,-0.047398
6222,-0.058293
6223,-0.052962
6224,-0.029912
6225,0.003251
6226,-0.012106
6227,0.019372
6228,0.033081
6229,0.017068
6230,0.021472
6231,0.047036
6232,0.064783
6233,0.069724
6234,0.067659
6235,0.031363
6236,-0.006159
6237,-0.059032
6238,-0.117889
6239,-0.094743
6240,-0.063305
6241,-0.011985
6242,0.051980
6243,0.067278
6244,0.071635
6245,0.089293
6246,0.043389
6247,-0.054217
6248,-0.101214
6249,-0.131633
6250,-0.067483
6251,-0.012684
6252,0.014062
6253,0.024664
6254,0.044139
6255,0.013580
6256,0.021814
6257,0.042026
6258,0.047096
6259,0.059583
6260,0.022725
6261,0.003421
6262,-0.020518
6263,-0.026324
6264,-0.011705
6265,-0.029722
6266,-0.009275
6267,-0.035549
6268,-0.028797
6269,-0.012399
6270,-0.008364
6271,-0.020402
6272,-0.047266
6273,-0.042797
6274,0.046240
6275,0.026661
6276,-0.010430
6277,0.034977
6278,0.038421
6279,0.051856
6280,0.046022
6281,-0.043403
6282,-0.032666
6283,-0.025975
6284,-0.023170
6285,-0.010635
6286,0.003713
6287,0.035561
6288,0.061826
6289,-0.012558
6290,-0.058047
6291,-0.065784
6292,-0.045942
6293,0.009321
6294,0.059757
6295,0.078193
6296,0.021276
6297,-0.048524
6298,-0.065073
6299,-0.024723
6300,-0.034995
6301,0.021523
6302,0.087528
6303,0.059867
6304,0.057357
6305,0.013440
6306,0.033405
6307,-0.010604
6308,-0.059534
6309,-0.064300
6310,-0.097121
6311,-0.049873
6312,0.016420
6313,0.041449
6314,0.055967
6315,-0.005175
6316,0.005804
6317,0.046241
6318,0.027621
6319,-0.002231
6320,0.008831
6321,0.019707
6322,0.006082
6323,0.008099
6324,-0.000929
6325,-0.036364
6326,-0.046002
6327,-0.082335
6328,-0.126894
6329,-0.098825
6330,-0.006302
6331,0.038314
6332,0.043353
6333,0.074585
6334,0.120297
6335,0.058411
6336,0.036742
6337,0.014898
6338,-0.022679
6339,-0.005041
6340,-0.032462
6341,0.007683
6342,0.001476
6343,-0.029571
6344,-0.024108
6345,-0.006643
6346,-0.026389
6347,-0.015930
6348,-0.046979
6349,-0.019092
6350,0.034374
6351,0.046419
6352,0.014474
6353,0.011949
6354,-0.022970
6355,-0.017941
6356,0.037193
6357,0.038912
6358,0.018553
6359,0.068570
6360,0.021146
6361,-0.015465
6362,-0.101162
6363,-0.146113
6364,-0.051367
6365,0.039666
6366,0.080131
6367,0.095177
6368,0.051951
6369,0.029447
6370,-0.048381
6371,-0.093013
6372,-0.076085
6373,-0.084262
6374,-0.038169
6375,0.016257
6376,0.003114
6377,0.036051
6378,0.074143
6379,0.059463
6380,0.043786
6381,0.017932
6382,0.000076
6383,-0.026940
6384,-0.013302
6385,0.019062
6386,0.001560
6387,0.023484
6388,0.046401
6389,0.002438
6390,-0.035838
6391,-0.077578
6392,-0.068167
6393,-0.043575
6394,-0.085350
6395,-0.024000
6396,0.031460
6397,0.023712
6398,0.023198
6399,0.061428
6400,0.050938
6401,0.039583
6402,0.030911
6403,0.043748
6404,0.069773
6405,0.021270
6406,-0.014948
6407,-0.037451
6408,-0.051188
6409,-0.082284
6410,-0.113409
6411,-0.069957
6412,0.007842
6413,0.000727
6414,0.033282
6415,0.033303
6416,0.010296
6417,-0.005631
6418,0.041056
6419,0.043364
6420,0.009275
6421,0.007705
6422,0.015311
6423,0.050843
6424,0.015331
6425,0.027425
6426,0.005579
6427,-0.050567
6428,-0.069514
6429,-0.022490
6430,-0.026110
6431,-0.016092
6432,0.003834
6433,0.016594
6434,0.006435
6435,-0.019516
6436,-0.011250
6437,0.011246
6438,0.036389
6439,0.020943
6440,-0.026115
6441,-0.013711
6442,-0.013685
6443,-0.035260
6444,0.020335
6445,-0.029068
6446,-0.006337
6447,0.068288
6448,0.081649
6449,0.081477
6450,0.028335
6451,-0.036825
6452,-0.022728
6453,-0.110242
6454,-0.123091
6455,-0.084228
6456,-0.079404
6457,-0.025281
6458,0.053430
6459,0.110410
6460,0.133487
6461,0.082975
6462,0.021040
6463,0.035283
6464,0.003977
6465,-0.016832
6466,-0.085194
6467,-0.113671
6468,-0.039448
6469,-0.005540
6470,0.008038
6471,0.028926
6472,0.073276
6473,0.031237
6474,0.048338
6475,-0.022433
6476,-0.077801
6477,-0.029711
6478,-0.037043
6479,-0.016463
6480,0.007597
6481,0.007028
6482,0.049108
6483,0.070363
6484,0.069144
6485,0.018961
6486,-0.022416
6487,-0.012030
6488,-0.001637
6489,-0.012224
6490,-0.037350
6491,-0.013531
6492,-0.005093
6493,0.003688
6494,0.054745
6495,0.037246
6496,-0.040368
6497,-0.021087
6498,-0.028029
6499,-0.018522
6500,-0.020057
6501,-0.047788
6502,-0.056811
6503,-0.055224
6504,-0.020895
6505,0.063711
6506,0.058445
6507,0.032943
6508,0.086460
6509,0.062366
6510,-0.005322
6511,0.003115
6512,-0.005497
6513,-0.036118
6514,-0.036514
6515,-0.072235
6516,-0.023675
6517,0.015278
6518,-0.027634
6519,-0.044988
6520,-0.029504
6521,-0.025993
6522,0.019171
6523,0.038602
6524,0.086986
6525,0.117771
6526,0.094693
6527,0.015477
6528,-0.057985
6529,-0.107385
6530,-0.144967
6531,-0.087292
6532,0.009948
6533,0.052277
6534,0.082921
6535,0.092660
6536,0.049489
6537,0.031419
6538,-0.017085
6539,-0.048005
6540,-0.002033
6541,-0.012463
6542,-0.057454
6543,-0.009338
6544,-0.065515
6545,-0.060713
6546,0.021057
6547,0.027699
6548,0.032413
6549,0.039956
6550,0.025198
6551,0.071885
6552,0.049687
6553,-0.026721
6554,0.002928
6555,-0.050751
6556,-0.086561
6557,-0.003188
6558,-0.021151
6559,-0.036064
6560,-0.012195
6561,0.012098
6562,-0.020195
6563,-0.043959
6564,-0.026037
6565,-0.024227
6566,0.041638
6567,0.061437
6568,0.021880
6569,0.039994
6570,0.070692
6571,0.000401
6572,-0.009289
6573,0.022446
6574,0.004005
6575,-0.024305
6576,-0.035281
6577,-0.034936
6578,-0.016443
6579,-0.003082
6580,0.004899
6581,0.022584
6582,-0.013019
6583,-0.059066
6584,-0.031490
6585,0.002493
6586,0.020836
6587,0.021298
6588,0.066035
6589,0.027619
6590,0.023682
6591,0.045984
6592,-0.005658
6593,-0.077440
6594,-0.075281
6595,-0.035478
6596,0.027935
6597,0.018883
6598,0.034463
6599,0.051862
6600,0.048503
6601,0.030615
6602,0.006035
6603,-0.008806
6604,-0.034211
6605,-0.076745
6606,-0.054888
6607,-0.045015
6608,-0.021539
6609,0.040577
6610,0.024400
6611,0.046755
6612,0.047824
6613,0.004244
6614,-0.038091
6615,-0.063804
6616,-0.028131
6617,-0.028899
6618,-0.013591
6619,-0.020904
6620,-0.035712
6621,0.015692
6622,0.034869
6623,0.032082
6624,0.009892
6625,-0.039849
6626,0.014563
6627,0.038183
6628,0.009675
6629,-0.023109
6630,-0.005478
6631,0.013505
6632,-0.001269
6633,-0.015553
6634,0.000685
6635,0.020160
6636,0.011169
6637,-0.004497
6638,0.027711
6639,0.026875
6640,0.006593
6641,-0.031923
6642,-0.048962
6643,-0.010310
6644,0.008437
6645,-0.010248
6646,-0.008756
6647,0.031387
6648,0.029697
6649,0.041979
6650,-0.004466
6651,0.027751
6652,0.053448
6653,0.034035
6654,0.000609
6655,-0.028359
6656,-0.064861
6657,-0.045464
6658,-0.030695
6659,-0.037008
6660,0.013108
6661,-0.014150
6662,-0.013316
6663,-0.008292
6664,-0.022057
6665,0.022302
6666,0.034571
6667,-0.010631
6668,-0.088812
6669,-0.064418
6670,-0.031389
6671,0.021816
6672,0.105015
6673,0.141909
6674,0.104103
6675,0.064025
6676,-0.018995
6677,-0.102483
6678,-0.135395
6679,-0.022264
6680,-0.007843
6681,0.022920
6682,0.038649
6683,0.058429
6684,0.064546
6685,-0.027504
6686,-0.042715
6687,-0.037359
6688,-0.041414
6689,0.023775
6690,0.052376
6691,0.095069
6692,0.071008
6693,0.030912
6694,-0.072693
6695,-0.121892
6696,-0.074475
6697,-0.019098
6698,0.001492
6699,-0.034664
6700,-0.016998
6701,-0.005847
6702,-0.001905
6703,-0.003593
6704,0.048564
6705,0.120773
6706,0.068292
6707,0.011870
6708,-0.045327
6709,-0.053474
6710,0.026057
6711,0.001924
6712,-0.042307
6713,-0.035746
6714,-0.072341
6715,-0.043348
6716,0.008393
6717,0.056399
6718,0.088226
6719,0.068117
6720,0.010042
6721,-0.049135
6722,-0.069384
6723,-0.087516
6724,-0.016499
6725,0.041045
6726,0.014577
6727,0.043815
6728,0.058410
6729,0.034591
6730,-0.021661
6731,0.006887
6732,-0.001472
6733,-0.046576
6734,-0.044904
6735,-0.014122
6736,-0.001405
6737,-0.006005
6738,-0.011202
6739,-0.003184
6740,0.016954
6741,-0.017558
6742,-0.036485
6743,-0.000090
6744,0.064283
6745,0.072252
6746,0.031710
6747,-0.006171
6748,-0.042036
6749,-0.023429
6750,-0.061989
6751,-0.074830
6752,0.028400
6753,0.071210
6754,0.071656
6755,0.015242
6756,-0.049432
6757,0.020935
6758,0.000382
6759,-0.010229
6760,-0.052272
6761,-0.021845
6762,0.029645
6763,0.079605
6764,0.063720
6765,0.023075
6766,-0.026051
6767,-0.037575
6768,-0.019037
6769,-0.061569
6770,-0.073474
6771,-0.055260
6772,-0.034364
6773,0.026484
6774,0.039454
6775,0.008652
6776,0.033116
6777,-0.019914
6778,-0.032788
6779,-0.006276
6780,0.021084
6781,0.027127
6782,0.073936
6783,0.059077
6784,0.012387
6785,-0.027540
6786,-0.037753
6787,-0.010047
6788,-0.009811
6789,0.003058
6790,-0.022169
6791,0.031536
6792,-0.012550
6793,-0.060465
6794,-0.025185
6795,-0.030360
6796,0.012968
6797,-0.014457
6798,-0.007565
6799,0.024163
6800,0.033021
6801,0.037063
6802,0.057350
6803,0.032712
6804,0.039904
6805,-0.012192
6806,-0.074450
6807,-0.033298
6808,-0.053929
6809,-0.075108
6810,-0.050922
6811,-0.006142
6812,0.043366
6813,0.079387
6814,0.055187
6815,0.065035
6816,0.042810
6817,0.024722
6818,0.010112
6819,-0.024216
6820,-0.080597
6821,-0.091112
6822,-0.010657
6823,0.024145
6824,0.017853
6825,0.057575
6826,0.093319
6827,0.041697
6828,0.003213
6829,-0.015370
6830,-0.026619
6831,-0.057625
6832,-0.072819
6833,-0.041920
6834,-0.037540
6835,0.013358
6836,0.018428
6837,0.022836
6838,0.066290
6839,0.007923
6840,0.017834
6841,0.005224
6842,-0.030437
6843,0.006212
6844,-0.021740
6845,-0.005065
6846,0.007606
6847,0.018495
6848,-0.034174
6849,-0.036294
6850,-0.041625
6851,-0.020735
6852,-0.000805
6853,0.054719
6854,0.022151
6855,0.004963
6856,0.057237
6857,0.029411
6858,-0.033081
6859,-0.038162
6860,-0.041053
6861,-0.030715
6862,0.007313
6863,0.051985
6864,0.013894
6865,-0.017846
6866,0.005538
6867,0.008722
6868,0.032060
6869,0.009161
6870,-0.007794
6871,-0.022005
6872,-0.026239
6873,-0.004236
6874,-0.024858
6875,0.025574
6876,0.016902
6877,-0.036826
6878,0.004210
6879,-0.028008
6880,-0.007844
6881,0.024856
6882,-0.008258
6883,0.045776
6884,0.028880
6885,-0.013318
6886,-0.033770
6887,-0.056784
6888,-0.044071
6889,0.007544
6890,0.024591
6891,0.041228
6892,0.048544
6893,0.063103
6894,0.037509
6895,0.022959
6896,-0.000596
6897,-0.052977
6898,-0.031868
6899,-0.011473
6900,-0.006506
6901,0.004873
6902,0.007954
6903,0.053685
6904,0.037900
6905,-0.048042
6906,-0.043192
6907,-0.075587
6908,-0.044406
6909,-0.045430
6910,-0.034298
6911,0.000754
6912,-0.035333
6913,0.017160
6914,0.043846
6915,0.025792
6916,0.070573
6917,0.039369
6918,0.042021
6919,0.006493
6920,-0.010822
6921,-0.006761
6922,-0.040451
6923,-0.021939
6924,-0.009606
6925,-0.036268
6926,-0.001646
6927,0.071509
6928,0.040001
6929,0.025865
6930,0.032272
6931,-0.014743
6932,-0.028976
6933,-0.028972
6934,-0.024116
6935,-0.064519
6936,-0.083040
6937,-0.017140
6938,0.022893
6939,0.042073
6940,0.043743
6941,0.037484
6942,0.050531
6943,0.050119
6944,0.022964
6945,0.036690
6946,0.011194
6947,-0.056459
6948,-0.072786
6949,-0.019720
6950,0.000446
6951,0.020545
6952,0.019263
6953,-0.048031
6954,-0.052167
6955,-0.060771
6956,-0.038730
6957,0.008682
6958,0.001709
6959,-0.000796
6960,0.055633
6961,0.078905
6962,0.070458
6963,0.017374
6964,0.014079
6965,-0.034239
6966,-0.017001
6967,-0.056711
6968,-0.067329
6969,-0.098808
6970,-0.024518
6971,0.026003
6972,0.026207
6973,0.062616
6974,163.505386
6975,1312.397827
6976,410.159729
6977,16.585817
6978,454.167969
6979,-45.792175
6980,-42.967575
6981,-30.252977
6982,-8.957393
6983,6.464523
6984,28.801619
6985,30.942268
6986,17.009895
6987,28.666983
6988,19.680071
6989,-6.398316
6990,-36.222134
6991,-46.908932
6992,-27.606768
6993,-2.292994
6994,12.522574
6995,13.660559
6996,11.429869
6997,7.011266
6998,6.645298
6999,9.300134
7000,26.500704
7001,28.389194
7002,15.063619
7003,-6.593625
7004,-36.742123
7005,-60.143982
7006,-51.722366
7007,-7.661240
7008,32.958706
7009,54.376881
7010,39.906479
7011,22.829552
7012,-9.913403
7013,-33.428154
7014,-47.491653
7015,-30.586039
7016,5.325243
7017,21.498121
7018,41.937683
7019,30.203600
7020,8.370050
7021,-22.084936
7022,-26.185402
7023,-11.987680
7024,-3.698071
7025,12.728020
7026,9.138933
7027,-9.192739
7028,-13.643882
7029,0.063526
7030,0.026277
7031,-0.003302
7032,0.003504
7033,0.007893
7034,-0.007777
7035,0.002384
7036,0.009691
7037,0.018345
7038,-0.027690
7039,-0.087113
7040,-0.065804
7041,-0.030977
7042,0.026696
7043,0.054815
7044,0.059875
7045,0.056828
7046,0.059720
7047,0.046723
7048,-0.030967
7049,-0.069083
7050,-0.031372
7051,0.012513
7052,-0.008233
7053,-0.041764
7054,-0.069699
7055,-0.073926
7056,-0.000898
7057,0.036956
7058,0.007645
7059,-0.039287
7060,0.018935
7061,0.042328
7062,0.037602
7063,0.024121
7064,-0.004085
7065,0.007549
7066,-0.002616
7067,-0.047831
7068,-0.025898
7069,0.026224
7070,0.023060
7071,-0.009770
7072,0.036605
7073,0.049617
7074,0.020000
7075,-0.017098
7076,-0.041892
7077,-0.084249
7078,-0.059465
7079,0.020273
7080,0.024791
7081,0.036452
7082,0.021986
7083,0.031168
7084,0.040220
7085,-0.041709
7086,-0.057518
7087,-0.022505
7088,-0.065633
7089,-0.025486
7090,-0.016057
7091,-0.017838
7092,0.039075
7093,0.055995
7094,0.046847
7095,0.025025
7096,-0.003884
7097,0.011277
7098,0.066230
7099,0.029900
7100,-0.009988
7101,-0.028563
7102,-0.018564
7103,-0.064802
7104,-0.076742
7105,-0.039104
7106,0.013295
7107,0.051058
7108,0.068791
7109,0.030969
7110,0.002868
7111,-0.033064
7112,-0.050902
7113,-0.057503
7114,-0.036109
7115,-0.046876
7116,-0.030905
7117,0.007410
7118,0.031196
7119,0.072028
7120,0.091509
7121,0.077518
7122,-0.002656
7123,-0.026085
7124,-0.023446
7125,-0.021499
7126,-0.042062
7127,-0.035428
7128,-0.018637
7129,0.029962
7130,-0.001980
7131,-0.002141
7132,0.039235
7133,0.032106
7134,0.019155
7135,-0.045793
7136,-0.097838
7137,-0.059353
7138,-0.082275
7139,-0.024533
7140,0.070267
7141,0.066416
7142,0.086767
7143,0.063010
7144,0.029738
7145,-0.005323
7146,-0.013177
7147,-0.045089
7148,0.007862
7149,0.047560
7150,-0.007923
7151,-0.036445
7152,-0.053733
7153,-0.047595
7154,-0.007759
7155,0.015452
7156,0.038237
7157,0.040996
7158,0.010424
7159,-0.004728
7160,-0.041745
7161,-0.048859
7162,0.007422
7163,0.022607
7164,-0.003176
7165,-0.000498
7166,-0.034525
7167,-0.090093
7168,-0.046618
7169,0.080451
7170,0.123342
7171,0.104465
7172,0.062047
7173,-0.014061
7174,-0.061769
7175,-0.066183
7176,-0.030698
7177,0.000292
7178,0.031238
7179,0.049063
7180,-0.000841
7181,-0.021806
7182,-0.050374
7183,-0.045148
7184,-0.016724
7185,-0.005552
7186,0.013251
7187,0.052824
7188,0.031073
7189,0.017807
7190,-0.024672
7191,-0.033667
7192,-0.030555
7193,-0.013228
7194,0.018109
7195,0.052963
7196,0.019898
7197,0.032260
7198,0.076784
7199,-0.002252
7200,-0.025332
7201,-0.033515
7202,0.016606
7203,-0.000294
7204,-0.002519
7205,-0.015109
7206,0.017485
7207,-0.031157
7208,-0.110355
7209,-0.133577
7210,-0.106002
7211,-0.023299
7212,0.015331
7213,0.059622
7214,0.081141
7215,0.066229
7216,0.076352
7217,0.067356
7218,0.063950
7219,0.037976
7220,0.017369
7221,0.001573
7222,-0.089680
7223,-0.152281
7224,-0.099271
7225,-0.051067
7226,0.009838
7227,0.106317
7228,0.104445
7229,0.049028
7230,0.015163
7231,-0.035080
7232,-0.029209
7233,-0.003186
7234,-0.033366
7235,-0.047715
7236,-0.031177
7237,0.058402
7238,0.048342
7239,-0.025689
7240,-0.012672
7241,-0.001778
7242,-0.025435
7243,0.026403
7244,0.044612
7245,-0.010138
7246,0.033262
7247,0.017606
7248,-0.049254
7249,-0.038166
7250,-0.046786
7251,-0.005613
7252,-0.007359
7253,-0.014299
7254,-0.010267
7255,-0.001712
7256,-0.019229
7257,0.014378
7258,0.037878
7259,0.024932
7260,0.023913
7261,0.038979
7262,-0.002487
7263,-0.020015
7264,-0.013812
7265,-0.013358
7266,-0.007180
7267,0.020964
7268,0.028449
7269,-0.010023
7270,-0.000355
7271,-0.008140
7272,-0.053726
7273,-0.034232
7274,-0.005227
7275,0.070122
7276,0.047113
7277,0.019942
7278,0.007065
7279,-0.036414
7280,-0.036737
7281,-0.024855
7282,-0.022784
7283,-0.032437
7284,0.017869
7285,0.042394
7286,0.047064
7287,0.046603
7288,0.020175
7289,-0.020736
7290,0.015915
7291,0.000361
7292,-0.018682
7293,-0.013256
7294,-0.057585
7295,-0.075625
7296,-0.098376
7297,-0.062359
7298,0.059217
7299,0.138574
7300,0.121154
7301,0.081954
7302,0.039584
7303,-0.031962
7304,-0.092545
7305,-0.089299
7306,-0.053479
7307,-0.019005
7308,0.022255
7309,0.060269
7310,0.033202
7311,0.036294
7312,0.014036
7313,0.009497
7314,0.018518
7315,-0.066759
7316,-0.079929
7317,-0.060713
7318,-0.013699
7319,0.017534
7320,0.016438
7321,0.041625
7322,0.039681
7323,0.027979
7324,0.019846
7325,0.016754
7326,-0.049728
7327,-0.073988
7328,-0.073004
7329,0.018489
7330,0.092626
7331,0.057599
7332,0.021160
7333,0.001212
7334,-0.022361
7335,-0.018459
7336,-0.020186
7337,0.014229
7338,0.009599
7339,-0.038547
7340,-0.033871
7341,-0.034869
7342,-0.009360
7343,0.016992
7344,0.032978
7345,0.013327
7346,0.013052
7347,0.000712
7348,0.001904
7349,0.024894
7350,0.045180
7351,0.061118
7352,0.011563
7353,-0.066512
7354,-0.073483
7355,-0.038652
7356,-0.023208
7357,0.019214
7358,0.023811
7359,0.027356
7360,0.017209
7361,-0.007571
7362,-0.047664
7363,-0.025347
7364,0.035019
7365,0.052845
7366,0.005854
7367,-0.055094
7368,-0.080843
7369,-0.041204
7370,0.018887
7371,0.036492
7372,0.028704
7373,0.047578
7374,0.062377
7375,0.031028
7376,0.046804
7377,0.013025
7378,-0.015618
7379,-0.074397
7380,-0.130676
7381,-0.082492
7382,-0.041907
7383,0.042395
7384,0.061764
7385,0.043630
7386,0.053253
7387,0.035194
7388,0.017559
7389,-0.003096
7390,0.008708
7391,-0.012880
7392,0.020531
7393,0.033988
7394,-0.004512
7395,-0.018709
7396,0.012407
7397,-0.001386
7398,-0.010382
7399,-0.035065
7400,-0.062728
7401,-0.070152
7402,-0.029630
7403,-0.012389
7404,0.019015
7405,0.045984
7406,0.018843
7407,-0.012258
7408,0.020277
7409,-0.018910
7410,-0.016771
7411,0.018814
7412,-0.011705
7413,0.036500
7414,0.062742
7415,0.037553
7416,0.026155
7417,-0.008756
7418,-0.059016
7419,-0.136985
7420,-0.074484
7421,0.040439
7422,0.021572
7423,0.042332
7424,0.030121
7425,0.012709
7426,0.031199
7427,0.007984
7428,-0.015123
7429,-0.009563
7430,-0.037278
7431,0.024690
7432,0.059520
7433,0.048555
7434,0.065030
7435,0.062348
7436,0.022073
7437,-0.075526
7438,-0.069964
7439,-0.044544
7440,-0.059189
7441,-0.041103
7442,-0.031674
7443,-0.031012
7444,-0.015469
7445,-0.036744
7446,-0.004132
7447,0.044590
7448,0.027373
7449,0.040871
7450,0.096180
7451,0.060519
7452,0.017255
7453,-0.067285
7454,-0.095335
7455,-0.043533
7456,-0.035354
7457,0.011920
7458,0.071961
7459,0.069729
7460,0.046612
7461,0.003636
7462,-0.051304
7463,-0.073330
7464,-0.106540
7465,-0.017746
7466,-0.042378
7467,-0.048647
7468,0.007554
7469,0.018470
7470,0.016219
7471,0.063472
7472,0.092607
7473,0.131961
7474,0.129473
7475,-0.006025
7476,-0.030562
7477,-0.049458
7478,-0.064790
7479,-0.108984
7480,-0.035546
7481,0.011521
7482,-0.030392
7483,-0.020049
7484,-0.009506
7485,-0.018956
7486,0.001667
7487,0.015645
7488,0.065335
7489,0.050855
7490,0.033044
7491,0.008989
7492,-0.036724
7493,-0.030405
7494,-0.025299
7495,-0.000002
7496,-0.012402
7497,-0.008720
7498,-0.004210
7499,0.025890
7500,0.019446
7501,0.030920
7502,-0.007341
7503,-0.015458
7504,-0.025705
7505,0.005745
7506,0.018619
7507,-0.051339
7508,-0.009155
7509,0.043255
7510,-0.009332
7511,-0.003009
7512,0.027896
7513,0.012773
7514,-0.005288
7515,-0.074208
7516,-0.004905
7517,0.021275
7518,0.021621
7519,0.070641
7520,0.041077
7521,-0.022852
7522,-0.035305
7523,-0.072874
7524,-0.031721
7525,0.003656
7526,-0.007787
7527,-0.000740
7528,0.002965
7529,0.030670
7530,-0.002609
7531,-0.001751
7532,0.006111
7533,0.032725
7534,0.047080
7535,0.022331
7536,-0.012737
7537,-0.033456
7538,-0.042941
7539,0.000840
7540,0.048617
7541,0.020659
7542,0.003331
7543,-0.017442
7544,-0.029188
7545,-0.035585
7546,-0.017904
7547,0.048966
7548,0.074993
7549,-0.005594
7550,-0.023891
7551,-0.008046
7552,0.013165
7553,-0.013199
7554,-0.027438
7555,-0.044581
7556,-0.000741
7557,0.019351
7558,-0.018618
7559,0.004601
7560,0.000706
7561,-0.005321
7562,0.030123
7563,0.024458
7564,0.011963
7565,-0.010843
7566,-0.068963
7567,-0.010432
7568,0.061523
7569,0.048732
7570,-0.006824
7571,-0.035624
7572,-0.094499
7573,-0.119616
7574,-0.066905
7575,0.010105
7576,0.059478
7577,0.077938
7578,0.080849
7579,0.074705
7580,0.038981
7581,0.039198
7582,0.020645
7583,-0.014810
7584,-0.010720
7585,-0.027207
7586,-0.063058
7587,-0.087553
7588,-0.063764
7589,0.012677
7590,0.046434
7591,0.090826
7592,0.063835
7593,0.009042
7594,-0.015323
7595,-0.048480
7596,-0.082296
7597,-0.002749
7598,0.071705
7599,0.043059
7600,-0.045485
7601,-0.082004
7602,0.005589
7603,0.017150
7604,0.028946
7605,0.026401
7606,0.034701
7607,0.053904
7608,0.018520
7609,-0.031351
7610,-0.110308
7611,-0.053565
7612,-0.017770
7613,-0.010800
7614,0.046139
7615,0.031492
7616,0.031152
7617,0.032108
7618,0.018606
7619,-0.017406
7620,-0.020507
7621,-0.027773
7622,-0.032169
7623,0.001501
7624,-0.057097
7625,-0.040726
7626,-0.011179
7627,0.017164
7628,0.077461
7629,0.047567
7630,0.064337
7631,0.051993
7632,0.017375
7633,-0.013956
7634,-0.013507
7635,-0.061774
7636,-0.052875
7637,-0.038574
7638,0.017172
7639,0.033652
7640,0.026779
7641,0.013989
7642,0.009222
7643,-0.023048
7644,-0.034318
7645,0.010569
7646,0.010431
7647,-0.019512
7648,0.065971
7649,0.080638
7650,-0.012574
7651,-0.016129
7652,-0.041361
7653,-0.051786
7654,-0.014449
7655,0.017392
7656,0.007728
7657,-0.050959
7658,-0.074716
7659,-0.018322
7660,0.037424
7661,0.061771
7662,0.068706
7663,0.042786
7664,-0.025120
7665,0.025593
7666,0.006398
7667,-0.050172
7668,-0.051739
7669,0.003231
7670,0.041057
7671,0.050352
7672,0.020171
7673,-0.044439
7674,-0.068597
7675,-0.053020
7676,-0.058371
7677,-0.016332
7678,-0.023006
7679,-0.011060
7680,0.062137
7681,0.062900
7682,0.067860
7683,0.094419
7684,-0.000900
7685,-0.031650
7686,-0.033837
7687,-0.017964
7688,-0.024645
7689,-0.028586
7690,-0.013298
7691,0.000378
7692,0.023315
7693,0.043018
7694,0.032415
7695,0.014991
7696,-0.014493
7697,-0.054654
7698,-0.042796
7699,0.011090
7700,0.043510
7701,0.020502
7702,-0.016667
7703,-0.028326
7704,-0.050527
7705,-0.039129
7706,-0.031796
7707,-0.010022
7708,0.002260
7709,-0.028492
7710,0.045862
7711,0.057520
7712,0.053537
7713,0.041136
7714,0.034098
7715,0.032034
7716,0.022342
7717,0.008785
7718,-0.035061
7719,-0.029946
7720,-0.067934
7721,-0.022190
7722,0.016618
7723,0.041173
7724,0.055387
7725,0.046722
7726,0.022373
7727,0.014231
7728,-0.013534
7729,-0.067139
7730,-0.071533
7731,-0.057882
7732,-0.039951
7733,-0.060385
7734,-0.016184
7735,0.007574
7736,0.034150
7737,0.080782
7738,0.068719
7739,0.022201
7740,0.017122
7741,0.001798
7742,0.002528
7743,-0.019911
7744,-0.007335
7745,0.000516
7746,0.030287
7747,0.021713
7748,-0.033811
7749,-0.018869
7750,-0.053745
7751,-0.004189
7752,-0.000208
7753,-0.002099
7754,0.043152
7755,0.037894
7756,-0.016033
7757,-0.010860
7758,-0.039701
7759,-0.027900
7760,0.042000
7761,-0.007004
7762,-0.051220
7763,-0.062320
7764,-0.082956
7765,0.006754
7766,0.002297
7767,0.056011
7768,0.120340
7769,0.065775
7770,0.077254
7771,0.035214
7772,-0.063475
7773,-0.070003
7774,-0.030629
7775,-0.059901
7776,0.016736
7777,0.052916
7778,0.028428
7779,0.009834
7780,-0.003265
7781,-0.040665
7782,-0.059509
7783,-0.069804
7784,-0.051094
7785,0.017530
7786,0.037865
7787,0.069412
7788,0.063499
7789,0.026615
7790,0.025819
7791,0.056805
7792,0.041058
7793,-0.022440
7794,-0.071041
7795,-0.090341
7796,-0.080750
7797,-0.025708
7798,0.012914
7799,0.078775
7800,0.049433
7801,0.000891
7802,-0.008083
7803,-0.029770
7804,-0.058100
7805,-0.076309
7806,-0.037534
7807,0.022784
7808,0.062646
7809,0.091280
7810,0.025237
7811,-0.029135
7812,-0.035344
7813,-0.035069
7814,-0.026990
7815,0.020912
7816,0.029415
7817,0.017042
7818,-0.001880
7819,0.026823
7820,0.037288
7821,-0.051277
7822,-0.050329
7823,-0.021486
7824,-0.006804
7825,0.007282
7826,0.024762
7827,0.014511
7828,-0.007281
7829,0.013138
7830,0.050110
7831,0.046854
7832,0.046963
7833,0.042913
7834,-0.027245
7835,-0.063551
7836,-0.091498
7837,-0.072219
7838,-0.045017
7839,-0.057028
7840,-0.050840
7841,-0.027262
7842,0.020060
7843,0.070307
7844,0.092604
7845,0.143072
7846,0.124922
7847,0.030956
7848,-0.009782
7849,-0.039586
7850,-0.107594
7851,-0.124919
7852,-0.055502
7853,-0.043200
7854,-0.034018
7855,0.018689
7856,0.059636
7857,0.107075
7858,0.077729
7859,0.027096
7860,-0.023461
7861,-0.042225
7862,-0.058298
7863,-0.087016
7864,-0.034957
7865,-0.008023
7866,-0.002996
7867,0.022542
7868,-0.014299
7869,-0.031559
7870,-0.003869
7871,0.025294
7872,0.057255
7873,0.062781
7874,0.050835
7875,0.042710
7876,-0.017309
7877,-0.057490
7878,-0.042978
7879,-0.033762
7880,0.023860
7881,0.012588
7882,0.023696
7883,0.043084
7884,0.010901
7885,-0.016016
7886,-0.026155
7887,-0.040439
7888,-0.031393
7889,-0.051712
7890,-0.017788
7891,0.015604
7892,0.048312
7893,0.082646
7894,0.041708
7895,0.025536
7896,0.058075
7897,-0.028916
7898,-0.111311
7899,-0.088482
7900,-0.090669
7901,-0.065968
7902,-0.013638
7903,0.030091
7904,0.089652
7905,0.082481
7906,0.065676
7907,0.057373
7908,0.048169
7909,0.057384
7910,0.042531
7911,0.007486
7912,-0.067943
7913,-0.128987
7914,-0.142172
7915,-0.139835
7916,-0.061910
7917,0.071111
7918,0.055153
7919,0.044710
7920,0.034610
7921,-0.021387
7922,-0.057708
7923,-0.062701
7924,0.023892
7925,0.075206
7926,0.026822
7927,0.041556
7928,0.078627
7929,0.021893
7930,-0.027094
7931,-0.022352
7932,-0.040064
7933,-0.042637
7934,0.007384
7935,0.006226
7936,0.015866
7937,0.051073
7938,-0.012499
7939,0.048325
7940,0.091397
7941,0.037950
7942,-0.053032
7943,-0.074611
7944,-0.064168
7945,-0.067927
7946,-0.013889
7947,-0.048584
7948,-0.041113
7949,0.019303
7950,0.034771
7951,0.077541
7952,0.054987
7953,0.039295
7954,0.035725
7955,0.004019
7956,-0.007701
7957,-0.029508
7958,-0.049214
7959,-0.023106
7960,-0.060998
7961,-0.095922
7962,-0.079404
7963,-0.023877
7964,0.018000
7965,0.035221
7966,0.064439
7967,0.081856
7968,0.083989
7969,0.089766
7970,0.072052
7971,-0.020201
7972,-0.060949
7973,-0.079727
7974,-0.081487
7975,-0.069342
7976,-0.078515
7977,0.014880
7978,0.089158
7979,0.117213
7980,0.080016
7981,0.060384
7982,0.013192
7983,-0.018372
7984,-0.067808
7985,-0.094332
7986,-0.057349
7987,-0.052816
7988,0.026382
7989,0.052044
7990,0.021881
7991,0.024370
7992,0.046191
7993,0.021461
7994,0.005784
7995,-0.026670
7996,-0.049474
7997,-0.044257
7998,-0.005485
7999,0.008256
8000,0.027120
8001,0.045180
8002,0.012398
8003,0.036541
8004,0.034091
8005,-0.051265
8006,-0.075455
8007,-0.069380
8008,-0.059769
8009,0.013272
8010,0.025991
8011,0.073810
8012,0.058990
8013,0.022746
8014,0.045523
8015,-0.038117
8016,-0.018660
8017,-0.074795
8018,-0.074606
8019,-0.027256
8020,0.013233
8021,0.022027
8022,0.027646
8023,-0.002162
8024,0.038115
8025,0.037639
8026,0.002900
8027,-0.005545
8028,0.005944
8029,-0.008970
8030,-0.027606
8031,-0.001853
8032,0.038002
8033,0.025527
8034,0.020775
8035,0.021895
8036,-0.052569
8037,-0.023282
8038,-0.053620
8039,-0.058623
8040,0.026437
8041,0.005930
8042,-0.013192
8043,0.016871
8044,-0.036006
8045,-0.044966
8046,-0.056799
8047,-0.001369
8048,0.078743
8049,0.023732
8050,0.050133
8051,0.035262
8052,-0.027604
8053,-0.011101
8054,-0.023656
8055,0.052456
8056,0.033204
8057,0.040274
8058,0.001199
8059,-0.069904
8060,-0.095509
8061,-0.069296
8062,-0.039256
8063,-0.024930
8064,0.035450
8065,0.110596
8066,0.123834
8067,0.105222
8068,0.013897
8069,-0.030333
8070,-0.040082
8071,-0.030229
8072,-0.078197
8073,-0.073278
8074,-0.100488
8075,-0.058575
8076,0.008085
8077,0.045025
8078,0.052396
8079,0.072229
8080,0.046356
8081,0.076420
8082,0.069758
8083,0.057085
8084,-0.008255
8085,-0.060125
8086,-0.086649
8087,-0.109981
8088,-0.074944
8089,-0.018851
8090,-0.018410
8091,0.015080
8092,0.040770
8093,0.044150
8094,0.014894
8095,0.016306
8096,-0.017328
8097,-0.015779
8098,0.039489
8099,0.050053
8100,0.037856
8101,0.041110
8102,-0.003267
8103,-0.040410
8104,-0.028420
8105,-0.003037
8106,-0.043220
8107,-0.051606
8108,-0.057269
8109,-0.019206
8110,0.013106
8111,0.027580
8112,0.044074
8113,0.036213
8114,0.013781
8115,-0.037637
8116,-0.032053
8117,-0.057805
8118,-0.026625
8119,0.046591
8120,0.051881
8121,-0.005277
8122,-0.031784
8123,-0.036805
8124,0.015701
8125,0.012265
8126,0.008456
8127,0.018087
8128,0.039841
8129,-0.003413
8130,-0.004967
8131,0.012862
8132,-0.005233
8133,-0.020222
8134,-0.015574
8135,0.003250
8136,-0.030004
8137,0.036314
8138,0.035546
8139,0.005371
8140,0.002186
8141,-0.064229
8142,-0.036185
8143,0.009090
8144,0.044379
8145,0.058010
8146,-0.012107
8147,-0.034869
8148,-0.008742
8149,-0.014350
8150,-0.049980
8151,0.011540
8152,0.047327
8153,0.008249
8154,0.009993
8155,-0.036127
8156,-0.061260
8157,-0.030101
8158,0.002831
8159,0.010219
8160,0.034776
8161,0.016785
8162,-0.033578
8163,-0.024170
8164,-0.001471
8165,0.033674
8166,0.046837
8167,0.031864
8168,0.023410
8169,-0.035532
8170,-0.037827
8171,-0.013982
8172,-0.023887
8173,0.009197
8174,0.020395
8175,0.015119
8176,0.012905
8177,0.016905
8178,-0.006677
8179,-0.029776
8180,-0.030874
8181,-0.017475
8182,-0.005432
8183,-0.022461
8184,-0.027891
8185,-0.006527
8186,0.011873
8187,0.062237
8188,0.044093
8189,0.047956
8190,0.011623
8191,-0.056990
8192,-0.060689
8193,-0.073515
8194,-0.076528
8195,0.026248
8196,0.027849
8197,-0.006862
8198,0.013167
8199,0.031545
8200,0.082937
8201,0.050946
8202,0.075465
8203,0.100557
8204,-0.019187
8205,-0.039110
8206,-0.059943
8207,-0.090137
8208,-0.005347
8209,-0.009546
8210,-0.007554
8211,-0.062536
8212,-0.043132
8213,0.001219
8214,0.001735
8215,0.031453
8216,0.032217
8217,0.001691
8218,-0.013253
8219,0.020680
8220,0.029872
8221,0.039557
8222,0.014438
8223,0.018068
8224,-0.007161
8225,-0.054495
8226,-0.085398
8227,-0.056070
8228,-0.008931
8229,-0.001714
8230,-0.012745
8231,0.011209
8232,0.036793
8233,0.092852
8234,0.071387
8235,0.012780
8236,0.030924
8237,0.022343
8238,0.016336
8239,-0.009162
8240,0.005208
8241,0.007631
8242,-0.034876
8243,-0.014631
8244,-0.019401
8245,-0.053043
8246,-0.085407
8247,-0.067943
8248,-0.081185
8249,-0.045270
8250,0.022285
8251,0.064318
8252,0.064036
8253,0.072515
8254,0.039098
8255,0.027628
8256,0.002466
8257,-0.003678
8258,-0.042435
8259,-0.056260
8260,-0.035672
8261,-0.019695
8262,0.002496
8263,0.058777
8264,-0.008093
8265,0.033503
8266,0.043126
8267,0.023572
8268,0.013449
8269,-0.056467
8270,-0.077226
8271,-0.086953
8272,-0.029829
8273,-0.014408
8274,-0.001349
8275,0.069356
8276,0.126979
8277,0.089205
8278,-0.007699
8279,-0.006432
8280,0.022340
8281,0.019455
8282,-0.012384
8283,-0.028242
8284,-0.061642
8285,-0.081429
8286,-0.024067
8287,-0.028763
8288,0.052049
8289,0.059995
8290,0.050650
8291,0.063377
8292,0.000190
8293,-0.072772
8294,-0.005734
8295,-0.043938
8296,-0.056479
8297,-0.079134
8298,-0.037858
8299,0.035072
8300,-0.009063
8301,0.018710
8302,0.033969
8303,0.012725
8304,0.000697
8305,0.024478
8306,0.004467
8307,0.004537
8308,0.033131
8309,0.015254
8310,-0.001830
8311,0.007696
8312,-0.008995
8313,-0.052980
8314,-0.037990
8315,-0.012906
8316,0.077184
8317,0.079932
8318,0.011982
8319,0.001808
8320,-0.017874
8321,-0.016896
8322,-0.000074
8323,-0.024602
8324,-0.072937
8325,-0.061347
8326,-0.040059
8327,-0.027621
8328,0.067544
8329,0.108627
8330,0.075032
8331,0.018852
8332,-0.026250
8333,-0.061120
8334,-0.041078
8335,-0.069043
8336,-0.003896
8337,0.030025
8338,0.109331
8339,0.090758
8340,0.006521
8341,-0.003948
8342,-0.083411
8343,-0.109644
8344,-0.053617
8345,-0.020031
8346,0.101959
8347,0.117483
8348,0.102945
8349,0.050507
8350,-0.063984
8351,-0.089489
8352,-0.060610
8353,-0.046849
8354,-0.007820
8355,-0.039159
8356,-0.040225
8357,-0.043871
8358,-0.066037
8359,-0.002235
8360,0.032194
8361,0.037512
8362,0.046145
8363,0.050303
8364,0.044741
8365,-0.002315
8366,-0.011338
8367,0.025095
8368,-0.031448
8369,-0.055724
8370,0.018151
8371,0.028010
8372,0.036532
8373,0.025117
8374,-0.011861
8375,-0.037354
8376,-0.041909
8377,-0.026210
8378,-0.000914
8379,0.037801
8380,0.061492
8381,0.027101
8382,-0.018957
8383,-0.064767
8384,-0.059475
8385,-0.009792
8386,0.028927
8387,0.018045
8388,-0.010441
8389,-0.028264
8390,-0.058760
8391,-0.041829
8392,0.021731
8393,0.055808
8394,0.099142
8395,0.102248
8396,0.035459
8397,-0.004577
8398,-0.013434
8399,-0.012637
8400,-0.022030
8401,-0.040711
8402,-0.071081
8403,-0.064217
8404,-0.029786
8405,0.008608
8406,0.017143
8407,0.042868
8408,0.016544
8409,0.032430
8410,0.006575
8411,-0.008378
8412,0.019098
8413,-0.018814
8414,-0.003946
8415,0.020336
8416,0.012489
8417,-0.011674
8418,-0.007827
8419,-0.019889
8420,-0.008078
8421,0.040861
8422,0.081455
8423,0.015382
8424,-0.039009
8425,-0.034758
8426,-0.065958
8427,-0.044516
8428,0.005805
8429,0.002454
8430,0.008210
8431,0.043073
8432,0.005429
8433,0.020999
8434,0.058122
8435,0.017334
8436,-0.010562
8437,-0.023516
8438,-0.073146
8439,-0.119858
8440,-0.080513
8441,-0.017127
8442,0.027547
8443,0.105190
8444,0.126402
8445,0.102032
8446,0.044649
8447,-0.020469
8448,-0.071711
8449,-0.040310
8450,-0.084466
8451,-0.074927
8452,-0.017720
8453,0.042517
8454,0.075594
8455,0.081066
8456,0.049890
8457,0.024030
8458,-0.000284
8459,-0.004263
8460,-0.026374
8461,-0.055019
8462,-0.066368
8463,-0.062332
8464,-0.065613
8465,-0.074002
8466,-0.038006
8467,0.020391
8468,0.087498
8469,0.080921
8470,0.037838
8471,0.044388
8472,0.028877
8473,0.029327
8474,0.014148
8475,0.032750
8476,0.023706
8477,-0.000126
8478,-0.061989
8479,-0.079192
8480,-0.041547
8481,-0.031149
8482,0.007709
8483,0.021517
8484,0.039771
8485,0.077138
8486,-0.003280
8487,-0.009960
8488,-0.073128
8489,-0.089041
8490,-0.013381
8491,0.046734
8492,0.020388
8493,-0.011119
8494,-0.019817
8495,0.009666
8496,-0.001796
8497,0.008560
8498,0.028924
8499,0.018940
8500,0.021875
8501,0.058830
8502,0.007015
8503,0.012349
8504,0.046773
8505,0.023786
8506,-0.041673
8507,-0.069204
8508,-0.083634
8509,-0.110469
8510,-0.037355
8511,-0.014714
8512,0.012644
8513,0.006273
8514,0.009165
8515,0.036654
8516,0.063268
8517,0.097674
8518,0.038291
8519,-0.033026
8520,-0.024433
8521,-0.046669
8522,-0.024899
8523,0.014019
8524,-0.029626
8525,-0.056170
8526,-0.010650
8527,0.004763
8528,0.057413
8529,0.100101
8530,0.077727
8531,0.017130
8532,-0.051736
8533,-0.073940
8534,-0.021715
8535,0.009878
8536,0.002853
8537,0.005321
8538,0.016451
8539,0.002352
8540,-0.057230
8541,-0.009872
8542,-0.049792
8543,-0.019646
8544,0.024820
8545,0.057437
8546,0.046293
8547,-0.003291
8548,-0.038551
8549,-0.065034
8550,-0.028982
8551,0.026019
8552,0.037117
8553,0.013265
8554,0.045063
8555,0.096237
8556,0.051947
8557,0.033350
8558,-0.008716
8559,-0.040588
8560,-0.059307
8561,-0.057242
8562,-0.011368
8563,-0.034971
8564,-0.048028
8565,-0.043660
8566,-0.048622
8567,-0.035254
8568,0.012473
8569,0.039486
8570,0.062711
8571,0.076038
8572,0.042447
8573,0.026928
8574,0.008475
8575,0.057717
8576,0.015961
8577,-0.039704
8578,-0.052752
8579,-0.061559
8580,-0.009607
8581,0.041518
8582,0.040004
8583,-0.019640
8584,-0.051690
8585,-0.041441
8586,-0.015375
8587,0.003933
8588,0.006579
8589,-0.010368
8590,-0.022157
8591,-0.014250
8592,0.020427
8593,-0.001252
8594,0.030538
8595,0.057049
8596,0.003490
8597,-0.025223
8598,-0.010879
8599,0.017580
8600,0.034925
8601,0.021499
8602,-0.035814
8603,-0.070416
8604,-0.073044
8605,-0.031416
8606,0.049243
8607,0.057081
8608,0.074884
8609,0.092426
8610,-0.009775
8611,-0.056550
8612,-0.064026
8613,-0.061423
8614,0.036578
8615,0.012625
8616,-0.005029
8617,0.022311
8618,0.075589
8619,0.035436
8620,-0.019223
8621,0.011849
8622,-0.044988
8623,-0.074741
8624,-0.074943
8625,-0.068839
8626,0.010242
8627,0.097433
8628,0.060801
8629,0.022368
8630,0.008926
8631,0.015637
8632,0.017869
8633,0.008550
8634,-0.015097
8635,-0.037218
8636,-0.040138
8637,-0.069143
8638,-0.102677
8639,-0.071659
8640,-0.012283
8641,0.022181
8642,0.076338
8643,0.107612
8644,0.076099
8645,0.049927
8646,0.041974
8647,0.036850
8648,0.009368
8649,-0.032553
8650,-0.053289
8651,-0.091423
8652,-0.092326
8653,-0.048613
8654,0.023802
8655,0.021580
8656,-0.023993
8657,-0.012434
8658,0.005128
8659,-0.035004
8660,0.014632
8661,0.047266
8662,0.017811
8663,0.028629
8664,0.051974
8665,0.073075
8666,0.062396
8667,-0.003796
8668,-0.056209
8669,-0.048339
8670,-0.048421
8671,-0.033073
8672,0.039004
8673,0.008521
8674,0.028797
8675,0.043904
8676,-0.009712
8677,0.006436
8678,203.419907
8679,1442.294434
8680,357.681519
8681,18.246279
8682,567.902222
8683,39.795990
8684,40.618496
8685,16.140879
8686,-17.431303
8687,-35.930634
8688,-9.108576
8689,35.594990
8690,54.647747
8691,41.726513
8692,19.901747
8693,-27.441063
8694,-57.800873
8695,-48.201633
8696,-31.297043
8697,-1.049147
8698,9.059581
8699,28.421093
8700,40.474461
8701,39.344894
8702,8.278055
8703,-17.604244
8704,-35.537300
8705,-26.575153
8706,-18.435427
8707,2.260991
8708,13.382443
8709,16.267776
8710,4.370858
8711,17.764677
8712,25.274406
8713,14.196542
8714,-16.376253
8715,-30.711000
8716,-27.511963
8717,-8.723371
8718,2.422053
8719,22.752527
8720,31.764297
8721,20.861778
8722,-2.962232
8723,-29.613642
8724,-33.243107
8725,-23.011557
8726,-10.176959
8727,-4.674346
8728,-28.465208
8729,-24.595188
8730,21.474438
8731,45.963108
8732,22.040730
8733,-0.061621
8734,-0.077631
8735,-0.054309
8736,-0.055847
8737,-0.001333
8738,0.035994
8739,0.046637
8740,0.003539
8741,0.036019
8742,0.003302
8743,0.019517
8744,0.050403
8745,0.042977
8746,0.033325
8747,0.033305
8748,0.021737
8749,0.036024
8750,-0.042506
8751,-0.046732
8752,-0.052190
8753,-0.009456
8754,-0.017123
8755,-0.097366
8756,-0.096887
8757,-0.062686
8758,-0.003874
8759,0.084224
8760,0.097976
8761,0.102407
8762,0.057370
8763,0.014501
8764,-0.028071
8765,-0.070087
8766,-0.029272
8767,-0.004575
8768,-0.017476
8769,0.001903
8770,0.002171
8771,0.007514
8772,-0.032647
8773,-0.048686
8774,0.017953
8775,0.072663
8776,0.051747
8777,0.068545
8778,0.042005
8779,-0.030593
8780,-0.046790
8781,-0.020287
8782,-0.046930
8783,-0.076867
8784,-0.053707
8785,-0.058703
8786,0.004428
8787,0.049318
8788,0.132906
8789,0.132366
8790,0.068103
8791,0.004862
8792,-0.041091
8793,-0.093477
8794,-0.091320
8795,-0.060053
8796,-0.059834
8797,0.000372
8798,0.003147
8799,0.004595
8800,0.055695
8801,0.035523
8802,0.002133
8803,0.015446
8804,0.059618
8805,0.037672
8806,0.027342
8807,-0.025071
8808,-0.021498
8809,0.016561
8810,-0.021090
8811,-0.041425
8812,-0.028408
8813,-0.019437
8814,-0.059292
8815,-0.038410
8816,-0.018293
8817,0.007104
8818,0.016959
8819,0.048842
8820,-0.001598
8821,-0.007416
8822,0.023264
8823,0.017110
8824,0.019476
8825,-0.020267
8826,-0.007999
8827,0.011325
8828,0.010744
8829,-0.014855
8830,-0.020483
8831,-0.058105
8832,-0.014253
8833,0.066789
8834,0.038758
8835,0.008119
8836,-0.022345
8837,0.002450
8838,0.020744
8839,0.005983
8840,-0.024669
8841,-0.034329
8842,-0.002883
8843,0.017923
8844,0.011783
8845,0.031171
8846,0.053484
8847,0.041827
8848,0.009745
8849,-0.056833
8850,-0.048744
8851,-0.026434
8852,-0.007724
8853,-0.069699
8854,-0.058026
8855,-0.019127
8856,0.060771
8857,0.096900
8858,0.078495
8859,0.054009
8860,0.018418
8861,-0.051310
8862,-0.094295
8863,-0.064722
8864,-0.055154
8865,-0.020289
8866,0.060773
8867,0.083717
8868,0.070207
8869,0.026427
8870,-0.024452
8871,-0.111629
8872,-0.069410
8873,-0.020891
8874,0.009290
8875,0.018250
8876,0.015959
8877,-0.011697
8878,0.006677
8879,0.035955
8880,0.042811
8881,0.034754
8882,0.025707
8883,0.045151
8884,0.020003
8885,-0.034201
8886,-0.040132
8887,-0.032385
8888,-0.010431
8889,0.042502
8890,-0.038149
8891,-0.062403
8892,-0.020761
8893,-0.053305
8894,-0.064665
8895,0.024843
8896,0.023301
8897,0.036053
8898,0.068208
8899,0.018447
8900,0.004300
8901,-0.026288
8902,0.023053
8903,0.035522
8904,0.041095
8905,-0.007084
8906,-0.079069
8907,-0.105757
8908,-0.041933
8909,0.002623
8910,0.017414
8911,0.059801
8912,0.072675
8913,0.049394
8914,-0.008566
8915,-0.021813
8916,-0.012768
8917,-0.018357
8918,0.002790
8919,0.012573
8920,-0.000800
8921,-0.008894
8922,-0.048917
8923,-0.026448
8924,0.010326
8925,0.016080
8926,0.001603
8927,-0.048778
8928,-0.047311
8929,-0.029195
8930,-0.002814
8931,0.044699
8932,-0.007978
8933,0.020417
8934,0.029651
8935,0.057946
8936,0.102317
8937,0.078147
8938,-0.007295
8939,-0.044579
8940,-0.045302
8941,-0.068041
8942,-0.106030
8943,-0.067095
8944,0.002599
8945,0.021285
8946,0.073752
8947,0.079431
8948,0.033441
8949,0.043293
8950,0.008445
8951,0.017570
8952,0.034312
8953,0.012623
8954,-0.032747
8955,-0.026268
8956,-0.044481
8957,-0.020071
8958,-0.054091
8959,-0.070745
8960,-0.031442
8961,0.028437
8962,0.066521
8963,0.048525
8964,0.105221
8965,0.081283
8966,0.014254
8967,0.006249
8968,-0.062935
8969,-0.043997
8970,-0.111018
8971,-0.129422
8972,-0.055142
8973,-0.021756
8974,0.001024
8975,0.114741
8976,0.134256
8977,0.127967
8978,0.126880
8979,0.037448
8980,-0.067452
8981,-0.100838
8982,-0.070899
8983,-0.092539
8984,-0.049935
8985,-0.036436
8986,-0.018835
8987,0.034499
8988,0.011322
8989,0.035599
8990,0.062856
8991,0.018388
8992,-0.011623
8993,-0.038473
8994,0.013433
8995,0.030415
8996,0.035720
8997,0.003890
8998,-0.019641
8999,0.054253
9000,0.021859
9001,-0.065849
9002,-0.035178
9003,0.002637
9004,-0.019684
9005,0.001911
9006,0.010321
9007,-0.024334
9008,-0.055728
9009,-0.019104
9010,-0.013821
9011,0.018196
9012,0.077039
9013,0.067860
9014,0.005834
9015,-0.056223
9016,-0.065030
9017,-0.036451
9018,-0.008486
9019,0.051181
9020,0.097401
9021,0.033009
9022,-0.038315
9023,-0.001272
9024,0.019829
9025,0.062375
9026,0.048412
9027,0.007569
9028,-0.026320
9029,-0.057565
9030,-0.044349
9031,-0.025250
9032,-0.038945
9033,0.005778
9034,-0.008260
9035,-0.088946
9036,-0.070608
9037,-0.060330
9038,-0.017174
9039,0.016298
9040,0.040258
9041,0.020447
9042,0.017380
9043,0.029801
9044,0.017822
9045,0.041508
9046,0.026823
9047,-0.052154
9048,-0.043042
9049,-0.021074
9050,-0.025770
9051,-0.010585
9052,0.017684
9053,0.035879
9054,0.043900
9055,0.024628
9056,0.011881
9057,0.023912
9058,0.016470
9059,0.023572
9060,0.003338
9061,-0.049629
9062,-0.048508
9063,-0.094288
9064,-0.036368
9065,-0.016344
9066,-0.010240
9067,0.024470
9068,0.019494
9069,0.005447
9070,0.037749
9071,0.029913
9072,0.046750
9073,0.052069
9074,0.014680
9075,-0.038862
9076,-0.042093
9077,-0.024222
9078,-0.017535
9079,0.010327
9080,0.029119
9081,-0.013762
9082,-0.069952
9083,-0.061655
9084,-0.030125
9085,-0.040640
9086,0.041042
9087,0.070022
9088,0.062693
9089,0.077526
9090,0.067463
9091,-0.042225
9092,-0.082905
9093,-0.042939
9094,-0.011432
9095,0.007006
9096,0.011460
9097,-0.012075
9098,-0.009568
9099,-0.001549
9100,0.017075
9101,0.035539
9102,0.033451
9103,0.006516
9104,-0.045386
9105,-0.024286
9106,-0.005115
9107,0.026077
9108,0.082455
9109,0.023739
9110,-0.009027
9111,-0.042929
9112,-0.085517
9113,-0.087758
9114,-0.061128
9115,0.030525
9116,0.067862
9117,0.086115
9118,0.076753
9119,0.013169
9120,-0.005998
9121,-0.025155
9122,-0.087263
9123,-0.045113
9124,-0.067672
9125,-0.065245
9126,-0.005987
9127,-0.024166
9128,0.051216
9129,0.123990
9130,0.108474
9131,0.096118
9132,-0.003963
9133,-0.012697
9134,-0.026921
9135,-0.016767
9136,-0.004059
9137,-0.041625
9138,-0.087131
9139,-0.094608
9140,-0.004354
9141,0.007460
9142,0.026302
9143,0.043686
9144,0.020053
9145,0.050055
9146,0.025450
9147,0.042819
9148,0.027783
9149,-0.025009
9150,-0.002462
9151,-0.009482
9152,-0.073960
9153,-0.115942
9154,-0.097112
9155,-0.022276
9156,0.043558
9157,0.074685
9158,0.055034
9159,0.092407
9160,0.045404
9161,-0.050127
9162,-0.112763
9163,-0.079889
9164,0.027142
9165,0.025482
9166,-0.010319
9167,0.040693
9168,0.027565
9169,0.028776
9170,0.045828
9171,-0.031879
9172,-0.010178
9173,0.017738
9174,0.033466
9175,0.035744
9176,-0.019501
9177,-0.075849
9178,-0.062803
9179,0.010180
9180,0.070969
9181,0.065298
9182,0.042396
9183,-0.018392
9184,-0.018335
9185,-0.051176
9186,-0.055988
9187,-0.025409
9188,-0.027739
9189,-0.109773
9190,-0.054465
9191,-0.009543
9192,0.059229
9193,0.069086
9194,0.070134
9195,0.104055
9196,0.013712
9197,0.001584
9198,-0.007038
9199,-0.104986
9200,-0.104665
9201,-0.025806
9202,0.092480
9203,0.097011
9204,0.106560
9205,0.084668
9206,-0.002247
9207,-0.065249
9208,-0.050314
9209,-0.058173
9210,-0.119515
9211,-0.077767
9212,-0.027147
9213,0.012415
9214,0.058955
9215,0.050851
9216,0.044215
9217,0.014450
9218,0.000018
9219,-0.020694
9220,0.040751
9221,0.055045
9222,-0.020019
9223,-0.067556
9224,-0.059511
9225,-0.043996
9226,0.034335
9227,0.037852
9228,-0.005088
9229,-0.006167
9230,0.031842
9231,0.051627
9232,216.440567
9233,1484.525635
9234,340.619965
9235,18.786123
9236,596.802856
9237,5.877544
9238,-0.377452
9239,-13.246067
9240,-26.158005
9241,-20.101141
9242,3.269020
9243,9.715311
9244,7.068919
9245,-3.493994
9246,-18.003002
9247,-9.886518
9248,3.158466
9249,7.402352
9250,16.641678
9251,25.956261
9252,21.243946
9253,16.401577
9254,5.837879
9255,-14.663747
9256,-14.022630
9257,-12.687759
9258,2.763362
9259,6.552798
9260,-6.058883
9261,-9.788678
9262,-15.089616
9263,-12.265929
9264,-7.723449
9265,-4.150090
9266,-0.197369
9267,6.966768
9268,12.086080
9269,7.551032
9270,0.792122
9271,-14.524890
9272,-18.698671
9273,-4.663461
9274,9.937923
9275,16.310862
9276,9.718192
9277,9.747226
9278,-4.683326
9279,3.082696
9280,4.556113
9281,1.168613
9282,13.493078
9283,6.474307
9284,-1.858504
9285,-5.395315
9286,-1.854923
9287,-0.044002
9288,-0.010450
9289,-0.017712
9290,-0.001952
9291,0.024723
9292,-0.039424
9293,0.033749
9294,0.046202
9295,-0.017860
9296,0.008493
9297,0.008313
9298,0.000708
9299,0.014406
9300,0.011386
9301,0.000025
9302,-0.057186
9303,-0.084455
9304,-0.086635
9305,-0.086232
9306,-0.038330
9307,-0.003698
9308,0.033174
9309,0.049431
9310,0.050875
9311,0.053736
9312,0.130356
9313,0.113150
9314,0.029249
9315,0.013818
9316,0.001894
9317,-0.063285
9318,-0.089180
9319,-0.081922
9320,-0.050389
9321,0.018335
9322,0.046338
9323,0.068868
9324,0.058592
9325,0.016740
9326,-0.034793
9327,-0.077027
9328,-0.029287
9329,-0.009931
9330,0.001308
9331,0.005813
9332,-0.013569
9333,-0.053277
9334,-0.051160
9335,-0.021458
9336,218.844788
9337,1492.453979
9338,337.417053
9339,18.887466
9340,603.004089
9341,22.263445
9342,-0.498837
9343,-36.790855
9344,-74.410072
9345,-71.127121
9346,-49.529823
9347,-30.891171
9348,2.426145
9349,49.248394
9350,68.423721
9351,67.828217
9352,38.875542
9353,-11.486990
9354,-47.789619
9355,-25.619919
9356,-2.221301
9357,23.917366
9358,18.269133
9359,-0.526166
9360,-14.968056
9361,-23.989803
9362,-13.010740
9363,1.590607
9364,24.922199
9365,24.705839
9366,14.740392
9367,-12.740048
9368,-22.906498
9369,-43.667919
9370,-20.689573
9371,-4.618867
9372,10.980556
9373,15.893049
9374,-2.870323
9375,-14.722571
9376,-15.417953
9377,18.863211
9378,45.406006
9379,44.394924
9380,39.634384
9381,25.083467
9382,17.351824
9383,-23.202791
9384,-68.323090
9385,-87.650497
9386,-53.660816
9387,-8.073641
9388,22.215645
9389,56.191952
9390,42.492886
9391,0.004605
9392,-0.004843
9393,-0.047051
9394,-0.030223
9395,-0.055595
9396,-0.022399
9397,-0.039874
9398,0.011387
9399,0.045669
9400,0.071806
9401,0.023653
9402,0.028226
9403,0.005168
9404,-0.012750
9405,0.001059
9406,-0.013361
9407,-0.006406
9408,-0.049693
9409,-0.060931
9410,-0.005102
9411,-0.005321
9412,0.025087
9413,0.073578
9414,0.053871
9415,0.060516
9416,-0.011701
9417,-0.066089
9418,-0.050558
9419,-0.036073
9420,-0.054564
9421,-0.042816
9422,-0.026274
9423,-0.032997
9424,0.030921
9425,0.063333
9426,0.100504
9427,0.117763
9428,0.051805
9429,0.025511
9430,-0.049343
9431,-0.081990
9432,-0.037119
9433,-0.017154
9434,0.053358
9435,0.027357
9436,-0.035416
9437,-0.044657
9438,-0.064430
9439,-0.066807
9440,-0.042977
9441,0.019673
9442,0.079950
9443,0.087503
9444,0.053437
9445,-0.034721
9446,-0.085887
9447,-0.017404
9448,-0.001666
9449,-0.024545
9450,0.029936
9451,0.058853
9452,0.021717
9453,-0.008799
9454,0.017204
9455,-0.021854
9456,-0.038269
9457,0.042720
9458,0.027234
9459,-0.015521
9460,0.060528
9461,0.091025
9462,0.059996
9463,0.000806
9464,-0.042397
9465,-0.056981
9466,-0.082874
9467,-0.133678
9468,-0.135509
9469,-0.079546
9470,-0.010717
9471,0.028294
9472,0.032312
9473,0.039786
9474,0.064813
9475,0.092231
9476,0.070911
9477,0.038891
9478,0.017563
9479,0.010841
9480,-0.013756
9481,-0.055681
9482,-0.050238
9483,-0.022041
9484,-0.062631
9485,-0.056075
9486,0.002177
9487,0.017538
9488,0.039103
9489,0.062991
9490,0.049534
9491,-0.001015
9492,-0.043300
9493,-0.008888
9494,-0.026245
9495,0.006183
9496,-0.000433
9497,-0.025220
9498,0.031612
9499,0.022255
9500,0.008106
9501,0.008382
9502,-0.005924
9503,0.020268
9504,0.020750
9505,0.013721
9506,0.004163
9507,-0.036482
9508,-0.055716
9509,0.004620
9510,0.032539
9511,0.009182
9512,-0.005942
9513,-0.033016
9514,-0.061613
9515,-0.007264
9516,0.003293
9517,0.033496
9518,0.050238
9519,0.003970
9520,0.012442
9521,-0.009882
9522,-0.043981
9523,-0.003215
9524,-0.018989
9525,-0.020831
9526,0.046423
9527,0.043108
9528,-0.005168
9529,0.017951
9530,-0.002474
9531,-0.001381
9532,0.006941
9533,-0.022856
9534,-0.026150
9535,-0.011151
9536,0.002741
9537,0.025153
9538,0.062956
9539,0.028975
9540,-0.026903
9541,-0.018946
9542,-0.019829
9543,-0.044593
9544,-0.033400
9545,0.013513
9546,0.019303
9547,0.011758
9548,0.023232
9549,0.008842
9550,0.010377
9551,0.019254
9552,-0.016071
9553,-0.058146
9554,-0.078515
9555,-0.129534
9556,-0.142961
9557,-0.008862
9558,0.061808
9559,0.125545
9560,0.158720
9561,0.115570
9562,0.070515
9563,0.076027
9564,0.018570
9565,-0.054545
9566,-0.130910
9567,-0.149219
9568,-0.107139
9569,-0.021943
9570,0.007569
9571,0.038841
9572,0.051877
9573,0.036201
9574,0.057794
9575,0.056808
9576,0.027436
9577,-0.047226
9578,-0.055583
9579,-0.042517
9580,-0.028317
9581,0.000290
9582,0.035539
9583,0.041251
9584,-0.000206
9585,-0.044872
9586,0.015438
9587,0.017203
9588,-0.002902
9589,0.000900
9590,0.018514
9591,0.015984
9592,-0.012453
9593,-0.033956
9594,-0.024013
9595,-0.021653
9596,-0.027585
9597,-0.001952
9598,0.010167
9599,0.036204
9600,-0.008953
9601,0.001927
9602,0.020147
9603,0.001815
9604,0.032991
9605,0.070520
9606,0.025475
9607,-0.030655
9608,-0.069028
9609,-0.076166
9610,-0.077927
9611,-0.038147
9612,0.039630
9613,0.056630
9614,0.034496
9615,0.032376
9616,0.030221
9617,0.010596
9618,-0.010649
9619,0.006639
9620,0.014592
9621,-0.025225
9622,0.016847
9623,-0.030113
9624,-0.054946
9625,-0.035014
9626,-0.024133
9627,0.017041
9628,0.039990
9629,0.041354
9630,-0.022319
9631,-0.025414
9632,-0.023698
9633,-0.005772
9634,0.047070
9635,0.039019
9636,0.045527
9637,0.005109
9638,-0.013217
9639,-0.017675
9640,-0.048507
9641,-0.092200
9642,-0.033901
9643,-0.024544
9644,-0.043639
9645,-0.002114
9646,0.037694
9647,0.069580
9648,0.095963
9649,0.056284
9650,0.044985
9651,0.018602
9652,-0.016433
9653,0.023167
9654,-0.021128
9655,-0.036842
9656,0.002620
9657,-0.023971
9658,-0.036400
9659,-0.051016
9660,-0.061784
9661,-0.016962
9662,0.031641
9663,0.037161
9664,0.005725
9665,-0.014052
9666,0.026897
9667,0.016863
9668,0.033106
9669,0.033376
9670,-0.032465
9671,-0.059160
9672,-0.049846
9673,-0.065102
9674,-0.028795
9675,0.009145
9676,0.036992
9677,0.041257
9678,0.003490
9679,0.013382
9680,0.014747
9681,0.007734
9682,0.010934
9683,-0.012215
9684,-0.038856
9685,-0.024546
9686,0.005504
9687,0.005364
9688,0.000513
9689,0.053190
9690,0.018450
9691,0.012237
9692,0.003757
9693,-0.023673
9694,-0.025072
9695,0.019984
9696,0.014079
9697,-0.003919
9698,-0.042373
9699,-0.004779
9700,-0.022889
9701,-0.029460
9702,0.018521
9703,0.037800
9704,0.017434
9705,0.048963
9706,0.018955
9707,-0.055281
9708,-0.039175
9709,-0.023177
9710,-0.009625
9711,0.017774
9712,0.090861
9713,0.053237
9714,0.016715
9715,-0.006498
9716,-0.039858
9717,-0.013294
9718,0.023145
9719,0.005452
9720,0.016717
9721,-0.023270
9722,-0.028722
9723,-0.008242
9724,-0.073592
9725,-0.116522
9726,-0.047445
9727,0.016368
9728,0.013797
9729,0.068476
9730,0.074924
9731,0.028324
9732,-0.015730
9733,-0.023711
9734,0.029989
9735,0.070199
9736,0.050166
9737,0.038037
9738,-0.063317
9739,-0.117509
9740,-0.126424
9741,-0.051676
9742,-0.016613
9743,0.027261
9744,0.081300
9745,0.071734
9746,0.028846
9747,0.009042
9748,0.038150
9749,0.026540
9750,0.021577
9751,0.013805
9752,-0.030140
9753,-0.077078
9754,-0.111764
9755,-0.079323
9756,-0.015926
9757,0.013176
9758,0.032893
9759,0.014499
9760,0.029898
9761,0.050628
9762,0.052335
9763,0.018536
9764,0.023495
9765,0.007833
9766,-0.016861
9767,-0.064605
9768,-0.062183
9769,0.006110
9770,0.010736
9771,0.035693
9772,0.059473
9773,0.030110
9774,0.031736
9775,0.049914
9776,-0.000456
9777,-0.064406
9778,-0.090725
9779,-0.062183
9780,-0.059452
9781,0.002285
9782,0.019125
9783,0.045569
9784,0.085033
9785,0.018817
9786,-0.012213
9787,-0.035608
9788,-0.053384
9789,-0.019475
9790,-0.020305
9791,-0.034329
9792,-0.015652
9793,-0.002722
9794,0.025994
9795,0.046151
9796,0.059015
9797,0.064656
9798,0.006043
9799,-0.030622
9800,-0.007933
9801,0.015984
9802,0.003828
9803,-0.051671
9804,-0.007479
9805,0.010648
9806,-0.011733
9807,-0.009313
9808,-0.041136
9809,-0.015512
9810,0.031511
9811,0.034453
9812,0.013023
9813,0.013030
9814,-0.011355
9815,0.029988
9816,0.022386
9817,-0.008058
9818,0.009212
9819,0.011051
9820,-0.038829
9821,-0.087614
9822,-0.067265
9823,-0.079106
9824,-0.040521
9825,0.071360
9826,0.087829
9827,0.102553
9828,0.069346
9829,0.023029
9830,0.001839
9831,-0.047190
9832,-0.049385
9833,-0.057695
9834,-0.062264
9835,-0.020613
9836,-0.013381
9837,0.101582
9838,0.097271
9839,0.050262
9840,0.067594
9841,0.047142
9842,-0.006056
9843,-0.058009
9844,-0.074580
9845,-0.051810
9846,-0.047294
9847,-0.065831
9848,-0.028775
9849,0.005212
9850,-0.007833
9851,-0.015217
9852,-0.002455
9853,0.004379
9854,0.068143
9855,0.092929
9856,0.046754
9857,0.013415
9858,0.003988
9859,-0.014687
9860,0.000919
9861,-0.019024
9862,-0.011583
9863,-0.027312
9864,-0.083835
9865,-0.087337
9866,-0.062998
9867,-0.077186
9868,-0.018805
9869,0.052581
9870,0.106812
9871,0.081587
9872,0.054515
9873,0.107243
9874,0.063544
9875,0.008996
9876,-0.037448
9877,-0.097839
9878,-0.076546
9879,-0.056881
9880,-0.057152
9881,-0.002494
9882,0.017846
9883,0.011070
9884,0.016336
9885,0.009290
9886,0.008749
9887,0.031547
9888,0.017031
9889,0.031435
9890,0.045149
9891,-0.012454
9892,-0.016539
9893,0.013924
9894,0.013834
9895,0.020192
9896,0.026484
9897,-0.002653
9898,-0.023086
9899,-0.046122
9900,-0.037424
9901,-0.036399
9902,-0.007087
9903,0.028219
9904,0.044090
9905,0.047387
9906,0.036877
9907,-0.057585
9908,-0.101167
9909,-0.065660
9910,-0.019666
9911,0.037788
9912,0.055968
9913,0.040067
9914,0.023651
9915,0.024410
9916,0.050945
9917,0.047429
9918,0.059292
9919,0.004041
9920,-0.077153
9921,-0.127255
9922,-0.087834
9923,-0.037583
9924,-0.034582
9925,-0.014628
9926,0.018884
9927,0.022085
9928,-0.000019
9929,0.003882
9930,0.027712
9931,0.014017
9932,0.033683
9933,0.006879
9934,0.024128
9935,-0.011873
9936,-0.035966
9937,-0.056885
9938,-0.050299
9939,0.023455
9940,0.043395
9941,0.094381
9942,0.069799
9943,0.049732
9944,0.037021
9945,-0.017267
9946,-0.038402
9947,-0.066762
9948,-0.051873
9949,-0.060192
9950,-0.046861
9951,0.033003
9952,0.040274
9953,0.022660
9954,-0.017053
9955,-0.063769
9956,-0.067231
9957,-0.015820
9958,-0.013741
9959,0.076523
9960,0.064468
9961,0.016093
9962,0.095650
9963,0.025725
9964,-0.028157
9965,-0.032779
9966,-0.030227
9967,-0.013153
9968,0.038166
9969,-0.023507
9970,0.026498
9971,0.002409
9972,-0.032962
9973,0.020527
9974,0.030688
9975,0.021175
9976,-0.011303
9977,-0.043807
9978,-0.064203
9979,-0.090014
9980,-0.019087
9981,-0.022933
9982,-0.034007
9983,0.012214
9984,0.042160
9985,0.085519
9986,0.105060
9987,0.056338
9988,0.061544
9989,0.035775
9990,-0.011599
9991,-0.050964
9992,-0.022491
9993,-0.069734
9994,-0.033087
9995,0.013409
9996,-0.011618
9997,-0.022354
9998,0.018926
9999,-0.018179
10000,-0.037253
10001,-0.081659
10002,-0.043804
10003,0.030101
10004,0.020708
10005,0.015502
10006,0.045447
10007,0.027713
10008,0.018182
10009,0.015485
10010,-0.014452
10011,0.011921
10012,0.007896
10013,0.026828
10014,0.027560
10015,-0.019664
10016,-0.026526
10017,-0.032483
10018,-0.046647
10019,-0.047963
10020,0.005391
10021,0.037536
10022,0.019387
10023,0.016107
10024,0.034898
10025,-0.007755
10026,-0.016969
10027,0.000324
10028,-0.001815
10029,-0.020531
10030,0.020119
10031,0.028312
10032,0.030832
10033,-0.045015
10034,-0.039761
10035,-0.072726
10036,-0.037324
10037,0.039041
10038,0.038605
10039,0.040816
10040,-0.008413
10041,-0.028269
10042,0.013979
10043,0.032454
10044,0.017124
10045,0.022341
10046,-0.001831
10047,-0.016361
10048,0.015227
10049,0.021169
10050,0.036843
10051,0.073898
10052,0.019910
10053,-0.034921
10054,-0.065099
10055,-0.067888
10056,-0.015853
10057,0.011064
10058,-0.004212
10059,0.001735
10060,-0.043704
10061,-0.100040
10062,-0.034211
10063,-0.020489
10064,0.013263
10065,0.001806
10066,0.027521
10067,0.068596
10068,0.085527
10069,0.057807
10070,0.064603
10071,0.061308
10072,0.009339
10073,-0.010138
10074,-0.042547
10075,-0.058940
10076,-0.029256
10077,-0.059849
10078,-0.041730
10079,-0.041080
10080,-0.036700
10081,-0.039045
10082,-0.048142
10083,-0.047327
10084,-0.009647
10085,0.026524
10086,0.040850
10087,0.052161
10088,0.059291
10089,0.043353
10090,-0.013078
10091,0.010175
10092,0.022841
10093,0.058479
10094,0.044611
10095,-0.016765
10096,-0.045274
10097,-0.072456
10098,-0.074681
10099,-0.028836
10100,0.007098
10101,0.063240
10102,0.084955
10103,0.048785
10104,-0.004269
10105,-0.030124
10106,-0.048427
10107,-0.063255
10108,-0.065590
10109,0.011714
10110,0.044717
10111,0.063878
10112,-0.008683
10113,-0.011899
10114,-0.007831
10115,0.010639
10116,-0.006525
10117,0.034255
10118,0.007264
10119,-0.037925
10120,-0.023777
10121,0.028881
10122,0.030608
10123,0.078871
10124,0.017759
10125,-0.022359
10126,-0.078444
10127,-0.110848
10128,-0.001221
10129,0.056382
10130,0.038224
10131,0.033128
10132,0.007055
10133,-0.053503
10134,-0.057263
10135,0.001017
10136,-0.034898
10137,0.024420
10138,0.069161
10139,0.030611
10140,0.003316
10141,-0.029651
10142,0.011322
10143,0.009518
10144,-0.020123
10145,0.012703
10146,0.047758
10147,0.050955
10148,0.009240
10149,-0.019930
10150,-0.025804
10151,-0.063867
10152,-0.094790
10153,-0.039184
10154,-0.001412
10155,0.073688
10156,0.086625
10157,0.069360
10158,0.037130
10159,0.024107
10160,0.009942
10161,-0.040250
10162,-0.043995
10163,-0.074774
10164,-0.098983
10165,-0.051132
10166,-0.013766
10167,0.009617
10168,0.013079
10169,0.044709
10170,0.049456
10171,-0.005415
10172,0.037296
10173,0.057178
10174,-0.002305
10175,0.049380
10176,-0.009492
10177,-0.084987
10178,-0.065081
10179,-0.034644
10180,0.046944
10181,0.069963
10182,0.042715
10183,0.038491
10184,0.021408
10185,-0.019783
10186,-0.052519
10187,-0.071798
10188,-0.057806
10189,-0.005288
10190,0.022651
10191,-0.008728
10192,0.005909
10193,0.018773
10194,0.005486
10195,0.022501
10196,-0.006515
10197,0.026414
10198,0.046276
10199,0.016046
10200,-0.020042
10201,-0.050291
10202,-0.016295
10203,-0.006694
10204,0.053602
10205,0.082852
10206,-0.012736
10207,-0.064575
10208,-0.033375
10209,-0.043326
10210,-0.054331
10211,-0.077530
10212,-0.056200
10213,0.034432
10214,0.039022
10215,0.061041
10216,0.086411
10217,0.087862
10218,0.051466
10219,-0.028676
10220,-0.036570
10221,-0.043548
10222,-0.059770
10223,-0.106235
10224,-0.068139
10225,-0.044264
10226,0.010670
10227,0.101514
10228,0.073974
10229,0.050424
10230,0.037220
10231,0.014129
10232,0.007832
10233,0.005922
10234,-0.013765
10235,-0.011451
10236,-0.001978
10237,-0.055378
10238,-0.064089
10239,0.003339
10240,240.042297
10241,1524.350098
10242,309.576508
10243,45.917439
10244,660.488770
10245,10.232227
10246,47.058716
10247,40.411263
10248,27.220901
10249,4.137098
10250,-28.482876
10251,-44.163399
10252,-44.015419
10253,-27.212973
10254,4.136107
10255,26.456785
10256,4.947240
10257,-15.432014
10258,0.865431
10259,37.032131
10260,54.308559
10261,48.648209
10262,4.924138
10263,-25.226635
10264,-51.977482
10265,-47.369476
10266,-13.174953
10267,2.157840
10268,15.623610
10269,13.443148
10270,7.342599
10271,-4.726379
10272,4.916350
10273,8.385211
10274,2.346122
10275,-3.259927
10276,9.207982
10277,16.128941
10278,-4.773979
10279,-5.720643
10280,-30.036575
10281,-20.827568
10282,-0.343146
10283,10.441463
10284,18.325369
10285,23.802624
10286,7.534823
10287,-15.302934
10288,-23.583927
10289,-14.709844
10290,12.677726
10291,24.375557
10292,28.947979
10293,23.194681
10294,2.098267
10295,-0.010943
10296,0.027949
10297,0.021183
10298,-0.014167
10299,-0.014981
10300,0.003693
10301,0.004470
10302,0.007776
10303,0.005766
10304,-0.015488
10305,0.041584
10306,0.013485
10307,-0.044758
10308,-0.033926
10309,-0.020219
10310,-0.036546
10311,-0.033430
10312,-0.065863
10313,-0.045988
10314,0.001132
10315,0.028219
10316,0.084541
10317,0.041534
10318,0.017732
10319,0.043283
10320,0.000859
10321,-0.019362
10322,-0.013844
10323,-0.048241
10324,0.008713
10325,-0.000211
10326,-0.015114
10327,0.076533
10328,0.036400
10329,0.004821
10330,-0.044570
10331,-0.066619
10332,-0.023680
10333,0.074079
10334,0.052152
10335,-0.002586
10336,-0.020427
10337,-0.011509
10338,0.034109
10339,-0.007693
10340,-0.018309
10341,-0.077407
10342,-0.057356
10343,-0.049591
10344,-0.022660
10345,0.004157
10346,0.035598
10347,0.045248
10348,0.060029
10349,0.101060
10350,0.116637
10351,0.091932
10352,0.004464
10353,-0.054701
10354,-0.105800
10355,-0.145901
10356,-0.076711
10357,-0.032596
10358,-0.000139
10359,-0.018206
10360,0.012156
10361,0.080129
10362,0.074961
10363,0.038667
10364,-0.009727
10365,-0.060610
10366,-0.018557
10367,-0.030775
10368,-0.004758
10369,-0.006468
10370,-0.001280
10371,0.001546
10372,0.037398
10373,0.002284
10374,0.030759
10375,0.076089
10376,0.014446
10377,0.007439
10378,-0.008233
10379,-0.023507
10380,-0.051799
10381,-0.094110
10382,-0.080309
10383,-0.019259
10384,0.042864
10385,0.053122
10386,0.020557
10387,0.006318
10388,-0.039744
10389,-0.048210
10390,-0.004582
10391,0.039326
10392,0.087622
10393,0.060795
10394,0.028083
10395,0.075917
10396,-0.002854
10397,-0.026443
10398,-0.023518
10399,-0.041688
10400,-0.039709
10401,-0.000560
10402,-0.015261
10403,-0.012107
10404,-0.041261
10405,-0.074864
10406,-0.054662
10407,0.020612
10408,0.050770
10409,0.064963
10410,0.050024
10411,0.038635
10412,0.029842
10413,-0.021024
10414,-0.000628
10415,-0.019160
10416,-0.040724
10417,-0.028933
10418,-0.012375
10419,-0.058333
10420,-0.024706
10421,0.014600
10422,-0.004961
10423,-0.010333
10424,-0.050464
10425,-0.018807
10426,0.009470
10427,0.022479
10428,0.052005
10429,0.072528
10430,0.077526
10431,0.073839
10432,0.066408
10433,0.044283
10434,0.018802
10435,-0.056722
10436,-0.101471
10437,-0.079098
10438,-0.049352
10439,-0.019159
10440,-0.004716
10441,0.017995
10442,0.021811
10443,0.000663
10444,-0.012914
10445,0.009669
10446,-0.005253
10447,0.002619
10448,0.030541
10449,0.000573
10450,-0.003517
10451,0.040704
10452,0.059274
10453,0.027413
10454,-0.007478
10455,-0.010959
10456,-0.025354
10457,-0.067556
10458,-0.046434
10459,-0.024356
10460,0.019500
10461,0.010273
10462,-0.010418
10463,-0.041308
10464,-0.018945
10465,-0.015081
10466,0.012636
10467,0.031369
10468,0.030131
10469,0.074303
10470,0.045773
10471,-0.026324
10472,0.004312
10473,-0.019255
10474,-0.038090
10475,-0.027781
10476,0.035096
10477,0.071604
10478,0.055727
10479,-0.004167
10480,-0.039528
10481,-0.083008
10482,-0.079681
10483,-0.058913
10484,-0.013262
10485,0.015844
10486,0.030754
10487,0.019073
10488,0.004227
10489,0.005235
10490,0.018330
10491,0.044821
10492,0.041030
10493,0.022043
10494,-0.018371
10495,-0.015099
10496,0.008307
10497,-0.000759
10498,-0.007323
10499,-0.046484
10500,-0.045418
10501,0.024415
10502,-0.004329
10503,0.017253
10504,-0.016821
10505,-0.036246
10506,-0.001437
10507,0.050913
10508,0.059423
10509,0.003096
10510,-0.010594
10511,-0.021923
10512,-0.029244
10513,0.003905
10514,0.016441
10515,-0.033316
10516,0.001336
10517,-0.012139
10518,-0.005502
10519,0.033514
10520,0.003624
10521,-0.012921
10522,-0.033489
10523,0.012021
10524,0.016659
10525,0.004195
10526,0.005662
10527,-0.016649
10528,0.014556
10529,0.031318
10530,0.013908
10531,-0.016697
10532,-0.002786
10533,-0.016848
10534,-0.061673
10535,0.001902
10536,0.015260
10537,0.045436
10538,0.034997
10539,-0.000458
10540,-0.045992
10541,-0.041071
10542,-0.026506
10543,0.002392
10544,-0.012391
10545,-0.018074
10546,0.006405
10547,-0.013080
10548,0.007090
10549,0.033205
10550,0.107588
10551,0.090374
10552,0.016815
10553,-0.007722
10554,-0.062194
10555,-0.092122
10556,-0.071509
10557,-0.030215
10558,0.028001
10559,0.081604
10560,0.123279
10561,0.038109
10562,-0.054559
10563,-0.078758
10564,-0.083115
10565,-0.037206
10566,-0.033750
10567,-0.027397
10568,-0.014173
10569,0.013845
10570,0.048365
10571,0.044363
10572,0.033805
10573,0.021731
10574,0.031152
10575,0.032324
10576,0.014647
10577,-0.029192
10578,-0.056504
10579,-0.031526
10580,-0.027930
10581,0.041212
10582,0.105937
10583,0.019312
10584,-0.032519
10585,-0.055677
10586,-0.072858
10587,-0.027339
10588,-0.007240
10589,-0.007565
10590,0.005016
10591,0.001171
10592,-0.023769
10593,-0.001624
10594,0.026326
10595,0.007197
10596,0.008850
10597,-0.047368
10598,-0.040098
10599,0.043306
10600,0.029671
10601,0.030992
10602,0.067350
10603,0.073601
10604,0.071982
10605,0.032032
10606,0.017163
10607,-0.059993
10608,-0.108529
10609,-0.135112
10610,-0.109486
10611,-0.020279
10612,-0.023641
10613,0.023635
10614,0.112581
10615,0.103987
10616,0.039907
10617,-0.027464
10618,-0.052169
10619,-0.021708
10620,0.008832
10621,-0.006878
10622,0.032691
10623,-0.025350
10624,-0.005617
10625,0.011539
10626,-0.007319
10627,0.026480
10628,0.033379
10629,-0.019156
10630,-0.015868
10631,-0.040572
10632,-0.003603
10633,0.011782
10634,0.067044
10635,0.037011
10636,-0.013529
10637,-0.090414
10638,-0.094790
10639,-0.033362
10640,-0.009428
10641,0.019851
10642,0.015278
10643,0.008507
10644,249.536102
10645,1493.181152
10646,297.134491
10647,89.725739
10648,692.233093
10649,-8.304149
10650,16.474827
10651,12.831838
10652,-15.337147
10653,-41.673687
10654,-45.353790
10655,-33.902313
10656,-12.615465
10657,40.441940
10658,60.316479
10659,62.384972
10660,26.892904
10661,16.345175
10662,5.580146
10663,-15.972433
10664,-23.645826
10665,-27.061359
10666,-25.706347
10667,-30.042295
10668,-27.715401
10669,-14.669861
10670,12.304840
10671,28.824284
10672,37.020233
10673,42.825558
10674,45.766827
10675,19.653683
10676,-21.725481
10677,-48.916004
10678,-50.720745
10679,-17.199492
10680,6.411825
10681,-3.716072
10682,-6.243297
10683,-2.014408
10684,10.624572
10685,14.750402
10686,0.470858
10687,-11.330880
10688,-8.273212
10689,16.121691
10690,20.137848
10691,30.567314
10692,8.564972
10693,-5.276389
10694,-10.579759
10695,-6.681063
10696,1.314634
10697,0.046838
10698,-6.398641
10699,-0.003626
10700,-0.003468
10701,0.045174
10702,0.023530
10703,0.012382
10704,0.048624
10705,0.061119
10706,0.075030
10707,-0.004788
10708,-0.069967
10709,-0.090430
10710,-0.085481
10711,-0.060191
10712,-0.063190
10713,-0.018426
10714,0.071973
10715,0.053174
10716,0.024450
10717,0.060612
10718,0.008888
10719,-0.025538
10720,-0.069360
10721,-0.034843
10722,0.008806
10723,0.031224
10724,-0.003593
10725,-0.046360
10726,-0.050494
10727,0.023051
10728,0.051195
10729,0.043623
10730,0.030811
10731,0.005012
10732,-0.008141
10733,-0.051965
10734,-0.010906
10735,0.019786
10736,0.012598
10737,-0.005500
10738,-0.020015
10739,0.022486
10740,-0.035625
10741,-0.019360
10742,0.030228
10743,0.015399
10744,0.038191
10745,0.015482
10746,0.006530
10747,0.012542
10748,-0.046557
10749,-0.052498
10750,0.009627
10751,0.014287
10752,0.004115
10753,0.003890
10754,0.047574
10755,0.010948
10756,-0.028803
10757,-0.070006
10758,-0.009782
10759,0.020043
10760,0.057649
10761,0.037832
10762,0.022753
10763,0.057691
10764,0.016348
10765,0.024770
10766,-0.013912
10767,-0.059009
10768,-0.073336
10769,-0.073302
10770,-0.011369
10771,0.024666
10772,0.005663
10773,-0.000399
10774,-0.007550
10775,-0.067032
10776,-0.031857
10777,-0.014248
10778,-0.031632
10779,0.046894
10780,0.063086
10781,0.038960
10782,0.068390
10783,0.053254
10784,0.029636
10785,-0.020482
10786,-0.054153
10787,-0.067738
10788,-0.051334
10789,-0.047645
10790,-0.031273
10791,-0.010425
10792,0.011907
10793,0.002791
10794,0.080046
10795,0.045936
10796,0.007519
10797,0.023034
10798,-0.076858
10799,-0.074353
10800,0.015331
10801,0.018870
10802,0.020228
10803,0.066535
10804,0.050157
10805,-0.005558
10806,-0.038164
10807,-0.036290
10808,-0.000927
10809,-0.016684
10810,-0.038461
10811,-0.018562
10812,-0.019629
10813,-0.007870
10814,-0.000031
10815,0.038123
10816,0.050308
10817,0.025927
10818,0.037237
10819,0.038697
10820,-0.007373
10821,0.006781
10822,-0.048407
10823,-0.098755
10824,-0.052886
10825,0.003770
10826,0.029565
10827,0.016642
10828,-0.009828
10829,-0.049661
10830,0.003474
10831,0.065278
10832,0.080989
10833,0.043934
10834,-0.008160
10835,-0.034322
10836,-0.047416
10837,-0.072729
10838,-0.050516
10839,-0.049607
10840,-0.016841
10841,0.051547
10842,0.102225
10843,0.101945
10844,0.062717
10845,-0.004538
10846,-0.041329
10847,-0.057774
10848,-0.066687
10849,-0.062796
10850,-0.047256
10851,-0.004958
10852,0.037288
10853,0.015154
10854,-0.007314
10855,0.005264
10856,0.067046
10857,0.041599
10858,-0.001498
10859,0.000871
10860,0.033319
10861,0.050769
10862,0.039359
10863,-0.020242
10864,-0.053004
10865,-0.052878
10866,-0.065002
10867,-0.036720
10868,-0.028701
10869,-0.033871
10870,0.005929
10871,-0.005468
10872,0.038229
10873,0.053616
10874,0.016408
10875,-0.005830
10876,-0.001626
10877,0.024621
10878,0.039434
10879,0.056124
10880,0.104840
10881,0.015516
10882,-0.062212
10883,-0.100538
10884,-0.065295
10885,-0.027260
10886,-0.015116
10887,0.032325
10888,0.012375
10889,-0.011093
10890,0.002573
10891,-0.005873
10892,0.027732
10893,0.040275
10894,-0.017012
10895,0.006921
10896,-0.015213
10897,-0.044518
10898,0.008721
10899,-0.022489
10900,-0.003989
10901,0.010299
10902,-0.012269
10903,-0.003794
10904,0.005528
10905,0.010420
10906,-0.015443
10907,0.002668
10908,0.019318
10909,0.001571
10910,0.007750
10911,0.000880
10912,0.012275
10913,0.022254
10914,0.008944
10915,0.026276
10916,0.007635
10917,-0.044816
10918,-0.034676
10919,-0.001932
10920,-0.001146
10921,-0.015438
10922,0.007045
10923,0.020999
10924,-0.004077
10925,0.011175
10926,0.026005
10927,0.014866
10928,0.025498
10929,0.024723
10930,-0.009266
10931,-0.017132
10932,-0.026710
10933,-0.035838
10934,-0.024657
10935,-0.001626
10936,0.013868
10937,0.021225
10938,0.024266
10939,0.041130
10940,-0.000463
10941,-0.001802
10942,-0.029560
10943,-0.070634
10944,-0.066734
10945,-0.036182
10946,0.006712
10947,0.037607
10948,0.011732
10949,0.021683
10950,0.025049
10951,-0.018336
10952,0.026780
10953,0.023969
10954,-0.005159
10955,0.007733
10956,-0.003711
10957,-0.013015
10958,-0.032088
10959,-0.009425
10960,-0.000743
10961,0.022444
10962,0.012044
10963,0.015770
10964,0.030061
10965,0.004390
10966,0.010746
10967,0.045656
10968,-0.027284
10969,-0.049082
10970,-0.040377
10971,-0.006160
10972,0.022631
10973,0.014247
10974,0.030233
10975,0.049429
10976,-0.027630
10977,-0.057708
10978,-0.076492
10979,-0.026084
10980,0.023865
10981,0.055670
10982,0.077207
10983,0.060880
10984,-0.017958
10985,-0.062056
10986,-0.043230
10987,-0.045881
10988,-0.057318
10989,-0.051484
10990,-0.031153
10991,0.012620
10992,0.049406
10993,0.024018
10994,0.044095
10995,0.047357
10996,0.060600
10997,0.099379
10998,0.033621
10999,-0.032022
11000,-0.037238
11001,0.000224
11002,0.001400
11003,-0.009239
11004,-0.034025
11005,-0.064282
11006,-0.067121
11007,-0.064902
11008,-0.000482
11009,0.021994
11010,0.025787
11011,0.066515
11012,0.062065
11013,-0.025253
11014,-0.039616
11015,-0.043649
11016,-0.019599
11017,0.003273
11018,0.006292
11019,0.001991
11020,0.045074
11021,0.010128
11022,-0.048192
11023,-0.023890
11024,0.013961
11025,0.000168
11026,-0.023399
11027,-0.033355
11028,-0.020249
11029,0.048008
11030,0.075718
11031,0.092307
11032,0.074948
11033,0.068577
11034,0.019885
11035,-0.065335
11036,-0.113240
11037,-0.080462
11038,-0.067731
11039,-0.017587
11040,-0.002487
11041,0.043673
11042,0.055755
11043,0.019392
11044,-0.003443
11045,-0.016527
11046,-0.015080
11047,-0.045156
11048,-0.051214
11049,0.000557
11050,0.039422
11051,-0.028548
11052,0.023638
11053,0.035072
11054,0.043685
11055,0.081060
11056,0.033772
11057,-0.025855
11058,-0.085869
11059,-0.116377
11060,-0.052723
11061,-0.019387
11062,-0.001346
11063,0.054098
11064,0.045395
11065,0.071751
11066,0.075138
11067,0.019724
11068,-0.017112
11069,0.013891
11070,-0.021212
11071,-0.031782
11072,-0.015758
11073,-0.057164
11074,-0.057496
11075,0.044601
11076,0.044571
11077,-0.005341
11078,0.000004
11079,-0.008355
11080,0.027503
11081,0.011115
11082,0.030693
11083,0.025512
11084,-0.056790
11085,-0.033457
11086,-0.040951
11087,-0.084839
11088,-0.036613
11089,0.056207
11090,0.015195
11091,0.039871
11092,0.067809
11093,0.038427
11094,-0.001200
11095,-0.059943
11096,-0.059117
11097,0.018953
11098,0.038588
11099,-0.011626
11100,0.004199
11101,0.011705
11102,0.005222
11103,-0.013723
11104,-0.059041
11105,-0.081545
11106,-0.052327
11107,0.031686
11108,0.044505
11109,0.072963
11110,0.118713
11111,0.100152
11112,0.048643
11113,-0.003447
11114,-0.061461
11115,-0.079686
11116,-0.065433
11117,-0.058011
11118,-0.057390
11119,-0.066705
11120,-0.043541
11121,-0.034114
11122,0.011792
11123,0.010628
11124,0.085741
11125,0.090772
11126,0.093512
11127,0.066538
11128,0.037201
11129,-0.016493
11130,-0.079590
11131,-0.049067
11132,-0.054401
11133,-0.084367
11134,0.001564
11135,0.056045
11136,0.032650
11137,0.029220
11138,0.051754
11139,0.030627
11140,0.020944
11141,-0.010433
11142,0.015668
11143,-0.051413
11144,-0.048441
11145,-0.059357
11146,-0.040102
11147,-0.011652
11148,-0.065097
11149,-0.041538
11150,0.051719
11151,0.044693
11152,0.017727
11153,0.000332
11154,-0.013956
11155,-0.010854
11156,0.027373
11157,0.068442
11158,0.025429
11159,-0.014409
11160,-0.055498
11161,-0.106239
11162,-0.070722
11163,-0.005354
11164,0.023634
11165,0.017207
11166,0.006341
11167,0.063394
11168,0.042138
11169,0.065469
11170,0.083660
11171,0.019624
11172,-0.021443
11173,-0.062668
11174,-0.061324
11175,-0.043179
11176,0.001595
11177,0.019353
11178,-0.016787
11179,0.006224
11180,0.015540
11181,-0.039254
11182,-0.038077
11183,0.039000
11184,0.059409
11185,-0.013327
11186,-0.021867
11187,-0.002437
11188,-0.013936
11189,0.007027
11190,0.015944
11191,-0.041095
11192,-0.022932
11193,0.047688
11194,0.045755
11195,0.028464
11196,0.045789
11197,0.045246
11198,0.029255
11199,-0.001871
11200,-0.030339
11201,-0.115545
11202,-0.137827
11203,-0.096929
11204,-0.015704
11205,0.024542
11206,0.001061
11207,0.033132
11208,0.059153
11209,0.042204
11210,0.007226
11211,-0.027156
11212,0.008946
11213,0.037830
11214,-0.005542
11215,0.010297
11216,0.006721
11217,-0.017376
11218,0.004994
11219,0.020600
11220,0.020985
11221,0.031918
11222,0.024560
11223,-0.009742
11224,-0.063342
11225,-0.053310
11226,-0.034034
11227,0.020739
11228,-0.020559
11229,-0.000461
11230,0.049383
11231,0.026029
11232,0.009463
11233,-0.019106
11234,-0.033583
11235,0.014207
11236,0.039413
11237,0.006624
11238,0.008336
11239,-0.017694
11240,-0.036901
11241,-0.012850
11242,-0.025909
11243,-0.017773
11244,0.017243
11245,0.052734
11246,0.041240
11247,0.034219
11248,0.020954
11249,0.045206
11250,0.022109
11251,-0.026006
11252,-0.114406
11253,-0.076145
11254,-0.056032
11255,-0.009346
11256,0.017989
11257,0.015625
11258,-0.005469
11259,-0.017158
11260,-0.037163
11261,0.005488
11262,0.062391
11263,0.054347
11264,0.054483
11265,0.006896
11266,-0.004638
11267,-0.050868
11268,-0.053002
11269,0.041490
11270,0.065292
11271,0.042462
11272,0.030280
11273,-0.001258
11274,-0.062376
11275,-0.055820
11276,-0.025595
11277,-0.014140
11278,-0.019988
11279,-0.029514
11280,0.002400
11281,-0.028071
11282,-0.012616
11283,0.067415
11284,0.098959
11285,0.065384
11286,0.061776
11287,0.006735
11288,-0.060042
11289,-0.051856
11290,0.001005
11291,0.075014
11292,-0.002560
11293,-0.069079
11294,-0.125945
11295,-0.112646
11296,-0.057772
11297,-0.006284
11298,0.091706
11299,0.125553
11300,0.095556
11301,0.009764
11302,-0.008589
11303,-0.063356
11304,-0.045662
11305,-0.001476
11306,0.031707
11307,0.025605
11308,0.022065
11309,0.008380
11310,-0.048570
11311,-0.021067
11312,-0.004813
11313,0.003413
11314,0.048017
11315,-0.011677
11316,-0.063264
11317,-0.059506
11318,-0.056922
11319,-0.036588
11320,-0.013215
11321,0.043482
11322,0.122798
11323,0.095460
11324,0.007596
11325,-0.073867
11326,-0.067230
11327,-0.007100
11328,0.053421
11329,0.045839
11330,-0.012832
11331,-0.078083
11332,-0.035367
11333,0.032743
11334,0.046322
11335,0.024457
11336,0.023830
11337,-0.005804
11338,-0.012132
11339,-0.058955
11340,-0.048313
11341,0.003082
11342,0.027271
11343,0.050439
11344,0.013579
11345,-0.007687
11346,-0.080825
11347,-0.120664
11348,-0.060276
11349,0.022448
11350,0.099346
11351,0.092339
11352,0.070897
11353,0.000036
11354,-0.060466
11355,-0.002011
11356,0.028284
11357,0.000419
11358,0.002513
11359,0.012942
11360,0.011637
11361,0.005993
11362,0.024633
11363,-0.006035
11364,-0.031462
11365,-0.050845
11366,-0.028535
11367,-0.012953
11368,0.007005
11369,0.040310
11370,0.048935
11371,0.049971
11372,0.040888
11373,-0.050147
11374,-0.049133
11375,-0.060432
11376,-0.091723
11377,-0.078113
11378,-0.056116
11379,-0.026699
11380,0.048219
11381,0.044763
11382,0.056966
11383,0.098464
11384,0.025190
11385,0.017536
11386,0.077812
11387,0.049777
11388,-0.012860
11389,-0.047638
11390,-0.064071
11391,-0.006976
11392,-0.001264
11393,-0.046287
11394,0.020961
11395,0.028492
11396,-0.027013
11397,-0.018144
11398,-0.031908
11399,-0.023983
11400,-0.010858
11401,-0.031837
11402,-0.001462
11403,0.001516
11404,0.005192
11405,-0.011972
11406,0.015521
11407,0.059608
11408,0.067662
11409,0.018137
11410,0.004682
11411,0.019168
11412,-0.013483
11413,-0.013814
11414,-0.020439
11415,0.008540
11416,0.015531
11417,0.021387
11418,0.002935
11419,-0.030045
11420,-0.048243
11421,-0.016729
11422,-0.030996
11423,-0.000879
11424,0.040106
11425,0.008430
11426,0.032314
11427,0.008815
11428,-0.007408
11429,-0.000831
11430,-0.029375
11431,0.014242
11432,-0.016864
11433,-0.074713
11434,0.002437
11435,0.017321
11436,-0.025973
11437,-0.006372
11438,0.041256
11439,0.039997
11440,-0.010199
11441,-0.064156
11442,-0.029069
11443,0.001192
11444,0.054517
11445,0.064696
11446,0.068632
11447,0.043306
11448,0.010133
11449,0.004928
11450,0.003649
11451,-0.053867
11452,-0.084746
11453,-0.023556
11454,-0.014971
11455,-0.062119
11456,-0.064677
11457,-0.032107
11458,0.026980
11459,0.042608
11460,0.079656
11461,0.059083
11462,0.003675
11463,-0.015882
11464,-0.001999
11465,0.003360
11466,0.049023
11467,0.020660
11468,0.006331
11469,0.030987
11470,-0.033843
11471,-0.062484
11472,-0.062081
11473,-0.057123
11474,-0.009489
11475,0.047970
11476,0.073524
11477,0.058363
11478,0.001205
11479,-0.034294
11480,-0.056651
11481,-0.061062
11482,-0.012334
11483,0.030542
11484,-0.000268
11485,0.003789
11486,0.014293
11487,0.022130
11488,-0.005998
11489,-0.020063
11490,-0.006537
11491,-0.041257
11492,-0.009077
11493,0.001384
11494,-0.000390
11495,-0.024647
11496,0.001326
11497,0.027640
11498,0.059960
11499,0.078738
11500,0.015504
11501,-0.023923
11502,0.018905
11503,0.021509
11504,0.032432
11505,-0.044043
11506,-0.116172
11507,-0.077006
11508,-0.029887
11509,0.008305
11510,-0.007952
11511,0.010787
11512,0.079462
11513,0.038811
11514,-0.028492
11515,-0.027784
11516,-0.037751
11517,-0.024752
11518,0.005809
11519,0.029497
11520,0.039187
11521,0.016158
11522,0.038756
11523,0.064598
11524,0.005719
11525,0.002856
11526,-0.033830
11527,-0.064850
11528,-0.004166
11529,-0.023376
11530,-0.053665
11531,-0.008813
11532,0.036389
11533,0.065681
11534,0.023720
11535,-0.000846
11536,-0.036485
11537,0.012492
11538,0.025252
11539,-0.019028
11540,-0.071539
11541,-0.108706
11542,-0.035091
11543,-0.003342
11544,0.052861
11545,0.032004
11546,0.067949
11547,0.085639
11548,0.040573
11549,-0.034728
11550,-0.050566
11551,0.029569
11552,-0.012881
11553,-0.039137
11554,-0.046604
11555,-0.059780
11556,-0.017543
11557,-0.036555
11558,-0.017694
11559,0.015530
11560,-0.011265
11561,0.028452
11562,0.044047
11563,0.088942
11564,0.090705
11565,0.021128
11566,-0.031874
11567,-0.084527
11568,-0.075739
11569,-0.008857
11570,0.057546
11571,0.071151
11572,0.035628
11573,-0.001701
11574,-0.000299
11575,0.017787
11576,-0.009316
11577,-0.044131
11578,-0.044719
11579,0.005506
11580,0.014554
11581,-0.008500
11582,0.042634
11583,0.002282
11584,-0.040559
11585,-0.030864
11586,-0.065306
11587,-0.037102
11588,-0.041599
11589,0.006849
11590,0.054199
11591,0.013665
11592,0.004150
11593,0.077502
11594,0.084980
11595,0.044529
11596,-0.006962
11597,-0.039010
11598,0.004078
11599,-0.074660
11600,-0.093675
11601,0.000491
11602,0.033657
11603,-0.001622
11604,-0.004102
11605,-0.031797
11606,-0.058164
11607,-0.040512
11608,0.010043
11609,0.068292
11610,0.080507
11611,0.074670
11612,0.039791
11613,0.016646
11614,-0.042946
11615,-0.068199
11616,-0.026662
11617,0.006436
11618,0.000607
11619,0.006694
11620,-0.007173
11621,-0.044357
11622,-0.050204
11623,-0.020232
11624,0.017046
11625,0.029644
11626,0.058120
11627,0.066411
11628,0.054725
11629,0.020279
11630,-0.013537
11631,-0.042922
11632,-0.037010
11633,-0.077481
11634,-0.089424
11635,-0.006693
11636,0.017058
11637,0.042382
11638,0.055259
11639,0.018272
11640,-0.012438
11641,0.040027
11642,0.012659
11643,0.007761
11644,-0.013422
11645,-0.055076
11646,-0.006737
11647,0.006535
11648,-0.004778
11649,-0.032607
11650,-0.025335
11651,0.009148
11652,0.010742
11653,0.044388
11654,0.013566
11655,0.063685
11656,0.084898
11657,0.028640
11658,0.010852
11659,-0.015534
11660,-0.092359
11661,-0.090278
11662,-0.079079
11663,-0.033380
11664,0.003275
11665,0.050316
11666,0.031442
11667,-0.026028
11668,-0.028833
11669,-0.020141
11670,0.024022
11671,0.065047
11672,0.102773
11673,0.078388
11674,-0.008480
11675,-0.046020
11676,-0.016873
11677,-0.024303
11678,-0.047377
11679,0.006450
11680,0.058050
11681,0.052060
11682,0.013057
11683,-0.049546
11684,-0.086722
11685,-0.077590
11686,-0.060594
11687,0.025753
11688,0.061776
11689,0.057171
11690,0.038363
11691,0.061964
11692,0.051663
11693,0.020544
11694,-0.010602
11695,-0.035328
11696,-0.024264
11697,-0.079648
11698,-0.029768
11699,-0.027031
11700,-0.010879
11701,0.010507
11702,0.032868
11703,0.024530
11704,-0.030690
11705,0.014488
11706,0.059437
11707,0.008788
11708,-0.025645
11709,-0.052098
11710,-0.032753
11711,-0.022344
11712,-0.054996
11713,-0.124975
11714,-0.038773
11715,0.027760
11716,0.136035
11717,0.123724
11718,0.049410
11719,-0.039149
11720,-0.046009
11721,0.011861
11722,0.052536
11723,0.005298
11724,-0.017419
11725,0.010260
11726,-0.026332
11727,-0.083074
11728,-0.083285
11729,0.045091
11730,0.079113
11731,0.076142
11732,0.019607
11733,-0.050728
11734,-0.061183
11735,-0.078418
11736,-0.094545
11737,-0.027330
11738,0.025377
11739,0.057480
11740,0.091604
11741,0.071225
11742,0.045036
11743,0.022775
11744,-0.049105
11745,-0.055562
11746,-0.062698
11747,0.027039
11748,0.096455
11749,0.032978
11750,-0.038505
11751,0.006423
11752,0.014680
11753,0.018744
11754,0.044003
11755,0.015376
11756,-0.009327
11757,-0.089190
11758,-0.108690
11759,-0.046838
11760,-0.023191
11761,-0.019665
11762,0.019425
11763,-0.009255
11764,-0.015112
11765,0.019599
11766,0.000807
11767,0.011184
11768,-0.007591
11769,0.048619
11770,0.048151
11771,0.006956
11772,0.032279
11773,0.068470
11774,0.034849
11775,-0.033581
11776,0.012113
11777,-0.005980
11778,-0.034717
11779,-0.014217
11780,0.020450
11781,-0.033385
11782,-0.039254
11783,-0.056731
11784,-0.075916
11785,-0.021192
11786,-0.000585
11787,-0.002388
11788,0.031261
11789,0.058696
11790,0.069524
11791,0.035024
11792,0.040876
11793,-0.005983
11794,0.010010
11795,-0.031606
11796,0.001561
11797,0.006651
11798,-0.061313
11799,-0.070533
11800,-0.013211
11801,0.046448
11802,0.057842
11803,-0.009889
11804,0.025407
11805,0.037127
11806,0.005509
11807,0.003926
11808,-0.001369
11809,-0.036199
11810,-0.012210
11811,-0.035028
11812,-0.050242
11813,-0.069842
11814,-0.086579
11815,-0.034411
11816,-0.009376
11817,0.032889
11818,0.073287
11819,0.073720
11820,0.057070
11821,0.035221
11822,-0.028580
11823,-0.115056
11824,-0.046920
11825,0.000336
11826,0.061564
11827,0.052858
11828,0.040300
11829,0.052074
11830,0.048628
11831,0.027785
11832,-0.005361
11833,-0.073830
11834,-0.074483
11835,-0.043254
11836,-0.007414
11837,-0.019001
11838,-0.033975
11839,-0.021999
11840,0.010958
11841,0.037877
11842,0.010368
11843,0.050848
11844,0.042134
11845,0.009542
11846,-0.016985
11847,0.018523
11848,0.013764
11849,-0.009991
11850,-0.050300
11851,-0.021115
11852,-0.047298
11853,-0.057081
11854,-0.021710
11855,0.007318
11856,0.050676
11857,0.075279
11858,0.086411
11859,0.078409
11860,0.000423
11861,-0.074735
11862,-0.112141
11863,-0.077438
11864,-0.034460
11865,0.026944
11866,0.031032
11867,-0.055572
11868,-0.024948
11869,0.065738
11870,0.058507
11871,0.024075
11872,-0.012078
11873,0.003004
11874,0.076619
11875,0.054882
11876,-0.020901
11877,-0.045869
11878,-0.059242
11879,-0.039951
11880,-0.001458
11881,0.015596
11882,0.017629
11883,0.068913
11884,0.050923
11885,0.037766
11886,0.000343
11887,-0.028571
11888,-0.042709
11889,-0.091409
11890,-0.050979
11891,-0.034575
11892,-0.002577
11893,0.027051
11894,0.006726
11895,0.027076
11896,-0.002818
11897,-0.028650
11898,0.005142
11899,-0.022342
11900,-0.004426
11901,0.010899
11902,0.031638
11903,0.045471
11904,-0.024303
11905,-0.061321
11906,-0.043249
11907,-0.029614
11908,0.051023
11909,0.058717
11910,0.026856
11911,0.043054
11912,-0.000419
11913,-0.012748
11914,-0.058285
11915,-0.056332
11916,-0.006783
11917,0.008842
11918,0.068491
11919,0.035897
11920,0.044502
11921,0.055410
11922,0.025723
11923,-0.010597
11924,-0.047783
11925,-0.080363
11926,-0.041972
11927,0.012417
11928,-0.023763
11929,-0.009568
11930,0.015759
11931,0.016647
11932,0.067165
11933,0.031846
11934,-0.043169
11935,-0.010383
11936,-0.042373
11937,-0.064390
11938,-0.009174
11939,0.001712
11940,-0.005760
11941,-0.004604
11942,-0.001565
11943,-0.034112
11944,0.015551
11945,0.071555
11946,0.054184
11947,0.035752
11948,0.039471
11949,0.032056
11950,0.007168
11951,-0.088280
11952,-0.097914
11953,-0.001537
11954,0.048581
11955,0.005102
11956,-0.001672
11957,-0.007470
11958,0.009162
11959,-0.017047
11960,0.039978
11961,0.007666
11962,-0.028402
11963,-0.019540
11964,-0.013549
11965,-0.026727
11966,-0.059656
11967,-0.012712
11968,0.068243
11969,0.008228
11970,-0.036485
11971,0.000621
11972,0.075841
11973,0.108782
11974,0.082765
11975,0.014235
11976,-0.058440
11977,-0.094113
11978,-0.068128
11979,-0.048221
11980,-0.035683
11981,-0.013453
11982,0.068838
11983,0.032746
11984,-0.028304
11985,-0.023789
11986,-0.034681
11987,-0.055290
11988,-0.016698
11989,0.017376
11990,-0.000838
11991,0.038819
11992,0.054900
11993,-0.003156
11994,-0.000900
11995,0.030068
11996,0.042913
11997,0.042350
11998,-0.012157
11999,-0.062227
12000,-0.048518
12001,-0.051081
12002,-0.016387
12003,0.032841
12004,0.015794
12005,0.045216
12006,0.058470
12007,0.005512
12008,0.016397
12009,-0.008614
12010,0.006741
12011,0.012805
12012,-0.029217
12013,-0.041947
12014,-0.069675
12015,-0.036710
12016,-0.012989
12017,0.009509
12018,-0.000783
12019,-0.013170
12020,0.011403
12021,0.023420
12022,0.040076
12023,0.091373
12024,0.043698
12025,-0.023823
12026,-0.062538
12027,-0.075081
12028,-0.036894
12029,-0.031015
12030,0.008118
12031,0.017416
12032,-0.032191
12033,-0.059403
12034,-0.020546
12035,0.013044
12036,0.079574
12037,0.108762
12038,0.070123
12039,0.026032
12040,0.015677
12041,-0.025156
12042,-0.049405
12043,-0.063407
12044,-0.077585
12045,-0.060831
12046,-0.044188
12047,-0.006990
12048,0.048370
12049,0.055095
12050,0.082120
12051,0.081597
12052,0.027058
12053,-0.012953
12054,-0.005581
12055,0.008922
12056,-0.041795
12057,-0.078428
12058,-0.068099
12059,-0.009983
12060,0.009182
12061,0.026284
12062,0.047618
12063,0.029469
12064,0.011505
12065,0.037776
12066,0.010682
12067,-0.020130
12068,-0.064306
12069,-0.054836
12070,-0.023743
12071,-0.033501
12072,0.019469
12073,0.054380
12074,0.014137
12075,-0.042179
12076,-0.046721
12077,-0.046786
12078,-0.036223
12079,-0.021246
12080,0.056014
12081,0.125212
12082,0.132440
12083,0.066546
12084,-0.002298
12085,-0.077915
12086,-0.087439
12087,-0.112632
12088,-0.011356
12089,0.039584
12090,0.008474
12091,0.034777
12092,0.044281
12093,-0.002090
12094,-0.001552
12095,-0.013241
12096,0.024121
12097,-0.011299
12098,-0.009799
12099,0.039066
12100,-0.033561
12101,-0.033637
12102,0.021309
12103,0.016124
12104,0.019058
12105,0.009505
12106,-0.004135
12107,-0.088073
12108,-0.029641
12109,0.027604
12110,-0.010147
12111,-0.060075
12112,-0.038873
12113,-0.040568
12114,0.033062
12115,0.060453
12116,0.069531
12117,0.082851
12118,0.057636
12119,0.037111
12120,-0.045930
12121,-0.036192
12122,-0.021431
12123,-0.017795
12124,-0.003467
12125,-0.035901
12126,-0.047092
12127,-0.032903
12128,-0.050423
12129,-0.063566
12130,-0.002645
12131,0.025786
12132,0.008722
12133,0.042264
12134,0.050470
12135,0.059333
12136,0.027344
12137,0.023087
12138,-0.018484
12139,-0.031858
12140,-0.041923
12141,-0.017213
12142,0.028365
12143,0.031207
12144,-0.003015
12145,-0.056444
12146,-0.056957
12147,-0.070076
12148,-0.027901
12149,0.032269
12150,0.090107
12151,0.085112
12152,0.052987
12153,0.037808
12154,-0.010480
12155,-0.041948
12156,-0.060405
12157,-0.036489
12158,0.024614
12159,0.020537
12160,0.041752
12161,0.015763
12162,-0.033302
12163,-0.061214
12164,-0.026951
12165,-0.034503
12166,0.008218
12167,0.054946
12168,0.081667
12169,0.052243
12170,-0.021933
12171,-0.051817
12172,-0.061704
12173,-0.050768
12174,0.008488
12175,0.021470
12176,-0.001891
12177,0.003136
12178,-0.000167
12179,-0.012767
12180,-0.001082
12181,0.000786
12182,-0.055305
12183,-0.054439
12184,0.013727
12185,0.080962
12186,0.042962
12187,0.034496
12188,0.027399
12189,0.012819
12190,-0.005665
12191,-0.033182
12192,-0.062440
12193,-0.025507
12194,-0.028705
12195,0.029127
12196,0.067855
12197,0.054728
12198,0.004319
12199,-0.037691
12200,-0.027800
12201,-0.107365
12202,-0.034972
12203,0.012376
12204,0.002581
12205,0.003215
12206,0.017380
12207,0.033750
12208,-0.009319
12209,0.038263
12210,0.009302
12211,0.027534
12212,0.056028
12213,0.024577
12214,-0.043979
12215,-0.078354
12216,-0.038068
12217,0.009267
12218,0.070264
12219,-0.010659
12220,-0.005931
12221,0.043942
12222,0.021259
12223,0.016455
12224,-0.042137
12225,-0.043414
12226,-0.090172
12227,-0.078344
12228,-0.050426
12229,0.000112
12230,0.031187
12231,-0.003336
12232,0.048583
12233,0.065698
12234,0.052509
12235,0.022643
12236,0.039770
12237,0.019947
12238,-0.020714
12239,-0.050064
12240,-0.091435
12241,0.019148
12242,0.011325
12243,0.025018
12244,0.032156
12245,-0.003397
12246,-0.019945
12247,-0.057408
12248,-0.025753
12249,-0.055966
12250,-0.015988
12251,0.052671
12252,0.079183
12253,0.017185
12254,0.021299
12255,0.008258
12256,-0.076292
12257,-0.053606
12258,-0.043358
12259,-0.042230
12260,0.033851
12261,0.039280
12262,0.056092
12263,0.034154
12264,0.037188
12265,-0.013879
12266,-0.011659
12267,0.007472
12268,0.041868
12269,0.035998
12270,0.004783
12271,-0.049760
12272,-0.108975
12273,-0.020624
12274,-0.002718
12275,0.014528
12276,0.029743
12277,0.058322
12278,0.029093
12279,-0.011811
12280,-0.036290
12281,-0.067955
12282,-0.083165
12283,-0.069359
12284,-0.012160
12285,-0.031735
12286,0.044190
12287,0.131343
12288,0.085620
12289,0.081845
12290,0.021631
12291,-0.003936
12292,-0.031610
12293,-0.059606
12294,-0.000990
12295,-0.011516
12296,-0.024879
12297,0.029722
12298,288.312866
12299,1365.573242
12300,246.196152
12301,269.079529
12302,793.307251
12303,31.499767
12304,34.708595
12305,19.498478
12306,8.539976
12307,-18.257923
12308,-20.112381
12309,-23.311350
12310,-18.574039
12311,-15.159036
12312,-4.063671
12313,25.389938
12314,40.433128
12315,49.400089
12316,21.936863
12317,-4.883111
12318,-24.815952
12319,-42.948132
12320,-30.126514
12321,-23.085356
12322,-1.937130
12323,-10.602361
12324,10.228364
12325,4.692929
12326,26.943832
12327,28.145702
12328,4.466658
12329,-11.380394
12330,-22.204760
12331,4.667090
12332,11.692206
12333,17.378521
12334,29.369196
12335,27.238077
12336,13.235776
12337,-20.250839
12338,-32.905041
12339,-45.767746
12340,-34.675091
12341,-32.009525
12342,-9.562923
12343,28.996315
12344,40.515732
12345,46.275295
12346,11.961717
12347,0.081728
12348,-25.730967
12349,-17.140467
12350,-11.392714
12351,2.296896
12352,4.466062
12353,0.001455
12354,-0.023122
12355,-0.048493
12356,-0.088443
12357,-0.073489
12358,-0.044514
12359,-0.005086
12360,0.000875
12361,0.069148
12362,0.093173
12363,0.063346
12364,0.054646
12365,0.029655
12366,-0.038980
12367,-0.044575
12368,0.005149
12369,-0.003612
12370,0.026088
12371,-0.013050
12372,-0.056069
12373,-0.056857
12374,-0.021397
12375,0.063756
12376,0.057408
12377,0.046967
12378,0.007184
12379,0.000176
12380,-0.018562
12381,-0.059129
12382,-0.018448
12383,-0.010896
12384,0.010245
12385,0.005750
12386,0.029550
12387,-0.015413
12388,0.026024
12389,-0.019263
12390,-0.077484
12391,-0.001312
12392,-0.023515
12393,0.023029
12394,-0.007904
12395,-0.016523
12396,-0.034017
12397,0.003119
12398,0.048154
12399,0.013077
12400,0.005436
12401,-0.019609
12402,0.006995
12403,0.049529
12404,0.027136
12405,0.003595
12406,-0.016165
12407,-0.045228
12408,-0.028097
12409,-0.010194
12410,-0.008725
12411,0.035450
12412,0.005479
12413,0.015343
12414,-0.031407
12415,-0.040384
12416,0.028283
12417,0.022764
12418,0.017776
12419,0.008441
12420,-0.030511
12421,-0.007541
12422,-0.000357
12423,0.017457
12424,0.031879
12425,0.021457
12426,-0.026084
12427,-0.017475
12428,-0.004334
12429,0.023065
12430,0.013563
12431,0.026674
12432,-0.036447
12433,-0.013048
12434,-0.019235
12435,-0.047212
12436,-0.047265
12437,-0.027267
12438,0.035642
12439,0.023914
12440,0.039144
12441,0.045413
12442,0.014477
12443,0.010075
12444,-0.005934
12445,0.012638
12446,-0.050989
12447,-0.058958
12448,-0.073904
12449,-0.010826
12450,0.015906
12451,0.073961
12452,0.064677
12453,-0.034424
12454,-0.021490
12455,-0.036360
12456,0.055362
12457,0.054354
12458,0.027775
12459,-0.002548
12460,-0.010930
12461,-0.060719
12462,-0.042870
12463,0.026639
12464,0.029625
12465,0.060903
12466,0.083426
12467,0.116564
12468,0.043664
12469,-0.003580
12470,-0.041832
12471,-0.105313
12472,-0.133062
12473,-0.133866
12474,-0.069573
12475,-0.041890
12476,0.053835
12477,0.032177
12478,0.014042
12479,0.071976
12480,0.007705
12481,-0.005364
12482,0.006578
12483,0.007651
12484,-0.023918
12485,0.026016
12486,-0.013370
12487,0.061750
12488,0.048827
12489,-0.053039
12490,-0.056773
12491,-0.056749
12492,0.038618
12493,0.047692
12494,0.013526
12495,-0.011923
12496,0.015831
12497,0.028575
12498,-0.003277
12499,-0.019408
12500,-0.050627
12501,-0.036694
12502,0.006038
12503,0.066499
12504,0.067241
12505,0.072348
12506,0.047528
12507,0.006251
12508,-0.074523
12509,-0.109140
12510,-0.065189
12511,-0.041836
12512,-0.037103
12513,0.014054
12514,0.030478
12515,0.019274
12516,0.059428
12517,0.035892
12518,0.028141
12519,-0.005904
12520,-0.032996
12521,-0.055570
12522,-0.013736
12523,0.033642
12524,-0.008353
12525,-0.000236
12526,0.021952
12527,0.052249
12528,0.069705
12529,0.016843
12530,-0.034945
12531,-0.119303
12532,-0.151448
12533,-0.023043
12534,0.018421
12535,0.035679
12536,0.107354
12537,0.064266
12538,-0.028309
12539,-0.033847
12540,-0.019787
12541,0.029577
12542,0.054195
12543,0.042276
12544,0.038353
12545,0.028697
12546,-0.052087
12547,-0.055015
12548,-0.023404
12549,-0.013379
12550,-0.004329
12551,-0.027925
12552,-0.012543
12553,0.031077
12554,0.020283
12555,-0.014136
12556,0.042001
12557,0.007957
12558,-0.003417
12559,0.006997
12560,-0.009173
12561,-0.051140
12562,-0.042154
12563,-0.052102
12564,-0.001436
12565,0.018088
12566,0.033861
12567,0.024730
12568,0.059585
12569,0.028416
12570,0.030560
12571,-0.003189
12572,-0.060840
12573,-0.018017
12574,-0.054103
12575,-0.136429
12576,-0.051805
12577,0.004221
12578,0.035841
12579,0.066747
12580,0.080711
12581,0.026139
12582,0.005706
12583,-0.009010
12584,-0.022476
12585,-0.008444
12586,-0.003491
12587,0.024337
12588,-0.025702
12589,0.007797
12590,0.039044
12591,0.029189
12592,0.068302
12593,-0.000531
12594,-0.026348
12595,-0.024629
12596,-0.005231
12597,-0.002942
12598,-0.031511
12599,-0.071511
12600,-0.045293
12601,-0.014996
12602,-0.003670
12603,0.037997
12604,-0.002587
12605,0.046682
12606,0.026074
12607,-0.067212
12608,0.005338
12609,0.014940
12610,0.038384
12611,0.096028
12612,0.054845
12613,0.007961
12614,-0.049706
12615,-0.029578
12616,-0.020261
12617,-0.045564
12618,0.034126
12619,0.019651
12620,-0.082639
12621,-0.054940
12622,0.014871
12623,0.054363
12624,0.065662
12625,0.044045
12626,-0.032878
12627,-0.078096
12628,0.021942
12629,0.047725
12630,0.029755
12631,0.026281
12632,0.017425
12633,-0.052236
12634,-0.074459
12635,-0.078630
12636,-0.004508
12637,0.027516
12638,0.014810
12639,0.031938
12640,0.026772
12641,0.042257
12642,0.026598
12643,-0.069609
12644,-0.051890
12645,0.030515
12646,0.042709
12647,0.027098
12648,-0.010830
12649,-0.027677
12650,-0.019223
12651,-0.042654
12652,-0.088598
12653,-0.048194
12654,0.025559
12655,0.075646
12656,0.091523
12657,0.029073
12658,-0.013309
12659,-0.068301
12660,-0.088904
12661,-0.017831
12662,0.059460
12663,0.060460
12664,0.063338
12665,0.064991
12666,-0.009169
12667,-0.062268
12668,-0.067471
12669,-0.053842
12670,-0.048568
12671,-0.012657
12672,-0.007876
12673,0.058789
12674,0.013506
12675,-0.000015
12676,0.020828
12677,0.036556
12678,0.015218
12679,-0.009316
12680,0.007252
12681,0.010492
12682,0.009319
12683,0.004685
12684,0.021603
12685,0.009954
12686,0.069895
12687,0.088979
12688,-0.016677
12689,-0.050198
12690,-0.062609
12691,-0.056842
12692,-0.096737
12693,-0.061746
12694,0.020888
12695,0.029511
12696,0.018464
12697,0.000125
12698,0.044008
12699,0.012837
12700,-0.057075
12701,-0.018334
12702,0.024059
12703,-0.005180
12704,-0.006418
12705,-0.012228
12706,-0.001914
12707,-0.018852
12708,-0.010567
12709,0.061202
12710,0.091744
12711,0.045356
12712,0.023958
12713,0.011517
12714,-0.018407
12715,-0.067570
12716,-0.096503
12717,-0.099925
12718,-0.029652
12719,0.017395
12720,0.062551
12721,0.108675
12722,0.053111
12723,0.000845
12724,-0.027852
12725,-0.021878
12726,-0.040910
12727,-0.069819
12728,-0.052424
12729,0.009851
12730,0.036362
12731,0.067550
12732,0.093795
12733,0.051408
12734,0.053346
12735,0.029262
12736,-0.033927
12737,-0.053864
12738,-0.065732
12739,-0.084218
12740,-0.067561
12741,-0.033792
12742,-0.019275
12743,0.018418
12744,0.054383
12745,0.056776
12746,0.086456
12747,0.059146
12748,0.015152
12749,0.007965
12750,-0.024181
12751,-0.041398
12752,-0.003106
12753,-0.044652
12754,-0.007070
12755,0.022229
12756,-0.005090
12757,-0.004307
12758,0.025835
12759,0.025486
12760,-0.028630
12761,-0.127504
12762,-0.111526
12763,-0.038629
12764,-0.027152
12765,0.023296
12766,0.090257
12767,0.113432
12768,0.096893
12769,0.083946
12770,0.015042
12771,-0.062548
12772,-0.126782
12773,-0.070610
12774,-0.038593
12775,-0.005442
12776,0.048289
12777,0.015473
12778,0.019828
12779,0.003461
12780,-0.031641
12781,-0.070681
12782,-0.019930
12783,0.015430
12784,0.011728
12785,0.035499
12786,0.044620
12787,0.062827
12788,0.071326
12789,0.048093
12790,0.032034
12791,-0.019968
12792,-0.067136
12793,-0.061551
12794,-0.033753
12795,0.024556
12796,0.015236
12797,0.007665
12798,-0.021766
12799,-0.038815
12800,-0.000155
12801,0.001966
12802,-0.026096
12803,-0.031847
12804,-0.027037
12805,-0.010442
12806,-0.021368
12807,-0.003874
12808,0.011616
12809,0.025814
12810,0.047908
12811,0.030730
12812,0.026724
12813,0.041351
12814,0.008400
12815,-0.019753
12816,-0.058570
12817,-0.036493
12818,-0.057654
12819,-0.038736
12820,0.032194
12821,0.077730
12822,0.061133
12823,0.048722
12824,0.021938
12825,-0.007379
12826,-0.039747
12827,-0.027807
12828,-0.023010
12829,-0.051994
12830,-0.034025
12831,-0.030353
12832,-0.037899
12833,0.026845
12834,0.025644
12835,0.000164
12836,0.027783
12837,0.039347
12838,0.052945
12839,0.057896
12840,0.076926
12841,0.037813
12842,-0.035217
12843,-0.036876
12844,-0.017460
12845,-0.028381
12846,-0.092478
12847,-0.097855
12848,-0.050859
12849,-0.053425
12850,-0.018576
12851,0.070331
12852,-0.022654
12853,-0.039768
12854,-0.022649
12855,-0.015882
12856,0.007237
12857,0.016264
12858,0.016285
12859,0.021841
12860,-0.003940
12861,-0.026687
12862,0.032786
12863,-0.004638
12864,0.054333
12865,0.034640
12866,0.050710
12867,0.047202
12868,0.022689
12869,0.040141
12870,-0.036718
12871,-0.037197
12872,0.009954
12873,0.030691
12874,-0.013172
12875,-0.008374
12876,0.037485
12877,0.014202
12878,-0.023646
12879,-0.030226
12880,-0.088346
12881,-0.066926
12882,-0.056155
12883,-0.036958
12884,0.001610
12885,0.073033
12886,0.113109
12887,0.080011
12888,0.074248
12889,0.079578
12890,-0.032649
12891,-0.074068
12892,-0.026967
12893,-0.027030
12894,-0.012466
12895,-0.072901
12896,-0.023842
12897,-0.037866
12898,-0.036963
12899,-0.035154
12900,-0.008972
12901,-0.023806
12902,-0.032418
12903,0.006528
12904,0.003479
12905,-0.021234
12906,0.030987
12907,0.077037
12908,0.037137
12909,0.025527
12910,-0.002875
12911,-0.052712
12912,-0.031115
12913,0.011935
12914,0.027870
12915,0.060673
12916,0.053936
12917,0.012907
12918,-0.025909
12919,-0.015415
12920,-0.006385
12921,-0.021334
12922,0.016235
12923,0.032429
12924,0.012925
12925,0.019744
12926,0.003518
12927,0.003910
12928,-0.036985
12929,-0.052407
12930,-0.023207
12931,0.012576
12932,0.038272
12933,0.037690
12934,-0.013829
12935,-0.011404
12936,-0.023195
12937,0.008049
12938,0.016691
12939,-0.012762
12940,-0.007486
12941,-0.039523
12942,-0.047717
12943,-0.008335
12944,0.027493
12945,0.052332
12946,0.049280
12947,0.080513
12948,0.029417
12949,-0.046233
12950,-0.043201
12951,-0.055320
12952,-0.044633
12953,-0.036317
12954,-0.028729
12955,-0.027317
12956,-0.048192
12957,-0.055867
12958,-0.026163
12959,0.012262
12960,0.081676
12961,0.086649
12962,0.023269
12963,-0.008024
12964,0.075440
12965,0.019663
12966,-0.072102
12967,-0.041181
12968,-0.002375
12969,0.021230
12970,0.023393
12971,0.043886
12972,0.033129
12973,-0.008357
12974,-0.009955
12975,0.002197
12976,0.010819
12977,0.006779
12978,-0.002787
12979,-0.000748
12980,0.018083
12981,0.007965
12982,-0.024150
12983,-0.017969
12984,-0.007477
12985,-0.038592
12986,-0.045668
12987,-0.011460
12988,0.007839
12989,0.044487
12990,0.017294
12991,0.016475
12992,0.019981
12993,-0.008925
12994,0.028257
12995,0.054322
12996,-0.013455
12997,-0.026807
12998,-0.054581
12999,-0.107870
13000,-0.039905
13001,0.008330
13002,0.040117
13003,0.053812
13004,0.106064
13005,0.039736
13006,0.025573
13007,-0.021926
13008,-0.040054
13009,-0.064964
13010,-0.119285
13011,-0.036140
13012,-0.001827
13013,-0.057625
13014,-0.014519
13015,0.003891
13016,0.023559
13017,0.022153
13018,0.068281
13019,0.059807
13020,0.054358
13021,0.040789
13022,-0.009453
13023,-0.006172
13024,-0.006708
13025,-0.024395
13026,0.053376
13027,0.032002
13028,-0.070086
13029,-0.088224
13030,-0.084178
13031,-0.048124
13032,0.046851
13033,0.081767
13034,0.090612
13035,0.060781
13036,0.019215
13037,-0.025139
13038,-0.038093
13039,0.008745
13040,0.022000
13041,0.020739
13042,0.006919
13043,-0.042753
13044,-0.110735
13045,-0.099460
13046,-0.046087
13047,-0.015177
13048,0.001426
13049,0.021158
13050,0.033583
13051,0.060080
13052,0.088560
13053,0.037940
13054,-0.024988
13055,-0.026536
13056,-0.042726
13057,-0.059580
13058,-0.031760
13059,0.025932
13060,0.053018
13061,0.066985
13062,-0.007939
13063,0.027596
13064,0.037585
13065,0.022704
13066,0.052214
13067,-0.030627
13068,-0.022115
13069,-0.007037
13070,-0.037208
13071,-0.070426
13072,-0.069418
13073,-0.061946
13074,-0.052980
13075,-0.050986
13076,0.011690
13077,0.108343
13078,0.064680
13079,0.011002
13080,-0.024130
13081,-0.024136
13082,0.021038
13083,-0.007565
13084,0.026672
13085,0.023057
13086,0.001784
13087,0.075688
13088,0.055250
13089,-0.020396
13090,-0.002298
13091,-0.006650
13092,-0.032230
13093,-0.021430
13094,-0.010781
13095,-0.016619
13096,-0.010565
13097,-0.002167
13098,-0.003314
13099,0.004768
13100,0.009516
13101,-0.002929
13102,-0.000360
13103,-0.017537
13104,-0.013154
13105,0.018722
13106,0.066419
13107,0.058478
13108,0.028818
13109,0.044909
13110,0.013931
13111,-0.065035
13112,-0.038131
13113,-0.014697
13114,-0.029964
13115,-0.002697
13116,-0.006199
13117,-0.006131
13118,-0.039855
13119,-0.045969
13120,-0.032777
13121,-0.034023
13122,0.015399
13123,0.047695
13124,0.016223
13125,0.027669
13126,-0.014556
13127,-0.010447
13128,0.028166
13129,-0.019576
13130,0.015996
13131,0.009931
13132,0.015831
13133,-0.000540
13134,-0.019870
13135,-0.022416
13136,-0.011889
13137,0.025589
13138,0.019200
13139,0.024346
13140,0.027121
13141,0.049912
13142,0.047250
13143,0.001774
13144,-0.056300
13145,-0.059467
13146,-0.079214
13147,-0.052580
13148,-0.003670
13149,-0.004107
13150,-0.018179
13151,-0.008953
13152,-0.022123
13153,-0.011045
13154,0.074920
13155,0.096590
13156,0.076718
13157,0.036955
13158,-0.023129
13159,-0.045220
13160,-0.027628
13161,-0.001757
13162,-0.024588
13163,0.000940
13164,0.036144
13165,-0.001599
13166,0.022386
13167,-0.022786
13168,0.003497
13169,-0.034525
13170,-0.070595
13171,-0.084704
13172,0.007064
13173,0.065707
13174,0.065187
13175,0.063800
13176,0.036485
13177,-0.017085
13178,-0.100393
13179,-0.081030
13180,-0.005848
13181,0.020753
13182,0.058812
13183,0.041165
13184,-0.002161
13185,-0.005369
13186,-0.060947
13187,-0.014267
13188,0.037125
13189,0.031708
13190,0.063656
13191,0.038829
13192,-0.069935
13193,-0.011998
13194,-0.027584
13195,-0.020394
13196,-0.033486
13197,-0.008992
13198,0.001523
13199,-0.038065
13200,0.002914
13201,-0.016689
13202,-0.019485
13203,-0.034687
13204,-0.018124
13205,0.024920
13206,0.037163
13207,0.001633
13208,0.020305
13209,0.070616
13210,0.077295
13211,0.027177
13212,-0.019168
13213,-0.045938
13214,-0.020148
13215,0.009237
13216,-0.017714
13217,0.051478
13218,0.069194
13219,-0.008112
13220,0.009658
13221,-0.059099
13222,-0.094149
13223,-0.025304
13224,-0.010638
13225,-0.046876
13226,0.010855
13227,0.044317
13228,0.007730
13229,0.039648
13230,0.010519
13231,-0.030008
13232,-0.041973
13233,-0.017566
13234,0.021563
13235,0.019310
13236,-0.031534
13237,-0.005117
13238,-0.005478
13239,0.012213
13240,-0.007770
13241,-0.013782
13242,-0.015429
13243,0.005227
13244,-0.018573
13245,-0.015542
13246,0.014623
13247,0.021083
13248,0.039115
13249,-0.012758
13250,-0.009074
13251,0.007448
13252,-0.008191
13253,-0.006420
13254,-0.013619
13255,-0.016274
13256,-0.013414
13257,0.001275
13258,-0.016703
13259,0.062022
13260,0.045364
13261,-0.007911
13262,-0.035728
13263,-0.023313
13264,0.002449
13265,0.032022
13266,0.067540
13267,0.046381
13268,0.064523
13269,0.006227
13270,-0.044023
13271,-0.052410
13272,-0.032788
13273,-0.026149
13274,0.010935
13275,-0.035906
13276,-0.037211
13277,-0.042086
13278,-0.022438
13279,0.009074
13280,0.036552
13281,0.048418
13282,0.087628
13283,0.023597
13284,0.000159
13285,-0.045568
13286,-0.077988
13287,-0.055759
13288,-0.070772
13289,-0.012380
13290,0.041523
13291,0.043077
13292,-0.003911
13293,0.018300
13294,-0.024965
13295,-0.013274
13296,-0.025088
13297,-0.021499
13298,0.012877
13299,0.043733
13300,0.065976
13301,0.030838
13302,-0.008558
13303,-0.082602
13304,-0.074907
13305,-0.060154
13306,0.036894
13307,0.047323
13308,0.090601
13309,0.099683
13310,0.019922
13311,-0.002033
13312,-0.057002
13313,-0.076989
13314,0.015546
13315,0.043561
13316,0.040731
13317,0.000774
13318,-0.007524
13319,-0.052887
13320,-0.100022
13321,-0.069702
13322,0.013899
13323,0.007810
13324,0.045782
13325,0.025725
13326,0.054832
13327,0.085627
13328,0.045902
13329,-0.022893
13330,-0.079871
13331,-0.075800
13332,-0.003777
13333,0.009984
13334,-0.040532
13335,-0.038447
13336,-0.047783
13337,0.038952
13338,0.114843
13339,0.107776
13340,-0.014624
13341,-0.043908
13342,-0.041338
13343,-0.059224
13344,-0.047864
13345,-0.021729
13346,-0.031175
13347,0.022941
13348,0.017201
13349,0.054344
13350,0.070015
13351,0.011769
13352,0.004255
13353,-0.014152
13354,-0.063517
13355,-0.042119
13356,0.007301
13357,0.027503
13358,0.013529
13359,0.010727
13360,0.012306
13361,0.021465
13362,0.032780
13363,0.077104
13364,0.049134
13365,0.006372
13366,-0.041419
13367,-0.048023
13368,-0.078880
13369,-0.041759
13370,0.012356
13371,-0.011851
13372,-0.031393
13373,-0.067095
13374,-0.013299
13375,0.010655
13376,0.048136
13377,0.007853
13378,0.038475
13379,-0.021912
13380,0.005304
13381,0.037354
13382,0.086824
13383,0.077981
13384,0.073999
13385,0.008453
13386,-0.043831
13387,-0.084843
13388,-0.122623
13389,-0.073673
13390,-0.013403
13391,-0.006668
13392,0.021415
13393,0.061566
13394,0.053114
13395,0.022808
13396,-0.027109
13397,-0.037383
13398,-0.035531
13399,0.009283
13400,0.044593
13401,0.017839
13402,-0.025038
13403,-0.031159
13404,-0.057921
13405,-0.005180
13406,0.022938
13407,0.037105
13408,0.050269
13409,0.004192
13410,-0.033603
13411,0.000534
13412,0.042467
13413,0.021655
13414,-0.012808
13415,-0.008665
13416,-0.029952
13417,0.023159
13418,0.005530
13419,0.005290
13420,-0.006301
13421,-0.019304
13422,0.057394
13423,0.043836
13424,0.008695
13425,-0.001520
13426,-0.026216
13427,-0.025452
13428,-0.057242
13429,-0.034408
13430,-0.033964
13431,-0.112191
13432,0.005613
13433,0.018460
13434,0.035867
13435,0.060212
13436,0.045910
13437,0.070161
13438,0.053467
13439,0.027365
13440,0.017101
13441,-0.031072
13442,0.012536
13443,0.027817
13444,-0.043728
13445,-0.049720
13446,-0.041573
13447,-0.042752
13448,0.013231
13449,0.001747
13450,-0.053976
13451,-0.055163
13452,-0.104016
13453,-0.046534
13454,0.005641
13455,0.013058
13456,-0.000441
13457,0.038357
13458,0.076155
13459,0.056106
13460,0.088392
13461,0.077308
13462,0.084781
13463,0.074075
13464,-0.026436
13465,-0.087573
13466,-0.113022
13467,-0.057980
13468,-0.029998
13469,0.042654
13470,0.040769
13471,-0.037613
13472,-0.042632
13473,-0.093727
13474,-0.045603
13475,-0.016315
13476,0.017432
13477,0.106355
13478,0.096547
13479,0.049705
13480,0.064096
13481,-0.000044
13482,-0.035157
13483,-0.041733
13484,-0.047241
13485,0.021192
13486,0.020898
13487,-0.061101
13488,-0.044253
13489,-0.029539
13490,-0.028263
13491,-0.010696
13492,0.006133
13493,0.026980
13494,0.014764
13495,0.018333
13496,0.115362
13497,0.025695
13498,-0.022336
13499,-0.031553
13500,-0.094489
13501,-0.004179
13502,0.010543
13503,0.013084
13504,0.091941
13505,0.053164
13506,-0.016264
13507,0.009521
13508,-0.034913
13509,-0.012753
13510,-0.065795
13511,-0.073584
13512,-0.056866
13513,-0.051679
13514,0.024141
13515,0.030114
13516,0.037305
13517,0.105141
13518,0.064114
13519,0.000778
13520,-0.013109
13521,-0.040019
13522,-0.012754
13523,0.014254
13524,0.024236
13525,-0.018264
13526,-0.038788
13527,-0.058449
13528,-0.023202
13529,-0.029382
13530,-0.022220
13531,0.002313
13532,0.036922
13533,0.033444
13534,-0.009692
13535,-0.017401
13536,0.043241
13537,-0.004199
13538,-0.031237
13539,0.010797
13540,0.038132
13541,0.050835
13542,0.007058
13543,-0.022209
13544,-0.013507
13545,-0.034747
13546,0.025197
13547,0.005652
13548,0.047501
13549,0.046545
13550,0.032253
13551,-0.026115
13552,-0.012339
13553,-0.012071
13554,-0.027552
13555,-0.055465
13556,-0.038762
13557,0.010740
13558,-0.039148
13559,0.018291
13560,0.033276
13561,-0.026455
13562,0.013740
13563,-0.038863
13564,-0.010113
13565,0.028883
13566,0.051102
13567,0.048794
13568,-0.027680
13569,-0.010678
13570,-0.017965
13571,0.018956
13572,-0.015560
13573,0.032813
13574,0.017552
13575,-0.031266
13576,-0.011162
13577,0.078254
13578,0.033963
13579,-0.025879
13580,-0.115722
13581,-0.066099
13582,-0.009704
13583,-0.007463
13584,0.028576
13585,0.083986
13586,0.049720
13587,0.006313
13588,0.005791
13589,0.024003
13590,-0.064996
13591,-0.083560
13592,-0.054952
13593,-0.020313
13594,0.034031
13595,0.000271
13596,-0.004368
13597,0.035120
13598,0.056770
13599,-0.017290
13600,-0.039637
13601,0.012458
13602,0.025081
13603,0.029434
13604,0.070726
13605,-0.030520
13606,0.015710
13607,0.019632
13608,-0.027772
13609,-0.032746
13610,-0.057837
13611,-0.016478
13612,-0.031907
13613,-0.059178
13614,-0.001975
13615,0.019444
13616,0.063263
13617,0.030005
13618,0.019010
13619,0.033125
13620,-0.030671
13621,-0.025515
13622,-0.007461
13623,-0.073854
13624,-0.003489
13625,0.044955
13626,0.000501
13627,0.001972
13628,-0.008656
13629,-0.071235
13630,-0.049804
13631,0.018116
13632,0.029911
13633,0.067513
13634,0.033081
13635,-0.049338
13636,-0.004023
13637,0.006800
13638,0.025292
13639,0.049073
13640,0.048677
13641,-0.088627
13642,-0.084806
13643,-0.056809
13644,-0.030778
13645,0.023412
13646,0.048006
13647,0.065822
13648,0.048087
13649,0.006119
13650,-0.005445
13651,0.019813
13652,0.013686
13653,0.026553
13654,-0.041523
13655,0.000394
13656,0.017491
13657,-0.024259
13658,-0.048730
13659,-0.038678
13660,-0.026741
13661,-0.010347
13662,0.056942
13663,0.097490
13664,0.049137
13665,-0.020889
13666,-0.101959
13667,-0.042585
13668,0.056948
13669,0.020645
13670,0.006040
13671,0.025217
13672,-0.015767
13673,-0.020515
13674,-0.062230
13675,-0.023525
13676,-0.012743
13677,-0.035003
13678,-0.016550
13679,-0.006724
13680,-0.017554
13681,0.028515
13682,0.049926
13683,0.109454
13684,0.036813
13685,-0.013521
13686,-0.038401
13687,-0.117742
13688,-0.081227
13689,0.021886
13690,0.049820
13691,0.111401
13692,0.095966
13693,0.044703
13694,0.047525
13695,0.016482
13696,-0.050340
13697,-0.081961
13698,-0.058535
13699,-0.081340
13700,-0.024743
13701,0.037651
13702,0.031530
13703,0.028500
13704,-0.009593
13705,-0.033389
13706,0.024209
13707,-0.012825
13708,-0.008034
13709,0.003804
13710,0.064585
13711,0.041207
13712,0.036604
13713,-0.055482
13714,-0.086112
13715,-0.068148
13716,-0.005247
13717,-0.016107
13718,-0.062297
13719,-0.000135
13720,0.044298
13721,0.055821
13722,0.047845
13723,0.068845
13724,-0.023215
13725,-0.023745
13726,-0.043603
13727,-0.015798
13728,-0.004487
13729,-0.041809
13730,-0.037235
13731,0.020379
13732,-0.021544
13733,-0.006588
13734,0.024923
13735,-0.002882
13736,0.012579
13737,-0.012505
13738,-0.016866
13739,-0.003669
13740,0.030278
13741,0.035422
13742,0.017402
13743,-0.019728
13744,0.023300
13745,0.039033
13746,0.050762
13747,0.041969
13748,0.013318
13749,0.037644
13750,-0.001659
13751,-0.112392
13752,-0.034408
13753,0.017304
13754,0.011975
13755,-0.013824
13756,0.030682
13757,0.019727
13758,-0.040669
13759,-0.075590
13760,-0.048179
13761,-0.055290
13762,-0.076734
13763,-0.059834
13764,-0.031166
13765,0.050749
13766,0.056787
13767,0.033012
13768,0.000542
13769,-0.035875
13770,-0.015058
13771,-0.030318
13772,0.042314
13773,0.093186
13774,0.048223
13775,0.073922
13776,0.011030
13777,-0.026548
13778,0.042141
13779,-0.062104
13780,-0.043746
13781,-0.017155
13782,-0.006493
13783,-0.001619
13784,-0.046218
13785,-0.081143
13786,0.004308
13787,0.079521
13788,0.022184
13789,0.024761
13790,0.006978
13791,0.031496
13792,0.022321
13793,0.032674
13794,-0.012622
13795,-0.025767
13796,-0.057388
13797,-0.004893
13798,0.038618
13799,-0.047797
13800,-0.015795
13801,0.024541
13802,0.012194
13803,0.055006
13804,0.038299
13805,-0.069524
13806,-0.047318
13807,-0.023386
13808,-0.020684
13809,-0.031051
13810,-0.069305
13811,0.011482
13812,0.004928
13813,-0.039957
13814,0.003816
13815,-0.012871
13816,-0.018876
13817,0.024852
13818,0.076700
13819,0.060728
13820,-0.021200
13821,-0.031813
13822,-0.000121
13823,-0.033554
13824,0.032582
13825,0.063272
13826,0.035631
13827,0.002750
13828,-0.016008
13829,0.018230
13830,-0.025352
13831,0.004258
13832,0.039868
13833,-0.016605
13834,-0.024288
13835,-0.027651
13836,-0.054111
13837,-0.020194
13838,0.032686
13839,0.017591
13840,-0.052149
13841,0.000563
13842,0.047639
13843,0.000551
13844,0.041971
13845,0.080915
13846,-0.040486
13847,-0.024083
13848,-0.080104
13849,-0.058533
13850,-0.012746
13851,0.019486
13852,324.724182
13853,1245.680542
13854,198.337509
13855,437.589691
13856,910.189148
13857,27.427839
13858,-19.436806
13859,-40.026577
13860,-16.760485
13861,-20.430433
13862,-10.486891
13863,-13.527707
13864,-17.086788
13865,2.482426
13866,9.228430
13867,10.758732
13868,14.518727
13869,25.037931
13870,61.530895
13871,47.441994
13872,1.422243
13873,-34.550571
13874,-52.205921
13875,-47.556496
13876,-31.746912
13877,9.278948
13878,35.280430
13879,16.610966
13880,-0.225164
13881,-21.134964
13882,-20.596947
13883,8.839672
13884,-5.941195
13885,-3.686741
13886,-2.319469
13887,31.215734
13888,44.229450
13889,19.766459
13890,1.503392
13891,-39.788830
13892,-51.611595
13893,-46.847111
13894,8.485102
13895,62.923477
13896,52.760902
13897,20.496771
13898,-23.686462
13899,-39.202377
13900,-5.578380
13901,2.352574
13902,-44.515045
13903,-29.090229
13904,-17.524654
13905,22.229239
13906,14.559829
13907,-0.039774
13908,0.047926
13909,-0.026801
13910,-0.071591
13911,-0.091254
13912,-0.069983
13913,-0.026945
13914,-0.008292
13915,0.100111
13916,0.076546
13917,-0.003880
13918,0.039782
13919,0.023319
13920,-0.017533
13921,0.014831
13922,-0.030232
13923,0.002377
13924,-0.000985
13925,0.006479
13926,0.039451
13927,-0.008697
13928,0.013166
13929,0.016502
13930,-0.015315
13931,0.050468
13932,-0.010210
13933,-0.020119
13934,0.044156
13935,0.006559
13936,-0.102338
13937,-0.042454
13938,-0.032609
13939,-0.060661
13940,0.044047
13941,0.080606
13942,0.008888
13943,0.080122
13944,0.031301
13945,0.000813
13946,-0.096383
13947,-0.065616
13948,-0.048605
13949,-0.029267
13950,0.032746
13951,0.028400
13952,0.012663
13953,-0.040632
13954,0.035404
13955,0.079225
13956,-0.013007
13957,-0.035732
13958,0.049472
13959,0.019912
13960,0.013772
13961,-0.074535
13962,0.016054
13963,-0.034656
13964,-0.101853
13965,-0.034645
13966,0.082373
13967,0.021207
13968,0.028449
13969,0.037151
13970,-0.038984
13971,-0.082783
13972,-0.002352
13973,-0.011258
13974,-0.013715
13975,0.011677
13976,0.044485
13977,0.066922
13978,0.061325
13979,0.077336
13980,-0.037105
13981,-0.047892
13982,-0.042958
13983,-0.109095
13984,-0.035219
13985,-0.029029
13986,0.026182
13987,0.084237
13988,0.073533
13989,0.023630
13990,-0.074762
13991,-0.003237
13992,0.019861
13993,-0.011387
13994,-0.034320
13995,-0.085412
13996,-0.069320
13997,-0.074864
13998,-0.020924
13999,0.107586
14000,0.134289
14001,0.082670
14002,0.011797
14003,0.029447
14004,-0.000101
14005,-0.046128
14006,-0.032997
14007,-0.082066
14008,-0.001720
14009,0.003806
14010,-0.001118
14011,-0.014268
14012,-0.078443
14013,-0.002565
14014,-0.054771
14015,-0.046306
14016,-0.004341
14017,-0.026291
14018,0.031649
14019,0.087013
14020,0.096446
14021,0.075204
14022,0.060718
14023,0.025398
14024,-0.025723
14025,-0.003462
14026,-0.063127
14027,-0.042645
14028,0.018979
14029,-0.013186
14030,-0.011653
14031,-0.027253
14032,0.023570
14033,0.039186
14034,-0.008987
14035,0.036924
14036,0.033417
14037,-0.045155
14038,-0.028619
14039,-0.029349
14040,0.026763
14041,-0.018294
14042,0.002486
14043,-0.037839
14044,-0.045066
14045,-0.004189
14046,-0.039917
14047,0.020719
14048,0.080459
14049,0.048333
14050,0.036440
14051,-0.022982
14052,-0.012584
14053,-0.017870
14054,0.014942
14055,-0.027777
14056,-0.055375
14057,0.024921
14058,0.001610
14059,-0.039433
14060,-0.011065
14061,-0.017989
14062,-0.028438
14063,-0.012666
14064,-0.040562
14065,-0.048601
14066,0.010304
14067,0.002526
14068,0.058981
14069,0.112892
14070,0.085964
14071,0.000614
14072,0.021688
14073,-0.041921
14074,-0.044825
14075,-0.043944
14076,-0.079560
14077,0.009965
14078,0.016325
14079,0.086445
14080,0.084448
14081,0.077614
14082,0.025362
14083,0.003488
14084,-0.014259
14085,0.002801
14086,-0.005717
14087,-0.038029
14088,-0.034434
14089,0.004010
14090,-0.037699
14091,-0.063932
14092,-0.019121
14093,-0.017984
14094,-0.003914
14095,-0.038987
14096,0.014790
14097,0.029981
14098,-0.005365
14099,0.014461
14100,-0.014477
14101,0.033540
14102,0.000699
14103,0.018928
14104,-0.024042
14105,-0.055346
14106,330.671539
14107,1226.084229
14108,190.515060
14109,465.132538
14110,925.314270
14111,-2.159916
14112,-22.917175
14113,-19.329180
14114,-6.584647
14115,7.694112
14116,6.260623
14117,8.598788
14118,6.278540
14119,25.825384
14120,2.757874
14121,-18.145350
14122,-35.561081
14123,-30.566669
14124,-3.234366
14125,10.298228
14126,37.146652
14127,24.030163
14128,19.130178
14129,20.251274
14130,15.845921
14131,8.688848
14132,-4.690564
14133,-23.107262
14134,-41.837215
14135,-28.589119
14136,15.049764
14137,28.178944
14138,-1.009675
14139,-48.294029
14140,-28.700651
14141,-4.014637
14142,23.985085
14143,30.320313
14144,27.495995
14145,-0.080491
14146,-28.558414
14147,-0.160319
14148,12.059775
14149,9.549722
14150,15.586926
14151,-17.890963
14152,-36.660191
14153,-41.409840
14154,-19.401106
14155,10.935699
14156,28.589525
14157,34.409050
14158,37.675976
14159,26.808121
14160,0.428433
14161,-0.057752
14162,-0.052139
14163,0.006532
14164,0.022247
14165,0.090460
14166,0.148626
14167,0.105674
14168,0.040940
14169,-0.008880
14170,-0.065482
14171,-0.094369
14172,-0.090871
14173,-0.047335
14174,0.023995
14175,0.011319
14176,0.025033
14177,0.013284
14178,-0.038095
14179,-0.058324
14180,-0.044697
14181,0.014858
14182,0.048860
14183,0.031452
14184,0.080037
14185,0.086261
14186,0.032949
14187,0.098249
14188,0.018904
14189,-0.038949
14190,-0.072323
14191,-0.063879
14192,-0.116832
14193,-0.061153
14194,-0.006739
14195,0.019521
14196,-0.012125
14197,-0.007208
14198,-0.002653
14199,-0.019505
14200,-0.027832
14201,-0.001355
14202,0.012992
14203,0.002914
14204,0.003407
14205,0.001430
14206,-0.026263
14207,-0.011780
14208,0.020642
14209,0.045502
14210,0.089893
14211,0.046334
14212,0.032138
14213,-0.053051
14214,-0.069627
14215,-0.117550
14216,-0.041146
14217,0.078429
14218,0.067507
14219,0.096179
14220,0.101940
14221,0.026985
14222,-0.000623
14223,-0.030628
14224,-0.076125
14225,-0.081281
14226,-0.047352
14227,-0.022817
14228,0.002632
14229,-0.038158
14230,-0.017991
14231,0.061737
14232,0.049317
14233,0.066092
14234,0.048937
14235,-0.033954
14236,-0.055063
14237,-0.084841
14238,-0.022320
14239,0.050745
14240,0.024452
14241,0.016734
14242,0.047476
14243,0.048143
14244,0.026620
14245,-0.005797
14246,0.051901
14247,0.054190
14248,0.012819
14249,-0.060166
14250,-0.124134
14251,-0.107474
14252,-0.066915
14253,-0.040798
14254,-0.021820
14255,-0.005022
14256,0.041841
14257,-0.020342
14258,-0.001342
14259,-0.001181
14260,0.043573
14261,0.070912
14262,0.043504
14263,0.052879
14264,-0.037434
14265,-0.038668
14266,0.012495
14267,0.006255
14268,0.034685
14269,0.029863
14270,-0.001088
14271,-0.053277
14272,-0.086838
14273,-0.008273
14274,0.045605
14275,0.072658
14276,0.113073
14277,0.064192
14278,0.003287
14279,-0.064533
14280,-0.084980
14281,-0.110972
14282,-0.054544
14283,-0.062503
14284,0.032567
14285,0.079700
14286,0.090599
14287,0.030203
14288,-0.022139
14289,-0.025120
14290,-0.053177
14291,-0.066066
14292,0.017206
14293,0.024729
14294,0.008175
14295,-0.018194
14296,0.029282
14297,0.070984
14298,0.081984
14299,0.094796
14300,0.010499
14301,-0.008412
14302,-0.046377
14303,-0.100343
14304,-0.058782
14305,-0.041040
14306,-0.049008
14307,-0.016942
14308,-0.004739
14309,-0.014040
14310,335.455688
14311,1210.345459
14312,184.232452
14313,487.253540
14314,937.604736
14315,12.586120
14316,53.308041
14317,54.887066
14318,27.695580
14319,20.094408
14320,-14.855796
14321,-9.194674
14322,-5.115459
14323,-13.899675
14324,-35.464653
14325,-33.813221
14326,-43.853119
14327,-36.610687
14328,-16.768707
14329,35.156868
14330,67.076187
14331,69.259819
14332,37.147003
14333,9.763075
14334,-7.177662
14335,-25.707516
14336,-52.077423
14337,-50.268692
14338,-18.804760
14339,16.306631
14340,29.709654
14341,11.274943
14342,23.476595
14343,9.921299
14344,5.758704
14345,-22.917210
14346,-39.533546
14347,-18.264515
14348,-8.520081
14349,-3.934335
14350,11.301083
14351,25.668608
14352,32.876228
14353,49.512791
14354,26.575005
14355,11.221320
14356,-9.334648
14357,-61.924118
14358,-70.671959
14359,-36.264854
14360,-21.852087
14361,9.461781
14362,43.052822
14363,41.989407
14364,12.159961
14365,0.025698
14366,-0.025504
14367,0.064801
14368,0.094960
14369,0.006439
14370,0.003969
14371,-0.006895
14372,-0.036659
14373,0.000885
14374,-0.040354
14375,-0.039730
14376,-0.016622
14377,0.072213
14378,0.006999
14379,-0.024586
14380,0.024305
14381,-0.017699
14382,0.001789
14383,0.028341
14384,0.063536
14385,0.034419
14386,-0.008371
14387,-0.093600
14388,-0.041022
14389,-0.070690
14390,-0.045059
14391,-0.006551
14392,-0.031813
14393,-0.017326
14394,0.016529
14395,0.079526
14396,0.113073
14397,0.069048
14398,0.040293
14399,0.023730
14400,-0.056268
14401,-0.107075
14402,-0.122116
14403,-0.087389
14404,-0.014119
14405,0.065677
14406,0.053852
14407,0.072618
14408,0.107670
14409,0.033463
14410,-0.004723
14411,0.007139
14412,-0.025127
14413,-0.067332
14414,-0.049791
14415,-0.051957
14416,-0.019380
14417,-0.007342
14418,0.035763
14419,0.037673
14420,0.009368
14421,-0.025097
14422,-0.035347
14423,-0.010112
14424,0.002671
14425,-0.010863
14426,0.019196
14427,0.025286
14428,0.018999
14429,0.008985
14430,-0.036574
14431,-0.021543
14432,0.024604
14433,-0.028227
14434,-0.055866
14435,-0.029683
14436,0.025055
14437,0.022350
14438,0.025577
14439,0.018243
14440,0.025429
14441,0.025202
14442,0.028757
14443,0.038380
14444,0.024570
14445,-0.004935
14446,-0.071762
14447,-0.061063
14448,-0.063366
14449,-0.075533
14450,-0.045744
14451,0.010562
14452,-0.000383
14453,-0.026816
14454,0.027452
14455,0.082187
14456,0.035726
14457,0.100223
14458,0.084404
14459,-0.020745
14460,-0.006707
14461,-0.038677
14462,0.018782
14463,0.022883
14464,-0.053657
14465,-0.053971
14466,-0.081404
14467,-0.001338
14468,-0.024033
14469,-0.000644
14470,0.040612
14471,0.043978
14472,0.024854
14473,0.014991
14474,0.029249
14475,-0.012550
14476,-0.014271
14477,-0.028539
14478,-0.049785
14479,0.006625
14480,0.051462
14481,0.046842
14482,0.007286
14483,0.002076
14484,-0.026640
14485,-0.036384
14486,-0.023206
14487,-0.014469
14488,-0.013888
14489,-0.025435
14490,0.000630
14491,0.006759
14492,0.003292
14493,-0.064697
14494,-0.006886
14495,0.050244
14496,0.007319
14497,0.082574
14498,0.026520
14499,0.022039
14500,-0.001900
14501,-0.054219
14502,-0.059010
14503,-0.070569
14504,-0.100038
14505,-0.056551
14506,-0.018975
14507,0.081080
14508,0.142338
14509,0.072324
14510,0.050103
14511,-0.004710
14512,-0.028845
14513,-0.037729
14514,-0.006543
14515,0.052231
14516,-0.004447
14517,0.015075
14518,-0.010389
14519,-0.043437
14520,-0.079184
14521,-0.077515
14522,-0.052148
14523,0.005527
14524,0.062160
14525,0.109000
14526,0.067814
14527,0.078651
14528,-0.010541
14529,0.012742
14530,0.002396
14531,-0.014266
14532,-0.027892
14533,-0.061453
14534,-0.122877
14535,-0.102091
14536,0.003591
14537,0.058913
14538,0.053701
14539,0.021732
14540,0.016527
14541,0.024611
14542,0.013656
14543,0.033470
14544,0.057654
14545,0.002560
14546,-0.051504
14547,-0.017271
14548,0.002520
14549,-0.048676
14550,-0.090006
14551,-0.050995
14552,-0.024739
14553,-0.005608
14554,0.052257
14555,-0.036607
14556,-0.004655
14557,-0.008571
14558,0.012442
14559,0.044362
14560,0.060258
14561,0.029828
14562,0.067190
14563,-0.009816
14564,-0.021027
14565,0.024266
14566,0.017061
14567,0.060621
14568,0.043701
14569,-0.050041
14570,-0.048505
14571,-0.082740
14572,-0.085898
14573,-0.040792
14574,0.054979
14575,0.066321
14576,0.031232
14577,0.007134
14578,0.063811
14579,0.092515
14580,0.029506
14581,-0.023683
14582,-0.129938
14583,-0.089643
14584,-0.071419
14585,-0.033421
14586,-0.000016
14587,0.068031
14588,0.063367
14589,0.032871
14590,-0.039447
14591,-0.050718
14592,-0.081334
14593,-0.067491
14594,-0.000588
14595,0.011095
14596,0.041604
14597,0.078798
14598,0.085243
14599,0.068492
14600,-0.002105
14601,-0.032223
14602,-0.058383
14603,-0.055016
14604,-0.025903
14605,-0.017721
14606,-0.028275
14607,0.036574
14608,0.095803
14609,0.068990
14610,0.016784
14611,0.018984
14612,-0.009913
14613,-0.024941
14614,-0.046331
14615,-0.024025
14616,-0.040417
14617,-0.010955
14618,-0.003015
14619,0.026255
14620,0.036955
14621,-0.012561
14622,-0.014533
14623,-0.039174
14624,-0.011484
14625,0.056941
14626,0.018153
14627,-0.022879
14628,-0.023966
14629,-0.000999
14630,0.026974
14631,0.060587
14632,0.042386
14633,0.004399
14634,-0.063886
14635,-0.059924
14636,-0.055825
14637,-0.055251
14638,-0.030223
14639,-0.025364
14640,0.043626
14641,0.030624
14642,0.015582
14643,0.048003
14644,0.036901
14645,-0.015265
14646,-0.015136
14647,-0.015051
14648,0.030919
14649,-0.010043
14650,-0.006362
14651,-0.037364
14652,-0.049537
14653,-0.015279
14654,0.036754
14655,0.040837
14656,0.055728
14657,0.034648
14658,0.029823
14659,-0.003671
14660,-0.041159
14661,-0.049255
14662,-0.024400
14663,-0.033856
14664,-0.031034
14665,0.007112
14666,0.025014
14667,0.066837
14668,0.046173
14669,0.018706
14670,0.007488
14671,-0.023964
14672,-0.027932
14673,-0.034189
14674,-0.020839
14675,-0.016209
14676,-0.027918
14677,-0.041142
14678,-0.049718
14679,-0.023000
14680,0.043321
14681,0.072076
14682,0.029576
14683,-0.031719
14684,-0.022705
14685,0.014303
14686,0.000979
14687,-0.006356
14688,0.012695
14689,0.037635
14690,0.026690
14691,0.030847
14692,0.012881
14693,-0.031207
14694,-0.069828
14695,-0.030614
14696,-0.013872
14697,-0.006549
14698,0.048617
14699,-0.002900
14700,0.036143
14701,0.031417
14702,0.001855
14703,-0.029014
14704,-0.033290
14705,-0.024806
14706,0.013096
14707,0.010482
14708,0.018991
14709,0.051028
14710,-0.011150
14711,0.023388
14712,0.025215
14713,-0.027532
14714,-0.009358
14715,-0.026228
14716,-0.042854
14717,-0.030621
14718,-0.076739
14719,-0.027695
14720,0.041428
14721,0.073790
14722,0.106721
14723,0.071726
14724,0.043449
14725,-0.012052
14726,-0.072758
14727,-0.110409
14728,-0.111699
14729,-0.033159
14730,-0.004631
14731,-0.014988
14732,0.023131
14733,0.072037
14734,0.070661
14735,0.057763
14736,0.018603
14737,0.036374
14738,-0.035987
14739,-0.085140
14740,-0.016939
14741,-0.003978
14742,-0.013087
14743,0.017937
14744,0.036420
14745,0.036233
14746,0.025754
14747,0.017194
14748,-0.022288
14749,-0.047055
14750,0.005808
14751,0.057777
14752,0.070822
14753,-0.019652
14754,-0.045099
14755,-0.084184
14756,-0.098982
14757,-0.020683
14758,0.010046
14759,0.033022
14760,0.053523
14761,0.007550
14762,-0.011325
14763,0.004060
14764,0.024993
14765,0.000550
14766,-0.018853
14767,-0.056233
14768,-0.058175
14769,0.008661
14770,0.087048
14771,0.111763
14772,0.062981
14773,-0.028079
14774,-0.064741
14775,-0.087650
14776,-0.037817
14777,-0.038562
14778,-0.055914
14779,0.011801
14780,0.063983
14781,0.082398
14782,0.034713
14783,0.026039
14784,-0.000703
14785,-0.030236
14786,-0.001451
14787,0.002159
14788,0.008558
14789,0.068814
14790,0.011812
14791,-0.043778
14792,-0.060139
14793,-0.060841
14794,-0.002070
14795,-0.021493
14796,-0.020166
14797,0.040541
14798,0.050526
14799,-0.017773
14800,-0.035709
14801,-0.035072
14802,-0.037574
14803,0.015880
14804,0.027809
14805,0.046904
14806,0.064740
14807,0.055470
14808,0.060069
14809,0.020320
14810,-0.040671
14811,-0.070466
14812,-0.031671
14813,-0.042975
14814,-0.040035
14815,0.025614
14816,0.024413
14817,-0.042680
14818,-0.040462
14819,0.014969
14820,0.047635
14821,0.048096
14822,-0.015987
14823,-0.001551
14824,-0.009726
14825,-0.040799
14826,-0.016499
14827,-0.029638
14828,0.001424
14829,0.042597
14830,0.013291
14831,-0.034326
14832,-0.033883
14833,-0.017946
14834,0.044226
14835,0.050539
14836,0.044711
14837,0.046939
14838,0.011844
14839,-0.006219
14840,-0.048906
14841,-0.057284
14842,-0.071610
14843,-0.057242
14844,-0.010579
14845,-0.005294
14846,0.046802
14847,0.146455
14848,0.085889
14849,0.034227
14850,-0.009125
14851,-0.047796
14852,-0.062245
14853,-0.060069
14854,-0.004496
14855,-0.033386
14856,-0.021526
14857,0.006680
14858,0.057093
14859,0.017662
14860,0.028852
14861,-0.008080
14862,-0.059965
14863,-0.013396
14864,-0.030370
14865,-0.008682
14866,0.031860
14867,0.033927
14868,0.083864
14869,0.073962
14870,0.064083
14871,-0.016211
14872,-0.085862
14873,-0.054672
14874,-0.029057
14875,-0.028647
14876,0.017338
14877,-0.019095
14878,0.000727
14879,-0.002080
14880,-0.015714
14881,-0.045952
14882,0.030346
14883,0.032003
14884,0.012462
14885,0.009225
14886,0.022089
14887,0.048325
14888,0.041700
14889,-0.008113
14890,-0.007324
14891,0.000259
14892,-0.022471
14893,-0.040094
14894,-0.060588
14895,-0.044134
14896,-0.041045
14897,-0.017018
14898,0.021607
14899,0.016002
14900,-0.015858
14901,-0.023509
14902,-0.025618
14903,0.049138
14904,0.092289
14905,0.034413
14906,0.007687
14907,0.021255
14908,0.007516
14909,-0.003698
14910,0.017458
14911,-0.029210
14912,-0.059009
14913,-0.036558
14914,-0.044384
14915,0.005195
14916,0.045116
14917,-0.003054
14918,-0.011105
14919,0.004480
14920,0.012820
14921,-0.032407
14922,-0.009592
14923,0.027611
14924,0.051549
14925,0.036768
14926,-0.020354
14927,0.000207
14928,0.077460
14929,0.038063
14930,-0.071888
14931,-0.087378
14932,-0.083804
14933,-0.071269
14934,-0.035622
14935,0.007726
14936,0.037562
14937,0.002719
14938,0.041076
14939,0.079608
14940,0.057680
14941,0.042316
14942,0.044625
14943,0.003640
14944,-0.024140
14945,-0.009553
14946,-0.013998
14947,0.030441
14948,0.023349
14949,-0.043803
14950,-0.070533
14951,-0.114384
14952,-0.105662
14953,-0.036316
14954,-0.005735
14955,0.056767
14956,0.083281
14957,0.111619
14958,0.052118
14959,0.004873
14960,0.036446
14961,-0.006966
14962,-0.049275
14963,-0.011782
14964,-0.042775
14965,-0.007436
14966,-0.017093
14967,-0.034715
14968,0.023587
14969,0.017683
14970,0.025393
14971,0.003156
14972,-0.046399
14973,-0.066630
14974,-0.013304
14975,-0.034438
14976,0.011441
14977,0.076658
14978,0.063635
14979,0.029651
14980,0.053774
14981,0.026065
14982,-0.048659
14983,-0.017733
14984,-0.016250
14985,-0.036052
14986,-0.034204
14987,-0.008656
14988,0.019449
14989,-0.003416
14990,-0.013414
14991,0.037162
14992,0.064085
14993,-0.013178
14994,-0.031737
14995,-0.026006
14996,0.006334
14997,-0.010802
14998,0.007972
14999,0.024885
15000,0.009760
15001,-0.007452
15002,-0.021906
15003,-0.050439
15004,-0.039114
15005,-0.020261
15006,-0.000589
15007,0.041347
15008,-0.006337
15009,-0.028455
15010,0.022141
15011,0.091207
15012,0.084035
15013,0.009368
15014,-0.017961
15015,-0.010276
15016,-0.002523
15017,-0.029820
15018,-0.048284
15019,-0.077248
15020,-0.015323
15021,-0.035233
15022,0.008891
15023,0.019740
15024,0.031006
15025,0.067057
15026,0.031795
15027,0.030425
15028,0.081231
15029,0.042361
15030,0.008271
15031,-0.014020
15032,-0.041834
15033,-0.066542
15034,-0.050865
15035,-0.050083
15036,-0.034927
15037,-0.011928
15038,0.011877
15039,0.026222
15040,0.062346
15041,0.053169
15042,0.039622
15043,-0.032298
15044,-0.058732
15045,-0.057825
15046,-0.063711
15047,-0.045995
15048,-0.017350
15049,-0.042371
15050,0.030019
15051,0.066622
15052,0.084267
15053,0.067158
15054,0.002611
15055,-0.035639
15056,-0.074164
15057,-0.058252
15058,-0.033393
15059,0.002452
15060,0.045027
15061,-0.000543
15062,-0.007770
15063,0.028580
15064,0.046444
15065,0.054355
15066,0.060965
15067,0.075086
15068,0.041290
15069,-0.052908
15070,-0.112974
15071,-0.064687
15072,-0.003347
15073,0.019193
15074,0.045822
15075,0.011555
15076,-0.047124
15077,-0.054191
15078,0.022238
15079,0.024457
15080,-0.004660
15081,0.030938
15082,-0.000177
15083,-0.009547
15084,0.000437
15085,-0.003854
15086,0.017117
15087,0.029026
15088,0.051641
15089,0.019462
15090,0.049919
15091,-0.004233
15092,-0.079951
15093,-0.057131
15094,-0.094524
15095,-0.046640
15096,-0.038435
15097,-0.003623
15098,0.023746
15099,0.040954
15100,0.069219
15101,0.035857
15102,0.015910
15103,-0.049883
15104,-0.040456
15105,-0.063079
15106,-0.032703
15107,-0.008970
15108,0.028965
15109,0.019567
15110,-0.019232
15111,-0.022884
15112,0.019368
15113,-0.004049
15114,0.025057
15115,0.080340
15116,0.082008
15117,0.028082
15118,-0.028453
15119,-0.012653
15120,-0.032111
15121,-0.078086
15122,-0.008286
15123,0.011493
15124,-0.007947
15125,0.018900
15126,0.026086
15127,0.036398
15128,0.012872
15129,-0.022758
15130,-0.054523
15131,-0.076316
15132,-0.044445
15133,-0.035267
15134,-0.016134
15135,0.027459
15136,0.037898
15137,0.073453
15138,0.031225
15139,-0.021626
15140,-0.018257
15141,0.007023
15142,0.043043
15143,0.000289
15144,-0.046762
15145,-0.021252
15146,-0.026828
15147,-0.013016
15148,0.010720
15149,0.010941
15150,0.015542
15151,0.029396
15152,0.019227
15153,0.050240
15154,0.045035
15155,0.011661
15156,-0.030466
15157,-0.078272
15158,-0.047984
15159,-0.022188
15160,-0.041742
15161,-0.052077
15162,-0.066955
15163,-0.038725
15164,0.001539
15165,0.004318
15166,0.027599
15167,0.030001
15168,-0.028059
15169,-0.016016
15170,-0.029513
15171,-0.002976
15172,0.043943
15173,0.034451
15174,-0.015253
15175,-0.007639
15176,-0.073791
15177,-0.016210
15178,0.057455
15179,0.053112
15180,0.056588
15181,-0.031561
15182,-0.089872
15183,-0.050511
15184,-0.041392
15185,-0.014095
15186,0.011348
15187,0.017398
15188,0.049362
15189,0.025627
15190,-0.007530
15191,-0.026435
15192,-0.002129
15193,-0.002394
15194,-0.049410
15195,-0.015957
15196,0.028403
15197,0.042186
15198,0.090848
15199,0.068320
15200,0.001609
15201,0.021474
15202,-0.018156
15203,0.011977
15204,0.037814
15205,-0.000923
15206,-0.050139
15207,-0.011847
15208,-0.019210
15209,-0.074906
15210,-0.070258
15211,-0.026454
15212,0.037082
15213,0.078290
15214,0.052792
15215,0.028676
15216,0.010587
15217,-0.045636
15218,-0.079086
15219,-0.107520
15220,-0.109129
15221,-0.088689
15222,-0.022056
15223,0.053835
15224,0.092619
15225,0.097040
15226,0.085160
15227,0.072064
15228,-0.004909
15229,0.012679
15230,0.070787
15231,0.006254
15232,-0.028525
15233,-0.047843
15234,-0.029702
15235,-0.035989
15236,-0.047371
15237,-0.017910
15238,-0.024041
15239,-0.034954
15240,-0.018675
15241,-0.009140
15242,-0.027249
15243,0.027951
15244,0.043668
15245,0.071306
15246,0.044121
15247,0.057861
15248,0.024914
15249,0.031755
15250,0.049811
15251,0.047501
15252,0.009261
15253,-0.044491
15254,-0.060645
15255,-0.077153
15256,-0.102612
15257,-0.081866
15258,-0.057408
15259,-0.067387
15260,-0.044007
15261,0.008404
15262,0.078168
15263,0.116606
15264,0.077099
15265,0.006164
15266,-0.018650
15267,-0.015386
15268,-0.023297
15269,-0.004865
15270,-0.007884
15271,-0.057190
15272,-0.033444
15273,-0.005938
15274,0.002345
15275,-0.003708
15276,0.009917
15277,0.045072
15278,0.069749
15279,0.022465
15280,-0.026353
15281,-0.044328
15282,-0.000324
15283,0.023786
15284,0.043063
15285,0.023014
15286,0.007802
15287,-0.022081
15288,-0.056709
15289,-0.027674
15290,0.002944
15291,0.002728
15292,-0.005680
15293,0.027577
15294,-0.026752
15295,-0.030581
15296,-0.005505
15297,-0.001985
15298,-0.007588
15299,0.071215
15300,0.023042
15301,-0.018520
15302,-0.014973
15303,-0.040093
15304,-0.012820
15305,0.004598
15306,-0.006125
15307,-0.000125
15308,0.038559
15309,0.027587
15310,0.053531
15311,0.042683
15312,0.007530
15313,-0.024699
15314,-0.019555
15315,-0.002708
15316,-0.020301
15317,-0.077882
15318,-0.030888
15319,0.010738
15320,0.024840
15321,0.061876
15322,0.038801
15323,0.050134
15324,0.053606
15325,-0.045278
15326,-0.017868
15327,0.035605
15328,-0.022891
15329,-0.031726
15330,-0.055452
15331,-0.005744
15332,-0.006387
15333,0.028292
15334,0.037024
15335,0.023642
15336,-0.024691
15337,-0.037787
15338,-0.048603
15339,-0.053659
15340,-0.001226
15341,0.029471
15342,0.013562
15343,-0.049640
15344,-0.065254
15345,-0.048685
15346,-0.026436
15347,0.001890
15348,0.063763
15349,0.061995
15350,0.036180
15351,0.038000
15352,0.047621
15353,0.039553
15354,0.014419
15355,-0.040575
15356,-0.011815
15357,0.001160
15358,-0.008404
15359,-0.049967
15360,-0.016644
15361,-0.003632
15362,0.009995
15363,0.014353
15364,0.006385
15365,0.018063
15366,0.000822
15367,0.008562
15368,-0.003310
15369,-0.039446
15370,-0.048258
15371,0.025315
15372,0.090922
15373,0.046117
15374,0.008853
15375,0.012502
15376,-0.035933
15377,-0.088804
15378,-0.034163
15379,-0.000968
15380,0.042707
15381,0.026839
15382,-0.055888
15383,-0.069944
15384,-0.024415
15385,0.025367
15386,0.084114
15387,0.081474
15388,0.023010
15389,-0.022764
15390,-0.028085
15391,-0.044286
15392,-0.026811
15393,0.049341
15394,0.043917
15395,-0.043530
15396,-0.045428
15397,-0.070556
15398,-0.081001
15399,-0.035903
15400,0.002293
15401,0.053720
15402,0.081014
15403,0.057647
15404,0.067043
15405,0.055207
15406,-0.005317
15407,-0.031703
15408,-0.054502
15409,-0.087741
15410,-0.060156
15411,0.010006
15412,0.070293
15413,0.040836
15414,0.055719
15415,0.056526
15416,0.026835
15417,-0.065095
15418,-0.090506
15419,-0.089051
15420,-0.013578
15421,0.024441
15422,0.068388
15423,0.049810
15424,0.051073
15425,0.053471
15426,0.001272
15427,-0.030671
15428,-0.035763
15429,-0.044106
15430,-0.000193
15431,0.006380
15432,-0.052009
15433,-0.042045
15434,-0.038199
15435,-0.029193
15436,-0.007969
15437,0.008035
15438,0.024699
15439,0.021255
15440,0.021135
15441,0.007150
15442,0.034027
15443,0.044198
15444,-0.009214
15445,-0.013255
15446,0.002771
15447,0.024031
15448,0.054423
15449,0.054812
15450,0.014688
15451,-0.046812
15452,-0.075889
15453,-0.042184
15454,-0.064779
15455,-0.011729
15456,0.036344
15457,-0.008645
15458,0.015920
15459,0.069763
15460,0.013913
15461,-0.027203
15462,-0.065834
15463,-0.066956
15464,0.007663
15465,-0.002127
15466,0.047787
15467,0.068816
15468,0.030122
15469,0.000608
15470,0.056607
15471,0.013437
15472,-0.061663
15473,-0.078735
15474,-0.042645
15475,-0.013376
15476,0.007582
15477,-0.005285
15478,0.002913
15479,-0.011786
15480,0.026068
15481,0.035182
15482,-0.024071
15483,-0.084024
15484,0.027997
15485,0.049719
15486,-0.010961
15487,0.057965
15488,0.088827
15489,0.020587
15490,-0.008313
15491,-0.040480
15492,-0.073150
15493,-0.075574
15494,-0.021192
15495,-0.010097
15496,0.006975
15497,-0.019147
15498,0.025978
15499,0.078924
15500,0.052906
15501,0.010811
15502,-0.003843
15503,0.038215
15504,0.016841
15505,-0.061190
15506,-0.054018
15507,0.010569
15508,0.033495
15509,0.003860
15510,-0.061156
15511,-0.020982
15512,0.033059
15513,0.024960
15514,0.004720
15515,0.018324
15516,0.002780
15517,-0.030594
15518,-0.050614
15519,-0.099294
15520,-0.042663
15521,-0.006529
15522,-0.009933
15523,0.042038
15524,0.079974
15525,0.075464
15526,0.128369
15527,0.053517
15528,-0.032258
15529,-0.073391
15530,-0.094913
15531,-0.079401
15532,-0.048596
15533,-0.014403
15534,0.034184
15535,0.047325
15536,0.025303
15537,-0.005157
15538,-0.034502
15539,-0.029339
15540,-0.023578
15541,0.005852
15542,0.015707
15543,0.009655
15544,0.005499
15545,0.001632
15546,0.034995
15547,0.061101
15548,0.029201
15549,0.020372
15550,-0.023974
15551,0.001932
15552,0.009738
15553,-0.020746
15554,-0.015597
15555,0.012451
15556,0.006225
15557,-0.012103
15558,-0.008277
15559,-0.028757
15560,0.001626
15561,-0.008042
15562,0.020333
15563,0.007502
15564,0.048520
15565,0.006232
15566,0.001820
15567,-0.004710
15568,-0.044455
15569,-0.037377
15570,-0.097152
15571,-0.080236
15572,0.008188
15573,0.054533
15574,0.091379
15575,0.116235
15576,0.022797
15577,0.013697
15578,-0.013728
15579,-0.061808
15580,-0.070031
15581,-0.088464
15582,-0.012678
15583,0.003498
15584,-0.045025
15585,0.009424
15586,-0.019918
15587,-0.021107
15588,-0.011216
15589,0.023995
15590,0.051466
15591,0.019685
15592,0.014275
15593,0.012267
15594,-0.000996
15595,0.006530
15596,0.017296
15597,-0.008775
15598,0.016319
15599,-0.007295
15600,-0.027424
15601,-0.008631
15602,-0.036866
15603,-0.023694
15604,0.014999
15605,0.018149
15606,0.074518
15607,0.078060
15608,0.079856
15609,0.046499
15610,-0.004762
15611,-0.039180
15612,-0.032681
15613,-0.038173
15614,366.011932
15615,1109.740479
15616,144.073090
15617,628.654602
15618,1025.598877
15619,4.247218
15620,-4.809047
15621,-9.612911
15622,-18.100357
15623,-33.627083
15624,-7.317591
15625,15.916866
15626,8.573232
15627,9.804235
15628,6.001939
15629,5.532139
15630,-6.186051
15631,-36.349548
15632,-32.340088
15633,10.210220
15634,44.652103
15635,49.211235
15636,14.448297
15637,-18.188971
15638,-8.444942
15639,2.187392
15640,0.294230
15641,3.166688
15642,-16.703148
15643,-18.246634
15644,-9.351527
15645,6.158274
15646,2.812282
15647,-7.348660
15648,-7.267694
15649,-1.463169
15650,18.883442
15651,27.915550
15652,12.694605
15653,-14.281194
15654,-30.691059
15655,-21.901764
15656,3.790400
15657,20.559597
15658,17.814457
15659,-4.095485
15660,-12.164145
15661,2.241629
15662,4.442311
15663,-12.963576
15664,-1.674198
15665,12.049235
15666,6.235796
15667,13.411698
15668,5.176061
15669,-0.056465
15670,-0.105166
15671,-0.092485
15672,0.006879
15673,0.125411
15674,0.143938
15675,0.100788
15676,0.048118
15677,0.002232
15678,-0.090129
15679,-0.103561
15680,-0.079613
15681,-0.055724
15682,-0.026839
15683,-0.013292
15684,0.012365
15685,0.002696
15686,0.060411
15687,0.045192
15688,0.078193
15689,0.037091
15690,-0.036509
15691,-0.015655
15692,-0.054112
15693,-0.014686
15694,0.056016
15695,0.010192
15696,-0.009276
15697,0.003827
15698,0.015087
15699,-0.021350
15700,-0.095387
15701,-0.061784
15702,-0.017770
15703,0.052231
15704,0.058901
15705,0.049858
15706,0.054476
15707,0.015375
15708,-0.008978
15709,-0.064670
15710,-0.028870
15711,0.019414
15712,0.001831
15713,0.007833
15714,0.018648
15715,0.025416
15716,0.010580
15717,0.002003
15718,0.045450
15719,0.014043
15720,0.010047
15721,-0.027521
15722,-0.084434
15723,-0.050872
15724,-0.019014
15725,-0.023804
15726,0.004572
15727,0.028024
15728,0.057189
15729,0.023929
15730,-0.000744
15731,-0.011518
15732,-0.001287
15733,-0.026121
15734,0.022213
15735,0.034128
15736,-0.005359
15737,0.009229
15738,0.054139
15739,0.063432
15740,0.017484
15741,0.020613
15742,-0.011381
15743,-0.054075
15744,-0.069756
15745,-0.123670
15746,-0.070845
15747,-0.016809
15748,-0.017002
15749,-0.019815
15750,-0.017419
15751,-0.000543
15752,0.002830
15753,0.004956
15754,0.029908
15755,0.086697
15756,0.090726
15757,0.031058
15758,-0.057393
15759,-0.004256
15760,0.024652
15761,0.002996
15762,0.061696
15763,0.045232
15764,-0.012829
15765,-0.005614
15766,-0.035950
15767,-0.007026
15768,-0.011049
15769,-0.030037
15770,0.051141
15771,0.047924
15772,0.011301
15773,-0.031569
15774,-0.041933
15775,-0.001093
15776,-0.023960
15777,-0.074446
15778,-0.052494
15779,0.000566
15780,0.026983
15781,0.018815
15782,0.026423
15783,0.023023
15784,-0.031241
15785,-0.032317
15786,-0.053223
15787,0.007635
15788,0.058365
15789,0.009741
15790,0.055371
15791,0.074222
15792,0.034474
15793,-0.015253
15794,-0.038867
15795,-0.044378
15796,-0.062993
15797,-0.063769
15798,-0.045134
15799,0.044286
15800,0.030952
15801,0.025384
15802,0.043302
15803,0.015827
15804,-0.026816
15805,0.032964
15806,0.039964
15807,-0.015334
15808,0.002034
15809,-0.057994
15810,-0.075362
15811,-0.049083
15812,0.003366
15813,0.065745
15814,0.070763
15815,0.081868
15816,0.089803
15817,0.000544
15818,-0.066026
15819,-0.097506
15820,-0.047746
15821,-0.032801
15822,-0.034231
15823,0.030021
15824,0.058969
15825,0.020049
15826,0.026031
15827,-0.018284
15828,-0.055421
15829,-0.035735
15830,-0.056650
15831,-0.046792
15832,0.020264
15833,0.052079
15834,-0.029282
15835,0.016877
15836,0.017474
15837,-0.000871
15838,0.028857
15839,0.036217
15840,0.022657
15841,0.017417
15842,-0.031051
15843,-0.054823
15844,0.003852
15845,0.129864
15846,0.115463
15847,-0.003873
15848,-0.036707
15849,-0.035977
15850,-0.026978
15851,0.021334
15852,0.014136
15853,-0.073430
15854,-0.128802
15855,-0.046990
15856,0.004293
15857,-0.040898
15858,-0.045506
15859,0.007949
15860,0.060630
15861,0.109425
15862,0.098984
15863,0.026252
15864,0.048816
15865,-0.007251
15866,-0.031324
15867,-0.092519
15868,-0.098420
15869,0.011590
15870,0.000456
15871,0.032088
15872,0.019126
15873,-0.061634
15874,-0.031034
15875,0.027851
15876,0.069796
15877,-0.020622
15878,-0.082930
15879,-0.050859
15880,0.012942
15881,0.030555
15882,0.094456
15883,0.011340
15884,-0.021078
15885,0.070725
15886,0.102607
15887,0.037192
15888,-0.035507
15889,-0.081203
15890,-0.050435
15891,-0.017486
15892,-0.052997
15893,-0.033822
15894,0.026331
15895,0.044993
15896,0.089773
15897,0.041303
15898,-0.014551
15899,-0.032377
15900,0.019927
15901,0.059370
15902,-0.029692
15903,-0.051025
15904,-0.111890
15905,-0.131881
15906,-0.067329
15907,0.012954
15908,0.065430
15909,0.086834
15910,0.087169
15911,-0.037059
15912,-0.033653
15913,-0.021372
15914,-0.012375
15915,0.039075
15916,0.046200
15917,0.020175
15918,-0.043919
15919,-0.014690
15920,0.034474
15921,0.013889
15922,0.008735
15923,-0.023124
15924,-0.015133
15925,-0.027727
15926,-0.023472
15927,-0.044054
15928,-0.093228
15929,-0.042764
15930,0.064935
15931,0.131181
15932,0.088694
15933,0.087147
15934,0.065835
15935,-0.003382
15936,-0.066170
15937,-0.014161
15938,-0.039042
15939,-0.069949
15940,-0.081486
15941,-0.057818
15942,-0.007049
15943,-0.016762
15944,0.006596
15945,0.045058
15946,0.033507
15947,0.030488
15948,0.044036
15949,0.039403
15950,0.024306
15951,0.008468
15952,-0.008182
15953,-0.077447
15954,-0.055490
15955,-0.030442
15956,-0.059056
15957,-0.031711
15958,0.067251
15959,0.072521
15960,0.036374
15961,0.052805
15962,0.002983
15963,-0.031202
15964,-0.085504
15965,-0.085568
15966,-0.021312
15967,0.012019
15968,0.069596
15969,0.032535
15970,0.001048
15971,0.080057
15972,0.038672
15973,0.049600
15974,0.019928
15975,-0.078324
15976,-0.056409
15977,-0.056456
15978,0.012108
15979,0.084921
15980,-0.016530
15981,-0.002626
15982,-0.047651
15983,-0.085240
15984,-0.007842
15985,0.007455
15986,0.056435
15987,0.046995
15988,0.056092
15989,0.003396
15990,0.000533
15991,0.060968
15992,0.055498
15993,-0.058077
15994,-0.114378
15995,-0.134626
15996,-0.038689
15997,-0.004502
15998,0.009239
15999,0.013441
16000,0.066818
16001,0.061451
16002,0.019670
16003,0.007123
16004,-0.019731
16005,-0.028251
16006,-0.047628
16007,-0.005915
16008,0.050426
16009,0.004535
16010,0.047331
16011,0.029842
16012,-0.037625
16013,-0.029392
16014,-0.038877
16015,-0.015618
16016,0.014300
16017,0.016634
16018,-0.000425
16019,-0.019323
16020,-0.058408
16021,0.012488
16022,0.036169
16023,0.009026
16024,0.053537
16025,-0.003937
16026,-0.007372
16027,-0.011153
16028,-0.025808
16029,-0.010021
16030,-0.020347
16031,-0.038762
16032,0.011714
16033,-0.000586
16034,0.026946
16035,0.111172
16036,0.076240
16037,-0.003250
16038,-0.006456
16039,-0.051152
16040,-0.003495
16041,0.017475
16042,-0.030014
16043,-0.046727
16044,-0.054961
16045,-0.057678
16046,-0.020231
16047,0.052300
16048,0.029659
16049,0.031670
16050,0.040391
16051,-0.044490
16052,-0.073843
16053,-0.035280
16054,-0.011371
16055,0.041712
16056,0.038449
16057,0.010070
16058,0.018158
16059,0.011895
16060,-0.002244
16061,-0.015425
16062,-0.015633
16063,-0.024059
16064,-0.048704
16065,-0.065729
16066,-0.065204
16067,-0.046987
16068,-0.027813
16069,0.022144
16070,0.106729
16071,0.084756
16072,0.070158
16073,0.019935
16074,0.027577
16075,0.032586
16076,0.013335
16077,-0.032414
16078,-0.064718
16079,-0.056291
16080,-0.045538
16081,-0.027579
16082,-0.038095
16083,-0.013064
16084,0.011719
16085,0.024180
16086,0.018542
16087,0.042670
16088,0.062734
16089,0.070798
16090,0.048921
16091,-0.010537
16092,-0.043138
16093,-0.025460
16094,-0.008637
16095,-0.031690
16096,0.002914
16097,-0.009588
16098,-0.034934
16099,0.032423
16100,0.004829
16101,0.003369
16102,0.025052
16103,-0.002003
16104,-0.039839
16105,-0.043703
16106,-0.029673
16107,-0.041113
16108,-0.035486
16109,0.007333
16110,0.032766
16111,0.016499
16112,0.040309
16113,0.073053
16114,-0.030792
16115,-0.011310
16116,0.007945
16117,-0.029879
16118,-0.041434
16119,-0.056498
16120,-0.049933
16121,0.007615
16122,0.004741
16123,0.043457
16124,0.033226
16125,0.040639
16126,0.000455
16127,-0.054860
16128,-0.020420
16129,-0.021357
16130,-0.047088
16131,0.020842
16132,0.056145
16133,0.092546
16134,0.113434
16135,0.073965
16136,-0.010075
16137,-0.051577
16138,-0.043165
16139,-0.064563
16140,-0.079996
16141,-0.051755
16142,-0.010097
16143,0.020078
16144,0.063748
16145,0.069949
16146,0.046727
16147,0.011743
16148,-0.020476
16149,-0.067442
16150,-0.055776
16151,0.008733
16152,0.045609
16153,0.038904
16154,-0.018478
16155,-0.075263
16156,-0.095138
16157,-0.062468
16158,-0.055387
16159,-0.027071
16160,0.006438
16161,0.053691
16162,0.067414
16163,0.053052
16164,0.080985
16165,0.102630
16166,0.036813
16167,-0.002358
16168,-0.042617
16169,-0.020925
16170,-0.060385
16171,-0.033740
16172,-0.037165
16173,-0.017003
16174,-0.041031
16175,-0.008279
16176,-0.004689
16177,0.042513
16178,0.038694
16179,0.041295
16180,0.047741
16181,0.011916
16182,-0.019949
16183,-0.004760
16184,-0.032128
16185,-0.069089
16186,-0.023039
16187,-0.014071
16188,0.028252
16189,0.030408
16190,-0.032924
16191,0.021026
16192,-0.009098
16193,0.003178
16194,-0.053995
16195,-0.011315
16196,0.070482
16197,0.082838
16198,0.054467
16199,0.064108
16200,-0.023110
16201,-0.044884
16202,-0.063890
16203,-0.048772
16204,-0.084710
16205,-0.013723
16206,0.043260
16207,0.034345
16208,-0.009353
16209,0.008634
16210,0.008197
16211,0.042734
16212,0.001537
16213,-0.026165
16214,0.048045
16215,0.021526
16216,0.056874
16217,-0.044214
16218,-0.057766
16219,-0.051847
16220,-0.035113
16221,-0.007722
16222,0.002785
16223,-0.001258
16224,0.020716
16225,0.013768
16226,0.018236
16227,0.007383
16228,0.036502
16229,0.077012
16230,-0.020565
16231,-0.039945
16232,-0.100892
16233,-0.048021
16234,0.010248
16235,0.001271
16236,-0.061583
16237,-0.043939
16238,-0.010413
16239,-0.003753
16240,0.004860
16241,0.083861
16242,0.110478
16243,0.048294
16244,-0.016262
16245,0.014263
16246,0.036972
16247,0.008105
16248,-0.024625
16249,-0.013337
16250,-0.047666
16251,-0.085944
16252,-0.112299
16253,-0.082546
16254,0.028788
16255,0.074172
16256,0.104187
16257,0.115330
16258,0.009086
16259,-0.055919
16260,-0.055219
16261,-0.006309
16262,0.026666
16263,0.019052
16264,-0.008709
16265,0.004703
16266,-0.028817
16267,-0.044077
16268,0.023370
16269,0.047194
16270,0.038965
16271,0.017803
16272,-0.029704
16273,-0.069229
16274,-0.062839
16275,-0.004937
16276,0.015152
16277,-0.012089
16278,-0.006017
16279,-0.015532
16280,-0.007477
16281,0.025165
16282,0.100744
16283,0.053844
16284,0.002478
16285,-0.016161
16286,-0.036568
16287,-0.017804
16288,0.019033
16289,-0.000534
16290,-0.019720
16291,0.001740
16292,0.066101
16293,0.035088
16294,-0.011137
16295,-0.016734
16296,-0.025056
16297,-0.074647
16298,-0.020750
16299,-0.038973
16300,0.000834
16301,0.008704
16302,-0.010308
16303,-0.026543
16304,-0.036796
16305,-0.002779
16306,0.020475
16307,0.053623
16308,0.069613
16309,0.008871
16310,-0.002130
16311,0.023199
16312,0.002268
16313,0.046897
16314,0.064319
16315,-0.003294
16316,-0.038972
16317,-0.134019
16318,-0.042225
16319,0.015642
16320,0.055819
16321,0.079722
16322,-0.020555
16323,-0.060873
16324,-0.054205
16325,-0.018777
16326,0.006867
16327,0.014243
16328,0.056954
16329,0.047344
16330,-0.023987
16331,-0.094195
16332,-0.078143
16333,-0.057707
16334,0.023884
16335,0.029765
16336,-0.015716
16337,0.037855
16338,0.010804
16339,0.047456
16340,0.067666
16341,-0.009312
16342,0.005606
16343,0.029349
16344,-0.049030
16345,-0.030464
16346,-0.010141
16347,0.014509
16348,0.005781
16349,-0.045106
16350,-0.015051
16351,0.012644
16352,0.004628
16353,-0.010013
16354,0.022695
16355,-0.004223
16356,-0.034322
16357,0.012586
16358,0.062016
16359,-0.014112
16360,-0.019101
16361,-0.033784
16362,-0.000759
16363,-0.001531
16364,-0.016555
16365,-0.010188
16366,0.011814
16367,0.047443
16368,383.714172
16369,1051.568604
16370,120.852097
16371,710.415649
16372,1071.873657
16373,8.046877
16374,31.979345
16375,43.458233
16376,26.435925
16377,-0.093522
16378,-3.993962
16379,-6.132156
16380,-7.091378
16381,-5.556448
16382,-23.341177
16383,-22.987255
16384,3.863092
16385,2.463168
16386,-0.366061
16387,-1.298649
16388,-13.415114
16389,-15.671275
16390,-1.608712
16391,19.552408
16392,31.879745
16393,20.445499
16394,0.074185
16395,-4.706551
16396,-6.228251
16397,-4.291377
16398,3.574763
16399,-17.633198
16400,-7.768238
16401,-7.583592
16402,1.866665
16403,23.692301
16404,31.854010
16405,5.017860
16406,-33.722923
16407,-59.125782
16408,-58.350605
16409,-7.975489
16410,27.796633
16411,52.101112
16412,56.974472
16413,25.011850
16414,18.387482
16415,19.096296
16416,-2.272530
16417,-33.558544
16418,-44.462471
16419,-42.407524
16420,-16.775599
16421,5.388069
16422,12.281140
16423,-194.199524
16424,0.001705
16425,7.467597
16426,489.046570
16427,-665.687805
16428,-1367.881470
16429,-303.335388
16430,-645.465881
16431,-221.450211
16432,875.639587
16433,845.307251
16434,-1169.374023
16435,-712.223022
16436,1255.135986
16437,-429.687256
16438,-267.258911
16439,-555.029907
16440,390.140747
16441,1695.870605
16442,575.132568
16443,-471.034210
16444,-2207.900879
16445,-348.129822
16446,1805.903198
16447,-2008.236450
16448,-839.843811
16449,790.217590
16450,-1240.202271
16451,-694.307617
16452,-1361.327148
16453,1018.356873
16454,1859.463867
16455,1426.519287
16456,478.067993
16457,-409.037201
16458,1801.952515
16459,-471.898529
16460,-173.240829
16461,-471.152435
16462,1203.232178
16463,541.285095
16464,-247.101166
16465,1880.049438
16466,-1604.476563
16467,177.710999
16468,784.664917
16469,823.234436
16470,-2202.433350
16471,-1155.805908
16472,380.094849
16473,-246.626144
16474,1799.915039
16475,295.438690
16476,150.160248
16477,0.049003
16478,0.008366
16479,-0.034576
16480,0.018166
16481,0.019316
16482,-0.016685
16483,-0.011163
16484,-0.008630
16485,-0.057664
16486,-0.018026
16487,-0.052921
16488,-0.043031
16489,0.023918
16490,0.027267
16491,-0.049901
16492,-0.029372
16493,0.005461
16494,-0.000958
16495,0.012537
16496,0.000861
16497,-0.014399
16498,-0.005537
16499,0.013806
16500,0.010125
16501,-0.016450
16502,0.018265
16503,0.028351
16504,-0.012597
16505,0.068837
16506,0.035486
16507,-0.003430
16508,0.007725
16509,-0.035576
16510,-0.016227
16511,-0.016052
16512,-0.006109
16513,0.022166
16514,0.034587
16515,-0.025685
16516,-0.061056
16517,-0.018511
16518,-0.013579
16519,-0.025655
16520,-0.034908
16521,-0.019061
16522,0.012646
16523,-0.004736
16524,0.044903
16525,0.110724
16526,-0.000818
16527,-0.037545
16528,-0.011966
16529,0.023830
16530,0.003844
16531,-0.022156
16532,0.022197
16533,-0.011498
16534,-0.042638
16535,-0.023597
16536,0.004877
16537,-0.005942
16538,-0.048412
16539,-0.069857
16540,-0.053960
16541,-0.041122
16542,0.054897
16543,0.102997
16544,0.092799
16545,0.072750
16546,0.063365
16547,0.007813
16548,-0.002602
16549,-0.002893
16550,-0.009321
16551,-0.022979
16552,-0.017572
16553,-0.052787
16554,-0.069397
16555,-0.042808
16556,-0.021718
16557,0.064779
16558,0.069283
16559,-0.017686
16560,0.031820
16561,0.054172
16562,-0.011115
16563,-0.065981
16564,-0.117683
16565,-0.059641
16566,-0.038442
16567,-0.052078
16568,0.020175
16569,0.057873
16570,0.016111
16571,0.029441
16572,0.066816
16573,0.047475
16574,0.040460
16575,0.004474
16576,-0.002602
16577,519.805664
16578,518.079834
16579,6.454142
16580,375.165314
16581,10.567649
16582,-15.753157
16583,-32.473553
16584,-20.549810
16585,-4.263990
16586,11.287838
16587,1.751284
16588,-16.825005
16589,-5.099995
16590,16.414225
16591,31.344564
16592,22.482988
16593,10.783287
16594,-14.547257
16595,-44.388660
16596,-57.142864
16597,-39.451530
16598,-8.310959
16599,32.761852
16600,54.961468
16601,47.750481
16602,29.776653
16603,18.418623
16604,-0.790880
16605,-26.634642
16606,-65.020943
16607,-56.698883
16608,-27.042336
16609,22.839165
16610,40.329788
16611,33.332897
16612,20.593876
16613,8.772182
16614,-12.501771
16615,-8.497673
16616,-18.986311
16617,-20.178387
16618,-7.466724
16619,-4.364930
16620,7.599391
16621,24.064013
16622,19.344534
16623,0.748138
16624,19.739893
16625,12.889948
16626,-3.785586
16627,-31.773033
16628,-27.710705
16629,-25.022167
16630,-31.416420
16631,0.027823
16632,0.025875
16633,0.026344
16634,0.002304
16635,-0.035842
16636,-0.022652
16637,0.046282
16638,0.061856
16639,0.029940
16640,-0.009630
16641,-0.032065
16642,-0.059727
16643,-0.075093
16644,-0.034346
16645,0.014296
16646,0.019384
16647,0.030211
16648,0.028767
16649,-0.002369
16650,-0.037644
16651,-0.043223
16652,-0.015898
16653,0.017965
16654,0.021222
16655,-0.013997
16656,-0.023790
16657,-0.008143
16658,-0.008348
16659,0.031681
16660,0.093727
16661,0.083651
16662,0.025239
16663,-0.050561
16664,-0.065119
16665,-0.018380
16666,-0.011424
16667,-0.002086
16668,-0.002634
16669,-0.042716
16670,-0.033028
16671,0.020968
16672,-0.003837
16673,-0.054138
16674,-0.015536
16675,0.038455
16676,0.059609
16677,0.090887
16678,0.016073
16679,0.006757
16680,-0.005369
16681,-0.054355
16682,-0.068775
16683,0.012930
16684,0.027173
16685,0.069348
16686,0.046520
16687,0.007934
16688,-0.010046
16689,-0.047405
16690,-0.036979
16691,-0.019574
16692,-0.012306
16693,-0.017111
16694,-0.060420
16695,-0.045463
16696,-0.024944
16697,0.000840
16698,0.053355
16699,0.050708
16700,0.012855
16701,0.041093
16702,0.024704
16703,-0.021679
16704,-0.027249
16705,-0.048893
16706,-0.046541
16707,0.001823
16708,0.007209
16709,0.004130
16710,-0.029838
16711,-0.010271
16712,0.076343
16713,0.072918
16714,0.083540
16715,0.051395
16716,-0.020475
16717,-0.050057
16718,-0.076557
16719,-0.110150
16720,-0.083999
16721,-0.044554
16722,0.018035
16723,0.069607
16724,0.064083
16725,0.053766
16726,0.014132
16727,0.022438
16728,-0.008909
16729,-0.003236
16730,-0.008786
16731,-0.038095
16732,0.031903
16733,0.020749
16734,0.011288
16735,0.038411
16736,0.015296
16737,-0.039364
16738,-0.026661
16739,-0.001357
16740,0.019420
16741,0.015126
16742,0.003965
16743,-0.027029
16744,-0.045265
16745,0.019338
16746,0.030785
16747,0.007852
16748,-0.027324
16749,0.001591
16750,0.007585
16751,0.007050
16752,-0.042289
16753,-0.033247
16754,-0.015989
16755,-0.010786
16756,-0.006750
16757,-0.053181
16758,-0.031597
16759,0.008088
16760,0.054771
16761,0.071152
16762,0.065270
16763,0.036478
16764,-0.017728
16765,-0.024192
16766,-0.034035
16767,0.005676
16768,-0.014140
16769,0.001165
16770,0.008354
16771,0.010339
16772,0.043249
16773,0.052106
16774,0.039551
16775,-0.009205
16776,0.009645
16777,-0.066056
16778,-0.099930
16779,-0.084548
16780,-0.071962
16781,-0.021384
16782,0.080136
16783,0.091417
16784,0.023721
16785,0.041431
16786,0.017774
16787,0.011392
16788,-0.036681
16789,-0.032380
16790,0.017650
16791,0.042641
16792,0.012638
16793,0.026495
16794,-0.024837
16795,-0.043610
16796,-0.035964
16797,-0.026953
16798,-0.029720
16799,-0.020386
16800,-0.016320
16801,0.013790
16802,0.061597
16803,0.071550
16804,0.015692
16805,0.008136
16806,-0.076211
16807,-0.045136
16808,-0.001592
16809,0.027337
16810,0.035634
16811,0.026157
16812,0.005787
16813,-0.025339
16814,-0.058410
16815,-0.071725
16816,-0.024581
16817,0.000352
16818,0.072380
16819,0.042547
16820,0.025058
16821,0.077359
16822,0.066980
16823,-0.030153
16824,-0.037136
16825,-0.054183
16826,-0.054764
16827,-0.056409
16828,-0.025391
16829,-0.020724
16830,0.008457
16831,0.061366
16832,0.077861
16833,0.062473
16834,0.024554
16835,0.023069
16836,-0.019646
16837,-0.072641
16838,-0.073266
16839,-0.124321
16840,-0.102695
16841,-0.027435
16842,-0.008345
16843,0.039013
16844,0.104262
16845,0.104572
16846,0.053781
16847,0.027679
16848,0.017621
16849,-0.035677
16850,-0.047463
16851,-0.025128
16852,-0.017658
16853,-0.004681
16854,0.009326
16855,-0.004809
16856,-0.055172
16857,-0.055526
16858,-0.046212
16859,0.022769
16860,0.016384
16861,0.044301
16862,0.062269
16863,0.056326
16864,-0.005963
16865,-0.041741
16866,0.008926
16867,0.002104
16868,0.003874
16869,0.032937
16870,0.030765
16871,-0.014245
16872,-0.036499
16873,0.014957
16874,0.006687
16875,0.000503
16876,0.013448
16877,0.024875
16878,0.011508
16879,0.001560
16880,-0.060796
16881,-0.057022
16882,-0.029423
16883,-0.036935
16884,-0.017920
16885,-0.027589
16886,-0.004327
16887,0.007699
16888,0.036140
16889,0.037411
16890,-0.007783
16891,-0.019198
16892,0.003877
16893,0.026442
16894,0.005659
16895,-0.026041
16896,-0.023677
16897,0.024614
16898,0.066609
16899,0.042944
16900,0.022088
16901,-0.007371
16902,-0.025866
16903,-0.066707
16904,-0.067109
16905,-0.018729
16906,0.028314
16907,0.026914
16908,0.059434
16909,0.053823
16910,0.046126
16911,0.018533
16912,-0.054658
16913,-0.092939
16914,-0.051318
16915,0.027632
16916,0.032970
16917,0.008546
16918,0.006123
16919,-0.045721
16920,-0.018526
16921,0.038432
16922,0.075010
16923,-0.016450
16924,-0.049241
16925,-0.036967
16926,-0.036861
16927,-0.028672
16928,0.020477
16929,0.053334
16930,0.042591
16931,0.032271
16932,-0.026396
16933,-0.037054
16934,-0.057295
16935,-0.058631
16936,0.025374
16937,0.032139
16938,0.022565
16939,0.039096
16940,0.091222
16941,0.056664
16942,-0.010545
16943,-0.037286
16944,-0.020597
16945,-0.021313
16946,-0.007553
16947,0.009326
16948,-0.051971
16949,-0.080815
16950,-0.031593
16951,0.024044
16952,0.057646
16953,0.076541
16954,0.035014
16955,0.000259
16956,0.014221
16957,0.002824
16958,-0.012426
16959,-0.036047
16960,-0.040179
16961,-0.028422
16962,-0.011273
16963,0.003868
16964,0.057981
16965,0.063904
16966,0.046267
16967,-0.010607
16968,-0.112895
16969,-0.137615
16970,-0.103170
16971,-0.054187
16972,-0.010241
16973,0.040323
16974,0.096677
16975,0.122974
16976,0.086662
16977,0.031111
16978,-0.007980
16979,0.006228
16980,0.038895
16981,0.002207
16982,-0.047201
16983,-0.041373
16984,-0.023957
16985,-0.056938
16986,-0.031643
16987,0.012166
16988,-0.045828
16989,-0.037985
16990,-0.000435
16991,0.053627
16992,0.066305
16993,0.052133
16994,0.023237
16995,0.050680
16996,0.053140
16997,-0.018339
16998,-0.043258
16999,-0.045746
17000,-0.051185
17001,-0.031232
17002,0.032368
17003,0.047699
17004,0.038350
17005,-0.040083
17006,-0.123746
17007,-0.113655
17008,-0.057096
17009,-0.002155
17010,0.111761
17011,0.141061
17012,0.051895
17013,0.046150
17014,-0.008865
17015,-0.069970
17016,-0.040067
17017,-0.023999
17018,-0.045070
17019,-0.002030
17020,0.019245
17021,-0.002993
17022,0.013760
17023,0.014387
17024,0.001478
17025,0.042215
17026,0.010451
17027,0.008731
17028,-0.024293
17029,-0.045773
17030,-0.015558
17031,0.021968
17032,0.028401
17033,0.009343
17034,-0.032053
17035,-0.013859
17036,0.010971
17037,-0.004211
17038,0.037873
17039,-0.017635
17040,-0.062108
17041,-0.001834
17042,-0.002947
17043,0.029586
17044,0.030993
17045,-0.028031
17046,0.018167
17047,0.030407
17048,0.000797
17049,-0.008914
17050,-0.036384
17051,0.014808
17052,0.031857
17053,0.003212
17054,-0.014021
17055,-0.027647
17056,-0.015541
17057,-0.027295
17058,-0.050620
17059,-0.002418
17060,0.038630
17061,0.009924
17062,0.030602
17063,0.027260
17064,0.011022
17065,0.008516
17066,-0.047314
17067,-0.006203
17068,0.051591
17069,0.039167
17070,0.037602
17071,0.016528
17072,-0.048010
17073,-0.069374
17074,-0.069461
17075,-0.058418
17076,-0.056961
17077,-0.002375
17078,-0.009078
17079,-0.013970
17080,0.043055
17081,0.052037
17082,0.051850
17083,0.066738
17084,0.020984
17085,0.031287
17086,0.037985
17087,0.002977
17088,-0.013296
17089,-0.005459
17090,0.025142
17091,-0.065317
17092,-0.098706
17093,-0.087890
17094,-0.022417
17095,0.024371
17096,0.027125
17097,-0.017680
17098,-0.008036
17099,0.015470
17100,0.057461
17101,0.053322
17102,0.001606
17103,-0.053310
17104,-0.063221
17105,0.020203
17106,0.046334
17107,0.064666
17108,0.055105
17109,-0.042233
17110,-0.016385
17111,-0.010371
17112,-0.018549
17113,0.031220
17114,0.018437
17115,0.046818
17116,0.002710
17117,-0.027802
17118,-0.036051
17119,-0.019099
17120,0.018705
17121,0.030362
17122,-0.015052
17123,-0.017318
17124,-0.012314
17125,-0.008698
17126,0.008989
17127,-0.039964
17128,-0.030494
17129,-0.005193
17130,0.009743
17131,0.001790
17132,-0.022000
17133,-0.033001
17134,-0.009753
17135,-0.002255
17136,0.041116
17137,0.066311
17138,0.029891
17139,-0.004830
17140,0.006639
17141,0.037935
17142,0.006088
17143,-0.012028
17144,-0.014219
17145,-0.036403
17146,-0.055262
17147,-0.003999
17148,-0.015754
17149,-0.028010
17150,-0.015877
17151,0.010478
17152,0.007615
17153,0.022267
17154,0.015151
17155,-0.007631
17156,0.009636
17157,0.022210
17158,0.091946
17159,0.041985
17160,0.007233
17161,-0.006981
17162,-0.068266
17163,-0.059823
17164,-0.036446
17165,0.014182
17166,0.015085
17167,-0.005704
17168,0.033131
17169,0.049624
17170,-0.001826
17171,-0.045734
17172,-0.085263
17173,-0.049437
17174,-0.010195
17175,0.045017
17176,0.099070
17177,0.007108
17178,0.003019
17179,-0.044818
17180,-0.045372
17181,-0.027648
17182,-0.025673
17183,-0.005053
17184,-0.013013
17185,0.023824
17186,0.067488
17187,0.082203
17188,0.038355
17189,0.009700
17190,0.001973
17191,-0.032203
17192,-0.027334
17193,-0.000345
17194,-0.053013
17195,-0.020777
17196,0.015826
17197,-0.027894
17198,-0.015790
17199,0.021994
17200,0.033629
17201,0.026298
17202,0.031674
17203,-0.050634
17204,-0.070593
17205,-0.025209
17206,-0.017147
17207,-0.045031
17208,0.044473
17209,0.047680
17210,0.038341
17211,-0.009468
17212,0.014177
17213,0.030613
17214,-0.004368
17215,0.033086
17216,0.036240
17217,-0.020903
17218,-0.044107
17219,-0.035290
17220,-0.042517
17221,-0.054157
17222,-0.030133
17223,-0.003152
17224,0.042162
17225,0.012550
17226,-0.022952
17227,-0.008006
17228,-0.003355
17229,-0.010358
17230,0.072373
17231,569.660339
17232,538.518005
17233,7.091432
17234,310.231354
17235,13.257527
17236,-13.319052
17237,-34.213291
17238,-34.565254
17239,-13.567908
17240,2.683157
17241,10.618061
17242,25.084997
17243,28.890709
17244,22.924091
17245,-4.034552
17246,-20.122618
17247,-24.016430
17248,-17.472843
17249,-14.870948
17250,-17.627918
17251,-11.181153
17252,3.806242
17253,9.847546
17254,2.558132
17255,10.183214
17256,26.672138
17257,44.033226
17258,30.951099
17259,1.503959
17260,-11.015938
17261,-36.726582
17262,-58.776268
17263,-20.499477
17264,24.887224
17265,30.541143
17266,12.361686
17267,-9.335451
17268,-16.715038
17269,-0.735737
17270,11.651428
17271,15.571361
17272,-6.429773
17273,-22.271151
17274,-12.130571
17275,-1.713618
17276,5.514654
17277,-4.160994
17278,4.436903
17279,11.825562
17280,11.312252
17281,12.086287
17282,1.382573
17283,-11.904431
17284,-27.946785
17285,0.090324
17286,0.048245
17287,0.012436
17288,-0.030338
17289,-0.010214
17290,-0.009062
17291,-0.010409
17292,-0.019736
17293,-0.042116
17294,-0.031503
17295,-0.029536
17296,-0.025050
17297,0.035791
17298,0.077229
17299,0.048856
17300,0.003487
17301,-0.034831
17302,-0.102157
17303,-0.067204
17304,0.008758
17305,0.036325
17306,0.021206
17307,0.025607
17308,0.011680
17309,-0.004454
17310,-0.032419
17311,-0.070808
17312,-0.009778
17313,0.039248
17314,0.017690
17315,0.054922
17316,0.063366
17317,0.069221
17318,0.012940
17319,-0.017421
17320,-0.085202
17321,-0.089095
17322,-0.021587
17323,-0.034977
17324,-0.061006
17325,0.070353
17326,0.054643
17327,0.031914
17328,-0.020284
17329,-0.041121
17330,0.007765
17331,-0.017195
17332,0.000992
17333,0.037670
17334,-0.011762
17335,0.016254
17336,-0.002010
17337,-0.052635
17338,0.031898
17339,0.060408
17340,0.031704
17341,0.031447
17342,0.000054
17343,0.006198
17344,-0.024883
17345,-0.025686
17346,-0.008594
17347,-0.021907
17348,0.014261
17349,0.029161
17350,-0.040576
17351,-0.042052
17352,-0.071267
17353,-0.015522
17354,0.017665
17355,-0.004867
17356,-0.005411
17357,0.024250
17358,0.006354
17359,-0.000090
17360,0.012614
17361,0.042218
17362,0.016254
17363,-0.020346
17364,-0.017715
17365,-0.013146
17366,0.007945
17367,-0.030665
17368,-0.064812
17369,-0.063071
17370,-0.048084
17371,0.025791
17372,0.072344
17373,0.006040
17374,0.031022
17375,0.038001
17376,0.027359
17377,0.066198
17378,0.070075
17379,0.035552
17380,-0.002777
17381,-0.052498
17382,-0.065902
17383,-0.052742
17384,-0.024239
17385,-0.022154
17386,0.014574
17387,0.025813
17388,-0.003741
17389,-0.044022
17390,0.003070
17391,-0.014066
17392,-0.000025
17393,0.031798
17394,0.007863
17395,0.003365
17396,-0.035493
17397,0.016007
17398,-0.004282
17399,-0.014284
17400,-0.004992
17401,0.038304
17402,0.056899
17403,0.052961
17404,0.016582
17405,-0.027351
17406,-0.069278
17407,-0.060951
17408,-0.063203
17409,-0.053015
17410,-0.013552
17411,-0.000507
17412,0.026066
17413,0.026272
17414,0.038348
17415,0.037842
17416,0.018621
17417,0.036896
17418,0.008547
17419,-0.033167
17420,0.008481
17421,-0.032770
17422,-0.019521
17423,-0.009552
17424,-0.013332
17425,0.020035
17426,0.010725
17427,-0.013350
17428,-0.061618
17429,-0.038002
17430,0.010118
17431,0.033802
17432,0.014587
17433,0.055021
17434,0.021453
17435,0.019436
17436,0.025109
17437,-0.004421
17438,0.021825
17439,0.011735
17440,-0.005255
17441,-0.015213
17442,-0.085305
17443,-0.068579
17444,-0.073458
17445,-0.044610
17446,0.030322
17447,0.067540
17448,0.059445
17449,0.033497
17450,0.003200
17451,0.015322
17452,-0.035761
17453,-0.048998
17454,-0.025944
17455,-0.022801
17456,-0.030538
17457,0.027054
17458,0.018990
17459,0.010756
17460,0.052618
17461,0.032938
17462,0.040233
17463,0.037213
17464,0.036476
17465,-0.002806
17466,0.009269
17467,-0.036562
17468,-0.081923
17469,-0.071788
17470,-0.063445
17471,-0.050727
17472,-0.001225
17473,0.058883
17474,0.026024
17475,0.007736
17476,0.004682
17477,0.008132
17478,0.011543
17479,0.040635
17480,0.002348
17481,-0.051256
17482,-0.044810
17483,-0.033804
17484,0.021149
17485,0.015326
17486,0.021696
17487,0.125433
17488,0.047589
17489,0.021271
17490,-0.043909
17491,-0.065904
17492,-0.033980
17493,-0.032413
17494,0.004801
17495,0.011176
17496,-0.012927
17497,0.003239
17498,-0.019036
17499,-0.012480
17500,-0.002235
17501,0.025484
17502,0.017767
17503,-0.027121
17504,-0.031701
17505,-0.022162
17506,0.032386
17507,0.073020
17508,0.058744
17509,0.076821
17510,0.058996
17511,0.009898
17512,-0.020758
17513,-0.072726
17514,-0.071109
17515,-0.078462
17516,-0.037342
17517,-0.051655
17518,-0.082705
17519,-0.066647
17520,-0.035588
17521,0.053058
17522,0.059597
17523,0.114015
17524,0.097455
17525,0.044334
17526,-0.032787
17527,-0.087530
17528,-0.072037
17529,0.014414
17530,-0.009485
17531,0.002360
17532,0.017208
17533,0.054807
17534,0.046116
17535,-0.014875
17536,-0.020427
17537,0.016466
17538,0.010940
17539,0.012418
17540,0.071450
17541,0.016742
17542,-0.067462
17543,-0.058904
17544,-0.042146
17545,-0.006648
17546,-0.004968
17547,0.025687
17548,0.078671
17549,0.022512
17550,-0.065248
17551,-0.062333
17552,-0.085891
17553,-0.048937
17554,-0.008359
17555,0.058333
17556,0.086516
17557,0.026759
17558,-0.011448
17559,-0.022802
17560,-0.019764
17561,-0.000879
17562,0.000973
17563,0.018963
17564,-0.012653
17565,-0.040017
17566,0.008706
17567,0.041256
17568,0.086596
17569,0.029984
17570,-0.019222
17571,-0.040757
17572,-0.030192
17573,-0.025442
17574,0.003748
17575,-0.003694
17576,-0.006258
17577,0.041216
17578,-0.016214
17579,-0.055715
17580,-0.108060
17581,-0.097841
17582,0.000613
17583,0.029285
17584,0.095565
17585,0.088421
17586,0.074912
17587,0.048505
17588,-0.002154
17589,0.025661
17590,-0.032758
17591,-0.006025
17592,-0.017779
17593,-0.071301
17594,0.003021
17595,-0.034265
17596,0.005813
17597,0.048100
17598,0.017884
17599,-0.001919
17600,-0.050688
17601,-0.041718
17602,-0.020502
17603,-0.035770
17604,-0.037301
17605,-0.001641
17606,0.073186
17607,0.078495
17608,0.073566
17609,0.066305
17610,0.025982
17611,-0.003925
17612,-0.015409
17613,-0.009042
17614,-0.011451
17615,-0.011379
17616,-0.072010
17617,-0.113348
17618,-0.051225
17619,-0.001120
17620,0.031987
17621,0.012065
17622,0.031547
17623,0.066705
17624,0.086524
17625,0.021272
17626,-0.063564
17627,-0.074125
17628,-0.093489
17629,-0.083955
17630,-0.000437
17631,0.043770
17632,0.020163
17633,-0.003833
17634,0.041566
17635,0.043842
17636,0.021385
17637,0.027782
17638,0.046241
17639,0.032207
17640,0.000268
17641,-0.010760
17642,-0.011258
17643,-0.016636
17644,0.007237
17645,-0.003707
17646,-0.057781
17647,-0.078897
17648,-0.029574
17649,0.001724
17650,-0.017284
17651,0.056020
17652,0.078205
17653,0.029178
17654,-0.010116
17655,0.002226
17656,-0.006226
17657,0.008698
17658,0.022621
17659,0.030728
17660,0.024897
17661,-0.009415
17662,-0.031738
17663,-0.086418
17664,-0.022464
17665,-0.014613
17666,-0.005513
17667,0.040671
17668,0.034991
17669,0.007236
17670,-0.051728
17671,-0.114139
17672,-0.035365
17673,-0.003767
17674,0.039831
17675,0.152593
17676,0.097621
17677,0.024275
17678,-0.011357
17679,-0.041144
17680,-0.037823
17681,-0.075577
17682,-0.056269
17683,-0.067407
17684,-0.085852
17685,-0.016134
17686,-0.062590
17687,-0.029622
17688,-0.006052
17689,-0.009374
17690,0.021733
17691,-0.026134
17692,0.008310
17693,0.015358
17694,0.029209
17695,0.089860
17696,-0.000339
17697,-0.010753
17698,-0.053011
17699,-0.056917
17700,-0.026493
17701,-0.004073
17702,0.001110
17703,0.044624
17704,0.109140
17705,0.069803
17706,0.010898
17707,-0.044150
17708,-0.094976
17709,-0.076410
17710,-0.054326
17711,-0.054559
17712,0.016005
17713,0.049731
17714,0.034792
17715,0.048204
17716,0.045267
17717,0.022844
17718,0.011585
17719,0.005913
17720,-0.025007
17721,-0.059918
17722,-0.038889
17723,-0.031277
17724,0.008487
17725,0.024791
17726,0.040213
17727,0.026442
17728,-0.010201
17729,-0.022705
17730,-0.006373
17731,0.018157
17732,-0.006665
17733,-0.024406
17734,-0.009884
17735,0.002345
17736,0.032462
17737,-0.000166
17738,-0.069635
17739,-0.036791
17740,-0.035844
17741,-0.027649
17742,-0.006378
17743,0.042520
17744,-0.002136
17745,0.018519
17746,0.056582
17747,0.026446
17748,0.034537
17749,0.022572
17750,-0.026681
17751,-0.001548
17752,0.036794
17753,0.007324
17754,-0.043897
17755,-0.042489
17756,-0.054703
17757,-0.065717
17758,-0.073653
17759,-0.035375
17760,0.062195
17761,0.121896
17762,0.073069
17763,0.057862
17764,0.044190
17765,-0.010229
17766,-0.026358
17767,-0.033400
17768,-0.000610
17769,0.002849
17770,0.014996
17771,-0.033590
17772,-0.077523
17773,-0.049733
17774,-0.043482
17775,0.017914
17776,0.031127
17777,0.034107
17778,0.044306
17779,0.002184
17780,-0.002186
17781,0.015484
17782,0.034602
17783,0.011779
17784,-0.031862
17785,611.891907
17786,555.831055
17787,7.631277
17788,258.283020
17789,-27.366646
17790,-51.890373
17791,-34.440327
17792,24.011120
17793,56.347969
17794,59.636055
17795,21.028421
17796,-34.584713
17797,-59.444649
17798,-43.517689
17799,4.414253
17800,36.787228
17801,41.428642
17802,24.544638
17803,18.491533
17804,-10.389076
17805,-44.413151
17806,-63.000927
17807,-37.303020
17808,1.186416
17809,25.178478
17810,49.827370
17811,48.059494
17812,33.882835
17813,7.542881
17814,-31.282864
17815,-48.217319
17816,-35.273426
17817,5.951925
17818,4.947896
17819,2.458042
17820,-5.161924
17821,-12.337675
17822,7.606328
17823,3.535783
17824,10.912988
17825,21.640783
17826,22.929550
17827,-3.135720
17828,-24.753113
17829,-10.845693
17830,4.425840
17831,14.968709
17832,2.731261
17833,-6.237897
17834,-6.346351
17835,-21.151703
17836,15.738065
17837,11.777056
17838,-17.527454
17839,-0.025599
17840,-0.036037
17841,-0.033111
17842,0.028303
17843,0.026378
17844,-0.035056
17845,0.002508
17846,0.003365
17847,0.040051
17848,0.063754
17849,0.047996
17850,0.003752
17851,-0.030063
17852,0.026806
17853,0.018259
17854,-0.002055
17855,-0.024544
17856,-0.073132
17857,-0.084340
17858,0.015948
17859,0.039679
17860,0.059312
17861,0.037342
17862,-0.064721
17863,-0.081811
17864,-0.046080
17865,-0.021116
17866,0.053235
17867,0.046614
17868,0.024668
17869,0.035064
17870,0.078569
17871,0.083876
17872,-0.007058
17873,-0.028087
17874,-0.030305
17875,-0.045468
17876,-0.016267
17877,0.033414
17878,0.047232
17879,-0.029378
17880,-0.053895
17881,-0.049698
17882,-0.026387
17883,-0.037102
17884,0.023753
17885,0.014625
17886,-0.052560
17887,-0.068470
17888,-0.004338
17889,-0.010168
17890,-0.049144
17891,-0.003548
17892,-0.051711
17893,-0.036267
17894,0.029143
17895,0.009450
17896,0.008252
17897,0.020062
17898,0.009508
17899,0.056207
17900,0.043386
17901,0.039196
17902,0.019319
17903,-0.096687
17904,-0.096929
17905,-0.053409
17906,-0.052275
17907,-0.019143
17908,-0.020710
17909,0.032983
17910,0.157975
17911,0.086717
17912,0.014953
17913,-0.008287
17914,-0.027715
17915,-0.057424
17916,-0.074636
17917,-0.055797
17918,-0.015628
17919,-0.032270
17920,0.021584
17921,0.054846
17922,-0.004452
17923,-0.010572
17924,0.030618
17925,0.033283
17926,0.020389
17927,0.020322
17928,0.000547
17929,-0.069633
17930,-0.107586
17931,-0.087973
17932,-0.051383
17933,-0.003537
17934,0.048416
17935,0.070447
17936,0.088766
17937,0.081639
17938,0.034887
17939,0.001977
17940,-0.025827
17941,-0.000324
17942,0.021173
17943,-0.028200
17944,-0.054234
17945,-0.050055
17946,-0.004534
17947,0.001109
17948,0.001673
17949,0.069322
17950,0.078684
17951,0.077307
17952,0.036418
17953,-0.009499
17954,-0.043193
17955,-0.060482
17956,-0.049163
17957,-0.009860
17958,-0.014621
17959,-0.037809
17960,-0.011562
17961,0.008944
17962,-0.012334
17963,-0.014319
17964,0.021811
17965,0.010976
17966,0.023902
17967,-0.027801
17968,-0.049721
17969,-0.060091
17970,-0.009706
17971,0.033608
17972,0.081531
17973,0.066216
17974,-0.014018
17975,-0.007921
17976,-0.055124
17977,-0.051690
17978,-0.056651
17979,-0.048002
17980,-0.012926
17981,0.080379
17982,0.067161
17983,0.076648
17984,0.007968
17985,-0.052991
17986,-0.027154
17987,-0.096775
17988,-0.081677
17989,627.442932
17990,562.206299
17991,7.830065
17992,232.857712
17993,-20.609556
17994,52.140221
17995,96.585205
17996,92.677467
17997,41.262497
17998,-3.913019
17999,-26.596403
18000,-17.090052
18001,-31.144119
18002,-45.601818
18003,-42.799282
18004,-16.583282
18005,15.626432
18006,30.717558
18007,28.273495
18008,35.677479
18009,-2.888311
18010,-24.684830
18011,-33.903828
18012,-20.837461
18013,-0.682236
18014,2.225733
18015,-6.452802
18016,3.740668
18017,-4.259865
18018,12.952510
18019,26.954725
18020,34.554398
18021,47.286331
18022,16.281591
18023,-15.521055
18024,-40.761971
18025,-45.194004
18026,-58.965118
18027,-37.569431
18028,5.733191
18029,27.308929
18030,39.086208
18031,30.951286
18032,14.003093
18033,16.206245
18034,19.465096
18035,8.849348
18036,-19.039000
18037,-42.922413
18038,-31.484310
18039,-12.436698
18040,12.074579
18041,36.792458
18042,8.502400
18043,0.000593
18044,0.026192
18045,0.063195
18046,0.086561
18047,0.071093
18048,0.051573
18049,0.010699
18050,0.025174
18051,0.070972
18052,0.071502
18053,0.003344
18054,0.004595
18055,-0.021938
18056,-0.039000
18057,-0.091478
18058,-0.087862
18059,-0.047101
18060,-0.074509
18061,-0.010903
18062,0.077061
18063,0.026565
18064,0.001250
18065,-0.006542
18066,0.026188
18067,0.017906
18068,-0.030458
18069,-0.054423
18070,-0.061385
18071,-0.008525
18072,0.047181
18073,0.037524
18074,0.022226
18075,0.043105
18076,-0.040702
18077,-0.077039
18078,-0.057662
18079,-0.030463
18080,0.039431
18081,0.085367
18082,0.075416
18083,0.057419
18084,-0.003424
18085,-0.043061
18086,-0.043470
18087,-0.031957
18088,-0.016908
18089,0.008813
18090,0.028538
18091,-0.005888
18092,0.024858
18093,0.014532
18094,0.039041
18095,0.069169
18096,-0.023674
18097,-0.046938
18098,-0.033833
18099,-0.002226
18100,0.006325
18101,0.043549
18102,0.017813
18103,0.000193
18104,-0.018232
18105,-0.062509
18106,-0.096112
18107,-0.039855
18108,-0.005457
18109,0.023093
18110,0.023337
18111,0.035064
18112,0.068090
18113,0.052823
18114,0.089987
18115,-0.009571
18116,-0.049489
18117,-0.061403
18118,-0.121776
18119,-0.124936
18120,-0.068310
18121,-0.014144
18122,0.110374
18123,0.130909
18124,0.055163
18125,0.062464
18126,0.013950
18127,0.003968
18128,-0.003137
18129,-0.068271
18130,-0.106180
18131,-0.072440
18132,-0.020608
18133,0.012104
18134,0.013414
18135,0.057852
18136,0.076233
18137,0.085366
18138,0.085402
18139,0.021250
18140,-0.013779
18141,-0.068775
18142,-0.100198
18143,-0.043253
18144,0.003690
18145,0.054360
18146,0.036443
18147,0.009603
18148,-0.058209
18149,-0.087377
18150,-0.055377
18151,-0.015582
18152,0.045496
18153,0.019539
18154,-0.026598
18155,0.040042
18156,0.024864
18157,0.000008
18158,-0.022199
18159,0.013239
18160,0.021790
18161,-0.046839
18162,-0.038160
18163,0.010863
18164,-0.017621
18165,-0.031273
18166,0.040454
18167,0.052998
18168,0.041560
18169,0.025236
18170,0.044981
18171,0.042300
18172,0.011434
18173,0.005211
18174,0.004469
18175,-0.015447
18176,-0.021376
18177,-0.027372
18178,-0.079624
18179,-0.097670
18180,-0.098755
18181,-0.038730
18182,0.049283
18183,0.081997
18184,0.058898
18185,0.061745
18186,0.036540
18187,-0.028522
18188,-0.005389
18189,-0.007165
18190,-0.018987
18191,-0.032459
18192,-0.045303
18193,-0.028420
18194,-0.022374
18195,-0.018708
18196,0.004588
18197,0.090312
18198,0.085851
18199,0.013596
18200,0.020495
18201,-0.006617
18202,0.003413
18203,0.002948
18204,0.013877
18205,-0.026371
18206,-0.070911
18207,-0.052332
18208,-0.026777
18209,-0.043467
18210,-0.006078
18211,0.032303
18212,0.029180
18213,0.016476
18214,0.043937
18215,-0.000684
18216,-0.019003
18217,-0.067744
18218,-0.051218
18219,-0.002805
18220,0.021416
18221,0.040244
18222,-0.000715
18223,0.030866
18224,0.026743
18225,0.012628
18226,-0.023970
18227,-0.011902
18228,-0.005998
18229,0.028604
18230,0.067008
18231,0.035276
18232,-0.016056
18233,-0.012869
18234,0.013332
18235,0.030030
18236,-0.025246
18237,-0.040462
18238,-0.015574
18239,-0.004310
18240,-0.004142
18241,-0.081727
18242,-0.041126
18243,-0.001290
18244,0.016459
18245,0.056086
18246,0.081831
18247,0.080325
18248,0.071462
18249,0.006743
18250,-0.025366
18251,-0.059109
18252,-0.069865
18253,-0.072018
18254,-0.093497
18255,-0.088153
18256,-0.027285
18257,0.029650
18258,0.088938
18259,0.060182
18260,0.015135
18261,-0.022320
18262,-0.028636
18263,-0.043974
18264,-0.048485
18265,0.005141
18266,0.091127
18267,0.123453
18268,0.104148
18269,0.043660
18270,0.009169
18271,-0.037781
18272,-0.061768
18273,-0.032661
18274,-0.024099
18275,-0.054713
18276,-0.065817
18277,-0.039125
18278,-0.079190
18279,-0.016968
18280,0.058484
18281,0.074564
18282,0.025882
18283,0.022438
18284,0.028737
18285,0.010235
18286,-0.000970
18287,0.036456
18288,0.008821
18289,-0.041488
18290,-0.081455
18291,-0.032508
18292,0.003340
18293,0.015431
18294,-0.008137
18295,0.026934
18296,0.026879
18297,-0.019238
18298,0.017990
18299,-0.013624
18300,-0.020022
18301,-0.023515
18302,-0.039144
18303,-0.013001
18304,-0.037950
18305,-0.022785
18306,0.029819
18307,0.036382
18308,0.052817
18309,0.087537
18310,0.080072
18311,0.050865
18312,-0.003324
18313,-0.047603
18314,-0.016659
18315,-0.007259
18316,0.006554
18317,-0.011665
18318,-0.043022
18319,-0.036979
18320,-0.051679
18321,-0.006967
18322,-0.003767
18323,0.034145
18324,0.058810
18325,0.010211
18326,-0.026594
18327,-0.003332
18328,-0.007397
18329,-0.045821
18330,-0.028861
18331,0.025504
18332,0.003900
18333,-0.026623
18334,-0.046716
18335,-0.047832
18336,-0.025950
18337,-0.026995
18338,0.022831
18339,0.029271
18340,0.013591
18341,0.073119
18342,0.074381
18343,0.067553
18344,0.048794
18345,-0.042152
18346,-0.039256
18347,-0.083902
18348,-0.063402
18349,0.010636
18350,0.044101
18351,0.036087
18352,0.018986
18353,0.027693
18354,0.010706
18355,0.019546
18356,0.050913
18357,-0.019664
18358,-0.063902
18359,-0.022282
18360,-0.021404
18361,-0.012485
18362,-0.001363
18363,-0.005001
18364,-0.016009
18365,0.021415
18366,0.048863
18367,0.008168
18368,-0.015887
18369,-0.035568
18370,-0.034078
18371,-0.037294
18372,-0.028610
18373,-0.019390
18374,-0.016406
18375,-0.033236
18376,0.006105
18377,0.024820
18378,0.021748
18379,0.079852
18380,0.062985
18381,0.028023
18382,0.029754
18383,-0.017359
18384,-0.024540
18385,-0.035233
18386,-0.079139
18387,-0.060057
18388,-0.042790
18389,-0.017974
18390,0.093723
18391,0.140013
18392,0.094423
18393,0.034929
18394,-0.007708
18395,-0.020795
18396,-0.017465
18397,-0.025981
18398,-0.042378
18399,-0.021774
18400,-0.001120
18401,-0.011136
18402,-0.050582
18403,-0.072269
18404,-0.016456
18405,0.066234
18406,0.066990
18407,-0.018208
18408,-0.041046
18409,-0.085002
18410,-0.065350
18411,-0.003111
18412,0.035034
18413,0.080047
18414,0.036940
18415,0.060558
18416,0.038143
18417,-0.011276
18418,0.005127
18419,-0.080496
18420,-0.051692
18421,0.010180
18422,-0.015890
18423,-0.001878
18424,0.010360
18425,0.004314
18426,-0.003399
18427,0.034492
18428,0.032789
18429,-0.024058
18430,-0.079560
18431,-0.033586
18432,0.028641
18433,-0.016355
18434,-0.006585
18435,0.022502
18436,-0.007274
18437,0.050543
18438,0.070567
18439,0.093667
18440,0.056436
18441,-0.020500
18442,-0.040635
18443,0.002715
18444,0.015838
18445,0.022742
18446,-0.023555
18447,-0.040289
18448,-0.067674
18449,-0.052868
18450,-0.044840
18451,-0.084475
18452,-0.010595
18453,0.119338
18454,0.065397
18455,0.029674
18456,0.023136
18457,-0.000869
18458,0.041031
18459,0.094371
18460,0.075216
18461,0.011909
18462,-0.114031
18463,-0.162628
18464,-0.142545
18465,-0.098841
18466,0.000034
18467,0.070690
18468,0.054419
18469,0.007557
18470,0.012526
18471,0.057309
18472,0.050726
18473,-0.024371
18474,-0.044615
18475,-0.060332
18476,0.026960
18477,0.057791
18478,0.074911
18479,0.091745
18480,0.120300
18481,0.021302
18482,-0.052725
18483,-0.091889
18484,-0.109022
18485,-0.085911
18486,-0.031942
18487,-0.024708
18488,0.045234
18489,0.100417
18490,0.103375
18491,0.096431
18492,0.014837
18493,-0.048391
18494,-0.104318
18495,-0.101953
18496,-0.121585
18497,-0.041996
18498,0.013560
18499,0.018716
18500,0.047155
18501,0.061586
18502,0.102649
18503,0.084101
18504,0.036869
18505,0.009472
18506,-0.012774
18507,-0.073625
18508,-0.123929
18509,-0.089623
18510,-0.029707
18511,0.037488
18512,0.007332
18513,-0.018127
18514,0.031395
18515,0.068543
18516,0.113809
18517,0.047453
18518,0.013941
18519,-0.029196
18520,-0.047220
18521,-0.032124
18522,0.003569
18523,0.006649
18524,-0.014847
18525,0.031014
18526,0.006998
18527,-0.061601
18528,-0.049188
18529,0.010238
18530,0.033510
18531,-0.000188
18532,0.017255
18533,0.027911
18534,0.001579
18535,-0.018822
18536,-0.046521
18537,-0.052736
18538,-0.007614
18539,-0.000435
18540,-0.013402
18541,-0.005600
18542,0.036114
18543,0.054420
18544,0.124633
18545,0.079030
18546,0.038319
18547,0.013963
18548,-0.059884
18549,-0.045704
18550,-0.019311
18551,-0.023497
18552,-0.025314
18553,-0.028050
18554,0.003383
18555,0.059545
18556,0.019740
18557,-0.082329
18558,-0.111050
18559,-0.089685
18560,-0.043306
18561,-0.046279
18562,-0.026849
18563,0.047376
18564,0.075889
18565,0.069520
18566,0.132892
18567,0.073022
18568,0.021779
18569,-0.011748
18570,-0.066437
18571,-0.089450
18572,-0.076272
18573,-0.062415
18574,-0.038782
18575,0.024952
18576,0.036362
18577,0.102651
18578,0.079460
18579,0.027364
18580,-0.034771
18581,-0.053897
18582,-0.038717
18583,-0.021022
18584,0.000625
18585,0.038707
18586,-0.005597
18587,0.004374
18588,0.022870
18589,-0.065901
18590,-0.011414
18591,-0.064763
18592,-0.002029
18593,0.080632
18594,0.067745
18595,0.081671
18596,0.046816
18597,-0.004066
18598,-0.019637
18599,-0.012920
18600,-0.003600
18601,0.004137
18602,-0.054972
18603,-0.104190
18604,-0.083322
18605,-0.062914
18606,0.003359
18607,0.113570
18608,0.210697
18609,0.138270
18610,0.020776
18611,-0.072686
18612,-0.159403
18613,-0.123764
18614,-0.065585
18615,-0.001990
18616,-0.007119
18617,0.015829
18618,-0.002669
18619,-0.049503
18620,0.026318
18621,0.070251
18622,0.087690
18623,0.066287
18624,0.007404
18625,-0.025220
18626,-0.022165
18627,-0.012751
18628,0.012532
18629,0.019018
18630,0.027748
18631,-0.028924
18632,-0.002575
18633,-0.015740
18634,-0.031733
18635,-0.027845
18636,-0.075258
18637,-0.016632
18638,0.024560
18639,-0.018632
18640,-0.010437
18641,-0.038467
18642,-0.013868
18643,0.037520
18644,0.033232
18645,0.049449
18646,0.061001
18647,0.077092
18648,0.044341
18649,0.023882
18650,0.004136
18651,-0.016359
18652,0.017785
18653,0.000734
18654,-0.063245
18655,-0.083919
18656,-0.041928
18657,-0.053280
18658,-0.043299
18659,0.002811
18660,-0.001253
18661,0.032062
18662,0.024777
18663,0.008890
18664,0.014484
18665,-0.038315
18666,-0.027478
18667,0.018062
18668,0.039835
18669,0.014113
18670,-0.040018
18671,-0.028814
18672,-0.021961
18673,-0.010949
18674,0.026987
18675,0.037196
18676,0.035914
18677,0.010117
18678,-0.003933
18679,-0.000394
18680,-0.020727
18681,-0.057114
18682,-0.000584
18683,-0.003529
18684,-0.034947
18685,-0.005618
18686,0.045829
18687,0.078946
18688,0.071526
18689,0.010696
18690,-0.011066
18691,-0.002500
18692,-0.044735
18693,681.109070
18694,584.207031
18695,8.516077
18696,145.229645
18697,-6.124033
18698,-10.703137
18699,-2.407175
18700,3.286667
18701,-11.418864
18702,-36.863457
18703,-35.901581
18704,-4.812894
18705,18.929733
18706,38.857208
18707,35.313190
18708,15.116677
18709,-6.928249
18710,-29.646843
18711,-27.621052
18712,-19.882856
18713,-3.830239
18714,2.567319
18715,5.753412
18716,-1.454500
18717,11.913424
18718,28.311001
18719,31.673862
18720,24.690456
18721,15.590909
18722,-20.651035
18723,-56.229019
18724,-47.469074
18725,-16.524849
18726,14.603023
18727,28.672647
18728,24.978527
18729,16.548584
18730,6.317368
18731,0.060007
18732,-12.807545
18733,-1.400575
18734,-10.303870
18735,-8.832859
18736,1.810145
18737,4.554562
18738,-7.483952
18739,-19.243073
18740,-22.582735
18741,-5.940417
18742,29.399250
18743,28.820723
18744,19.399460
18745,16.526543
18746,28.695057
18747,-0.004661
18748,0.002478
18749,-0.010133
18750,-0.038241
18751,-0.075456
18752,-0.039039
18753,-0.003926
18754,0.041053
18755,0.044754
18756,0.026743
18757,0.003276
18758,-0.016077
18759,-0.018640
18760,0.008252
18761,0.000100
18762,-0.017153
18763,0.021280
18764,0.012036
18765,0.038848
18766,0.025386
18767,-0.051966
18768,-0.044942
18769,-0.051021
18770,-0.024363
18771,0.020302
18772,0.042714
18773,-0.012759
18774,-0.033537
18775,-0.006690
18776,0.029645
18777,0.034862
18778,0.045698
18779,0.038737
18780,-0.039168
18781,-0.050083
18782,-0.032065
18783,-0.001392
18784,0.028926
18785,0.000273
18786,0.017293
18787,0.042640
18788,-0.019264
18789,-0.031135
18790,-0.001957
18791,0.030454
18792,0.049708
18793,0.012159
18794,-0.036226
18795,-0.041283
18796,0.011100
18797,0.039997
18798,-0.004660
18799,-0.014985
18800,-0.031609
18801,-0.074006
18802,-0.051019
18803,0.043574
18804,0.029052
18805,-0.010106
18806,0.004732
18807,-0.027773
18808,0.029556
18809,0.004758
18810,0.018149
18811,0.033401
18812,-0.007215
18813,-0.039829
18814,-0.030878
18815,0.019579
18816,-0.028196
18817,-0.015503
18818,0.070742
18819,0.084457
18820,-0.009109
18821,-0.025395
18822,0.008117
18823,-0.073480
18824,-0.001873
18825,0.000991
18826,0.043076
18827,0.016876
18828,-0.016197
18829,-0.039296
18830,-0.050519
18831,-0.046998
18832,0.037497
18833,0.042399
18834,0.011429
18835,0.040677
18836,0.032942
18837,0.021665
18838,-0.021023
18839,-0.001747
18840,0.003611
18841,-0.026967
18842,0.012359
18843,0.032310
18844,-0.012230
18845,-0.016970
18846,-0.030737
18847,0.001973
18848,0.034084
18849,0.004283
18850,0.012394
18851,-0.046994
18852,-0.006026
18853,0.013483
18854,-0.019091
18855,-0.022422
18856,0.034008
18857,0.044870
18858,0.031411
18859,-0.022120
18860,-0.045426
18861,-0.020805
18862,-0.028235
18863,-0.010370
18864,-0.023520
18865,-0.051724
18866,-0.042309
18867,0.019720
18868,0.060426
18869,0.019758
18870,0.014021
18871,0.008299
18872,0.027044
18873,0.081871
18874,0.114672
18875,0.069064
18876,0.023701
18877,-0.010151
18878,-0.110213
18879,-0.096145
18880,-0.048315
18881,-0.045036
18882,0.009726
18883,0.033650
18884,0.029870
18885,0.013812
18886,-0.034319
18887,-0.041226
18888,-0.025051
18889,-0.050531
18890,0.013943
18891,0.062450
18892,0.024188
18893,0.046259
18894,0.022846
18895,0.003536
18896,-0.038716
18897,-0.014834
18898,-0.004897
18899,0.037984
18900,0.015321
18901,-0.030209
18902,-0.073370
18903,-0.070562
18904,-0.097727
18905,-0.056456
18906,0.035065
18907,0.082455
18908,0.027836
18909,0.033550
18910,0.070766
18911,-0.004010
18912,0.027382
18913,0.011622
18914,0.002255
18915,-0.039669
18916,-0.013469
18917,0.016851
18918,0.047071
18919,0.043720
18920,0.048522
18921,0.040923
18922,-0.027851
18923,-0.131855
18924,-0.043326
18925,-0.016135
18926,-0.042004
18927,0.000260
18928,0.032756
18929,0.022218
18930,-0.011029
18931,-0.007789
18932,-0.011415
18933,-0.040484
18934,-0.069429
18935,-0.055471
18936,0.006538
18937,0.054914
18938,0.057935
18939,0.081031
18940,0.079698
18941,0.036155
18942,0.040422
18943,-0.001965
18944,-0.056025
18945,-0.107047
18946,-0.063495
18947,-0.016430
18948,-0.033866
18949,-0.047681
18950,0.001402
18951,0.021139
18952,0.026544
18953,0.056613
18954,0.103829
18955,0.077721
18956,-0.011664
18957,-0.048516
18958,-0.064482
18959,-0.085979
18960,-0.042076
18961,0.004242
18962,0.030495
18963,0.043965
18964,0.002201
18965,-0.048465
18966,-0.032905
18967,0.044806
18968,-0.022498
18969,0.005841
18970,0.027894
18971,-0.024274
18972,0.039321
18973,0.032661
18974,-0.016239
18975,-0.016781
18976,-0.005725
18977,0.009639
18978,0.034684
18979,0.001812
18980,-0.007838
18981,-0.030650
18982,-0.060604
18983,-0.074723
18984,-0.025320
18985,0.024550
18986,0.064211
18987,0.062538
18988,0.047630
18989,0.018634
18990,-0.060172
18991,-0.063309
18992,0.017999
18993,0.046596
18994,0.077957
18995,0.067804
18996,-0.005121
18997,-0.037582
18998,-0.025988
18999,-0.022814
19000,-0.005692
19001,-0.006885
19002,-0.033889
19003,-0.011084
19004,0.012873
19005,-0.009434
19006,0.016913
19007,0.010697
19008,0.012647
19009,-0.041442
19010,-0.107537
19011,-0.120803
19012,-0.044990
19013,-0.020635
19014,0.061975
19015,0.102721
19016,0.077960
19017,0.072818
19018,0.009469
19019,-0.015988
19020,-0.036611
19021,-0.063179
19022,-0.017338
19023,0.049377
19024,0.083730
19025,0.058674
19026,0.006889
19027,-0.057651
19028,-0.038026
19029,-0.042538
19030,-0.062393
19031,-0.075005
19032,-0.100366
19033,-0.046778
19034,0.014322
19035,0.076306
19036,0.100685
19037,0.113810
19038,0.131127
19039,0.075344
19040,0.028384
19041,-0.066537
19042,-0.057455
19043,-0.105410
19044,-0.095231
19045,-0.059101
19046,-0.039170
19047,0.030150
19048,0.073641
19049,0.057376
19050,0.037563
19051,0.013341
19052,-0.023633
19053,-0.007199
19054,-0.015917
19055,-0.051558
19056,0.005713
19057,-0.004201
19058,-0.058440
19059,-0.009387
19060,-0.019140
19061,-0.000532
19062,0.066278
19063,0.074962
19064,0.037104
19065,-0.041554
19066,-0.137260
19067,-0.109146
19068,-0.023885
19069,0.066168
19070,0.076190
19071,0.111737
19072,0.133082
19073,0.049928
19074,-0.005898
19075,-0.075863
19076,-0.117774
19077,-0.076345
19078,-0.005141
19079,-0.010169
19080,0.005817
19081,0.008474
19082,0.012867
19083,0.013689
19084,0.005902
19085,0.009075
19086,0.014142
19087,0.015770
19088,-0.010011
19089,-0.036953
19090,-0.071918
19091,0.003631
19092,-0.016747
19093,0.033245
19094,0.040905
19095,-0.014877
19096,0.028168
19097,0.025724
19098,-0.037124
19099,-0.006989
19100,-0.052006
19101,-0.043367
19102,-0.003649
19103,0.016147
19104,0.025350
19105,-0.019170
19106,-0.080660
19107,-0.027854
19108,-0.028130
19109,-0.023507
19110,0.045856
19111,0.032909
19112,0.089653
19113,0.074023
19114,0.024850
19115,-0.020466
19116,-0.001631
19117,-0.003944
19118,-0.034567
19119,-0.083687
19120,-0.015714
19121,-0.007560
19122,0.038136
19123,0.056195
19124,-0.018209
19125,-0.035984
19126,-0.009304
19127,-0.030662
19128,0.055921
19129,-0.002338
19130,0.008902
19131,0.036260
19132,-0.007865
19133,0.011210
19134,0.022315
19135,0.012020
19136,0.008250
19137,0.025805
19138,-0.000756
19139,-0.040427
19140,-0.060996
19141,-0.052485
19142,-0.036904
19143,0.011427
19144,0.029675
19145,0.058287
19146,0.042195
19147,0.006397
19148,-0.009365
19149,0.030024
19150,0.013498
19151,-0.013718
19152,-0.056210
19153,-0.070445
19154,-0.044691
19155,-0.005918
19156,0.003937
19157,0.020653
19158,0.009694
19159,0.014480
19160,-0.007686
19161,-0.032460
19162,-0.029804
19163,-0.016655
19164,0.009573
19165,-0.002236
19166,0.021557
19167,0.030324
19168,0.007486
19169,-0.001848
19170,0.021635
19171,-0.011010
19172,0.031872
19173,0.076280
19174,0.032414
19175,0.002941
19176,0.030607
19177,0.003087
19178,-0.032632
19179,-0.078907
19180,-0.124911
19181,-0.069697
19182,0.013051
19183,0.039744
19184,0.055742
19185,0.028482
19186,-0.008002
19187,-0.049014
19188,0.001828
19189,0.016013
19190,0.018155
19191,0.014745
19192,-0.008895
19193,0.024486
19194,0.012161
19195,0.035760
19196,0.040712
19197,0.011229
19198,0.050805
19199,0.042886
19200,0.012577
19201,-0.016709
19202,-0.059581
19203,-0.117086
19204,-0.083118
19205,-0.017900
19206,-0.040796
19207,-0.031196
19208,0.005577
19209,-0.003400
19210,0.018081
19211,0.033810
19212,0.053227
19213,0.045129
19214,0.062643
19215,0.030179
19216,-0.018162
19217,-0.005758
19218,-0.036296
19219,-0.059353
19220,-0.052293
19221,-0.004295
19222,0.033957
19223,0.034187
19224,0.022580
19225,0.011025
19226,0.031989
19227,0.028544
19228,-0.022465
19229,-0.028036
19230,-0.103036
19231,-0.087205
19232,-0.001980
19233,0.015772
19234,0.007931
19235,-0.002725
19236,0.049640
19237,0.060162
19238,0.013739
19239,-0.043170
19240,-0.016961
19241,0.045008
19242,0.040434
19243,0.060897
19244,0.072959
19245,0.020886
19246,-0.031806
19247,0.036971
19248,0.032037
19249,0.042267
19250,0.013370
19251,0.004667
19252,-0.027243
19253,-0.044450
19254,-0.045453
19255,-0.050139
19256,0.017136
19257,0.033505
19258,0.095422
19259,0.009646
19260,-0.032805
19261,-0.006607
19262,-0.027159
19263,-0.034729
19264,-0.072135
19265,0.001342
19266,0.074268
19267,0.076788
19268,0.050209
19269,-0.003040
19270,-0.047369
19271,-0.090327
19272,-0.068871
19273,-0.016964
19274,-0.009273
19275,-0.037745
19276,0.015102
19277,0.030598
19278,0.023399
19279,0.006716
19280,0.031657
19281,0.083213
19282,0.017875
19283,-0.037064
19284,-0.009197
19285,-0.045778
19286,-0.031228
19287,0.003164
19288,0.040842
19289,0.011857
19290,0.015721
19291,-0.012588
19292,-0.062115
19293,-0.002103
19294,0.073847
19295,0.008697
19296,0.024970
19297,0.060813
19298,0.012705
19299,0.024928
19300,0.062120
19301,0.026989
19302,0.002038
19303,-0.007104
19304,-0.042027
19305,-0.061780
19306,-0.092587
19307,-0.115786
19308,-0.060357
19309,-0.036995
19310,-0.038949
19311,-0.008812
19312,-0.006302
19313,0.052814
19314,0.074390
19315,0.048108
19316,0.038750
19317,-0.003532
19318,0.002591
19319,-0.003080
19320,-0.047477
19321,-0.023051
19322,-0.032803
19323,-0.009624
19324,0.042860
19325,0.016825
19326,0.046479
19327,0.011624
19328,0.014865
19329,0.100293
19330,0.029936
19331,-0.001551
19332,-0.002315
19333,-0.071228
19334,-0.064540
19335,-0.045878
19336,-0.066020
19337,-0.002879
19338,0.014069
19339,0.010010
19340,-0.005915
19341,-0.016225
19342,0.048082
19343,0.015817
19344,0.061432
19345,0.039442
19346,0.034232
19347,0.017042
19348,0.001992
19349,0.007231
19350,-0.027029
19351,-0.052042
19352,-0.045646
19353,-0.017165
19354,-0.041271
19355,-0.008171
19356,0.016546
19357,-0.016460
19358,-0.019889
19359,0.027081
19360,0.041101
19361,0.050772
19362,0.036518
19363,0.043911
19364,-0.002346
19365,-0.016734
19366,-0.053276
19367,-0.093432
19368,-0.071745
19369,-0.008653
19370,0.011072
19371,0.029796
19372,0.075230
19373,0.101412
19374,0.086687
19375,0.021634
19376,-0.036631
19377,-0.093629
19378,-0.086794
19379,-0.038362
19380,-0.020785
19381,-0.017706
19382,0.062055
19383,0.023150
19384,0.035612
19385,0.054775
19386,0.075263
19387,0.032533
19388,-0.022829
19389,-0.062732
19390,-0.058398
19391,-0.039051
19392,-0.054682
19393,-0.053821
19394,-0.035303
19395,0.007799
19396,0.022271
19397,-0.001659
19398,0.008997
19399,0.000152
19400,-0.039626
19401,-0.051698
19402,-0.003336
19403,0.001617
19404,-0.007178
19405,0.033761
19406,0.086903
19407,0.096137
19408,0.071441
19409,0.024600
19410,-0.079623
19411,-0.069738
19412,0.014920
19413,-0.005470
19414,-0.017050
19415,-0.030398
19416,-0.057527
19417,-0.016122
19418,0.016844
19419,0.052841
19420,0.035832
19421,0.027090
19422,-0.026893
19423,-0.067161
19424,-0.045752
19425,-0.004200
19426,-0.004580
19427,0.068502
19428,0.053227
19429,0.033472
19430,0.014603
19431,-0.025019
19432,-0.020291
19433,-0.043247
19434,-0.008800
19435,0.049434
19436,0.001221
19437,-0.046519
19438,-0.057685
19439,-0.026717
19440,0.015660
19441,0.012308
19442,0.025920
19443,0.001424
19444,0.028900
19445,0.016109
19446,-0.064938
19447,-0.061188
19448,-0.032468
19449,0.012817
19450,0.036812
19451,0.024832
19452,0.080667
19453,0.050665
19454,0.010011
19455,-0.031038
19456,-0.028685
19457,-0.019392
19458,-0.000041
19459,-0.016238
19460,0.023747
19461,-0.006316
19462,-0.023156
19463,0.040447
19464,0.085392
19465,0.066482
19466,0.009501
19467,-0.004444
19468,-0.000395
19469,0.011688
19470,-0.003997
19471,-0.050550
19472,-0.056664
19473,-0.063102
19474,-0.061353
19475,-0.044860
19476,-0.026719
19477,-0.031890
19478,-0.005574
19479,0.121051
19480,0.148942
19481,-0.010963
19482,-0.001089
19483,-0.052148
19484,-0.072730
19485,-0.022735
19486,-0.042441
19487,-0.013170
19488,-0.028526
19489,-0.005669
19490,0.021182
19491,0.002243
19492,-0.025207
19493,-0.039565
19494,0.008984
19495,0.080504
19496,0.123256
19497,0.113759
19498,0.068383
19499,-0.009305
19500,-0.093766
19501,-0.140564
19502,-0.061849
19503,-0.074812
19504,-0.035273
19505,-0.002262
19506,0.027502
19507,0.013710
19508,0.017014
19509,0.034879
19510,0.031816
19511,0.103651
19512,0.067658
19513,-0.015866
19514,-0.018140
19515,-0.038377
19516,-0.025108
19517,-0.013719
19518,-0.002198
19519,0.009805
19520,-0.021263
19521,-0.032642
19522,0.000653
19523,-0.004257
19524,0.014923
19525,0.035593
19526,0.024290
19527,0.023514
19528,-0.024073
19529,-0.025667
19530,0.004587
19531,0.022040
19532,-0.017159
19533,0.013809
19534,-0.009190
19535,-0.009314
19536,-0.045197
19537,0.011352
19538,-0.009539
19539,-0.038638
19540,-0.052589
19541,-0.045843
19542,-0.022490
19543,0.030715
19544,0.051490
19545,0.033968
19546,0.039048
19547,0.018576
19548,-0.006893
19549,0.033448
19550,-0.019050
19551,-0.032636
19552,0.012911
19553,0.028417
19554,-0.003013
19555,-0.032329
19556,-0.062903
19557,-0.036612
19558,-0.066036
19559,-0.001265
19560,0.071971
19561,0.074587
19562,0.065450
19563,0.028365
19564,-0.027210
19565,-0.034001
19566,0.012454
19567,0.055678
19568,0.047351
19569,-0.005859
19570,-0.035013
19571,-0.037317
19572,-0.016372
19573,-0.019924
19574,-0.031648
19575,-0.056458
19576,-0.030728
19577,0.037815
19578,-0.002789
19579,-0.016567
19580,-0.015956
19581,-0.044605
19582,0.005208
19583,0.010636
19584,0.008568
19585,-0.003465
19586,-0.003985
19587,-0.003492
19588,0.052666
19589,0.041087
19590,0.024232
19591,0.005784
19592,-0.063571
19593,-0.029986
19594,0.006399
19595,0.013759
19596,0.021380
19597,0.011575
19598,0.002921
19599,0.000108
19600,-0.028170
19601,0.016141
19602,0.012612
19603,0.007427
19604,-0.022067
19605,-0.037114
19606,-0.019343
19607,0.021364
19608,0.042892
19609,0.049689
19610,0.024086
19611,-0.012362
19612,-0.043594
19613,-0.034887
19614,-0.012276
19615,0.008958
19616,-0.009199
19617,-0.038741
19618,-0.025119
19619,-0.001381
19620,0.017189
19621,0.007481
19622,-0.010200
19623,-0.008446
19624,-0.015317
19625,0.009793
19626,-0.029680
19627,-0.008776
19628,-0.020149
19629,0.012948
19630,0.066626
19631,0.109440
19632,0.058044
19633,0.024436
19634,-0.046905
19635,-0.059648
19636,-0.048589
19637,-0.071762
19638,-0.024136
19639,-0.001426
19640,0.002903
19641,0.053356
19642,0.017488
19643,-0.028840
19644,-0.046913
19645,-0.028584
19646,0.010776
19647,0.006946
19648,0.006013
19649,-0.028064
19650,-0.010289
19651,0.011979
19652,0.028338
19653,0.043070
19654,0.054872
19655,0.024510
19656,0.051508
19657,0.022268
19658,-0.018416
19659,-0.054193
19660,-0.064974
19661,-0.099553
19662,-0.115471
19663,-0.072197
19664,-0.001572
19665,0.012392
19666,0.085389
19667,0.100066
19668,0.056165
19669,0.030419
19670,0.010939
19671,0.027116
19672,-0.018482
19673,-0.042647
19674,-0.015686
19675,0.008229
19676,-0.039237
19677,-0.057095
19678,0.017883
19679,0.039330
19680,0.061818
19681,0.075250
19682,-0.021628
19683,-0.067403
19684,-0.099812
19685,-0.076067
19686,-0.041910
19687,0.059265
19688,0.083949
19689,0.061455
19690,-0.001937
19691,0.007669
19692,-0.019945
19693,0.000604
19694,0.000064
19695,-0.057456
19696,-0.039538
19697,-0.020987
19698,0.001246
19699,0.017783
19700,0.004706
19701,-0.006267
19702,-0.016676
19703,-0.003529
19704,-0.026602
19705,-0.038511
19706,0.037009
19707,0.045882
19708,0.011827
19709,0.018711
19710,-0.021320
19711,-0.001117
19712,0.004637
19713,-0.018452
19714,0.060589
19715,-0.033458
19716,-0.078703
19717,0.009299
19718,-0.007057
19719,0.030532
19720,-0.012122
19721,-0.030423
19722,-0.030705
19723,-0.003053
19724,0.064862
19725,0.081044
19726,0.109125
19727,0.041001
19728,0.000936
19729,-0.039871
19730,-0.050616
19731,-0.023216
19732,-0.056275
19733,-0.016020
19734,-0.020572
19735,-0.038248
19736,-0.044562
19737,0.007514
19738,0.001219
19739,0.031630
19740,0.025316
19741,-0.008253
19742,0.002953
19743,-0.046171
19744,-0.051737
19745,0.015117
19746,0.020236
19747,761.455872
19748,617.145630
19749,9.543146
19750,28.487555
19751,-50.360683
19752,-35.785126
19753,-34.813274
19754,-1.290864
19755,33.146652
19756,48.446835
19757,62.795471
19758,40.665836
19759,-5.891666
19760,-33.841030
19761,-21.889626
19762,-0.935449
19763,15.568134
19764,13.777520
19765,-28.094383
19766,-54.112926
19767,-52.891506
19768,-15.806657
19769,46.215229
19770,60.687813
19771,39.673214
19772,18.179665
19773,3.534259
19774,-6.928434
19775,-6.013464
19776,-17.973295
19777,-33.476402
19778,-31.556139
19779,-7.883468
19780,9.787685
19781,18.678692
19782,6.707217
19783,2.447863
19784,-4.054556
19785,-15.938910
19786,-9.701023
19787,-10.111379
19788,8.763029
19789,24.771029
19790,24.865870
19791,1.787845
19792,-7.567209
19793,6.726769
19794,24.427694
19795,21.200462
19796,8.210770
19797,0.704221
19798,-24.835518
19799,-37.501068
19800,-28.890614
19801,0.047473
19802,0.048152
19803,-0.012833
19804,0.018787
19805,0.005496
19806,0.018089
19807,0.039184
19808,-0.001734
19809,-0.039488
19810,-0.074739
19811,-0.123230
19812,-0.112879
19813,-0.079061
19814,0.049952
19815,0.095466
19816,0.109826
19817,0.101204
19818,0.081124
19819,0.019706
19820,-0.046184
19821,0.004377
19822,-0.014795
19823,-0.009856
19824,-0.000685
19825,0.014431
19826,-0.045285
19827,-0.068628
19828,-0.064322
19829,-0.022286
19830,-0.010125
19831,0.005688
19832,0.002166
19833,-0.009256
19834,0.053203
19835,-0.001915
19836,0.025406
19837,0.021105
19838,-0.006989
19839,0.002356
19840,-0.020473
19841,0.005270
19842,0.007889
19843,-0.002740
19844,-0.022047
19845,0.014795
19846,0.007874
19847,-0.064558
19848,-0.009552
19849,0.012759
19850,0.066666
19851,0.103938
19852,0.070708
19853,-0.007984
19854,-0.094628
19855,-0.094551
19856,-0.020177
19857,-0.000784
19858,0.054844
19859,0.072163
19860,0.078078
19861,-0.007696
19862,-0.091701
19863,-0.094372
19864,-0.069611
19865,0.024028
19866,0.027792
19867,0.045863
19868,-0.029748
19869,-0.044827
19870,0.001313
19871,-0.020187
19872,0.035398
19873,0.000887
19874,0.010684
19875,0.017425
19876,-0.011761
19877,-0.027702
19878,-0.019691
19879,0.004959
19880,0.037462
19881,0.032786
19882,0.008672
19883,-0.031384
19884,-0.043506
19885,-0.003816
19886,0.005879
19887,0.047118
19888,0.065727
19889,0.023735
19890,-0.043223
19891,-0.058817
19892,0.009830
19893,0.075728
19894,0.054664
19895,0.011589
19896,0.012843
19897,-0.032750
19898,-0.059270
19899,0.013327
19900,0.055643
19901,773.195313
19902,621.958313
19903,9.693212
19904,28.353512
19905,-3.017209
19906,19.004059
19907,46.401974
19908,37.290680
19909,10.204885
19910,6.556212
19911,-10.923139
19912,-20.715605
19913,-32.367378
19914,-42.617039
19915,-33.420265
19916,-8.905711
19917,10.690232
19918,15.973982
19919,38.329437
19920,31.835764
19921,3.108835
19922,5.763529
19923,8.281679
19924,-0.645848
19925,-26.539549
19926,-37.583641
19927,-26.365654
19928,5.664900
19929,26.398024
19930,27.632164
19931,19.995272
19932,26.989307
19933,9.567046
19934,-5.831316
19935,-17.075909
19936,-26.996519
19937,-25.652187
19938,-4.216992
19939,1.195986
19940,4.646009
19941,-4.785454
19942,-21.638908
19943,3.594091
19944,12.432748
19945,18.421051
19946,13.381146
19947,2.585296
19948,-36.140133
19949,-19.429974
19950,-3.675205
19951,11.366303
19952,25.399025
19953,12.229862
19954,-3.662283
19955,0.032245
19956,0.005070
19957,0.005861
19958,-0.028881
19959,-0.038608
19960,-0.014893
19961,-0.010024
19962,0.031900
19963,-0.016491
19964,-0.036047
19965,-0.032526
19966,-0.029179
19967,-0.042450
19968,-0.057527
19969,0.019927
19970,0.006287
19971,0.057034
19972,-0.006798
19973,-0.021449
19974,-0.004163
19975,-0.015497
19976,0.007146
19977,0.005552
19978,0.009499
19979,0.020424
19980,0.022649
19981,0.041828
19982,0.065862
19983,0.035166
19984,0.017290
19985,0.000160
19986,-0.024137
19987,-0.082710
19988,-0.089696
19989,-0.020570
19990,0.014896
19991,-0.003279
19992,0.017584
19993,0.004774
19994,-0.047379
19995,-0.005963
19996,-0.016688
19997,-0.008495
19998,0.059602
19999,0.025631
20000,-0.025928
20001,0.010729
20002,0.047381
20003,0.020270
20004,0.070626
20005,0.024285
20006,-0.003261
20007,0.052899
20008,0.032485
20009,-0.019084
20010,-0.062274
20011,-0.023389
20012,-0.025627
20013,-0.016975
20014,-0.067047
20015,-0.053934
20016,-0.007151
20017,-0.025172
20018,0.002356
20019,-0.024566
20020,-0.028890
20021,0.033545
20022,-0.019996
20023,-0.022958
20024,-0.041429
20025,-0.014274
20026,0.037260
20027,0.046653
20028,0.077787
20029,0.078068
20030,0.059857
20031,0.026983
20032,0.057876
20033,0.061197
20034,0.031292
20035,-0.021847
20036,-0.110896
20037,-0.131613
20038,-0.109326
20039,-0.044384
20040,0.018182
20041,0.020738
20042,0.023839
20043,0.009382
20044,0.076894
20045,0.031784
20046,-0.067905
20047,-0.000100
20048,0.005900
20049,-0.017093
20050,0.025004
20051,-0.006547
20052,-0.022957
20053,-0.015992
20054,0.017337
20055,-0.045314
20056,-0.037552
20057,-0.015706
20058,-0.010362
20059,0.029046
20060,0.009533
20061,-0.044190
20062,-0.022884
20063,-0.006750
20064,-0.003489
20065,0.034873
20066,0.053276
20067,-0.004349
20068,-0.009862
20069,-0.023344
20070,0.005984
20071,0.021158
20072,-0.007790
20073,-0.013022
20074,0.029409
20075,-0.000887
20076,-0.024458
20077,-0.017995
20078,-0.016073
20079,-0.020923
20080,-0.053212
20081,0.023208
20082,0.071188
20083,0.016404
20084,0.026701
20085,-0.024672
20086,-0.020200
20087,-0.004061
20088,0.013665
20089,-0.021962
20090,-0.061104
20091,-0.033947
20092,0.012215
20093,-0.029457
20094,0.011860
20095,0.068369
20096,0.054479
20097,0.048424
20098,0.039867
20099,-0.005999
20100,-0.009812
20101,-0.001183
20102,-0.053322
20103,-0.032199
20104,-0.021338
20105,0.011212
20106,0.014446
20107,-0.052100
20108,-0.027637
20109,0.017027
20110,0.011924
20111,0.032672
20112,0.021239
20113,0.036874
20114,0.037944
20115,-0.042776
20116,-0.077418
20117,-0.039749
20118,-0.000564
20119,0.005404
20120,0.023775
20121,-0.007330
20122,-0.041217
20123,-0.069200
20124,-0.055239
20125,0.015353
20126,0.053135
20127,0.091943
20128,0.076550
20129,0.037632
20130,-0.019539
20131,-0.000676
20132,0.030367
20133,-0.008730
20134,-0.035900
20135,0.003731
20136,-0.018972
20137,-0.003438
20138,-0.049718
20139,-0.100438
20140,-0.034178
20141,-0.012709
20142,0.006373
20143,0.025332
20144,0.064749
20145,0.078989
20146,0.089151
20147,0.014603
20148,-0.019836
20149,-0.042649
20150,-0.062482
20151,-0.001831
20152,0.048150
20153,0.018693
20154,-0.028400
20155,-0.017148
20156,-0.059893
20157,-0.023266
20158,0.009352
20159,-0.023700
20160,0.053964
20161,0.044251
20162,-0.003983
20163,0.009058
20164,0.024337
20165,0.008842
20166,0.011732
20167,0.021721
20168,-0.007500
20169,0.015760
20170,-0.058063
20171,-0.096105
20172,-0.078986
20173,-0.006527
20174,0.036263
20175,0.021594
20176,0.005021
20177,0.042383
20178,0.047934
20179,0.034935
20180,-0.008876
20181,-0.003251
20182,-0.022663
20183,-0.004767
20184,0.002138
20185,-0.008315
20186,0.016244
20187,-0.008941
20188,-0.025515
20189,-0.035677
20190,0.042549
20191,0.047422
20192,0.014073
20193,-0.021415
20194,-0.009293
20195,0.040835
20196,-0.014594
20197,0.013634
20198,0.036544
20199,0.006346
20200,-0.026579
20201,-0.082013
20202,-0.061116
20203,-0.039090
20204,0.011623
20205,0.006915
20206,-0.021654
20207,0.020408
20208,0.044260
20209,0.076992
20210,0.064194
20211,0.020337
20212,0.010447
20213,-0.022442
20214,-0.045505
20215,0.012337
20216,-0.012264
20217,-0.020632
20218,0.017396
20219,0.037656
20220,0.009544
20221,-0.057241
20222,-0.022895
20223,-0.020426
20224,-0.025463
20225,-0.008540
20226,-0.012822
20227,0.015755
20228,-0.030513
20229,-0.053367
20230,0.013123
20231,-0.009383
20232,0.025013
20233,0.087681
20234,0.045121
20235,0.017375
20236,-0.008743
20237,-0.049465
20238,-0.060889
20239,-0.024639
20240,-0.015814
20241,0.019975
20242,0.045372
20243,0.043941
20244,0.034595
20245,0.012189
20246,0.039571
20247,0.023837
20248,-0.008243
20249,-0.045784
20250,-0.044975
20251,-0.041310
20252,-0.076362
20253,-0.058278
20254,0.018139
20255,0.052789
20256,0.033103
20257,-0.009751
20258,0.033108
20259,0.071599
20260,0.089292
20261,0.079727
20262,0.032281
20263,-0.001789
20264,-0.078003
20265,-0.126699
20266,-0.073703
20267,-0.007656
20268,0.011983
20269,-0.019557
20270,0.000444
20271,0.036375
20272,0.003368
20273,0.014685
20274,0.021726
20275,-0.033207
20276,-0.087164
20277,-0.048938
20278,-0.022546
20279,-0.000566
20280,0.023396
20281,0.041427
20282,0.040759
20283,0.067616
20284,0.052408
20285,-0.020180
20286,-0.013091
20287,-0.009291
20288,-0.003904
20289,0.005740
20290,0.018996
20291,0.037973
20292,-0.013613
20293,0.000127
20294,-0.039962
20295,-0.064802
20296,0.004385
20297,0.028781
20298,0.015266
20299,0.007559
20300,-0.039292
20301,-0.047794
20302,0.035934
20303,0.017709
20304,-0.009558
20305,0.038168
20306,-0.001096
20307,0.014988
20308,0.012531
20309,-0.001819
20310,0.021522
20311,-0.009652
20312,-0.051469
20313,-0.019524
20314,0.002351
20315,-0.011714
20316,-0.032565
20317,-0.003335
20318,-0.002947
20319,-0.000269
20320,0.036016
20321,0.036015
20322,-0.036638
20323,-0.011402
20324,-0.008591
20325,-0.012209
20326,0.002932
20327,-0.025950
20328,-0.018859
20329,-0.016332
20330,-0.021916
20331,-0.000150
20332,-0.014941
20333,0.015984
20334,0.039920
20335,0.055428
20336,0.042500
20337,0.064236
20338,0.094438
20339,0.056035
20340,-0.006543
20341,-0.038004
20342,-0.066206
20343,-0.030090
20344,-0.019526
20345,-0.023389
20346,0.004629
20347,-0.021631
20348,-0.017852
20349,0.018307
20350,0.021479
20351,-0.018033
20352,-0.021048
20353,0.007518
20354,-0.043219
20355,-0.010343
20356,0.036215
20357,-0.010032
20358,-0.029915
20359,-0.049425
20360,0.010845
20361,0.074894
20362,0.059074
20363,0.041888
20364,0.003336
20365,-0.041529
20366,-0.016768
20367,-0.043601
20368,-0.037521
20369,-0.092663
20370,-0.079754
20371,-0.029261
20372,-0.026452
20373,0.018601
20374,0.027040
20375,0.067046
20376,0.136961
20377,0.100801
20378,-0.016712
20379,0.017055
20380,-0.004552
20381,-0.035927
20382,-0.041869
20383,0.003277
20384,0.036015
20385,0.019131
20386,0.017243
20387,-0.038193
20388,-0.095245
20389,-0.041088
20390,0.009009
20391,0.003976
20392,0.010425
20393,-0.004928
20394,0.012880
20395,-0.007461
20396,-0.000625
20397,0.063703
20398,0.024410
20399,0.017178
20400,-0.001133
20401,-0.033378
20402,-0.002426
20403,-0.018143
20404,0.019965
20405,0.046002
20406,0.006582
20407,0.004252
20408,0.020885
20409,-0.041787
20410,-0.094953
20411,-0.034239
20412,0.000323
20413,0.006128
20414,0.017137
20415,0.019111
20416,-0.014467
20417,-0.002409
20418,-0.019848
20419,0.032349
20420,0.059529
20421,0.006579
20422,-0.049558
20423,-0.017802
20424,-0.087986
20425,-0.099042
20426,-0.055126
20427,0.042539
20428,0.112470
20429,0.089193
20430,0.000199
20431,0.011437
20432,0.021438
20433,-0.021404
20434,-0.025034
20435,0.004354
20436,-0.006046
20437,-0.049495
20438,0.022171
20439,0.013580
20440,0.043253
20441,0.006764
20442,-0.034353
20443,-0.028980
20444,-0.030610
20445,0.011080
20446,-0.025380
20447,-0.037440
20448,0.001172
20449,0.023874
20450,0.017566
20451,0.028520
20452,0.043796
20453,0.043722
20454,-0.010174
20455,-0.052906
20456,-0.057252
20457,-0.011052
20458,0.012702
20459,0.024433
20460,0.032550
20461,0.057564
20462,0.023559
20463,0.001828
20464,-0.018491
20465,-0.024584
20466,-0.053673
20467,-0.087031
20468,-0.090071
20469,-0.054202
20470,0.012433
20471,0.011734
20472,0.020824
20473,0.013613
20474,-0.015905
20475,0.059718
20476,0.047052
20477,0.055063
20478,0.074824
20479,0.060910
20480,0.033943
20481,0.009298
20482,-0.022603
20483,-0.054536
20484,-0.096875
20485,-0.103049
20486,-0.063415
20487,-0.008232
20488,0.057496
20489,0.015270
20490,0.024986
20491,0.048050
20492,0.014324
20493,0.023314
20494,0.009422
20495,0.003367
20496,-0.042467
20497,-0.016966
20498,-0.002919
20499,-0.020362
20500,0.013157
20501,-0.003934
20502,0.072185
20503,0.121808
20504,0.082033
20505,-0.022190
20506,-0.036635
20507,-0.072557
20508,-0.061688
20509,-0.079081
20510,-0.027228
20511,-0.019463
20512,-0.012937
20513,0.024725
20514,0.018675
20515,-0.010935
20516,0.009762
20517,0.064000
20518,0.019786
20519,-0.020711
20520,-0.009866
20521,-0.046238
20522,-0.028359
20523,-0.022339
20524,0.018217
20525,0.024313
20526,-0.017113
20527,-0.021050
20528,-0.035178
20529,0.022261
20530,0.017577
20531,0.087229
20532,0.096485
20533,0.022568
20534,0.002324
20535,-0.052165
20536,-0.069530
20537,-0.065873
20538,-0.050431
20539,0.014952
20540,-0.000797
20541,0.001711
20542,0.034737
20543,0.007830
20544,0.008973
20545,0.009986
20546,0.032100
20547,0.029360
20548,-0.008056
20549,-0.034047
20550,-0.032495
20551,-0.036054
20552,0.011928
20553,-0.005827
20554,13.007477
20555,823.050110
20556,607.856384
20557,10.330502
20558,43.043938
20559,23.030382
20560,18.386843
20561,16.132345
20562,2.684335
20563,6.892900
20564,13.447123
20565,-0.987590
20566,-13.409211
20567,-8.064802
20568,-13.579185
20569,-2.368554
20570,-12.856769
20571,-9.348419
20572,-4.887304
20573,1.774758
20574,25.743511
20575,14.783792
20576,-21.284813
20577,-18.572632
20578,-9.011106
20579,7.321447
20580,21.686440
20581,29.189095
20582,10.559612
20583,-3.549308
20584,-28.466404
20585,-35.606571
20586,-33.251434
20587,-27.241652
20588,-6.206583
20589,23.432182
20590,40.439003
20591,55.087852
20592,28.555344
20593,-3.121412
20594,-26.472273
20595,-26.472851
20596,-15.176125
20597,2.925146
20598,1.098444
20599,-0.186398
20600,-19.701530
20601,-0.268910
20602,27.891823
20603,14.089349
20604,28.219881
20605,10.986518
20606,3.555808
20607,1.386083
20608,-25.890144
20609,0.008081
20610,-0.007721
20611,-0.000931
20612,0.020217
20613,0.060543
20614,0.027033
20615,-0.002213
20616,-0.041627
20617,-0.038327
20618,0.021543
20619,-0.030111
20620,0.038709
20621,0.057454
20622,0.017649
20623,-0.012163
20624,-0.094697
20625,-0.071645
20626,-0.052843
20627,-0.026578
20628,0.041791
20629,0.049982
20630,0.017916
20631,0.015549
20632,-0.001258
20633,0.009734
20634,0.048582
20635,0.084373
20636,0.072718
20637,-0.023124
20638,-0.040335
20639,-0.053880
20640,-0.103076
20641,-0.075157
20642,0.019774
20643,0.038069
20644,0.078870
20645,0.104019
20646,0.087635
20647,0.007849
20648,-0.060763
20649,-0.101030
20650,-0.032348
20651,-0.000006
20652,-0.042896
20653,-0.003830
20654,-0.010298
20655,-0.005277
20656,-0.008115
20657,-0.026744
20658,-0.003924
20659,0.026166
20660,0.001091
20661,0.032362
20662,0.017812
20663,0.027020
20664,0.017816
20665,-0.029008
20666,-0.003964
20667,-0.010093
20668,0.001779
20669,0.006537
20670,-0.001738
20671,-0.003215
20672,-0.008460
20673,0.015499
20674,0.023499
20675,-0.070817
20676,-0.096793
20677,-0.061052
20678,0.000607
20679,0.019131
20680,0.049752
20681,0.056682
20682,0.057488
20683,0.058172
20684,0.017242
20685,0.036743
20686,-0.006351
20687,-0.045416
20688,-0.060551
20689,-0.034088
20690,-0.028918
20691,-0.015477
20692,0.036687
20693,0.018005
20694,0.003825
20695,0.035193
20696,0.029570
20697,0.037052
20698,0.046227
20699,-0.030985
20700,-0.103967
20701,-0.096097
20702,-0.061788
20703,0.022783
20704,0.068457
20705,0.077500
20706,0.087811
20707,0.028041
20708,-0.045751
20709,-0.068618
20710,-0.087844
20711,-0.038416
20712,-0.028791
20713,0.000926
20714,0.062713
20715,0.029449
20716,0.019914
20717,0.008097
20718,-0.049379
20719,-0.044411
20720,0.017484
20721,0.010382
20722,0.051059
20723,-0.036750
20724,-0.025021
20725,0.014913
20726,-0.038326
20727,0.003744
20728,0.022621
20729,0.001672
20730,0.012423
20731,-0.020353
20732,0.010320
20733,0.051194
20734,0.041433
20735,-0.012441
20736,-0.007538
20737,-0.010807
20738,0.030387
20739,0.000619
20740,-0.013521
20741,-0.000707
20742,-0.031148
20743,-0.017312
20744,0.019896
20745,0.074781
20746,0.049887
20747,0.000955
20748,-0.035219
20749,-0.045042
20750,-0.036649
20751,-0.064497
20752,-0.074233
20753,-0.034869
20754,0.000202
20755,0.059198
20756,0.097214
20757,0.105997
20758,0.024515
20759,-0.027596
20760,-0.084337
20761,-0.074583
20762,-0.032019
20763,0.026860
20764,0.011156
20765,-0.033787
20766,-0.070919
20767,-0.050365
20768,-0.018168
20769,0.031820
20770,0.071020
20771,0.030558
20772,0.027202
20773,0.034431
20774,0.023452
20775,-0.057887
20776,-0.035832
20777,-0.028382
20778,-0.031443
20779,-0.043866
20780,-0.083243
20781,0.023130
20782,0.078247
20783,0.025239
20784,-0.005569
20785,0.042265
20786,0.070585
20787,0.041929
20788,-0.028037
20789,-0.039049
20790,0.022828
20791,0.046766
20792,0.027153
20793,0.021330
20794,-0.018519
20795,-0.027653
20796,0.015372
20797,0.041891
20798,0.027359
20799,0.001878
20800,-0.000119
20801,0.000005
20802,-0.042811
20803,-0.067073
20804,-0.053846
20805,-0.057437
20806,-0.025418
20807,0.001016
20808,0.020794
20809,-0.053651
20810,-0.065662
20811,-0.100957
20812,-0.069234
20813,0.002377
20814,0.003388
20815,0.031927
20816,0.061618
20817,0.056649
20818,0.053547
20819,0.053923
20820,0.033664
20821,0.017100
20822,-0.020698
20823,-0.008264
20824,-0.002584
20825,-0.041677
20826,0.028473
20827,0.066562
20828,-0.008514
20829,-0.025932
20830,0.011225
20831,-0.020934
20832,-0.048466
20833,-0.037675
20834,-0.024599
20835,-0.015620
20836,0.011290
20837,0.027082
20838,-0.025415
20839,-0.087112
20840,-0.015392
20841,-0.000552
20842,0.012041
20843,0.080505
20844,0.033420
20845,0.071763
20846,0.043081
20847,0.010244
20848,-0.035723
20849,-0.033607
20850,-0.009201
20851,-0.009838
20852,-0.076707
20853,-0.086999
20854,-0.050514
20855,-0.041912
20856,0.020308
20857,0.003396
20858,-0.001113
20859,0.084473
20860,0.014362
20861,-0.032343
20862,-0.093926
20863,-0.070636
20864,-0.001294
20865,-0.021251
20866,-0.009031
20867,-0.022307
20868,0.029063
20869,0.056009
20870,0.030992
20871,-0.040390
20872,0.016422
20873,0.047380
20874,0.039557
20875,0.014782
20876,0.019212
20877,0.011195
20878,0.035743
20879,-0.024082
20880,-0.092400
20881,-0.062537
20882,-0.026094
20883,-0.000030
20884,0.023193
20885,0.012615
20886,0.016217
20887,0.046121
20888,-0.026272
20889,-0.041889
20890,-0.013278
20891,-0.002901
20892,0.015625
20893,0.013573
20894,0.004475
20895,0.025128
20896,0.026960
20897,-0.018629
20898,-0.075876
20899,-0.017381
20900,0.046975
20901,0.024498
20902,-0.012658
20903,-0.000516
20904,-0.014534
20905,-0.020620
20906,-0.052261
20907,-0.074128
20908,-0.005785
20909,0.042347
20910,0.073069
20911,0.041126
20912,0.012163
20913,-0.007911
20914,-0.009743
20915,-0.008073
20916,-0.003201
20917,0.020434
20918,0.030838
20919,-0.015014
20920,0.022930
20921,-0.001936
20922,0.009977
20923,0.023003
20924,0.027261
20925,-0.004989
20926,-0.036602
20927,-0.041480
20928,-0.031388
20929,-0.045497
20930,-0.020342
20931,0.021957
20932,0.039768
20933,0.024863
20934,-0.012464
20935,-0.049890
20936,-0.051433
20937,0.001476
20938,0.042823
20939,0.043980
20940,-0.009357
20941,-0.050271
20942,-0.030452
20943,-0.015036
20944,0.051419
20945,0.099626
20946,0.046465
20947,0.027431
20948,0.007580
20949,-0.068144
20950,-0.108352
20951,-0.083710
20952,0.051828
20953,0.041878
20954,0.017672
20955,0.067270
20956,0.043523
20957,-0.003363
20958,-0.023135
20959,-0.060683
20960,-0.050845
20961,-0.031696
20962,-0.060104
20963,-0.055763
20964,0.015843
20965,0.078302
20966,0.109317
20967,0.100482
20968,0.014088
20969,-0.058369
20970,-0.084610
20971,-0.009967
20972,0.030962
20973,0.077520
20974,0.046143
20975,0.003093
20976,-0.087721
20977,-0.163882
20978,-0.080042
20979,0.023573
20980,0.049323
20981,0.068738
20982,0.046535
20983,0.072087
20984,0.041762
20985,0.000277
20986,-0.051863
20987,-0.054860
20988,-0.021012
20989,-0.034361
20990,-0.014650
20991,0.015801
20992,0.012819
20993,-0.003116
20994,-0.047326
20995,-0.032355
20996,0.012960
20997,0.058591
20998,0.025243
20999,0.006214
21000,-0.007138
21001,-0.017448
21002,-0.009938
21003,-0.014680
21004,-0.032393
21005,0.016395
21006,-0.016153
21007,-0.013397
21008,0.003308
21009,-0.005110
21010,0.028789
21011,0.025026
21012,-0.075887
21013,-0.058279
21014,-0.045509
21015,-0.047972
21016,0.014421
21017,0.087985
21018,0.088905
21019,0.028210
21020,0.018751
21021,0.002840
21022,0.007896
21023,0.007533
21024,-0.000863
21025,0.020136
21026,-0.015659
21027,-0.076871
21028,-0.032181
21029,0.000544
21030,0.063251
21031,0.117793
21032,0.050062
21033,0.041220
21034,0.003550
21035,-0.101175
21036,-0.100527
21037,-0.030602
21038,-0.007021
21039,-0.036733
21040,-0.030886
21041,-0.001735
21042,0.062561
21043,0.056706
21044,0.004353
21045,-0.025137
21046,-0.040760
21047,-0.061407
21048,-0.065487
21049,-0.035331
21050,-0.016909
21051,0.027778
21052,0.072043
21053,0.097415
21054,0.110501
21055,0.029945
21056,0.011886
21057,-0.038601
21058,-0.090608
21059,-0.135629
21060,-0.108042
21061,-0.087570
21062,0.003972
21063,0.084670
21064,0.091671
21065,0.081504
21066,0.075038
21067,0.063262
21068,0.052648
21069,0.059020
21070,-0.004677
21071,-0.069461
21072,-0.042761
21073,-0.054521
21074,-0.048123
21075,-0.030893
21076,-0.038894
21077,-0.051250
21078,-0.045028
21079,0.015603
21080,0.101303
21081,0.105379
21082,0.067070
21083,0.042909
21084,-0.014760
21085,-0.036905
21086,-0.077904
21087,-0.041816
21088,-0.017480
21089,-0.012709
21090,-0.063728
21091,-0.057442
21092,-0.011322
21093,0.038936
21094,0.043878
21095,0.082124
21096,0.039996
21097,-0.010255
21098,-0.019463
21099,0.004275
21100,0.040088
21101,0.014280
21102,-0.015817
21103,-0.077609
21104,-0.106347
21105,-0.086662
21106,-0.049081
21107,0.032810
21108,0.066361
21109,0.062816
21110,0.104888
21111,0.050365
21112,-0.010646
21113,-0.018379
21114,-0.015551
21115,-0.052387
21116,-0.030264
21117,0.016171
21118,0.038687
21119,0.005998
21120,0.000760
21121,-0.022315
21122,-0.014895
21123,-0.017985
21124,0.002321
21125,0.033915
21126,0.068655
21127,0.052914
21128,0.053438
21129,0.013513
21130,-0.036885
21131,-0.060389
21132,-0.028970
21133,-0.041649
21134,-0.056601
21135,-0.046360
21136,-0.064356
21137,-0.014871
21138,0.059614
21139,0.080459
21140,0.064657
21141,0.007276
21142,0.022590
21143,0.006765
21144,-0.007644
21145,0.012273
21146,-0.038781
21147,-0.095617
21148,-0.122492
21149,-0.095099
21150,-0.011649
21151,0.042151
21152,0.083853
21153,0.078524
21154,0.001964
21155,-0.020517
21156,0.049636
21157,0.063514
21158,0.008884
21159,0.015324
21160,-0.029341
21161,-0.019228
21162,0.003857
21163,-0.042922
21164,-0.044340
21165,-0.005370
21166,0.046305
21167,0.072702
21168,0.022110
21169,0.003680
21170,0.034735
21171,0.001501
21172,-0.045808
21173,-0.044652
21174,-0.043669
21175,-0.047666
21176,-0.080975
21177,-0.076748
21178,-0.002188
21179,0.052356
21180,0.053785
21181,0.062676
21182,0.036868
21183,0.014700
21184,-0.040668
21185,-0.011078
21186,0.028539
21187,0.048325
21188,0.057294
21189,0.026045
21190,0.036270
21191,-0.040576
21192,-0.022119
21193,-0.078791
21194,-0.098334
21195,-0.049367
21196,-0.073352
21197,-0.045110
21198,0.050585
21199,0.066900
21200,0.041324
21201,0.059046
21202,0.061332
21203,0.013290
21204,-0.030815
21205,-0.041341
21206,-0.066315
21207,-0.075050
21208,-0.024983
21209,0.022736
21210,0.032854
21211,0.062783
21212,0.089344
21213,0.057191
21214,-0.006176
21215,0.021125
21216,0.019172
21217,0.012167
21218,0.052318
21219,0.029460
21220,-0.040612
21221,-0.081937
21222,-0.085576
21223,-0.038474
21224,-0.005541
21225,0.006253
21226,0.013034
21227,0.010206
21228,-0.049917
21229,-0.081351
21230,-0.079054
21231,-0.053870
21232,0.023666
21233,0.090563
21234,0.120626
21235,0.083798
21236,0.037100
21237,-0.001975
21238,-0.043232
21239,-0.023492
21240,-0.031147
21241,0.010205
21242,0.028745
21243,0.024174
21244,-0.011671
21245,-0.066718
21246,-0.007747
21247,0.008958
21248,0.024512
21249,-0.002403
21250,-0.050124
21251,-0.055803
21252,-0.029690
21253,-0.036898
21254,0.014349
21255,0.070878
21256,0.044566
21257,0.021922
21258,0.016145
21259,0.009632
21260,0.028178
21261,0.025806
21262,0.013464
21263,0.003806
21264,-0.030229
21265,-0.056275
21266,-0.002595
21267,0.017445
21268,-0.013434
21269,-0.040422
21270,-0.035386
21271,-0.064146
21272,-0.044506
21273,0.017909
21274,0.035704
21275,0.086429
21276,0.104587
21277,0.054855
21278,-0.006255
21279,-0.056836
21280,-0.069062
21281,-0.020908
21282,-0.020276
21283,-0.017929
21284,-0.004738
21285,-0.007012
21286,0.033191
21287,0.049637
21288,0.042078
21289,0.046948
21290,0.008873
21291,-0.011801
21292,-0.040137
21293,-0.046958
21294,-0.047298
21295,-0.037609
21296,-0.022630
21297,-0.019986
21298,0.006913
21299,0.040777
21300,0.005362
21301,-0.034194
21302,-0.023951
21303,-0.020901
21304,0.022138
21305,0.003796
21306,-0.003717
21307,0.029610
21308,0.034045
21309,0.036094
21310,-0.003937
21311,-0.018031
21312,0.003083
21313,-0.002742
21314,0.020284
21315,0.028073
21316,-0.023376
21317,-0.027356
21318,-0.010280
21319,-0.000849
21320,-0.004743
21321,-0.066781
21322,-0.060919
21323,0.034659
21324,0.053048
21325,0.022635
21326,-0.023523
21327,-0.015080
21328,-0.018911
21329,-0.040812
21330,0.001444
21331,0.064849
21332,0.026107
21333,0.007261
21334,-0.039477
21335,-0.027718
21336,-0.026388
21337,-0.060383
21338,-0.041540
21339,0.012805
21340,0.055456
21341,0.073665
21342,0.043461
21343,-0.001735
21344,0.009063
21345,0.019853
21346,-0.039784
21347,-0.017723
21348,-0.005037
21349,-0.048569
21350,-0.072769
21351,-0.079934
21352,-0.027772
21353,0.013291
21354,0.092023
21355,0.107801
21356,0.083608
21357,0.076894
21358,0.025457
21359,-0.055022
21360,-0.023223
21361,0.019522
21362,-0.022244
21363,-0.034523
21364,-0.052120
21365,-0.049369
21366,-0.035472
21367,-0.016201
21368,0.022176
21369,0.026722
21370,-0.015705
21371,0.001274
21372,-0.021735
21373,-0.074406
21374,-0.022387
21375,0.015152
21376,0.092046
21377,0.090979
21378,0.093435
21379,0.043398
21380,-0.021150
21381,-0.044110
21382,-0.053646
21383,-0.062295
21384,-0.024376
21385,-0.030486
21386,-0.035822
21387,0.010645
21388,-0.025059
21389,0.002643
21390,0.049101
21391,0.054463
21392,-0.003388
21393,-0.000349
21394,0.001414
21395,0.012094
21396,0.028874
21397,0.053468
21398,0.026960
21399,0.011611
21400,-0.018001
21401,-0.022917
21402,0.024496
21403,-0.020778
21404,-0.064484
21405,-0.067479
21406,-0.029630
21407,-0.042300
21408,-0.007483
21409,0.087339
21410,0.068592
21411,-0.000868
21412,-0.068597
21413,-0.011258
21414,-0.005855
21415,0.026073
21416,0.039048
21417,-0.006607
21418,0.025053
21419,-0.026049
21420,-0.067453
21421,-0.014180
21422,0.013385
21423,0.036952
21424,-0.017961
21425,-0.051601
21426,-0.035977
21427,-0.001278
21428,0.070504
21429,0.086001
21430,0.033801
21431,-0.020993
21432,-0.059283
21433,-0.023285
21434,0.011131
21435,0.015161
21436,0.030056
21437,0.032317
21438,0.010941
21439,-0.016404
21440,-0.059863
21441,0.010909
21442,0.028770
21443,0.042654
21444,0.023585
21445,-0.035296
21446,-0.045237
21447,-0.014605
21448,-0.003153
21449,-0.027825
21450,-0.065837
21451,-0.067620
21452,-0.067445
21453,-0.057156
21454,0.067749
21455,0.129432
21456,0.131726
21457,0.110682
21458,0.004994
21459,-0.055954
21460,-0.053522
21461,-0.048393
21462,-0.020862
21463,-0.038976
21464,-0.057112
21465,-0.091708
21466,-0.039397
21467,-0.050922
21468,-0.042786
21469,0.022193
21470,0.060722
21471,0.134103
21472,0.122568
21473,0.045985
21474,0.046380
21475,-0.012258
21476,-0.022166
21477,-0.018303
21478,-0.049342
21479,0.026842
21480,0.017595
21481,0.000028
21482,-0.018213
21483,0.014655
21484,0.033289
21485,0.019233
21486,0.030771
21487,0.010053
21488,-0.034171
21489,-0.033937
21490,-0.078182
21491,-0.042586
21492,-0.073567
21493,-0.036062
21494,0.035336
21495,0.014899
21496,-0.006504
21497,-0.020430
21498,-0.006549
21499,-0.005618
21500,0.051178
21501,0.054948
21502,0.039132
21503,0.046497
21504,0.035638
21505,0.022933
21506,-0.025179
21507,-0.030782
21508,-0.004994
21509,-0.043478
21510,-0.020382
21511,-0.035136
21512,-0.076730
21513,-0.027329
21514,-0.018699
21515,0.047477
21516,0.080667
21517,0.010837
21518,0.035691
21519,-0.000913
21520,-0.050273
21521,0.007843
21522,0.007650
21523,-0.003375
21524,0.002766
21525,-0.043522
21526,-0.023371
21527,-0.010615
21528,-0.016348
21529,-0.013313
21530,0.064551
21531,0.093080
21532,0.077761
21533,0.071804
21534,0.055691
21535,-0.021566
21536,-0.054927
21537,-0.087962
21538,-0.118613
21539,-0.096721
21540,-0.053390
21541,-0.015978
21542,0.017177
21543,0.086087
21544,0.055442
21545,-0.010741
21546,0.008264
21547,0.034163
21548,0.041564
21549,0.040435
21550,-0.016160
21551,-0.000660
21552,-0.001591
21553,-0.020260
21554,-0.000298
21555,-0.021484
21556,-0.044762
21557,-0.003057
21558,-0.031819
21559,-0.035908
21560,-0.045923
21561,-0.012649
21562,0.043088
21563,0.072322
21564,0.027574
21565,0.006764
21566,0.028716
21567,0.002858
21568,0.027997
21569,0.021212
21570,-0.041909
21571,-0.013049
21572,-0.018209
21573,-0.034941
21574,-0.043209
21575,-0.016875
21576,-0.013004
21577,0.024233
21578,0.040327
21579,0.008595
21580,-0.015012
21581,-0.029315
21582,0.009871
21583,0.022617
21584,-0.026973
21585,-0.036063
21586,-0.013487
21587,-0.002843
21588,-0.013737
21589,-0.001843
21590,0.062395
21591,0.061508
21592,0.071051
21593,0.018478
21594,-0.046965
21595,-0.079547
21596,-0.060131
21597,-0.025261
21598,0.038279
21599,-0.011342
21600,0.006234
21601,-0.012713
21602,0.000189
21603,-0.007477
21604,0.019182
21605,0.045830
21606,0.050878
21607,-0.026461
21608,-0.016960
21609,-0.017916
21610,-0.065629
21611,-0.012171
21612,0.030312
21613,0.039809
21614,0.037118
21615,-0.002523
21616,-0.036205
21617,-0.039390
21618,-0.020014
21619,0.060119
21620,0.062811
21621,-0.006722
21622,-0.082882
21623,-0.054105
21624,-0.008663
21625,0.032137
21626,0.077060
21627,0.045937
21628,-0.002991
21629,-0.013959
21630,-0.053528
21631,-0.077611
21632,-0.060122
21633,-0.032076
21634,0.023498
21635,0.089005
21636,0.062568
21637,0.005201
21638,-0.001568
21639,-0.017850
21640,-0.054713
21641,-0.027360
21642,-0.004633
21643,-0.011805
21644,0.009451
21645,0.045666
21646,0.040531
21647,0.016258
21648,-0.003136
21649,-0.037397
21650,-0.033633
21651,0.006574
21652,0.036780
21653,0.006946
21654,-0.018420
21655,-0.038640
21656,-0.008172
21657,-0.053381
21658,38.831520
21659,907.208252
21660,573.856384
21661,11.406294
21662,114.640945
21663,-31.321728
21664,15.613345
21665,27.040112
21666,9.472836
21667,-11.063211
21668,-29.093662
21669,-9.121523
21670,24.638615
21671,39.394115
21672,37.303585
21673,-0.550355
21674,-4.179513
21675,-7.128220
21676,-22.263086
21677,-26.478930
21678,-17.357449
21679,-18.424988
21680,-13.755590
21681,26.694321
21682,56.335758
21683,66.985878
21684,27.624466
21685,-5.791996
21686,-37.655487
21687,-59.379684
21688,-63.374180
21689,-37.552151
21690,-4.568670
21691,21.385536
21692,49.528103
21693,62.176392
21694,36.398872
21695,-6.460256
21696,-11.878610
21697,-12.732621
21698,-15.858558
21699,-23.129471
21700,-36.371239
21701,-22.014675
21702,11.759706
21703,49.843128
21704,42.446606
21705,-6.276860
21706,-22.859783
21707,-13.288411
21708,-19.768131
21709,-30.564896
21710,-29.462225
21711,-2.953460
21712,26.862436
21713,0.015051
21714,-0.038036
21715,-0.045516
21716,-0.000688
21717,0.043413
21718,0.044391
21719,0.073447
21720,0.058765
21721,0.020636
21722,-0.025958
21723,-0.041785
21724,-0.004383
21725,0.034697
21726,0.093886
21727,0.035020
21728,0.003098
21729,-0.010101
21730,-0.045073
21731,-0.063814
21732,-0.068292
21733,-0.021430
21734,-0.001826
21735,0.018029
21736,0.023516
21737,0.070346
21738,0.040532
21739,-0.031474
21740,-0.015756
21741,-0.057361
21742,-0.047722
21743,-0.022797
21744,0.031646
21745,0.044401
21746,0.023559
21747,-0.001926
21748,-0.016334
21749,-0.046566
21750,-0.054735
21751,-0.022739
21752,0.013947
21753,0.037381
21754,0.009651
21755,-0.019017
21756,-0.000503
21757,0.068612
21758,0.063777
21759,0.018925
21760,-0.100687
21761,-0.107027
21762,41.259460
21763,915.136353
21764,570.653503
21765,11.507636
21766,119.014847
21767,8.925805
21768,7.499124
21769,9.016514
21770,-4.286620
21771,-21.543137
21772,-33.469242
21773,-24.832335
21774,-0.932987
21775,32.431362
21776,39.739254
21777,27.772686
21778,19.527100
21779,-18.848495
21780,-32.745056
21781,-34.695438
21782,-45.113190
21783,-19.419653
21784,15.404148
21785,24.179729
21786,3.770432
21787,-11.033087
21788,-12.650134
21789,2.567275
21790,-9.881970
21791,-14.158377
21792,8.076478
21793,6.356339
21794,-3.350385
21795,-3.851897
21796,14.729089
21797,47.339115
21798,29.034990
21799,14.872056
21800,-5.902964
21801,-26.126505
21802,-26.848637
21803,-48.693344
21804,-35.935070
21805,4.629608
21806,10.905709
21807,17.087214
21808,25.417702
21809,34.943340
21810,40.706432
21811,30.796738
21812,13.841603
21813,-19.105949
21814,-43.702454
21815,-40.530785
21816,-6.661541
21817,0.009252
21818,0.025739
21819,0.023964
21820,0.013493
21821,0.006150
21822,0.016338
21823,0.043502
21824,0.032161
21825,0.051322
21826,0.065994
21827,0.035606
21828,-0.052168
21829,-0.060165
21830,-0.007801
21831,0.010054
21832,0.031201
21833,0.012102
21834,-0.003155
21835,-0.043018
21836,-0.013347
21837,0.021106
21838,0.006266
21839,-0.061039
21840,-0.078738
21841,-0.000628
21842,0.001651
21843,-0.030469
21844,-0.009391
21845,0.024424
21846,0.024782
21847,0.019456
21848,-0.001255
21849,-0.035133
21850,-0.054738
21851,0.000662
21852,0.032424
21853,0.059190
21854,0.075479
21855,0.044200
21856,-0.002067
21857,0.004702
21858,-0.011132
21859,-0.015618
21860,-0.047552
21861,-0.056253
21862,-0.043101
21863,-0.012144
21864,0.021978
21865,0.016437
21866,0.000767
21867,-0.005824
21868,0.020686
21869,0.003559
21870,-0.051123
21871,-0.015934
21872,0.001928
21873,-0.015356
21874,-0.038743
21875,0.012778
21876,0.068219
21877,0.065051
21878,0.044060
21879,0.033045
21880,0.036280
21881,0.053827
21882,-0.022401
21883,-0.044475
21884,-0.044822
21885,-0.038627
21886,-0.020327
21887,-0.021135
21888,-0.024814
21889,-0.009796
21890,-0.036699
21891,-0.071453
21892,-0.002983
21893,0.022948
21894,0.030907
21895,0.026090
21896,-0.015205
21897,-0.039926
21898,-0.080048
21899,-0.038889
21900,0.022530
21901,0.063212
21902,0.060795
21903,0.046933
21904,0.019215
21905,0.000652
21906,0.012914
21907,0.011127
21908,-0.010861
21909,-0.010254
21910,0.019861
21911,-0.006576
21912,0.016091
21913,-0.016639
21914,-0.054056
21915,-0.075108
21916,-0.060470
21917,-0.022119
21918,0.031039
21919,0.028715
21920,0.046062
21921,0.038452
21922,0.032588
21923,0.034943
21924,0.030037
21925,0.011586
21926,-0.007056
21927,-0.026167
21928,-0.031297
21929,-0.009364
21930,0.005591
21931,0.014395
21932,0.061904
21933,0.014478
21934,-0.060901
21935,-0.116133
21936,-0.048477
21937,0.092031
21938,0.081271
21939,0.065823
21940,0.096694
21941,0.004605
21942,-0.071335
21943,-0.053789
21944,-0.069014
21945,-0.113629
21946,-0.098008
21947,-0.027489
21948,0.006578
21949,0.001820
21950,0.040297
21951,0.108310
21952,0.067926
21953,0.034386
21954,0.015262
21955,-0.027703
21956,-0.053142
21957,-0.068176
21958,-0.053420
21959,0.006118
21960,-0.003845
21961,0.024195
21962,0.018319
21963,-0.006774
21964,0.023504
21965,0.046374
21966,0.059684
21967,-0.018061
21968,-0.037556
21969,-0.020697
21970,0.006292
21971,0.023015
21972,0.013743
21973,-0.008141
21974,0.001037
21975,-0.007911
21976,-0.020273
21977,-0.002248
21978,0.003675
21979,-0.002466
21980,-0.063954
21981,-0.047821
21982,-0.027909
21983,0.026318
21984,0.056754
21985,0.068071
21986,0.057363
21987,0.062580
21988,0.016051
21989,-0.027662
21990,-0.042737
21991,-0.052575
21992,-0.058893
21993,-0.042265
21994,-0.027897
21995,-0.006204
21996,0.038650
21997,0.056268
21998,-0.034778
21999,-0.020087
22000,-0.000924
22001,0.020267
22002,-0.012876
22003,-0.023540
22004,-0.005362
22005,-0.001488
22006,0.017905
22007,-0.001127
22008,0.019617
22009,0.064076
22010,0.025671
22011,-0.023422
22012,-0.011196
22013,-0.084477
22014,-0.063350
22015,-0.066476
22016,-0.015447
22017,0.009939
22018,0.028471
22019,0.055603
22020,0.075720
22021,0.099338
22022,0.033971
22023,-0.017138
22024,-0.052883
22025,-0.013630
22026,0.007312
22027,0.013832
22028,0.006932
22029,0.013789
22030,-0.027797
22031,-0.078904
22032,-0.027344
22033,-0.007701
22034,0.000612
22035,0.037488
22036,-0.005017
22037,-0.006357
22038,0.026959
22039,0.038172
22040,-0.006842
22041,0.019743
22042,0.009265
22043,-0.069760
22044,-0.056472
22045,-0.017739
22046,0.040154
22047,0.040423
22048,0.072482
22049,0.010919
22050,-0.075774
22051,-0.036083
22052,-0.053743
22053,-0.005247
22054,0.028616
22055,0.049816
22056,0.072492
22057,0.018646
22058,-0.051313
22059,-0.023622
22060,-0.017314
22061,-0.063138
22062,-0.026345
22063,-0.000549
22064,0.025855
22065,0.004619
22066,-0.045115
22067,-0.042591
22068,-0.044118
22069,-0.018168
22070,0.014100
22071,0.043922
22072,0.060682
22073,0.039012
22074,0.038515
22075,0.019293
22076,0.032929
22077,0.028690
22078,0.000677
22079,0.024501
22080,0.043420
22081,-0.027030
22082,-0.037322
22083,0.024327
22084,0.027348
22085,-0.005092
22086,-0.055119
22087,-0.059651
22088,-0.028869
22089,-0.025719
22090,-0.014424
22091,0.023460
22092,-0.023658
22093,-0.047130
22094,-0.033648
22095,-0.013247
22096,-0.026803
22097,-0.001999
22098,0.078724
22099,0.090046
22100,0.085975
22101,0.054890
22102,-0.042115
22103,-0.036860
22104,-0.031449
22105,-0.058805
22106,-0.049284
22107,-0.075082
22108,-0.086220
22109,0.024842
22110,0.075618
22111,0.096626
22112,0.057214
22113,0.041090
22114,0.038431
22115,0.030135
22116,49.589798
22117,942.121765
22118,559.751343
22119,11.852592
22120,155.860947
22121,-0.217769
22122,-2.037592
22123,-8.972621
22124,-13.249719
22125,-4.703961
22126,14.810862
22127,9.442574
22128,-12.553689
22129,-18.074869
22130,3.346769
22131,14.742322
22132,15.757234
22133,12.764420
22134,6.726717
22135,-14.824173
22136,-26.947712
22137,-23.932955
22138,-15.725891
22139,-16.632380
22140,3.146503
22141,22.386091
22142,29.569332
22143,35.994392
22144,20.012756
22145,1.020562
22146,-18.023706
22147,-30.579563
22148,-21.014561
22149,-6.278986
22150,9.181500
22151,8.162456
22152,9.988681
22153,-2.528512
22154,-20.286713
22155,-22.594252
22156,-11.834869
22157,11.083854
22158,23.038593
22159,21.650446
22160,6.466591
22161,11.740962
22162,-5.102026
22163,-23.396217
22164,-4.211988
22165,-1.781602
22166,13.924309
22167,21.934807
22168,8.736059
22169,-1.426488
22170,-13.676264
22171,-0.058802
22172,-0.036889
22173,-0.054137
22174,-0.015516
22175,-0.006543
22176,0.010459
22177,0.043265
22178,0.068362
22179,0.072471
22180,0.020323
22181,-0.060566
22182,-0.044872
22183,-0.039531
22184,0.012865
22185,0.009035
22186,0.002016
22187,-0.015255
22188,-0.000567
22189,0.046514
22190,0.016397
22191,-0.043769
22192,-0.073820
22193,-0.058921
22194,-0.022559
22195,-0.004841
22196,-0.006675
22197,0.027010
22198,0.024628
22199,0.052452
22200,0.046798
22201,0.036107
22202,0.043954
22203,0.009910
22204,-0.018409
22205,0.028906
22206,-0.016381
22207,-0.061598
22208,-0.064718
22209,-0.053679
22210,-0.051211
22211,-0.009449
22212,-0.007690
22213,0.044428
22214,0.038253
22215,0.010813
22216,0.004898
22217,0.022747
22218,0.022190
22219,-0.006540
22220,-0.016390
22221,-0.044770
22222,-0.030729
22223,0.030731
22224,0.077120
22225,0.078314
22226,0.061418
22227,0.016038
22228,-0.043255
22229,-0.080170
22230,-0.079305
22231,-0.053351
22232,0.002549
22233,-0.017674
22234,-0.031747
22235,-0.048743
22236,-0.015405
22237,0.067793
22238,0.067667
22239,0.027663
22240,0.046358
22241,0.005482
22242,-0.016074
22243,-0.017412
22244,-0.061703
22245,0.011302
22246,0.031407
22247,0.004780
22248,-0.001449
22249,-0.018053
22250,-0.024690
22251,0.045589
22252,0.039919
22253,-0.004410
22254,-0.023040
22255,-0.010393
22256,-0.055260
22257,-0.044934
22258,-0.051015
22259,-0.035184
22260,0.032876
22261,0.045656
22262,0.066354
22263,0.051513
22264,0.046822
22265,-0.008058
22266,0.004560
22267,-0.012506
22268,-0.062050
22269,-0.036633
22270,-0.005001
22271,-0.070213
22272,0.014210
22273,0.007787
22274,0.003585
22275,0.051315
22276,0.060918
22277,0.040309
22278,-0.011072
22279,-0.019827
22280,-0.009929
22281,-0.015048
22282,-0.042781
22283,-0.034324
22284,-0.017098
22285,-0.022437
22286,-0.007068
22287,-0.034645
22288,-0.049598
22289,-0.028229
22290,0.039403
22291,0.063246
22292,0.031769
22293,-0.023333
22294,-0.027106
22295,-0.029734
22296,-0.046678
22297,-0.075567
22298,-0.017042
22299,0.002678
22300,0.055849
22301,0.068775
22302,0.028316
22303,0.000391
22304,-0.017195
22305,-0.028792
22306,-0.003427
22307,0.015589
22308,0.087526
22309,0.032528
22310,0.019160
22311,-0.007909
22312,-0.008614
22313,-0.039270
22314,-0.006196
22315,0.029021
22316,0.020504
22317,0.025924
22318,0.020844
22319,0.019997
22320,0.009171
22321,-0.021695
22322,0.022769
22323,0.014581
22324,-0.034923
22325,-0.056177
22326,-0.066328
22327,-0.070416
22328,-0.028316
22329,0.018571
22330,0.059869
22331,0.080790
22332,0.009994
22333,0.025740
22334,-0.038530
22335,-0.024425
22336,-0.004547
22337,-0.048665
22338,-0.071038
22339,-0.039543
22340,-0.004553
22341,-0.005568
22342,-0.015113
22343,0.015597
22344,0.071452
22345,0.105898
22346,0.101301
22347,0.051980
22348,0.021392
22349,-0.044156
22350,-0.073804
22351,-0.058335
22352,-0.035482
22353,-0.000999
22354,-0.021110
22355,-0.047673
22356,-0.002506
22357,0.020680
22358,0.073207
22359,0.079884
22360,0.062753
22361,0.020402
22362,0.012033
22363,-0.049830
22364,-0.079913
22365,-0.024370
22366,0.007749
22367,0.017172
22368,-0.016862
22369,-0.058111
22370,-0.041303
22371,0.020647
22372,-0.000616
22373,-0.002048
22374,0.036202
22375,0.022948
22376,-0.000266
22377,-0.042959
22378,0.002773
22379,-0.005789
22380,-0.040113
22381,0.040461
22382,0.045642
22383,0.058071
22384,0.042705
22385,-0.046501
22386,-0.058827
22387,-0.065358
22388,-0.035375
22389,0.008116
22390,0.021856
22391,-0.026022
22392,-0.028211
22393,-0.005834
22394,-0.040915
22395,0.015905
22396,0.021029
22397,0.029386
22398,0.005294
22399,0.004357
22400,0.061559
22401,0.039118
22402,0.042010
22403,0.034552
22404,0.040707
22405,0.002319
22406,-0.039991
22407,-0.062688
22408,-0.038317
22409,-0.017767
22410,0.001742
22411,-0.018641
22412,0.047061
22413,0.010153
22414,-0.067641
22415,-0.050015
22416,-0.016063
22417,0.032207
22418,0.053395
22419,0.049427
22420,0.070185
22421,-0.001460
22422,-0.033164
22423,0.027233
22424,-0.026136
22425,-0.068134
22426,-0.042155
22427,-0.023593
22428,-0.048397
22429,-0.067852
22430,-0.052569
22431,-0.016771
22432,0.051562
22433,0.023586
22434,0.091755
22435,0.066429
22436,0.039099
22437,0.040060
22438,0.019321
22439,-0.013041
22440,-0.075255
22441,-0.049546
22442,0.005064
22443,-0.024073
22444,-0.020924
22445,-0.024386
22446,-0.047291
22447,-0.005362
22448,0.027686
22449,0.031280
22450,-0.003473
22451,-0.001705
22452,0.050802
22453,0.043033
22454,-0.015017
22455,0.035260
22456,0.016594
22457,-0.044307
22458,-0.054402
22459,-0.068028
22460,-0.051606
22461,0.018092
22462,0.011501
22463,0.062308
22464,0.032411
22465,0.010651
22466,0.004490
22467,-0.062121
22468,-0.061511
22469,-0.029659
22470,0.028199
22471,0.111236
22472,0.037053
22473,-0.030700
22474,-0.047352
22475,-0.041903
22476,-0.046758
22477,-0.020276
22478,0.017852
22479,0.058279
22480,0.025572
22481,0.015404
22482,0.049591
22483,0.030212
22484,0.085381
22485,0.054038
22486,-0.050738
22487,-0.061393
22488,-0.072858
22489,-0.076939
22490,-0.072005
22491,-0.048596
22492,0.048378
22493,0.076000
22494,0.049505
22495,0.019822
22496,-0.013339
22497,0.002869
22498,-0.010655
22499,-0.003874
22500,-0.007600
22501,-0.089896
22502,-0.130309
22503,-0.011833
22504,0.023358
22505,0.005549
22506,0.031667
22507,0.065611
22508,0.083263
22509,0.066794
22510,0.035316
22511,0.014527
22512,-0.068921
22513,-0.057510
22514,-0.044254
22515,-0.034973
22516,-0.003675
22517,0.011865
22518,-0.008415
22519,0.034805
22520,0.028776
22521,0.036740
22522,0.059784
22523,0.022204
22524,-0.023700
22525,-0.041278
22526,-0.025382
22527,0.031882
22528,0.038822
22529,0.047555
22530,0.042837
22531,-0.044044
22532,-0.103043
22533,-0.037395
22534,0.014960
22535,0.000126
22536,-0.032325
22537,-0.039660
22538,-0.033179
22539,-0.076727
22540,-0.044677
22541,0.052548
22542,0.051803
22543,0.042002
22544,0.022666
22545,-0.021845
22546,-0.082624
22547,-0.105670
22548,-0.015440
22549,0.085172
22550,0.083904
22551,0.073172
22552,0.102095
22553,0.062011
22554,-0.000389
22555,-0.044129
22556,-0.066038
22557,-0.087938
22558,-0.064879
22559,-0.048128
22560,-0.036235
22561,-0.013973
22562,0.031927
22563,0.031010
22564,0.059865
22565,0.094924
22566,0.104010
22567,0.005243
22568,-0.020044
22569,-0.033657
22570,60.219490
22571,976.730286
22572,545.769470
22573,12.294991
22574,178.464188
22575,-16.921370
22576,-9.269302
22577,10.100281
22578,32.046310
22579,22.639622
22580,-10.681540
22581,-43.653435
22582,-59.464123
22583,-29.250259
22584,12.810438
22585,55.980137
22586,79.069893
22587,49.493847
22588,9.879297
22589,-18.292950
22590,-28.003008
22591,-63.962547
22592,-72.610863
22593,-25.257696
22594,16.541441
22595,33.654076
22596,38.771423
22597,16.169209
22598,-0.081271
22599,-1.079649
22600,19.059099
22601,30.237522
22602,22.413654
22603,-7.474504
22604,-30.329865
22605,-40.446289
22606,-41.415222
22607,-21.782635
22608,2.673643
22609,23.613441
22610,46.387085
22611,38.366528
22612,10.056643
22613,-1.965991
22614,-3.925246
22615,-23.195082
22616,-33.939713
22617,-20.422337
22618,5.072430
22619,24.111687
22620,31.969793
22621,23.305790
22622,13.051246
22623,26.062691
22624,11.864369
22625,0.017488
22626,-0.008023
22627,-0.053012
22628,-0.032285
22629,0.048795
22630,0.078129
22631,0.064232
22632,0.005382
22633,0.036407
22634,-0.041957
22635,-0.002474
22636,0.039063
22637,0.069585
22638,0.010015
22639,-0.023188
22640,-0.069652
22641,-0.067991
22642,-0.059531
22643,-0.039281
22644,-0.021815
22645,-0.031184
22646,-0.006907
22647,0.023996
22648,0.065904
22649,0.094491
22650,0.096053
22651,0.032183
22652,0.003370
22653,-0.046918
22654,-0.092709
22655,-0.050241
22656,-0.039964
22657,-0.058221
22658,-0.014526
22659,0.007587
22660,0.002778
22661,0.053250
22662,0.067320
22663,0.001780
22664,0.033616
22665,0.029326
22666,0.014285
22667,0.057499
22668,0.020284
22669,-0.020177
22670,-0.041070
22671,-0.082177
22672,-0.106650
22673,-0.089814
22674,-0.055458
22675,0.021697
22676,0.075006
22677,0.109542
22678,0.084548
22679,-0.010070
22680,-0.049678
22681,-0.040117
22682,-0.009886
22683,0.000393
22684,0.000598
22685,0.042517
22686,0.018233
22687,0.006665
22688,-0.017646
22689,-0.036503
22690,-0.028102
22691,0.038610
22692,0.034427
22693,0.008121
22694,-0.014609
22695,-0.006580
22696,-0.048424
22697,-0.059478
22698,0.026392
22699,0.058839
22700,0.093975
22701,0.044705
22702,-0.019388
22703,0.001172
22704,-0.040735
22705,-0.072777
22706,-0.024232
22707,-0.005979
22708,-0.038016
22709,-0.008506
22710,0.012607
22711,0.054758
22712,0.020033
22713,0.037309
22714,0.045816
22715,-0.013915
22716,-0.021358
22717,-0.010209
22718,-0.042701
22719,-0.064186
22720,-0.067569
22721,-0.025851
22722,0.008838
22723,0.039365
22724,0.012897
22725,-0.014928
22726,-0.002318
22727,0.069683
22728,0.039555
22729,0.026712
22730,0.027987
22731,0.025927
22732,-0.026352
22733,-0.013869
22734,-0.002229
22735,-0.042949
22736,-0.089783
22737,-0.002625
22738,-0.046445
22739,-0.083698
22740,-0.015056
22741,-0.009558
22742,0.020889
22743,0.027605
22744,0.051213
22745,0.053989
22746,0.051293
22747,0.026589
22748,0.033530
22749,0.078846
22750,0.012707
22751,0.024040
22752,-0.023664
22753,-0.088531
22754,-0.139241
22755,-0.073790
22756,-0.006044
22757,0.021190
22758,0.010914
22759,-0.001957
22760,-0.014088
22761,-0.002577
22762,0.019112
22763,0.070744
22764,0.080762
22765,0.035116
22766,-0.040443
22767,-0.041355
22768,-0.025310
22769,0.014133
22770,-0.026360
22771,-0.031777
22772,-0.026819
22773,0.003284
22774,65.037079
22775,992.281311
22776,539.486877
22777,12.493779
22778,188.762970
22779,13.871987
22780,31.506144
22781,30.004845
22782,20.549578
22783,-1.984129
22784,-12.954807
22785,-9.375996
22786,0.470622
22787,-11.736115
22788,-8.802683
22789,-9.372990
22790,-15.225409
22791,-29.812292
22792,-2.650728
22793,30.604849
22794,41.741787
22795,38.293816
22796,15.313947
22797,-9.292089
22798,-32.848080
22799,-22.430811
22800,10.319982
22801,14.507514
22802,1.802911
22803,-26.407993
22804,-12.812087
22805,-37.875584
22806,-30.157824
22807,-14.109725
22808,25.354897
22809,33.442581
22810,23.503490
22811,10.780382
22812,7.342884
22813,-2.813599
22814,8.218824
22815,8.603167
22816,-5.142034
22817,-17.182444
22818,2.196126
22819,17.248310
22820,12.684299
22821,-4.862139
22822,-25.459106
22823,-23.477291
22824,-17.837584
22825,0.150797
22826,7.815617
22827,24.881830
22828,16.109755
22829,-0.007384
22830,0.006945
22831,0.040453
22832,0.026010
22833,-0.001439
22834,-0.029105
22835,-0.011676
22836,-0.046354
22837,0.017032
22838,0.031767
22839,0.071724
22840,0.097816
22841,0.067225
22842,0.051441
22843,-0.015674
22844,-0.086157
22845,-0.083626
22846,-0.102059
22847,-0.049391
22848,-0.035377
22849,-0.028396
22850,0.002630
22851,0.070226
22852,0.035086
22853,0.042722
22854,0.036871
22855,0.031590
22856,-0.027460
22857,-0.055368
22858,-0.016859
22859,-0.021416
22860,-0.004213
22861,0.013541
22862,0.040153
22863,0.061477
22864,-0.003836
22865,-0.026142
22866,-0.035553
22867,-0.024995
22868,0.024150
22869,0.014020
22870,-0.024431
22871,0.015451
22872,0.021286
22873,0.023852
22874,-0.008177
22875,-0.002854
22876,-0.010839
22877,-0.035758
22878,-0.031349
22879,-0.005201
22880,0.019594
22881,0.048775
22882,0.050006
22883,0.036296
22884,-0.017695
22885,-0.039617
22886,-0.061832
22887,-0.074923
22888,-0.058744
22889,-0.065691
22890,-0.047487
22891,0.003970
22892,0.068401
22893,0.081344
22894,0.098050
22895,0.116178
22896,0.038850
22897,-0.017678
22898,-0.066813
22899,-0.030482
22900,0.044146
22901,0.001607
22902,-0.094963
22903,-0.123910
22904,-0.113836
22905,-0.055888
22906,0.088558
22907,0.151174
22908,0.112144
22909,0.072782
22910,0.034904
22911,-0.014441
22912,-0.022823
22913,-0.032900
22914,-0.092934
22915,-0.076400
22916,-0.022557
22917,-0.021235
22918,-0.005898
22919,0.013833
22920,-0.014597
22921,0.041781
22922,0.089999
22923,0.061626
22924,0.086638
22925,0.031350
22926,-0.043780
22927,-0.024063
22928,-0.056139
22929,-0.090855
22930,-0.073655
22931,-0.068216
22932,-0.052957
22933,0.004898
22934,0.038225
22935,0.088645
22936,0.121727
22937,0.060730
22938,0.023605
22939,-0.010044
22940,0.007083
22941,-0.031118
22942,-0.017431
22943,0.042618
22944,-0.008778
22945,-0.045740
22946,-0.051802
22947,-0.068379
22948,0.002873
22949,-0.030883
22950,-0.027819
22951,0.016901
22952,0.020176
22953,-0.043757
22954,-0.007312
22955,-0.000570
22956,0.016329
22957,0.038340
22958,-0.023965
22959,0.004954
22960,0.015609
22961,-0.008923
22962,-0.015309
22963,-0.003393
22964,0.083536
22965,0.095863
22966,0.060104
22967,0.081190
22968,0.019798
22969,0.002933
22970,-0.029062
22971,-0.109325
22972,-0.124102
22973,-0.132773
22974,-0.071984
22975,-0.030202
22976,0.008790
22977,0.071512
22978,0.061570
22979,0.109587
22980,0.126868
22981,0.058707
22982,-0.048591
22983,-0.056109
22984,0.000093
22985,-0.017025
22986,0.006982
22987,0.018521
22988,-0.000034
22989,-0.047788
22990,-0.033638
22991,-0.027854
22992,0.033259
22993,-0.024038
22994,-0.016730
22995,0.056372
22996,0.035631
22997,-0.003218
22998,-0.008166
22999,-0.017330
23000,-0.032246
23001,-0.037357
23002,-0.049919
23003,-0.047772
23004,-0.001983
23005,0.005189
23006,0.032225
23007,0.005602
23008,-0.024034
23009,-0.038989
23010,0.002195
23011,0.026568
23012,0.050233
23013,0.108907
23014,0.070879
23015,0.026122
23016,0.018894
23017,-0.029513
23018,-0.103257
23019,-0.120159
23020,-0.104796
23021,-0.045794
23022,0.023772
23023,0.100504
23024,0.109485
23025,0.068509
23026,0.035268
23027,0.025999
23028,-0.012157
23029,-0.017917
23030,-0.050989
23031,-0.060443
23032,-0.042490
23033,-0.039024
23034,-0.010535
23035,0.003334
23036,0.000553
23037,0.024206
23038,-0.001727
23039,0.031873
23040,0.027347
23041,0.067687
23042,0.048151
23043,-0.012388
23044,-0.053995
23045,-0.066100
23046,-0.081694
23047,-0.052008
23048,-0.001165
23049,-0.000512
23050,-0.008860
23051,-0.001101
23052,0.034949
23053,-0.005991
23054,-0.021781
23055,-0.000836
23056,0.006040
23057,0.036460
23058,0.028961
23059,0.014975
23060,-0.008485
23061,0.006685
23062,-0.006860
23063,-0.013755
23064,-0.004585
23065,0.025448
23066,-0.024050
23067,0.003632
23068,-0.056553
23069,-0.049938
23070,0.030230
23071,0.101879
23072,0.139176
23073,0.040839
23074,-0.007174
23075,-0.034055
23076,-0.040829
23077,-0.067720
23078,-0.029916
23079,-0.000712
23080,-0.043742
23081,-0.055560
23082,-0.003930
23083,0.042453
23084,0.055625
23085,0.056172
23086,0.015376
23087,-0.033633
23088,-0.018558
23089,-0.001517
23090,-0.027085
23091,-0.042737
23092,-0.023571
23093,-0.021719
23094,0.015866
23095,0.054783
23096,0.022523
23097,-0.047049
23098,-0.097147
23099,-0.085088
23100,0.036571
23101,0.075605
23102,0.086288
23103,0.049102
23104,-0.003802
23105,-0.027236
23106,-0.027855
23107,-0.016595
23108,-0.042302
23109,-0.077689
23110,0.006768
23111,0.030637
23112,0.011980
23113,0.030696
23114,0.028420
23115,0.048793
23116,0.023412
23117,0.020403
23118,-0.000730
23119,-0.003369
23120,-0.017712
23121,0.010035
23122,-0.018241
23123,-0.066282
23124,-0.013187
23125,-0.012218
23126,0.007013
23127,-0.005623
23128,0.028853
23129,0.042344
23130,-0.036784
23131,-0.034389
23132,-0.019699
23133,-0.049165
23134,-0.010413
23135,-0.016924
23136,0.034243
23137,0.091678
23138,0.056896
23139,-0.017982
23140,-0.001618
23141,-0.016425
23142,-0.004913
23143,-0.005765
23144,0.015068
23145,0.010081
23146,-0.013591
23147,0.013251
23148,-0.004244
23149,-0.062038
23150,-0.022780
23151,-0.024670
23152,0.020496
23153,0.030594
23154,0.018490
23155,0.033355
23156,-0.034821
23157,-0.051190
23158,-0.013803
23159,-0.013011
23160,-0.010445
23161,0.005224
23162,0.017224
23163,0.021978
23164,0.031164
23165,0.000825
23166,-0.014052
23167,-0.031576
23168,-0.068731
23169,-0.053383
23170,-0.010438
23171,0.034056
23172,0.077866
23173,0.040035
23174,0.051539
23175,0.041391
23176,-0.042823
23177,-0.046610
23178,-0.041360
23179,-0.018281
23180,-0.006237
23181,-0.022873
23182,0.056490
23183,0.067547
23184,0.040117
23185,0.014368
23186,-0.031150
23187,-0.009533
23188,0.017458
23189,-0.014355
23190,-0.001747
23191,0.011204
23192,-0.028663
23193,-0.021217
23194,-0.070767
23195,-0.116180
23196,-0.046100
23197,-0.043250
23198,0.032482
23199,0.076032
23200,0.102283
23201,0.143515
23202,0.060719
23203,-0.030546
23204,-0.086146
23205,-0.087895
23206,-0.052457
23207,-0.054763
23208,0.020672
23209,0.102825
23210,0.085812
23211,0.088693
23212,0.019587
23213,-0.042947
23214,-0.065917
23215,-0.072820
23216,-0.044170
23217,-0.003861
23218,-0.015018
23219,-0.001950
23220,0.035008
23221,0.042515
23222,0.013903
23223,-0.005128
23224,-0.017784
23225,-0.052813
23226,-0.060230
23227,-0.043702
23228,0.022115
23229,0.036438
23230,0.021121
23231,0.053920
23232,0.074328
23233,0.041198
23234,0.008310
23235,-0.045585
23236,-0.030622
23237,-0.053850
23238,-0.052971
23239,-0.035221
23240,-0.019060
23241,0.025008
23242,0.036399
23243,0.044990
23244,-0.004214
23245,-0.010405
23246,-0.013032
23247,-0.077208
23248,-0.050121
23249,0.016223
23250,0.075910
23251,0.046934
23252,0.063635
23253,0.101493
23254,0.063937
23255,0.022632
23256,-0.045307
23257,-0.040313
23258,-0.065949
23259,-0.082630
23260,-0.057480
23261,0.038073
23262,0.041195
23263,0.034850
23264,0.028234
23265,-0.022181
23266,-0.020668
23267,-0.066542
23268,-0.000310
23269,-0.003597
23270,-0.025497
23271,-0.003284
23272,-0.023403
23273,0.013100
23274,0.012172
23275,0.035804
23276,0.058800
23277,0.012274
23278,-0.001676
23279,-0.017190
23280,-0.049479
23281,-0.007825
23282,-0.038409
23283,-0.023430
23284,0.026649
23285,0.034281
23286,-0.017962
23287,-0.055924
23288,-0.012669
23289,-0.026049
23290,0.003206
23291,0.004002
23292,0.027483
23293,0.004630
23294,0.015066
23295,0.018361
23296,0.014541
23297,-0.006737
23298,0.016192
23299,0.046185
23300,0.011227
23301,0.027036
23302,0.044813
23303,0.055816
23304,0.006276
23305,-0.069122
23306,-0.030570
23307,0.018582
23308,-0.029847
23309,-0.051015
23310,-0.100411
23311,-0.025363
23312,-0.010477
23313,-0.010335
23314,0.052039
23315,0.086034
23316,0.077752
23317,0.040638
23318,0.030319
23319,-0.029295
23320,-0.050618
23321,-0.061292
23322,-0.031896
23323,-0.008741
23324,-0.014216
23325,0.013801
23326,0.019668
23327,0.000894
23328,0.013558
23329,-0.005461
23330,-0.027322
23331,0.004769
23332,0.010927
23333,0.017186
23334,-0.010779
23335,-0.030598
23336,-0.052401
23337,-0.041525
23338,0.000502
23339,0.038251
23340,0.057424
23341,0.062082
23342,0.028665
23343,0.029194
23344,-0.040885
23345,-0.050761
23346,-0.043255
23347,-0.017286
23348,-0.023149
23349,0.013619
23350,0.044438
23351,0.008634
23352,-0.020865
23353,-0.000177
23354,0.009323
23355,-0.045808
23356,-0.018606
23357,0.059616
23358,0.062717
23359,0.016947
23360,-0.042334
23361,-0.062100
23362,-0.053140
23363,-0.029375
23364,0.003557
23365,0.049306
23366,0.021702
23367,-0.003274
23368,-0.021345
23369,-0.034452
23370,-0.011295
23371,0.012604
23372,0.023961
23373,0.012522
23374,-0.001084
23375,0.023394
23376,-0.010706
23377,0.059118
23378,0.102961
23379,0.090102
23380,0.027098
23381,-0.045459
23382,-0.066025
23383,-0.070921
23384,-0.119636
23385,-0.094652
23386,-0.011847
23387,-0.026001
23388,0.002372
23389,0.081088
23390,0.090351
23391,0.048761
23392,0.036707
23393,0.018263
23394,-0.090423
23395,-0.114800
23396,-0.060915
23397,-0.018168
23398,0.035445
23399,0.080019
23400,0.100902
23401,0.073216
23402,-0.008128
23403,0.019184
23404,0.002277
23405,-0.002563
23406,-0.042156
23407,-0.074015
23408,-0.033714
23409,-0.076579
23410,-0.062730
23411,-0.068251
23412,-0.050274
23413,0.037015
23414,0.059801
23415,0.069456
23416,0.113363
23417,0.050396
23418,0.052658
23419,0.049104
23420,-0.004929
23421,-0.046853
23422,-0.054979
23423,-0.029785
23424,-0.071279
23425,-0.073812
23426,-0.024475
23427,0.076131
23428,0.105986
23429,0.108977
23430,0.037658
23431,0.008736
23432,-0.068287
23433,-0.100985
23434,-0.042611
23435,-0.042584
23436,-0.096439
23437,-0.064098
23438,-0.036948
23439,0.051727
23440,0.107497
23441,0.100215
23442,0.037133
23443,0.012654
23444,0.006581
23445,-0.042610
23446,-0.045114
23447,-0.048167
23448,0.001223
23449,-0.040206
23450,-0.058576
23451,-0.001163
23452,0.021357
23453,0.058569
23454,0.067478
23455,0.020628
23456,-0.004978
23457,-0.023146
23458,-0.018863
23459,0.004561
23460,0.069612
23461,0.027888
23462,0.042171
23463,0.064466
23464,0.041697
23465,-0.087469
23466,-0.094064
23467,-0.046055
23468,-0.024727
23469,-0.019183
23470,-0.014180
23471,0.038021
23472,0.043824
23473,0.016990
23474,-0.026121
23475,-0.030429
23476,-0.017830
23477,0.015044
23478,-0.001813
23479,0.076262
23480,0.012786
23481,-0.026310
23482,-0.050086
23483,-0.076032
23484,-0.068128
23485,-0.057575
23486,0.016474
23487,0.071498
23488,0.048626
23489,0.065379
23490,0.045840
23491,0.001691
23492,-0.023137
23493,-0.064165
23494,-0.047369
23495,0.002074
23496,0.007269
23497,0.032654
23498,0.019999
23499,-0.018552
23500,-0.024647
23501,-0.000218
23502,0.041432
23503,-0.019157
23504,-0.023489
23505,-0.013659
23506,0.006183
23507,0.037172
23508,0.002708
23509,0.045980
23510,0.017006
23511,-0.042826
23512,-0.036705
23513,-0.038815
23514,0.007073
23515,0.019283
23516,0.014214
23517,-0.006370
23518,0.002205
23519,0.017883
23520,0.004604
23521,0.028416
23522,-0.045399
23523,-0.066490
23524,-0.040851
23525,-0.003454
23526,0.004488
23527,0.012087
23528,0.033729
23529,0.030810
23530,0.011869
23531,0.013840
23532,0.031540
23533,0.039942
23534,0.025683
23535,-0.031498
23536,-0.082327
23537,-0.086995
23538,-0.110730
23539,-0.083009
23540,0.029456
23541,0.109766
23542,0.124691
23543,0.100570
23544,0.081209
23545,-0.013445
23546,-0.035344
23547,-0.038397
23548,-0.024394
23549,-0.023880
23550,-0.031070
23551,-0.006614
23552,-0.028365
23553,-0.010872
23554,-0.004901
23555,-0.018001
23556,-0.028775
23557,-0.014042
23558,0.000086
23559,-0.003789
23560,-0.034113
23561,0.003158
23562,0.021674
23563,0.003953
23564,0.027210
23565,0.097381
23566,0.045956
23567,-0.005382
23568,-0.061059
23569,-0.098806
23570,-0.049803
23571,-0.004332
23572,0.029157
23573,0.082284
23574,-0.006890
23575,-0.036187
23576,-0.000645
23577,0.024670
23578,0.038483
23579,0.041904
23580,-0.019326
23581,-0.064279
23582,-0.100571
23583,-0.037518
23584,0.003157
23585,0.015841
23586,0.101046
23587,0.084272
23588,0.015147
23589,0.010377
23590,-0.003829
23591,-0.017723
23592,0.039303
23593,0.027271
23594,-0.051219
23595,-0.059906
23596,-0.017434
23597,0.016487
23598,-0.013357
23599,-0.014257
23600,-0.003767
23601,0.008392
23602,-0.021065
23603,-0.034395
23604,-0.025926
23605,-0.051443
23606,-0.052125
23607,-0.017885
23608,-0.000858
23609,0.052107
23610,0.073976
23611,0.096158
23612,0.083135
23613,0.097507
23614,0.103852
23615,0.012279
23616,-0.127630
23617,-0.138695
23618,-0.132967
23619,-0.106023
23620,-0.009441
23621,0.051963
23622,0.089862
23623,0.060486
23624,0.062198
23625,-0.018972
23626,-0.086904
23627,-0.061452
23628,-0.013080
23629,0.026418
23630,0.005938
23631,0.001229
23632,0.023919
23633,0.010623
23634,0.015688
23635,0.000826
23636,0.003577
23637,0.008399
23638,0.005983
23639,-0.018760
23640,-0.009485
23641,-0.023792
23642,0.008751
23643,0.049742
23644,0.056591
23645,0.022239
23646,-0.000275
23647,-0.003983
23648,-0.047768
23649,0.002060
23650,0.005369
23651,0.025460
23652,-0.013235
23653,-0.068998
23654,-0.050599
23655,0.016673
23656,0.033333
23657,0.029794
23658,0.045034
23659,0.003103
23660,-0.002304
23661,-0.019854
23662,-0.065183
23663,-0.065141
23664,-0.113474
23665,-0.039480
23666,-0.034054
23667,-0.012417
23668,0.054657
23669,0.080507
23670,0.089792
23671,0.098383
23672,0.099615
23673,-0.016723
23674,-0.016725
23675,-0.054208
23676,-0.085241
23677,-0.055469
23678,-0.008176
23679,-0.007244
23680,0.020275
23681,0.024360
23682,-0.007648
23683,0.023419
23684,0.016838
23685,0.001993
23686,0.040969
23687,-0.035642
23688,-0.038254
23689,-0.011655
23690,-0.027592
23691,-0.036781
23692,0.050962
23693,0.076828
23694,0.078886
23695,0.004577
23696,-0.038767
23697,-0.063312
23698,-0.019896
23699,0.069947
23700,0.017308
23701,0.007424
23702,-0.050875
23703,-0.038009
23704,-0.016236
23705,-0.039351
23706,-0.043242
23707,0.011291
23708,0.030975
23709,0.023167
23710,0.010993
23711,-0.009928
23712,-0.035002
23713,-0.014177
23714,-0.009354
23715,-0.053270
23716,-0.004776
23717,0.034863
23718,0.053008
23719,0.041179
23720,0.017029
23721,0.048447
23722,-0.003531
23723,-0.022043
23724,0.021137
23725,-0.044412
23726,-0.023222
23727,0.015890
23728,0.048527
23729,0.073170
23730,-0.003626
23731,-0.041042
23732,0.029675
23733,0.032066
23734,0.047867
23735,0.054889
23736,0.032822
23737,0.019579
23738,-0.044550
23739,-0.086344
23740,-0.102763
23741,-0.060703
23742,-0.051661
23743,0.005469
23744,0.017063
23745,0.006293
23746,0.032895
23747,0.039486
23748,0.056680
23749,0.026580
23750,-0.031832
23751,0.012817
23752,0.004447
23753,-0.019947
23754,-0.004676
23755,-0.014176
23756,-0.030866
23757,-0.025085
23758,-0.007757
23759,-0.023263
23760,0.030959
23761,0.101432
23762,0.074570
23763,0.021659
23764,-0.015543
23765,-0.044839
23766,-0.060255
23767,-0.057223
23768,0.028070
23769,0.012454
23770,0.003935
23771,0.046986
23772,0.014733
23773,0.029372
23774,0.068822
23775,0.026859
23776,-0.059721
23777,0.004166
23778,0.001170
23779,-0.073275
23780,-0.044809
23781,-0.064711
23782,-0.031768
23783,-0.054937
23784,-0.025098
23785,-0.007156
23786,-0.000222
23787,0.049201
23788,0.092073
23789,0.087990
23790,0.041289
23791,-0.047115
23792,-0.106508
23793,-0.036286
23794,-0.023949
23795,-0.017458
23796,0.002350
23797,0.069172
23798,0.090461
23799,0.019890
23800,-0.029449
23801,-0.083119
23802,-0.052255
23803,-0.046227
23804,0.019130
23805,0.029246
23806,0.019925
23807,0.049732
23808,0.086029
23809,0.060754
23810,-0.021020
23811,-0.053728
23812,-0.058527
23813,-0.042016
23814,-0.005575
23815,0.007468
23816,0.018516
23817,-0.001143
23818,-0.035075
23819,-0.048410
23820,0.017654
23821,0.075333
23822,0.072529
23823,0.061231
23824,0.040579
23825,-0.038686
23826,-0.078369
23827,-0.065911
23828,-0.074196
23829,-0.040820
23830,-0.023194
23831,0.048188
23832,0.079336
23833,0.052069
23834,0.032121
23835,-0.021280
23836,-0.017415
23837,-0.002885
23838,-0.008706
23839,-0.026820
23840,-0.044964
23841,-0.043559
23842,-0.039361
23843,-0.014469
23844,0.028496
23845,-0.005181
23846,-0.022317
23847,-0.017033
23848,0.009492
23849,0.067862
23850,0.075678
23851,0.007168
23852,0.031145
23853,0.023814
23854,0.028215
23855,0.044579
23856,-0.026472
23857,-0.076876
23858,-0.049164
23859,-0.049922
23860,-0.036489
23861,0.003511
23862,0.046679
23863,0.007522
23864,0.048287
23865,0.021624
23866,0.025654
23867,0.037268
23868,-0.034800
23869,-0.074909
23870,-0.088734
23871,-0.112600
23872,-0.045288
23873,0.024532
23874,0.041081
23875,0.065698
23876,0.060864
23877,0.063613
23878,90.996155
23879,1076.439575
23880,505.486908
23881,13.569571
23882,260.587524
23883,25.853617
23884,25.120480
23885,-11.593314
23886,-31.616659
23887,-34.494175
23888,-23.308132
23889,-3.381999
23890,22.579105
23891,24.327251
23892,29.200571
23893,18.766964
23894,6.689447
23895,-11.844606
23896,-19.625763
23897,-28.624788
23898,-23.498045
23899,-5.028338
23900,21.670496
23901,25.886126
23902,26.036743
23903,23.405516
23904,22.265833
23905,-8.851226
23906,-40.245075
23907,-49.334511
23908,-33.564171
23909,-12.212843
23910,23.280382
23911,36.143147
23912,28.943684
23913,7.861301
23914,2.875197
23915,-13.455663
23916,-11.237457
23917,-26.295576
23918,-30.360645
23919,-5.788164
23920,13.982492
23921,26.841234
23922,23.094263
23923,13.601615
23924,18.743477
23925,3.466988
23926,4.476590
23927,-2.536783
23928,-0.925429
23929,-20.026646
23930,-22.153738
23931,-26.104349
23932,-31.918938
23933,0.053576
23934,0.027780
23935,0.005312
23936,-0.053285
23937,-0.044074
23938,-0.038770
23939,-0.042066
23940,-0.039724
23941,-0.016054
23942,0.003216
23943,0.007776
23944,0.010039
23945,-0.005616
23946,0.033445
23947,0.002685
23948,-0.017585
23949,-0.044526
23950,0.012547
23951,0.028663
23952,0.017564
23953,-0.015816
23954,-0.005147
23955,-0.044595
23956,-0.011128
23957,0.022916
23958,0.037058
23959,0.002162
23960,0.018000
23961,0.032614
23962,-0.016934
23963,-0.015637
23964,-0.031445
23965,-0.014082
23966,-0.034760
23967,-0.026808
23968,-0.001996
23969,-0.013564
23970,-0.037249
23971,-0.046549
23972,-0.002788
23973,0.021359
23974,-0.009478
23975,-0.017253
23976,0.009763
23977,0.034884
23978,0.066195
23979,0.057279
23980,0.027189
23981,-0.010246
23982,-0.025113
23983,0.022689
23984,0.039459
23985,0.028469
23986,0.047095
23987,0.021765
23988,-0.002244
23989,-0.052085
23990,-0.036060
23991,-0.006532
23992,-0.020617
23993,-0.025308
23994,0.018946
23995,0.050935
23996,0.007152
23997,-0.006762
23998,0.009537
23999,-0.004113
24000,-0.060917
24001,-0.067649
24002,-0.051439
24003,-0.058085
24004,-0.041656
24005,0.025101
24006,0.057282
24007,0.030304
24008,0.014601
24009,-0.027185
24010,-0.040774
24011,-0.030420
24012,0.004354
24013,0.021140
24014,0.050588
24015,0.016328
24016,0.065580
24017,0.087886
24018,0.035389
24019,0.010974
24020,-0.033604
24021,-0.006879
24022,-0.014908
24023,-0.018179
24024,-0.016950
24025,-0.026153
24026,-0.014019
24027,-0.045757
24028,-0.053805
24029,-0.045691
24030,-0.042872
24031,-0.001677
24032,0.066827
24033,0.078161
24034,0.105890
24035,0.031505
24036,0.020211
24037,0.023237
24038,0.031456
24039,-0.016932
24040,-0.038882
24041,-0.053922
24042,-0.053267
24043,-0.049283
24044,-0.052710
24045,0.002336
24046,0.027649
24047,0.022018
24048,0.009388
24049,-0.015823
24050,-0.034540
24051,-0.015877
24052,-0.006089
24053,-0.021820
24054,0.016896
24055,0.031460
24056,-0.022594
24057,-0.058246
24058,-0.031537
24059,0.032618
24060,0.031102
24061,0.038561
24062,0.020903
24063,0.017389
24064,0.008418
24065,-0.026147
24066,-0.037181
24067,-0.036609
24068,-0.000560
24069,0.029480
24070,0.056822
24071,0.047642
24072,0.006684
24073,-0.012704
24074,-0.025619
24075,-0.011380
24076,-0.035235
24077,-0.037625
24078,0.069524
24079,0.058692
24080,0.006667
24081,-0.014704
24082,-0.049143
24083,0.025159
24084,0.002111
24085,-0.047352
24086,-0.015439
24087,-0.002000
24088,0.026617
24089,0.017605
24090,-0.008060
24091,-0.013845
24092,-0.053271
24093,-0.028782
24094,0.013162
24095,-0.008867
24096,-0.018783
24097,-0.031029
24098,0.001210
24099,0.030169
24100,-0.018309
24101,0.017189
24102,0.041051
24103,0.029444
24104,0.023989
24105,0.007061
24106,-0.015109
24107,0.005022
24108,-0.002405
24109,0.003490
24110,-0.032380
24111,-0.040691
24112,-0.031479
24113,0.002907
24114,0.034870
24115,-0.006941
24116,-0.022842
24117,-0.049875
24118,-0.021107
24119,0.013376
24120,0.032318
24121,0.041178
24122,0.038169
24123,0.020773
24124,0.052523
24125,0.039962
24126,0.007706
24127,0.039277
24128,-0.034082
24129,-0.065380
24130,-0.051373
24131,-0.039510
24132,0.028695
24133,0.041957
24134,-0.027602
24135,-0.024478
24136,-0.050366
24137,-0.059276
24138,-0.030593
24139,-0.002585
24140,0.000386
24141,0.054951
24142,0.071047
24143,0.048108
24144,-0.009967
24145,-0.056312
24146,-0.056141
24147,-0.039287
24148,-0.030582
24149,-0.036843
24150,-0.001108
24151,0.028473
24152,0.046762
24153,0.049632
24154,0.068348
24155,0.043968
24156,-0.012250
24157,-0.002300
24158,0.014193
24159,0.004153
24160,-0.020855
24161,-0.064494
24162,-0.041266
24163,0.004430
24164,0.021162
24165,-0.004967
24166,0.005724
24167,-0.025084
24168,0.058502
24169,0.055315
24170,-0.003353
24171,-0.020433
24172,-0.079699
24173,-0.062068
24174,-0.011326
24175,0.016018
24176,0.017672
24177,0.029248
24178,0.011739
24179,0.004680
24180,0.009897
24181,-0.043891
24182,-0.055166
24183,-0.006576
24184,-0.005857
24185,0.012582
24186,0.031591
24187,0.029553
24188,0.007070
24189,0.030377
24190,0.045666
24191,0.003933
24192,-0.002029
24193,-0.008999
24194,-0.026197
24195,-0.018947
24196,-0.040932
24197,-0.060896
24198,-0.076081
24199,-0.019315
24200,0.034699
24201,0.056422
24202,0.022052
24203,-0.021604
24204,0.047652
24205,0.079506
24206,0.050146
24207,0.028395
24208,-0.011197
24209,-0.100731
24210,-0.052169
24211,0.006376
24212,0.016985
24213,0.038919
24214,0.026234
24215,-0.012686
24216,-0.026574
24217,-0.027071
24218,-0.065567
24219,0.002179
24220,-0.013365
24221,-0.039008
24222,-0.010639
24223,0.003477
24224,0.034079
24225,0.052522
24226,0.089117
24227,0.030195
24228,-0.030293
24229,-0.063857
24230,-0.060619
24231,-0.022736
24232,0.011718
24233,0.049340
24234,0.008593
24235,0.000541
24236,-0.057112
24237,-0.037707
24238,-0.014349
24239,-0.024362
24240,0.013645
24241,0.041795
24242,0.009943
24243,0.010264
24244,-0.010089
24245,0.007107
24246,0.048172
24247,0.032775
24248,0.045503
24249,0.033856
24250,0.017169
24251,-0.020227
24252,-0.031159
24253,-0.060230
24254,-0.104390
24255,-0.064502
24256,-0.002776
24257,0.057067
24258,0.044591
24259,-0.008704
24260,-0.006405
24261,-0.028637
24262,0.024536
24263,0.065138
24264,0.046577
24265,0.038205
24266,-0.009060
24267,-0.046480
24268,-0.047842
24269,-0.048318
24270,-0.046838
24271,-0.000514
24272,-0.030737
24273,0.014031
24274,0.045391
24275,0.031811
24276,-0.022153
24277,-0.051344
24278,-0.038563
24279,0.020985
24280,-0.015048
24281,0.003443
24282,0.053748
24283,0.068971
24284,0.063033
24285,0.008515
24286,-0.004579
24287,-0.070503
24288,-0.033377
24289,-0.007019
24290,0.053840
24291,0.060835
24292,0.012707
24293,-0.010993
24294,-0.042329
24295,-0.073826
24296,0.010513
24297,0.048181
24298,-0.002571
24299,0.020264
24300,-0.046085
24301,-0.030102
24302,-0.015266
24303,-0.066040
24304,-0.055104
24305,-0.052535
24306,-0.045204
24307,-0.018285
24308,0.042390
24309,0.111735
24310,0.079787
24311,-0.001219
24312,-0.009208
24313,-0.066705
24314,-0.049349
24315,-0.027368
24316,-0.003812
24317,0.024611
24318,0.014011
24319,0.083110
24320,0.072350
24321,0.044781
24322,0.027813
24323,0.008208
24324,-0.005517
24325,0.035821
24326,-0.033487
24327,-0.074826
24328,-0.086945
24329,-0.105170
24330,-0.046422
24331,0.036263
24332,0.090639
24333,0.056093
24334,0.049237
24335,0.033057
24336,0.085472
24337,-0.006253
24338,-0.076932
24339,-0.041633
24340,-0.051935
24341,0.002015
24342,-0.014264
24343,-0.008718
24344,0.053153
24345,0.000696
24346,-0.015716
24347,-0.055050
24348,-0.013293
24349,0.041250
24350,0.019422
24351,-0.036947
24352,-0.048624
24353,-0.015514
24354,-0.021347
24355,-0.054697
24356,0.002444
24357,0.034968
24358,-0.011611
24359,-0.015664
24360,0.024268
24361,0.036489
24362,0.034148
24363,0.030550
24364,0.001638
24365,0.029500
24366,0.020108
24367,-0.005000
24368,-0.013195
24369,-0.016877
24370,0.010149
24371,0.006922
24372,-0.063049
24373,-0.076536
24374,-0.045868
24375,-0.006342
24376,0.034312
24377,0.086269
24378,0.094415
24379,0.067376
24380,0.011702
24381,-0.004484
24382,-0.051929
24383,-0.064024
24384,-0.064182
24385,-0.104951
24386,-0.056675
24387,0.000482
24388,0.042324
24389,0.086819
24390,0.040429
24391,0.034008
24392,0.048723
24393,0.001391
24394,-0.020934
24395,-0.038766
24396,-0.028900
24397,-0.004899
24398,0.024466
24399,0.055707
24400,0.008040
24401,-0.005627
24402,-0.017079
24403,-0.015745
24404,-0.024601
24405,-0.092856
24406,-0.062979
24407,-0.028415
24408,-0.011445
24409,0.024243
24410,0.005585
24411,-0.050375
24412,-0.036923
24413,0.035319
24414,0.087836
24415,0.095518
24416,0.078927
24417,0.003244
24418,-0.057861
24419,-0.029102
24420,-0.006133
24421,0.003244
24422,-0.007625
24423,0.001028
24424,-0.030121
24425,-0.025234
24426,0.003952
24427,0.002380
24428,0.038720
24429,0.100641
24430,0.053240
24431,-0.050234
24432,-0.066287
24433,-0.119576
24434,-0.116649
24435,-0.054074
24436,-0.008262
24437,0.093424
24438,0.068386
24439,0.075977
24440,0.091989
24441,0.081016
24442,0.002584
24443,0.006026
24444,-0.011557
24445,-0.019999
24446,-0.058679
24447,-0.063755
24448,-0.043077
24449,-0.009316
24450,-0.006383
24451,0.037622
24452,0.033133
24453,-0.033534
24454,-0.000662
24455,-0.010815
24456,-0.035178
24457,-0.027917
24458,0.007603
24459,0.028647
24460,0.030113
24461,0.015823
24462,0.019120
24463,0.068085
24464,0.040765
24465,-0.019049
24466,-0.022470
24467,-0.053232
24468,-0.046735
24469,-0.036348
24470,-0.001613
24471,0.015691
24472,-0.035212
24473,-0.041543
24474,-0.001079
24475,0.005674
24476,0.030620
24477,0.057463
24478,0.056956
24479,-0.004125
24480,-0.024705
24481,0.006392
24482,0.002631
24483,0.001561
24484,-0.001187
24485,0.001305
24486,-0.014974
24487,-0.005508
24488,-0.006958
24489,-0.046048
24490,-0.076446
24491,-0.066503
24492,-0.037261
24493,0.006385
24494,0.027589
24495,0.060360
24496,0.030957
24497,0.059253
24498,0.041735
24499,0.000611
24500,0.061400
24501,0.066624
24502,0.037644
24503,-0.012212
24504,0.009459
24505,-0.046102
24506,-0.044741
24507,-0.035165
24508,-0.027534
24509,-0.046293
24510,-0.058894
24511,-0.025396
24512,-0.027958
24513,-0.004895
24514,0.044578
24515,0.038488
24516,0.028408
24517,0.024597
24518,0.076334
24519,0.036466
24520,-0.021470
24521,-0.055237
24522,-0.026439
24523,-0.038864
24524,-0.058195
24525,0.011829
24526,0.061015
24527,0.069336
24528,0.030893
24529,0.003039
24530,-0.017623
24531,-0.047537
24532,-0.089287
24533,-0.065375
24534,-0.000019
24535,0.004166
24536,0.029569
24537,0.027848
24538,0.031501
24539,0.063801
24540,0.034672
24541,-0.011838
24542,-0.011619
24543,-0.064616
24544,-0.034801
24545,0.002574
24546,0.033392
24547,0.042319
24548,-0.020515
24549,-0.021400
24550,0.021340
24551,-0.036906
24552,0.016762
24553,0.024774
24554,-0.018711
24555,-0.012414
24556,-0.062751
24557,-0.063209
24558,-0.057913
24559,-0.002942
24560,0.004403
24561,0.010881
24562,0.101491
24563,0.115031
24564,0.096576
24565,0.032396
24566,-0.014755
24567,-0.097755
24568,-0.078877
24569,-0.027683
24570,-0.019014
24571,0.045347
24572,0.063929
24573,0.016923
24574,0.033503
24575,0.034844
24576,-0.019819
24577,-0.035908
24578,-0.053483
24579,-0.086198
24580,-0.049988
24581,-0.034932
24582,-0.023072
24583,-0.025878
24584,-0.014881
24585,0.011089
24586,0.033756
24587,0.035209
24588,0.024602
24589,-0.070509
24590,-0.080476
24591,-0.066699
24592,-0.027597
24593,0.039765
24594,0.015497
24595,0.045671
24596,0.024487
24597,-0.023095
24598,-0.014428
24599,-0.030145
24600,0.012485
24601,0.039807
24602,0.090074
24603,0.045531
24604,0.003104
24605,-0.065229
24606,-0.078445
24607,-0.053264
24608,0.001845
24609,0.047923
24610,0.057012
24611,0.040731
24612,-0.071133
24613,-0.053635
24614,-0.004792
24615,-0.005124
24616,-0.002981
24617,0.006959
24618,-0.009924
24619,0.026688
24620,0.014907
24621,0.082758
24622,0.100638
24623,0.056659
24624,-0.034492
24625,-0.114328
24626,-0.126647
24627,-0.013978
24628,0.040063
24629,0.051815
24630,0.079488
24631,0.044270
24632,108.631721
24633,1133.917236
24634,482.265930
24635,14.304306
24636,315.009369
24637,-16.499170
24638,-15.858979
24639,-6.903689
24640,-4.943789
24641,-24.823917
24642,-19.185516
24643,-7.949660
24644,-5.841506
24645,8.007287
24646,26.911190
24647,38.872318
24648,19.806318
24649,9.863293
24650,7.640051
24651,0.209665
24652,-30.401606
24653,-40.703419
24654,-40.747292
24655,-30.381046
24656,-2.483695
24657,18.547342
24658,41.511986
24659,55.323494
24660,39.798405
24661,7.876866
24662,-17.666832
24663,-18.056643
24664,-39.278370
24665,-32.934273
24666,-9.753188
24667,-0.600016
24668,4.112663
24669,11.087995
24670,2.371562
24671,10.334442
24672,-1.406361
24673,3.060830
24674,20.568516
24675,10.472071
24676,-21.048006
24677,-18.463882
24678,-1.833173
24679,22.377066
24680,17.726179
24681,-11.616577
24682,-11.606305
24683,-13.624126
24684,-12.042393
24685,-17.227253
24686,-14.712603
24687,0.009476
24688,-0.061688
24689,-0.092300
24690,-0.136200
24691,-0.120951
24692,-0.013616
24693,0.024955
24694,0.031316
24695,0.025650
24696,0.087650
24697,0.065433
24698,0.036975
24699,0.005704
24700,-0.017394
24701,0.037705
24702,-0.020138
24703,-0.051234
24704,-0.010484
24705,0.042486
24706,0.012148
24707,0.038754
24708,-0.001480
24709,-0.087382
24710,-0.072242
24711,-0.042621
24712,-0.016158
24713,0.025299
24714,0.043243
24715,-0.026697
24716,-0.029063
24717,0.034796
24718,0.033958
24719,0.058465
24720,0.055584
24721,-0.008932
24722,-0.019604
24723,-0.044799
24724,-0.020562
24725,-0.041507
24726,-0.000765
24727,0.035384
24728,0.065376
24729,0.064534
24730,0.006211
24731,-0.000174
24732,-0.014781
24733,-0.038788
24734,-0.071927
24735,-0.031372
24736,0.010039
24737,0.033582
24738,0.009719
24739,0.027183
24740,-0.004199
24741,-0.042133
24742,-0.035489
24743,0.038122
24744,0.018179
24745,-0.021407
24746,-0.034792
24747,-0.012731
24748,0.024854
24749,0.052415
24750,0.010348
24751,-0.021297
24752,0.012267
24753,0.041391
24754,-0.004385
24755,-0.001641
24756,-0.063814
24757,-0.075341
24758,-0.004502
24759,0.039287
24760,0.026127
24761,0.028915
24762,0.010161
24763,0.045948
24764,-0.008874
24765,-0.067643
24766,-0.038437
24767,0.048031
24768,0.034913
24769,0.021376
24770,0.043533
24771,-0.011100
24772,0.009499
24773,-0.024767
24774,-0.021063
24775,0.001288
24776,0.003385
24777,-0.003898
24778,-0.008508
24779,-0.031422
24780,-0.012257
24781,0.011597
24782,0.036670
24783,-0.005159
24784,-0.025286
24785,0.004082
24786,-0.049692
24787,-0.078494
24788,0.008127
24789,0.070566
24790,0.109028
24791,0.059064
24792,-0.016933
24793,-0.069055
24794,-0.066214
24795,-0.034737
24796,-0.007165
24797,0.022604
24798,0.025308
24799,0.023824
24800,0.022995
24801,0.003583
24802,-0.003947
24803,-0.013280
24804,-0.020782
24805,-0.000355
24806,0.006531
24807,0.030977
24808,0.012729
24809,-0.005300
24810,-0.003142
24811,-0.016532
24812,-0.021603
24813,0.037539
24814,0.007274
24815,0.010806
24816,0.011384
24817,-0.030943
24818,-0.031827
24819,-0.004340
24820,0.024771
24821,-0.029316
24822,-0.008814
24823,0.052786
24824,0.059768
24825,0.047989
24826,-0.003206
24827,-0.004311
24828,-0.042134
24829,-0.042058
24830,-0.009227
24831,-0.005472
24832,-0.057620
24833,-0.019207
24834,0.026367
24835,0.015237
24836,0.051168
24837,0.047413
24838,-0.007061
24839,-0.043368
24840,-0.019231
24841,-0.013102
24842,-0.036380
24843,0.052222
24844,0.058159
24845,0.021157
24846,0.026960
24847,-0.003788
24848,-0.015904
24849,-0.037642
24850,-0.071933
24851,-0.049876
24852,0.004856
24853,-0.008465
24854,0.037056
24855,0.040609
24856,0.020385
24857,0.003116
24858,0.007944
24859,-0.007282
24860,0.024063
24861,0.077451
24862,0.039511
24863,-0.025644
24864,-0.066499
24865,-0.052674
24866,-0.052823
24867,-0.052233
24868,0.012045
24869,0.071867
24870,0.115290
24871,0.090446
24872,0.020233
24873,-0.045827
24874,-0.052255
24875,-0.074784
24876,-0.059772
24877,-0.061654
24878,-0.081533
24879,0.004644
24880,0.067994
24881,0.029819
24882,0.027830
24883,0.025838
24884,-0.023198
24885,-0.020214
24886,0.052920
24887,0.042297
24888,-0.002642
24889,-0.036075
24890,-0.049947
24891,-0.021780
24892,-0.053403
24893,-0.017190
24894,0.035794
24895,0.061801
24896,0.098191
24897,0.017000
24898,-0.064580
24899,-0.051360
24900,-0.031808
24901,-0.059418
24902,-0.001381
24903,0.021259
24904,0.013934
24905,0.025787
24906,0.009114
24907,-0.005002
24908,0.006126
24909,-0.024986
24910,0.003924
24911,0.033831
24912,0.028730
24913,-0.007773
24914,-0.018384
24915,-0.007784
24916,-0.002902
24917,-0.047837
24918,-0.066831
24919,-0.040286
24920,-0.001341
24921,0.067531
24922,0.082236
24923,0.077722
24924,0.089590
24925,0.041096
24926,0.005015
24927,-0.048573
24928,-0.099711
24929,-0.089017
24930,-0.065860
24931,-0.019795
24932,0.031697
24933,0.023306
24934,0.047827
24935,0.053142
24936,0.040402
24937,-0.059654
24938,-0.064995
24939,-0.055116
24940,-0.043070
24941,0.003271
24942,0.010984
24943,-0.005800
24944,-0.007143
24945,0.010261
24946,0.057224
24947,0.086468
24948,0.108557
24949,0.069210
24950,-0.020022
24951,-0.084884
24952,-0.049250
24953,-0.041289
24954,-0.010062
24955,-0.010825
24956,0.056555
24957,0.047140
24958,-0.007958
24959,-0.032325
24960,-0.001733
24961,-0.021749
24962,-0.035908
24963,-0.070747
24964,-0.022740
24965,0.048949
24966,0.079640
24967,0.062075
24968,-0.004900
24969,0.006601
24970,0.018867
24971,0.002882
24972,-0.030670
24973,-0.070571
24974,-0.046272
24975,-0.048584
24976,-0.039410
24977,-0.053292
24978,0.052246
24979,0.112577
24980,0.063278
24981,0.032939
24982,0.015197
24983,-0.002227
24984,-0.007218
24985,-0.056089
24986,-0.039880
24987,-0.007754
24988,-0.069142
24989,-0.021252
24990,0.032335
24991,0.031444
24992,0.042242
24993,0.029658
24994,-0.011248
24995,-0.036729
24996,-0.013488
24997,-0.003574
24998,0.006331
24999,0.046492
25000,0.006332
25001,-0.043812
25002,-0.052153
25003,-0.028160
25004,-0.030097
25005,0.018038
25006,0.049995
25007,0.060582
25008,0.057584
25009,-0.029515
25010,-0.003348
25011,-0.030488
25012,-0.033283
25013,0.005437
25014,0.002312
25015,0.046808
25016,0.059669
25017,0.055366
25018,-0.039230
25019,-0.058166
25020,-0.048893
25021,-0.047513
25022,-0.035927
25023,-0.049302
25024,0.009557
25025,0.003118
25026,0.025271
25027,0.055996
25028,0.044102
25029,0.036424
25030,0.015650
25031,-0.040026
25032,-0.001024
25033,-0.024034
25034,-0.046483
25035,-0.024451
25036,-0.008340
25037,-0.001049
25038,0.022302
25039,0.034247
25040,-0.004686
25041,-0.008678
25042,-0.009625
25043,-0.008463
25044,-0.034766
25045,-0.052840
25046,-0.021878
25047,0.015543
25048,0.034386
25049,0.018338
25050,-0.021060
25051,-0.017645
25052,0.012225
25053,-0.015170
25054,-0.006291
25055,0.024227
25056,0.023475
25057,0.042277
25058,-0.020664
25059,-0.012288
25060,0.027868
25061,0.067795
25062,0.062774
25063,0.050455
25064,0.005270
25065,-0.082712
25066,-0.071387
25067,-0.019507
25068,-0.000008
25069,0.023545
25070,0.038713
25071,0.043658
25072,0.045830
25073,-0.013650
25074,-0.057986
25075,-0.091570
25076,-0.047324
25077,-0.013384
25078,0.002346
25079,0.038088
25080,-0.001379
25081,-0.048226
25082,-0.001612
25083,0.030297
25084,0.042329
25085,0.038782
25086,-44.696232
25087,1168.569824
25088,469.798157
25089,0.000000
25090,0.009331
25091,1881.131470
25092,1102.285156
25093,1601.134888
25094,2259.969238
25095,814.552124
25096,2020.014282
25097,1023.867065
25098,2229.851074
25099,2246.048096
25100,1147.314819
25101,1356.987183
25102,842.349854
25103,2073.655762
25104,1085.803345
25105,989.632813
25106,1051.260620
25107,2048.482178
25108,937.628052
25109,734.456848
25110,1791.294434
25111,1112.118652
25112,2131.159424
25113,2040.468872
25114,988.904907
25115,1385.800781
25116,1703.294067
25117,-0.018210
25118,-0.082084
25119,-0.099679
25120,-0.006631
25121,0.024598
25122,-0.008340
25123,0.041892
25124,0.057865
25125,0.041809
25126,0.061691
25127,0.041300
25128,-0.034541
25129,-0.110837
25130,-0.119245
25131,-0.057681
25132,-0.017509
25133,0.030559
25134,0.057906
25135,0.036158
25136,0.061066
25137,0.074914
25138,0.025185
25139,0.004651
25140,0.009070
25141,-0.010737
25142,0.011810
25143,0.024664
25144,0.043676
25145,0.032649
25146,-0.071037
25147,-0.078421
25148,-0.045131
25149,-0.019924
25150,0.014820
25151,0.012833
25152,0.020571
25153,-0.043036
25154,-0.047576
25155,0.009918
25156,0.012467
25157,-0.011849
25158,-0.019216
25159,-0.030023
25160,-0.034618
25161,-0.033960
25162,0.034225
25163,0.009826
25164,-0.007290
25165,0.012730
25166,0.049599
25167,0.037431
25168,-0.015674
25169,0.021549
25170,0.042011
25171,0.030830
25172,-0.008227
25173,-0.043266
25174,-0.074693
25175,-0.089952
25176,0.021062
25177,0.093502
25178,0.074615
25179,0.056346
25180,-0.009557
25181,-0.008151
25182,-0.030985
25183,-0.001126
25184,-0.015674
25185,-0.028478
25186,-0.036511
25187,-0.022827
25188,-0.013542
25189,-0.021239
25190,-0.001178
25191,-0.018652
25192,-0.008666
25193,0.005131
25194,0.038987
25195,0.075645
25196,0.048817
25197,0.032818
25198,0.045979
25199,0.058424
25200,0.009833
25201,-0.064362
25202,-0.090623
25203,-0.069592
25204,-0.045745
25205,-0.019047
25206,0.024327
25207,-0.002089
25208,0.045250
25209,0.019407
25210,-0.056884
25211,-0.086704
25212,-0.039226
25213,0.028452
25214,0.006561
25215,-0.041451
25216,-0.006635
25217,126.110703
25218,163.088791
25219,2.202678
25220,1621.854492
25221,335.242279
25222,13.329528
25223,-5.536723
25224,-12.204554
25225,-11.070795
25226,-17.565214
25227,-24.048634
25228,-23.618465
25229,0.149943
25230,11.014508
25231,20.623129
25232,15.520491
25233,15.614262
25234,16.951624
25235,4.265083
25236,-3.791204
25237,-5.925781
25238,-0.163282
25239,11.095560
25240,3.578905
25241,-23.537239
25242,-31.944519
25243,-19.263159
25244,13.993843
25245,37.587872
25246,41.015575
25247,9.675295
25248,-17.381830
25249,-38.548748
25250,-52.129097
25251,-38.233971
25252,-30.244076
25253,-0.644217
25254,25.679293
25255,55.917442
25256,66.823578
25257,29.907106
25258,-13.234385
25259,-25.327187
25260,-7.943165
25261,-5.698181
25262,-21.001188
25263,-20.428911
25264,-19.354715
25265,-9.938844
25266,24.492762
25267,47.612190
25268,33.352745
25269,8.681646
25270,-4.270854
25271,0.077025
25272,0.072617
25273,0.043803
25274,0.078570
25275,0.061515
25276,-0.004420
25277,-0.067399
25278,-0.081687
25279,-0.065478
25280,-0.028674
25281,-0.006590
25282,0.000956
25283,0.036601
25284,0.016739
25285,0.000558
25286,0.017090
25287,0.015148
25288,0.006601
25289,0.007119
25290,-0.072129
25291,-0.059097
25292,-0.041996
25293,-0.004909
25294,-0.007608
25295,0.018741
25296,0.042996
25297,0.058644
25298,0.043637
25299,-0.028914
25300,-0.025889
25301,-0.003876
25302,-0.020056
25303,-0.004188
25304,0.019110
25305,0.054900
25306,0.030240
25307,0.034839
25308,0.025067
25309,0.021209
25310,0.029024
25311,-0.051334
25312,-0.086436
25313,-0.051958
25314,-0.028164
25315,0.044264
25316,0.087581
25317,0.018796
25318,-0.047753
25319,-0.075229
25320,-0.070823
25321,-0.023458
25322,0.005160
25323,0.009433
25324,0.012418
25325,0.001254
25326,0.020634
25327,0.041038
25328,0.046037
25329,-0.006272
25330,-0.037070
25331,-0.070941
25332,-0.010153
25333,0.039062
25334,0.054082
25335,0.102276
25336,0.078056
25337,-0.014361
25338,-0.069857
25339,-0.067567
25340,-0.016642
25341,0.016289
25342,0.028977
25343,0.044998
25344,0.024682
25345,-0.023473
25346,-0.062975
25347,-0.080986
25348,-0.007586
25349,0.034474
25350,0.008069
25351,-0.029168
25352,-0.006519
25353,-0.008736
25354,0.005810
25355,0.047651
25356,0.070605
25357,0.021281
25358,-0.014174
25359,-0.024903
25360,-0.005106
25361,-0.019509
25362,0.005799
25363,0.035033
25364,-0.013818
25365,-0.031093
25366,-0.046063
25367,-0.096392
25368,-0.030189
25369,0.066086
25370,0.074075
25371,0.087895
25372,0.090155
25373,-0.014769
25374,-0.092560
25375,-0.059069
25376,-0.001403
25377,0.021223
25378,0.009642
25379,0.005433
25380,0.003256
25381,0.006785
25382,-0.005765
25383,0.007496
25384,-0.023624
25385,-0.035052
25386,-0.049139
25387,0.001103
25388,0.018042
25389,-0.013876
25390,-0.003755
25391,0.023518
25392,-0.007571
25393,0.002604
25394,0.032553
25395,-0.021604
25396,-0.015724
25397,0.001804
25398,0.000066
25399,-0.007257
25400,-0.005781
25401,0.038726
25402,0.060047
25403,0.043619
25404,-0.008779
25405,-0.014563
25406,-0.088323
25407,-0.122763
25408,-0.063151
25409,-0.004954
25410,0.037308
25411,0.090801
25412,0.081280
25413,0.070998
25414,0.025034
25415,-0.017266
25416,0.010443
25417,0.016744
25418,-0.010171
25419,-0.071123
25420,-0.045052
25421,0.020614
25422,0.030353
25423,0.025883
25424,-0.003525
25425,0.016900
25426,-0.026780
25427,-0.020870
25428,-0.024370
25429,-0.058745
25430,-0.055183
25431,0.011448
25432,0.036969
25433,0.053614
25434,0.042232
25435,0.001762
25436,0.021055
25437,-0.005170
25438,-0.035277
25439,-0.040730
25440,-0.026678
25441,-0.009215
25442,0.021888
25443,0.003372
25444,0.006792
25445,0.042963
25446,0.062529
25447,0.042118
25448,0.000411
25449,-0.101803
25450,-0.143136
25451,-0.084275
25452,-0.090980
25453,-0.057668
25454,-0.031997
25455,-0.023380
25456,0.068768
25457,0.158827
25458,0.180956
25459,0.172676
25460,0.081159
25461,-0.009436
25462,-0.072796
25463,-0.081661
25464,-0.084484
25465,-0.085212
25466,-0.040136
25467,-0.024701
25468,0.005246
25469,0.069606
25470,0.086217
25471,0.025281
25472,-0.033407
25473,-0.021108
25474,0.027511
25475,0.006954
25476,-0.012613
25477,-0.030051
25478,-0.064968
25479,-0.034117
25480,0.017250
25481,0.063208
25482,0.101743
25483,-0.009710
25484,-0.033224
25485,-0.035110
25486,-0.085554
25487,-0.013008
25488,0.004499
25489,0.011482
25490,0.052166
25491,0.006714
25492,-0.037549
25493,-0.017226
25494,-0.047861
25495,-0.056761
25496,-0.014473
25497,0.036988
25498,0.090970
25499,0.076972
25500,0.033380
25501,0.066153
25502,0.045509
25503,0.044449
25504,0.024186
25505,-0.020537
25506,-0.063094
25507,-0.102415
25508,-0.081002
25509,-0.083787
25510,-0.028917
25511,0.048416
25512,0.051483
25513,-0.005217
25514,0.057219
25515,0.003132
25516,-0.044806
25517,-0.011134
25518,0.006084
25519,0.016530
25520,0.006092
25521,-0.020222
25522,0.004924
25523,0.024933
25524,0.044918
25525,0.033261
25526,-0.019478
25527,-0.005587
25528,0.016425
25529,0.013888
25530,0.079185
25531,0.049735
25532,0.033024
25533,0.033014
25534,-0.027715
25535,-0.101690
25536,-0.125629
25537,-0.039045
25538,0.014424
25539,-0.012545
25540,0.033180
25541,0.059542
25542,0.038316
25543,0.035165
25544,0.001649
25545,-0.057245
25546,-0.010305
25547,0.007218
25548,-0.040457
25549,-0.064405
25550,0.018402
25551,0.096557
25552,0.090769
25553,0.040267
25554,0.028511
25555,0.013377
25556,-0.053117
25557,-0.111630
25558,-0.073959
25559,-0.038643
25560,-0.001204
25561,0.016953
25562,0.030815
25563,0.035661
25564,0.031865
25565,-0.020219
25566,-0.072764
25567,-0.052726
25568,-0.057771
25569,-0.050524
25570,0.023656
25571,0.061341
25572,0.036188
25573,0.043145
25574,0.031712
25575,0.001883
25576,0.014721
25577,-0.004611
25578,0.003131
25579,-0.011137
25580,-0.041412
25581,0.003234
25582,-0.016302
25583,-0.012026
25584,0.002636
25585,0.009050
25586,0.035586
25587,0.030736
25588,0.031871
25589,0.032761
25590,-0.051038
25591,-0.048911
25592,-0.041910
25593,-0.007121
25594,0.010484
25595,0.015226
25596,0.020426
25597,-0.026493
25598,-0.041817
25599,-0.050592
25600,-0.029444
25601,0.012214
25602,0.047734
25603,0.136759
25604,0.127839
25605,0.074752
25606,-0.025284
25607,-0.087480
25608,-0.106645
25609,-0.120125
25610,-0.045393
25611,-0.023792
25612,0.018308
25613,0.047464
25614,0.012627
25615,0.009937
25616,-0.035812
25617,-0.025314
25618,0.023092
25619,0.007884
25620,0.045825
25621,0.048209
25622,-0.029877
25623,0.017078
25624,0.031740
25625,-0.029309
25626,0.007443
25627,0.025843
25628,0.048897
25629,0.067975
25630,0.023862
25631,0.000802
25632,-0.027972
25633,-0.026686
25634,-0.039445
25635,-0.034517
25636,-0.036796
25637,-0.047682
25638,0.031667
25639,0.000847
25640,-0.026509
25641,0.033244
25642,-0.011823
25643,0.011124
25644,0.016226
25645,0.008028
25646,0.051642
25647,0.023832
25648,-0.062733
25649,-0.026243
25650,0.003213
25651,0.023000
25652,-0.044342
25653,-0.078069
25654,-0.000411
25655,0.027301
25656,0.069214
25657,0.141643
25658,0.064669
25659,-0.042175
25660,-0.097116
25661,-0.105306
25662,-0.124785
25663,-0.085771
25664,0.041286
25665,0.122804
25666,0.111470
25667,0.061433
25668,0.033015
25669,-0.004467
25670,-0.023090
25671,115.885986
25672,177.276764
25673,1.997546
25674,1570.268555
25675,257.087708
25676,2.630975
25677,30.171955
25678,27.236940
25679,26.635782
25680,22.749880
25681,-4.769562
25682,-53.222424
25683,-78.045761
25684,-25.664845
25685,23.520498
25686,53.232216
25687,42.890213
25688,32.730461
25689,5.171832
25690,-14.277184
25691,-20.851944
25692,-28.075056
25693,-21.212582
25694,0.514116
25695,20.775055
25696,11.208075
25697,-25.841017
25698,-36.486885
25699,-13.803118
25700,9.415163
25701,36.792538
25702,51.271366
25703,21.785465
25704,-13.033291
25705,-13.840022
25706,13.329870
25707,7.757665
25708,-40.435223
25709,-26.824694
25710,-17.940956
25711,-6.426152
25712,16.228132
25713,33.111439
25714,39.574776
25715,29.802914
25716,0.989257
25717,-33.053249
25718,-41.112991
25719,-44.790192
25720,-42.037739
25721,-17.988356
25722,23.789665
25723,47.498508
25724,43.356239
25725,-0.033030
25726,-0.000632
25727,-0.005367
25728,0.016705
25729,0.051605
25730,-0.005139
25731,-0.051013
25732,-0.035324
25733,-0.033018
25734,-0.024609
25735,0.001343
25736,0.000492
25737,0.010944
25738,0.008988
25739,-0.000252
25740,-0.020246
25741,-0.010306
25742,-0.018250
25743,0.060275
25744,0.042297
25745,0.004742
25746,-0.014329
25747,-0.035746
25748,0.018451
25749,-0.012424
25750,-0.056263
25751,-0.032150
25752,-0.028872
25753,-0.022262
25754,-0.001989
25755,0.110383
25756,0.094158
25757,0.029540
25758,-0.031985
25759,-0.080080
25760,-0.080649
25761,-0.027842
25762,0.040536
25763,0.042754
25764,0.074341
25765,0.080540
25766,0.062408
25767,0.000082
25768,-0.073681
25769,-0.073864
25770,-0.051838
25771,-0.068317
25772,-0.059372
25773,0.038255
25774,0.054884
25775,0.068739
25776,0.040062
25777,0.033812
25778,0.034748
25779,0.012722
25780,-0.011697
25781,-0.054891
25782,-0.061397
25783,-0.000351
25784,-0.034001
25785,-0.052014
25786,-0.012922
25787,-0.025129
25788,0.005042
25789,0.078678
25790,0.055948
25791,0.019387
25792,-0.015014
25793,-0.092249
25794,-0.087479
25795,-0.018163
25796,0.031802
25797,0.033008
25798,0.054097
25799,-0.011539
25800,0.033713
25801,0.033209
25802,0.027582
25803,0.027783
25804,0.006260
25805,-0.033730
25806,-0.038377
25807,-0.005440
25808,0.002310
25809,0.056648
25810,0.063646
25811,0.038796
25812,-0.010347
25813,-0.045494
25814,-0.052615
25815,-0.077774
25816,-0.070376
25817,-0.059589
25818,-0.029731
25819,0.039895
25820,0.034922
25821,0.064382
25822,0.050064
25823,-0.001876
25824,0.037241
25825,0.073941
25826,0.086197
25827,0.054140
25828,0.029115
25829,-0.050226
25830,-0.147522
25831,-0.142046
25832,-0.102769
25833,-0.013473
25834,0.027021
25835,0.038224
25836,0.050303
25837,0.018073
25838,0.002597
25839,0.010836
25840,-0.000728
25841,0.045792
25842,0.034075
25843,0.032206
25844,0.001950
25845,-0.015525
25846,-0.037974
25847,0.008066
25848,0.001648
25849,-0.015524
25850,-0.027175
25851,-0.028939
25852,-0.000437
25853,0.018496
25854,0.030747
25855,0.008503
25856,-0.008025
25857,0.015033
25858,0.057443
25859,0.052453
25860,0.041750
25861,-0.025938
25862,-0.078430
25863,-0.016884
25864,-0.056199
25865,-0.081137
25866,-0.018096
25867,-0.023731
25868,-0.023162
25869,0.042031
25870,0.044395
25871,0.057456
25872,0.031695
25873,-0.000938
25874,-0.017090
25875,-0.021117
25876,-0.031124
25877,-0.020536
25878,0.006449
25879,0.009372
25880,-0.023368
25881,-0.016409
25882,-0.023894
25883,-0.000123
25884,0.020424
25885,0.029346
25886,0.057642
25887,0.058850
25888,0.017087
25889,0.013464
25890,0.005238
25891,-0.026089
25892,-0.031109
25893,0.020256
25894,-0.015488
25895,0.001611
25896,-0.007014
25897,-0.038453
25898,-0.057512
25899,-0.057082
25900,-0.019089
25901,0.020793
25902,0.037297
25903,0.068926
25904,0.009914
25905,-0.012095
25906,-0.035158
25907,-0.020070
25908,-0.009381
25909,-0.067679
25910,-0.050677
25911,0.000593
25912,0.016407
25913,0.082642
25914,0.088698
25915,0.068522
25916,0.055730
25917,0.013594
25918,0.015473
25919,-0.003973
25920,-0.085813
25921,-0.083285
25922,-0.045458
25923,-0.016160
25924,-0.001964
25925,110.165550
25926,185.214523
25927,1.882780
25928,1541.525513
25929,252.614334
25930,-26.621708
25931,2.380402
25932,21.591486
25933,24.858465
25934,0.683031
25935,-27.560366
25936,-19.020294
25937,-0.049954
25938,9.594048
25939,15.024174
25940,10.615317
25941,5.735309
25942,-0.791923
25943,-2.749505
25944,-5.909619
25945,-6.264448
25946,-9.079538
25947,-9.255821
25948,-23.678429
25949,-14.090085
25950,17.230007
25951,25.930010
25952,15.018722
25953,-9.881958
25954,-45.243870
25955,-37.131058
25956,-18.851799
25957,7.512768
25958,43.092216
25959,54.937103
25960,49.650249
25961,17.729422
25962,11.566681
25963,-4.927233
25964,-10.235740
25965,-6.608396
25966,-25.619888
25967,-23.554232
25968,-16.587496
25969,-20.898373
25970,-28.134619
25971,-20.136194
25972,-9.483090
25973,18.374380
25974,25.640766
25975,14.979552
25976,34.015678
25977,19.926653
25978,3.767363
25979,-0.024432
25980,0.024635
25981,0.001333
25982,0.022423
25983,0.030103
25984,0.015793
25985,0.001856
25986,0.015210
25987,0.083617
25988,-0.005728
25989,-0.049478
25990,-0.025918
25991,-0.040475
25992,-0.032901
25993,-0.031474
25994,-0.012371
25995,-0.001788
25996,-0.022203
25997,-0.023663
25998,-0.009894
25999,-0.004470
26000,0.052929
26001,0.080288
26002,0.066875
26003,0.051200
26004,0.041778
26005,0.021811
26006,-0.012975
26007,-0.069866
26008,-0.068333
26009,-0.015426
26010,-0.004741
26011,-0.008462
26012,-0.003389
26013,0.007041
26014,0.030383
26015,-0.041205
26016,-0.047004
26017,-0.036483
26018,-0.060271
26019,-0.016971
26020,-0.010027
26021,-0.062418
26022,0.027561
26023,0.074233
26024,0.103691
26025,0.086480
26026,0.108510
26027,0.006078
26028,-0.048234
26029,-0.025674
26030,-0.018114
26031,0.012761
26032,0.014192
26033,-0.000357
26034,-0.061737
26035,-0.057084
26036,-0.056123
26037,-0.089303
26038,-0.080683
26039,0.019803
26040,-0.007839
26041,0.022734
26042,0.065795
26043,0.060924
26044,0.098944
26045,0.035941
26046,-0.036838
26047,-0.057540
26048,0.000295
26049,0.040443
26050,0.036744
26051,0.021434
26052,-0.040798
26053,-0.033099
26054,0.005597
26055,0.015342
26056,-0.012064
26057,-0.062595
26058,-0.050566
26059,-0.015366
26060,-0.034246
26061,-0.002329
26062,0.028079
26063,0.047738
26064,0.011423
26065,-0.007265
26066,0.068602
26067,0.032559
26068,-0.021984
26069,-0.006398
26070,-0.021186
26071,-0.023230
26072,-0.027988
26073,0.010813
26074,0.017496
26075,0.037134
26076,0.038781
26077,0.008299
26078,0.011152
26079,-0.027195
26080,-0.062305
26081,-0.048461
26082,-0.028488
26083,0.002574
26084,0.031747
26085,0.029945
26086,0.041542
26087,0.064122
26088,0.085944
26089,0.055426
26090,-0.004175
26091,-0.030069
26092,-0.096210
26093,-0.101295
26094,-0.077742
26095,0.004067
26096,0.050653
26097,0.035682
26098,0.001040
26099,-0.003613
26100,-0.010526
26101,-0.011921
26102,-0.018108
26103,-0.022836
26104,0.011052
26105,0.013849
26106,0.006761
26107,-0.013865
26108,0.013354
26109,0.000000
26110,0.019305
26111,0.019073
26112,0.007898
26113,0.017234
26114,0.019345
26115,-0.014563
26116,0.032036
26117,0.002265
26118,-0.009601
26119,0.009982
26120,-0.017875
26121,0.020402
26122,0.004891
26123,0.018979
26124,-0.050219
26125,-0.021724
26126,0.012944
26127,-0.037242
26128,-0.040171
26129,-0.008450
26130,0.023583
26131,0.005845
26132,0.023583
26133,0.062828
26134,0.015216
26135,0.015728
26136,0.026185
26137,0.040646
26138,0.009861
26139,-0.027172
26140,-0.025491
26141,-0.028866
26142,-0.051352
26143,-0.038532
26144,-0.035973
26145,-0.042054
26146,-0.016048
26147,-0.007126
26148,0.032783
26149,0.037903
26150,0.043213
26151,0.063133
26152,0.041011
26153,0.062654
26154,-0.040600
26155,-0.038697
26156,-0.030349
26157,-0.035424
26158,-0.007220
26159,-0.012324
26160,-0.010780
26161,-0.031825
26162,-0.000450
26163,0.013150
26164,0.000894
26165,0.001396
26166,-0.026981
26167,0.004856
26168,0.045992
26169,0.018972
26170,0.036279
26171,-0.019044
26172,-0.014088
26173,0.005147
26174,0.007964
26175,-0.012209
26176,-0.037003
26177,0.020599
26178,0.000683
26179,-0.064196
26180,-0.012133
26181,0.017949
26182,0.054983
26183,0.036806
26184,0.006676
26185,-0.004312
26186,0.034333
26187,0.031180
26188,-0.002333
26189,-0.089577
26190,-0.082169
26191,-0.106977
26192,-0.045287
26193,0.025816
26194,-0.006989
26195,0.021991
26196,0.058396
26197,0.056351
26198,0.039688
26199,0.050378
26200,0.001260
26201,-0.021386
26202,-0.004225
26203,0.036783
26204,0.032746
26205,0.003499
26206,-0.016350
26207,-0.070874
26208,-0.020779
26209,-0.026677
26210,-0.105348
26211,-0.071612
26212,-0.007581
26213,0.025105
26214,0.068771
26215,0.093104
26216,0.058271
26217,0.046821
26218,0.010148
26219,-0.039120
26220,-0.041199
26221,-0.032611
26222,-0.016723
26223,-0.017275
26224,0.017394
26225,0.000715
26226,-0.001330
26227,0.013479
26228,-0.032547
26229,-0.056851
26230,-0.011655
26231,0.010379
26232,0.020179
26233,0.063938
26234,0.030340
26235,0.019634
26236,-0.031924
26237,-0.033216
26238,0.035848
26239,0.070658
26240,0.056168
26241,0.011723
26242,-0.006650
26243,-0.025386
26244,-0.065545
26245,-0.059272
26246,-0.058784
26247,-0.047667
26248,0.015515
26249,0.022687
26250,-0.000056
26251,0.009500
26252,-0.036975
26253,-0.022534
26254,0.023995
26255,0.055377
26256,0.094715
26257,0.038184
26258,-0.023923
26259,-0.025928
26260,-0.021186
26261,-0.019015
26262,-0.013405
26263,-0.031034
26264,-0.025343
26265,-0.025929
26266,0.033391
26267,0.022626
26268,0.028881
26269,-0.017052
26270,-0.028966
26271,-0.014032
26272,0.029257
26273,0.031214
26274,-0.035740
26275,-0.023630
26276,-0.017200
26277,-0.019685
26278,-0.044405
26279,-0.012003
26280,0.082715
26281,0.102249
26282,0.085210
26283,0.066656
26284,0.025920
26285,-0.008230
26286,-0.059461
26287,-0.076647
26288,-0.088413
26289,-0.114167
26290,-0.059943
26291,-0.022951
26292,0.004989
26293,0.008378
26294,0.062083
26295,0.073424
26296,0.089098
26297,0.049670
26298,-0.029173
26299,0.009321
26300,0.036281
26301,0.011992
26302,-0.069837
26303,-0.094071
26304,-0.103064
26305,-0.035138
26306,0.043232
26307,0.061356
26308,0.087123
26309,0.025585
26310,0.022209
26311,0.023679
26312,-0.015058
26313,-0.045353
26314,-0.025851
26315,-0.039519
26316,-0.023559
26317,-0.048125
26318,-0.011728
26319,0.056636
26320,0.035480
26321,0.045940
26322,0.060112
26323,-0.008222
26324,-0.033575
26325,-0.046838
26326,-0.074448
26327,-0.035220
26328,0.000762
26329,0.067610
26330,0.075295
26331,0.056472
26332,0.028486
26333,-0.002886
26334,-0.041513
26335,-0.110275
26336,-0.138230
26337,-0.132914
26338,-0.015878
26339,0.082944
26340,0.106249
26341,0.126205
26342,0.104174
26343,0.044479
26344,0.004509
26345,0.000711
26346,-0.027174
26347,-0.039311
26348,-0.087950
26349,-0.094637
26350,0.023383
26351,-0.004303
26352,-0.020767
26353,0.033610
26354,0.059797
26355,0.007841
26356,-0.008321
26357,-0.026081
26358,0.011001
26359,0.028315
26360,-0.015472
26361,0.015117
26362,-0.006395
26363,0.007830
26364,0.004783
26365,0.029399
26366,0.022022
26367,-0.072125
26368,-0.055565
26369,-0.042638
26370,-0.017740
26371,-0.010808
26372,-0.039909
26373,-0.011210
26374,0.032397
26375,0.103186
26376,0.106576
26377,0.031016
26378,-0.045091
26379,-0.103969
26380,-0.059162
26381,-0.015517
26382,0.026416
26383,0.038391
26384,0.013758
26385,-0.023533
26386,-0.033171
26387,-0.017045
26388,-0.003353
26389,0.012223
26390,0.052956
26391,0.018431
26392,-0.013076
26393,-0.016103
26394,0.000248
26395,-0.011168
26396,-0.089787
26397,-0.048877
26398,0.003099
26399,0.021601
26400,0.034821
26401,0.029946
26402,0.020982
26403,0.012993
26404,-0.016403
26405,0.016493
26406,0.029948
26407,-0.029289
26408,-0.018805
26409,0.046316
26410,0.056509
26411,0.057550
26412,0.042651
26413,0.049059
26414,-0.020484
26415,-0.112468
26416,-0.072205
26417,-0.053061
26418,0.000175
26419,0.028987
26420,-0.035734
26421,-0.033871
26422,-0.046303
26423,-0.023962
26424,0.002075
26425,-0.007610
26426,0.031760
26427,0.092450
26428,0.109715
26429,0.059827
26430,0.017550
26431,0.015187
26432,0.008988
26433,-0.017204
26434,-0.058864
26435,-0.050620
26436,-0.036753
26437,-0.025573
26438,0.007845
26439,-0.005692
26440,0.007854
26441,-0.033456
26442,-0.073604
26443,-0.081440
26444,-0.032375
26445,0.008538
26446,0.062285
26447,0.080351
26448,0.037224
26449,0.016719
26450,0.009335
26451,-0.020631
26452,-0.019996
26453,-0.032322
26454,-0.036348
26455,0.026381
26456,0.058663
26457,-0.015919
26458,-0.004591
26459,0.035512
26460,0.038519
26461,0.026040
26462,-0.035361
26463,-0.036713
26464,-0.073058
26465,-0.077108
26466,0.018518
26467,0.021948
26468,0.042889
26469,-0.024104
26470,-0.016286
26471,-0.005490
26472,-0.047624
26473,-0.046104
26474,0.021886
26475,0.011267
26476,0.051922
26477,0.097894
26478,0.086465
26479,0.050497
26480,0.017485
26481,-0.004349
26482,-0.019980
26483,-0.049426
26484,-0.077895
26485,-0.096878
26486,-0.086926
26487,0.001373
26488,0.033243
26489,0.078175
26490,0.107741
26491,0.081548
26492,-0.003042
26493,-0.050436
26494,-0.077037
26495,-0.061600
26496,-0.020049
26497,0.013803
26498,0.008666
26499,-0.009976
26500,0.032694
26501,0.053942
26502,0.036944
26503,0.025601
26504,0.002209
26505,-0.044097
26506,-0.043447
26507,-0.054254
26508,-0.073414
26509,-0.051654
26510,0.013348
26511,0.017143
26512,0.040823
26513,0.098058
26514,0.082991
26515,0.054761
26516,0.004494
26517,-0.024188
26518,-0.038602
26519,-0.070565
26520,-0.056715
26521,-0.029154
26522,-0.016392
26523,-0.052520
26524,-0.028008
26525,-0.015794
26526,0.036498
26527,0.110633
26528,0.098063
26529,0.026895
26530,-0.018728
26531,-0.078161
26532,-0.043631
26533,-0.005944
26534,0.007392
26535,0.004684
26536,0.008350
26537,0.026042
26538,0.003507
26539,0.005147
26540,-0.007542
26541,-0.024945
26542,-0.032350
26543,0.034999
26544,0.059128
26545,0.044275
26546,0.059809
26547,-0.006651
26548,-0.061488
26549,-0.041198
26550,-0.006922
26551,0.014685
26552,-0.016869
26553,0.005570
26554,0.014673
26555,0.006565
26556,0.000128
26557,-0.044780
26558,-0.031791
26559,-0.043477
26560,-0.005186
26561,0.041057
26562,0.015474
26563,0.023703
26564,-0.029015
26565,0.014095
26566,-0.029091
26567,-0.025607
26568,-0.045583
26569,-0.015814
26570,0.027039
26571,0.013155
26572,0.031379
26573,0.022077
26574,0.010051
26575,0.010919
26576,0.010298
26577,0.021921
26578,-0.005270
26579,0.001451
26580,0.040083
26581,-0.005111
26582,-0.018859
26583,-0.011935
26584,-0.044714
26585,-0.037173
26586,-0.013090
26587,0.023718
26588,-0.000056
26589,0.005161
26590,-0.023615
26591,-0.022765
26592,0.017334
26593,0.021890
26594,0.010444
26595,0.009328
26596,0.008259
26597,0.028713
26598,0.023117
26599,0.021792
26600,-0.015422
26601,0.019309
26602,-0.014605
26603,-0.037590
26604,-0.070407
26605,-0.072335
26606,-0.017142
26607,-0.005101
26608,0.014751
26609,0.045082
26610,0.050117
26611,0.091610
26612,0.095663
26613,0.050372
26614,-0.052174
26615,-0.100420
26616,-0.043262
26617,-0.056669
26618,-0.085522
26619,0.005348
26620,0.013524
26621,0.020969
26622,0.054797
26623,0.064497
26624,0.042422
26625,0.047784
26626,0.008350
26627,0.009694
26628,-0.040263
26629,-0.109717
26630,-0.093012
26631,-0.016206
26632,0.033418
26633,0.023264
26634,0.038270
26635,-0.006181
26636,0.021533
26637,0.018310
26638,-0.049545
26639,-0.067201
26640,-0.066461
26641,-0.037064
26642,0.017371
26643,-0.014229
26644,0.062438
26645,0.087397
26646,0.044187
26647,0.048045
26648,-0.019262
26649,-0.013071
26650,-0.038028
26651,-0.024609
26652,0.019067
26653,0.002043
26654,0.043793
26655,0.043576
26656,0.033075
26657,0.054488
26658,-0.006147
26659,-0.028117
26660,-0.042616
26661,-0.068796
26662,-0.050868
26663,-0.040580
26664,-0.038249
26665,0.018228
26666,-0.000298
26667,0.000794
26668,0.065764
26669,0.045295
26670,0.007546
26671,0.004371
26672,-0.006563
26673,-0.031201
26674,-0.052757
26675,-0.065822
26676,-0.041817
26677,0.005025
26678,0.007247
26679,93.184418
26680,208.777817
26681,1.542098
26682,1460.893066
26683,190.302719
26684,-27.125643
26685,-2.521153
26686,1.800851
26687,-3.725581
26688,-14.695446
26689,-17.661551
26690,-21.257183
26691,-0.754199
26692,34.244560
26693,38.153980
26694,24.913540
26695,-3.353427
26696,-31.641239
26697,-25.945692
26698,-21.735962
26699,8.724125
26700,37.545631
26701,47.126919
26702,36.816532
26703,11.092867
26704,-34.521034
26705,-58.675735
26706,-33.491768
26707,1.923096
26708,18.130919
26709,10.083042
26710,3.008147
26711,-9.095840
26712,-23.278946
26713,-28.324375
26714,-7.343993
26715,12.743208
26716,29.942865
26717,50.634518
26718,47.186581
26719,21.230864
26720,-27.039808
26721,-71.786995
26722,-71.479919
26723,-28.330568
26724,2.587997
26725,23.709217
26726,27.434488
26727,39.202740
26728,38.338829
26729,19.655447
26730,-7.772088
26731,-27.358398
26732,-15.911629
26733,0.031450
26734,0.079022
26735,0.047854
26736,0.054381
26737,0.054153
26738,0.005795
26739,-0.030389
26740,-0.048872
26741,-0.091421
26742,-0.100533
26743,-0.034613
26744,-0.028332
26745,-0.001121
26746,0.017544
26747,0.026926
26748,0.041447
26749,0.061963
26750,0.075859
26751,0.081065
26752,0.052282
26753,0.023408
26754,0.032909
26755,-0.009101
26756,-0.076878
26757,-0.098485
26758,-0.071830
26759,-0.089518
26760,-0.036313
26761,-0.006020
26762,0.007408
26763,0.024915
26764,0.048867
26765,0.074852
26766,0.052508
26767,0.035603
26768,-0.005061
26769,0.001044
26770,0.020640
26771,-0.060628
26772,-0.040528
26773,0.023015
26774,0.008177
26775,0.023886
26776,-0.001025
26777,-0.015643
26778,-0.023705
26779,-0.015586
26780,0.006072
26781,-0.028837
26782,-0.029253
26783,-0.014459
26784,0.004390
26785,0.013081
26786,0.007172
26787,-0.055856
26788,-0.092830
26789,-0.034214
26790,0.040469
26791,0.045701
26792,0.069226
26793,0.071057
26794,0.031094
26795,-0.027473
26796,-0.055514
26797,-0.051678
26798,-0.067466
26799,-0.072575
26800,-0.014625
26801,0.038397
26802,0.061488
26803,0.070106
26804,0.033549
26805,0.005424
26806,-0.037823
26807,-0.025402
26808,0.004280
26809,0.028281
26810,0.032736
26811,-0.017484
26812,0.003573
26813,-0.032199
26814,-0.037858
26815,-0.008819
26816,0.005750
26817,0.011000
26818,-0.028319
26819,-0.002099
26820,0.017054
26821,-0.033545
26822,-0.030529
26823,-0.012910
26824,0.032952
26825,0.058214
26826,0.036439
26827,0.052411
26828,0.071853
26829,-0.027638
26830,-0.040174
26831,-0.055185
26832,-0.067451
26833,-0.041472
26834,-0.025627
26835,-0.005245
26836,0.046886
26837,0.057800
26838,0.026987
26839,0.005271
26840,0.006651
26841,-0.020438
26842,-0.025889
26843,-0.043465
26844,-0.031409
26845,-0.004045
26846,-0.020878
26847,-0.008656
26848,-0.028548
26849,-0.058082
26850,0.015316
26851,0.058542
26852,0.053242
26853,0.050440
26854,0.014177
26855,0.056752
26856,0.042618
26857,-0.008614
26858,-0.039110
26859,-0.051930
26860,-0.003324
26861,0.010033
26862,0.031620
26863,0.037627
26864,0.019331
26865,0.004942
26866,0.002116
26867,-0.083228
26868,-0.127734
26869,-0.083431
26870,-0.019685
26871,-0.002839
26872,0.018029
26873,0.018087
26874,0.008382
26875,0.050227
26876,0.046174
26877,0.013737
26878,0.009949
26879,0.006624
26880,-0.003824
26881,0.005855
26882,-0.002086
26883,-0.002314
26884,-0.010450
26885,-0.008659
26886,0.033185
26887,0.032405
26888,-0.032816
26889,-0.042498
26890,-0.002988
26891,-0.030141
26892,0.003905
26893,-0.029904
26894,-0.022743
26895,0.020774
26896,0.024726
26897,0.048794
26898,0.055143
26899,0.035478
26900,0.008966
26901,-0.019494
26902,-0.013854
26903,0.003821
26904,-0.006794
26905,-0.011697
26906,-0.001615
26907,0.000129
26908,0.006578
26909,0.004380
26910,0.010276
26911,-0.011419
26912,-0.040980
26913,-0.035584
26914,-0.043099
26915,-0.030180
26916,0.058244
26917,0.072257
26918,0.063100
26919,0.001633
26920,-0.058549
26921,-0.085372
26922,-0.077750
26923,-0.051305
26924,0.036383
26925,0.004765
26926,-0.004719
26927,0.015909
26928,0.023999
26929,0.018773
26930,0.027138
26931,0.045767
26932,-0.001104
26933,-0.051621
26934,-0.011205
26935,-0.037066
26936,0.022750
26937,0.071139
26938,0.045841
26939,0.048526
26940,0.014242
26941,-0.047282
26942,-0.087257
26943,-0.087110
26944,-0.075494
26945,0.001191
26946,0.059344
26947,0.076994
26948,0.110726
26949,0.060892
26950,0.029105
26951,-0.022669
26952,-0.035219
26953,-0.071439
26954,-0.067199
26955,-0.027432
26956,0.003602
26957,-0.059516
26958,-0.073985
26959,-0.024848
26960,0.050301
26961,0.114848
26962,0.101752
26963,0.001417
26964,-0.073300
26965,-0.104972
26966,-0.039620
26967,0.013879
26968,0.021228
26969,-0.003558
26970,-0.082047
26971,-0.042453
26972,0.012195
26973,0.088813
26974,0.070764
26975,0.069102
26976,0.080848
26977,-0.001022
26978,-0.019808
26979,-0.012484
26980,-0.030795
26981,-0.032957
26982,-0.020607
26983,-0.011339
26984,-0.031982
26985,0.008047
26986,-0.005036
26987,-0.038034
26988,0.000176
26989,-0.012703
26990,0.062860
26991,0.048495
26992,0.025924
26993,-0.001097
26994,-0.059629
26995,-0.093220
26996,-0.054644
26997,-0.012057
26998,0.018998
26999,0.039726
27000,0.030800
27001,0.021220
27002,0.019432
27003,0.030969
27004,0.008885
27005,0.030120
27006,-0.002471
27007,-0.071573
27008,-0.068090
27009,-0.069893
27010,0.006330
27011,0.048424
27012,0.055328
27013,0.090541
27014,0.082844
27015,0.072788
27016,-0.028113
27017,-0.051386
27018,-0.075051
27019,-0.100864
27020,-0.041875
27021,-0.050576
27022,-0.029165
27023,-0.000247
27024,0.049440
27025,0.010018
27026,0.016198
27027,0.050245
27028,0.051842
27029,0.069764
27030,0.016243
27031,-0.022171
27032,-0.046678
27033,85.211838
27034,219.840683
27035,1.382149
27036,1420.112915
27037,189.206467
27038,13.194070
27039,17.880571
27040,15.364268
27041,2.568667
27042,-30.099218
27043,-57.943359
27044,-17.090595
27045,35.549019
27046,58.675461
27047,35.204475
27048,2.740882
27049,-20.773603
27050,-18.438593
27051,-12.445030
27052,-18.836063
27053,-29.646029
27054,-32.904446
27055,-28.068323
27056,7.314291
27057,34.697269
27058,45.843693
27059,23.248600
27060,10.200562
27061,9.395364
27062,8.164247
27063,-0.597209
27064,-15.793146
27065,-14.465544
27066,-19.841305
27067,-16.767778
27068,-1.887003
27069,27.643127
27070,24.327734
27071,3.686685
27072,-7.368185
27073,-30.639166
27074,-38.387043
27075,-21.638826
27076,13.757547
27077,29.867592
27078,25.977684
27079,42.054573
27080,18.896008
27081,-24.607698
27082,-37.298515
27083,-20.000124
27084,-10.132355
27085,11.342995
27086,29.015095
27087,-0.059349
27088,0.029244
27089,0.079999
27090,0.097936
27091,0.082200
27092,0.052530
27093,0.011995
27094,-0.033118
27095,-0.035336
27096,-0.039820
27097,-0.079293
27098,-0.018726
27099,-0.001164
27100,0.018864
27101,0.042587
27102,0.068387
27103,0.055249
27104,0.059891
27105,0.055847
27106,0.020805
27107,-0.039019
27108,-0.084010
27109,-0.049579
27110,-0.005967
27111,-0.002769
27112,-0.054775
27113,-0.028843
27114,-0.006944
27115,0.033488
27116,0.033444
27117,-0.004181
27118,-0.048052
27119,-0.012102
27120,0.003247
27121,0.013141
27122,0.043536
27123,0.015895
27124,0.026582
27125,-0.000116
27126,0.005272
27127,0.002942
27128,0.006722
27129,0.012056
27130,-0.029453
27131,-0.016227
27132,-0.045875
27133,-0.042661
27134,-0.051329
27135,0.001948
27136,0.019270
27137,0.020388
27138,0.063095
27139,0.067141
27140,0.031763
27141,-0.003449
27142,-0.037764
27143,-0.061137
27144,-0.041362
27145,-0.053007
27146,-0.010875
27147,-0.006261
27148,0.003967
27149,0.062204
27150,0.011791
27151,0.037770
27152,0.060793
27153,0.032044
27154,0.019497
27155,-0.001676
27156,-0.031929
27157,-0.029939
27158,-0.042909
27159,-0.042781
27160,0.003191
27161,0.059445
27162,0.071752
27163,0.060735
27164,-0.034733
27165,-0.126438
27166,-0.106871
27167,-0.003012
27168,-0.004594
27169,0.003790
27170,-0.003009
27171,0.010151
27172,0.060367
27173,-0.028432
27174,0.002710
27175,0.050156
27176,0.049211
27177,0.044341
27178,-0.036198
27179,-0.086725
27180,-0.042218
27181,0.024751
27182,0.025747
27183,0.054358
27184,0.011967
27185,0.011111
27186,-0.037485
27187,-0.060806
27188,-0.014982
27189,0.041305
27190,0.007997
27191,0.004276
27192,0.014167
27193,-0.005637
27194,-0.011027
27195,-0.041846
27196,-0.013996
27197,-0.045579
27198,-0.052762
27199,-0.016683
27200,0.026595
27201,0.072731
27202,0.093256
27203,0.095874
27204,0.021208
27205,-0.056212
27206,-0.021912
27207,-0.003361
27208,-0.045258
27209,-0.028187
27210,-0.038350
27211,-0.000011
27212,-0.010186
27213,-0.038777
27214,-0.041950
27215,0.057577
27216,0.102495
27217,0.060999
27218,0.046128
27219,-0.010170
27220,-0.092685
27221,-0.092520
27222,-0.064910
27223,0.031205
27224,0.035451
27225,-0.016861
27226,0.002051
27227,-0.007595
27228,-0.005971
27229,-0.012705
27230,-0.012735
27231,-0.011848
27232,0.022909
27233,0.069782
27234,0.077536
27235,0.022732
27236,-0.029838
27237,-0.066858
27238,-0.090701
27239,-0.052784
27240,0.026508
27241,0.058875
27242,0.038019
27243,0.036358
27244,0.062982
27245,0.035848
27246,-0.011351
27247,-0.014221
27248,-0.030245
27249,-0.045002
27250,-0.056144
27251,-0.068539
27252,-0.047313
27253,0.003091
27254,0.057337
27255,0.069527
27256,0.088634
27257,0.085045
27258,-0.025654
27259,-0.099147
27260,-0.109511
27261,-0.099224
27262,0.031811
27263,0.054089
27264,-0.050442
27265,-0.002295
27266,0.010945
27267,0.010213
27268,0.020374
27269,0.046488
27270,0.040993
27271,0.030073
27272,0.016960
27273,-0.023666
27274,0.002629
27275,-0.013223
27276,-0.032372
27277,0.023642
27278,-0.062059
27279,-0.118303
27280,-0.047487
27281,-0.044235
27282,0.030165
27283,0.093708
27284,0.061730
27285,0.054700
27286,0.079427
27287,0.030727
27288,0.010248
27289,-0.022348
27290,-0.016701
27291,-0.038038
27292,-0.034574
27293,-0.016674
27294,-0.006431
27295,-0.011808
27296,-0.014692
27297,-0.012871
27298,0.020435
27299,-0.014527
27300,-0.042764
27301,-0.025611
27302,-0.033970
27303,0.001803
27304,0.056368
27305,-0.016327
27306,0.010275
27307,0.037058
27308,0.072811
27309,0.089393
27310,-0.015961
27311,-0.048488
27312,-0.076819
27313,-0.039864
27314,-0.034896
27315,-0.030340
27316,-0.011936
27317,0.030803
27318,0.017007
27319,0.010732
27320,0.066137
27321,0.042394
27322,0.039696
27323,0.026327
27324,-0.019599
27325,-0.065028
27326,-0.063237
27327,-0.041143
27328,-0.044139
27329,0.006554
27330,0.042816
27331,0.050942
27332,0.081340
27333,0.047345
27334,0.007479
27335,-0.029805
27336,-0.060930
27337,-0.110454
27338,-0.062164
27339,-0.019167
27340,0.034053
27341,0.053878
27342,0.032250
27343,0.008203
27344,0.013151
27345,-0.026651
27346,-0.011288
27347,0.020881
27348,0.064051
27349,0.052660
27350,-0.001865
27351,-0.066953
27352,-0.087628
27353,-0.036226
27354,0.011269
27355,0.026495
27356,0.027066
27357,0.026771
27358,0.009478
27359,0.029203
27360,0.036427
27361,0.004385
27362,-0.024843
27363,-0.052145
27364,-0.008976
27365,0.003176
27366,-0.038114
27367,-0.006252
27368,0.023418
27369,0.007082
27370,-0.019181
27371,0.009991
27372,-0.000302
27373,0.021012
27374,0.051636
27375,0.042749
27376,0.056844
27377,0.004395
27378,-0.029678
27379,-0.037831
27380,-0.121764
27381,-0.121436
27382,-0.032010
27383,0.009440
27384,0.062585
27385,0.040874
27386,0.003004
27387,0.057487
27388,0.085179
27389,0.009539
27390,-0.021620
27391,-0.062067
27392,-0.090643
27393,-0.055936
27394,-0.039051
27395,0.015061
27396,0.008830
27397,0.054431
27398,0.093114
27399,0.098997
27400,0.016679
27401,-0.039765
27402,-0.018106
27403,-0.008584
27404,0.023242
27405,0.075763
27406,0.046978
27407,-0.007953
27408,-0.062807
27409,-0.062043
27410,-0.049891
27411,-0.012906
27412,0.026658
27413,0.060296
27414,-0.044943
27415,-0.036559
27416,0.049764
27417,0.016787
27418,-0.010868
27419,-0.066691
27420,-0.057954
27421,-0.022863
27422,-0.029206
27423,0.024268
27424,0.007642
27425,-0.022488
27426,0.009407
27427,0.042783
27428,0.054470
27429,0.051601
27430,0.065021
27431,0.014719
27432,-0.069608
27433,-0.030973
27434,-0.038851
27435,-0.003171
27436,0.003732
27437,76.113190
27438,232.466110
27439,1.199608
27440,1380.558228
27441,161.003128
27442,33.383823
27443,44.040436
27444,27.624134
27445,8.421625
27446,-11.756914
27447,-30.622187
27448,-35.544731
27449,-18.320990
27450,-3.405005
27451,15.592938
27452,31.283772
27453,20.655094
27454,10.187306
27455,9.343991
27456,11.829347
27457,-10.521995
27458,-27.709375
27459,-45.100838
27460,-26.730616
27461,10.013862
27462,14.442308
27463,0.953360
27464,-4.541964
27465,-5.618870
27466,19.612665
27467,32.021206
27468,35.064491
27469,-7.325929
27470,-34.430828
27471,-39.558285
27472,-30.037260
27473,3.090471
27474,17.987703
27475,20.820091
27476,15.337788
27477,-3.834423
27478,-2.058836
27479,11.309313
27480,5.693211
27481,-21.134499
27482,-20.653627
27483,-14.733376
27484,4.479090
27485,39.361664
27486,40.782112
27487,29.015293
27488,8.544009
27489,-21.863012
27490,-44.514629
27491,-0.040638
27492,-0.008658
27493,0.056023
27494,0.049282
27495,0.035354
27496,-0.030172
27497,-0.088102
27498,-0.051934
27499,0.038259
27500,0.036024
27501,0.080431
27502,0.022386
27503,-0.011175
27504,0.018742
27505,0.027007
27506,-0.013006
27507,-0.034952
27508,-0.086586
27509,-0.038981
27510,-0.016734
27511,-0.038868
27512,-0.035165
27513,-0.029149
27514,0.028095
27515,0.031622
27516,0.052510
27517,0.078230
27518,0.030602
27519,-0.021895
27520,-0.034016
27521,0.028518
27522,0.051963
27523,0.009318
27524,-0.033901
27525,-0.035622
27526,0.001827
27527,0.020289
27528,0.032582
27529,0.054089
27530,-0.001735
27531,-0.057853
27532,-0.058385
27533,-0.038123
27534,-0.019722
27535,0.026364
27536,0.047308
27537,0.056995
27538,0.015458
27539,-0.003388
27540,-0.034253
27541,-0.102022
27542,-0.080316
27543,0.013594
27544,0.057768
27545,0.025189
27546,-0.012854
27547,0.008081
27548,0.016142
27549,0.006367
27550,0.062527
27551,0.021293
27552,-0.064690
27553,-0.047547
27554,0.020153
27555,0.050016
27556,0.082949
27557,0.001567
27558,-0.026491
27559,-0.070455
27560,-0.072536
27561,-0.036940
27562,-0.021778
27563,-0.000027
27564,0.051018
27565,0.061618
27566,0.056020
27567,0.050052
27568,0.032322
27569,-0.007022
27570,-0.081012
27571,-0.094134
27572,-0.045068
27573,-0.031221
27574,0.012322
27575,0.021358
27576,0.009605
27577,0.040453
27578,0.028143
27579,0.011907
27580,-0.023969
27581,-0.004346
27582,0.022439
27583,0.011923
27584,-0.019310
27585,0.004219
27586,-0.017368
27587,-0.005856
27588,0.054518
27589,0.034050
27590,0.023379
27591,72.644897
27592,237.278763
27593,1.130026
27594,1363.147827
27595,163.537521
27596,4.875722
27597,-11.580054
27598,-31.739988
27599,-24.881311
27600,10.284811
27601,34.837063
27602,51.084068
27603,46.046288
27604,28.553537
27605,6.911702
27606,-18.157013
27607,-57.957565
27608,-60.534485
27609,-38.452538
27610,9.891522
27611,40.156803
27612,45.888599
27613,45.608551
27614,24.681654
27615,-12.847517
27616,-27.262728
27617,-24.703434
27618,-6.525286
27619,-9.036062
27620,-16.876022
27621,-15.631026
27622,3.208718
27623,11.889791
27624,18.187048
27625,15.560393
27626,-11.397102
27627,-28.535658
27628,-32.860928
27629,2.243763
27630,25.318747
27631,5.402730
27632,10.269844
27633,23.265396
27634,19.761042
27635,-4.439050
27636,-16.588081
27637,-22.937153
27638,-25.021530
27639,-14.262998
27640,10.066822
27641,32.065117
27642,33.232559
27643,13.267991
27644,-9.123505
27645,0.019915
27646,0.017794
27647,0.019249
27648,-0.066707
27649,-0.055394
27650,-0.019502
27651,-0.046478
27652,-0.048315
27653,0.000550
27654,0.024934
27655,0.018645
27656,-0.026541
27657,-0.005509
27658,0.058026
27659,0.052912
27660,0.029243
27661,-0.031145
27662,-0.012334
27663,0.006200
27664,-0.004574
27665,-0.020961
27666,-0.039409
27667,-0.032688
27668,-0.006814
27669,-0.002517
27670,0.007752
27671,0.040640
27672,0.040567
27673,-0.017132
27674,-0.009412
27675,-0.010175
27676,-0.005247
27677,0.027330
27678,0.005026
27679,-0.034674
27680,-0.004276
27681,0.025056
27682,-0.015661
27683,0.032023
27684,0.015272
27685,0.024694
27686,0.053805
27687,0.029356
27688,-0.008665
27689,-0.030535
27690,-0.036817
27691,-0.030284
27692,-0.013113
27693,-0.068765
27694,-0.039406
27695,-0.018146
27696,-0.024188
27697,-0.025701
27698,0.003098
27699,0.057627
27700,0.022982
27701,-0.021441
27702,0.008852
27703,-0.010962
27704,0.016929
27705,-0.004702
27706,-0.016678
27707,0.042741
27708,0.065499
27709,0.038984
27710,0.067547
27711,0.001369
27712,-0.052388
27713,-0.056071
27714,-0.070870
27715,-0.060267
27716,0.003504
27717,0.039425
27718,-0.022393
27719,-0.011345
27720,-0.019979
27721,-0.046462
27722,0.011856
27723,0.037137
27724,0.063348
27725,0.060614
27726,0.000251
27727,-0.022230
27728,-0.052236
27729,-0.016048
27730,0.026419
27731,0.033200
27732,0.025356
27733,0.048763
27734,0.000220
27735,-0.028830
27736,-0.004240
27737,-0.005545
27738,-0.008441
27739,-0.014078
27740,-0.011506
27741,-0.051731
27742,-0.046588
27743,-0.058616
27744,-0.014454
27745,0.029378
27746,0.041640
27747,0.035416
27748,0.002548
27749,0.012796
27750,-0.029397
27751,-0.043709
27752,0.011362
27753,-0.010582
27754,0.005304
27755,0.021081
27756,0.028690
27757,-0.008426
27758,0.005524
27759,-0.002212
27760,0.030411
27761,0.080187
27762,0.062801
27763,0.007623
27764,-0.048476
27765,-0.059386
27766,-0.038538
27767,0.004360
27768,-0.039623
27769,-0.071824
27770,-0.057547
27771,-0.042556
27772,0.028951
27773,0.049840
27774,0.030151
27775,0.083678
27776,0.039623
27777,-0.007086
27778,0.029387
27779,-0.042953
27780,-0.041211
27781,-0.060237
27782,0.002556
27783,0.015425
27784,0.014987
27785,0.005625
27786,-0.038041
27787,-0.085612
27788,-0.038374
27789,0.047598
27790,0.051813
27791,0.056156
27792,0.039280
27793,-0.018030
27794,0.008681
27795,0.032306
27796,-0.004430
27797,-0.009744
27798,-0.057346
27799,-0.004330
27800,0.042453
27801,-0.037354
27802,-0.050332
27803,-0.011943
27804,-0.017547
27805,0.011463
27806,-0.019554
27807,-0.012211
27808,0.020927
27809,-0.024268
27810,0.031559
27811,0.075814
27812,0.045029
27813,0.043927
27814,-0.011663
27815,-0.063619
27816,-0.065013
27817,-0.046741
27818,0.006563
27819,0.038863
27820,0.008791
27821,-0.033122
27822,-0.037056
27823,-0.042003
27824,-0.017688
27825,0.051286
27826,0.097219
27827,0.034056
27828,0.043305
27829,0.030827
27830,-0.034487
27831,-0.088700
27832,-0.070267
27833,-0.031215
27834,0.036417
27835,0.065661
27836,0.033617
27837,0.006943
27838,0.035074
27839,0.018615
27840,0.012261
27841,-0.046818
27842,-0.042793
27843,-0.023242
27844,0.006349
27845,0.021238
27846,-0.029188
27847,-0.016271
27848,-0.017734
27849,0.005990
27850,0.049216
27851,0.055799
27852,0.033251
27853,-0.000253
27854,-0.039561
27855,-0.044278
27856,-0.086437
27857,-0.111886
27858,-0.049696
27859,-0.038911
27860,0.019419
27861,0.056533
27862,0.042085
27863,0.052148
27864,0.079013
27865,0.075698
27866,0.053608
27867,-0.022560
27868,-0.026378
27869,-0.038001
27870,-0.059316
27871,-0.035681
27872,-0.010332
27873,0.016881
27874,0.040665
27875,0.076265
27876,0.058047
27877,-0.005779
27878,-0.010512
27879,-0.030950
27880,-0.027560
27881,-0.006991
27882,0.007255
27883,0.012715
27884,-0.039070
27885,-0.037490
27886,-0.042605
27887,-0.017326
27888,0.029191
27889,-0.013892
27890,0.011395
27891,0.045676
27892,0.018109
27893,0.031982
27894,-0.007231
27895,0.008439
27896,-0.000376
27897,0.021538
27898,-0.000686
27899,-0.020327
27900,-0.027830
27901,-0.049976
27902,-0.020081
27903,0.020040
27904,0.010758
27905,0.003497
27906,-0.030703
27907,-0.006368
27908,0.005481
27909,-0.046442
27910,-0.013999
27911,0.051083
27912,0.046112
27913,0.075341
27914,0.072874
27915,0.029145
27916,0.004954
27917,-0.062369
27918,-0.049184
27919,-0.044875
27920,-0.109796
27921,-0.075849
27922,-0.049264
27923,0.019402
27924,0.079786
27925,0.056335
27926,0.061960
27927,0.051026
27928,-0.026736
27929,-0.086641
27930,-0.055515
27931,-0.026205
27932,0.007163
27933,0.053464
27934,0.070411
27935,0.002960
27936,-0.012517
27937,-0.015270
27938,-0.038402
27939,-0.017892
27940,0.013994
27941,0.023150
27942,0.022627
27943,-0.050449
27944,-0.060054
27945,-0.054403
27946,0.031523
27947,0.076729
27948,0.115029
27949,0.090391
27950,0.008710
27951,-0.029136
27952,-0.009693
27953,0.000172
27954,0.015876
27955,-0.052724
27956,0.031283
27957,0.042557
27958,-0.009357
27959,-0.019062
27960,-0.028917
27961,-0.072549
27962,-0.048760
27963,-0.014489
27964,-0.019512
27965,-0.057013
27966,-0.050969
27967,0.000937
27968,0.057675
27969,0.055290
27970,0.013210
27971,0.037111
27972,0.088487
27973,0.085371
27974,0.030759
27975,-0.005272
27976,-0.113418
27977,-0.073356
27978,-0.019603
27979,-0.049023
27980,-0.040017
27981,-0.018332
27982,-0.028984
27983,-0.005670
27984,0.052245
27985,0.116485
27986,0.053658
27987,0.037461
27988,-0.016317
27989,-0.042527
27990,-0.047916
27991,-0.023911
27992,0.024910
27993,0.036987
27994,0.036962
27995,-0.010160
27996,-0.023603
27997,-0.021217
27998,-0.030577
27999,-0.032186
28000,0.005007
28001,0.056685
28002,0.067830
28003,0.056444
28004,0.011975
28005,-0.070255
28006,-0.079213
28007,-0.089199
28008,-0.033064
28009,0.045851
28010,0.053340
28011,0.040627
28012,0.030573
28013,0.007835
28014,0.003926
28015,-0.020800
28016,-0.020257
28017,-0.010506
28018,-0.072889
28019,-0.042529
28020,0.019404
28021,0.036434
28022,0.063314
28023,0.054711
28024,0.052562
28025,0.018205
28026,-0.007402
28027,-0.066425
28028,-0.084684
28029,-0.034652
28030,-0.047792
28031,0.023053
28032,0.014798
28033,-0.003668
28034,-0.000471
28035,0.039568
28036,0.067214
28037,0.079754
28038,0.022799
28039,-0.071825
28040,-0.050649
28041,0.015487
28042,0.009366
28043,0.001250
28044,-0.014517
28045,0.013605
28046,0.018011
28047,-0.011600
28048,-0.014363
28049,-0.041942
28050,-0.007156
28051,-0.040185
28052,0.029745
28053,0.003744
28054,0.027836
28055,0.043975
28056,0.012202
28057,0.018252
28058,0.033752
28059,0.002722
28060,-0.026898
28061,-0.034946
28062,-0.029826
28063,-0.031408
28064,0.027264
28065,-0.015768
28066,-0.008583
28067,0.027872
28068,-0.003157
28069,-0.016127
28070,0.027508
28071,0.042291
28072,0.042177
28073,-0.025956
28074,-0.090510
28075,-0.049839
28076,-0.098594
28077,-0.042253
28078,0.050940
28079,0.060277
28080,0.050631
28081,0.005116
28082,0.033607
28083,0.023728
28084,0.031660
28085,0.048477
28086,0.004639
28087,-0.044898
28088,-0.043494
28089,-0.046619
28090,-0.039332
28091,-0.008091
28092,-0.023990
28093,-0.014632
28094,-0.028851
28095,0.007267
28096,0.084759
28097,0.060596
28098,0.021795
28099,-0.020353
28100,-0.036601
28101,-0.017542
28102,-0.012697
28103,0.012111
28104,-0.002905
28105,-0.041626
28106,0.006207
28107,0.084054
28108,0.031114
28109,-0.037492
28110,-0.071877
28111,-0.043365
28112,-0.020409
28113,0.006023
28114,0.015061
28115,-0.006094
28116,0.086138
28117,0.087012
28118,0.028858
28119,-0.038715
28120,-0.048224
28121,-0.047786
28122,-0.010225
28123,-0.047264
28124,-0.007553
28125,0.074562
28126,0.059509
28127,0.046192
28128,0.001329
28129,0.007654
28130,-0.004525
28131,-0.070879
28132,-0.078029
28133,-0.028070
28134,-0.032889
28135,0.027062
28136,0.025432
28137,0.021110
28138,0.022917
28139,-0.001816
28140,-0.017357
28141,-0.003522
28142,0.012887
28143,0.053803
28144,0.041042
28145,-0.017885
28146,-0.022859
28147,-0.103828
28148,-0.081767
28149,-0.031320
28150,-0.054083
28151,0.040485
28152,0.089612
28153,0.066478
28154,0.035612
28155,-0.035777
28156,-0.037449
28157,-0.009364
28158,-0.007777
28159,0.014383
28160,0.031068
28161,0.021855
28162,0.033567
28163,0.002916
28164,-0.026305
28165,-0.004317
28166,0.008839
28167,-0.033959
28168,-0.024450
28169,-0.046716
28170,-0.061427
28171,-0.060116
28172,-0.017407
28173,-0.003986
28174,0.062465
28175,0.099272
28176,0.059094
28177,0.041046
28178,-0.000027
28179,-0.001626
28180,-0.026741
28181,-0.041615
28182,-0.026834
28183,0.022028
28184,0.035155
28185,-0.012686
28186,-0.031946
28187,0.046416
28188,0.074736
28189,0.071008
28190,0.022771
28191,-0.027041
28192,-0.057558
28193,-0.090446
28194,-0.091748
28195,-0.074259
28196,-0.075390
28197,-0.054047
28198,-0.032703
28199,0.002909
28200,0.080991
28201,0.094426
28202,0.108947
28203,0.055148
28204,0.035266
28205,0.029836
28206,-0.027725
28207,-0.064168
28208,-0.014665
28209,-0.018051
28210,-0.040324
28211,-0.052498
28212,-0.059579
28213,-0.023475
28214,-0.035667
28215,-0.016236
28216,0.028760
28217,0.053326
28218,0.111902
28219,0.106851
28220,0.093305
28221,0.067049
28222,-0.035608
28223,-0.065261
28224,-0.101919
28225,-0.128474
28226,-0.071578
28227,-0.018960
28228,0.029503
28229,0.046848
28230,0.085499
28231,0.046065
28232,0.025949
28233,-0.051239
28234,-0.081711
28235,-0.025393
28236,-0.033361
28237,-0.030854
28238,-0.016603
28239,-0.016451
28240,0.025104
28241,0.035760
28242,0.062099
28243,0.056185
28244,0.011636
28245,0.011957
28246,-0.055340
28247,-0.046968
28248,-0.038790
28249,-0.067644
28250,-0.048238
28251,-0.030156
28252,-0.008552
28253,-0.033457
28254,0.020266
28255,0.053745
28256,0.066839
28257,0.052442
28258,0.006900
28259,0.000247
28260,-0.085410
28261,-0.063336
28262,-0.013351
28263,-0.007799
28264,0.033551
28265,0.011206
28266,0.012987
28267,0.026254
28268,0.010568
28269,0.037230
28270,0.035091
28271,0.074672
28272,-0.006161
28273,-0.049148
28274,-0.064239
28275,-0.093101
28276,-0.088080
28277,-0.021634
28278,0.014452
28279,0.063861
28280,0.040762
28281,0.027568
28282,0.032930
28283,-0.034245
28284,-0.046949
28285,0.035099
28286,0.060388
28287,0.051210
28288,0.058930
28289,0.027971
28290,-0.000944
28291,-0.041832
28292,-0.030863
28293,-0.029291
28294,-0.047401
28295,56.789833
28296,259.279510
28297,0.811935
28298,1281.354492
28299,32.814754
28300,-73.767509
28301,-3.292092
28302,63.420067
28303,89.715218
28304,78.858864
28305,53.026222
28306,8.138064
28307,-32.008121
28308,-50.409885
28309,-60.773251
28310,-58.921341
28311,-34.926399
28312,-4.397636
28313,17.776711
28314,38.846478
28315,31.404968
28316,26.247370
28317,-0.055032
28318,16.235811
28319,27.471619
28320,-2.183683
28321,-30.036741
28322,-30.325005
28323,-28.451550
28324,-27.748426
28325,-1.116901
28326,37.756931
28327,40.125229
28328,34.421322
28329,15.051192
28330,-8.016053
28331,-20.898350
28332,-23.403313
28333,-27.027285
28334,-1.811299
28335,6.732792
28336,5.359692
28337,15.749522
28338,-1.726844
28339,-28.435034
28340,-34.039360
28341,-25.878983
28342,6.788460
28343,31.972509
28344,27.961468
28345,21.360575
28346,8.560413
28347,-3.761621
28348,-10.545972
28349,-0.024886
28350,-0.024716
28351,-0.000537
28352,0.004732
28353,-0.011847
28354,0.021009
28355,0.009435
28356,0.022398
28357,0.061813
28358,0.010688
28359,-0.040780
28360,-0.065375
28361,-0.073739
28362,-0.075368
28363,-0.071003
28364,-0.067872
28365,0.006298
28366,0.037496
28367,0.050220
28368,0.088522
28369,0.144179
28370,0.140177
28371,0.017456
28372,-0.004907
28373,0.011647
28374,-0.066770
28375,-0.105798
28376,-0.054864
28377,0.002368
28378,0.046157
28379,0.059009
28380,0.025199
28381,-0.003535
28382,-0.070039
28383,-0.084256
28384,-0.083073
28385,-0.042276
28386,0.030927
28387,0.072944
28388,0.067207
28389,0.014326
28390,0.041973
28391,0.027626
28392,-0.012605
28393,-0.019550
28394,-0.052257
28395,-0.067425
28396,-0.038256
28397,-0.018001
28398,-0.020474
28399,-0.040424
28400,0.003792
28401,0.061634
28402,0.045497
28403,0.080651
28404,0.070740
28405,-0.011001
28406,-0.016701
28407,0.008917
28408,-0.035014
28409,-0.075919
28410,-0.069498
28411,-0.022122
28412,0.003196
28413,0.036205
28414,0.050239
28415,0.026102
28416,0.042954
28417,0.119583
28418,0.052408
28419,0.034335
28420,-0.003200
28421,-0.088373
28422,-0.084639
28423,-0.062576
28424,-0.025893
28425,0.009657
28426,-0.000867
28427,-0.021583
28428,-0.052674
28429,0.001564
28430,0.034127
28431,0.078936
28432,0.101638
28433,0.014364
28434,-0.018782
28435,-0.017936
28436,-0.019278
28437,-0.044573
28438,-0.065234
28439,-0.041596
28440,-0.044364
28441,-0.046840
28442,-0.036228
28443,0.000112
28444,0.015961
28445,0.006053
28446,0.070761
28447,0.057850
28448,0.016613
28449,-0.062010
28450,-0.065317
28451,-0.007004
28452,0.033188
28453,0.055795
28454,0.054580
28455,0.031956
28456,0.052486
28457,0.039203
28458,0.005149
28459,0.011783
28460,-0.010992
28461,-0.039546
28462,-0.039100
28463,-0.056234
28464,-0.028097
28465,-0.055389
28466,-0.039516
28467,0.017590
28468,0.051953
28469,0.075053
28470,0.020146
28471,-0.031369
28472,-0.020367
28473,-0.020687
28474,-0.008653
28475,-0.002736
28476,-0.018756
28477,-0.021046
28478,-0.074933
28479,-0.034493
28480,0.066255
28481,0.069503
28482,0.095888
28483,0.102805
28484,0.027662
28485,-0.043319
28486,-0.071995
28487,-0.066797
28488,-0.036942
28489,-0.047959
28490,0.007651
28491,0.051925
28492,0.025777
28493,0.039858
28494,0.008390
28495,-0.001929
28496,0.004554
28497,-0.028088
28498,-0.008867
28499,0.008494
28500,0.010289
28501,-0.020618
28502,-0.036180
28503,-0.053045
28504,-0.093329
28505,-0.069987
28506,0.012323
28507,0.094563
28508,0.092753
28509,0.046019
28510,0.056174
28511,0.000702
28512,-0.029669
28513,-0.038806
28514,-0.102372
28515,-0.016275
28516,0.066049
28517,0.065301
28518,-0.003758
28519,-0.001369
28520,0.008641
28521,-0.043582
28522,-0.002259
28523,-0.038256
28524,-0.038205
28525,-0.009935
28526,-0.043551
28527,-0.037757
28528,-0.013297
28529,0.015537
28530,0.042025
28531,0.023631
28532,0.031404
28533,0.056237
28534,0.077338
28535,0.077456
28536,0.053000
28537,-0.020733
28538,-0.094433
28539,-0.071167
28540,-0.060561
28541,-0.020070
28542,0.039151
28543,0.024888
28544,0.031637
28545,0.040412
28546,0.006625
28547,-0.027473
28548,-0.032989
28549,-0.045459
28550,-0.070528
28551,-0.079659
28552,0.009641
28553,0.054258
28554,0.093421
28555,0.018685
28556,-0.029504
28557,0.036240
28558,0.016235
28559,0.005236
28560,-0.006756
28561,-0.032247
28562,-0.033851
28563,0.025853
28564,0.026911
28565,0.019499
28566,0.009749
28567,-0.007830
28568,-0.045595
28569,-0.040575
28570,-0.024651
28571,-0.049068
28572,-0.007107
28573,0.043724
28574,0.084427
28575,0.050828
28576,-0.007879
28577,-0.033361
28578,-0.046183
28579,0.005777
28580,0.025420
28581,0.038494
28582,-0.023938
28583,-0.067308
28584,-0.021451
28585,0.000479
28586,0.011323
28587,-0.033221
28588,-0.057008
28589,0.009113
28590,0.042027
28591,0.042815
28592,0.037562
28593,0.081652
28594,0.068597
28595,0.028417
28596,0.008554
28597,-0.005595
28598,-0.062280
28599,-0.089142
28600,-0.113533
28601,-0.116931
28602,-0.036723
28603,0.046955
28604,0.105081
28605,0.058189
28606,0.034454
28607,0.038583
28608,0.036856
28609,0.007087
28610,-0.010816
28611,-0.012322
28612,-0.028317
28613,-0.040888
28614,-0.053442
28615,-0.055125
28616,-0.053465
28617,-0.020236
28618,-0.011203
28619,0.039729
28620,0.084114
28621,0.067199
28622,0.078303
28623,0.017647
28624,-0.082271
28625,-0.075254
28626,-0.106155
28627,-0.012229
28628,0.077551
28629,0.064622
28630,0.080783
28631,0.077497
28632,-0.004206
28633,0.003993
28634,-0.014106
28635,-0.080161
28636,-0.051199
28637,-0.008795
28638,0.045691
28639,0.020087
28640,0.026844
28641,0.034814
28642,-0.006195
28643,-0.107217
28644,-0.062339
28645,-0.044607
28646,-0.052912
28647,-0.030084
28648,0.010552
28649,0.075087
28650,0.052157
28651,-0.006768
28652,0.020526
28653,0.022355
28654,0.059880
28655,0.032952
28656,0.008464
28657,-0.013725
28658,-0.059162
28659,-0.052755
28660,-0.045345
28661,-0.000085
28662,-0.012069
28663,-0.025789
28664,0.006685
28665,0.062763
28666,0.111332
28667,0.098427
28668,0.067801
28669,0.024594
28670,-0.047179
28671,-0.077368
28672,-0.060396
28673,-0.095975
28674,-0.119137
28675,-0.001013
28676,0.018788
28677,0.035630
28678,0.007597
28679,0.018489
28680,0.017048
28681,0.043614
28682,0.060656
28683,0.063306
28684,0.071722
28685,0.017412
28686,-0.027803
28687,-0.023930
28688,-0.043180
28689,-0.083217
28690,-0.064141
28691,-0.081046
28692,-0.065853
28693,-0.014928
28694,-0.018374
28695,0.001892
28696,0.045053
28697,0.073931
28698,0.023538
28699,0.003405
28700,0.057115
28701,0.070677
28702,-0.012608
28703,-0.020939
28704,-0.062631
28705,-0.054568
28706,-0.011271
28707,0.010219
28708,0.023745
28709,0.032927
28710,-0.000836
28711,0.021748
28712,0.046312
28713,0.055249
28714,0.035212
28715,0.020656
28716,0.023438
28717,-0.013545
28718,-0.038598
28719,-0.008361
28720,-0.053481
28721,-0.092526
28722,-0.032932
28723,-0.038109
28724,-0.014579
28725,0.034500
28726,0.017790
28727,0.029413
28728,0.081416
28729,0.070263
28730,0.033008
28731,-0.018187
28732,-0.081151
28733,-0.070711
28734,-0.027607
28735,-0.010054
28736,0.001459
28737,0.004750
28738,0.001432
28739,-0.012569
28740,-0.014846
28741,-0.007711
28742,-0.034515
28743,-0.013307
28744,0.032240
28745,0.022390
28746,0.002567
28747,0.014286
28748,0.000148
28749,0.045728
28750,0.001621
28751,0.008291
28752,0.020768
28753,-0.014886
28754,0.009300
28755,0.006030
28756,-0.015921
28757,0.013896
28758,0.010242
28759,0.015911
28760,0.014541
28761,-0.014667
28762,-0.017646
28763,0.013796
28764,0.012181
28765,-0.008588
28766,0.017992
28767,-0.058186
28768,-0.041607
28769,-0.003530
28770,-0.017275
28771,-0.012504
28772,-0.014007
28773,-0.006052
28774,-0.003223
28775,0.013107
28776,0.009076
28777,0.024036
28778,0.038258
28779,-0.000763
28780,0.010460
28781,0.001830
28782,-0.030137
28783,0.010979
28784,0.030972
28785,0.037469
28786,0.016582
28787,-0.044342
28788,-0.036318
28789,-0.029722
28790,-0.013202
28791,0.010459
28792,-0.017380
28793,-0.011571
28794,-0.031910
28795,-0.010605
28796,0.003838
28797,-0.025933
28798,-0.032928
28799,0.052309
28800,-0.008787
28801,-0.007861
28802,0.015892
28803,0.028842
28804,0.003574
28805,-0.000703
28806,0.016047
28807,-0.021925
28808,0.053676
28809,0.063958
28810,0.001991
28811,-0.023175
28812,-0.076900
28813,-0.057339
28814,-0.028444
28815,-0.014448
28816,-0.040243
28817,-0.035431
28818,-0.002917
28819,0.026052
28820,0.004813
28821,0.017530
28822,0.066100
28823,0.009764
28824,0.018907
28825,-0.010801
28826,0.012565
28827,0.049544
28828,0.064862
28829,0.042506
28830,-0.024523
28831,-0.071391
28832,-0.053543
28833,-0.038102
28834,-0.072635
28835,-0.058629
28836,-0.003798
28837,0.031705
28838,0.038236
28839,0.015083
28840,0.022929
28841,0.034709
28842,0.007595
28843,0.016832
28844,0.039201
28845,0.061874
28846,0.032701
28847,-0.024263
28848,-0.072747
28849,0.005545
28850,0.033443
28851,0.009749
28852,0.017149
28853,-0.026094
28854,-0.036923
28855,-0.049794
28856,-0.079683
28857,-0.048049
28858,-0.035689
28859,0.020942
28860,0.053788
28861,0.072487
28862,0.013256
28863,-0.006377
28864,-0.032576
28865,-0.022472
28866,-0.004083
28867,-0.039587
28868,0.002637
28869,0.060202
28870,0.049424
28871,0.009713
28872,-0.000290
28873,0.018180
28874,0.027910
28875,0.006322
28876,-0.022223
28877,0.007372
28878,-0.000036
28879,0.014100
28880,0.032417
28881,0.002390
28882,-0.079661
28883,-0.076086
28884,-0.072652
28885,-0.000039
28886,0.049833
28887,0.079556
28888,0.029074
28889,-0.014141
28890,-0.031725
28891,-0.000490
28892,0.042816
28893,0.023376
28894,0.000635
28895,0.034340
28896,0.057054
28897,0.005066
28898,-0.018279
28899,-0.010604
28900,-0.047728
28901,-0.036299
28902,-0.005255
28903,-0.021719
28904,0.002791
28905,-0.015502
28906,-0.010208
28907,-0.006367
28908,-0.013067
28909,-0.037194
28910,-0.010345
28911,0.004943
28912,0.042750
28913,0.037942
28914,-0.025274
28915,-0.000472
28916,0.037365
28917,0.062850
28918,0.066850
28919,0.018888
28920,-0.040055
28921,-0.136409
28922,-0.099068
28923,-0.085668
28924,-0.050891
28925,0.079224
28926,0.107971
28927,0.086518
28928,0.052388
28929,-0.006250
28930,-0.019638
28931,-0.003346
28932,0.038290
28933,0.040993
28934,-0.015115
28935,-0.046580
28936,-0.044932
28937,-0.051679
28938,-0.047399
28939,-0.038933
28940,-0.002195
28941,0.007499
28942,-0.019500
28943,0.026144
28944,0.064295
28945,0.035214
28946,-0.004470
28947,-0.026210
28948,0.023647
28949,0.029127
28950,0.031553
28951,0.034818
28952,-0.003430
28953,-0.043510
28954,0.008883
28955,0.003107
28956,-0.003216
28957,-0.020095
28958,-0.027954
28959,0.040859
28960,0.031910
28961,0.015373
28962,0.005511
28963,-0.059511
28964,-0.054857
28965,-0.067050
28966,-0.048001
28967,-0.012849
28968,-0.019895
28969,-0.010424
28970,0.004751
28971,0.011440
28972,-0.008403
28973,0.057097
28974,0.056544
28975,0.032637
28976,0.065640
28977,0.015102
28978,-0.027880
28979,-0.010662
28980,-0.022109
28981,0.005910
28982,-0.049593
28983,-0.073581
28984,-0.015001
28985,0.010163
28986,0.036606
28987,0.031914
28988,0.022298
28989,0.007980
28990,0.002338
28991,0.033779
28992,0.000232
28993,-0.034432
28994,-0.020278
28995,-0.035314
28996,-0.011432
28997,0.029280
28998,0.017941
28999,-0.009790
29000,-0.058025
29001,-0.032050
29002,-0.030099
29003,-0.027476
29004,0.010223
29005,-0.010447
29006,-0.034803
29007,0.055508
29008,0.072020
29009,0.092957
29010,0.086273
29011,0.030601
29012,-0.057371
29013,-0.076972
29014,-0.104476
29015,-0.122805
29016,-0.062357
29017,0.016363
29018,0.029937
29019,0.039024
29020,0.077054
29021,0.089778
29022,0.092922
29023,0.020637
29024,-0.033833
29025,-0.047831
29026,-0.080558
29027,-0.009104
29028,-0.012054
29029,-0.039742
29030,-0.059517
29031,-0.050246
29032,0.003019
29033,0.038644
29034,0.053404
29035,0.025300
29036,0.025778
29037,0.027227
29038,-0.031553
29039,-0.014522
29040,0.027418
29041,-0.009205
29042,-0.050114
29043,-0.064869
29044,-0.057966
29045,-0.016933
29046,0.033577
29047,-0.003463
29048,0.059678
29049,0.080352
29050,0.059589
29051,0.063026
29052,0.014963
29053,-0.040650
29054,-0.011979
29055,-0.021604
29056,-0.041346
29057,-0.036432
29058,-0.037819
29059,0.007426
29060,0.030280
29061,-0.031790
29062,-0.059772
29063,-0.007714
29064,0.033158
29065,0.031747
29066,0.068231
29067,0.029195
29068,-0.001916
29069,0.008040
29070,-0.043236
29071,-0.053885
29072,0.015551
29073,0.035476
29074,-0.042342
29075,-0.057958
29076,-0.070959
29077,-0.051906
29078,-0.026501
29079,-0.007184
29080,0.061700
29081,0.093312
29082,0.042570
29083,-0.000212
29084,-0.063828
29085,-0.027924
29086,-0.016501
29087,0.031790
29088,0.082119
29089,0.094406
29090,0.022108
29091,-0.012896
29092,-0.031374
29093,-0.033189
29094,-0.012299
29095,0.022153
29096,0.013493
29097,-0.011005
29098,-0.033682
29099,0.060238
29100,0.023531
29101,-0.019995
29102,0.004832
29103,0.032867
29104,0.021831
29105,-0.001620
29106,0.002054
29107,-0.046182
29108,-0.035176
29109,0.013854
29110,-0.038273
29111,-0.046902
29112,-0.066191
29113,-0.074108
29114,0.002496
29115,0.026564
29116,0.073624
29117,0.087172
29118,0.020856
29119,-0.027578
29120,-0.034405
29121,0.003335
29122,0.027225
29123,0.066611
29124,0.034200
29125,-0.061009
29126,-0.099934
29127,-0.084708
29128,0.012496
29129,0.036423
29130,0.052860
29131,0.047749
29132,0.021284
29133,0.017790
29134,-0.028422
29135,-0.097770
29136,-0.053780
29137,-0.094728
29138,-0.061567
29139,-0.013446
29140,0.048777
29141,0.147014
29142,0.133906
29143,0.106317
29144,0.060019
29145,-0.024781
29146,-0.086069
29147,-0.092444
29148,-0.040797
29149,-0.032427
29150,0.003818
29151,-0.013323
29152,-0.002738
29153,0.021847
29154,0.030472
29155,0.092225
29156,0.042571
29157,-0.001518
29158,-0.061574
29159,-0.070554
29160,-0.086658
29161,-0.094671
29162,-0.024791
29163,0.018349
29164,0.066855
29165,0.069116
29166,0.021296
29167,-0.040495
29168,-0.021841
29169,0.003070
29170,-0.018226
29171,0.076443
29172,0.097947
29173,0.030536
29174,0.013903
29175,0.030027
29176,0.017789
29177,-0.019963
29178,-0.006361
29179,-0.011784
29180,-0.046898
29181,-0.074930
29182,-0.076282
29183,0.020029
29184,0.008961
29185,0.005461
29186,0.022197
29187,-0.014106
29188,-0.008143
29189,-0.028091
29190,-0.016309
29191,-0.004305
29192,0.045311
29193,0.018862
29194,0.022701
29195,-0.029250
29196,-0.077158
29197,-0.073696
29198,-0.025519
29199,0.013316
29200,0.033881
29201,0.098028
29202,0.080157
29203,0.089849
29204,0.042473
29205,-0.011505
29206,-0.041945
29207,-0.002614
29208,0.004839
29209,0.016756
29210,-0.020780
29211,-0.063781
29212,-0.070742
29213,-0.052354
29214,0.003640
29215,-0.017560
29216,0.028942
29217,0.025482
29218,-0.020396
29219,-0.024410
29220,-0.055508
29221,-0.056101
29222,0.021112
29223,0.051405
29224,0.055207
29225,0.025199
29226,0.041930
29227,0.024006
29228,0.009881
29229,-0.019016
29230,0.007313
29231,-0.040956
29232,-0.024622
29233,-0.042251
29234,-0.003026
29235,0.008472
29236,-0.023836
29237,-0.010797
29238,0.000860
29239,0.059736
29240,0.115000
29241,0.054460
29242,-0.032742
29243,-0.033425
29244,-0.038676
29245,-0.026074
29246,-0.026937
29247,-0.074546
29248,-0.011259
29249,-0.012860
29250,-0.007673
29251,0.024546
29252,0.003180
29253,0.020944
29254,0.006436
29255,0.053073
29256,0.136919
29257,0.128614
29258,0.051266
29259,-0.036581
29260,-0.092334
29261,-0.043595
29262,-0.069963
29263,-0.093248
29264,-0.118653
29265,-0.080494
29266,-0.025588
29267,-0.063565
29268,-0.005901
29269,0.081908
29270,0.141033
29271,0.155661
29272,0.090027
29273,0.029628
29274,-0.001529
29275,-0.051772
29276,-0.079007
29277,-0.068197
29278,-0.055785
29279,-0.038428
29280,0.007456
29281,0.028353
29282,0.022082
29283,0.061625
29284,0.067577
29285,0.009835
29286,-0.006928
29287,0.011664
29288,-0.009484
29289,-0.021077
29290,-0.026486
29291,-0.061683
29292,-0.074807
29293,-0.021900
29294,-0.003403
29295,-0.010103
29296,0.061645
29297,0.063239
29298,0.044802
29299,0.021002
29300,-0.027840
29301,0.006826
29302,0.005495
29303,-0.006404
29304,-0.011672
29305,-0.040312
29306,-0.057274
29307,-0.080167
29308,-0.050603
29309,0.018559
29310,0.060107
29311,0.036142
29312,0.103503
29313,0.051036
29314,0.040654
29315,-0.009335
29316,-0.047360
29317,-0.015619
29318,-0.033029
29319,0.000369
29320,-0.025567
29321,-0.025534
29322,-0.019728
29323,-0.033050
29324,-0.024687
29325,0.034223
29326,0.049465
29327,0.077859
29328,0.048184
29329,0.028459
29330,0.011601
29331,-0.026741
29332,-0.058373
29333,-0.070075
29334,-0.047286
29335,-0.012255
29336,0.020748
29337,0.038822
29338,0.038127
29339,0.006482
29340,-0.010254
29341,-0.000514
29342,-0.008808
29343,-0.014960
29344,0.019659
29345,-0.025852
29346,-0.041914
29347,-0.027807
29348,-0.015497
29349,-0.007979
29350,-0.032818
29351,-0.012597
29352,0.042630
29353,0.008644
29354,-0.000183
29355,0.007364
29356,0.022296
29357,0.064116
29358,0.041742
29359,0.056398
29360,0.065737
29361,0.027459
29362,-0.052219
29363,-0.086705
29364,-0.081789
29365,-0.056066
29366,-0.066644
29367,-0.042115
29368,0.007133
29369,0.057321
29370,0.035848
29371,0.022910
29372,0.046090
29373,0.012881
29374,-0.009136
29375,0.015050
29376,0.005969
29377,-0.030894
29378,-0.014941
29379,0.034945
29380,0.004415
29381,0.032267
29382,0.023647
29383,-0.002590
29384,-0.064112
29385,-0.148468
29386,-0.099998
29387,0.020588
29388,0.039059
29389,0.072163
29390,0.054832
29391,0.021161
29392,0.058069
29393,0.047006
29394,0.020788
29395,-0.011065
29396,-0.017277
29397,-0.046628
29398,0.018274
29399,-0.003132
29400,-0.030294
29401,-0.023717
29402,-0.018469
29403,-0.086610
29404,-0.071006
29405,-0.039183
29406,0.002991
29407,0.070144
29408,0.067002
29409,0.081044
29410,0.071964
29411,0.003997
29412,-0.004679
29413,0.030338
29414,0.034131
29415,-0.017931
29416,-0.090802
29417,-0.127727
29418,-0.097081
29419,-0.055977
29420,-0.031756
29421,0.018241
29422,0.030923
29423,0.047008
29424,0.073656
29425,0.146234
29426,0.106018
29427,0.046007
29428,0.007429
29429,0.012312
29430,-0.058863
29431,-0.106032
29432,-0.070509
29433,-0.028964
29434,-0.013220
29435,-0.035343
29436,-0.024058
29437,0.023674
29438,0.040039
29439,0.027473
29440,-0.009875
29441,-0.011598
29442,0.011745
29443,0.031400
29444,0.005869
29445,-0.054433
29446,-0.070995
29447,-0.042638
29448,-0.012695
29449,-0.017236
29450,0.067586
29451,0.070999
29452,0.021203
29453,0.067188
29454,0.020260
29455,-0.030879
29456,-0.011346
29457,0.020659
29458,0.029372
29459,-0.016754
29460,-0.037162
29461,-0.060475
29462,-0.041297
29463,-0.036625
29464,-0.014667
29465,0.001534
29466,0.019199
29467,0.032684
29468,0.016929
29469,-0.035202
29470,-0.054226
29471,-0.051142
29472,-0.004079
29473,0.052076
29474,0.060702
29475,0.035942
29476,0.073082
29477,0.019572
29478,-0.039085
29479,-0.021957
29480,-0.016283
29481,-0.006274
29482,-0.012550
29483,-0.039756
29484,-0.008182
29485,-0.010140
29486,-0.027433
29487,-0.014855
29488,-0.012334
29489,0.026070
29490,0.076688
29491,0.019419
29492,-0.045084
29493,-0.089886
29494,-0.031434
29495,0.014658
29496,0.004857
29497,0.039097
29498,0.066279
29499,0.027552
29500,0.079440
29501,0.143082
29502,0.094728
29503,-0.005014
29504,-0.054627
29505,-0.098649
29506,-0.074507
29507,-0.042290
29508,-0.009248
29509,0.004638
29510,-0.000825
29511,0.010198
29512,0.008538
29513,0.034746
29514,0.026255
29515,0.072934
29516,0.047614
29517,0.013548
29518,-0.022159
29519,-0.040045
29520,-0.051573
29521,-0.050677
29522,-0.094730
29523,-0.037068
29524,-0.002867
29525,-0.009203
29526,0.014054
29527,0.069151
29528,0.096224
29529,0.064881
29530,0.001907
29531,-0.030191
29532,-0.057825
29533,-0.027328
29534,-0.011442
29535,0.014347
29536,-0.004105
29537,0.035529
29538,0.071993
29539,0.061475
29540,0.005508
29541,-0.080978
29542,-0.040597
29543,0.007694
29544,-0.026842
29545,-0.050468
29546,-0.065699
29547,-0.026950
29548,0.020308
29549,0.044871
29550,0.013314
29551,0.015946
29552,-0.013011
29553,-0.022550
29554,-0.003930
29555,0.025703
29556,0.031741
29557,-0.044926
29558,-0.014697
29559,-0.008600
29560,-0.002774
29561,0.034549
29562,0.035193
29563,0.017688
29564,-0.019644
29565,-0.013476
29566,-0.021224
29567,-0.031431
29568,-0.048136
29569,-0.006662
29570,0.039613
29571,0.080914
29572,0.093908
29573,0.008263
29574,-0.017996
29575,-0.053163
29576,-0.058694
29577,-0.025653
29578,-0.016051
29579,0.014059
29580,0.012847
29581,0.014471
29582,0.018962
29583,-0.009244
29584,0.023272
29585,0.020580
29586,-0.028736
29587,-0.005939
29588,-0.005360
29589,-0.015029
29590,0.005812
29591,-0.043518
29592,-0.033788
29593,-0.036377
29594,-0.071207
29595,-0.010042
29596,0.076812
29597,0.141303
29598,0.088180
29599,0.077486
29600,0.077486
29601,0.077486
29602,0.077486
29603,0.077486
29604,0.077486
29605,0.077486
29606,0.077486
29607,0.077486
29608,0.077486
29609,0.077486
29610,0.077486
29611,0.077486
29612,0.077486
29613,0.077486
29614,0.077486
29615,0.077486
29616,0.077486
29617,0.077486
29618,0.077486
29619,0.077486
29620,0.077486
29621,0.077486
29622,0.077486
29623,0.077486
29624,0.077486
29625,0.077486
29626,0.077486
29627,0.077486
29628,0.077486
29629,0.077486
29630,0.077486
29631,0.077486
29632,0.077486
29633,0.077486
29634,0.077486
29635,0.077486
29636,0.077486
29637,0.077486
29638,0.077486
29639,0.077486
29640,0.077486
29641,0.077486
29642,0.077486
29643,0.077486
29644,0.077486
29645,0.077486
29646,0.077486
29647,0.077486
29648,0.077486
29649,0.077486
29650,0.077486
29651,0.077486
29652,0.077486
29653,0.077486
29654,0.077486
29655,0.077486
29656,0.077486
29657,0.077486
29658,0.077486
29659,0.077486
29660,0.077486
29661,0.077486
29662,0.077486
29663,0.077486
29664,0.077486
29665,0.077486
29666,0.077486
29667,0.077486
29668,0.077486
29669,0.077486
29670,0.077486
29671,0.077486
29672,0.077486
29673,0.077486
29674,0.077486
29675,0.077486
29676,0.077486
29677,0.077486
29678,0.077486
29679,0.077486
29680,0.077486
29681,0.077486
29682,0.077486
29683,0.077486
29684,0.077486
29685,0.077486
29686,0.077486
29687,0.077486
29688,0.077486
29689,0.077486
29690,0.077486
29691,0.077486
29692,0.077486
29693,0.077486
29694,0.077486
29695,0.077486
29696,0.077486
29697,0.077486
29698,0.077486
29699,0.077486
29700,0.077486
29701,0.077486
29702,0.077486
29703,0.077486
29704,0.077486
29705,0.077486
29706,0.077486
29707,0.077486
29708,0.077486
29709,0.077486
29710,0.077486
29711,0.077486
29712,0.077486
29713,0.077486
29714,0.077486
29715,0.077486
29716,0.077486
29717,0.077486
29718,0.077486
29719,0.077486
29720,0.077486
29721,0.077486
29722,0.077486
29723,0.077486
29724,0.077486
29725,0.077486
29726,0.077486
29727,0.077486
29728,0.077486
29729,0.077486
29730,0.077486
29731,0.077486
29732,0.077486
29733,0.077486
29734,0.077486
29735,0.077486
29736,0.077486
29737,0.077486
29738,0.077486
29739,0.077486
29740,0.077486
29741,0.077486
29742,0.077486
29743,0.077486
29744,0.077486
29745,0.077486
29746,0.077486
29747,0.077486
29748,0.077486
29749,0.077486
29750,0.077486
29751,0.077486
29752,0.077486
29753,0.077486
29754,0.077486
29755,0.077486
29756,0.077486
29757,0.077486
29758,0.077486
29759,0.077486
29760,0.077486
29761,0.077486
29762,0.077486
29763,0.077486
29764,0.077486
29765,0.077486
29766,0.077486
29767,0.077486
29768,0.077486
29769,0.077486
29770,0.077486
29771,0.077486
29772,0.077486
29773,0.077486
29774,0.077486
29775,0.077486
29776,0.077486
29777,0.077486
29778,0.077486
29779,0.077486
29780,0.077486
29781,0.077486
29782,0.077486
29783,0.077486
29784,0.077486
29785,0.077486
29786,0.077486
29787,0.077486
29788,0.077486
29789,0.077486
29790,0.077486
29791,0.077486
29792,0.077486
29793,0.077486
29794,0.077486
29795,0.077486
29796,0.077486
29797,0.077486
29798,0.077486
29799,0.077486
29800,0.077486
29801,0.077486
29802,0.077486
29803,0.077486
29804,0.077486
29805,0.077486
29806,0.077486
29807,0.077486
29808,0.077486
29809,0.077486
29810,0.077486
29811,0.077486
29812,0.077486
29813,0.077486
29814,0.077486
29815,0.077486
29816,0.077486
29817,0.077486
29818,0.077486
29819,0.077486
29820,0.077486
29821,0.077486
29822,0.077486
29823,0.077486
29824,0.077486
29825,0.077486
29826,0.077486
29827,0.077486
29828,0.077486
29829,0.077486
29830,0.077486
29831,0.077486
29832,0.077486
29833,0.077486
29834,0.077486
29835,0.077486
29836,0.077486
29837,0.077486
29838,0.077486
29839,0.077486
29840,0.077486
29841,0.077486
29842,0.077486
29843,0.077486
29844,0.077486
29845,0.077486
29846,0.077486
29847,0.077486
29848,0.077486
29849,0.077486
29850,0.077486
29851,0.077486
29852,0.077486
29853,0.077486
29854,0.077486
29855,0.077486
29856,0.077486
29857,0.077486
29858,0.077486
29859,0.077486
29860,0.077486
29861,0.077486
29862,0.077486
29863,0.077486
29864,0.077486
29865,0.077486
29866,0.077486
29867,0.077486
29868,0.077486
29869,0.077486
29870,0.077486
29871,0.077486
29872,0.077486
29873,0.077486
29874,0.077486
29875,0.077486
29876,0.077486
29877,0.077486
29878,0.077486
29879,0.077486
29880,0.077486
29881,0.077486
29882,0.077486
29883,0.077486
29884,0.077486
29885,0.077486
29886,0.077486
29887,0.077486
29888,0.077486
29889,0.077486
29890,0.077486
29891,0.077486
29892,0.077486
29893,0.077486
29894,0.077486
29895,0.077486
29896,0.077486
29897,0.077486
29898,0.077486
29899,0.077486
29900,0.077486
29901,0.077486
29902,0.077486
29903,0.077486
29904,0.077486
29905,0.077486
29906,0.077486
29907,0.077486
29908,0.077486
29909,0.077486
29910,0.077486
29911,0.077486
29912,0.077486
29913,0.077486
29914,0.077486
29915,0.077486
29916,0.077486
29917,0.077486
29918,0.077486
29919,0.077486
29920,0.077486
29921,0.077486
29922,0.077486
29923,0.077486
29924,0.077486
29925,0.077486
29926,0.077486
29927,0.077486
29928,0.077486
29929,0.077486
29930,0.077486
29931,0.077486
29932,0.077486
29933,0.077486
29934,0.077486
29935,0.077486
29936,0.077486
29937,0.077486
29938,0.077486
29939,0.077486
29940,0.077486
29941,0.077486
29942,0.077486
29943,0.077486
29944,0.077486
29945,0.077486
29946,0.077486
29947,0.077486
29948,0.077486
29949,0.077486
29950,0.077486
29951,0.077486
29952,0.077486
29953,0.077486
29954,0.077486
29955,0.077486
29956,0.077486
29957,0.077486
29958,0.077486
29959,0.077486
29960,0.077486
29961,0.077486
29962,0.077486
29963,0.077486
29964,0.077486
29965,0.077486
29966,0.077486
29967,0.077486
29968,0.077486
29969,0.077486
29970,0.077486
29971,0.077486
29972,0.077486
29973,0.077486
29974,0.077486
29975,0.077486
29976,0.077486
29977,0.077486
29978,0.077486
29979,0.077486
29980,0.077486
29981,0.077486
29982,0.077486
29983,0.077486
29984,0.077486
29985,0.077486
29986,0.077486
29987,0.077486
29988,0.077486
29989,0.077486
29990,0.077486
29991,0.077486
29992,0.077486
29993,0.077486
29994,0.077486
29995,0.077486
29996,0.077486
29997,0.077486
29998,0.077486
29999,0.077486
