Index,Voltage_mV
0,0.007451
1,-0.008792
2,-0.038447
3,-0.054238
4,0.012221
5,0.027417
6,0.042020
7,0.028607
8,-0.016393
9,0.005822
10,0.021452
11,0.014012
12,0.018475
13,0.005356
14,0.024459
15,0.044689
16,-0.004188
17,-0.031893
18,-0.013419
19,-0.035473
20,-0.005065
21,-0.020730
22,-0.066444
23,-0.045454
24,-0.025932
25,-0.023982
26,0.032197
27,0.051258
28,0.014908
29,0.005065
30,-0.000868
31,0.022653
32,-0.040845
33,-0.033333
34,0.016744
35,0.051118
36,0.043189
37,-0.007332
38,-0.058377
39,-0.030388
40,-0.056887
41,-0.002017
42,0.063788
43,0.033164
44,-0.045955
45,-0.084682
46,-0.071465
47,0.025405
48,0.040805
49,0.037539
50,0.006749
51,-0.037407
52,0.022366
53,0.034099
54,0.063162
55,0.049273
56,0.050676
57,0.028963
58,-0.003889
59,-0.018706
60,-0.082234
61,-0.048346
62,-0.021420
63,-0.011445
64,0.030748
65,0.048617
66,0.060242
67,0.051056
68,0.004664
69,-0.059999
70,-0.112638
71,-0.093205
72,-0.045437
73,0.022852
74,0.004454
75,-0.010866
76,-0.003524
77,0.020152
78,0.064433
79,0.087445
80,0.026368
81,-0.049198
82,-0.046136
83,-0.068211
84,-0.095309
85,-0.031296
86,0.022068
87,0.037916
88,0.083785
89,0.098770
90,0.104832
91,0.051871
92,-0.025947
93,-0.024394
94,-0.012019
95,-0.059956
96,-0.064054
97,-0.058245
98,0.000121
99,0.035804
100,0.008653
101,0.011855
102,-0.010227
103,-0.037204
104,0.013167
105,0.015805
106,0.012850
107,0.000084
108,-0.043850
109,-0.074836
110,-0.063855
111,0.042976
112,0.107593
113,0.079136
114,0.042529
115,0.001709
116,-0.056385
117,-0.059044
118,-0.049167
119,-0.038651
120,-0.024059
121,0.013986
122,0.044458
123,0.061238
124,0.028122
125,-0.026572
126,-0.026841
127,-0.026011
128,0.015495
129,0.001258
130,-0.006249
131,-0.014303
132,0.004551
133,0.009950
134,-0.024150
135,-0.016510
136,-0.022327
137,-0.017771
138,0.006010
139,0.015758
140,-0.009301
141,-0.017709
142,0.043482
143,0.098716
144,0.054647
145,-0.002846
146,-0.026794
147,-0.027911
148,-0.025634
149,-0.028708
150,0.054859
151,0.052554
152,0.023853
153,0.013957
154,-0.051460
155,-0.092979
156,-0.081046
157,-0.070254
158,-0.067350
159,0.019765
160,0.070550
161,0.106829
162,0.037475
163,-0.031454
164,-0.031828
165,-0.069918
166,-0.059657
167,-0.052201
168,0.020769
169,0.050280
170,0.037359
171,0.076426
172,0.108252
173,0.092564
174,-0.035341
175,-0.099069
176,-0.049463
177,-0.009371
178,-0.058985
179,-0.033831
180,-0.003313
181,0.001587
182,0.006443
183,-0.020211
184,0.010120
185,0.035252
186,0.055897
187,0.057442
188,0.005598
189,-0.000112
190,-0.009122
191,-0.041194
192,-0.061089
193,-0.047715
194,-0.033740
195,-0.043898
196,-0.001835
197,-0.002845
198,0.059307
199,0.083882
200,0.030106
201,0.036323
202,0.006846
203,-0.013735
204,0.042967
205,0.047325
206,0.037004
207,-0.028238
208,-0.071175
209,-0.039544
210,-0.011231
211,0.006899
212,0.032897
213,-0.015333
214,-0.052180
215,-0.025191
216,-0.033075
217,-0.055138
218,-0.020839
219,-0.009909
220,0.036497
221,0.051671
222,0.032408
223,0.013312
224,0.022214
225,0.051660
226,0.047837
227,0.007850
228,-0.045083
229,-0.068782
230,-0.024301
231,0.010202
232,0.011698
233,0.074229
234,0.046255
235,0.004158
236,-0.047204
237,-0.066420
238,-0.075077
239,-0.079029
240,-0.030274
241,0.029321
242,0.015178
243,0.037034
244,0.091028
245,0.051310
246,-0.003961
247,-0.064958
248,-0.036972
249,0.013352
250,0.046495
251,0.103451
252,0.079714
253,-0.005321
254,-0.051256
255,-0.043121
256,-0.052792
257,-0.030642
258,-0.019246
259,-0.030397
260,0.029791
261,0.060504
262,0.045233
263,0.019497
264,-0.024388
265,-0.070837
266,-0.090389
267,-0.056120
268,-0.049778
269,-0.038736
270,-0.009235
271,0.017068
272,0.050123
273,0.092315
274,0.078882
275,0.083701
276,0.051383
277,-0.013932
278,-0.032390
279,-0.075951
280,-0.077413
281,-0.005867
282,-0.007245
283,-0.035688
284,0.029934
285,0.029292
286,-0.003977
287,-0.030493
288,-0.038031
289,0.001814
290,0.025557
291,0.034359
292,0.077945
293,0.060505
294,0.019003
295,0.035652
296,-0.019528
297,-0.041546
298,-0.063518
299,-0.068060
300,462.069946
301,748.262146
302,8.942824
303,1136.715210
304,1769.408081
305,-15.420486
306,5.815434
307,12.356777
308,-0.642374
309,1.167133
310,6.489716
311,9.263419
312,16.481874
313,-2.321792
314,-27.897533
315,-19.917213
316,6.176702
317,24.552584
318,27.527426
319,3.509745
320,-31.781921
321,-41.506470
322,-40.555649
323,-12.681834
324,31.115353
325,57.651527
326,36.839268
327,-12.669808
328,-45.934296
329,-40.765079
330,0.206196
331,47.437096
332,49.268768
333,19.318989
334,-12.639767
335,-22.275961
336,-32.634884
337,-34.979790
338,-3.285383
339,28.506144
340,40.251011
341,32.763016
342,0.329550
343,-37.335621
344,-50.098225
345,-12.099153
346,14.269608
347,9.599559
348,-5.687205
349,5.133111
350,35.487370
351,32.926853
352,20.631102
353,1.425025
354,-36.819237
355,-137.919113
356,41.373833
357,5.314481
358,-1294.957886
359,-2092.648438
360,-513.123352
361,-512.430664
362,1853.876099
363,925.835144
364,-612.893860
365,-1388.710815
366,-1533.319092
367,-1142.132202
368,1982.496948
369,1373.024780
370,644.569092
371,474.462952
372,-485.287445
373,274.027344
374,470.749176
375,762.085266
376,-800.047852
377,211.511673
378,-572.983643
379,-260.681854
380,1161.250610
381,2152.903076
382,1245.173828
383,-473.735016
384,469.185974
385,558.846313
386,1444.936035
387,-391.624420
388,589.898682
389,499.095856
390,-2089.296875
391,1369.916992
392,1377.920410
393,-1284.712769
394,1833.259521
395,-1492.333252
396,-2011.336792
397,-1174.684937
398,29.151060
399,-1403.864502
400,-1735.935913
401,323.366455
402,248.214020
403,-1350.238770
404,2321.851563
405,-1561.342041
406,530.912292
407,406.976501
408,-746.180237
409,-0.000808
410,0.002646
411,0.010823
412,0.002950
413,0.039620
414,0.095667
415,0.064865
416,0.036390
417,0.011207
418,0.009343
419,-0.053653
420,-0.107799
421,-0.124117
422,-0.045848
423,0.002901
424,0.046625
425,0.001478
426,-0.020005
427,0.022647
428,0.020513
429,-0.017150
430,-0.013235
431,-0.000776
432,0.001318
433,-0.008879
434,0.013385
435,0.016961
436,-0.002844
437,0.003863
438,0.024223
439,0.066487
440,0.078544
441,0.059366
442,-0.037938
443,-0.067120
444,-0.023603
445,-0.095639
446,-0.029699
447,0.025136
448,0.002651
449,0.047400
450,0.011673
451,-0.016862
452,-0.026930
453,0.000547
454,0.049960
455,0.003257
456,-0.031747
457,-0.031238
458,0.013384
459,0.015442
460,0.023616
461,-0.023736
462,-0.020166
463,0.012677
464,-0.025440
465,-0.080387
466,-0.025739
467,0.050246
468,0.114380
469,0.083700
470,0.006802
471,-0.028334
472,-0.045605
473,-0.047258
474,-0.035958
475,0.019797
476,-0.014234
477,-0.042972
478,-0.044035
479,-0.005645
480,0.012169
481,0.058938
482,0.017465
483,0.030119
484,0.034722
485,0.001155
486,-0.045351
487,-0.002051
488,0.038525
489,0.030715
490,-0.037356
491,-0.038202
492,0.017495
493,-0.037450
494,-0.058865
495,0.008967
496,-0.041080
497,0.006397
498,0.028054
499,-0.009969
500,0.013418
501,0.009969
502,0.009627
503,0.018954
504,0.016201
505,-0.018652
506,-0.010676
507,-0.024851
508,-0.012848
509,-0.026459
510,0.005980
511,0.036252
512,0.005830
513,0.076371
514,0.081771
515,0.017971
516,-0.003561
517,0.013796
518,0.037258
519,-0.015460
520,-0.030193
521,-0.079798
522,-0.129453
523,-0.129830
524,-0.088219
525,-0.028612
526,0.036719
527,0.108999
528,0.150934
529,0.109293
530,-0.007927
531,-0.084736
532,-0.077053
533,-0.056178
534,0.037854
535,0.089373
536,0.050177
537,0.014549
538,0.006045
539,-0.055354
540,-0.067877
541,-0.001046
542,0.061948
543,0.032010
544,0.018163
545,0.022249
546,-0.009302
547,-0.033444
548,-0.021760
549,-0.026396
550,-0.047369
551,-0.042739
552,-0.080028
553,-0.063454
554,-0.058777
555,-0.024248
556,0.036748
557,0.062510
558,0.070295
559,-0.020926
560,-0.012550
561,-0.012025
562,-0.037077
563,-0.003464
564,0.065019
565,0.073571
566,0.068222
567,0.059813
568,0.057315
569,0.033083
570,-0.019455
571,-0.056224
572,-0.059920
573,-0.046066
574,-0.073518
575,-0.047211
576,-0.054487
577,-0.028650
578,0.034655
579,0.065149
580,0.024900
581,0.028870
582,0.032406
583,0.019183
584,0.017140
585,0.068843
586,0.047126
587,-0.038548
588,-0.072279
589,-0.060095
590,-0.002214
591,0.044704
592,0.012714
593,-0.054772
594,-0.074763
595,-0.073222
596,0.004604
597,0.028199
598,0.092400
599,0.052039
600,-0.007972
601,-0.013027
602,-0.023694
603,-0.034735
604,0.006366
605,0.032036
606,0.042374
607,0.018847
608,-0.037950
609,-0.051649
610,-0.019197
611,-0.004148
612,0.017325
613,0.036401
614,0.050525
615,0.079267
616,0.018742
617,-0.032804
618,-0.077870
619,-0.088247
620,-0.027372
621,-0.002014
622,0.012806
623,0.013011
624,0.034561
625,0.034701
626,-0.009994
627,-0.025929
628,-0.038469
629,0.016822
630,0.014178
631,-0.035105
632,0.006641
633,0.007484
634,0.004045
635,-0.016491
636,-0.032631
637,0.000518
638,0.077939
639,0.096965
640,0.090206
641,0.049949
642,-0.030222
643,-0.065666
644,-0.062893
645,-0.030129
646,0.000817
647,0.024892
648,0.028741
649,-0.055439
650,-0.106525
651,-0.046685
652,0.027600
653,0.002805
654,0.013996
655,0.034774
656,0.018321
657,-0.019091
658,15.441618
659,830.927063
660,604.674011
661,10.431194
662,68.075180
663,18.396751
664,21.021667
665,24.266079
666,23.668909
667,17.593246
668,-10.132725
669,-26.154217
670,-21.427523
671,-6.387107
672,10.001473
673,15.609089
674,2.841464
675,-12.392731
676,-25.697592
677,-29.693382
678,-13.508201
679,-7.508895
680,-0.086810
681,24.475325
682,15.983480
683,4.623069
684,7.740974
685,12.571773
686,27.714836
687,30.384212
688,10.976617
689,-14.745918
690,-11.554904
691,-23.227291
692,-38.028744
693,-29.260183
694,-5.290506
695,21.627438
696,24.309811
697,12.171759
698,-3.608456
699,-23.362469
700,-21.556395
701,-35.035816
702,-19.761555
703,14.437078
704,33.279785
705,31.374157
706,43.828625
707,21.474703
708,-12.475389
709,-19.779646
710,-18.247196
711,2.939333
712,23.840023
713,0.026354
714,0.007653
715,0.045098
716,0.044891
717,-0.034969
718,-0.032167
719,-0.051541
720,0.011491
721,0.035951
722,0.027447
723,0.006488
724,-0.011778
725,-0.035590
726,-0.051342
727,-0.009770
728,0.051721
729,0.038017
730,0.068487
731,0.037872
732,-0.053100
733,-0.102433
734,-0.090886
735,-0.082055
736,0.031202
737,0.089630
738,0.063898
739,0.077237
740,0.029803
741,0.010183
742,-0.042696
743,-0.043705
744,-0.019164
745,-0.063546
746,-0.062501
747,-0.008237
748,0.017770
749,0.001687
750,0.044514
751,0.049508
752,0.023896
753,0.032436
754,-0.054740
755,-0.041521
756,-0.014351
757,-0.035352
758,0.006394
759,0.003079
760,0.040033
761,0.067609
762,0.053851
763,0.052223
764,0.026367
765,0.020038
766,0.026665
767,-0.020102
768,-0.059009
769,-0.057656
770,-0.098565
771,-0.056554
772,-0.046629
773,-0.038441
774,0.006616
775,-0.014766
776,0.009755
777,0.057247
778,0.060014
779,0.073540
780,0.033692
781,-0.004284
782,0.002228
783,-0.049807
784,-0.069036
785,-0.054094
786,-0.034901
787,0.024090
788,0.063495
789,0.057526
790,0.044867
791,-0.038187
792,-0.031647
793,-0.045021
794,-0.037123
795,-0.007255
796,0.068925
797,0.076254
798,0.014522
799,-0.021958
800,-0.041354
801,0.004353
802,0.047623
803,0.021949
804,0.015686
805,-0.004587
806,-0.058845
807,-0.038007
808,-0.042196
809,-0.059324
810,0.022435
811,0.060466
812,0.103733
813,0.102258
814,0.054842
815,0.070808
816,0.006131
817,-0.088888
818,-0.130121
819,-0.156032
820,-0.133003
821,-0.063155
822,-0.025299
823,0.054348
824,0.076558
825,0.052512
826,0.078712
827,0.081661
828,0.035865
829,0.032954
830,-0.005495
831,-0.091058
832,-0.035367
833,-0.041028
834,-0.026635
835,0.020142
836,0.009723
837,0.013162
838,-0.014480
839,0.037763
840,0.104258
841,0.062390
842,0.021458
843,-0.014014
844,-0.049904
845,-0.048334
846,-0.060902
847,-0.061949
848,-0.019258
849,-0.006299
850,0.041743
851,-0.008706
852,-0.040188
853,0.005175
854,0.053644
855,0.046290
856,-0.006727
857,0.020972
858,0.026651
859,-0.014978
860,-0.009995
861,-0.013972
862,-0.017072
863,0.014859
864,0.063711
865,0.047080
866,-0.001863
867,-0.064158
868,-0.077630
869,-0.052232
870,-0.029089
871,0.032084
872,0.038444
873,0.024658
874,-0.021720
875,-0.041876
876,-0.028056
877,-0.035914
878,0.042443
879,0.036205
880,0.005503
881,0.061625
882,0.015196
883,-0.054705
884,-0.035684
885,-0.028704
886,-0.003248
887,0.054414
888,0.084440
889,0.093178
890,-0.008877
891,-0.085627
892,-0.096402
893,-0.087135
894,-0.022906
895,0.063041
896,0.065600
897,0.048804
898,0.023011
899,0.020575
900,0.006226
901,0.017511
902,-0.031449
903,-0.022495
904,-0.024396
905,-0.064397
906,-0.102931
907,-0.038448
908,0.013587
909,-0.005066
910,0.009077
911,0.042701
912,0.075048
913,0.064372
914,0.043418
915,0.035677
916,-0.062974
917,-0.086966
918,-0.051525
919,-0.009285
920,0.038599
921,0.034098
922,0.025906
923,-0.016130
924,-0.046940
925,-0.014901
926,0.008830
927,0.036007
928,0.042559
929,-0.040732
930,-0.030253
931,-0.038923
932,-0.023785
933,-0.008138
934,0.008333
935,0.027502
936,0.067282
937,0.097803
938,0.067031
939,-0.040279
940,-0.052032
941,-0.041688
942,-0.070849
943,-0.022470
944,0.026524
945,0.023993
946,0.054246
947,0.001280
948,0.001514
949,-0.001954
950,-0.070235
951,-0.035444
952,-0.079160
953,-0.068210
954,0.019004
955,0.058636
956,0.106324
957,0.100325
958,0.021222
959,-0.009034
960,0.022628
961,-0.028911
962,-0.048652
963,-0.067448
964,-0.056165
965,-0.020940
966,-0.006205
967,-0.006576
968,0.048534
969,-0.006423
970,0.019677
971,0.060989
972,0.038586
973,0.001812
974,-0.020106
975,-0.004372
976,0.000800
977,0.027756
978,0.038886
979,-0.018394
980,-0.062856
981,-0.067114
982,-0.061779
983,-0.036748
984,0.038626
985,0.095959
986,0.083066
987,0.044801
988,0.064163
989,0.000131
990,-0.059224
991,-0.100635
992,-0.062917
993,-0.007107
994,-0.039280
995,-0.023921
996,0.043147
997,0.082330
998,0.017391
999,0.005856
1000,-0.007316
1001,-0.028119
1002,-0.053733
1003,-0.027461
1004,-0.040562
1005,-0.033507
1006,0.009643
1007,0.017347
1008,0.016892
1009,0.000498
1010,0.056049
1011,0.068797
1012,0.037600
1013,0.006830
1014,0.005352
1015,-0.001758
1016,0.005501
1017,-0.015709
1018,-0.025535
1019,-0.024560
1020,0.034042
1021,-0.038696
1022,-0.047281
1023,-0.029142
1024,-0.044691
1025,0.019188
1026,0.023674
1027,0.049502
1028,0.042684
1029,0.010144
1030,0.015816
1031,0.038046
1032,0.015734
1033,0.021467
1034,0.029078
1035,-0.017317
1036,-0.051031
1037,-0.124617
1038,-0.115262
1039,-0.099176
1040,-0.024828
1041,0.040788
1042,0.066273
1043,0.045749
1044,0.040505
1045,-0.002834
1046,0.008795
1047,0.040324
1048,0.016334
1049,0.002951
1050,0.047903
1051,0.039912
1052,0.021176
1053,-0.009584
1054,-0.040610
1055,-0.062875
1056,-0.036575
1057,0.025703
1058,0.042253
1059,0.048995
1060,0.048023
1061,0.020945
1062,0.001445
1063,-0.050004
1064,-0.079569
1065,-0.085983
1066,-0.052791
1067,0.030472
1068,0.092765
1069,0.064413
1070,0.017244
1071,-0.016402
1072,-0.052233
1073,-0.017038
1074,0.018304
1075,0.013517
1076,0.024983
1077,0.004397
1078,-0.049665
1079,-0.058578
1080,-0.031295
1081,0.036874
1082,0.049858
1083,0.037828
1084,-0.013445
1085,-0.018193
1086,-0.025964
1087,-0.014943
1088,-0.004197
1089,0.055890
1090,0.057406
1091,-0.028459
1092,-0.025814
1093,-0.024207
1094,-0.026526
1095,0.014164
1096,-0.004960
1097,-0.043750
1098,-0.039486
1099,-0.038078
1100,-0.053765
1101,-0.011066
1102,-0.001408
1103,0.031122
1104,0.077594
1105,0.115868
1106,0.058849
1107,0.013548
1108,-0.020626
1109,-0.038976
1110,-0.020596
1111,-0.045796
1112,-0.041077
1113,-0.012150
1114,0.038379
1115,0.028410
1116,0.018247
1117,0.004270
1118,-0.009809
1119,0.032720
1120,0.021760
1121,0.022048
1122,-0.021586
1123,-0.061190
1124,-0.029129
1125,-0.073357
1126,-0.077621
1127,-0.066403
1128,-0.051127
1129,0.045465
1130,0.094322
1131,0.102471
1132,0.116420
1133,0.037994
1134,0.054689
1135,-0.019650
1136,-0.055202
1137,-0.028489
1138,-0.093286
1139,-0.083085
1140,0.021625
1141,0.067621
1142,0.101772
1143,0.034604
1144,0.019942
1145,0.043757
1146,-0.036091
1147,-0.059453
1148,-0.078126
1149,-0.075664
1150,-0.051537
1151,-0.026640
1152,0.033911
1153,0.068379
1154,0.095734
1155,0.003362
1156,-0.045665
1157,-0.025934
1158,-0.041518
1159,0.005321
1160,0.018988
1161,0.046713
1162,0.049482
1163,0.059210
1164,0.022022
1165,0.007153
1166,-0.004065
1167,-0.042387
1168,-0.073633
1169,-0.058691
1170,-0.062057
1171,-0.050562
1172,-0.038144
1173,-0.035522
1174,0.042599
1175,0.030259
1176,0.030959
1177,0.062909
1178,0.045685
1179,0.060254
1180,0.031025
1181,-0.039679
1182,-0.078153
1183,-0.063828
1184,-0.019485
1185,0.044596
1186,0.049149
1187,0.050139
1188,0.039841
1189,-0.001907
1190,-0.038597
1191,-0.075560
1192,-0.057378
1193,-0.016916
1194,-0.013082
1195,-0.002037
1196,-0.008200
1197,0.047419
1198,0.055596
1199,0.003994
1200,-0.005209
1201,0.031686
1202,0.013382
1203,0.046685
1204,0.054577
1205,0.074926
1206,0.054020
1207,0.005274
1208,-0.045794
1209,-0.071873
1210,-0.062153
1211,-0.040766
1212,-0.081857
1213,-0.058276
1214,-0.021403
1215,-0.018787
1216,0.029311
1217,0.074730
1218,0.103781
1219,-0.001293
1220,-0.047226
1221,-0.047531
1222,-0.025824
1223,-0.032195
1224,-0.009063
1225,0.028622
1226,0.019682
1227,0.048217
1228,0.033815
1229,0.018357
1230,-0.006657
1231,-0.038558
1232,-0.017115
1233,-0.005565
1234,-0.002293
1235,0.034340
1236,-0.001852
1237,-0.031537
1238,-0.000976
1239,-0.010499
1240,0.012896
1241,0.038153
1242,-0.040729
1243,-0.055287
1244,-0.056435
1245,-0.075864
1246,-0.044632
1247,-0.024775
1248,0.026781
1249,0.108516
1250,0.123735
1251,0.075550
1252,0.095589
1253,0.031995
1254,-0.033772
1255,-0.071382
1256,-0.107900
1257,-0.076698
1258,-0.006521
1259,0.043169
1260,0.016579
1261,0.045062
1262,-0.019205
1263,0.014735
1264,0.011166
1265,-0.053514
1266,0.035639
1267,0.086548
1268,0.048562
1269,-0.036071
1270,-0.082226
1271,-0.138309
1272,-0.094171
1273,-0.024736
1274,0.009150
1275,-0.009096
1276,-0.035421
1277,0.024632
1278,0.090645
1279,0.099893
1280,0.069809
1281,0.083424
1282,0.030268
1283,-0.048288
1284,-0.044810
1285,-0.084719
1286,-0.082416
1287,-0.004187
1288,0.000902
1289,0.052839
1290,0.099319
1291,0.009103
1292,0.003914
1293,0.007416
1294,-0.010938
1295,0.021601
1296,-0.056643
1297,-0.091937
1298,-0.020236
1299,0.021678
1300,0.014758
1301,0.025253
1302,-0.007934
1303,-0.037642
1304,-0.021458
1305,-0.040351
1306,-0.056418
1307,-0.054498
1308,0.027515
1309,0.110131
1310,0.097827
1311,0.041690
1312,0.056032
1313,0.007147
1314,-0.012489
1315,0.012579
1316,-0.001906
1317,-0.085988
1318,-0.042926
1319,-0.033025
1320,-0.039183
1321,0.006292
1322,-0.020253
1323,0.014644
1324,0.025170
1325,0.035953
1326,-0.003909
1327,-0.016257
1328,0.019012
1329,0.027337
1330,0.046532
1331,0.025343
1332,-0.024060
1333,-0.018388
1334,-0.030001
1335,-0.036606
1336,-0.016887
1337,0.036495
1338,0.074424
1339,0.060628
1340,0.034841
1341,0.017151
1342,0.012365
1343,-0.045820
1344,-0.065154
1345,-0.082985
1346,-0.048025
1347,0.010397
1348,-0.002639
1349,0.022294
1350,0.004004
1351,-0.017334
1352,0.010443
1353,0.020290
1354,0.045172
1355,0.024065
1356,-0.003910
1357,-0.032814
1358,-0.028003
1359,-0.021229
1360,0.013447
1361,0.028042
1362,0.019296
1363,0.046465
1364,0.024885
1365,0.006611
1366,-0.018318
1367,-0.067137
1368,-0.039502
1369,-0.033281
1370,-0.009671
1371,0.020906
1372,0.015810
1373,0.003144
1374,0.024909
1375,0.031555
1376,0.005921
1377,-0.010636
1378,-0.013956
1379,-0.006294
1380,-0.086860
1381,-0.109579
1382,-0.010817
1383,0.061588
1384,0.075602
1385,0.064176
1386,0.064246
1387,0.027176
1388,-0.016672
1389,-0.008191
1390,-0.011508
1391,-0.039848
1392,-0.005750
1393,0.035574
1394,0.032548
1395,0.001927
1396,0.040726
1397,0.016870
1398,-0.027694
1399,-0.022727
1400,-0.046960
1401,-0.051405
1402,-0.030827
1403,-0.042369
1404,-0.015078
1405,-0.011593
1406,-0.023251
1407,-0.001718
1408,0.022377
1409,-0.005178
1410,0.000596
1411,0.026979
1412,0.040579
1413,-0.060989
1414,-0.105353
1415,-0.099543
1416,-0.050300
1417,0.026297
1418,0.041888
1419,0.084509
1420,0.079221
1421,0.022488
1422,0.012874
1423,0.059347
1424,0.061203
1425,0.022910
1426,-0.012796
1427,0.027886
1428,0.001150
1429,-0.042873
1430,-0.043532
1431,-0.068720
1432,-0.088849
1433,-0.029544
1434,-0.036465
1435,0.006311
1436,0.023285
1437,0.010946
1438,0.008436
1439,0.051185
1440,0.059826
1441,0.025375
1442,0.033572
1443,0.020897
1444,0.005270
1445,0.017108
1446,-0.008506
1447,-0.041988
1448,-0.085376
1449,-0.115253
1450,-0.071599
1451,-0.023939
1452,0.028106
1453,0.038111
1454,0.058982
1455,0.041582
1456,0.017436
1457,0.006548
1458,0.026602
1459,0.053228
1460,0.026813
1461,-0.009922
1462,-0.019450
1463,-0.061916
1464,-0.086987
1465,-0.059022
1466,-0.043112
1467,0.033968
1468,0.131967
1469,0.139256
1470,0.114714
1471,0.035412
1472,-0.000285
1473,-0.014435
1474,-0.070936
1475,-0.068272
1476,-0.056488
1477,-0.099536
1478,-0.060526
1479,-0.010789
1480,-0.035610
1481,0.013267
1482,0.055532
1483,0.053102
1484,0.002174
1485,-0.010980
1486,0.012130
1487,-0.008047
1488,0.035357
1489,0.016639
1490,0.009173
1491,0.051387
1492,0.001936
1493,-0.034973
1494,-0.023299
1495,-0.045224
1496,-0.015070
1497,0.007406
1498,0.006862
1499,-0.005729
1500,-0.020578
1501,0.044176
1502,0.046827
1503,0.069634
1504,0.047388
1505,-0.028996
1506,-0.103847
1507,-0.091607
1508,-0.049259
1509,-0.039389
1510,-0.065026
1511,-0.026828
1512,0.063403
1513,0.100254
1514,0.092229
1515,0.060336
1516,0.026533
1517,-0.016630
1518,-0.057368
1519,-0.029344
1520,-0.041934
1521,-0.029934
1522,-0.013622
1523,0.018627
1524,0.030648
1525,0.029085
1526,0.038850
1527,0.026361
1528,-0.022608
1529,-0.032618
1530,-0.076571
1531,-0.059294
1532,-0.018853
1533,0.026574
1534,0.047933
1535,0.042631
1536,-0.004173
1537,0.018729
1538,-0.016895
1539,-0.067743
1540,-0.058435
1541,-0.002265
1542,0.053026
1543,0.056728
1544,0.047228
1545,0.080045
1546,0.018916
1547,-0.076675
1548,-0.038140
1549,-0.012840
1550,-0.020656
1551,-0.033612
1552,-0.065933
1553,-0.028373
1554,-0.004867
1555,-0.002424
1556,0.021627
1557,0.054439
1558,0.066575
1559,0.064444
1560,0.050117
1561,0.010675
1562,-0.028754
1563,-0.026449
1564,-0.035563
1565,-0.050660
1566,-0.069035
1567,-0.059955
1568,-0.016316
1569,0.033391
1570,0.081471
1571,0.056595
1572,0.045521
1573,0.003632
1574,-0.019435
1575,-0.014354
1576,-0.013859
1577,-0.010368
1578,-0.057306
1579,-0.042758
1580,-0.033527
1581,-0.003434
1582,0.040102
1583,0.058223
1584,0.032207
1585,0.015946
1586,-0.039521
1587,-0.083463
1588,-0.070027
1589,-0.062119
1590,0.024235
1591,0.049547
1592,0.106463
1593,0.088645
1594,0.047822
1595,0.008006
1596,-0.027238
1597,-0.026697
1598,-0.035225
1599,-0.029100
1600,-0.012624
1601,-0.037480
1602,-0.052236
1603,-0.000371
1604,0.034212
1605,0.035391
1606,0.044799
1607,0.013869
1608,-0.016303
1609,0.008870
1610,-0.006501
1611,-0.006652
1612,37.740986
1613,903.650818
1614,575.293579
1615,11.360819
1616,154.497620
1617,16.479004
1618,7.211395
1619,0.264914
1620,-13.900070
1621,-16.218946
1622,-0.564813
1623,21.603180
1624,44.979927
1625,70.706383
1626,47.532349
1627,15.848328
1628,-33.482883
1629,-72.568649
1630,-81.435143
1631,-52.507954
1632,-16.308950
1633,12.394071
1634,38.301056
1635,29.157040
1636,14.376636
1637,2.857171
1638,-13.913712
1639,4.331759
1640,20.893248
1641,12.881346
1642,14.102980
1643,4.915277
1644,-12.046401
1645,-20.400677
1646,-24.723314
1647,-18.098572
1648,7.149686
1649,26.792809
1650,27.176826
1651,5.261027
1652,-17.580368
1653,-26.945299
1654,-12.257247
1655,13.923050
1656,22.698153
1657,-11.341434
1658,-36.258488
1659,9.744955
1660,46.169296
1661,33.052063
1662,-7.893239
1663,-44.451321
1664,-63.777248
1665,-30.284010
1666,3.353769
1667,-0.044580
1668,-0.040183
1669,0.005293
1670,0.023021
1671,0.014480
1672,0.017651
1673,-0.019297
1674,0.021539
1675,0.045475
1676,0.023016
1677,-0.018809
1678,0.020078
1679,0.043307
1680,0.022748
1681,0.020448
1682,-0.049809
1683,-0.041644
1684,-0.049886
1685,-0.046053
1686,0.011123
1687,0.045106
1688,0.022426
1689,-0.024651
1690,-0.051705
1691,-0.041998
1692,0.008372
1693,0.055689
1694,0.078567
1695,0.066755
1696,0.024680
1697,0.030634
1698,0.016324
1699,-0.038132
1700,-0.084977
1701,-0.049887
1702,-0.019758
1703,0.003307
1704,-0.043652
1705,-0.096238
1706,-0.066767
1707,0.028384
1708,0.059303
1709,0.102036
1710,0.117655
1711,0.039662
1712,0.017915
1713,-0.038983
1714,-0.087228
1715,-0.009332
1716,-0.049781
1717,-0.077591
1718,-0.057891
1719,-0.008733
1720,-0.005268
1721,-0.011752
1722,0.066256
1723,0.069266
1724,-0.037294
1725,0.005910
1726,-0.003443
1727,-0.003690
1728,0.008293
1729,0.023268
1730,0.062272
1731,0.049176
1732,0.020564
1733,0.029989
1734,-0.048480
1735,-0.075237
1736,-0.039599
1737,-0.032549
1738,-0.020343
1739,-0.026971
1740,0.009122
1741,-0.000669
1742,0.013219
1743,0.059317
1744,0.052670
1745,0.010976
1746,-0.050664
1747,-0.031504
1748,-0.017525
1749,0.002678
1750,0.027779
1751,0.015076
1752,0.037801
1753,0.013515
1754,0.008794
1755,0.021917
1756,-0.038425
1757,-0.033439
1758,0.009314
1759,0.018638
1760,-0.021498
1761,-0.004035
1762,-0.005439
1763,-0.056186
1764,-0.003182
1765,0.024192
1766,0.022816
1767,-0.003560
1768,-0.008888
1769,-0.002524
1770,-0.005776
1771,0.014661
1772,0.053938
1773,-0.010346
1774,-0.041567
1775,0.035021
1776,0.033499
1777,0.012447
1778,0.028478
1779,-0.035806
1780,-0.082300
1781,-0.059413
1782,-0.049540
1783,0.013201
1784,0.076666
1785,0.102738
1786,0.097240
1787,0.024250
1788,-0.014242
1789,-0.046717
1790,-0.067896
1791,-0.078267
1792,-0.083029
1793,-0.085863
1794,-0.005110
1795,0.038323
1796,0.062356
1797,0.093574
1798,0.126958
1799,0.092770
1800,-0.004786
1801,-0.082426
1802,-0.118970
1803,-0.082543
1804,-0.037677
1805,0.025344
1806,0.028947
1807,-0.019827
1808,-0.015593
1809,0.036580
1810,0.040377
1811,0.011543
1812,0.007399
1813,0.000556
1814,-0.042017
1815,-0.057032
1816,-0.009214
1817,0.037048
1818,0.051829
1819,0.046396
1820,0.033593
1821,-0.006572
1822,-0.029887
1823,-0.073332
1824,-0.063198
1825,0.019311
1826,0.065924
1827,0.085265
1828,0.011443
1829,-0.026713
1830,-0.006899
1831,0.004470
1832,0.004659
1833,0.038467
1834,0.015509
1835,-0.013307
1836,-0.043779
1837,-0.020557
1838,0.001453
1839,-0.017357
1840,-0.006412
1841,0.004819
1842,0.005043
1843,-0.013506
1844,-0.036978
1845,-0.011394
1846,-0.023392
1847,-0.032617
1848,0.006068
1849,0.025244
1850,-0.004254
1851,-0.032562
1852,-0.010077
1853,0.019251
1854,0.075400
1855,0.063897
1856,0.038042
1857,-0.015423
1858,-0.005861
1859,-0.051733
1860,-0.048301
1861,-0.026375
1862,-0.014457
1863,0.027281
1864,0.039918
1865,0.031151
1866,0.075726
1867,0.047473
1868,0.009838
1869,-0.000662
1870,-0.043725
1871,-0.118488
1872,-0.087437
1873,-0.023033
1874,-0.009072
1875,0.011511
1876,0.037877
1877,0.028060
1878,0.010444
1879,0.052974
1880,-0.018064
1881,-0.026731
1882,0.039427
1883,0.033405
1884,0.062889
1885,0.088093
1886,-0.000112
1887,-0.072443
1888,-0.086212
1889,-0.080473
1890,-0.094504
1891,-0.022039
1892,-0.013778
1893,0.003892
1894,0.015573
1895,-0.000452
1896,-0.018308
1897,0.001418
1898,0.054887
1899,0.111023
1900,0.131273
1901,0.099761
1902,0.007171
1903,-0.042112
1904,-0.075712
1905,-0.077089
1906,-0.054013
1907,-0.015134
1908,-0.002825
1909,0.000830
1910,0.024681
1911,0.030579
1912,-0.013898
1913,-0.019137
1914,-0.017653
1915,-0.014096
1916,0.009076
1917,-0.031036
1918,-0.038559
1919,-0.014675
1920,-0.014038
1921,0.033444
1922,0.085149
1923,0.063118
1924,0.042089
1925,-0.027488
1926,-0.048348
1927,-0.080726
1928,-0.082283
1929,-0.035800
1930,0.033287
1931,0.066994
1932,0.097311
1933,0.029331
1934,-0.047827
1935,-0.111153
1936,-0.117324
1937,-0.039302
1938,0.061059
1939,0.121347
1940,0.115255
1941,0.086106
1942,0.003159
1943,-0.048992
1944,-0.037476
1945,-0.053446
1946,-0.022518
1947,-0.013210
1948,-0.002529
1949,0.004566
1950,-0.042246
1951,-0.033811
1952,-0.004673
1953,0.042223
1954,0.011047
1955,0.019170
1956,0.036800
1957,0.057950
1958,0.073587
1959,-0.006662
1960,-0.058675
1961,-0.033595
1962,-0.017608
1963,-0.053995
1964,-0.033376
1965,-0.019563
1966,-0.029382
1967,-0.048636
1968,-0.018076
1969,0.040327
1970,0.032979
1971,0.038497
1972,0.049535
1973,0.045427
1974,0.021848
1975,0.012526
1976,-0.018529
1977,-0.049514
1978,-0.082294
1979,-0.028168
1980,0.005869
1981,0.017108
1982,0.020821
1983,0.040179
1984,0.042169
1985,0.061336
1986,0.023916
1987,0.013831
1988,-0.024187
1989,-0.050655
1990,-0.094497
1991,-0.086369
1992,-0.043489
1993,0.025385
1994,0.092479
1995,0.089289
1996,0.079848
1997,0.002567
1998,-0.009685
1999,-0.042736
2000,-0.057250
2001,-0.032782
2002,-0.007956
2003,0.034154
2004,0.035644
2005,0.049410
2006,0.021563
2007,-0.049774
2008,-0.036496
2009,0.017289
2010,0.005051
2011,-0.043928
2012,-0.015635
2013,0.008353
2014,-0.014093
2015,-0.012150
2016,0.004425
2017,0.000641
2018,-0.040096
2019,-0.077495
2020,-0.079052
2021,-0.022791
2022,0.028215
2023,0.061870
2024,0.079485
2025,0.085469
2026,0.033891
2027,0.018892
2028,0.020198
2029,-0.014383
2030,0.019591
2031,0.014110
2032,0.001734
2033,-0.051380
2034,-0.115881
2035,-0.093519
2036,-0.078410
2037,-0.041334
2038,0.046543
2039,0.099253
2040,0.122865
2041,0.085797
2042,0.052774
2043,0.012357
2044,0.018406
2045,0.002158
2046,-0.058271
2047,-0.073326
2048,-0.035497
2049,-0.042003
2050,-0.064679
2051,-0.065466
2052,-0.017566
2053,0.015122
2054,-0.030208
2055,-0.029826
2056,0.060365
2057,0.080443
2058,0.118397
2059,0.134492
2060,0.090357
2061,0.042526
2062,-0.061940
2063,-0.170355
2064,-0.176715
2065,-0.097985
2066,-0.028068
2067,0.014720
2068,0.040571
2069,0.084264
2070,0.094882
2071,0.015603
2072,-0.001670
2073,-0.051011
2074,-0.034160
2075,-0.022025
2076,-0.036160
2077,-0.003844
2078,0.024631
2079,0.038719
2080,0.035589
2081,0.081823
2082,0.085076
2083,0.013175
2084,0.005041
2085,-0.021347
2086,-0.055670
2087,-0.091601
2088,-0.087486
2089,-0.035637
2090,0.007361
2091,-0.014955
2092,-0.037073
2093,0.015102
2094,0.055925
2095,0.074784
2096,0.074049
2097,0.075263
2098,0.061776
2099,-0.016296
2100,-0.061643
2101,-0.058512
2102,-0.003277
2103,-0.039151
2104,-0.028611
2105,-0.022493
2106,-0.033394
2107,-0.023864
2108,0.015031
2109,0.073569
2110,0.066593
2111,0.011270
2112,0.010035
2113,-0.057083
2114,-0.047516
2115,-0.002060
2116,0.002791
2117,0.028519
2118,0.006644
2119,0.010377
2120,0.017233
2121,-0.039799
2122,-0.023073
2123,0.022407
2124,0.002368
2125,-0.025459
2126,-0.026587
2127,-0.039152
2128,-0.062604
2129,-0.042506
2130,0.033696
2131,0.147218
2132,0.131200
2133,0.058592
2134,0.015902
2135,-0.091494
2136,-0.134553
2137,-0.034293
2138,-0.024406
2139,-0.021983
2140,0.042391
2141,0.058200
2142,0.037275
2143,0.012890
2144,0.024619
2145,0.011037
2146,-0.008038
2147,-0.033901
2148,-0.053666
2149,-0.009902
2150,0.052609
2151,0.033798
2152,-0.005832
2153,0.011868
2154,0.003278
2155,-0.006942
2156,0.003078
2157,-0.061434
2158,-0.073483
2159,-0.045936
2160,-0.049573
2161,-0.065868
2162,0.006734
2163,0.056741
2164,0.091147
2165,0.096268
2166,50.840694
2167,945.882446
2168,558.231995
2169,11.900664
2170,195.843964
2171,-17.721840
2172,-32.525410
2173,-56.272003
2174,-50.747261
2175,-11.423462
2176,31.877371
2177,57.430744
2178,69.504524
2179,74.210106
2180,38.008846
2181,-10.415210
2182,-41.250355
2183,-40.853561
2184,-36.950729
2185,-40.083454
2186,-46.311966
2187,-32.411060
2188,-6.957851
2189,26.207933
2190,36.550323
2191,34.300350
2192,31.009829
2193,30.279333
2194,22.716288
2195,1.574004
2196,-41.544895
2197,-56.310722
2198,-41.799152
2199,-3.878718
2200,36.064198
2201,45.978405
2202,31.230021
2203,-0.900048
2204,-14.964190
2205,-4.850642
2206,-2.111837
2207,-4.200415
2208,-2.706222
2209,-1.927586
2210,1.887151
2211,4.518212
2212,-17.158424
2213,-49.232395
2214,-45.256653
2215,-17.229757
2216,11.637050
2217,36.107639
2218,63.881573
2219,73.132477
2220,44.507343
2221,-167.259506
2222,0.008477
2223,910.508057
2224,183.963058
2225,329.932770
2226,371.533325
2227,-1413.841431
2228,1554.789063
2229,-628.717102
2230,-782.323303
2231,-386.461517
2232,2176.688477
2233,2266.763672
2234,-2291.492676
2235,-2057.216064
2236,1600.946045
2237,74.799538
2238,-1396.115356
2239,1633.323608
2240,-1018.588928
2241,-349.426300
2242,-1615.048706
2243,800.956360
2244,1027.735107
2245,726.220825
2246,1297.611084
2247,259.044312
2248,851.575378
2249,-622.368225
2250,1801.269531
2251,-1347.868286
2252,-83.673370
2253,878.274963
2254,-985.328552
2255,-0.008573
2256,-0.011965
2257,-0.005191
2258,-0.010200
2259,-0.039204
2260,-0.040238
2261,-0.077576
2262,-0.075483
2263,-0.004094
2264,0.052660
2265,0.079060
2266,0.071480
2267,0.038174
2268,-0.013359
2269,-0.049302
2270,-0.030859
2271,-0.044289
2272,-0.063114
2273,-0.003007
2274,0.038580
2275,0.003589
2276,0.027515
2277,0.035668
2278,0.018798
2279,0.015382
2280,-0.019131
2281,-0.027570
2282,0.017862
2283,0.034127
2284,0.021271
2285,-0.037290
2286,-0.083728
2287,-0.097695
2288,-0.067478
2289,-0.027343
2290,0.008988
2291,0.063305
2292,0.099714
2293,0.136508
2294,0.109636
2295,0.015568
2296,-0.037762
2297,-0.050205
2298,-0.062482
2299,-0.021445
2300,-0.046390
2301,-0.036298
2302,-0.010607
2303,-0.054512
2304,-0.039305
2305,-0.002249
2306,0.066424
2307,0.082965
2308,0.073921
2309,0.043051
2310,0.018707
2311,0.007955
2312,0.016119
2313,0.018637
2314,-0.023413
2315,-0.053183
2316,-0.034069
2317,-0.060617
2318,-0.037728
2319,-0.018771
2320,-0.010189
2321,-0.011341
2322,-0.028070
2323,-0.015958
2324,0.018221
2325,0.017711
2326,0.017715
2327,0.028389
2328,0.011803
2329,-0.010272
2330,0.008414
2331,0.022043
2332,0.043109
2333,0.052343
2334,0.018353
2335,0.000621
2336,-0.018399
2337,-0.041094
2338,-0.011611
2339,0.018109
2340,0.014134
2341,0.024996
2342,0.045745
2343,0.004378
2344,-0.011777
2345,-0.048915
2346,-0.100807
2347,-0.041880
2348,-0.026205
2349,-0.055080
2350,0.001644
2351,0.048191
2352,0.026121
2353,0.025376
2354,0.009694
2355,-0.033563
2356,0.006247
2357,0.042952
2358,0.007294
2359,-0.002150
2360,-0.031478
2361,-0.006499
2362,0.039463
2363,-0.006501
2364,-0.057727
2365,-0.069212
2366,-0.027799
2367,0.042118
2368,0.084309
2369,0.051008
2370,-0.019287
2371,-0.045229
2372,-0.021705
2373,-0.029871
2374,0.007083
2375,0.052122
2376,0.056262
2377,0.012024
2378,-0.009870
2379,0.011026
2380,0.024155
2381,-0.025105
2382,-0.013332
2383,-0.019616
2384,-0.068808
2385,-0.053119
2386,-0.069187
2387,-0.016457
2388,0.034562
2389,0.123856
2390,0.112521
2391,0.069190
2392,0.029500
2393,-0.038283
2394,-0.056364
2395,-0.047503
2396,-0.066793
2397,-0.060570
2398,-0.016797
2399,-0.037985
2400,-0.085640
2401,-0.021031
2402,0.048305
2403,0.034802
2404,0.049454
2405,0.083330
2406,0.060042
2407,0.027890
2408,-0.012170
2409,-0.062287
2410,-0.038334
2411,-0.034469
2412,0.006576
2413,0.004995
2414,-0.003473
2415,0.006320
2416,-0.000908
2417,0.064182
2418,0.063312
2419,0.041781
2420,-0.005543
2421,-0.033918
2422,-0.015667
2423,-0.024618
2424,-0.008155
2425,0.002180
2426,-0.042593
2427,-0.040199
2428,-0.034700
2429,-0.029878
2430,0.015160
2431,-0.037968
2432,-0.006915
2433,0.051590
2434,0.037578
2435,0.019436
2436,0.016320
2437,-0.039642
2438,-0.017738
2439,0.020869
2440,0.009174
2441,0.044966
2442,0.032831
2443,-0.014535
2444,-0.032773
2445,-0.038544
2446,-0.056569
2447,-0.065047
2448,0.004275
2449,0.015525
2450,0.013752
2451,-0.001782
2452,0.027423
2453,0.083368
2454,0.088866
2455,0.037936
2456,-0.003613
2457,0.005659
2458,-0.068334
2459,-0.088264
2460,-0.107668
2461,-0.082079
2462,-0.022970
2463,0.028687
2464,0.125949
2465,0.082943
2466,-0.008912
2467,-0.001703
2468,0.003444
2469,-0.046436
2470,-0.030111
2471,-0.000887
2472,0.007333
2473,0.015616
2474,-0.016311
2475,0.010478
2476,0.043594
2477,0.037040
2478,0.025817
2479,0.028977
2480,0.032475
2481,0.009893
2482,-0.055089
2483,-0.074660
2484,-0.021399
2485,-0.014973
2486,-0.030853
2487,-0.043274
2488,-0.040577
2489,-0.000271
2490,0.046634
2491,0.072676
2492,0.076665
2493,0.055545
2494,0.026789
2495,-0.034863
2496,-0.113732
2497,-0.088743
2498,0.007895
2499,0.041984
2500,0.021048
2501,-0.038073
2502,-0.021269
2503,0.009201
2504,0.021717
2505,-0.007157
2506,-0.050033
2507,-0.047421
2508,0.002805
2509,0.053978
2510,0.019773
2511,0.013076
2512,0.034754
2513,0.016119
2514,-0.017672
2515,-0.032753
2516,-0.037879
2517,-0.009083
2518,0.048803
2519,0.070647
2520,0.078542
2521,0.028043
2522,0.039632
2523,-0.012519
2524,-0.098275
2525,-0.070144
2526,-0.006463
2527,-0.002273
2528,0.011359
2529,0.002453
2530,-0.009849
2531,-0.054568
2532,-0.078500
2533,0.003429
2534,-0.012967
2535,0.039616
2536,0.049103
2537,0.072482
2538,0.067205
2539,-0.019697
2540,-0.026169
2541,-0.007895
2542,-0.057649
2543,-0.053976
2544,0.027765
2545,0.031276
2546,0.031341
2547,0.065739
2548,0.048771
2549,0.055321
2550,0.033605
2551,-0.030309
2552,-0.072540
2553,-0.062334
2554,-0.083909
2555,186.077682
2556,79.877670
2557,3.405759
2558,1910.111816
2559,642.341553
2560,-13.602205
2561,38.895138
2562,63.606815
2563,70.144737
2564,41.732811
2565,-7.603056
2566,-30.643118
2567,-24.347418
2568,-16.181742
2569,-5.210434
2570,10.153871
2571,0.969784
2572,-22.288118
2573,-22.781406
2574,-21.920113
2575,-15.710466
2576,-8.023927
2577,33.175846
2578,65.744812
2579,67.211906
2580,27.422123
2581,-29.232487
2582,-63.690891
2583,-67.774681
2584,-54.185871
2585,-2.611835
2586,34.521004
2587,36.845798
2588,37.870586
2589,29.449467
2590,11.999421
2591,-13.927493
2592,-22.772846
2593,4.755995
2594,16.768724
2595,1.815734
2596,-14.875020
2597,-38.155052
2598,-42.803795
2599,-14.684195
2600,3.338640
2601,11.489952
2602,15.327114
2603,28.384594
2604,43.815369
2605,30.557943
2606,-18.266470
2607,-26.056601
2608,-25.479021
2609,-0.681274
2610,0.133919
2611,1465.594482
2612,22.986818
2613,-513.492493
2614,-671.313843
2615,-825.994385
2616,-1890.980835
2617,-1062.759766
2618,-555.389282
2619,-529.440186
2620,2380.253662
2621,-77.124870
2622,1792.208862
2623,1578.989502
2624,-936.184326
2625,-193.251129
2626,967.713745
2627,-277.409607
2628,1311.854370
2629,-1071.786377
2630,-504.819275
2631,-802.893372
2632,-385.990753
2633,-1349.791870
2634,1459.606079
2635,830.671021
2636,1445.987183
2637,1107.264282
2638,-292.614899
2639,-1042.874146
2640,1707.805786
2641,-336.880707
2642,1070.528198
2643,-1106.738159
2644,1400.488037
2645,-1942.291504
2646,1959.133301
2647,761.435303
2648,657.461975
2649,993.194336
2650,254.877655
2651,-194.573242
2652,1891.272583
2653,-1418.607544
2654,-1256.388550
2655,-2116.549072
2656,-662.708862
2657,46.987141
2658,-1068.064331
2659,864.635864
2660,857.645203
2661,-823.760986
2662,1185.343018
2663,322.098541
2664,1511.958984
2665,0.917833
2666,-1894.691040
2667,-552.194885
2668,-0.012058
2669,0.030798
2670,0.090222
2671,0.042723
2672,0.028236
2673,-0.003688
2674,-0.113008
2675,-0.070179
2676,-0.028759
2677,-0.018663
2678,-0.002302
2679,0.024462
2680,0.033809
2681,-0.048698
2682,-0.114063
2683,-0.099525
2684,-0.062362
2685,0.014229
2686,0.081271
2687,0.133648
2688,0.164251
2689,0.115961
2690,0.054563
2691,0.038870
2692,0.004941
2693,-0.013388
2694,-0.022491
2695,-0.006933
2696,-0.019511
2697,-0.070494
2698,-0.082295
2699,-0.069264
2700,-0.035006
2701,-0.006384
2702,0.030777
2703,0.037128
2704,0.054836
2705,0.045980
2706,0.035366
2707,0.004255
2708,-0.092576
2709,-0.082598
2710,-0.058793
2711,-0.000882
2712,-0.002354
2713,0.007822
2714,0.069092
2715,-0.021548
2716,-0.026116
2717,0.008970
2718,-0.023492
2719,0.011649
2720,-0.002029
2721,0.012540
2722,0.052200
2723,-0.006362
2724,-0.045002
2725,-0.042158
2726,-0.051884
2727,-0.011894
2728,0.024141
2729,0.060716
2730,0.050882
2731,0.033431
2732,-0.006474
2733,-0.025472
2734,-0.015821
2735,-0.024764
2736,-0.027418
2737,-0.035220
2738,-0.018545
2739,0.037914
2740,-0.000078
2741,-0.014815
2742,0.002348
2743,0.036886
2744,0.059960
2745,0.070918
2746,0.043242
2747,0.056395
2748,0.039473
2749,-0.090817
2750,-0.157293
2751,-0.125642
2752,-0.102796
2753,-0.028576
2754,0.048203
2755,0.090198
2756,0.099272
2757,0.071697
2758,0.010709
2759,-0.009347
2760,0.006361
2761,-0.003937
2762,-0.068269
2763,-0.053576
2764,-0.053995
2765,-0.018718
2766,-0.052595
2767,-0.003677
2768,0.040135
2769,0.090771
2770,0.063447
2771,0.075867
2772,0.008218
2773,-0.081265
2774,-0.087353
2775,-0.111169
2776,-0.096148
2777,-0.018056
2778,0.031930
2779,0.050664
2780,0.095725
2781,0.118596
2782,0.120280
2783,0.022190
2784,-0.064682
2785,-0.070896
2786,-0.070368
2787,-0.038288
2788,0.046055
2789,0.008337
2790,-0.001289
2791,-0.019330
2792,-0.010625
2793,-0.045010
2794,-0.030142
2795,-0.027692
2796,-0.000826
2797,0.024772
2798,0.031510
2799,0.070738
2800,0.044578
2801,-0.024642
2802,-0.066678
2803,-0.009223
2804,-0.006732
2805,-0.023195
2806,0.007099
2807,0.049171
2808,0.083184
2809,0.005016
2810,-0.051312
2811,-0.041966
2812,-0.005956
2813,0.020433
2814,0.041927
2815,180.222122
2816,88.002945
2817,3.288283
2818,1881.332153
2819,641.128113
2820,13.833564
2821,22.788530
2822,13.058433
2823,-4.947060
2824,-18.749712
2825,-10.111133
2826,0.767919
2827,21.588959
2828,30.252457
2829,25.459541
2830,7.544934
2831,-15.321288
2832,-23.681158
2833,-32.948425
2834,-55.592045
2835,-41.992031
2836,1.195973
2837,43.049618
2838,34.537327
2839,15.004519
2840,8.856472
2841,-2.492894
2842,3.507915
2843,9.142553
2844,9.017326
2845,0.363421
2846,9.993328
2847,6.989949
2848,-0.074418
2849,-14.852014
2850,-20.237680
2851,-18.787428
2852,-7.836411
2853,-8.660202
2854,2.527530
2855,26.483746
2856,14.529097
2857,-0.528709
2858,-0.665469
2859,-14.883672
2860,-23.466261
2861,-19.382889
2862,-2.960975
2863,32.182446
2864,44.238640
2865,35.168964
2866,10.423891
2867,-20.620455
2868,-31.890293
2869,0.031191
2870,0.065607
2871,0.027740
2872,-0.025428
2873,-0.053524
2874,-0.063399
2875,-0.049951
2876,-0.060251
2877,-0.042760
2878,0.011025
2879,0.018751
2880,-0.000274
2881,-0.013169
2882,0.044411
2883,0.013616
2884,-0.008852
2885,-0.004894
2886,0.039667
2887,0.067301
2888,0.046310
2889,0.002338
2890,-0.009470
2891,-0.009829
2892,-0.039289
2893,-0.043152
2894,-0.047853
2895,-0.003521
2896,0.059744
2897,0.084600
2898,0.059752
2899,0.003993
2900,-0.038502
2901,-0.060249
2902,-0.062623
2903,-0.060297
2904,-0.009724
2905,-0.021573
2906,0.009292
2907,0.045078
2908,0.016765
2909,0.027646
2910,-0.043523
2911,-0.078557
2912,-0.077200
2913,-0.006233
2914,0.063832
2915,0.068104
2916,0.044877
2917,0.031609
2918,0.022425
2919,177.879898
2920,91.253052
2921,3.241292
2922,1869.873779
2923,614.200500
2924,-41.031715
2925,-28.687906
2926,2.638414
2927,17.515150
2928,34.537323
2929,32.926678
2930,19.807302
2931,15.204177
2932,-1.449176
2933,-16.658289
2934,-18.782995
2935,-26.227583
2936,-24.027227
2937,-4.674291
2938,2.017368
2939,-2.423735
2940,8.670789
2941,4.442984
2942,20.383978
2943,16.394144
2944,12.860744
2945,30.568743
2946,28.280027
2947,10.836816
2948,-13.438013
2949,-36.359390
2950,-53.134480
2951,-42.736618
2952,-0.455454
2953,32.003036
2954,33.028580
2955,12.525911
2956,3.821805
2957,-11.538765
2958,-17.589657
2959,0.081739
2960,6.255514
2961,13.394948
2962,7.584344
2963,-24.812893
2964,-30.819965
2965,-7.733973
2966,20.783958
2967,26.134443
2968,13.269221
2969,3.931218
2970,-5.091614
2971,-1.823326
2972,-13.986896
2973,-0.009295
2974,-0.015811
2975,0.013418
2976,-0.022625
2977,0.017281
2978,0.028021
2979,0.020789
2980,-0.019823
2981,-0.056895
2982,-0.051780
2983,-0.044243
2984,-0.016120
2985,-0.005605
2986,0.032611
2987,0.051535
2988,0.008793
2989,0.010117
2990,0.007470
2991,0.005415
2992,0.037828
2993,0.044990
2994,-0.016325
2995,-0.040012
2996,-0.066173
2997,-0.078785
2998,0.001145
2999,0.010178
3000,0.047147
3001,0.084087
3002,0.036806
3003,0.035257
3004,-0.005014
3005,-0.065865
3006,-0.037506
3007,-0.079866
3008,-0.107796
3009,-0.042030
3010,-0.020195
3011,0.024307
3012,0.060725
3013,0.054050
3014,0.069713
3015,0.041393
3016,0.009241
3017,-0.015139
3018,-0.069692
3019,-0.053205
3020,-0.011078
3021,-0.012643
3022,0.004848
3023,0.004450
3024,0.001202
3025,-0.022332
3026,0.012397
3027,0.019071
3028,0.031399
3029,0.068016
3030,0.077296
3031,0.076790
3032,0.054826
3033,0.006430
3034,-0.064204
3035,-0.069927
3036,-0.028131
3037,-0.059731
3038,-0.080708
3039,-0.050761
3040,-0.002587
3041,0.021597
3042,0.074720
3043,0.024659
3044,-0.023421
3045,-0.015301
3046,-0.004897
3047,0.025595
3048,0.076777
3049,0.078765
3050,0.032167
3051,-0.020364
3052,-0.063344
3053,-0.068799
3054,-0.059923
3055,-0.025602
3056,-0.008287
3057,-0.006867
3058,-0.016166
3059,-0.026385
3060,0.001223
3061,0.000030
3062,0.051438
3063,0.085208
3064,0.079680
3065,0.059536
3066,-0.049733
3067,-0.071530
3068,-0.063404
3069,-0.073556
3070,-0.017791
3071,0.000800
3072,0.052498
3073,0.013269
3074,-0.012108
3075,0.024541
3076,-0.008162
3077,0.030811
3078,0.029801
3079,-0.010156
3080,0.006671
3081,-0.014378
3082,-0.026979
3083,0.008204
3084,-0.006377
3085,-0.020694
3086,-0.003532
3087,-0.042974
3088,-0.009531
3089,0.059397
3090,0.019911
3091,-0.013509
3092,-0.018837
3093,-0.007830
3094,-0.038750
3095,-0.022636
3096,0.003697
3097,0.017154
3098,0.000576
3099,0.001218
3100,0.053364
3101,0.074649
3102,0.045337
3103,0.007420
3104,0.004316
3105,0.024428
3106,-0.036419
3107,-0.081485
3108,-0.079482
3109,-0.021934
3110,-0.006278
3111,-0.050720
3112,-0.065114
3113,-0.047938
3114,0.016146
3115,0.096540
3116,0.137052
3117,0.137681
3118,0.079954
3119,0.001453
3120,-0.053289
3121,-0.085064
3122,-0.089596
3123,-0.066516
3124,-0.033557
3125,0.005551
3126,-0.050366
3127,-0.029045
3128,0.034769
3129,0.048298
3130,0.053813
3131,0.036037
3132,0.024417
3133,-0.005506
3134,-0.012150
3135,0.023754
3136,0.020524
3137,-0.020827
3138,-0.047228
3139,-0.022271
3140,-0.047767
3141,-0.037928
3142,-0.006195
3143,-0.006080
3144,0.004659
3145,0.051660
3146,0.059002
3147,0.046091
3148,0.041919
3149,-0.017985
3150,-0.012097
3151,-0.011125
3152,-0.028738
3153,-0.032254
3154,-0.039654
3155,-0.034875
3156,-0.011530
3157,0.019458
3158,0.014634
3159,-0.012996
3160,0.025081
3161,0.020054
3162,0.051527
3163,0.039604
3164,-0.013192
3165,-0.008446
3166,-0.005824
3167,-0.047473
3168,-0.067347
3169,-0.070995
3170,-0.021902
3171,0.057264
3172,0.096099
3173,0.094574
3174,0.037088
3175,-0.002422
3176,-0.068110
3177,-0.060340
3178,-0.059632
3179,-0.045641
3180,0.024978
3181,0.062429
3182,0.024099
3183,0.034660
3184,0.027009
3185,-0.046152
3186,-0.082009
3187,-0.050762
3188,0.015432
3189,0.020432
3190,0.000967
3191,-0.008224
3192,0.028775
3193,0.035184
3194,0.014405
3195,-0.008989
3196,-0.004747
3197,0.001129
3198,-0.026976
3199,-0.014324
3200,0.020015
3201,0.060863
3202,0.097475
3203,0.043937
3204,0.024244
3205,-0.041100
3206,-0.044592
3207,-0.034138
3208,-0.063420
3209,-0.060054
3210,-0.083778
3211,-0.071566
3212,0.000349
3213,0.026784
3214,0.016801
3215,-0.002245
3216,0.026010
3217,0.040713
3218,0.049406
3219,0.076077
3220,0.071644
3221,0.032984
3222,-0.021194
3223,-0.096015
3224,-0.160904
3225,-0.084184
3226,0.015920
3227,0.054405
3228,0.106624
3229,0.083737
3230,0.025239
3231,-0.014855
3232,-0.022990
3233,-0.043485
3234,-0.031087
3235,0.027694
3236,0.023740
3237,-0.010347
3238,0.035976
3239,0.032863
3240,-0.019218
3241,-0.024216
3242,-0.056335
3243,-0.024490
3244,0.033073
3245,0.032206
3246,0.029245
3247,-0.013620
3248,-0.056385
3249,-0.056360
3250,-0.014462
3251,0.023895
3252,0.019902
3253,0.066161
3254,0.011056
3255,-0.019413
3256,-0.041890
3257,-0.021824
3258,0.029352
3259,0.019274
3260,0.017104
3261,0.017551
3262,-0.004811
3263,-0.006083
3264,-0.001174
3265,-0.023787
3266,-0.042471
3267,-0.044928
3268,0.004375
3269,-0.000848
3270,-0.022374
3271,0.003167
3272,0.000655
3273,0.030583
3274,0.064227
3275,0.062112
3276,0.037222
3277,0.003869
3278,0.033295
3279,0.050187
3280,0.031331
3281,-0.016098
3282,-0.084669
3283,-0.083453
3284,-0.082210
3285,-0.077536
3286,-0.023710
3287,-0.064526
3288,-0.039237
3289,0.027869
3290,0.067687
3291,0.113834
3292,0.086267
3293,0.066457
3294,0.004909
3295,-0.065123
3296,-0.086074
3297,-0.032032
3298,-0.008662
3299,0.012886
3300,0.035237
3301,-0.017152
3302,0.020161
3303,0.047794
3304,0.015158
3305,0.010531
3306,-0.032790
3307,-0.045930
3308,0.002113
3309,0.025532
3310,-0.020804
3311,-0.003488
3312,-0.025795
3313,-0.024077
3314,0.043225
3315,-0.002767
3316,0.011022
3317,0.009741
3318,-0.019361
3319,-0.030098
3320,0.003470
3321,0.007066
3322,0.002538
3323,-0.006253
3324,-0.001852
3325,0.051359
3326,0.010488
3327,-0.022546
3328,0.013360
3329,-0.009630
3330,-0.048480
3331,-0.018280
3332,-0.025381
3333,0.006954
3334,0.051309
3335,0.032385
3336,0.046444
3337,0.017479
3338,-0.067507
3339,-0.073803
3340,-0.063669
3341,-0.009824
3342,0.017691
3343,0.037158
3344,0.007146
3345,-0.003069
3346,0.018473
3347,-0.009042
3348,0.021668
3349,0.037358
3350,0.035621
3351,0.043015
3352,0.010662
3353,-0.042543
3354,-0.027885
3355,-0.003387
3356,-0.026662
3357,0.006279
3358,0.056454
3359,0.009805
3360,-0.048657
3361,-0.077885
3362,-0.094608
3363,-0.052439
3364,-0.018820
3365,0.001319
3366,0.061561
3367,0.075579
3368,0.076225
3369,0.060886
3370,0.047517
3371,0.004048
3372,-0.036757
3373,-0.065527
3374,-0.094275
3375,-0.043869
3376,-0.004773
3377,0.057875
3378,0.095563
3379,0.029141
3380,-0.005822
3381,-0.042587
3382,-0.075315
3383,-0.035523
3384,-0.022237
3385,-0.019018
3386,0.024383
3387,0.016485
3388,0.065933
3389,0.072375
3390,0.047850
3391,0.028952
3392,0.002470
3393,-0.010085
3394,-0.056617
3395,-0.039196
3396,-0.012984
3397,-0.033297
3398,0.005422
3399,0.014235
3400,-0.036192
3401,-0.053484
3402,-0.031191
3403,-0.006605
3404,-0.012726
3405,0.012143
3406,0.022119
3407,0.046871
3408,0.004172
3409,0.036146
3410,0.024237
3411,0.030433
3412,-0.004061
3413,-0.011428
3414,-0.007828
3415,-0.044235
3416,-0.037362
3417,-0.044813
3418,0.009686
3419,0.048589
3420,0.037915
3421,0.056138
3422,0.064094
3423,166.529114
3424,107.003578
3425,3.013568
3426,1813.402344
3427,594.630188
3428,-14.622277
3429,-43.197067
3430,-59.516228
3431,-43.400127
3432,-6.328614
3433,22.603493
3434,18.540257
3435,11.593186
3436,2.372170
3437,14.735328
3438,33.706566
3439,27.054089
3440,8.836304
3441,-13.873994
3442,-23.696476
3443,-22.286926
3444,-27.747097
3445,-24.849800
3446,7.723280
3447,19.600779
3448,15.227212
3449,10.470249
3450,-13.567461
3451,-9.327123
3452,-8.114220
3453,-3.723722
3454,-2.475653
3455,11.689818
3456,19.872303
3457,16.186529
3458,2.762602
3459,-19.413509
3460,-23.878712
3461,-9.005960
3462,2.931365
3463,5.522356
3464,-5.101772
3465,1.359629
3466,35.580494
3467,26.161596
3468,10.969548
3469,1.418405
3470,-2.515140
3471,-20.555229
3472,-22.724268
3473,-2.648893
3474,5.410426
3475,-5.273212
3476,-18.049095
3477,0.038252
3478,-0.041088
3479,-0.056501
3480,-0.094021
3481,-0.092833
3482,-0.102363
3483,-0.036828
3484,0.053660
3485,0.083514
3486,0.107715
3487,0.086220
3488,0.050626
3489,0.004262
3490,-0.016811
3491,-0.019419
3492,-0.005729
3493,0.010086
3494,0.011262
3495,-0.027635
3496,-0.048699
3497,-0.047890
3498,-0.018331
3499,0.012361
3500,-0.007242
3501,0.039101
3502,0.009589
3503,0.016763
3504,0.010259
3505,-0.002848
3506,-0.021408
3507,0.011314
3508,0.004184
3509,-0.045611
3510,-0.018032
3511,-0.012726
3512,0.026454
3513,0.011672
3514,-0.028880
3515,0.008281
3516,-0.020101
3517,-0.083866
3518,-0.013473
3519,0.057030
3520,0.024795
3521,0.032308
3522,0.030102
3523,0.020191
3524,0.011288
3525,-0.019331
3526,-0.052754
3527,164.186890
3528,110.253685
3529,2.966577
3530,1805.311157
3531,582.169434
3532,13.499655
3533,11.325319
3534,-7.485363
3535,-41.943409
3536,-33.152634
3537,-6.019656
3538,26.411428
3539,57.936466
3540,26.951830
3541,9.607423
3542,2.583974
3543,-9.184382
3544,-26.144947
3545,-28.076473
3546,-8.235711
3547,1.089984
3548,2.397099
3549,7.895319
3550,14.094943
3551,27.410114
3552,15.564211
3553,-3.643964
3554,-24.297148
3555,-13.385036
3556,3.489222
3557,-2.543113
3558,-29.525957
3559,-30.781759
3560,-15.287458
3561,-12.009326
3562,18.220070
3563,51.249352
3564,45.520390
3565,28.821894
3566,11.555138
3567,-12.749788
3568,-26.433113
3569,-34.604385
3570,-36.158493
3571,-15.109354
3572,1.806719
3573,12.463717
3574,13.088918
3575,6.679080
3576,23.308554
3577,20.052935
3578,17.340124
3579,16.982611
3580,-6.019857
3581,0.011749
3582,0.010168
3583,0.015327
3584,0.033728
3585,-0.024736
3586,-0.046658
3587,-0.035340
3588,0.002774
3589,-0.006400
3590,-0.004294
3591,0.022013
3592,0.057474
3593,0.071444
3594,0.061337
3595,0.016778
3596,-0.036905
3597,-0.072155
3598,-0.024386
3599,-0.025403
3600,-0.049764
3601,-0.005459
3602,0.019842
3603,0.019601
3604,0.051904
3605,0.020081
3606,-0.043736
3607,-0.042292
3608,-0.011064
3609,0.005537
3610,-0.029235
3611,-0.025394
3612,-0.032937
3613,-0.099097
3614,-0.026130
3615,0.092929
3616,0.129938
3617,0.113965
3618,0.050026
3619,0.031128
3620,0.014031
3621,-0.056812
3622,-0.097022
3623,-0.087282
3624,-0.074406
3625,-0.002239
3626,0.035796
3627,-0.007547
3628,0.012697
3629,0.061176
3630,0.075107
3631,0.033304
3632,-0.031638
3633,-0.031580
3634,-0.011729
3635,-0.050067
3636,-0.044351
3637,-0.003494
3638,0.015117
3639,-0.014306
3640,0.020084
3641,0.068275
3642,0.074968
3643,0.058826
3644,-0.027212
3645,-0.063069
3646,-0.051282
3647,-0.050310
3648,-0.037564
3649,-0.001520
3650,0.028090
3651,-0.030985
3652,-0.050089
3653,0.013654
3654,-0.001954
3655,0.008893
3656,0.047726
3657,0.051500
3658,0.038881
3659,0.045481
3660,0.017280
3661,-0.034673
3662,-0.077906
3663,-0.118395
3664,-0.064967
3665,0.020963
3666,0.109310
3667,0.104745
3668,0.068394
3669,0.019524
3670,-0.002753
3671,-0.037895
3672,-0.118406
3673,-0.051866
3674,0.028641
3675,0.071821
3676,0.052395
3677,0.025573
3678,-0.014617
3679,-0.028183
3680,-0.057135
3681,-0.066521
3682,-0.075223
3683,-0.001209
3684,0.009513
3685,-0.001223
3686,-0.000877
3687,0.032673
3688,0.035416
3689,0.042572
3690,0.048372
3691,0.033755
3692,0.021398
3693,0.028266
3694,-0.033845
3695,-0.119562
3696,-0.082111
3697,-0.046161
3698,-0.068382
3699,-0.005143
3700,0.041643
3701,0.064080
3702,0.070996
3703,0.082580
3704,0.115191
3705,0.064014
3706,0.044150
3707,-0.002604
3708,-0.104957
3709,-0.124771
3710,-0.092315
3711,-0.099065
3712,-0.038671
3713,0.061331
3714,0.076128
3715,0.063581
3716,0.043807
3717,-0.025235
3718,-0.035149
3719,0.012965
3720,-0.006716
3721,0.019326
3722,-0.005151
3723,-0.004237
3724,0.001348
3725,-0.037422
3726,-0.005372
3727,0.046703
3728,0.018892
3729,-0.003990
3730,0.014749
3731,-0.037480
3732,-0.051130
3733,-0.011025
3734,0.029235
3735,0.043734
3736,-0.006724
3737,0.004037
3738,-0.025741
3739,0.019576
3740,0.044679
3741,-0.015734
3742,-0.013226
3743,-0.023657
3744,-0.018965
3745,0.012715
3746,0.019616
3747,0.001711
3748,0.008103
3749,-0.031031
3750,-0.046622
3751,0.012536
3752,-0.008456
3753,0.018889
3754,0.012067
3755,0.011754
3756,-0.013924
3757,-0.049730
3758,0.016493
3759,0.032482
3760,-0.029985
3761,-0.027121
3762,0.063275
3763,-0.013814
3764,0.033135
3765,0.080089
3766,-0.009821
3767,-0.014417
3768,-0.023552
3769,-0.057742
3770,-0.021309
3771,0.002863
3772,0.010155
3773,-0.024657
3774,-0.052564
3775,-0.034087
3776,-0.048549
3777,-0.004114
3778,0.067652
3779,0.079604
3780,0.048916
3781,0.032846
3782,-0.032274
3783,-0.049580
3784,-0.071204
3785,-0.050014
3786,0.025649
3787,0.065077
3788,0.076696
3789,0.057089
3790,0.011314
3791,-0.048412
3792,-0.062174
3793,-0.066552
3794,-0.066999
3795,-0.042751
3796,0.023595
3797,0.053250
3798,0.024287
3799,0.069898
3800,0.058192
3801,0.012331
3802,0.003749
3803,-0.000306
3804,0.043691
3805,0.039239
3806,0.002653
3807,0.001939
3808,-0.061661
3809,-0.054900
3810,-0.036089
3811,-0.046477
3812,-0.003445
3813,0.011563
3814,-0.029302
3815,0.021292
3816,0.041766
3817,0.031353
3818,0.008691
3819,-0.060007
3820,-0.058138
3821,-0.040553
3822,-0.030764
3823,0.033317
3824,0.044993
3825,0.048044
3826,0.035918
3827,-0.003900
3828,0.039743
3829,0.027073
3830,-0.026010
3831,-0.048931
3832,-0.062792
3833,-0.019749
3834,0.008125
3835,-0.034999
3836,-0.003718
3837,0.058407
3838,0.040140
3839,-0.008793
3840,-0.057526
3841,-0.055845
3842,-0.038141
3843,0.053503
3844,0.086945
3845,0.030583
3846,0.013996
3847,0.013663
3848,-0.011944
3849,-0.055825
3850,-0.041640
3851,0.009794
3852,0.055582
3853,0.056482
3854,0.057397
3855,0.010397
3856,-0.030834
3857,-0.087898
3858,-0.099369
3859,-0.033264
3860,0.012271
3861,-0.028117
3862,-0.020734
3863,-0.000843
3864,0.027138
3865,0.050664
3866,0.004901
3867,0.000095
3868,-0.013391
3869,-0.020387
3870,0.001307
3871,-0.005605
3872,0.015739
3873,0.052221
3874,0.050182
3875,0.018334
3876,-0.012466
3877,-0.060638
3878,-0.033579
3879,-0.020642
3880,0.027876
3881,0.067265
3882,0.068091
3883,0.045488
3884,-0.014182
3885,-0.045738
3886,-0.007880
3887,-0.029312
3888,-0.052303
3889,-0.028188
3890,0.006268
3891,0.040555
3892,0.012058
3893,-0.025664
3894,0.010383
3895,-0.009396
3896,-0.027732
3897,-0.049874
3898,-0.081401
3899,-0.077844
3900,0.004417
3901,0.054323
3902,0.115342
3903,0.061824
3904,-0.010468
3905,-0.013340
3906,0.032685
3907,0.036752
3908,0.023588
3909,0.031733
3910,0.007901
3911,-0.035373
3912,-0.022734
3913,-0.028105
3914,0.020552
3915,0.044057
3916,0.012773
3917,-0.024426
3918,-0.041791
3919,-0.061274
3920,-0.035700
3921,0.011050
3922,0.059715
3923,0.001816
3924,-0.025866
3925,-0.058341
3926,-0.073531
3927,-0.039751
3928,-0.014278
3929,-0.011660
3930,0.022426
3931,0.018360
3932,0.057078
3933,0.050804
3934,0.049535
3935,0.064844
3936,0.069731
3937,0.029877
3938,0.015909
3939,-0.059649
3940,-0.082204
3941,-0.048289
3942,-0.064373
3943,-0.053642
3944,-0.017550
3945,-0.010658
3946,-0.001633
3947,0.068251
3948,0.043119
3949,0.050441
3950,0.048456
3951,0.032381
3952,0.006182
3953,0.026323
3954,-0.012299
3955,-0.037730
3956,-0.037492
3957,-0.046002
3958,-0.048317
3959,-0.000141
3960,0.077096
3961,0.088463
3962,0.011176
3963,-0.003891
3964,-0.033035
3965,-0.059952
3966,-0.018054
3967,-0.054778
3968,-0.075064
3969,-0.019527
3970,0.017923
3971,0.069933
3972,0.035633
3973,-0.015265
3974,-0.029682
3975,-0.001325
3976,0.003545
3977,-0.043376
3978,0.010770
3979,0.015115
3980,-0.046582
3981,-0.028523
3982,0.028256
3983,0.042518
3984,0.080889
3985,0.063450
3986,0.086306
3987,0.036269
3988,-0.056552
3989,-0.077939
3990,-0.087620
3991,-0.090604
3992,-0.042693
3993,0.052558
3994,0.054125
3995,0.039633
3996,0.057758
3997,0.041992
3998,0.018537
3999,-0.020563
4000,-0.075758
4001,-0.069737
4002,-0.068428
4003,-0.092565
4004,-0.028249
4005,0.018988
4006,0.055672
4007,0.070067
4008,0.046244
4009,0.005951
4010,0.003638
4011,0.046148
4012,0.065319
4013,0.012733
4014,-0.062541
4015,-0.074180
4016,-0.059256
4017,-0.075015
4018,-0.048973
4019,0.033201
4020,0.076221
4021,0.073382
4022,0.089427
4023,0.103791
4024,0.063908
4025,0.010857
4026,-0.067744
4027,-0.103642
4028,-0.097068
4029,-0.045260
4030,0.021022
4031,152.836090
4032,126.004211
4033,2.738853
4034,1748.969360
4035,539.130188
4036,8.242504
4037,3.499397
4038,-3.323514
4039,-2.855483
4040,-5.551181
4041,-13.322732
4042,-0.966758
4043,18.878952
4044,33.442280
4045,19.952860
4046,-8.066671
4047,-20.087494
4048,-2.671959
4049,2.538527
4050,7.079082
4051,4.038854
4052,12.848299
4053,10.122643
4054,-10.135049
4055,-24.282808
4056,-27.934006
4057,-25.758881
4058,-14.772434
4059,3.735326
4060,16.886198
4061,16.907940
4062,3.633488
4063,15.681048
4064,24.546255
4065,25.567768
4066,-5.170766
4067,-25.616842
4068,-9.995893
4069,-0.867221
4070,2.886319
4071,11.400968
4072,0.050831
4073,-5.230618
4074,-4.788473
4075,-17.497190
4076,-27.982151
4077,-31.549004
4078,-18.413540
4079,13.801301
4080,25.178812
4081,26.260595
4082,15.510983
4083,8.934974
4084,14.335707
4085,-0.033202
4086,0.000513
4087,-0.001376
4088,0.026728
4089,-0.050999
4090,-0.038609
4091,-0.012212
4092,-0.056752
4093,0.018034
4094,0.021195
4095,-0.049367
4096,-0.050998
4097,-0.048315
4098,0.031068
4099,0.087493
4100,0.110385
4101,0.086336
4102,0.018578
4103,-0.081965
4104,-0.053352
4105,-0.015886
4106,-0.011781
4107,0.034251
4108,0.027565
4109,0.045491
4110,0.016326
4111,-0.006257
4112,0.026875
4113,-0.015964
4114,-0.065741
4115,-0.051296
4116,-0.021784
4117,0.003892
4118,-0.015567
4119,-0.030557
4120,-0.010691
4121,0.042847
4122,0.006968
4123,-0.006243
4124,-0.025897
4125,0.006775
4126,-0.000620
4127,-0.001854
4128,0.020777
4129,0.001271
4130,-0.021668
4131,0.009754
4132,-0.005096
4133,0.004991
4134,0.064298
4135,0.050534
4136,0.017563
4137,0.007554
4138,-0.098040
4139,-0.159843
4140,-0.121644
4141,-0.070199
4142,0.049343
4143,0.100332
4144,0.124815
4145,0.095950
4146,0.020593
4147,0.002850
4148,0.014925
4149,-0.009459
4150,-0.014671
4151,0.012925
4152,-0.001706
4153,-0.092739
4154,-0.043089
4155,0.048689
4156,0.060348
4157,0.082522
4158,0.075043
4159,0.049066
4160,-0.031603
4161,-0.114089
4162,-0.112198
4163,-0.094038
4164,-0.058129
4165,-0.003392
4166,0.029305
4167,0.060723
4168,0.048688
4169,0.010578
4170,-0.033691
4171,-0.064325
4172,-0.043152
4173,0.034815
4174,0.009845
4175,0.019508
4176,0.038661
4177,0.018519
4178,0.048961
4179,0.031851
4180,0.049578
4181,0.002390
4182,-0.039976
4183,-0.009356
4184,0.030532
4185,149.367798
4186,130.816879
4187,2.669271
4188,1731.627197
4189,521.541443
4190,-28.712748
4191,-45.683266
4192,-24.040161
4193,20.247126
4194,42.095886
4195,29.684662
4196,-11.900069
4197,-3.773968
4198,21.002802
4199,37.537285
4200,19.179399
4201,-14.017597
4202,-38.567299
4203,-46.618107
4204,-27.677849
4205,-3.689576
4206,14.547600
4207,14.347950
4208,1.273005
4209,8.263480
4210,25.727150
4211,10.793381
4212,-2.968021
4213,-8.398826
4214,6.227974
4215,-7.503064
4216,-14.804633
4217,-3.585815
4218,8.268320
4219,5.527978
4220,-13.091340
4221,-27.137177
4222,-6.661368
4223,12.386670
4224,19.194836
4225,22.895157
4226,-2.222090
4227,-41.427319
4228,-28.626425
4229,-10.342933
4230,14.661234
4231,42.095390
4232,50.941948
4233,36.991329
4234,2.164518
4235,-25.100042
4236,-28.002035
4237,-29.933403
4238,-27.600002
4239,-0.029138
4240,-0.037172
4241,-0.004412
4242,-0.003648
4243,-0.051040
4244,-0.055722
4245,-0.079028
4246,-0.012255
4247,0.034709
4248,-0.056005
4249,-0.005620
4250,0.052933
4251,0.048946
4252,0.060119
4253,0.007570
4254,-0.034437
4255,-0.009908
4256,0.047525
4257,0.062611
4258,0.084004
4259,0.004200
4260,-0.036659
4261,0.006106
4262,0.013352
4263,0.017613
4264,0.012576
4265,0.015572
4266,0.014028
4267,-0.044859
4268,-0.078615
4269,-0.069026
4270,-0.047372
4271,-0.037253
4272,-0.072683
4273,0.008616
4274,0.050358
4275,0.037585
4276,0.042726
4277,0.019462
4278,-0.026352
4279,-0.036788
4280,-0.005857
4281,0.049678
4282,0.053116
4283,-0.002766
4284,-0.029888
4285,0.003150
4286,0.050664
4287,0.055772
4288,0.044106
4289,-0.005583
4290,-0.013432
4291,-0.002726
4292,-0.002515
4293,-0.025039
4294,-0.067847
4295,-0.067861
4296,-0.087109
4297,-0.053205
4298,0.003114
4299,0.027383
4300,0.045171
4301,0.017229
4302,0.032356
4303,0.019489
4304,-0.004776
4305,-0.010754
4306,0.026212
4307,0.004413
4308,0.006873
4309,0.021070
4310,-0.015739
4311,0.011248
4312,0.020026
4313,0.019243
4314,-0.018074
4315,0.015713
4316,0.021186
4317,-0.056020
4318,-0.045303
4319,-0.041381
4320,-0.016627
4321,-0.014629
4322,-0.006824
4323,0.048468
4324,0.063866
4325,0.035150
4326,0.004686
4327,-0.005324
4328,-0.051845
4329,-0.050734
4330,0.012993
4331,0.010584
4332,0.026648
4333,0.016237
4334,0.019342
4335,0.024343
4336,0.004791
4337,-0.023993
4338,-0.045429
4339,145.899506
4340,135.629532
4341,2.599689
4342,1714.441528
4343,515.508240
4344,15.145264
4345,18.310549
4346,23.160202
4347,29.563847
4348,32.259117
4349,16.131529
4350,-33.137997
4351,-86.941040
4352,-88.445656
4353,-36.771919
4354,21.995922
4355,60.291477
4356,71.511688
4357,49.191341
4358,25.030113
4359,-24.610165
4360,-53.366665
4361,-41.161732
4362,-29.910978
4363,1.763446
4364,27.373095
4365,36.922031
4366,24.927172
4367,21.654436
4368,6.678351
4369,-10.808187
4370,-34.786606
4371,-46.847065
4372,-36.009605
4373,-8.803942
4374,23.955675
4375,38.232788
4376,22.749527
4377,15.840631
4378,19.760517
4379,20.445766
4380,1.201184
4381,-16.592060
4382,-15.428871
4383,-51.323246
4384,-80.019745
4385,-35.524784
4386,1.995169
4387,32.681152
4388,51.233795
4389,57.627136
4390,51.611935
4391,41.773331
4392,5.439319
4393,0.027140
4394,0.010677
4395,-0.030382
4396,-0.040530
4397,0.024102
4398,-0.001890
4399,0.031291
4400,0.013018
4401,-0.012076
4402,-0.037200
4403,-0.044187
4404,-0.026026
4405,0.006466
4406,-0.024943
4407,-0.023443
4408,0.013073
4409,-0.003311
4410,-0.019083
4411,0.000241
4412,0.038620
4413,0.021037
4414,0.013286
4415,0.030441
4416,-0.019593
4417,-0.062424
4418,-0.066563
4419,-0.027189
4420,0.005957
4421,0.028819
4422,0.028857
4423,0.032645
4424,0.053771
4425,0.040684
4426,0.006100
4427,-0.014555
4428,-0.022918
4429,-0.025901
4430,-0.004740
4431,0.008702
4432,-0.017114
4433,-0.020530
4434,0.014428
4435,0.045281
4436,0.008476
4437,0.001176
4438,0.003279
4439,-0.010297
4440,-0.026855
4441,-0.004125
4442,0.009007
4443,143.557281
4444,138.879639
4445,2.552698
4446,1702.687500
4447,481.296051
4448,-42.649124
4449,-26.916063
4450,10.090520
4451,21.008997
4452,24.309254
4453,9.539207
4454,-15.509959
4455,-24.688602
4456,-14.596535
4457,-5.296842
4458,-14.987926
4459,-4.576293
4460,15.314685
4461,17.521893
4462,10.076577
4463,6.678532
4464,20.878660
4465,9.033325
4466,-10.945898
4467,-5.762998
4468,-1.144386
4469,1.563178
4470,14.364585
4471,28.371447
4472,10.093655
4473,-15.719731
4474,-29.261137
4475,-33.298180
4476,-29.422146
4477,-35.011864
4478,-34.330124
4479,-11.783537
4480,25.464006
4481,55.291527
4482,56.966717
4483,40.885498
4484,21.653851
4485,8.996616
4486,-11.083649
4487,-18.729483
4488,-22.795954
4489,-27.033398
4490,-30.250099
4491,-19.892849
4492,8.130501
4493,22.199345
4494,20.555655
4495,19.555101
4496,11.321590
4497,0.025709
4498,0.037678
4499,0.002899
4500,-0.002339
4501,-0.033253
4502,-0.034673
4503,-0.021974
4504,-0.009027
4505,0.021487
4506,-0.036068
4507,-0.047948
4508,0.008275
4509,0.082370
4510,0.077082
4511,-0.012817
4512,-0.040231
4513,-0.019596
4514,-0.001201
4515,-0.022020
4516,-0.008970
4517,-0.024516
4518,-0.015247
4519,0.007389
4520,-0.004799
4521,-0.026537
4522,-0.014816
4523,-0.035291
4524,-0.002650
4525,0.077927
4526,0.078438
4527,0.066406
4528,0.038563
4529,-0.043065
4530,-0.016661
4531,-0.054152
4532,-0.061410
4533,-0.024448
4534,-0.027191
4535,-0.014203
4536,0.009684
4537,0.014057
4538,0.024480
4539,0.002493
4540,-0.011446
4541,-0.029802
4542,0.001404
4543,0.024248
4544,-0.012287
4545,-0.006096
4546,0.039881
4547,0.045733
4548,0.035074
4549,0.032236
4550,-0.024957
4551,-0.032430
4552,-0.049631
4553,-0.078107
4554,-0.020531
4555,0.021221
4556,0.047299
4557,0.038658
4558,0.038165
4559,-0.002137
4560,-0.031643
4561,0.005830
4562,0.043229
4563,0.049802
4564,0.040617
4565,0.008082
4566,-0.041633
4567,-0.064553
4568,-0.095391
4569,-0.104665
4570,-0.083362
4571,0.014888
4572,0.106828
4573,0.049482
4574,0.077847
4575,0.056005
4576,0.001899
4577,-0.003612
4578,-0.014610
4579,-0.004680
4580,0.025764
4581,0.003826
4582,-0.052508
4583,-0.054954
4584,-0.105619
4585,-0.084399
4586,0.017500
4587,0.061960
4588,0.040366
4589,0.010998
4590,0.013836
4591,0.010849
4592,0.032802
4593,0.052894
4594,0.057776
4595,0.046347
4596,0.073660
4597,0.027537
4598,-0.028669
4599,-0.071295
4600,-0.102830
4601,-0.107705
4602,-0.069595
4603,0.018071
4604,0.039686
4605,0.034820
4606,0.029990
4607,-0.000356
4608,0.001804
4609,0.035410
4610,-0.022691
4611,-0.035775
4612,-0.000185
4613,0.012197
4614,0.020885
4615,-0.028129
4616,-0.041127
4617,-0.027269
4618,-0.014005
4619,-0.002796
4620,0.005161
4621,0.030666
4622,0.062679
4623,0.038301
4624,-0.002648
4625,-0.064185
4626,-0.079689
4627,0.005240
4628,-0.003470
4629,0.027308
4630,0.038796
4631,0.054530
4632,0.066173
4633,0.046783
4634,0.048011
4635,-0.002102
4636,-0.011041
4637,-0.022137
4638,-0.106835
4639,-0.119443
4640,-0.130289
4641,-0.120518
4642,-0.059489
4643,0.047498
4644,0.143089
4645,0.161416
4646,0.113620
4647,-0.000973
4648,-0.002225
4649,-0.031051
4650,-0.051863
4651,-0.038937
4652,-0.046159
4653,0.017834
4654,0.058442
4655,-0.012925
4656,0.010262
4657,0.046371
4658,-0.013906
4659,-0.048278
4660,-0.002017
4661,-0.017440
4662,-0.026111
4663,0.012098
4664,0.007531
4665,-0.020225
4666,-0.060121
4667,-0.033875
4668,0.048391
4669,0.065822
4670,0.023185
4671,0.000832
4672,-0.018116
4673,0.034163
4674,0.046295
4675,0.010046
4676,0.008333
4677,0.021241
4678,0.035505
4679,0.021594
4680,-0.017399
4681,-0.023690
4682,-0.021304
4683,0.021763
4684,-0.033630
4685,-0.077034
4686,-0.077012
4687,-0.026655
4688,0.068486
4689,0.062442
4690,0.012145
4691,0.024226
4692,-0.038546
4693,-0.098985
4694,-0.107313
4695,-0.045230
4696,0.018058
4697,-0.001382
4698,0.008325
4699,0.022725
4700,0.062585
4701,0.028353
4702,0.061846
4703,0.048371
4704,-0.013026
4705,0.015242
4706,0.038515
4707,-0.034467
4708,-0.060691
4709,-0.070658
4710,-0.065616
4711,-0.018935
4712,0.046517
4713,0.033885
4714,0.025283
4715,0.037956
4716,0.041532
4717,0.023369
4718,0.015812
4719,0.020394
4720,-0.004237
4721,-0.042666
4722,-0.058599
4723,-0.023158
4724,-0.000720
4725,0.001241
4726,0.006491
4727,-0.006844
4728,-0.028328
4729,0.022001
4730,0.051771
4731,0.000883
4732,0.013670
4733,0.014040
4734,0.030848
4735,0.003076
4736,-0.030531
4737,-0.101124
4738,-0.075186
4739,-0.020595
4740,-0.058980
4741,-0.064337
4742,0.012624
4743,0.100019
4744,0.070285
4745,0.000654
4746,0.025130
4747,0.021479
4748,-0.010555
4749,-0.023096
4750,-0.007443
4751,0.023489
4752,0.049233
4753,0.038924
4754,0.036486
4755,0.002598
4756,-0.047311
4757,-0.066772
4758,-0.087602
4759,-0.075843
4760,-0.008502
4761,0.003952
4762,0.028227
4763,0.066170
4764,0.064798
4765,0.095934
4766,0.133200
4767,0.031248
4768,-0.077920
4769,-0.113955
4770,-0.100349
4771,-0.056769
4772,-0.005205
4773,0.009693
4774,0.002990
4775,0.024342
4776,0.015368
4777,0.030617
4778,0.029458
4779,0.018554
4780,0.001861
4781,-0.028442
4782,-0.012977
4783,-0.049563
4784,-0.021391
4785,0.007127
4786,-0.006964
4787,0.011637
4788,0.009176
4789,-0.027125
4790,-0.019987
4791,0.021945
4792,0.073308
4793,0.048380
4794,-0.032613
4795,-0.023307
4796,0.000943
4797,0.044718
4798,0.065053
4799,0.096910
4800,0.107479
4801,0.056289
4802,-0.003818
4803,-0.060837
4804,-0.095216
4805,-0.088981
4806,-0.078452
4807,-0.057502
4808,-0.022420
4809,0.016321
4810,0.075796
4811,0.046121
4812,0.029643
4813,0.022319
4814,0.036000
4815,0.050885
4816,-0.001862
4817,-0.022383
4818,-0.011051
4819,-0.055779
4820,-0.074283
4821,-0.055523
4822,-0.058096
4823,-0.015974
4824,0.039480
4825,0.049584
4826,0.115292
4827,0.149752
4828,0.078266
4829,0.025829
4830,-0.045735
4831,-0.098967
4832,-0.117421
4833,-0.130522
4834,-0.139010
4835,-0.061499
4836,0.007811
4837,0.022985
4838,0.079120
4839,0.068593
4840,0.064051
4841,0.050145
4842,0.039512
4843,0.062645
4844,0.051239
4845,-0.000968
4846,0.014514
4847,0.003157
4848,-0.036584
4849,-0.036552
4850,-0.020898
4851,-0.020098
4852,0.013965
4853,0.037415
4854,0.002436
4855,-0.018493
4856,-0.069269
4857,-0.046100
4858,-0.005739
4859,-0.022175
4860,-0.067865
4861,-0.017016
4862,0.007052
4863,0.056567
4864,0.044744
4865,0.006588
4866,-0.030759
4867,-0.015880
4868,0.001992
4869,0.010102
4870,-0.002522
4871,0.010430
4872,0.038082
4873,0.013297
4874,0.060321
4875,0.061193
4876,0.044958
4877,0.022211
4878,-0.067506
4879,-0.095280
4880,-0.104491
4881,-0.092611
4882,-0.067074
4883,-0.007028
4884,0.015945
4885,0.049382
4886,0.058606
4887,0.084065
4888,0.061499
4889,0.049883
4890,0.024841
4891,-0.015761
4892,-0.017238
4893,-0.033575
4894,-0.049624
4895,-0.037520
4896,-0.005303
4897,-0.010343
4898,0.002402
4899,-0.000870
4900,0.030734
4901,0.000101
4902,-0.009957
4903,0.007789
4904,-0.010559
4905,-0.062483
4906,-0.078734
4907,-0.047284
4908,-0.032271
4909,-0.008735
4910,0.003278
4911,-0.010805
4912,0.014038
4913,0.006062
4914,0.056779
4915,0.117957
4916,0.108848
4917,0.068736
4918,0.032274
4919,-0.008018
4920,-0.051595
4921,-0.069808
4922,-0.048211
4923,-0.006905
4924,0.014250
4925,0.022908
4926,0.024814
4927,0.040643
4928,0.029676
4929,-0.016165
4930,-0.030917
4931,-0.031448
4932,-0.029839
4933,0.002662
4934,0.028494
4935,0.032059
4936,-0.016458
4937,-0.060005
4938,-0.036031
4939,0.027726
4940,0.028331
4941,-0.054615
4942,-0.014707
4943,0.035434
4944,0.039899
4945,0.035435
4946,-0.027373
4947,132.206497
4948,154.630173
4949,2.324974
4950,1649.994263
4951,443.897980
4952,-38.363663
4953,-58.149113
4954,-51.478401
4955,-34.447269
4956,3.160692
4957,31.867342
4958,42.754379
4959,33.987400
4960,25.970413
4961,16.506418
4962,0.032487
4963,-9.004108
4964,-15.396366
4965,-12.698652
4966,-4.856798
4967,-2.792953
4968,-25.852776
4969,-32.558155
4970,-5.857656
4971,19.376024
4972,5.493165
4973,15.998051
4974,16.345093
4975,5.560298
4976,-5.038898
4977,10.464463
4978,1.917712
4979,-5.570392
4980,-2.100954
4981,2.113924
4982,8.045066
4983,20.406963
4984,17.872522
4985,1.054572
4986,-10.275050
4987,-21.990904
4988,-35.414482
4989,-55.540146
4990,-48.835030
4991,-12.957274
4992,15.771533
4993,30.974094
4994,44.670242
4995,45.470604
4996,18.122709
4997,0.419458
4998,-1.297379
4999,0.305074
5000,11.196142
5001,0.046418
5002,0.050590
5003,0.020412
5004,0.029061
5005,0.039636
5006,0.010722
5007,-0.008492
5008,-0.027274
5009,-0.039860
5010,-0.076757
5011,-0.111083
5012,-0.028890
5013,0.024003
5014,0.067213
5015,0.089113
5016,0.036116
5017,0.014151
5018,0.003412
5019,0.007753
5020,0.059076
5021,0.050195
5022,-0.003675
5023,-0.024747
5024,-0.012966
5025,-0.021394
5026,-0.045749
5027,-0.046124
5028,-0.050528
5029,-0.050654
5030,-0.030443
5031,0.029540
5032,0.048572
5033,0.035457
5034,0.035481
5035,0.045822
5036,-0.010628
5037,-0.083321
5038,-0.060747
5039,-0.025371
5040,-0.010654
5041,0.016825
5042,0.067484
5043,0.092189
5044,0.053003
5045,0.020446
5046,-0.045513
5047,-0.077662
5048,-0.024412
5049,0.002059
5050,0.020257
5051,0.068472
5052,0.054702
5053,0.001427
5054,-0.024814
5055,-0.006312
5056,-0.008001
5057,-0.026551
5058,0.011212
5059,0.028943
5060,0.004916
5061,-0.011524
5062,0.022519
5063,-0.044271
5064,-0.024083
5065,-0.027357
5066,-0.031424
5067,0.006506
5068,0.029835
5069,0.010222
5070,-0.012005
5071,-0.006612
5072,-0.042067
5073,0.008894
5074,-0.004915
5075,0.002529
5076,0.029063
5077,-0.030765
5078,-0.019396
5079,0.002807
5080,0.041913
5081,0.057978
5082,0.037260
5083,0.037840
5084,0.016401
5085,0.015702
5086,-0.052661
5087,-0.095294
5088,-0.067523
5089,-0.036384
5090,-0.001745
5091,0.030992
5092,0.032533
5093,0.009909
5094,0.002921
5095,0.022672
5096,0.010588
5097,0.041258
5098,0.033308
5099,0.016192
5100,0.019027
5101,0.031238
5102,-0.001420
5103,-0.039807
5104,-0.033130
5105,-0.052617
5106,0.010259
5107,0.008277
5108,-0.032510
5109,-0.022810
5110,-0.029156
5111,-0.013391
5112,0.016904
5113,0.000205
5114,0.043634
5115,0.074886
5116,0.068102
5117,0.018452
5118,-0.036761
5119,-0.028073
5120,-0.021322
5121,-0.056944
5122,-0.034759
5123,-0.017947
5124,-0.035305
5125,-0.032680
5126,-0.027456
5127,-0.011196
5128,0.035747
5129,0.038919
5130,0.032170
5131,0.001428
5132,0.031793
5133,0.068006
5134,0.023899
5135,0.014780
5136,0.008311
5137,-0.031423
5138,-0.103453
5139,-0.074532
5140,-0.024634
5141,-0.021394
5142,0.029581
5143,0.037512
5144,0.017956
5145,-0.043693
5146,-0.029063
5147,0.068331
5148,0.088900
5149,0.043360
5150,-0.023493
5151,-0.047982
5152,-0.004773
5153,-0.020158
5154,-0.073912
5155,-0.076849
5156,-0.041756
5157,0.011841
5158,0.084531
5159,0.085419
5160,0.039243
5161,0.057365
5162,0.048135
5163,0.026105
5164,-0.033930
5165,-0.025161
5166,0.052499
5167,0.013013
5168,-0.016703
5169,-0.045968
5170,-0.086279
5171,-0.110558
5172,-0.026771
5173,-0.006834
5174,-0.016808
5175,-0.001909
5176,0.060330
5177,0.054185
5178,-0.010579
5179,-0.024262
5180,0.003739
5181,0.008269
5182,0.000442
5183,-0.016120
5184,-0.024492
5185,-0.018566
5186,0.068061
5187,0.136506
5188,0.053007
5189,0.014467
5190,-0.009428
5191,-0.119686
5192,-0.102320
5193,-0.041499
5194,0.008499
5195,0.041805
5196,0.024171
5197,0.007928
5198,0.005013
5199,0.020813
5200,0.048965
5201,0.025368
5202,0.006975
5203,0.042406
5204,0.007517
5205,-0.013505
5206,-0.061381
5207,-0.108281
5208,-0.121519
5209,-0.062993
5210,0.033902
5211,0.080664
5212,0.102795
5213,0.064552
5214,-0.008068
5215,-0.039229
5216,-0.012310
5217,0.013903
5218,0.081412
5219,0.064295
5220,0.007937
5221,-0.043939
5222,-0.032630
5223,-0.073162
5224,-0.041211
5225,-0.023086
5226,-0.013495
5227,-0.043901
5228,-0.046671
5229,-0.027552
5230,0.041998
5231,0.079244
5232,0.069178
5233,0.049815
5234,0.056123
5235,-0.006565
5236,-0.039403
5237,-0.047797
5238,-0.075897
5239,-0.042446
5240,-0.015035
5241,-0.010643
5242,0.023080
5243,0.040955
5244,0.077274
5245,0.110896
5246,0.082889
5247,0.038578
5248,-0.024708
5249,-0.040230
5250,-0.075705
5251,-0.100779
5252,-0.067306
5253,-0.041026
5254,-0.008112
5255,-0.035324
5256,-0.028501
5257,-0.003666
5258,0.024362
5259,-0.020968
5260,0.017061
5261,0.041873
5262,0.066506
5263,0.076506
5264,0.033864
5265,0.004736
5266,-0.012016
5267,-0.032580
5268,0.001589
5269,0.018365
5270,-0.033042
5271,-0.049651
5272,-0.037863
5273,-0.038532
5274,-0.023495
5275,-0.014728
5276,-0.017680
5277,0.042294
5278,0.118307
5279,0.093545
5280,0.035422
5281,-0.024244
5282,-0.084740
5283,-0.103532
5284,-0.087134
5285,-0.067055
5286,-0.025525
5287,0.047022
5288,0.074927
5289,0.048914
5290,0.017576
5291,0.044541
5292,0.059694
5293,0.035798
5294,0.042652
5295,-0.001982
5296,-0.043555
5297,-0.051982
5298,-0.036754
5299,-0.018071
5300,0.019425
5301,124.233917
5302,165.693039
5303,2.165025
5304,1609.564087
5305,438.821259
5306,-0.817756
5307,-12.166841
5308,-24.192007
5309,-17.876505
5310,-6.654232
5311,0.934843
5312,13.575481
5313,17.998123
5314,-1.674381
5315,-0.378085
5316,15.592914
5317,11.775316
5318,2.994067
5319,-20.601299
5320,-27.093670
5321,-43.591129
5322,-41.546280
5323,-4.799931
5324,38.285713
5325,66.582909
5326,62.593361
5327,19.591545
5328,-17.545841
5329,-35.157589
5330,-56.065739
5331,-53.668655
5332,-33.051315
5333,-3.710610
5334,31.835554
5335,61.264889
5336,69.147644
5337,49.252823
5338,18.180634
5339,-15.767444
5340,-48.675350
5341,-66.783539
5342,-42.924305
5343,0.594111
5344,22.928051
5345,34.459888
5346,19.090265
5347,-20.117495
5348,-37.987892
5349,-16.710320
5350,10.709274
5351,19.752733
5352,5.866025
5353,-5.967259
5354,-15.618382
5355,0.029639
5356,0.016913
5357,-0.000309
5358,-0.010335
5359,-0.030645
5360,-0.033969
5361,0.027365
5362,0.025054
5363,-0.039383
5364,0.023181
5365,-0.022590
5366,-0.040400
5367,-0.028171
5368,-0.022851
5369,0.031764
5370,0.009341
5371,0.001857
5372,-0.003603
5373,-0.005017
5374,-0.016764
5375,-0.003073
5376,-0.029838
5377,0.020579
5378,0.014140
5379,0.066952
5380,0.118842
5381,0.044115
5382,-0.048769
5383,-0.096789
5384,-0.063273
5385,-0.085602
5386,-0.114360
5387,-0.054785
5388,0.065500
5389,0.065035
5390,0.047593
5391,0.045412
5392,0.053209
5393,0.041330
5394,0.010159
5395,0.012594
5396,-0.023968
5397,-0.054654
5398,-0.038346
5399,-0.055104
5400,-0.024959
5401,0.056572
5402,0.047115
5403,0.035239
5404,-0.004614
5405,-0.065597
5406,-0.082141
5407,-0.051183
5408,0.019657
5409,0.089226
5410,0.077427
5411,0.074199
5412,0.071381
5413,-0.024089
5414,-0.071155
5415,-0.050832
5416,-0.029685
5417,-0.018769
5418,0.005024
5419,-0.009612
5420,-0.036554
5421,0.003594
5422,0.030888
5423,0.023508
5424,0.012052
5425,-0.001219
5426,-0.023969
5427,-0.040804
5428,-0.070274
5429,-0.016356
5430,0.062117
5431,0.069303
5432,0.037727
5433,0.014481
5434,-0.000174
5435,-0.013255
5436,0.015685
5437,0.036269
5438,0.021273
5439,-0.032469
5440,-0.044386
5441,-0.030451
5442,-0.057348
5443,0.001283
5444,0.093942
5445,0.018260
5446,0.031693
5447,0.020217
5448,-0.045896
5449,-0.036075
5450,-0.060387
5451,-0.072110
5452,-0.014796
5453,0.004931
5454,0.046843
5455,0.053955
5456,-0.001735
5457,-0.026905
5458,-0.036767
5459,-0.018144
5460,0.047686
5461,0.039039
5462,0.004985
5463,0.006817
5464,0.006939
5465,-0.007899
5466,0.012058
5467,0.019292
5468,0.021758
5469,0.008738
5470,-0.002606
5471,-0.024393
5472,-0.019670
5473,-0.019354
5474,-0.051392
5475,-0.002005
5476,-0.008462
5477,0.015037
5478,0.051784
5479,0.010966
5480,0.018172
5481,0.020027
5482,-0.017361
5483,-0.024265
5484,-0.056644
5485,-0.030541
5486,0.009497
5487,0.011846
5488,0.020142
5489,-0.006839
5490,-0.009484
5491,0.016350
5492,-0.013873
5493,0.022352
5494,0.040921
5495,0.064373
5496,0.039803
5497,0.020490
5498,-0.041214
5499,-0.084683
5500,-0.068076
5501,-0.046871
5502,-0.091566
5503,-0.038418
5504,-0.025663
5505,0.067084
5506,0.118298
5507,0.097527
5508,0.060114
5509,0.036158
5510,0.032229
5511,-0.026983
5512,-0.097247
5513,-0.063889
5514,-0.078362
5515,-0.004777
5516,0.012004
5517,0.025938
5518,0.038908
5519,0.033028
5520,0.042888
5521,0.043668
5522,0.004353
5523,-0.051652
5524,-0.072726
5525,-0.048594
5526,-0.011627
5527,0.036881
5528,0.014783
5529,0.018327
5530,0.047829
5531,0.035402
5532,-0.032789
5533,-0.002269
5534,0.006685
5535,-0.069322
5536,-0.036105
5537,0.004744
5538,-0.012045
5539,-0.047104
5540,0.029334
5541,0.063202
5542,0.049335
5543,0.034053
5544,-0.021006
5545,-0.036886
5546,-0.047443
5547,0.002638
5548,0.029702
5549,-0.003670
5550,-0.052706
5551,0.011482
5552,0.000566
5553,-0.041855
5554,-0.025746
5555,-0.027716
5556,-0.005033
5557,-0.024538
5558,0.006511
5559,0.050165
5560,0.011326
5561,0.045702
5562,-0.001042
5563,0.036135
5564,0.047786
5565,-0.027662
5566,-0.040603
5567,0.005368
5568,-0.033517
5569,-0.052390
5570,0.000024
5571,0.039316
5572,0.031491
5573,0.055850
5574,0.003957
5575,-0.007089
5576,-0.002553
5577,-0.038236
5578,-0.030960
5579,-0.037033
5580,-0.025423
5581,-0.012586
5582,-0.037405
5583,-0.045888
5584,-0.009475
5585,0.061394
5586,0.092747
5587,0.052326
5588,0.029964
5589,0.021808
5590,-0.016375
5591,-0.011498
5592,-0.035391
5593,-0.029545
5594,-0.006183
5595,-0.011602
5596,0.015391
5597,-0.012813
5598,-0.016331
5599,0.042079
5600,0.076103
5601,0.017523
5602,-0.001549
5603,0.009454
5604,0.004384
5605,-0.016604
5606,-0.006857
5607,-0.024095
5608,-0.056686
5609,-0.051333
5610,-0.026273
5611,-0.018005
5612,0.013437
5613,0.030325
5614,0.049200
5615,0.051005
5616,0.005083
5617,0.025863
5618,-0.012075
5619,-0.032567
5620,0.006099
5621,-0.001599
5622,-0.003722
5623,0.033649
5624,-0.060926
5625,-0.112029
5626,-0.073713
5627,-0.028449
5628,0.038466
5629,0.042980
5630,0.049804
5631,0.069227
5632,0.044960
5633,0.007333
5634,-0.051466
5635,-0.052898
5636,-0.004993
5637,0.030599
5638,0.067629
5639,0.032104
5640,-0.014664
5641,-0.074502
5642,-0.039513
5643,0.000566
5644,-0.006363
5645,0.006701
5646,-0.011735
5647,0.041939
5648,0.020355
5649,-0.052308
5650,-0.014452
5651,0.039469
5652,0.033644
5653,0.035232
5654,0.017712
5655,-0.027422
5656,-0.028719
5657,-0.017921
5658,-0.008929
5659,-0.025343
5660,0.002738
5661,-0.032643
5662,-0.043341
5663,-0.016564
5664,0.020429
5665,0.012081
5666,0.008468
5667,0.031188
5668,0.019481
5669,-0.001172
5670,-0.057853
5671,0.018139
5672,0.039455
5673,0.044245
5674,-0.026969
5675,-0.085412
5676,-0.062785
5677,0.033519
5678,0.057983
5679,0.038037
5680,0.063079
5681,0.054393
5682,0.025003
5683,-0.007210
5684,-0.045874
5685,-0.049607
5686,-0.032251
5687,-0.001828
5688,-0.023123
5689,-0.019200
5690,-0.017568
5691,-0.041233
5692,0.021173
5693,0.060017
5694,0.053000
5695,0.087381
5696,0.058613
5697,0.014059
5698,-0.024195
5699,-0.093371
5700,-0.070973
5701,-0.037790
5702,0.023376
5703,-0.011353
5704,-0.044955
5705,-0.039637
5706,-0.021122
5707,0.028032
5708,0.015933
5709,-0.026971
5710,-0.022352
5711,-0.024734
5712,0.010980
5713,0.089618
5714,0.092260
5715,0.056794
5716,-0.003876
5717,-0.087880
5718,-0.085783
5719,-0.029586
5720,-0.069433
5721,0.018937
5722,0.041167
5723,0.016003
5724,0.041141
5725,0.053697
5726,0.017410
5727,0.039408
5728,-0.005946
5729,-0.055068
5730,-0.043726
5731,-0.036479
5732,-0.023483
5733,0.015159
5734,0.006313
5735,0.056817
5736,0.004127
5737,-0.042016
5738,-0.040104
5739,-0.049722
5740,-0.054787
5741,0.002608
5742,0.062971
5743,0.068331
5744,0.074480
5745,0.081499
5746,0.003935
5747,-0.049023
5748,-0.022159
5749,0.003774
5750,0.008959
5751,-0.057949
5752,-0.056201
5753,-0.014152
5754,-0.006654
5755,0.034470
5756,0.019603
5757,-0.001021
5758,0.020740
5759,-0.000028
5760,-0.015385
5761,-0.053585
5762,-0.069612
5763,0.021714
5764,0.043233
5765,0.025613
5766,0.047678
5767,0.041512
5768,0.009525
5769,0.018237
5770,-0.028841
5771,-0.033336
5772,0.010015
5773,0.020668
5774,0.030761
5775,0.026519
5776,-0.016661
5777,-0.024643
5778,-0.039446
5779,-0.094514
5780,-0.090439
5781,-0.045544
5782,-0.008302
5783,0.054501
5784,0.125629
5785,0.084973
5786,0.042928
5787,-0.029376
5788,-0.058357
5789,-0.082646
5790,-0.021034
5791,0.008707
5792,0.054359
5793,0.006222
5794,-0.033276
5795,-0.026568
5796,-0.017282
5797,-0.001153
5798,0.065268
5799,0.039581
5800,-0.000837
5801,-0.008116
5802,-0.035251
5803,-0.027329
5804,-0.037214
5805,0.030170
5806,-0.022092
5807,-0.053241
5808,-0.049828
5809,-0.054101
5810,-0.055707
5811,0.014726
5812,0.038300
5813,0.060623
5814,-0.005940
5815,-0.001863
5816,-0.003473
5817,-0.020219
5818,-0.016559
5819,-0.017107
5820,-0.023949
5821,0.025977
5822,0.037062
5823,-0.055254
5824,-0.021078
5825,0.006585
5826,-0.000575
5827,0.009614
5828,0.002862
5829,0.030462
5830,-0.023656
5831,-0.037128
5832,-0.052205
5833,0.012852
5834,0.057394
5835,0.031255
5836,0.004220
5837,-0.028076
5838,-0.018800
5839,0.012227
5840,0.070523
5841,0.036911
5842,0.009547
5843,-0.029995
5844,-0.051076
5845,-0.024224
5846,-0.005071
5847,-0.002918
5848,-0.006984
5849,0.025152
5850,0.054940
5851,0.019999
5852,0.013309
5853,0.039553
5854,0.037216
5855,-0.015671
5856,-0.019306
5857,-0.030154
5858,-0.080487
5859,-0.034018
5860,-0.024387
5861,0.005652
5862,-0.008432
5863,0.005991
5864,-0.003448
5865,0.004399
5866,0.001335
5867,0.010955
5868,0.031126
5869,0.048147
5870,0.015539
5871,-0.031172
5872,-0.025094
5873,-0.002971
5874,0.010170
5875,-0.001084
5876,-0.059792
5877,-0.102957
5878,-0.047449
5879,0.016214
5880,0.004661
5881,0.053853
5882,0.052102
5883,0.018329
5884,0.073208
5885,0.012293
5886,-0.017530
5887,0.014001
5888,-0.015409
5889,0.041096
5890,0.004083
5891,-0.050648
5892,-0.040693
5893,-0.050901
5894,0.011936
5895,0.058695
5896,-0.006497
5897,-0.037628
5898,0.028889
5899,-0.011878
5900,-0.021932
5901,-0.029536
5902,0.012141
5903,0.020751
5904,0.006931
5905,-0.006967
5906,-0.017039
5907,-0.027885
5908,0.017400
5909,0.037111
5910,-0.024397
5911,-0.009285
5912,0.031396
5913,0.046411
5914,-0.008322
5915,-0.029866
5916,0.002157
5917,-0.032569
5918,0.002715
5919,0.019293
5920,-0.019915
5921,0.021364
5922,-0.027427
5923,-0.016483
5924,0.054447
5925,0.059368
5926,0.000375
5927,0.007015
5928,0.007615
5929,-0.024675
5930,-0.017623
5931,0.025118
5932,0.014618
5933,-0.034066
5934,-0.046010
5935,-0.076527
5936,-0.084909
5937,-0.014240
5938,0.058990
5939,0.033801
5940,0.062310
5941,0.072683
5942,0.066906
5943,0.008623
5944,-0.027223
5945,-0.029311
5946,-0.000443
5947,-0.027376
5948,-0.067942
5949,-0.058684
5950,-0.053477
5951,-0.044358
5952,0.016203
5953,0.031701
5954,0.066880
5955,0.007206
5956,-0.004553
5957,-0.000425
5958,-0.021400
5959,0.007896
5960,0.006450
5961,0.022669
5962,0.024049
5963,-0.003256
5964,0.006598
5965,0.015779
5966,-0.027805
5967,0.012862
5968,0.012640
5969,0.006783
5970,0.023771
5971,0.022399
5972,0.024486
5973,-0.020904
5974,-0.039033
5975,-0.054754
5976,-0.075739
5977,-0.022727
5978,-0.024031
5979,-0.025502
5980,0.008517
5981,0.023854
5982,0.058084
5983,0.037154
5984,-0.013681
5985,0.022632
5986,0.050129
5987,0.042205
5988,0.023499
5989,-0.055950
5990,-0.067448
5991,-0.042082
5992,-0.021818
5993,0.008105
5994,0.008552
5995,-0.020378
5996,-0.034722
5997,0.002501
5998,0.022530
5999,0.014901
6000,-0.008166
6001,0.007988
6002,0.035079
6003,0.037730
6004,0.002086
6005,-0.060860
6006,-0.028658
6007,0.046858
6008,0.055708
6009,0.097640
6010,0.098632
6011,0.051076
6012,0.042965
6013,0.020259
6014,-0.016225
6015,-0.039400
6016,-0.007153
6017,0.000173
6018,-0.030041
6019,-0.060800
6020,-0.063169
6021,-0.053764
6022,-0.017692
6023,0.004404
6024,-0.019723
6025,0.001339
6026,0.062319
6027,0.068723
6028,0.067834
6029,0.039265
6030,0.030318
6031,0.015287
6032,-0.023700
6033,-0.007660
6034,-0.030193
6035,-0.070747
6036,-0.047353
6037,-0.041557
6038,-0.032833
6039,-0.001703
6040,-0.003924
6041,0.020607
6042,0.045495
6043,0.040538
6044,0.048937
6045,0.072770
6046,0.010798
6047,-0.035184
6048,-0.032825
6049,-0.048390
6050,-0.057807
6051,-0.009612
6052,0.006172
6053,-0.004643
6054,0.013403
6055,-0.008080
6056,0.001994
6057,-0.006310
6058,-0.001681
6059,0.015027
6060,0.030236
6061,0.018879
6062,0.010222
6063,-0.008138
6064,0.024688
6065,-0.024281
6066,0.018812
6067,0.019278
6068,-0.010451
6069,-0.024212
6070,-0.032624
6071,0.008286
6072,0.029147
6073,0.014645
6074,0.014535
6075,0.013985
6076,-0.011027
6077,-0.042692
6078,-0.058623
6079,-0.040403
6080,-0.027938
6081,0.005185
6082,0.017463
6083,0.055111
6084,0.023132
6085,-0.007730
6086,0.014939
6087,0.022436
6088,-0.022806
6089,0.004268
6090,0.066679
6091,0.047526
6092,0.034903
6093,-0.031876
6094,-0.101421
6095,-0.103003
6096,-0.075076
6097,-0.072216
6098,-0.047286
6099,0.030909
6100,0.033388
6101,0.087042
6102,0.081915
6103,0.059687
6104,0.083775
6105,0.021931
6106,-0.047735
6107,-0.080406
6108,-0.040026
6109,-0.025424
6110,0.020704
6111,0.022252
6112,0.015332
6113,-0.004870
6114,-0.030976
6115,-0.007401
6116,-0.010470
6117,0.012653
6118,0.037390
6119,0.047973
6120,0.000409
6121,-0.056894
6122,-0.082048
6123,-0.021888
6124,-0.029668
6125,0.006406
6126,0.068728
6127,0.087543
6128,0.043824
6129,-0.001817
6130,-0.030566
6131,-0.014314
6132,-0.002730
6133,-0.031882
6134,-0.056985
6135,-0.029992
6136,-0.028516
6137,0.052786
6138,0.076817
6139,0.014756
6140,-0.001992
6141,-0.010389
6142,-0.045185
6143,-0.034553
6144,-0.020686
6145,0.019576
6146,-0.013338
6147,-0.025376
6148,0.000294
6149,0.036931
6150,0.012249
6151,-0.017081
6152,0.029343
6153,0.023235
6154,0.013595
6155,0.054998
6156,0.036312
6157,-0.047712
6158,-0.051002
6159,-0.027223
6160,-0.009204
6161,0.043689
6162,0.062190
6163,0.025353
6164,-0.012245
6165,-0.040249
6166,-0.000654
6167,0.012554
6168,-0.007818
6169,-0.008294
6170,-0.016594
6171,-0.001680
6172,0.011907
6173,0.010013
6174,0.009529
6175,-0.004084
6176,0.054099
6177,0.081601
6178,0.036388
6179,0.026334
6180,-0.016968
6181,-0.051907
6182,-0.044617
6183,-0.055398
6184,-0.059822
6185,-0.032943
6186,-0.045709
6187,-0.048876
6188,-0.028080
6189,0.008046
6190,0.032662
6191,0.055234
6192,0.095763
6193,0.022220
6194,-0.000836
6195,0.011030
6196,0.032056
6197,0.023966
6198,0.019980
6199,-0.055794
6200,-0.071227
6201,-0.012683
6202,-0.004989
6203,0.035303
6204,-0.005147
6205,0.043010
6206,-0.027140
6207,0.004604
6208,0.006771
6209,-0.024900
6210,0.039075
6211,0.046912
6212,0.029963
6213,-0.037354
6214,-0.064370
6215,-0.080175
6216,-0.061361
6217,0.037770
6218,0.064811
6219,0.043519
6220,0.027149
6221,-0.016242
6222,0.005530
6223,0.021835
6224,-0.022312
6225,0.016789
6226,-0.009911
6227,-0.004245
6228,-0.017006
6229,-0.033017
6230,0.017447
6231,0.077844
6232,0.058771
6233,0.008378
6234,0.010268
6235,-0.021721
6236,-0.037849
6237,-0.009903
6238,-0.003240
6239,-0.025118
6240,-0.055085
6241,-0.078530
6242,-0.021015
6243,0.002458
6244,0.019038
6245,0.014826
6246,-0.011792
6247,0.026408
6248,0.047422
6249,0.013691
6250,-0.015646
6251,-0.034422
6252,-0.041593
6253,-0.039563
6254,-0.024938
6255,0.008257
6256,0.068852
6257,0.095035
6258,0.065024
6259,0.003878
6260,-0.028468
6261,-0.009762
6262,-0.027099
6263,-0.010307
6264,0.030933
6265,0.020799
6266,0.000556
6267,-0.017679
6268,-0.000543
6269,-0.054101
6270,-0.106323
6271,-0.073435
6272,-0.024895
6273,0.003078
6274,0.067756
6275,0.107761
6276,0.061133
6277,0.029851
6278,0.023759
6279,-0.019656
6280,-0.036539
6281,0.003058
6282,0.034792
6283,0.013598
6284,-0.059996
6285,-0.046568
6286,-0.076371
6287,-0.073330
6288,-0.012743
6289,0.065633
6290,0.086571
6291,0.041155
6292,0.009152
6293,-0.012879
6294,-0.037739
6295,-0.038886
6296,-0.041690
6297,-0.008852
6298,0.018016
6299,0.041270
6300,-0.007066
6301,-0.017749
6302,-0.028161
6303,0.008476
6304,0.024402
6305,0.048222
6306,0.045157
6307,0.035268
6308,-0.024936
6309,-0.020374
6310,-0.001602
6311,-0.009930
6312,0.022740
6313,0.084344
6314,0.063545
6315,-0.015089
6316,-0.022917
6317,-0.026563
6318,-0.024595
6319,-0.016625
6320,-0.047877
6321,-0.100156
6322,-0.045050
6323,0.011732
6324,-0.001712
6325,-0.014633
6326,-0.009190
6327,-0.017061
6328,-0.026117
6329,0.038917
6330,0.071729
6331,0.082676
6332,0.041477
6333,-0.031973
6334,-0.040953
6335,-0.031789
6336,-0.004908
6337,0.035763
6338,-0.003094
6339,-0.042513
6340,-0.065929
6341,-0.007098
6342,0.013738
6343,0.012895
6344,0.036301
6345,0.022275
6346,0.016695
6347,-0.008694
6348,-0.009759
6349,-0.023546
6350,-0.021836
6351,-0.025282
6352,-0.011511
6353,-0.003850
6354,0.020438
6355,0.018721
6356,0.018918
6357,0.055886
6358,0.059014
6359,0.018697
6360,-0.035595
6361,-0.071986
6362,-0.043228
6363,0.012300
6364,0.025304
6365,0.008127
6366,0.005796
6367,0.009456
6368,0.024287
6369,-0.003581
6370,-0.049681
6371,-0.055808
6372,0.005692
6373,0.051526
6374,0.029883
6375,-0.026893
6376,-0.032709
6377,-0.010433
6378,-0.024370
6379,-0.016001
6380,0.022198
6381,0.022914
6382,0.041849
6383,0.088348
6384,0.037886
6385,-0.009950
6386,-0.006589
6387,-0.047401
6388,-0.059663
6389,-0.041566
6390,-0.042753
6391,0.008249
6392,0.024047
6393,-0.056048
6394,-0.025837
6395,-0.015561
6396,-0.024138
6397,-0.009866
6398,-0.001299
6399,0.015878
6400,0.032282
6401,0.037856
6402,0.101437
6403,0.079403
6404,0.070854
6405,0.019836
6406,0.014508
6407,-0.011205
6408,-0.072915
6409,-0.068522
6410,-0.074892
6411,-0.094634
6412,-0.079174
6413,-0.070617
6414,-0.022544
6415,0.029170
6416,0.057200
6417,0.136396
6418,0.141901
6419,0.071265
6420,0.038706
6421,0.044437
6422,-0.009627
6423,-0.089325
6424,-0.109019
6425,-0.086045
6426,-0.077871
6427,-0.053677
6428,-0.011251
6429,0.005546
6430,0.005419
6431,0.023278
6432,0.026759
6433,0.082350
6434,0.099187
6435,0.080797
6436,0.047177
6437,-0.009686
6438,-0.070242
6439,-0.080303
6440,-0.119633
6441,-0.107353
6442,-0.015845
6443,-0.026285
6444,0.007176
6445,0.018954
6446,0.005522
6447,0.087452
6448,0.127181
6449,0.073538
6450,0.037562
6451,-0.059642
6452,-0.098021
6453,-0.059920
6454,0.030960
6455,0.050464
6456,0.035889
6457,0.033988
6458,0.008388
6459,0.026930
6460,-0.023024
6461,-0.065735
6462,-0.089242
6463,-0.121016
6464,-0.064904
6465,-0.009926
6466,0.023167
6467,0.053240
6468,0.083014
6469,0.119507
6470,0.086497
6471,0.011991
6472,-0.030407
6473,-0.031853
6474,-0.072061
6475,-0.024918
6476,0.050440
6477,0.045367
6478,0.020094
6479,-0.036038
6480,-0.069896
6481,-0.031077
6482,-0.034844
6483,0.007450
6484,0.051995
6485,0.032638
6486,0.007290
6487,-0.037081
6488,-0.078879
6489,-0.016642
6490,0.070215
6491,0.066522
6492,0.059338
6493,0.033282
6494,-0.004451
6495,-0.012910
6496,-0.022141
6497,-0.078303
6498,-0.092441
6499,-0.038207
6500,0.028380
6501,0.067152
6502,0.041365
6503,0.004071
6504,-0.022933
6505,-0.035772
6506,-0.050908
6507,-0.030125
6508,0.010469
6509,0.037495
6510,0.021806
6511,0.030890
6512,0.062467
6513,0.004788
6514,0.020163
6515,0.013714
6516,-0.055281
6517,-0.057548
6518,-0.007553
6519,0.030643
6520,0.027697
6521,0.051700
6522,0.031946
6523,-0.044213
6524,-0.046965
6525,-0.037249
6526,-0.056728
6527,-0.039530
6528,0.001457
6529,0.029711
6530,0.003382
6531,0.012305
6532,0.021792
6533,-0.006290
6534,-0.010387
6535,0.023009
6536,-0.014377
6537,-0.036079
6538,0.001541
6539,0.039643
6540,0.050148
6541,0.052360
6542,0.017631
6543,-0.021535
6544,-0.010242
6545,-0.019919
6546,-0.040937
6547,-0.002899
6548,0.008316
6549,-0.026264
6550,-0.079874
6551,-0.079367
6552,-0.029540
6553,-0.018610
6554,0.034861
6555,0.037798
6556,0.073106
6557,0.108368
6558,0.090878
6559,0.061636
6560,0.028067
6561,-0.042518
6562,-0.074981
6563,0.020481
6564,-0.017250
6565,-0.054836
6566,-0.046132
6567,-0.033728
6568,-0.065293
6569,-0.034309
6570,-0.005399
6571,0.032110
6572,0.020508
6573,0.009903
6574,0.052603
6575,0.060405
6576,0.050884
6577,0.035497
6578,0.005879
6579,-0.043171
6580,-0.027407
6581,-0.038101
6582,-0.066467
6583,-0.069469
6584,-0.044922
6585,-0.033895
6586,-0.026633
6587,0.038972
6588,0.071350
6589,0.063137
6590,0.056411
6591,0.050210
6592,0.032589
6593,0.047125
6594,0.004862
6595,-0.035756
6596,-0.080698
6597,-0.096597
6598,-0.013199
6599,0.015992
6600,-0.022781
6601,-0.000068
6602,-0.034345
6603,0.045478
6604,0.060973
6605,0.031473
6606,0.068726
6607,0.044134
6608,0.004789
6609,-0.034959
6610,-0.084182
6611,-0.104626
6612,-0.052732
6613,0.000245
6614,0.012127
6615,0.038055
6616,0.075236
6617,0.090840
6618,0.021795
6619,-0.001951
6620,-0.015319
6621,0.039844
6622,0.003819
6623,-0.025912
6624,-0.036410
6625,-0.083050
6626,-0.117990
6627,-0.118419
6628,-0.047040
6629,0.014673
6630,0.087657
6631,0.143544
6632,0.080123
6633,0.055226
6634,0.013551
6635,-0.046363
6636,-0.060370
6637,-0.070455
6638,-0.047294
6639,-0.040989
6640,-0.018492
6641,-0.012829
6642,0.026402
6643,0.048019
6644,0.090893
6645,0.069903
6646,0.051246
6647,0.033506
6648,-0.049645
6649,-0.028883
6650,-0.026692
6651,-0.088510
6652,-0.061495
6653,-0.062778
6654,-0.007561
6655,0.045489
6656,0.046490
6657,0.062141
6658,0.013220
6659,0.003580
6660,-0.034268
6661,-0.043412
6662,-0.009538
6663,0.018179
6664,0.058013
6665,0.058713
6666,-0.023246
6667,0.028959
6668,0.058211
6669,-0.030054
6670,-0.076895
6671,-0.128801
6672,-0.076384
6673,-0.021851
6674,0.021370
6675,0.087729
6676,0.097552
6677,0.081111
6678,0.082656
6679,0.062630
6680,-0.007865
6681,-0.081524
6682,-0.119515
6683,-0.135003
6684,-0.094372
6685,-0.097592
6686,0.007405
6687,0.109797
6688,0.099044
6689,0.088805
6690,0.031870
6691,-0.006722
6692,0.019089
6693,0.014230
6694,-0.062092
6695,-0.030917
6696,-0.041049
6697,-0.042855
6698,-0.028006
6699,-0.007971
6700,0.005570
6701,0.030113
6702,0.013974
6703,-0.002830
6704,0.035100
6705,0.076970
6706,0.040175
6707,-0.010702
6708,-0.001013
6709,-0.073450
6710,-0.033889
6711,0.025842
6712,-0.009453
6713,-0.021581
6714,-0.028038
6715,-0.030692
6716,-0.016649
6717,-0.016788
6718,-0.017039
6719,0.025649
6720,0.064421
6721,0.105329
6722,0.042523
6723,0.009331
6724,-0.011482
6725,-0.048837
6726,-0.043825
6727,-0.060585
6728,-0.048918
6729,-0.036162
6730,0.001129
6731,-0.011712
6732,0.014444
6733,-0.008252
6734,-0.003471
6735,0.053377
6736,0.036927
6737,0.034237
6738,0.044860
6739,0.011121
6740,-0.031212
6741,0.003574
6742,-0.036908
6743,-0.024085
6744,0.012867
6745,0.030516
6746,0.038528
6747,-0.010742
6748,-0.052628
6749,-0.003488
6750,-0.015956
6751,-0.021860
6752,-0.051407
6753,-0.062295
6754,-0.008119
6755,0.076913
6756,0.038248
6757,0.044760
6758,0.035827
6759,-0.027895
6760,-0.036883
6761,-0.061733
6762,-0.077778
6763,-0.031172
6764,0.019235
6765,0.046202
6766,-0.000181
6767,-0.031726
6768,0.016500
6769,0.040233
6770,-0.008223
6771,-0.071101
6772,-0.054750
6773,-0.032360
6774,-0.014344
6775,-0.014901
6776,0.013073
6777,0.091075
6778,0.079896
6779,0.053662
6780,0.035207
6781,-0.012105
6782,-0.053779
6783,-0.026534
6784,-0.033027
6785,0.000835
6786,0.048173
6787,0.036060
6788,0.020800
6789,-0.031211
6790,-0.065975
6791,-0.050631
6792,-0.045288
6793,-0.055778
6794,-0.002443
6795,0.079378
6796,0.048855
6797,0.011768
6798,-0.006360
6799,0.002992
6800,0.033826
6801,0.026107
6802,0.080656
6803,0.117087
6804,0.051911
6805,90.361732
6806,212.694611
6807,1.485468
6808,1443.837524
6809,294.660309
6810,34.281963
6811,29.466105
6812,0.203930
6813,-20.080717
6814,-34.915909
6815,-24.268576
6816,-11.302401
6817,-2.261458
6818,12.475800
6819,14.743851
6820,13.427735
6821,5.067730
6822,23.411562
6823,11.932684
6824,-22.636387
6825,-23.969933
6826,-14.284653
6827,0.462957
6828,7.145584
6829,18.626873
6830,25.479710
6831,-4.506021
6832,-17.642685
6833,-19.755976
6834,-6.641195
6835,6.110235
6836,2.624704
6837,-4.520807
6838,-12.175355
6839,-4.437988
6840,10.450013
6841,12.030536
6842,-5.009669
6843,-21.061470
6844,-11.768862
6845,15.477901
6846,26.563223
6847,29.380323
6848,11.693168
6849,14.136823
6850,11.362988
6851,-6.537555
6852,-15.445654
6853,-18.515720
6854,-25.763266
6855,-16.450092
6856,-18.097029
6857,-22.739161
6858,-4.045047
6859,19.147436
6860,9.877749
6861,-971.496704
6862,0.000000
6863,7.920902
6864,2305.121582
6865,1097.189697
6866,2207.632080
6867,2290.669678
6868,1094.596680
6869,2272.529297
6870,976.915527
6871,2261.189697
6872,1903.240601
6873,1841.884888
6874,795.572266
6875,895.731567
6876,2171.673828
6877,865.620911
6878,872.760620
6879,2035.073730
6880,822.877930
6881,1034.889038
6882,1247.063721
6883,1308.000000
6884,1273.910645
6885,2117.679932
6886,1882.832397
6887,2052.781982
6888,862.047974
6889,1289.529907
6890,-0.037795
6891,-0.098533
6892,-0.117158
6893,-0.153864
6894,-0.093757
6895,-0.039562
6896,0.018138
6897,0.084547
6898,0.099849
6899,0.109132
6900,0.065510
6901,-0.001817
6902,-0.074316
6903,-0.075950
6904,-0.067492
6905,0.028892
6906,0.072735
6907,0.031016
6908,0.028463
6909,0.007656
6910,-0.060912
6911,-0.065131
6912,-0.022553
6913,0.039355
6914,0.018410
6915,-0.015470
6916,0.009763
6917,0.020701
6918,0.034203
6919,0.007409
6920,-0.035269
6921,-0.075421
6922,-0.094141
6923,-0.081131
6924,0.006627
6925,0.080515
6926,0.103999
6927,0.109949
6928,0.078614
6929,-0.027062
6930,-0.046306
6931,-0.048191
6932,-0.050307
6933,-0.041606
6934,-0.023325
6935,0.006955
6936,0.002264
6937,-0.008780
6938,-0.056843
6939,0.014629
6940,0.078204
6941,0.080719
6942,0.080294
6943,0.035529
6944,-0.029591
6945,-0.024099
6946,-0.026678
6947,-0.010992
6948,0.022725
6949,0.028120
6950,-0.018391
6951,-0.042941
6952,-0.052279
6953,-0.074293
6954,-0.037189
6955,-0.010839
6956,0.001983
6957,-0.004484
6958,0.018894
6959,0.036707
6960,-0.001397
6961,0.014422
6962,0.008415
6963,0.062541
6964,0.072340
6965,0.024325
6966,0.000308
6967,-0.034624
6968,-0.044569
6969,-0.067823
6970,-0.074976
6971,-0.065491
6972,0.027535
6973,0.043698
6974,0.030637
6975,-0.007969
6976,0.015657
6977,-0.033147
6978,-0.097218
6979,-0.034411
6980,0.038832
6981,0.120643
6982,0.143333
6983,0.148797
6984,0.052442
6985,-0.061962
6986,-0.087982
6987,-0.128844
6988,-0.091170
6989,-0.069830
6990,-0.077344
6991,0.003083
6992,0.084580
6993,0.097498
6994,0.049749
6995,0.020281
6996,0.009510
6997,-0.043104
6998,-0.064075
6999,-0.053510
7000,-0.006750
7001,0.070112
7002,0.090242
7003,0.064102
7004,-0.007171
7005,-0.006537
7006,0.001367
7007,-0.055258
7008,-0.027706
7009,0.001036
7010,-0.020984
7011,-0.049595
7012,-0.053474
7013,-0.040078
7014,-0.022606
7015,0.010565
7016,0.057120
7017,0.064235
7018,0.026283
7019,-0.000970
7020,-0.010472
7021,0.008548
7022,0.001113
7023,0.005270
7024,0.025229
7025,0.000931
7026,0.005002
7027,0.008498
7028,0.034917
7029,0.051635
7030,0.044700
7031,-0.017718
7032,-0.064421
7033,-0.089694
7034,-0.065165
7035,-0.007607
7036,0.028118
7037,0.039218
7038,0.009377
7039,0.001941
7040,555.074951
7041,532.538635
7042,6.904987
7043,339.139893
7044,-47.120121
7045,-17.747238
7046,25.837296
7047,44.312969
7048,28.697760
7049,13.016240
7050,-2.056854
7051,2.784237
7052,14.042500
7053,11.848769
7054,-9.997753
7055,-27.125849
7056,-33.556263
7057,-21.482134
7058,4.402262
7059,17.922327
7060,14.921616
7061,-18.063913
7062,-23.955715
7063,7.383667
7064,23.967506
7065,40.065109
7066,42.191765
7067,12.274507
7068,-26.239565
7069,-57.723366
7070,-38.744125
7071,1.665781
7072,26.874907
7073,14.358105
7074,7.270142
7075,-5.776970
7076,-4.886669
7077,-4.976447
7078,-1.054919
7079,14.786686
7080,19.038969
7081,2.948773
7082,-14.723311
7083,-22.476799
7084,-15.821653
7085,-9.010677
7086,13.096591
7087,18.550543
7088,20.690247
7089,-3.675322
7090,-27.437529
7091,-11.018262
7092,-4.612027
7093,-11.168506
7094,-88.899300
7095,0.030313
7096,1503.505981
7097,150.273544
7098,241.350464
7099,-941.675903
7100,-313.829590
7101,-1503.351685
7102,1713.150269
7103,-796.296875
7104,1681.272217
7105,1336.606323
7106,-586.438660
7107,-262.235565
7108,768.470703
7109,587.216309
7110,-446.950714
7111,1546.665649
7112,1105.449097
7113,1252.616699
7114,-1162.421387
7115,-1780.538452
7116,490.101044
7117,664.951538
7118,-1036.886108
7119,876.484070
7120,-850.165466
7121,-130.952271
7122,-819.674744
7123,669.002625
7124,531.109985
7125,-1461.351685
7126,-843.201538
7127,664.305664
7128,-654.443115
7129,-1702.394165
7130,-904.709961
7131,1642.473633
7132,-688.614502
7133,-1704.818359
7134,-1636.751587
7135,978.839355
7136,1802.558960
7137,463.427338
7138,-1004.383484
7139,-141.787277
7140,127.436050
7141,-1930.581055
7142,-457.604156
7143,-2081.498291
7144,-573.402588
7145,-183.982361
7146,508.755280
7147,-1230.468628
7148,0.006876
7149,-0.019673
7150,-0.062098
7151,-0.024385
7152,-0.018519
7153,0.019509
7154,0.012364
7155,0.051363
7156,0.083050
7157,0.031019
7158,0.021219
7159,0.012551
7160,0.007793
7161,-0.026703
7162,-0.036486
7163,-0.069841
7164,-0.049797
7165,-0.010593
7166,0.016227
7167,0.007006
7168,0.046736
7169,0.089776
7170,-0.006653
7171,-0.017024
7172,-0.044374
7173,-0.060094
7174,-0.053926
7175,-0.052821
7176,-0.022872
7177,0.012907
7178,0.078241
7179,0.088257
7180,0.057839
7181,0.023460
7182,0.013111
7183,-0.041425
7184,-0.056437
7185,-0.037430
7186,-0.030343
7187,-0.030920
7188,-0.012908
7189,-0.020256
7190,0.028071
7191,0.029002
7192,0.064059
7193,0.049169
7194,0.032502
7195,-0.025523
7196,-0.032901
7197,-0.065688
7198,-0.022546
7199,0.043350
7200,0.015473
7201,-0.030078
7202,-0.057291
7203,-0.050562
7204,-0.020267
7205,0.062326
7206,0.035072
7207,-0.026585
7208,-0.012549
7209,-0.031493
7210,-0.020528
7211,0.041345
7212,0.045704
7213,0.076607
7214,0.086289
7215,0.073521
7216,0.044618
7217,0.013784
7218,-0.061382
7219,-0.106178
7220,-0.118143
7221,-0.058066
7222,-0.054869
7223,-0.029347
7224,0.013852
7225,0.017854
7226,-0.026972
7227,-0.009664
7228,0.027363
7229,0.070242
7230,0.022164
7231,0.020078
7232,0.026684
7233,-0.000593
7234,-0.002796
7235,-0.013706
7236,-0.063221
7237,-0.049313
7238,-0.020314
7239,-0.004913
7240,0.019257
7241,0.060067
7242,0.054749
7243,0.082821
7244,0.078293
7245,-0.014426
7246,-0.043468
7247,-0.074287
7248,305.591248
7249,212.216782
7250,5.803487
7251,1890.131226
7252,1174.437500
7253,17.862663
7254,-21.893045
7255,-60.474659
7256,-72.464157
7257,-36.197552
7258,-25.390129
7259,-5.562727
7260,21.724428
7261,42.737526
7262,66.928925
7263,59.063519
7264,14.075826
7265,-35.604313
7266,-46.894447
7267,-31.320116
7268,-24.130781
7269,-13.966051
7270,3.251968
7271,24.736008
7272,26.037231
7273,5.367784
7274,-8.940279
7275,-23.663084
7276,-22.041536
7277,-7.857181
7278,11.466478
7279,28.251160
7280,22.623878
7281,11.231544
7282,5.893663
7283,-7.375235
7284,-20.970684
7285,-2.450353
7286,19.903645
7287,19.084038
7288,9.846429
7289,-5.623344
7290,-27.053381
7291,-28.431761
7292,-27.317417
7293,-16.116674
7294,3.094891
7295,15.675283
7296,15.225727
7297,5.610465
7298,-16.784164
7299,-7.980849
7300,13.981745
7301,35.026661
7302,-0.056117
7303,-0.024927
7304,0.002211
7305,0.033337
7306,0.024232
7307,-0.000120
7308,-0.043202
7309,0.002490
7310,0.052173
7311,0.092069
7312,0.061969
7313,0.015422
7314,-0.013183
7315,-0.024384
7316,0.008781
7317,-0.006808
7318,-0.076026
7319,-0.073603
7320,-0.067727
7321,-0.058027
7322,-0.017165
7323,0.059070
7324,0.093223
7325,0.103695
7326,0.031609
7327,0.016332
7328,-0.030812
7329,-0.052867
7330,-0.054154
7331,-0.023166
7332,-0.025034
7333,-0.016769
7334,-0.021537
7335,0.018401
7336,0.072162
7337,0.031705
7338,0.027513
7339,0.051439
7340,0.033280
7341,0.046576
7342,-0.011137
7343,-0.026017
7344,0.032701
7345,0.032980
7346,0.018319
7347,-0.013329
7348,-0.091810
7349,-0.090068
7350,-0.038020
7351,-0.050840
7352,303.249023
7353,204.193024
7354,5.756497
7355,1901.408691
7356,1143.390869
7357,-8.919598
7358,2.607611
7359,7.914424
7360,3.432043
7361,12.362814
7362,4.598657
7363,4.287654
7364,-1.907042
7365,-12.205045
7366,-5.172638
7367,2.384770
7368,-6.396953
7369,1.421653
7370,-1.337312
7371,9.902906
7372,9.888595
7373,-2.825458
7374,6.321729
7375,16.309278
7376,8.773237
7377,5.455612
7378,-1.629750
7379,-11.174461
7380,-7.426167
7381,-9.403551
7382,-7.987597
7383,-9.482862
7384,-1.650486
7385,3.837617
7386,9.446565
7387,9.557390
7388,0.044938
7389,-10.053840
7390,-11.306598
7391,-14.393309
7392,-8.573145
7393,3.267608
7394,8.177395
7395,20.015974
7396,16.274794
7397,6.469836
7398,3.730031
7399,-0.339706
7400,1.305392
7401,0.699313
7402,-2.258428
7403,-2.670586
7404,-12.051821
7405,-6.231713
7406,0.002606
7407,-0.021540
7408,0.036315
7409,0.044057
7410,0.006717
7411,-0.059551
7412,-0.071628
7413,-0.058002
7414,-0.041862
7415,-0.040432
7416,-0.007886
7417,0.000750
7418,0.025240
7419,0.038320
7420,0.010940
7421,0.026429
7422,0.027326
7423,0.026988
7424,0.028323
7425,-0.036470
7426,-0.017315
7427,0.053451
7428,0.038964
7429,0.031927
7430,0.014535
7431,-0.042267
7432,-0.054146
7433,-0.065121
7434,-0.027348
7435,0.052405
7436,0.095524
7437,0.054315
7438,-0.030450
7439,0.000158
7440,0.003516
7441,-0.041754
7442,-0.021430
7443,-0.003399
7444,-0.019519
7445,-0.050302
7446,-0.035982
7447,-0.002378
7448,-0.037413
7449,0.018426
7450,0.054913
7451,-0.011153
7452,-0.020680
7453,-0.005277
7454,0.023118
7455,0.017003
7456,300.906799
7457,196.169357
7458,5.709506
7459,1912.686035
7460,1137.062134
7461,6.769834
7462,15.009396
7463,9.037325
7464,-7.578600
7465,-11.764664
7466,1.386442
7467,16.084032
7468,24.808584
7469,13.707703
7470,-6.711559
7471,3.099980
7472,22.911608
7473,6.281810
7474,-19.029558
7475,-43.620987
7476,-46.379047
7477,-46.524529
7478,-32.737045
7479,8.067528
7480,47.866318
7481,64.843567
7482,81.731781
7483,76.847832
7484,35.529976
7485,-20.522301
7486,-71.301552
7487,-85.072968
7488,-81.358574
7489,-58.258442
7490,-24.774290
7491,19.942457
7492,46.726852
7493,42.555786
7494,41.216095
7495,33.838326
7496,35.132393
7497,36.554855
7498,15.431314
7499,-11.091105
7500,-36.926670
7501,-53.501575
7502,-47.893360
7503,-35.828793
7504,-2.495157
7505,21.954746
7506,14.467598
7507,17.357206
7508,16.840443
7509,0.653044
7510,-8.241094
7511,-35.474815
7512,873.034363
7513,1.395278
7514,-1204.049927
7515,942.352844
7516,-0.431020
7517,-1420.797485
7518,-453.638092
7519,-1697.531860
7520,-157.546371
7521,2334.398682
7522,-1828.940308
7523,141.498291
7524,1327.935059
7525,90.208153
7526,-708.276489
7527,-993.958435
7528,-1299.792236
7529,-1125.902710
7530,-527.273682
7531,1478.118774
7532,1276.886841
7533,1849.871460
7534,-257.250854
7535,304.594940
7536,1197.351807
7537,-901.930176
7538,-1339.099121
7539,1988.096069
7540,-1122.976196
7541,1532.284668
7542,-954.211975
7543,-1779.946777
7544,2194.175049
7545,1104.907349
7546,-1223.556274
7547,-893.844360
7548,1516.331543
7549,-1449.714233
7550,-0.159515
7551,-1357.633301
7552,511.921783
7553,1942.020996
7554,-2306.016846
7555,-1841.805420
7556,721.368530
7557,-994.901367
7558,908.530212
7559,95.528870
7560,388.065063
7561,1429.653931
7562,1129.702515
7563,1565.465088
7564,1457.320923
7565,0.039352
7566,0.055432
7567,0.068461
7568,-0.012518
7569,-0.055493
7570,-0.056913
7571,-0.016440
7572,-0.016825
7573,0.008108
7574,0.036038
7575,0.033144
7576,0.068491
7577,0.030730
7578,-0.019111
7579,-0.052249
7580,-0.062974
7581,-0.057980
7582,-0.048720
7583,0.007979
7584,0.039412
7585,-0.006740
7586,-0.011551
7587,0.044005
7588,0.012960
7589,0.052774
7590,0.039203
7591,-0.002474
7592,-0.020853
7593,-0.076391
7594,-0.100988
7595,-0.066740
7596,0.017510
7597,0.058591
7598,0.093618
7599,0.095142
7600,0.009525
7601,-0.003385
7602,-0.023842
7603,-0.000819
7604,0.037071
7605,0.008053
7606,-0.030982
7607,-0.041367
7608,-0.014798
7609,0.008478
7610,-0.018319
7611,-0.021266
7612,-0.035854
7613,-0.067304
7614,-0.032940
7615,-0.022508
7616,0.012657
7617,0.024510
7618,0.016434
7619,0.038800
7620,0.060044
7621,0.025975
7622,-0.003462
7623,0.042658
7624,0.039104
7625,-0.022238
7626,-0.027761
7627,-0.017588
7628,-0.013264
7629,0.026723
7630,0.028216
7631,-0.056361
7632,-0.136621
7633,-0.168787
7634,-0.071733
7635,0.056973
7636,0.118819
7637,0.137971
7638,0.109938
7639,0.092267
7640,0.021917
7641,-0.058688
7642,-0.068846
7643,-0.042042
7644,-0.088677
7645,-0.104397
7646,-0.044039
7647,0.020739
7648,0.031450
7649,0.009273
7650,0.012193
7651,0.029839
7652,0.047394
7653,0.088446
7654,0.059627
7655,0.023379
7656,-0.002612
7657,-0.002950
7658,-0.016220
7659,-0.075739
7660,-0.099882
7661,-0.064397
7662,0.035312
7663,0.105354
7664,0.075845
7665,0.008193
7666,-0.011821
7667,-0.037546
7668,-0.081688
7669,-0.061413
7670,-0.049395
7671,0.008390
7672,0.003033
7673,-0.015747
7674,0.006705
7675,0.039825
7676,0.061991
7677,0.081443
7678,0.058376
7679,0.024171
7680,-0.001190
7681,0.021648
7682,-0.044621
7683,-0.104317
7684,-0.011725
7685,-0.022206
7686,-0.006242
7687,0.063175
7688,-0.004782
7689,-0.055134
7690,-0.055935
7691,-0.058356
7692,-0.056028
7693,-0.002715
7694,0.000504
7695,0.007189
7696,0.032829
7697,0.094459
7698,0.079885
7699,0.022956
7700,0.015295
7701,0.018152
7702,0.003739
7703,0.013055
7704,-0.023949
7705,-0.041298
7706,-0.027877
7707,-0.030268
7708,-0.001683
7709,-0.024114
7710,-0.007092
7711,0.037831
7712,0.028427
7713,0.019313
7714,-0.021436
7715,0.039979
7716,0.043535
7717,-0.018950
7718,-0.076973
7719,-0.076914
7720,-0.049953
7721,0.007774
7722,0.025786
7723,0.018094
7724,0.042330
7725,0.055654
7726,0.081346
7727,0.085797
7728,-0.007682
7729,-0.081674
7730,-0.122968
7731,-0.115068
7732,-0.067216
7733,0.027750
7734,0.050235
7735,0.081360
7736,0.110806
7737,0.119114
7738,0.104358
7739,0.076753
7740,0.011731
7741,-0.117534
7742,-0.202579
7743,-0.175376
7744,-0.091441
7745,-0.031100
7746,-0.001652
7747,0.013612
7748,0.047643
7749,0.018504
7750,0.019699
7751,0.040300
7752,0.054233
7753,0.094725
7754,0.035837
7755,-0.026208
7756,-0.042295
7757,-0.024694
7758,0.032929
7759,0.007394
7760,0.015737
7761,0.019703
7762,0.012797
7763,-0.014097
7764,181.991150
7765,1372.620117
7766,385.830048
7767,17.355631
7768,710.027222
7769,40.635345
7770,73.694031
7771,57.377975
7772,2.498161
7773,-55.834167
7774,-67.496063
7775,-49.965561
7776,-30.984282
7777,-22.371508
7778,-0.957689
7779,18.624704
7780,38.567188
7781,33.499836
7782,1.158877
7783,0.603213
7784,12.059449
7785,2.794954
7786,-9.993641
7787,-38.170017
7788,-36.397713
7789,-12.674866
7790,-1.331298
7791,-7.550820
7792,23.936520
7793,38.985146
7794,13.278998
7795,2.032640
7796,1.873606
7797,-8.882962
7798,-21.708408
7799,-34.597988
7800,-0.824519
7801,25.605247
7802,13.956750
7803,12.538222
7804,13.781349
7805,16.949404
7806,17.666290
7807,-1.496500
7808,-12.126345
7809,-45.585327
7810,-42.608219
7811,-16.971292
7812,26.461870
7813,53.502583
7814,47.916752
7815,24.731987
7816,9.140165
7817,-19.948650
7818,-14.971099
7819,-0.060056
7820,-0.096122
7821,-0.065551
7822,-0.010565
7823,0.063441
7824,0.090496
7825,0.030801
7826,-0.002319
7827,0.010496
7828,0.040713
7829,0.042292
7830,-0.003001
7831,-0.094366
7832,-0.087773
7833,-0.072204
7834,-0.052957
7835,0.029388
7836,0.052295
7837,0.061006
7838,0.070695
7839,0.034184
7840,0.009770
7841,0.046826
7842,0.011940
7843,-0.071751
7844,-0.073962
7845,-0.028772
7846,-0.036272
7847,-0.009211
7848,-0.010778
7849,0.036615
7850,0.105024
7851,0.075319
7852,0.021188
7853,-0.027223
7854,0.009719
7855,-0.020625
7856,-0.077975
7857,-0.095378
7858,-0.052430
7859,0.026209
7860,0.099053
7861,0.085998
7862,0.028158
7863,-0.031992
7864,-0.029290
7865,0.010036
7866,0.049432
7867,0.024783
7868,-0.015781
7869,-0.058936
7870,-0.087911
7871,-0.064406
7872,-0.025082
7873,-0.002244
7874,-0.002675
7875,-0.008371
7876,-0.030011
7877,0.002636
7878,0.062386
7879,0.058439
7880,0.011786
7881,0.012118
7882,0.001572
7883,-0.023980
7884,-0.057819
7885,-0.041230
7886,0.011986
7887,0.077461
7888,0.073397
7889,0.033120
7890,-0.020947
7891,-0.082865
7892,-0.067553
7893,-0.024078
7894,0.027449
7895,0.010164
7896,0.004441
7897,0.030728
7898,-0.003187
7899,-0.018350
7900,0.025052
7901,0.038355
7902,0.067259
7903,0.072509
7904,-0.035113
7905,-0.076325
7906,-0.105798
7907,-0.077555
7908,-0.006923
7909,0.019602
7910,0.072615
7911,0.073286
7912,0.018762
7913,-0.037093
7914,-0.025563
7915,-0.011659
7916,0.013057
7917,0.068664
7918,0.070903
7919,0.021988
7920,-0.058606
7921,-0.079507
7922,-0.030781
7923,-0.029068
7924,-0.029510
7925,0.010378
7926,0.046148
7927,0.022168
7928,-0.018169
7929,-0.032649
7930,-0.054076
7931,-0.024993
7932,0.000704
7933,-0.024212
7934,0.019958
7935,0.059070
7936,0.015545
7937,-0.009731
7938,-0.008088
7939,-0.002713
7940,0.009997
7941,0.038901
7942,0.082370
7943,0.099167
7944,0.037939
7945,0.039200
7946,-0.006938
7947,-0.071845
7948,-0.108637
7949,-0.113127
7950,-0.078399
7951,-0.065251
7952,-0.027030
7953,-0.038485
7954,-0.039149
7955,-0.004561
7956,0.065225
7957,0.080194
7958,0.060912
7959,0.087959
7960,0.072126
7961,-0.004578
7962,0.012020
7963,0.047794
7964,0.006633
7965,0.023240
7966,0.000063
7967,-0.077856
7968,-0.048257
7969,-0.030864
7970,-0.020750
7971,0.004730
7972,0.003238
7973,-0.030771
7974,-0.064207
7975,-0.017790
7976,0.033961
7977,0.043120
7978,0.032299
7979,0.030462
7980,-0.014349
7981,-0.030882
7982,-0.032539
7983,-0.019053
7984,0.013938
7985,0.035553
7986,0.014552
7987,0.033365
7988,0.071460
7989,0.057733
7990,0.031770
7991,0.005485
7992,-0.037011
7993,-0.054599
7994,-0.008705
7995,0.017525
7996,-0.026223
7997,-0.031384
7998,-0.034392
7999,-0.081866
8000,-0.106752
8001,-0.032662
8002,0.003579
8003,0.044050
8004,0.071822
8005,0.020046
8006,-0.021642
8007,-0.052819
8008,-0.031592
8009,-0.022174
8010,0.037568
8011,0.120058
8012,0.129683
8013,0.036098
8014,-0.004476
8015,-0.053687
8016,-0.052014
8017,-0.028218
8018,-0.016264
8019,0.006996
8020,0.031600
8021,-0.004097
8022,-0.027460
8023,-0.036723
8024,-0.069004
8025,-0.024680
8026,0.019344
8027,0.053392
8028,0.036134
8029,0.056294
8030,0.059912
8031,0.031357
8032,-0.036703
8033,-0.055046
8034,-0.010630
8035,-0.068675
8036,-0.062039
8037,0.022587
8038,0.095774
8039,0.057548
8040,0.014564
8041,-0.004810
8042,-0.057634
8043,-0.053191
8044,-0.002063
8045,0.024059
8046,0.026637
8047,-0.012500
8048,-0.021698
8049,0.000705
8050,-0.002225
8051,-0.025624
8052,0.014286
8053,0.006588
8054,-0.021049
8055,0.010067
8056,-0.005791
8057,-0.044292
8058,-0.042471
8059,0.015846
8060,0.105078
8061,0.049910
8062,0.004999
8063,-0.027638
8064,-0.011753
8065,-0.012575
8066,-0.025419
8067,-0.016072
8068,0.026842
8069,0.003305
8070,0.023371
8071,0.014916
8072,-0.044305
8073,0.017388
8074,0.030400
8075,-0.027709
8076,-0.028605
8077,-0.040302
8078,-0.077204
8079,-0.006960
8080,0.004097
8081,-0.009206
8082,0.015013
8083,0.035281
8084,-0.010582
8085,-0.037247
8086,-0.036878
8087,0.045246
8088,0.054700
8089,0.033479
8090,0.066566
8091,0.049489
8092,0.038218
8093,0.010349
8094,-0.033038
8095,-0.014788
8096,-0.032436
8097,-0.056428
8098,-0.066019
8099,-0.025811
8100,0.006518
8101,0.013198
8102,0.024239
8103,0.066821
8104,0.071138
8105,0.031409
8106,-0.031550
8107,-0.024462
8108,-0.032315
8109,-0.049866
8110,-0.045613
8111,-0.020656
8112,-0.049247
8113,-0.023904
8114,0.007772
8115,0.030264
8116,0.022857
8117,0.042596
8118,0.031650
8119,0.020963
8120,0.047590
8121,0.030428
8122,0.007071
8123,-0.041730
8124,-0.013840
8125,-0.021151
8126,-0.080588
8127,-0.057154
8128,-0.044405
8129,-0.027519
8130,0.005502
8131,0.021497
8132,0.017085
8133,0.015899
8134,0.007305
8135,0.005930
8136,0.065505
8137,0.028967
8138,0.039736
8139,0.046915
8140,-0.043266
8141,0.022744
8142,0.046863
8143,-0.016402
8144,-0.031036
8145,-0.047767
8146,0.000736
8147,0.038958
8148,-0.019394
8149,0.006872
8150,0.019173
8151,-0.006639
8152,0.007409
8153,0.007785
8154,-0.054602
8155,-0.011717
8156,-0.028675
8157,-0.035755
8158,-0.026011
8159,-0.020237
8160,0.037918
8161,0.058889
8162,0.027624
8163,0.055925
8164,0.047719
8165,-0.061303
8166,-0.064632
8167,-0.037630
8168,-0.046290
8169,-0.002478
8170,0.025815
8171,0.022353
8172,0.031369
8173,0.039310
8174,0.062406
8175,0.032086
8176,-0.034863
8177,-0.096471
8178,-0.107158
8179,-0.068952
8180,-0.025536
8181,0.001490
8182,0.072528
8183,0.068543
8184,0.030575
8185,0.069821
8186,0.045187
8187,0.011295
8188,-0.020708
8189,-0.081828
8190,-0.021095
8191,-0.001439
8192,-0.026503
8193,0.029410
8194,0.024239
8195,0.036583
8196,0.046579
8197,0.044508
8198,-0.023345
8199,-0.030014
8200,-0.028792
8201,-0.014647
8202,-0.064353
8203,-0.088526
8204,-0.055387
8205,-0.010324
8206,0.031683
8207,0.042204
8208,0.074139
8209,0.055054
8210,-0.002350
8211,-0.014603
8212,-0.042106
8213,-0.019627
8214,0.022490
8215,0.052932
8216,0.080785
8217,0.010883
8218,-0.028806
8219,-0.069489
8220,-0.057133
8221,-0.034286
8222,-0.034173
8223,0.007802
8224,-0.003693
8225,0.008923
8226,0.037402
8227,0.047499
8228,0.072454
8229,0.019365
8230,-0.009504
8231,-0.037835
8232,-0.041869
8233,0.031027
8234,-0.025875
8235,0.022492
8236,0.011061
8237,-0.022114
8238,-0.013549
8239,0.013599
8240,-0.011432
8241,-0.017368
8242,0.012239
8243,0.000805
8244,-0.012360
8245,0.003320
8246,-0.005877
8247,-0.029928
8248,-0.013837
8249,0.021208
8250,0.027854
8251,0.003404
8252,-0.015425
8253,-0.048911
8254,-0.039552
8255,-0.021630
8256,0.050267
8257,0.037621
8258,0.026655
8259,0.030334
8260,0.003842
8261,-0.011053
8262,-0.012433
8263,-0.007140
8264,-0.015295
8265,-0.029068
8266,-0.061703
8267,-0.033517
8268,0.023391
8269,0.037921
8270,0.040665
8271,0.074388
8272,0.050522
8273,-0.004061
8274,-0.043409
8275,-0.005041
8276,-0.022917
8277,-0.024109
8278,-0.019209
8279,-0.010973
8280,-0.036596
8281,-0.020559
8282,-0.022126
8283,0.010513
8284,0.038297
8285,-0.010081
8286,0.017409
8287,0.056250
8288,0.033518
8289,0.065332
8290,0.064723
8291,0.031468
8292,-0.047429
8293,-0.113126
8294,-0.054899
8295,-0.018642
8296,-0.004506
8297,-0.009562
8298,-0.042630
8299,-0.034544
8300,0.040127
8301,-0.016466
8302,-0.050490
8303,-0.049477
8304,-0.029342
8305,-0.037687
8306,0.011837
8307,0.088602
8308,0.104826
8309,0.078989
8310,0.025716
8311,0.030609
8312,0.006328
8313,0.029450
8314,0.032414
8315,-0.025040
8316,-0.010187
8317,-0.008923
8318,-0.041828
8319,-0.107201
8320,-0.072429
8321,-0.034008
8322,-0.024092
8323,0.037112
8324,0.049224
8325,0.079315
8326,0.050604
8327,0.008815
8328,0.008968
8329,0.005760
8330,0.016814
8331,-0.039833
8332,-0.053023
8333,-0.032783
8334,-0.045846
8335,-0.007747
8336,0.042866
8337,0.042692
8338,0.037723
8339,0.025378
8340,0.009560
8341,0.006376
8342,-0.042879
8343,-0.057913
8344,-0.047386
8345,-0.037246
8346,0.025766
8347,0.036676
8348,0.049410
8349,0.052361
8350,-0.034213
8351,-0.000598
8352,-0.059324
8353,-0.124283
8354,-0.013853
8355,0.022115
8356,0.084038
8357,0.056456
8358,0.067540
8359,0.041778
8360,-0.009067
8361,-0.034375
8362,-0.032019
8363,-0.027112
8364,-0.053650
8365,-0.058888
8366,-0.041110
8367,-0.013247
8368,0.064237
8369,0.055254
8370,0.053442
8371,0.057252
8372,0.049181
8373,0.033340
8374,-0.001201
8375,-0.039015
8376,-0.064885
8377,-0.053508
8378,-0.055706
8379,-0.093548
8380,-0.052898
8381,430.878937
8382,896.289246
8383,58.867867
8384,928.661926
8385,1671.042969
8386,19.437605
8387,13.134821
8388,6.499253
8389,-14.955968
8390,-36.829075
8391,-44.669079
8392,-34.133259
8393,-16.687361
8394,-0.366554
8395,-2.706591
8396,-0.346022
8397,14.863537
8398,38.851460
8399,39.102230
8400,7.742072
8401,-11.954542
8402,-36.765385
8403,-23.671021
8404,1.430117
8405,19.682056
8406,31.288397
8407,27.130877
8408,-0.720980
8409,-24.188137
8410,-40.384838
8411,-33.678726
8412,3.834273
8413,32.317245
8414,36.117397
8415,20.753628
8416,-7.264441
8417,-29.593573
8418,-19.853285
8419,-9.860564
8420,8.592908
8421,12.656777
8422,9.902283
8423,14.716497
8424,-5.021620
8425,-27.123718
8426,-16.068159
8427,-1.410903
8428,20.355719
8429,26.859863
8430,10.035842
8431,-5.565255
8432,-10.014198
8433,-13.129206
8434,-12.422050
8435,-0.012436
8436,-0.006641
8437,0.044228
8438,0.088992
8439,0.079209
8440,0.073284
8441,0.041994
8442,0.049870
8443,-0.014571
8444,-0.035412
8445,-0.038084
8446,0.012227
8447,0.024284
8448,-0.019415
8449,-0.082695
8450,-0.065259
8451,-0.013621
8452,-0.039311
8453,0.019469
8454,0.063371
8455,0.000282
8456,0.007551
8457,-0.003734
8458,-0.031648
8459,0.012698
8460,0.017997
8461,-0.007405
8462,0.038984
8463,0.013271
8464,-0.049678
8465,-0.022463
8466,-0.026047
8467,-0.042593
8468,-0.003206
8469,0.020358
8470,-0.012159
8471,0.045307
8472,0.040786
8473,0.063675
8474,0.055706
8475,0.019571
8476,-0.009604
8477,0.001053
8478,-0.060661
8479,-0.064376
8480,-0.080788
8481,-0.043232
8482,0.056289
8483,0.094139
8484,0.092280
8485,0.001037
8486,-0.052778
8487,-0.054746
8488,-0.017594
8489,-0.064838
8490,-0.037416
8491,-0.007552
8492,-0.022475
8493,-0.008169
8494,0.032465
8495,0.024450
8496,-0.006108
8497,-0.023125
8498,-0.007840
8499,0.045113
8500,0.058592
8501,0.108885
8502,0.074903
8503,-0.022765
8504,-0.066260
8505,-0.078625
8506,-0.064218
8507,-0.000699
8508,0.020797
8509,0.031007
8510,-0.004438
8511,-0.050956
8512,-0.038407
8513,0.001055
8514,0.029011
8515,0.042539
8516,-0.013977
8517,-0.025355
8518,-0.000458
8519,0.028887
8520,0.009167
8521,0.017782
8522,-0.012681
8523,-0.004202
8524,0.021941
8525,0.035086
8526,0.071239
8527,0.065297
8528,-0.012192
8529,-0.039264
8530,-0.082333
8531,-0.037224
8532,0.003493
8533,0.006680
8534,0.032680
8535,0.013455
8536,-0.058808
8537,-0.080379
8538,-0.091817
8539,-0.054423
8540,0.074688
8541,0.080351
8542,0.047178
8543,0.013131
8544,-0.055482
8545,-0.068063
8546,-0.016761
8547,0.022809
8548,0.052048
8549,0.063138
8550,0.031001
8551,0.047036
8552,0.011784
8553,-0.060243
8554,-0.070087
8555,-0.016049
8556,0.005878
8557,0.008922
8558,0.021415
8559,0.020290
8560,0.021205
8561,0.017371
8562,-0.037326
8563,-0.026215
8564,0.051855
8565,0.015782
8566,-0.006938
8567,-0.040954
8568,-0.049772
8569,-0.004494
8570,0.021755
8571,0.048344
8572,0.038317
8573,-0.024610
8574,-0.023073
8575,-0.055524
8576,-0.086250
8577,-0.021087
8578,0.024819
8579,0.029255
8580,0.087327
8581,0.045325
8582,-0.013492
8583,-0.035989
8584,-0.029453
8585,-163.277161
8586,880.583740
8587,58.115570
8588,0.000000
8589,0.034071
8590,2257.882813
8591,1010.080322
8592,1970.255859
8593,2273.206543
8594,1367.637451
8595,2020.681152
8596,751.670044
8597,2164.145752
8598,1785.593384
8599,1902.349243
8600,1077.254517
8601,683.879761
8602,2017.160278
8603,954.600098
8604,982.592285
8605,2052.840332
8606,1412.915283
8607,1029.645386
8608,1299.800781
8609,773.376465
8610,1561.861816
8611,2065.920166
8612,1460.611328
8613,702.309937
8614,1018.309204
8615,764.778931
8616,0.006203
8617,-0.001736
8618,-0.011890
8619,0.010840
8620,0.029011
8621,0.032998
8622,0.019452
8623,-0.001861
8624,-0.019574
8625,-0.053778
8626,-0.052656
8627,-0.087712
8628,-0.038912
8629,-0.068594
8630,-0.015374
8631,0.048142
8632,0.082016
8633,0.095353
8634,0.082168
8635,0.004716
8636,-0.007478
8637,-0.034645
8638,-0.039956
8639,-0.067104
8640,-0.068187
8641,-0.000271
8642,0.004283
8643,0.046203
8644,0.082979
8645,0.101233
8646,0.099654
8647,0.055909
8648,-0.013612
8649,-0.091945
8650,-0.092645
8651,-0.080574
8652,-0.052691
8653,-0.013876
8654,-0.032187
8655,-0.059009
8656,0.000338
8657,0.006999
8658,-0.017147
8659,-0.004092
8660,0.022825
8661,0.046212
8662,0.060326
8663,0.091571
8664,0.046891
8665,0.013511
8666,-0.028988
8667,-0.026802
8668,0.003179
8669,-0.016134
8670,0.001182
8671,-0.002303
8672,0.035911
8673,-0.021328
8674,-0.054807
8675,-0.002189
8676,0.065019
8677,0.034465
8678,0.013390
8679,-0.031903
8680,-0.084690
8681,-0.100670
8682,-0.059671
8683,0.016331
8684,-0.018442
8685,-0.021982
8686,0.016608
8687,-0.022819
8688,-0.031505
8689,0.062728
8690,0.126411
8691,0.116795
8692,0.083554
8693,-0.007705
8694,-0.098295
8695,-0.060104
8696,-0.022753
8697,-0.008597
8698,0.040405
8699,0.089363
8700,0.033519
8701,0.009026
8702,-0.031172
8703,-0.074594
8704,-0.108064
8705,-0.050344
8706,-0.000010
8707,0.032454
8708,0.050856
8709,0.037426
8710,-0.029000
8711,-0.056730
8712,-0.059029
8713,-0.053304
8714,-0.003979
8715,0.065852
8716,0.071565
8717,0.029046
8718,0.027900
8719,0.049636
8720,-0.007354
8721,-0.024743
8722,-0.001087
8723,-0.032535
8724,-0.032941
8725,0.022571
8726,0.058131
8727,0.022736
8728,-0.024027
8729,-0.069202
8730,-0.060643
8731,-0.011030
8732,0.042298
8733,0.038672
8734,0.010682
8735,0.006995
8736,0.050846
8737,0.055809
8738,-0.002188
8739,-0.035795
8740,-0.041631
8741,-0.027979
8742,-0.056355
8743,-0.080989
8744,-0.006486
8745,-0.009927
8746,-0.012276
8747,-0.012012
8748,0.023671
8749,0.107288
8750,0.118427
8751,0.083613
8752,0.087507
8753,0.001036
8754,-0.033601
8755,-0.035522
8756,-0.070823
8757,-0.101459
8758,-0.129893
8759,-0.059887
8760,0.005387
8761,0.000369
8762,0.016247
8763,0.034064
8764,-0.026263
8765,-0.020038
8766,0.016919
8767,0.012209
8768,0.040254
8769,0.048715
8770,0.058162
8771,0.020622
8772,-0.033348
8773,-0.027129
8774,-0.003309
8775,0.010917
8776,0.011760
8777,0.018295
8778,0.020352
8779,0.049857
8780,0.028916
8781,-0.034441
8782,-0.056959
8783,-0.036250
8784,-0.044686
8785,-0.054781
8786,-0.030393
8787,-0.022984
8788,-0.003590
8789,0.011478
8790,0.010647
8791,0.040361
8792,0.066515
8793,0.074349
8794,0.025875
8795,-0.059529
8796,-0.111139
8797,-0.102623
8798,-0.013092
8799,0.031173
8800,0.022674
8801,0.070072
8802,0.057458
8803,0.064350
8804,0.070677
8805,0.024021
8806,-0.005080
8807,-0.054006
8808,-0.116732
8809,-0.103020
8810,-0.054349
8811,0.003679
8812,0.061449
8813,0.014891
8814,0.060217
8815,0.045136
8816,0.015703
8817,0.010779
8818,-0.000891
8819,-0.015585
8820,-0.003682
8821,-0.029572
8822,-0.064426
8823,-0.016532
8824,0.027787
8825,0.051295
8826,0.031298
8827,-0.011660
8828,-0.008920
8829,0.005960
8830,-0.005329
8831,-0.046846
8832,-0.071182
8833,-0.048163
8834,0.020276
8835,0.079113
8836,0.074534
8837,0.030568
8838,0.053789
8839,0.014868
8840,-0.041995
8841,-0.006845
8842,-0.016699
8843,-0.020297
8844,0.009710
8845,-0.055300
8846,-0.040686
8847,0.004374
8848,0.019494
8849,0.053814
8850,-0.009028
8851,-0.025352
8852,0.058319
8853,0.032371
8854,-0.023198
8855,-0.031659
8856,-0.052039
8857,-0.042992
8858,-0.042827
8859,-0.045724
8860,-0.016705
8861,0.005219
8862,0.007533
8863,0.047460
8864,0.090275
8865,0.133772
8866,0.032825
8867,0.014839
8868,0.052064
8869,-0.005091
8870,-0.077033
8871,-0.112177
8872,-0.108147
8873,-0.044712
8874,0.050871
8875,0.073140
8876,0.074302
8877,0.052153
8878,0.003685
8879,-0.055779
8880,-0.119178
8881,-0.055595
8882,-0.002684
8883,0.005178
8884,0.021892
8885,-0.036538
8886,0.034995
8887,0.087204
8888,0.047750
8889,0.029256
8890,0.006193
8891,0.007979
8892,-0.047587
8893,-0.053013
8894,-0.017189
8895,-0.002328
8896,-0.000992
8897,0.021925
8898,0.006252
8899,-0.044231
8900,-0.015111
8901,0.035484
8902,0.010333
8903,0.048785
8904,-0.016712
8905,-0.037665
8906,-0.034433
8907,-0.020748
8908,-0.032427
8909,0.013558
8910,0.090979
8911,0.078281
8912,0.021365
8913,-0.042657
8914,-0.117760
8915,-0.098989
8916,-0.022002
8917,0.063379
8918,0.093591
8919,0.112645
8920,0.029921
8921,-0.026478
8922,-0.076587
8923,-0.099212
8924,-0.033088
8925,0.031652
8926,0.030196
8927,0.068113
8928,0.068908
8929,-0.028728
8930,-0.049003
8931,-0.008010
8932,0.004667
8933,0.005062
8934,-0.009968
8935,-0.028483
8936,-0.016239
8937,0.044845
8938,0.019190
8939,-0.035729
8940,-0.033564
8941,-0.036755
8942,-0.002917
8943,-0.003687
8944,0.020588
8945,0.023310
8946,0.014055
8947,-0.013129
8948,0.030415
8949,0.002145
8950,-0.020083
8951,0.006868
8952,-0.017030
8953,0.001272
8954,0.015701
8955,0.078458
8956,0.042216
8957,0.012161
8958,-0.023466
8959,-0.041212
8960,-0.058873
8961,-0.071077
8962,-0.056371
8963,-0.000284
8964,0.006750
8965,-0.006279
8966,-0.070466
8967,0.023470
8968,0.043194
8969,0.105381
8970,0.161399
8971,0.097689
8972,-0.016882
8973,-0.067322
8974,-0.133690
8975,-0.107379
8976,-0.063233
8977,-0.024595
8978,0.017442
8979,0.056323
8980,0.035665
8981,0.026387
8982,0.036502
8983,0.043400
8984,0.005590
8985,-0.033249
8986,-0.077417
8987,-0.043591
8988,0.022449
8989,0.054011
8990,0.056516
8991,0.031042
8992,0.018965
8993,-0.032342
8994,-0.083103
8995,-0.069735
8996,-0.042380
8997,-0.000373
8998,0.027135
8999,0.017032
9000,-0.012681
9001,-0.008463
9002,0.053617
9003,0.100702
9004,0.080167
9005,0.067694
9006,-0.002561
9007,-0.087630
9008,-0.092425
9009,-0.040508
9010,-0.014505
9011,0.003329
9012,0.012659
9013,0.037011
9014,0.018574
9015,-0.026806
9016,-0.048866
9017,-0.001523
9018,0.045288
9019,0.039041
9020,-0.024638
9021,-0.046646
9022,-0.038335
9023,-0.024845
9024,-0.021636
9025,-0.016689
9026,0.030261
9027,0.049677
9028,0.063239
9029,0.046766
9030,-0.017119
9031,-0.055600
9032,-0.008912
9033,0.056650
9034,0.024280
9035,-0.048527
9036,-0.034596
9037,0.020881
9038,0.046228
9039,0.077896
9040,0.055188
9041,-0.028694
9042,-0.063858
9043,-0.064741
9044,-0.011642
9045,0.026907
9046,0.015079
9047,-0.002086
9048,-0.014107
9049,-0.093596
9050,-0.063519
9051,-0.052921
9052,-0.042784
9053,0.030421
9054,0.072138
9055,0.026202
9056,0.006708
9057,0.055073
9058,0.083576
9059,0.066978
9060,0.005978
9061,-0.036735
9062,-0.072573
9063,-0.040227
9064,-0.011284
9065,-0.006281
9066,-0.004601
9067,0.021719
9068,0.045372
9069,0.030808
9070,-0.013318
9071,0.009109
9072,-0.010283
9073,-0.021770
9074,-0.050352
9075,-0.054185
9076,-0.050462
9077,-0.079536
9078,-0.024180
9079,0.064330
9080,0.123676
9081,0.086388
9082,0.035121
9083,0.027188
9084,0.014996
9085,-0.042723
9086,-0.052590
9087,-0.028626
9088,0.025872
9089,0.009972
9090,-0.026904
9091,0.001531
9092,-0.021677
9093,-0.076986
9094,-0.035163
9095,-0.006759
9096,-0.012383
9097,-0.012923
9098,0.007024
9099,0.035210
9100,-0.042513
9101,0.002867
9102,0.100856
9103,0.112626
9104,0.054334
9105,0.005355
9106,0.027564
9107,-0.006708
9108,-0.112162
9109,-0.104641
9110,-0.070641
9111,-0.052379
9112,0.025304
9113,0.018031
9114,0.025472
9115,0.063466
9116,0.042082
9117,0.029540
9118,-0.023816
9119,-0.062701
9120,-0.113034
9121,-0.071463
9122,-0.027774
9123,0.006306
9124,-0.007205
9125,-0.027985
9126,0.013631
9127,0.073881
9128,0.081139
9129,0.104580
9130,0.000156
9131,-0.054137
9132,-0.019916
9133,-0.059128
9134,-0.019098
9135,0.019294
9136,-0.000317
9137,-0.032731
9138,-0.033112
9139,-0.055612
9140,0.005634
9141,0.008239
9142,0.046125
9143,0.064999
9144,0.038914
9145,0.066806
9146,0.058069
9147,-0.006643
9148,-0.031552
9149,-0.062813
9150,-0.094686
9151,-0.061498
9152,0.008789
9153,0.047704
9154,0.067539
9155,0.029080
9156,0.005390
9157,0.016366
9158,-0.007464
9159,-0.054210
9160,-0.020097
9161,0.026458
9162,-0.008004
9163,-0.063363
9164,-0.035765
9165,0.029366
9166,717.140625
9167,598.978333
9168,8.976666
9169,92.998634
9170,-26.005209
9171,-28.441288
9172,-44.379150
9173,-29.286007
9174,-15.653859
9175,-9.306596
9176,-11.674209
9177,8.747292
9178,29.692547
9179,46.880421
9180,46.074051
9181,15.942457
9182,-19.230160
9183,-29.943390
9184,-19.136707
9185,-26.161812
9186,-14.579872
9187,1.630754
9188,4.208677
9189,6.409745
9190,15.467291
9191,33.472878
9192,40.784107
9193,24.683065
9194,-9.445196
9195,-32.105537
9196,-53.700687
9197,-45.685837
9198,-12.980761
9199,15.285950
9200,23.590055
9201,12.881117
9202,16.432657
9203,14.592788
9204,8.307837
9205,-1.932911
9206,-32.694042
9207,-50.986523
9208,-18.659626
9209,33.442837
9210,48.166599
9211,27.996645
9212,11.887489
9213,8.898114
9214,-10.588270
9215,-19.368448
9216,-22.767942
9217,-18.620342
9218,-15.138174
9219,-0.892433
9220,-121.394836
9221,0.015106
9222,1257.593018
9223,168.956161
9224,684.616760
9225,175.642899
9226,-1065.491699
9227,-276.543182
9228,-793.432739
9229,1814.073730
9230,-833.866943
9231,739.225037
9232,1427.104736
9233,1125.712158
9234,-1185.649048
9235,-2060.434570
9236,-628.491089
9237,-450.875061
9238,48.180134
9239,2387.177734
9240,-372.698517
9241,-638.932861
9242,-558.142578
9243,1727.731567
9244,746.200500
9245,-2120.067383
9246,-1405.659058
9247,-1141.527954
9248,1213.428345
9249,895.975647
9250,55.592773
9251,-678.895081
9252,-711.793518
9253,-2307.077881
9254,-294.012451
9255,-616.687622
9256,228.098145
9257,-1772.061523
9258,56.595272
9259,1601.566772
9260,-68.929169
9261,126.565117
9262,571.129578
9263,-438.533295
9264,-823.292664
9265,995.854919
9266,56.337513
9267,-144.377518
9268,105.751038
9269,127.890396
9270,-1177.414795
9271,1324.656616
9272,-1311.802734
9273,-2078.149902
9274,0.042277
9275,-0.032012
9276,-0.028610
9277,-0.013659
9278,0.008090
9279,0.027308
9280,0.038114
9281,0.038063
9282,0.033391
9283,0.006910
9284,-0.083199
9285,-0.081084
9286,-0.020818
9287,0.017637
9288,0.066941
9289,0.108034
9290,0.039995
9291,0.026790
9292,-0.003873
9293,-0.033708
9294,-0.025067
9295,-0.014098
9296,-0.015514
9297,-0.035281
9298,-0.041247
9299,-0.022127
9300,-0.037551
9301,0.031415
9302,0.003458
9303,-0.065461
9304,-0.058889
9305,-0.019399
9306,0.038719
9307,0.073158
9308,0.095748
9309,0.047376
9310,0.048758
9311,0.057734
9312,-0.001713
9313,-0.028191
9314,-0.034134
9315,-0.063155
9316,-0.053791
9317,-0.021363
9318,-0.024011
9319,-0.015544
9320,-0.024892
9321,0.003162
9322,0.011332
9323,-0.022742
9324,0.000814
9325,0.011613
9326,0.006898
9327,0.021137
9328,0.037452
9329,0.038645
9330,0.057159
9331,0.040871
9332,0.010113
9333,-0.024050
9334,-0.073552
9335,-0.029025
9336,-0.019055
9337,-0.049026
9338,-0.012056
9339,0.026729
9340,0.035085
9341,0.001198
9342,-0.028863
9343,-0.000006
9344,0.033511
9345,0.027667
9346,0.020068
9347,0.020693
9348,0.020259
9349,-0.026875
9350,-0.071266
9351,-0.015581
9352,-0.005613
9353,0.001143
9354,0.040430
9355,0.020909
9356,-0.013777
9357,0.012366
9358,0.014323
9359,-0.011833
9360,-0.017499
9361,-0.030513
9362,0.037494
9363,0.077968
9364,0.019943
9365,-0.052835
9366,-0.053754
9367,0.002292
9368,-0.025868
9369,-0.057061
9370,-0.026445
9371,0.024136
9372,0.028025
9373,-0.004627
9374,0.057173
9375,0.036293
9376,-0.007395
9377,0.003196
9378,0.003546
9379,-0.062014
9380,-0.041663
9381,-0.018198
9382,0.008289
9383,0.028160
9384,0.033103
9385,0.025992
9386,-0.016696
9387,0.011294
9388,-0.008138
9389,-0.023778
9390,-0.014440
9391,-0.024709
9392,0.025903
9393,0.067398
9394,0.040273
9395,0.020708
9396,0.003100
9397,-0.012906
9398,-0.051175
9399,-0.062529
9400,-0.038627
9401,-0.074047
9402,-0.041919
9403,-0.020808
9404,0.074303
9405,0.129071
9406,0.090062
9407,0.038284
9408,-0.010218
9409,-0.017742
9410,-0.040390
9411,-0.060350
9412,-0.037761
9413,-0.003751
9414,0.024791
9415,0.056048
9416,0.060324
9417,0.028208
9418,0.007134
9419,-0.030242
9420,-0.102669
9421,-0.116648
9422,-0.076988
9423,-0.012081
9424,0.015788
9425,0.075157
9426,0.085343
9427,0.032273
9428,0.043290
9429,0.023441
9430,-0.039463
9431,-0.035048
9432,-0.071248
9433,-0.069434
9434,-0.011504
9435,0.008798
9436,0.010307
9437,0.042857
9438,0.033211
9439,0.040038
9440,0.016055
9441,0.018045
9442,0.005027
9443,-0.037120
9444,-0.018387
9445,0.030449
9446,0.042941
9447,0.014310
9448,-0.002715
9449,-0.008686
9450,-0.039653
9451,-0.027831
9452,0.000562
9453,0.047472
9454,0.054392
9455,0.057689
9456,-0.010520
9457,-0.057887
9458,-0.068090
9459,-0.047829
9460,-0.029375
9461,0.019292
9462,0.045540
9463,-0.001052
9464,-0.020077
9465,-0.013793
9466,-0.010997
9467,-0.023866
9468,-0.016591
9469,0.038748
9470,-0.015854
9471,-0.053401
9472,-0.036281
9473,-0.046303
9474,-0.014351
9475,0.038423
9476,0.080733
9477,0.060953
9478,0.054239
9479,0.030693
9480,0.012014
9481,0.020723
9482,-0.050407
9483,-0.008421
9484,0.023753
9485,0.000985
9486,0.024140
9487,-0.003538
9488,-0.012559
9489,-0.012060
9490,-0.000754
9491,0.028060
9492,-0.000425
9493,-0.028738
9494,-0.091541
9495,-0.082159
9496,-0.028988
9497,0.016845
9498,0.016772
9499,0.031836
9500,0.061527
9501,0.076696
9502,0.020314
9503,-0.041481
9504,-0.041638
9505,-0.029714
9506,0.000042
9507,0.034453
9508,0.019660
9509,0.064560
9510,0.034227
9511,-0.004899
9512,-0.022581
9513,-0.073597
9514,-0.078056
9515,-0.050434
9516,-0.037474
9517,-0.039444
9518,0.024133
9519,0.044567
9520,0.084222
9521,0.093445
9522,0.028512
9523,0.009083
9524,254.332535
9525,36.621025
9526,4.775115
9527,2136.932617
9528,950.754089
9529,-6.303968
9530,-8.537533
9531,-8.690657
9532,-12.891771
9533,-6.519331
9534,1.478738
9535,5.172178
9536,24.750547
9537,25.015192
9538,7.638836
9539,0.389965
9540,2.629124
9541,4.790411
9542,-0.726310
9543,-18.866476
9544,-39.114376
9545,-33.671993
9546,-23.947729
9547,-14.473075
9548,7.524531
9549,25.002293
9550,51.750824
9551,40.232330
9552,8.036875
9553,-0.331033
9554,-1.208888
9555,-12.161530
9556,-35.273884
9557,-31.675194
9558,-10.510461
9559,-0.572083
9560,-1.428897
9561,-10.100538
9562,5.947081
9563,22.189213
9564,28.580475
9565,25.634768
9566,29.363052
9567,19.765999
9568,-8.682974
9569,-37.086246
9570,-14.955400
9571,-21.997427
9572,-21.539902
9573,-23.437189
9574,-24.049185
9575,7.615426
9576,16.585854
9577,20.083557
9578,-0.027301
9579,-0.080021
9580,-0.054783
9581,-0.021539
9582,-0.011400
9583,0.027424
9584,0.024561
9585,-0.010687
9586,0.011318
9587,-0.026779
9588,-0.015293
9589,0.006428
9590,0.044864
9591,0.076799
9592,0.026502
9593,-0.021654
9594,-0.021067
9595,0.029823
9596,-0.006419
9597,-0.021364
9598,-0.052976
9599,-0.047076
9600,0.022960
9601,0.052070
9602,-0.001146
9603,-0.019192
9604,0.016384
9605,0.028844
9606,0.029610
9607,-0.046228
9608,-0.097488
9609,-0.030729
9610,-0.028154
9611,-0.011814
9612,0.040120
9613,0.055267
9614,0.032685
9615,0.005703
9616,-0.033453
9617,-0.044417
9618,0.020352
9619,0.001283
9620,0.003844
9621,-0.010031
9622,0.003528
9623,0.012078
9624,-0.043386
9625,-0.003837
9626,0.019055
9627,0.012765
9628,0.050985
9629,0.047800
9630,-0.000939
9631,-0.021933
9632,-0.022354
9633,-0.044318
9634,-0.052025
9635,-0.041632
9636,0.027518
9637,0.030283
9638,0.026366
9639,0.036101
9640,-0.017929
9641,-0.027317
9642,-0.070551
9643,-0.058370
9644,-0.007024
9645,-0.012097
9646,0.020706
9647,0.048541
9648,0.065120
9649,0.060598
9650,0.050616
9651,-0.036144
9652,-0.048303
9653,-0.016315
9654,-0.014614
9655,-0.007060
9656,0.014696
9657,-0.005257
9658,-0.021673
9659,-0.009462
9660,0.045344
9661,0.039410
9662,0.018882
9663,0.011778
9664,-0.020430
9665,-0.025650
9666,-0.001674
9667,0.026484
9668,0.035003
9669,-0.024930
9670,-0.074391
9671,-0.064686
9672,-0.082938
9673,0.020928
9674,0.048794
9675,0.016084
9676,0.049645
9677,0.035133
9678,-0.002096
9679,-0.029232
9680,-0.060873
9681,-0.043640
9682,-0.042452
9683,0.018824
9684,0.024886
9685,0.046769
9686,0.066804
9687,0.043702
9688,-0.005184
9689,-0.046195
9690,-0.069784
9691,-0.045204
9692,0.013902
9693,0.098152
9694,0.080371
9695,0.012013
9696,-0.105002
9697,-0.130010
9698,-0.007475
9699,0.027667
9700,0.051356
9701,0.133999
9702,0.061624
9703,-0.020658
9704,-0.019639
9705,-0.041359
9706,-0.051913
9707,-0.006682
9708,0.008905
9709,0.067875
9710,0.053279
9711,0.004452
9712,-0.002393
9713,-0.038065
9714,-0.090522
9715,-0.077273
9716,-0.040684
9717,-0.031703
9718,-0.010676
9719,-0.014109
9720,-0.039222
9721,0.004188
9722,0.055329
9723,0.088534
9724,0.065021
9725,0.029770
9726,-0.019176
9727,-0.020045
9728,-0.031533
9729,-0.043459
9730,-0.009391
9731,0.012449
9732,0.012993
9733,0.047763
9734,0.039962
9735,-0.010834
9736,-0.008321
9737,-0.023168
9738,0.001209
9739,0.036800
9740,-0.023087
9741,-0.030443
9742,-0.007611
9743,-0.010844
9744,0.060255
9745,0.069897
9746,0.013777
9747,-0.011420
9748,-0.062357
9749,-0.048467
9750,-0.035040
9751,0.010094
9752,0.003569
9753,0.043147
9754,0.036346
9755,0.023765
9756,-0.049458
9757,-0.090236
9758,-0.075616
9759,-0.024068
9760,0.068527
9761,0.067262
9762,0.025349
9763,-0.001594
9764,0.005320
9765,0.019273
9766,-0.001801
9767,-0.023949
9768,-0.048960
9769,-0.075023
9770,0.025850
9771,0.017555
9772,0.011294
9773,0.025911
9774,0.006171
9775,-0.008867
9776,-0.007472
9777,0.015871
9778,0.010126
9779,0.025105
9780,0.039842
9781,0.004500
9782,0.040576
9783,0.045973
9784,0.001441
9785,-0.020468
9786,-0.036048
9787,-0.028677
9788,-0.021763
9789,-0.043803
9790,0.009793
9791,-0.000357
9792,-0.033652
9793,-0.049917
9794,-0.035842
9795,0.037747
9796,0.090635
9797,0.018837
9798,-0.035412
9799,-0.061628
9800,-0.059408
9801,0.015762
9802,0.052623
9803,0.051546
9804,0.020867
9805,-0.019860
9806,-0.023059
9807,-0.049867
9808,-0.022248
9809,-0.029947
9810,0.005228
9811,0.038397
9812,0.018658
9813,0.040445
9814,0.056392
9815,0.047507
9816,0.007489
9817,-0.005671
9818,-0.018602
9819,0.000212
9820,0.004258
9821,-0.046968
9822,-0.034759
9823,-0.054773
9824,-0.019257
9825,-0.035329
9826,0.014675
9827,0.075289
9828,0.092631
9829,0.059131
9830,-0.013936
9831,-0.039998
9832,-0.031429
9833,-0.004848
9834,-0.071748
9835,-0.044690
9836,0.006948
9837,0.033963
9838,-0.002398
9839,-0.015507
9840,-0.001301
9841,0.002107
9842,0.051743
9843,0.052928
9844,0.014514
9845,-0.012753
9846,-0.081979
9847,-0.041314
9848,-0.009038
9849,-0.024034
9850,0.004537
9851,0.022650
9852,0.039280
9853,-0.001900
9854,0.008604
9855,-0.012608
9856,-0.031893
9857,-0.026754
9858,-0.022629
9859,-0.018175
9860,-0.002958
9861,0.041007
9862,0.040963
9863,0.070650
9864,0.030435
9865,0.023518
9866,-0.033613
9867,-0.026988
9868,-0.014576
9869,-0.055341
9870,0.003952
9871,0.031323
9872,-0.025361
9873,0.038735
9874,0.039700
9875,-0.013096
9876,-0.024644
9877,-0.050940
9878,-0.044540
9879,-0.008438
9880,0.025652
9881,0.052122
9882,-0.020500
9883,-0.009547
9884,-0.012976
9885,0.011011
9886,0.004169
9887,0.053542
9888,0.013206
9889,-0.031778
9890,-0.053231
9891,-0.035188
9892,0.017381
9893,0.033705
9894,0.053939
9895,0.017769
9896,-0.018118
9897,-0.021166
9898,-0.030414
9899,-0.042888
9900,-0.036849
9901,-0.030425
9902,0.011061
9903,0.061610
9904,0.039527
9905,0.017919
9906,0.001593
9907,0.031186
9908,0.030464
9909,-0.060685
9910,-0.015126
9911,0.010794
9912,-0.030336
9913,-0.028076
9914,0.007132
9915,0.051753
9916,0.065916
9917,0.040279
9918,0.004788
9919,0.009245
9920,-0.058270
9921,-0.079010
9922,-0.069613
9923,-0.036430
9924,-0.010617
9925,0.059458
9926,0.063445
9927,0.004516
9928,-0.014151
9929,0.003841
9930,0.029914
9931,-0.026451
9932,-0.039595
9933,-0.023559
9934,0.021012
9935,-0.002905
9936,0.007481
9937,-0.008901
9938,0.042566
9939,0.071806
9940,0.048173
9941,-0.014223
9942,-0.059732
9943,-0.055452
9944,-0.051710
9945,-0.053950
9946,-0.053939
9947,-0.053366
9948,0.018665
9949,0.057509
9950,0.009096
9951,0.001774
9952,-0.023984
9953,0.033280
9954,0.043511
9955,0.030376
9956,0.036354
9957,0.014324
9958,0.002238
9959,0.006538
9960,0.048094
9961,0.043552
9962,-0.029900
9963,-0.014931
9964,0.030956
9965,0.068831
9966,0.013471
9967,-0.051224
9968,-0.044523
9969,-0.102774
9970,-0.073923
9971,-0.026241
9972,0.023426
9973,-0.008025
9974,-0.033811
9975,-0.040227
9976,0.024410
9977,0.037861
9978,0.002393
9979,-0.019970
9980,0.001474
9981,0.026817
9982,0.036653
9983,0.047083
9984,0.020417
9985,-0.000590
9986,-0.057507
9987,-0.061103
9988,-0.037115
9989,-0.013118
9990,0.007142
9991,0.056613
9992,0.072119
9993,0.018785
9994,-0.017142
9995,-0.002682
9996,-0.009840
9997,0.082548
9998,0.008498
9999,-0.055134
10000,-0.009238
10001,-0.007153
10002,-0.040978
10003,-0.016985
10004,0.006408
10005,0.059301
10006,-0.002695
10007,-0.053052
10008,-0.043958
10009,-0.015796
10010,-0.031598
10011,-0.032469
10012,0.021616
10013,0.049180
10014,0.043355
10015,0.040534
10016,0.008620
10017,-0.022345
10018,-0.024588
10019,-0.010088
10020,0.065136
10021,0.057518
10022,0.029196
10023,-0.014337
10024,-0.086898
10025,-0.128401
10026,-0.062268
10027,-0.013659
10028,0.033531
10029,0.035467
10030,0.022480
10031,0.003285
10032,0.032651
10033,-0.010455
10034,-0.011134
10035,0.010451
10036,0.046069
10037,0.023792
10038,-0.030268
10039,-0.035482
10040,-0.060963
10041,-0.048254
10042,0.001832
10043,0.047688
10044,0.051525
10045,-0.004458
10046,0.022952
10047,0.028031
10048,0.060515
10049,0.079827
10050,0.021510
10051,-0.033133
10052,-0.064267
10053,-0.074501
10054,-0.063518
10055,-0.061622
10056,0.002120
10057,0.034229
10058,0.006388
10059,0.010729
10060,0.010624
10061,0.010426
10062,0.012095
10063,0.036421
10064,0.038120
10065,-0.011973
10066,-0.054678
10067,-0.030888
10068,-0.009109
10069,-0.053845
10070,-0.016584
10071,0.020309
10072,0.043730
10073,0.029432
10074,-0.019709
10075,0.001280
10076,0.046817
10077,0.029723
10078,-0.007192
10079,-0.010206
10080,-0.062850
10081,-0.117394
10082,-0.053637
10083,-0.028326
10084,-0.004245
10085,0.024444
10086,0.057759
10087,0.086394
10088,0.071473
10089,0.038676
10090,0.019312
10091,-0.009569
10092,-0.014068
10093,-0.013697
10094,-0.001251
10095,0.015859
10096,0.039154
10097,0.009493
10098,-0.004786
10099,-0.046806
10100,-0.060603
10101,-0.056213
10102,-0.013488
10103,-0.025350
10104,-0.019918
10105,0.018846
10106,0.023098
10107,0.063689
10108,0.026819
10109,0.039575
10110,-0.036533
10111,-0.080057
10112,-0.013769
10113,0.000835
10114,-0.041439
10115,-0.011830
10116,-0.012229
10117,0.008162
10118,0.032891
10119,0.008673
10120,0.058883
10121,0.066739
10122,0.069685
10123,0.049822
10124,-0.068434
10125,-0.120284
10126,-0.069221
10127,-0.047217
10128,0.014324
10129,0.032446
10130,0.048458
10131,0.048856
10132,0.043075
10133,0.033889
10134,0.045265
10135,0.107298
10136,-0.019827
10137,-0.115770
10138,-0.140928
10139,-0.119208
10140,-0.024477
10141,0.000023
10142,-0.004038
10143,-0.004902
10144,0.038021
10145,0.052404
10146,0.015026
10147,0.014238
10148,0.073379
10149,0.101257
10150,0.051984
10151,0.003674
10152,-0.067494
10153,-0.088522
10154,-0.069618
10155,-0.059293
10156,-0.057293
10157,-0.024316
10158,0.006991
10159,0.083705
10160,0.113764
10161,0.070004
10162,0.032565
10163,-0.031654
10164,-0.034614
10165,-0.023630
10166,-0.052156
10167,-0.055673
10168,-0.032631
10169,-0.037796
10170,-0.003288
10171,-0.009557
10172,-0.002985
10173,0.039976
10174,0.035952
10175,0.039985
10176,0.090438
10177,0.110780
10178,0.075048
10179,0.081123
10180,0.039621
10181,0.052330
10182,-0.009657
10183,-0.049513
10184,-0.062325
10185,-0.088179
10186,-0.053080
10187,0.017965
10188,0.013827
10189,0.018832
10190,0.034617
10191,0.051381
10192,-0.016073
10193,-0.001248
10194,0.011011
10195,0.009969
10196,0.031351
10197,0.046935
10198,0.006452
10199,0.015186
10200,0.071129
10201,0.042347
10202,-0.036337
10203,-0.087318
10204,-0.068649
10205,-0.046753
10206,-0.011397
10207,-0.012333
10208,-0.020461
10209,0.028322
10210,0.027674
10211,0.017536
10212,0.008675
10213,0.030389
10214,0.029890
10215,0.007970
10216,-0.014835
10217,-0.030071
10218,-0.020444
10219,-0.005135
10220,-0.022444
10221,-0.028524
10222,-0.000483
10223,-0.009172
10224,-0.008326
10225,-0.040745
10226,-0.029213
10227,-0.035302
10228,0.004147
10229,0.061057
10230,0.026388
10231,-0.060633
10232,-0.070479
10233,-0.027324
10234,0.008104
10235,0.042060
10236,-0.020660
10237,-0.035422
10238,-0.039627
10239,-0.015287
10240,0.050180
10241,0.072789
10242,0.025196
10243,0.025117
10244,0.021784
10245,0.022103
10246,0.061399
10247,-0.005243
10248,0.002826
10249,-0.012102
10250,-0.092760
10251,-0.100008
10252,-0.090281
10253,-0.071812
10254,-0.026869
10255,-0.030633
10256,0.016995
10257,0.012357
10258,0.045300
10259,0.035357
10260,0.045043
10261,0.074950
10262,0.040147
10263,0.014113
10264,0.019815
10265,-0.015262
10266,-0.031419
10267,-0.004843
10268,0.004286
10269,-0.013053
10270,-0.001079
10271,-0.015815
10272,-0.014353
10273,-0.000809
10274,0.045364
10275,0.063494
10276,0.024301
10277,0.002981
10278,-0.023229
10279,-0.074826
10280,-0.112135
10281,-0.055639
10282,0.028302
10283,0.044875
10284,0.060566
10285,0.064540
10286,0.000800
10287,-0.051272
10288,-0.140303
10289,-0.098932
10290,-0.004295
10291,0.046237
10292,0.067165
10293,0.061915
10294,0.045409
10295,0.021190
10296,0.029451
10297,0.023469
10298,0.031328
10299,-0.019004
10300,-0.048046
10301,-0.014151
10302,-0.019480
10303,-0.011018
10304,-0.023074
10305,-0.032507
10306,-0.032802
10307,-0.043443
10308,-0.016503
10309,0.031743
10310,0.063443
10311,0.106465
10312,0.047782
10313,-0.000535
10314,0.004378
10315,-0.014266
10316,-0.061000
10317,-0.042017
10318,-0.056232
10319,-0.027917
10320,0.031414
10321,0.032167
10322,0.050837
10323,0.047943
10324,0.065720
10325,0.042089
10326,-0.012394
10327,-0.017842
10328,-0.079473
10329,-0.065945
10330,-0.045035
10331,-0.035287
10332,-0.012527
10333,-0.029470
10334,0.033897
10335,0.058411
10336,0.006886
10337,-0.053902
10338,-0.022337
10339,0.035076
10340,0.028028
10341,0.021073
10342,-0.021764
10343,-0.028622
10344,-0.032022
10345,-0.053027
10346,0.019651
10347,0.064769
10348,0.053932
10349,0.066693
10350,0.057559
10351,-0.069482
10352,-0.084755
10353,-0.079100
10354,-0.050119
10355,0.021483
10356,0.071887
10357,0.061430
10358,0.006098
10359,-0.010042
10360,0.006258
10361,0.005808
10362,0.018567
10363,-0.025819
10364,-0.067440
10365,-0.061869
10366,-0.036153
10367,0.025125
10368,0.057872
10369,0.058778
10370,0.009018
10371,0.038433
10372,-0.019596
10373,-0.052572
10374,-0.021568
10375,-0.020884
10376,-0.036814
10377,-0.023724
10378,0.081270
10379,0.080219
10380,0.066772
10381,0.003380
10382,-0.076624
10383,-0.077808
10384,-0.074219
10385,-0.076837
10386,0.021123
10387,0.029146
10388,0.015353
10389,0.027153
10390,-0.040311
10391,-0.035412
10392,-0.038661
10393,0.000533
10394,0.063365
10395,0.062479
10396,0.061321
10397,0.009446
10398,-0.032903
10399,0.000739
10400,-0.001443
10401,-0.000734
10402,-0.008882
10403,-0.003690
10404,0.011015
10405,0.015705
10406,0.015832
10407,0.048262
10408,0.033829
10409,0.017942
10410,-0.014476
10411,-0.045514
10412,-0.036477
10413,-0.009676
10414,-0.060086
10415,-0.036770
10416,0.016037
10417,0.059592
10418,0.021567
10419,-0.029250
10420,-0.024330
10421,-0.031462
10422,-0.049300
10423,-0.055155
10424,-0.014265
10425,0.053264
10426,0.083846
10427,0.053700
10428,0.042421
10429,-0.019351
10430,-0.071059
10431,-0.066944
10432,-0.086648
10433,-0.033678
10434,0.006063
10435,0.105617
10436,0.090092
10437,0.048076
10438,0.026772
10439,0.035901
10440,-0.002469
10441,-0.056495
10442,-0.077307
10443,-0.024299
10444,0.017550
10445,0.037114
10446,0.038748
10447,-0.001356
10448,-0.075650
10449,-0.083835
10450,-0.016577
10451,0.035270
10452,0.075692
10453,0.044128
10454,0.002168
10455,-0.025128
10456,-0.007959
10457,-0.006030
10458,-0.032654
10459,-0.009524
10460,0.034369
10461,0.020660
10462,0.048602
10463,0.059639
10464,0.068888
10465,0.049326
10466,-0.052742
10467,-0.110089
10468,-0.123011
10469,-0.095233
10470,0.002827
10471,0.023596
10472,0.049621
10473,0.074003
10474,0.059789
10475,0.021899
10476,-0.052764
10477,-0.057666
10478,-0.025999
10479,-0.027988
10480,-0.023058
10481,0.004963
10482,0.003200
10483,0.078534
10484,0.042237
10485,0.021212
10486,-0.006508
10487,-0.045067
10488,-0.007479
10489,0.020715
10490,-0.007338
10491,0.007394
10492,0.025102
10493,0.006060
10494,-0.010793
10495,-0.001009
10496,-0.040453
10497,-0.036229
10498,0.011594
10499,0.003897
10500,-0.035986
10501,-0.022945
10502,0.058006
10503,0.043618
10504,0.004756
10505,0.065967
10506,0.077386
10507,0.003956
10508,-0.058594
10509,-0.063530
10510,-0.071522
10511,-0.039011
10512,-0.015287
10513,-0.007664
10514,-0.015162
10515,-0.012010
10516,0.041201
10517,0.040934
10518,0.071272
10519,0.044595
10520,0.004127
10521,-0.012369
10522,-0.045707
10523,-0.048116
10524,-0.017068
10525,0.046036
10526,0.051840
10527,0.039543
10528,-0.014059
10529,-0.083510
10530,-0.070882
10531,-0.033112
10532,0.027903
10533,0.033315
10534,0.039669
10535,0.030736
10536,0.003014
10537,-0.003554
10538,-0.009605
10539,-0.037970
10540,-0.022368
10541,0.027903
10542,0.085787
10543,0.058209
10544,0.011255
10545,-0.033387
10546,-0.056858
10547,-0.097311
10548,-0.077969
10549,-0.006437
10550,0.017116
10551,0.085968
10552,0.093241
10553,0.021560
10554,-0.049545
10555,-0.113613
10556,-0.080465
10557,-0.052957
10558,-0.008638
10559,0.049887
10560,0.051136
10561,0.054572
10562,0.055794
10563,0.040657
10564,-0.007989
10565,-0.045758
10566,-0.033502
10567,0.008097
10568,0.001202
10569,-0.005792
10570,0.009746
10571,-0.007255
10572,0.015833
10573,0.038096
10574,0.040329
10575,0.010049
10576,0.036863
10577,0.029842
10578,0.026977
10579,0.041460
10580,-0.024495
10581,-0.073253
10582,-0.053524
10583,-0.089986
10584,-0.075213
10585,-0.025469
10586,0.032326
10587,0.032081
10588,0.043704
10589,-0.005952
10590,-0.036045
10591,-0.081798
10592,-0.048397
10593,-0.000169
10594,0.059575
10595,0.097223
10596,0.096090
10597,0.044454
10598,-0.017892
10599,-0.072541
10600,-0.060817
10601,-0.000031
10602,-0.034477
10603,0.027622
10604,0.073788
10605,0.039927
10606,-0.020984
10607,-0.033008
10608,-0.029032
10609,-0.050591
10610,-0.003834
10611,0.055719
10612,0.038956
10613,0.030446
10614,-0.003097
10615,-0.019014
10616,-0.017444
10617,-0.011614
10618,-0.028467
10619,-0.025642
10620,-0.005060
10621,-0.011662
10622,0.006219
10623,0.008400
10624,0.013541
10625,0.059428
10626,0.025945
10627,-0.016081
10628,0.034090
10629,0.039841
10630,-0.000480
10631,-0.029617
10632,-0.066289
10633,-0.062174
10634,-0.043405
10635,-0.022130
10636,-0.059617
10637,-0.036595
10638,0.024191
10639,0.034292
10640,0.045251
10641,0.087097
10642,0.107898
10643,0.091353
10644,0.005760
10645,-0.062710
10646,-0.080130
10647,-0.061355
10648,-0.074320
10649,-0.069588
10650,0.012523
10651,0.081399
10652,0.082319
10653,0.029964
10654,0.043467
10655,0.015996
10656,-0.049905
10657,-0.010807
10658,-0.041214
10659,-0.064835
10660,-0.024737
10661,-0.008507
10662,0.019810
10663,0.008531
10664,0.047465
10665,0.055442
10666,0.065625
10667,0.011523
10668,-0.016054
10669,-0.057374
10670,-0.096797
10671,-0.060237
10672,-0.029007
10673,-0.012528
10674,0.047570
10675,0.061784
10676,0.014339
10677,0.021139
10678,0.018319
10679,0.088303
10680,0.113755
10681,0.044920
10682,-0.032395
10683,-0.112288
10684,-0.123868
10685,-0.055728
10686,0.008840
10687,0.031087
10688,0.028184
10689,0.011171
10690,-0.045434
10691,-0.081811
10692,-0.031618
10693,0.042817
10694,0.083840
10695,0.075542
10696,0.063278
10697,0.041086
10698,-0.037101
10699,-0.053102
10700,-0.015738
10701,-0.046016
10702,-0.041362
10703,-0.008032
10704,-0.005956
10705,0.024954
10706,0.003811
10707,-0.000867
10708,-0.018672
10709,-0.010112
10710,-0.023513
10711,0.005093
10712,0.063914
10713,0.044853
10714,0.043554
10715,0.031003
10716,-0.039021
10717,-0.008057
10718,-0.007951
10719,-0.022425
10720,-0.018766
10721,-0.032179
10722,-0.049887
10723,-0.041220
10724,0.016641
10725,0.063235
10726,0.085676
10727,0.082211
10728,0.046543
10729,-0.001011
10730,-0.053936
10731,-0.056886
10732,-0.064373
10733,-0.032316
10734,0.006201
10735,0.019006
10736,0.042736
10737,0.041054
10738,-0.000722
10739,-0.008928
10740,-0.075659
10741,-0.071392
10742,0.009174
10743,-0.005783
10744,-0.003741
10745,0.033723
10746,0.027418
10747,0.032050
10748,0.030800
10749,-0.059233
10750,-0.011313
10751,-0.018412
10752,-0.047870
10753,-0.005715
10754,0.027755
10755,0.022746
10756,0.027233
10757,0.059094
10758,0.067719
10759,0.005036
10760,-0.045418
10761,-0.014556
10762,0.010686
10763,0.017224
10764,0.005852
10765,-0.083308
10766,-0.060593
10767,-0.055258
10768,-0.090187
10769,-0.000974
10770,0.052452
10771,0.055720
10772,0.086382
10773,0.053651
10774,0.031319
10775,0.021446
10776,-0.035515
10777,-0.023254
10778,0.013895
10779,0.053927
10780,0.039495
10781,0.039709
10782,-0.013385
10783,-0.102986
10784,-0.122710
10785,-0.067996
10786,-0.051297
10787,-0.016319
10788,0.036915
10789,0.066761
10790,0.092995
10791,0.062358
10792,0.038668
10793,0.039015
10794,-0.006099
10795,-0.094738
10796,-0.082357
10797,-0.108302
10798,-0.086400
10799,0.007830
10800,0.053936
10801,-0.015615
10802,0.034298
10803,0.008711
10804,0.014921
10805,0.068415
10806,0.064777
10807,0.053084
10808,0.046870
10809,0.036231
10810,-0.038211
10811,-0.056145
10812,-0.039121
10813,-0.043402
10814,-0.033427
10815,-0.016252
10816,0.000009
10817,0.000371
10818,0.022033
10819,0.034341
10820,0.007231
10821,0.021911
10822,-0.012908
10823,-0.049118
10824,-0.068700
10825,-0.060957
10826,-0.050886
10827,-0.059286
10828,0.011925
10829,0.068125
10830,0.061232
10831,0.069377
10832,0.079187
10833,0.071203
10834,0.048341
10835,0.019878
10836,-0.029877
10837,-0.038707
10838,-0.067353
10839,-0.040214
10840,-0.007532
10841,0.002042
10842,0.013856
10843,-0.016865
10844,-0.015030
10845,0.006069
10846,-0.030404
10847,0.028047
10848,-0.032583
10849,-0.100756
10850,-0.083327
10851,0.000375
10852,0.068832
10853,0.078253
10854,0.112768
10855,0.128259
10856,0.061224
10857,-0.032843
10858,-0.105893
10859,-0.083770
10860,-0.070318
10861,-0.059840
10862,0.045035
10863,0.075593
10864,0.064542
10865,0.036529
10866,0.005808
10867,0.001839
10868,0.000235
10869,0.012128
10870,-0.015414
10871,-0.054084
10872,-0.037667
10873,-0.071191
10874,-0.089884
10875,-0.036790
10876,0.020187
10877,0.031159
10878,0.081471
10879,0.065349
10880,0.007360
10881,-0.023184
10882,-0.052101
10883,-0.016219
10884,0.031597
10885,0.074906
10886,0.014282
10887,0.005206
10888,-0.011606
10889,-0.007550
10890,-0.011103
10891,-0.034166
10892,0.015060
10893,0.043154
10894,0.006467
10895,0.070614
10896,0.021396
10897,-0.003823
10898,0.015128
10899,-0.067451
10900,-0.124999
10901,-0.124109
10902,-0.058911
10903,0.020437
10904,0.053645
10905,0.074846
10906,0.050992
10907,-0.010632
10908,-0.005690
10909,0.016256
10910,0.007341
10911,-0.042252
10912,-0.018504
10913,-0.025293
10914,-0.003110
10915,0.044701
10916,-0.001227
10917,-0.002340
10918,0.020272
10919,0.036355
10920,0.038986
10921,0.026177
10922,0.002577
10923,-0.041457
10924,-0.064992
10925,-0.048832
10926,-0.037587
10927,-0.043902
10928,-0.007361
10929,-0.008185
10930,0.009665
10931,0.085714
10932,0.102250
10933,0.100829
10934,0.057882
10935,-0.044105
10936,-0.049203
10937,-0.044950
10938,-0.041373
10939,-0.001998
10940,-0.025610
10941,-0.069418
10942,-0.014492
10943,0.012399
10944,0.009773
10945,0.036629
10946,0.041341
10947,0.030880
10948,0.051558
10949,0.027264
10950,0.009912
10951,0.011723
10952,-0.016931
10953,-0.032655
10954,-0.067843
10955,-0.068045
10956,-0.024412
10957,0.006495
10958,0.048394
10959,0.009051
10960,-0.028395
10961,-0.014664
10962,-0.007207
10963,-0.046513
10964,-0.011965
10965,0.064019
10966,0.080774
10967,0.013714
10968,-0.034590
10969,-0.021048
10970,-0.004682
10971,-0.013889
10972,-0.038983
10973,-0.052240
10974,-0.049804
10975,-0.022417
10976,0.033122
10977,0.071364
10978,0.032527
10979,0.027029
10980,0.069042
10981,0.026934
10982,-0.035120
10983,-0.019342
10984,0.005585
10985,0.038267
10986,-0.051076
10987,-0.102631
10988,-0.071785
10989,-0.009898
10990,0.050055
10991,0.039979
10992,0.051483
10993,0.055705
10994,0.000235
10995,-0.040295
10996,-0.007288
10997,-0.037640
10998,-0.028209
10999,0.013232
11000,-0.028119
11001,0.010432
11002,0.016688
11003,-0.013573
11004,0.019538
11005,-0.005005
11006,0.002296
11007,0.006321
11008,0.006081
11009,-0.004175
11010,-0.022051
11011,-0.000544
11012,-0.013941
11013,-0.042960
11014,0.014400
11015,0.041430
11016,0.061173
11017,0.015699
11018,-0.033359
11019,-0.016365
11020,0.000864
11021,0.008160
11022,0.011292
11023,-0.027537
11024,-0.054522
11025,-0.036160
11026,-0.026139
11027,-0.010201
11028,0.045517
11029,0.056245
11030,0.026986
11031,0.025132
11032,0.016845
11033,-0.015447
11034,0.035845
11035,-0.035774
11036,-0.027221
11037,0.003503
11038,0.009600
11039,0.036049
11040,-0.028151
11041,-0.048733
11042,-0.005097
11043,-0.003175
11044,0.017063
11045,0.021469
11046,0.006257
11047,-0.035277
11048,-0.021295
11049,-0.004881
11050,0.017559
11051,0.018195
11052,0.029692
11053,0.027480
11054,0.001333
11055,-0.003672
11056,-0.018964
11057,0.014600
11058,-0.006788
11059,-0.054807
11060,-0.032787
11061,-0.014679
11062,-0.065109
11063,-0.000492
11064,0.034165
11065,0.096054
11066,0.082549
11067,-0.028731
11068,-0.064807
11069,-0.041207
11070,-0.046380
11071,-0.021862
11072,0.034630
11073,0.061855
11074,0.064065
11075,0.028992
11076,0.020509
11077,-0.033938
11078,-0.084507
11079,-0.049652
11080,0.012718
11081,0.045920
11082,0.040776
11083,0.022801
11084,-0.003242
11085,-0.035171
11086,-0.083278
11087,0.013794
11088,0.056973
11089,-0.009834
11090,-0.022514
11091,-0.048849
11092,-0.027398
11093,0.009737
11094,0.002343
11095,0.059780
11096,0.040343
11097,0.010994
11098,-0.000221
11099,-0.024068
11100,-0.007797
11101,0.044914
11102,0.067380
11103,0.064131
11104,-0.000782
11105,-0.065348
11106,-0.042686
11107,-0.033378
11108,-0.038907
11109,-0.042682
11110,-0.045432
11111,0.041094
11112,0.035894
11113,0.005499
11114,0.054706
11115,0.012311
11116,-0.018543
11117,0.018449
11118,0.032612
11119,-0.001292
11120,-0.000862
11121,-0.005456
11122,-0.027020
11123,-0.000452
11124,0.045076
11125,0.027898
11126,-0.013990
11127,-0.029563
11128,-0.065218
11129,-0.074671
11130,-0.051957
11131,-0.097088
11132,-0.060526
11133,0.010037
11134,0.008415
11135,0.024796
11136,0.057559
11137,0.049694
11138,0.116149
11139,0.068632
11140,-0.023431
11141,-0.013054
11142,-0.000622
11143,0.023451
11144,0.005656
11145,-0.009043
11146,-0.025737
11147,-0.046374
11148,-0.036710
11149,0.029874
11150,0.023380
11151,0.002069
11152,-0.004264
11153,0.009605
11154,0.002848
11155,-0.005564
11156,0.041456
11157,0.006559
11158,-0.025357
11159,-0.013389
11160,-0.068666
11161,-0.041469
11162,0.030634
11163,0.050661
11164,0.052930
11165,-0.020231
11166,-0.067229
11167,-0.012041
11168,0.008809
11169,0.035390
11170,0.023152
11171,0.002537
11172,0.014825
11173,-0.043476
11174,0.003231
11175,0.026578
11176,0.004856
11177,0.021704
11178,0.032141
11179,-0.044444
11180,-0.061152
11181,-0.044437
11182,-0.011072
11183,0.017675
11184,0.047572
11185,0.045970
11186,-0.009511
11187,0.008426
11188,0.017223
11189,-0.024172
11190,-0.011385
11191,-0.034689
11192,-0.073448
11193,-0.021516
11194,-0.001263
11195,-0.001050
11196,-0.003003
11197,0.037019
11198,0.061297
11199,0.033803
11200,-0.007952
11201,-0.016797
11202,-0.009215
11203,0.020015
11204,-0.011868
11205,-0.055949
11206,-0.024875
11207,0.011983
11208,0.011643
11209,0.031913
11210,0.045765
11211,0.033758
11212,-0.022284
11213,-0.031454
11214,-0.008161
11215,-0.014374
11216,0.045582
11217,0.037587
11218,0.059444
11219,0.039415
11220,0.019975
11221,-0.016162
11222,-0.120595
11223,-0.098093
11224,-0.073584
11225,-0.082667
11226,-0.008353
11227,0.028170
11228,0.047040
11229,0.044282
11230,0.024307
11231,0.030187
11232,0.002662
11233,0.028804
11234,0.048370
11235,0.029621
11236,-0.061095
11237,-0.070315
11238,-0.007507
11239,-0.033664
11240,-0.052378
11241,-0.014981
11242,0.034345
11243,0.069424
11244,0.046906
11245,0.008253
11246,-0.003518
11247,0.004959
11248,-0.046733
11249,-0.022669
11250,-0.024438
11251,0.022838
11252,0.053363
11253,0.050869
11254,0.058055
11255,-0.010533
11256,-0.038777
11257,-0.023789
11258,-0.046488
11259,0.014614
11260,0.024463
11261,-0.056622
11262,-0.043332
11263,-0.021642
11264,0.019327
11265,0.017157
11266,0.015866
11267,0.014107
11268,0.022851
11269,-0.035039
11270,0.011914
11271,0.016707
11272,-0.024985
11273,-0.043164
11274,-0.022964
11275,-0.036227
11276,0.012120
11277,0.014426
11278,214.830002
11279,39.980503
11280,3.982599
11281,2048.110596
11282,784.660583
11283,-8.496393
11284,10.067297
11285,9.755702
11286,-21.568415
11287,-18.624260
11288,-11.162910
11289,21.538816
11290,47.662815
11291,46.086098
11292,17.733889
11293,-16.805426
11294,-16.434874
11295,-14.128308
11296,-5.369114
11297,-0.699344
11298,-16.691290
11299,-23.847351
11300,-12.178612
11301,4.711418
11302,44.431507
11303,40.827549
11304,20.599358
11305,5.241744
11306,-18.504192
11307,-39.475681
11308,-30.587048
11309,-22.265795
11310,-32.547295
11311,-23.191193
11312,2.131150
11313,26.192034
11314,48.056511
11315,59.045597
11316,39.489796
11317,15.298533
11318,-6.005961
11319,-37.144032
11320,-54.678467
11321,-58.369961
11322,-26.727222
11323,13.992574
11324,34.405792
11325,34.535427
11326,36.728546
11327,26.155680
11328,12.150601
11329,3.281700
11330,-19.042320
11331,-45.537292
11332,0.031888
11333,0.060936
11334,0.080516
11335,0.035621
11336,-0.023926
11337,-0.109322
11338,-0.129671
11339,-0.016782
11340,0.013841
11341,0.049346
11342,0.124720
11343,0.126649
11344,0.042481
11345,-0.017867
11346,-0.036531
11347,-0.070457
11348,-0.065637
11349,-0.076407
11350,-0.050914
11351,-0.086149
11352,-0.045926
11353,0.041766
11354,0.082168
11355,0.087417
11356,0.028317
11357,0.012926
11358,-0.042890
11359,-0.025821
11360,0.032287
11361,0.042686
11362,0.012904
11363,0.010614
11364,-0.005636
11365,-0.035392
11366,-0.056528
11367,-0.052037
11368,-0.014964
11369,0.003042
11370,-0.025532
11371,0.021688
11372,0.025057
11373,0.035185
11374,0.042979
11375,-0.026880
11376,-0.016582
11377,0.049883
11378,0.010483
11379,-0.008191
11380,-0.003931
11381,-0.009783
11382,212.487778
11383,43.230614
11384,3.935609
11385,2036.677979
11386,761.894836
11387,-55.174026
11388,-37.444016
11389,-1.852965
11390,35.613369
11391,61.224255
11392,61.140434
11393,57.013489
11394,36.053616
11395,7.710693
11396,-21.501440
11397,-42.892159
11398,-53.355328
11399,-55.809681
11400,-26.424498
11401,2.219386
11402,23.370354
11403,33.517094
11404,47.965527
11405,30.440067
11406,3.278501
11407,-21.259466
11408,-17.353956
11409,-16.517426
11410,-16.714577
11411,-20.361977
11412,0.027571
11413,-7.482209
11414,-33.017590
11415,-17.375347
11416,16.635727
11417,32.584717
11418,35.409039
11419,27.067112
11420,8.840793
11421,4.669814
11422,-2.428704
11423,-1.265250
11424,-0.827321
11425,-18.925783
11426,-24.076891
11427,-17.776852
11428,-3.106333
11429,12.577554
11430,2.004542
11431,-15.292000
11432,-5.719936
11433,11.380790
11434,26.887215
11435,16.704353
11436,8.917339
11437,0.142307
11438,1329.308716
11439,12.681789
11440,113.418427
11441,787.768921
11442,-1085.393188
11443,2112.786133
11444,130.968872
11445,510.406036
11446,887.356506
11447,-220.882385
11448,-466.869415
11449,1855.176880
11450,1567.121826
11451,356.607971
11452,-588.286255
11453,984.337646
11454,590.207031
11455,-2262.049805
11456,-928.973755
11457,280.401306
11458,-1008.909363
11459,-506.647125
11460,1728.419800
11461,-1564.171753
11462,-1902.324585
11463,-66.212784
11464,1487.158081
11465,-127.362328
11466,-2293.231689
11467,1791.568726
11468,-648.739990
11469,-1737.166382
11470,528.799805
11471,-77.753250
11472,733.798950
11473,2016.063721
11474,337.920197
11475,-2070.319336
11476,-659.718933
11477,636.198730
11478,-1436.473145
11479,-601.411682
11480,747.615845
11481,490.442169
11482,-2286.948242
11483,-1827.544189
11484,-378.571533
11485,-1901.007813
11486,-1263.725464
11487,1402.566406
11488,-766.351563
11489,-2315.283936
11490,-432.120300
11491,-0.010691
11492,-0.049754
11493,-0.010337
11494,-0.004165
11495,0.005328
11496,0.037513
11497,0.014485
11498,0.021419
11499,-0.000238
11500,-0.009730
11501,-0.002749
11502,0.005187
11503,0.029318
11504,0.033392
11505,0.010008
11506,-0.018489
11507,-0.024963
11508,-0.067325
11509,-0.054617
11510,-0.029223
11511,-0.003654
11512,0.048811
11513,0.111000
11514,0.088848
11515,-0.014838
11516,-0.087105
11517,-0.049488
11518,-0.033254
11519,-0.010408
11520,0.038739
11521,0.020369
11522,0.005125
11523,-0.014469
11524,-0.043128
11525,-0.024357
11526,0.002774
11527,0.049236
11528,0.054619
11529,0.014379
11530,-0.015687
11531,-0.022877
11532,-0.037237
11533,-0.031024
11534,0.039758
11535,0.077282
11536,0.052808
11537,0.029047
11538,-0.036806
11539,-0.075217
11540,-0.080270
11541,-0.019505
11542,0.015634
11543,-0.005980
11544,0.027694
11545,0.011286
11546,-0.062517
11547,-0.009099
11548,0.009700
11549,0.042596
11550,0.041652
11551,0.026180
11552,-0.021622
11553,-0.021788
11554,-0.019246
11555,0.006358
11556,0.050632
11557,0.071755
11558,-0.008136
11559,-0.014780
11560,-0.001704
11561,-0.016960
11562,-0.054901
11563,-0.068973
11564,-0.045281
11565,-0.049692
11566,0.008909
11567,0.050354
11568,0.054836
11569,0.093651
11570,0.115359
11571,0.039516
11572,-0.018948
11573,-0.077948
11574,-0.065006
11575,-0.050588
11576,-0.017398
11577,0.016320
11578,0.028202
11579,0.010454
11580,-0.049740
11581,-0.044679
11582,-0.032720
11583,-0.025778
11584,-0.023874
11585,-0.014089
11586,0.037214
11587,0.035905
11588,0.027657
11589,0.043784
11590,-0.002191
11591,-0.016452
11592,-0.016524
11593,-0.056566
11594,-0.030925
11595,-0.004708
11596,-0.002237
11597,-0.000775
11598,0.006354
11599,0.030303
11600,0.064790
11601,0.080372
11602,0.076106
11603,0.018344
11604,-0.020232
11605,-0.074092
11606,-0.038052
11607,0.025095
11608,-0.049399
11609,-0.038630
11610,-0.005251
11611,-0.001333
11612,0.022582
11613,-0.004739
11614,-0.010345
11615,-0.004873
11616,-0.060845
11617,-0.049220
11618,-0.001956
11619,0.060811
11620,0.077308
11621,0.051888
11622,0.026793
11623,0.002494
11624,-0.027357
11625,-0.024496
11626,-0.051889
11627,-0.069017
11628,-0.031701
11629,-0.047715
11630,0.002506
11631,0.016605
11632,0.044487
11633,0.060905
11634,0.038272
11635,0.043014
11636,-0.038348
11637,-0.037190
11638,-0.006518
11639,0.021936
11640,-0.037205
11641,-0.027879
11642,0.062270
11643,0.096739
11644,0.061104
11645,0.032769
11646,-0.003064
11647,-0.051221
11648,-0.041854
11649,-0.038353
11650,-0.037800
11651,-0.020848
11652,0.008057
11653,0.035413
11654,0.055304
11655,0.070085
11656,0.043349
11657,-0.036622
11658,-0.048365
11659,-0.022797
11660,-0.027794
11661,-0.070930
11662,-0.042350
11663,-0.009910
11664,0.023739
11665,0.105375
11666,0.098447
11667,0.015919
11668,0.005216
11669,-0.030525
11670,-0.066807
11671,-0.027141
11672,0.012446
11673,0.011523
11674,0.028320
11675,0.045574
11676,0.015404
11677,-0.024755
11678,-0.022630
11679,-0.056702
11680,-0.068901
11681,-0.048747
11682,0.041782
11683,0.012611
11684,0.026339
11685,0.017275
11686,-0.009091
11687,-0.024380
11688,0.013876
11689,0.080781
11690,274.053619
11691,1412.480835
11692,264.920776
11693,203.150208
11694,1079.727173
11695,2.980617
11696,5.522119
11697,-4.782031
11698,-12.560037
11699,-1.930556
11700,2.769441
11701,1.784000
11702,-13.040117
11703,-2.544920
11704,2.331740
11705,7.424160
11706,9.883084
11707,-1.190274
11708,0.826025
11709,-14.334431
11710,-10.879751
11711,-16.452906
11712,-15.595592
11713,-3.152475
11714,-1.955597
11715,-2.195249
11716,9.299025
11717,32.061623
11718,32.623493
11719,14.686430
11720,1.053062
11721,-8.149061
11722,-8.334774
11723,-8.717531
11724,-5.382755
11725,-0.585779
11726,3.822650
11727,2.790959
11728,1.701840
11729,-4.436832
11730,-17.923393
11731,-10.215479
11732,-0.230064
11733,14.926662
11734,14.370560
11735,7.954103
11736,11.980293
11737,-17.557161
11738,-14.955878
11739,-10.595285
11740,-20.314516
11741,-13.944988
11742,-4.089943
11743,-0.172811
11744,0.600504
11745,-0.041155
11746,-0.048729
11747,0.009603
11748,0.013344
11749,0.026244
11750,0.039514
11751,0.042067
11752,0.046731
11753,0.008240
11754,-0.005919
11755,0.001056
11756,0.015932
11757,0.050065
11758,-0.000321
11759,-0.052969
11760,-0.045701
11761,-0.029268
11762,-0.018828
11763,-0.031109
11764,-0.009081
11765,0.014963
11766,0.018460
11767,0.005909
11768,0.006433
11769,-0.011720
11770,-0.014128
11771,-0.016550
11772,-0.031730
11773,-0.021035
11774,-0.014038
11775,0.024461
11776,0.072047
11777,0.039174
11778,0.029524
11779,0.031966
11780,0.010194
11781,0.004866
11782,-0.012251
11783,0.005197
11784,0.019569
11785,-0.020186
11786,-0.011994
11787,0.028737
11788,0.007448
11789,-0.041229
11790,-0.018565
11791,0.003594
11792,-0.030840
11793,-0.056051
11794,-0.076890
11795,-0.093346
11796,-0.039612
11797,0.032197
11798,0.011171
11799,0.059220
11800,0.049093
11801,0.093703
11802,0.099507
11803,0.055713
11804,0.006560
11805,-0.067862
11806,-0.081414
11807,-0.094084
11808,-0.005566
11809,0.055642
11810,0.051115
11811,0.033564
11812,0.042915
11813,0.035495
11814,-0.035621
11815,-0.101221
11816,-0.049367
11817,-0.029965
11818,-0.050610
11819,-0.023867
11820,0.018681
11821,0.013387
11822,0.062862
11823,0.083634
11824,0.037506
11825,-0.009184
11826,-0.021445
11827,-0.061316
11828,-0.066613
11829,0.012939
11830,0.050471
11831,0.069060
11832,0.072532
11833,0.031640
11834,-0.065639
11835,-0.081932
11836,-0.077224
11837,-0.043109
11838,0.040734
11839,0.085992
11840,0.070974
11841,0.030603
11842,0.014772
11843,-0.023705
11844,-0.019640
11845,0.038435
11846,0.057170
11847,0.095298
11848,0.002856
11849,-0.047105
11850,-0.052640
11851,-0.059991
11852,-0.026038
11853,0.007120
11854,0.032309
11855,0.053312
11856,0.023949
11857,-0.005032
11858,0.001007
11859,0.001311
11860,-0.040046
11861,0.019656
11862,-0.016439
11863,-0.033960
11864,-0.011401
11865,-0.009043
11866,-0.003336
11867,0.080669
11868,0.062025
11869,0.018277
11870,0.005439
11871,-0.003174
11872,-0.021039
11873,-0.018105
11874,0.006808
11875,0.005840
11876,0.043409
11877,0.012310
11878,0.016700
11879,0.019685
11880,0.002812
11881,-0.016187
11882,-0.057867
11883,-0.020291
11884,-0.035918
11885,-0.009036
11886,-0.044425
11887,-0.060796
11888,-0.009307
11889,-0.001523
11890,0.014473
11891,0.030052
11892,-0.031929
11893,-0.037519
11894,278.836273
11895,1396.742310
11896,258.638153
11897,225.271225
11898,1096.448486
11899,24.582003
11900,16.673178
11901,1.628744
11902,-20.421015
11903,-25.525826
11904,-21.498898
11905,-5.355412
11906,-11.086655
11907,-7.668762
11908,-2.567502
11909,-0.307518
11910,5.601124
11911,12.581552
11912,36.157875
11913,42.093056
11914,37.202415
11915,9.577147
11916,-15.312272
11917,-54.533710
11918,-53.695049
11919,-44.427975
11920,-23.939974
11921,-2.085923
11922,29.962532
11923,47.349194
11924,43.208595
11925,22.052530
11926,1.258309
11927,-15.369474
11928,-10.661277
11929,-15.642531
11930,-20.935623
11931,-39.404331
11932,-29.978834
11933,4.211978
11934,38.672756
11935,61.768600
11936,27.127810
11937,-9.638575
11938,-2.083614
11939,-9.550452
11940,-23.281347
11941,-25.815742
11942,-42.677692
11943,-41.115898
11944,-5.919177
11945,38.005852
11946,82.244392
11947,63.491810
11948,17.022110
11949,0.040411
11950,-0.010896
11951,0.004928
11952,-0.004282
11953,-0.029278
11954,-0.010280
11955,-0.025319
11956,-0.006171
11957,0.025487
11958,-0.011039
11959,-0.026518
11960,-0.020783
11961,-0.018998
11962,-0.012890
11963,0.029674
11964,0.034262
11965,0.001576
11966,-0.051630
11967,-0.037570
11968,-0.031032
11969,-0.006735
11970,0.038242
11971,0.067496
11972,-0.005966
11973,-0.039443
11974,-0.018538
11975,0.008337
11976,0.060849
11977,0.047334
11978,0.030583
11979,0.020736
11980,-0.028250
11981,-0.015164
11982,-0.027119
11983,-0.040910
11984,-0.044054
11985,-0.025347
11986,0.031098
11987,0.040257
11988,0.049775
11989,-0.022305
11990,-0.049419
11991,-0.027573
11992,0.015307
11993,0.049738
11994,0.044109
11995,0.023277
11996,0.029027
11997,-0.022708
11998,281.245178
11999,1388.718628
12000,255.435272
12001,236.548615
12002,1104.889648
12003,-0.174477
12004,14.741117
12005,23.910194
12006,29.741653
12007,30.027494
12008,3.289577
12009,-25.542725
12010,-20.993696
12011,-1.367203
12012,10.115443
12013,-8.144799
12014,-10.356787
12015,-4.380930
12016,-22.827261
12017,-19.794928
12018,-23.470844
12019,-0.024893
12020,19.222334
12021,41.650421
12022,37.270901
12023,8.123075
12024,-3.228001
12025,-7.648027
12026,-8.228613
12027,-16.733965
12028,-10.644542
12029,-3.766522
12030,-11.315826
12031,6.963675
12032,25.457348
12033,20.612444
12034,3.763673
12035,-20.603043
12036,-41.850178
12037,-41.386200
12038,-20.990265
12039,14.046841
12040,31.025743
12041,54.819683
12042,60.597836
12043,45.651375
12044,5.469507
12045,-22.483570
12046,-52.062550
12047,-76.830696
12048,-56.187397
12049,-14.472471
12050,23.038326
12051,40.703804
12052,14.280134
12053,-0.088285
12054,-0.074298
12055,-0.000557
12056,0.012885
12057,0.032878
12058,0.046312
12059,0.029163
12060,0.029946
12061,0.021071
12062,0.000918
12063,-0.031527
12064,-0.047319
12065,-0.044409
12066,-0.003172
12067,0.039050
12068,0.068854
12069,0.052544
12070,0.004016
12071,-0.049032
12072,-0.056597
12073,-0.019308
12074,0.028311
12075,0.065366
12076,0.009153
12077,-0.007505
12078,-0.039026
12079,-0.065925
12080,-0.065777
12081,-0.046114
12082,0.017725
12083,0.023494
12084,0.018397
12085,0.063504
12086,0.032722
12087,-0.013162
12088,0.009835
12089,-0.007353
12090,-0.027356
12091,0.020815
12092,-0.007436
12093,0.019999
12094,0.037155
12095,0.009608
12096,-0.012817
12097,-0.049040
12098,-0.074432
12099,-0.086163
12100,-0.046016
12101,-0.002685
12102,0.055666
12103,0.099274
12104,0.085298
12105,0.063510
12106,0.025127
12107,0.012092
12108,-0.004801
12109,-0.028345
12110,-0.040903
12111,-0.060543
12112,-0.039704
12113,0.002840
12114,-0.037759
12115,-0.040439
12116,0.011807
12117,0.036614
12118,0.070552
12119,-0.020139
12120,0.011468
12121,0.008376
12122,-0.053040
12123,-0.056522
12124,0.004745
12125,0.007102
12126,0.008915
12127,0.014375
12128,0.030725
12129,0.005732
12130,0.018545
12131,0.015372
12132,-0.007905
12133,0.005150
12134,0.018883
12135,-0.013766
12136,-0.039588
12137,-0.018047
12138,0.045263
12139,0.041143
12140,-0.010568
12141,-0.027651
12142,-0.057156
12143,-0.006216
12144,0.004650
12145,-0.041650
12146,-0.036985
12147,-0.029999
12148,0.037315
12149,0.045432
12150,0.005052
12151,0.035519
12152,0.001308
12153,0.003998
12154,0.011554
12155,-0.020321
12156,-0.021645
12157,-0.034264
12158,-0.001598
12159,0.078404
12160,0.044448
12161,0.014209
12162,-0.014688
12163,-0.061320
12164,-0.025314
12165,-0.039381
12166,-0.019812
12167,0.053425
12168,0.028133
12169,0.015351
12170,0.034766
12171,-0.041103
12172,-0.070723
12173,-0.031895
12174,-0.012374
12175,0.024586
12176,0.029205
12177,0.021151
12178,0.015457
12179,-0.010838
12180,0.016432
12181,0.033926
12182,0.029518
12183,0.012781
12184,0.004628
12185,0.034175
12186,0.007499
12187,-0.021434
12188,-0.039470
12189,-0.041530
12190,-0.016879
12191,-0.032146
12192,-0.014308
12193,0.031285
12194,-0.007936
12195,-0.056213
12196,-0.000524
12197,-0.028420
12198,0.005897
12199,-0.032141
12200,-0.021326
12201,0.046060
12202,286.047455
12203,1372.979736
12204,249.152664
12205,258.669647
12206,1122.423462
12207,13.869361
12208,-0.885154
12209,-2.227479
12210,-3.591568
12211,7.660168
12212,14.252111
12213,-2.007153
12214,-6.616351
12215,-15.241485
12216,-14.805452
12217,-3.881674
12218,-5.786745
12219,-8.416389
12220,-16.357197
12221,19.547724
12222,43.737709
12223,48.827396
12224,10.005365
12225,-16.971951
12226,-25.657232
12227,-36.053173
12228,-26.844084
12229,2.198476
12230,16.879105
12231,17.868864
12232,8.577588
12233,-4.813729
12234,-28.360968
12235,-19.299952
12236,-0.798290
12237,12.616714
12238,17.606825
12239,16.817070
12240,4.728567
12241,2.417421
12242,-1.430003
12243,-13.812583
12244,-29.884312
12245,0.629647
12246,44.873848
12247,42.872803
12248,16.741674
12249,-33.156284
12250,-47.353931
12251,-26.141928
12252,-0.351180
12253,2.746346
12254,-16.998426
12255,-10.016654
12256,1.568331
12257,0.015852
12258,0.024755
12259,-0.061383
12260,-0.004407
12261,0.058335
12262,0.039896
12263,0.041200
12264,0.043379
12265,0.016587
12266,-0.017687
12267,-0.009789
12268,0.002079
12269,-0.047202
12270,-0.021089
12271,0.027004
12272,0.018640
12273,-0.055284
12274,-0.051382
12275,-0.006894
12276,0.047099
12277,0.079724
12278,0.035770
12279,0.022190
12280,0.034524
12281,-0.024573
12282,-0.131943
12283,-0.142294
12284,-0.075194
12285,0.014901
12286,0.094529
12287,0.107194
12288,0.084201
12289,0.004972
12290,-0.084137
12291,-0.085673
12292,-0.036324
12293,-0.027268
12294,-0.004957
12295,0.015854
12296,0.051022
12297,0.060531
12298,0.029391
12299,-0.002436
12300,-0.042476
12301,-0.031466
12302,-0.007024
12303,0.032407
12304,-0.012332
12305,-0.035751
12306,-0.005279
12307,0.018352
12308,-0.042022
12309,-0.040808
12310,-0.027325
12311,0.020228
12312,-0.022904
12313,0.039767
12314,0.012802
12315,-0.006404
12316,0.071643
12317,0.048410
12318,0.005652
12319,-0.032614
12320,-0.037897
12321,-0.041074
12322,-0.075017
12323,-0.056952
12324,-0.030485
12325,-0.032097
12326,0.001848
12327,0.046901
12328,0.089639
12329,0.120642
12330,0.059917
12331,-0.007352
12332,-0.004963
12333,-0.039866
12334,-0.011836
12335,-0.020468
12336,-0.015483
12337,-0.026203
12338,-0.023359
12339,-0.061841
12340,0.002479
12341,0.024567
12342,0.005916
12343,0.044112
12344,0.087730
12345,0.018121
12346,0.008551
12347,-0.028288
12348,-0.069465
12349,-0.053051
12350,-0.019083
12351,0.026399
12352,0.071412
12353,0.030363
12354,0.007029
12355,-0.038781
12356,-0.082231
12357,-0.072326
12358,-0.029802
12359,0.028848
12360,0.080423
12361,0.025234
12362,-0.005928
12363,-0.021728
12364,-0.052323
12365,-0.020182
12366,0.014246
12367,0.041076
12368,0.027108
12369,0.018531
12370,-0.000418
12371,-0.002101
12372,0.002705
12373,0.042214
12374,0.065130
12375,-0.015447
12376,-0.035521
12377,-0.051798
12378,-0.090357
12379,-0.047800
12380,0.014461
12381,0.015774
12382,-0.017002
12383,-0.036831
12384,-0.075854
12385,-0.010658
12386,0.082036
12387,0.128568
12388,0.118377
12389,0.051462
12390,0.005725
12391,-0.003729
12392,-0.044941
12393,-0.056334
12394,-0.047835
12395,-0.030256
12396,-0.003072
12397,0.035812
12398,-0.001864
12399,0.016748
12400,0.044036
12401,0.041209
12402,0.015490
12403,0.015438
12404,0.007757
12405,-0.038803
12406,-0.041165
12407,-0.104890
12408,-0.162533
12409,-0.145296
12410,-0.046499
12411,0.036572
12412,0.080989
12413,0.107104
12414,0.078472
12415,0.097433
12416,0.084297
12417,0.047703
12418,0.028803
12419,-0.010426
12420,-0.014381
12421,-0.014628
12422,-0.042147
12423,-0.039411
12424,-0.058959
12425,-0.060400
12426,-0.075816
12427,-0.101878
12428,-0.049002
12429,0.013781
12430,0.093552
12431,0.141102
12432,0.121650
12433,0.060341
12434,0.060661
12435,0.046542
12436,-0.049696
12437,-0.075086
12438,-0.130409
12439,-0.131064
12440,-0.036582
12441,0.003969
12442,0.048583
12443,0.051051
12444,0.086983
12445,0.110580
12446,0.103942
12447,0.046476
12448,-0.031723
12449,-0.090800
12450,-0.075552
12451,-0.103870
12452,-0.105219
12453,-0.027330
12454,0.003440
12455,-0.053644
12456,-0.019585
12457,0.009071
12458,0.000009
12459,0.032837
12460,0.042344
12461,0.023887
12462,0.074561
12463,0.048211
12464,0.043265
12465,-0.001588
12466,-0.003782
12467,-0.017872
12468,-0.079178
12469,-0.126296
12470,-0.080887
12471,-0.001230
12472,0.073899
12473,0.097593
12474,0.059505
12475,0.072394
12476,0.008888
12477,-0.059444
12478,-0.041357
12479,-0.031677
12480,0.009189
12481,0.027603
12482,0.023115
12483,0.032742
12484,0.037262
12485,-0.029970
12486,-0.085373
12487,-0.045801
12488,-0.001634
12489,-0.020833
12490,0.028937
12491,0.033609
12492,-0.001896
12493,-0.036839
12494,-0.028394
12495,0.022837
12496,0.025703
12497,0.053159
12498,0.048989
12499,0.004918
12500,-0.007712
12501,-0.033975
12502,-0.033824
12503,-0.020752
12504,-0.025143
12505,0.028910
12506,0.039083
12507,0.047797
12508,0.030394
12509,0.004921
12510,-0.007979
12511,-0.070348
12512,-0.105898
12513,-0.019100
12514,-0.048079
12515,-0.078129
12516,0.028199
12517,0.097070
12518,0.039347
12519,0.016389
12520,0.041515
12521,0.043453
12522,-0.005525
12523,-0.010339
12524,0.009907
12525,0.057967
12526,0.021191
12527,-0.028021
12528,-0.033641
12529,-0.044525
12530,-0.029206
12531,-0.050574
12532,-0.014338
12533,-0.003888
12534,0.008238
12535,-0.026952
12536,-0.044611
12537,-0.024518
12538,-0.011328
12539,0.045176
12540,0.070530
12541,0.100179
12542,0.063534
12543,-0.048300
12544,-0.024314
12545,-0.054267
12546,-0.060151
12547,0.011994
12548,0.068854
12549,0.066500
12550,0.025156
12551,-0.002176
12552,-0.007219
12553,-0.048045
12554,-0.038336
12555,-0.048896
12556,294.316467
12557,1345.668335
12558,238.250504
12559,297.056122
12560,1159.423950
12561,-51.574333
12562,-28.827782
12563,6.717230
12564,41.972626
12565,74.756882
12566,67.127838
12567,35.525658
12568,37.632515
12569,25.804293
12570,-17.771547
12571,-64.972229
12572,-65.835083
12573,-45.899597
12574,-16.869148
12575,21.623241
12576,57.472336
12577,69.366905
12578,36.817528
12579,-8.455359
12580,-42.710079
12581,-44.843842
12582,-38.919853
12583,-42.205799
12584,-33.021755
12585,12.598580
12586,29.894773
12587,19.959934
12588,4.212787
12589,20.911037
12590,21.100311
12591,9.099784
12592,18.429274
12593,5.008363
12594,-10.199260
12595,-28.841160
12596,-6.724172
12597,19.333090
12598,34.215733
12599,37.831291
12600,14.628897
12601,-22.537868
12602,-58.600128
12603,-66.816719
12604,-32.182663
12605,-7.395516
12606,14.132044
12607,18.880667
12608,37.491741
12609,51.534893
12610,15.392706
12611,-0.028363
12612,-0.015516
12613,-0.051151
12614,-0.064384
12615,0.008709
12616,-0.006603
12617,0.024820
12618,0.019947
12619,0.027752
12620,0.016332
12621,-0.042031
12622,-0.037529
12623,-0.038352
12624,0.015269
12625,0.043824
12626,0.038946
12627,0.042178
12628,0.035404
12629,0.017097
12630,0.043966
12631,-0.017591
12632,-0.079306
12633,-0.102785
12634,-0.034314
12635,0.012919
12636,0.065824
12637,0.080659
12638,0.049296
12639,0.011404
12640,0.002336
12641,-0.044776
12642,-0.084197
12643,-0.045430
12644,0.053772
12645,0.076611
12646,0.042771
12647,0.057523
12648,0.026821
12649,-0.033488
12650,-0.082120
12651,-0.077407
12652,-0.081281
12653,-0.040333
12654,0.018033
12655,-0.005903
12656,-0.017879
12657,0.033322
12658,0.024298
12659,0.014908
12660,0.003265
12661,0.038265
12662,0.037731
12663,0.010096
12664,0.002134
12665,-0.017125
12666,-0.107109
12667,-0.089565
12668,-0.023203
12669,0.037613
12670,0.080542
12671,0.138485
12672,0.128950
12673,0.080496
12674,0.004635
12675,-0.027124
12676,-0.069095
12677,-0.094851
12678,-0.114191
12679,-0.090284
12680,-0.021832
12681,0.023003
12682,0.015970
12683,-0.002838
12684,-0.007021
12685,0.012698
12686,0.044574
12687,0.024744
12688,-0.011988
12689,-0.007686
12690,-0.001708
12691,0.014311
12692,0.034181
12693,0.048658
12694,0.058229
12695,0.063628
12696,-0.003819
12697,0.006864
12698,0.009163
12699,0.009109
12700,0.010723
12701,-0.033805
12702,-0.045907
12703,-0.095706
12704,-0.083533
12705,-0.027772
12706,-0.035809
12707,-0.012859
12708,-0.006057
12709,-0.036155
12710,-0.064348
12711,0.004278
12712,0.003387
12713,0.049034
12714,0.070195
12715,0.080882
12716,0.075781
12717,0.045262
12718,0.012034
12719,0.005272
12720,-0.002276
12721,-0.006871
12722,0.028658
12723,0.027082
12724,-0.022134
12725,-0.059971
12726,-0.056272
12727,-0.035302
12728,-0.005988
12729,-0.042847
12730,0.008239
12731,0.021170
12732,0.020784
12733,0.043859
12734,0.000645
12735,-0.000759
12736,-0.033284
12737,-0.100808
12738,-0.088992
12739,-0.052175
12740,-0.005078
12741,0.059121
12742,0.111874
12743,0.100675
12744,0.043813
12745,0.010676
12746,0.000390
12747,0.007451
12748,0.022679
12749,0.034881
12750,-0.048958
12751,-0.077237
12752,-0.094145
12753,-0.068010
12754,-0.028913
12755,-0.007590
12756,0.030574
12757,0.000894
12758,0.041656
12759,0.045094
12760,0.033342
12761,-0.010901
12762,0.010695
12763,-0.023732
12764,-0.062065
12765,-0.061913
12766,-0.045565
12767,-0.038473
12768,0.000024
12769,0.079623
12770,0.069838
12771,0.092208
12772,0.036748
12773,0.005665
12774,0.017637
12775,0.036293
12776,-0.000040
12777,-0.040134
12778,-0.053694
12779,-0.070631
12780,-0.007952
12781,-0.003855
12782,-0.056340
12783,-0.035491
12784,-0.009841
12785,0.046843
12786,0.057055
12787,0.039133
12788,0.009545
12789,-0.017048
12790,-0.074776
12791,-0.066181
12792,-0.007059
12793,0.016393
12794,0.022163
12795,-0.006422
12796,0.028716
12797,-0.001459
12798,-0.004519
12799,0.046480
12800,0.055325
12801,0.075305
12802,0.065887
12803,0.062120
12804,0.025281
12805,-0.028927
12806,-0.099095
12807,-0.131412
12808,-0.048009
12809,-0.057289
12810,-0.041414
12811,0.011287
12812,0.062780
12813,0.084955
12814,0.070109
12815,0.020344
12816,-0.000269
12817,-0.008035
12818,-0.041668
12819,-0.046980
12820,-0.072565
12821,-0.105351
12822,-0.022990
12823,0.049353
12824,0.063761
12825,0.080272
12826,0.065934
12827,0.048509
12828,0.011406
12829,-0.028680
12830,-0.044760
12831,-0.051573
12832,-0.057574
12833,-0.000777
12834,0.009047
12835,0.035758
12836,0.012792
12837,-0.034341
12838,-0.073733
12839,-0.044122
12840,-0.017409
12841,0.048145
12842,0.022170
12843,0.015408
12844,-0.002866
12845,-0.010607
12846,0.031449
12847,0.037387
12848,0.006876
12849,0.053555
12850,0.058220
12851,0.035678
12852,0.009072
12853,-0.059938
12854,-0.115590
12855,-0.019417
12856,0.016690
12857,-0.023544
12858,-0.032654
12859,-0.004555
12860,0.000872
12861,0.010305
12862,0.029399
12863,0.038785
12864,0.013336
12865,-0.037980
12866,-0.018111
12867,0.003099
12868,-0.035160
12869,-0.047693
12870,-0.008364
12871,0.037294
12872,0.058127
12873,0.089762
12874,0.013622
12875,-0.025464
12876,-0.013681
12877,-0.015369
12878,0.000641
12879,-0.007593
12880,-0.004446
12881,0.048421
12882,0.041389
12883,0.022996
12884,0.000356
12885,-0.032800
12886,-0.053796
12887,-0.015504
12888,-0.014061
12889,-0.016140
12890,-0.019404
12891,-0.035677
12892,-0.020241
12893,0.020041
12894,0.054910
12895,0.110265
12896,0.048568
12897,0.004172
12898,-0.016389
12899,-0.104127
12900,-0.101071
12901,-0.061679
12902,0.000355
12903,0.020448
12904,0.021861
12905,0.005999
12906,0.025210
12907,0.038603
12908,0.032292
12909,0.048090
12910,0.007199
12911,-0.015231
12912,0.012249
12913,-0.030327
12914,-0.041873
12915,-0.003354
12916,0.014187
12917,-0.007258
12918,0.025718
12919,-0.008140
12920,-0.075239
12921,-0.037404
12922,-0.011513
12923,-0.001233
12924,0.061485
12925,0.053928
12926,0.023152
12927,-0.029890
12928,-0.053855
12929,-0.058595
12930,-0.051081
12931,0.031557
12932,0.045967
12933,0.060932
12934,0.053001
12935,-0.006176
12936,-0.023896
12937,-0.002962
12938,-0.035060
12939,-0.059719
12940,-0.021073
12941,0.032108
12942,0.066845
12943,0.065723
12944,0.046296
12945,-0.017456
12946,-0.066095
12947,-0.052210
12948,0.006604
12949,-0.001743
12950,-0.052882
12951,-0.036432
12952,-0.038488
12953,-0.024947
12954,0.014783
12955,0.008111
12956,0.036790
12957,0.038328
12958,0.028304
12959,0.044272
12960,0.001166
12961,0.001788
12962,0.009812
12963,-0.004945
12964,0.007611
12965,-0.012274
12966,-0.011758
12967,0.052688
12968,0.068028
12969,0.082830
12970,0.045440
12971,0.014896
12972,0.051823
12973,0.010506
12974,-0.073291
12975,-0.072501
12976,-0.066007
12977,-0.026474
12978,0.012197
12979,0.015535
12980,0.008925
12981,0.013333
12982,-0.003712
12983,-0.011289
12984,-0.016909
12985,-0.002433
12986,0.041561
12987,0.016532
12988,0.002004
12989,-0.042937
12990,-0.051555
12991,-0.018856
12992,0.018819
12993,-0.005361
12994,0.005137
12995,0.035328
12996,0.053780
12997,0.016916
12998,-0.006528
12999,0.027761
13000,-0.004977
13001,-0.036134
13002,-0.004766
13003,-0.011501
13004,0.002058
13005,-0.037279
13006,-0.020710
13007,-0.029533
13008,-0.009532
13009,0.002054
13010,-0.020448
13011,-0.020124
13012,0.011666
13013,0.018384
13014,0.008878
13015,0.036473
13016,0.011604
13017,0.025629
13018,0.035071
13019,0.027632
13020,0.005782
13021,-0.025900
13022,-0.005247
13023,-0.035694
13024,-0.048169
13025,-0.016201
13026,-0.002598
13027,0.042824
13028,0.049567
13029,0.012084
13030,0.013822
13031,-0.015353
13032,0.001509
13033,0.009066
13034,0.011543
13035,-0.007054
13036,-0.086973
13037,-0.118803
13038,-0.064016
13039,-0.016939
13040,0.097720
13041,0.137806
13042,0.073029
13043,0.040596
13044,-0.015615
13045,-0.072075
13046,-0.033934
13047,-0.050948
13048,-0.046010
13049,-0.008284
13050,0.020689
13051,0.052255
13052,0.046240
13053,0.042595
13054,0.007451
13055,0.008717
13056,-0.025693
13057,-0.051032
13058,-0.016448
13059,-0.014915
13060,-0.022419
13061,-0.012152
13062,0.014173
13063,0.052866
13064,0.059405
13065,0.019839
13066,-0.029583
13067,-0.033625
13068,-0.054388
13069,-0.022280
13070,-0.047198
13071,-0.037508
13072,-0.021306
13073,-0.010114
13074,0.046237
13075,0.026249
13076,0.038651
13077,0.101374
13078,0.085141
13079,0.053184
13080,0.000017
13081,-0.062083
13082,-0.066800
13083,-0.037458
13084,-0.070766
13085,-0.049016
13086,0.025788
13087,-0.024032
13088,-0.038927
13089,-0.029301
13090,-0.066882
13091,-0.010059
13092,0.034641
13093,0.019280
13094,0.080984
13095,0.025328
13096,-0.012475
13097,-0.059003
13098,-0.049667
13099,0.071375
13100,0.067314
13101,0.043409
13102,0.074649
13103,0.033158
13104,-0.041898
13105,0.005955
13106,-0.002345
13107,-0.000038
13108,-0.008745
13109,-0.005020
13110,-0.019149
13111,-0.030901
13112,-0.014660
13113,-0.038663
13114,-0.047439
13115,-0.015289
13116,-0.000783
13117,-0.017525
13118,0.014562
13119,0.010157
13120,-0.037537
13121,-0.002723
13122,0.018684
13123,0.053075
13124,0.058376
13125,0.006659
13126,-0.004620
13127,-0.009975
13128,0.004174
13129,0.037103
13130,-0.014313
13131,-0.075838
13132,-0.065357
13133,-0.040250
13134,0.042146
13135,-0.006952
13136,-0.026691
13137,-0.003307
13138,-0.001297
13139,0.029373
13140,0.061350
13141,0.021373
13142,0.022164
13143,0.040556
13144,0.019771
13145,-0.013705
13146,-0.064323
13147,-0.017747
13148,0.015864
13149,0.000601
13150,0.006663
13151,0.034197
13152,-0.010515
13153,-0.009980
13154,0.019740
13155,0.026415
13156,0.007790
13157,-0.016485
13158,-0.004141
13159,-0.003515
13160,0.039455
13161,0.059855
13162,0.039777
13163,-0.029357
13164,-0.059039
13165,-0.008891
13166,-0.035676
13167,-0.028682
13168,-0.019606
13169,0.030556
13170,0.041527
13171,0.038911
13172,0.031132
13173,0.013089
13174,0.010525
13175,0.008648
13176,0.012542
13177,-0.016603
13178,-0.059157
13179,-0.085368
13180,-0.099114
13181,-0.023822
13182,0.005243
13183,0.013918
13184,0.016385
13185,0.024079
13186,0.030962
13187,0.045942
13188,0.071577
13189,0.066645
13190,0.082236
13191,0.026556
13192,0.003012
13193,-0.052315
13194,-0.070816
13195,-0.073968
13196,-0.055023
13197,-0.051963
13198,-0.058080
13199,-0.008858
13200,0.041539
13201,0.079361
13202,0.156606
13203,0.100187
13204,-0.006349
13205,-0.060346
13206,-0.083159
13207,-0.094780
13208,-0.088260
13209,-0.082188
13210,-0.025962
13211,-0.010946
13212,-0.000093
13213,0.071168
13214,0.043964
13215,-0.006557
13216,-0.005262
13217,0.046563
13218,0.073884
13219,0.061913
13220,0.053412
13221,0.011149
13222,-0.012820
13223,-0.023630
13224,0.002863
13225,0.008018
13226,-0.000197
13227,-0.031882
13228,-0.062209
13229,-0.050040
13230,-0.038798
13231,0.001502
13232,0.051492
13233,0.126084
13234,0.054452
13235,-0.039330
13236,-0.069567
13237,-0.052626
13238,-0.014146
13239,0.047151
13240,0.032332
13241,-0.022431
13242,-0.046805
13243,-0.037575
13244,-0.005086
13245,-0.030398
13246,-0.027732
13247,0.002343
13248,0.005205
13249,0.003125
13250,0.061811
13251,0.099957
13252,0.047383
13253,0.001181
13254,-0.070550
13255,-0.086240
13256,-0.058797
13257,-0.005051
13258,0.019526
13259,0.015782
13260,0.021094
13261,-0.010845
13262,0.018028
13263,0.025083
13264,0.019633
13265,0.054575
13266,0.026708
13267,0.004566
13268,0.000186
13269,-0.018354
13270,-0.050093
13271,-0.020416
13272,-0.033790
13273,-0.033129
13274,-0.018235
13275,0.050309
13276,0.054885
13277,0.019132
13278,0.038005
13279,0.013024
13280,0.014663
13281,0.020535
13282,-0.045839
13283,-0.058381
13284,-0.052811
13285,-0.070182
13286,-0.055830
13287,-0.033011
13288,0.018017
13289,0.071673
13290,0.060787
13291,0.085827
13292,0.037918
13293,-0.011342
13294,-0.042996
13295,-0.022508
13296,0.056989
13297,0.011818
13298,-0.037337
13299,-0.063716
13300,-0.050397
13301,-0.007520
13302,0.035627
13303,0.019002
13304,-0.022058
13305,0.008822
13306,0.030887
13307,0.023161
13308,0.005652
13309,-0.012210
13310,-0.008258
13311,-0.012562
13312,0.004834
13313,0.006373
13314,-0.031200
13315,-0.026540
13316,-0.006959
13317,0.015095
13318,0.030394
13319,0.043067
13320,0.036558
13321,0.045844
13322,0.047982
13323,0.014617
13324,-0.034464
13325,-0.056224
13326,-0.067845
13327,-0.049717
13328,-0.083045
13329,-0.036314
13330,0.007450
13331,0.031142
13332,0.080267
13333,0.100831
13334,0.042517
13335,0.027617
13336,-0.000997
13337,-0.078233
13338,-0.071222
13339,-0.074603
13340,-0.046981
13341,0.006723
13342,0.055730
13343,-0.018635
13344,-0.021248
13345,-0.008643
13346,-0.012215
13347,0.014067
13348,0.064594
13349,0.088453
13350,0.053820
13351,0.001530
13352,-0.003277
13353,-0.001142
13354,-0.007763
13355,-0.041895
13356,-0.068956
13357,-0.068326
13358,-0.021556
13359,-0.023477
13360,0.033996
13361,0.083036
13362,0.064450
13363,0.037756
13364,-0.014121
13365,0.001546
13366,-0.036412
13367,-0.057645
13368,-0.010106
13369,-0.036333
13370,0.011078
13371,0.005277
13372,0.007713
13373,0.093917
13374,0.011039
13375,-0.019988
13376,0.006543
13377,-0.019329
13378,-0.023842
13379,-0.038760
13380,-0.034390
13381,-0.036959
13382,-0.026088
13383,0.014620
13384,0.023824
13385,0.032603
13386,0.006069
13387,0.023614
13388,0.002766
13389,0.004783
13390,0.050293
13391,0.026479
13392,0.037248
13393,-0.037307
13394,-0.010622
13395,0.037028
13396,0.012407
13397,-0.044884
13398,-0.073623
13399,-0.082735
13400,-0.034252
13401,-0.001758
13402,0.032531
13403,0.007452
13404,-0.019806
13405,0.019569
13406,0.020953
13407,0.070806
13408,0.104501
13409,0.083514
13410,0.062452
13411,-0.033777
13412,-0.109652
13413,-0.108240
13414,-0.069349
13415,-0.013999
13416,0.005440
13417,0.000990
13418,0.036827
13419,0.020372
13420,0.010148
13421,0.023638
13422,0.014367
13423,-0.005815
13424,-0.028373
13425,-0.028171
13426,-0.015535
13427,-0.038676
13428,0.016834
13429,0.050008
13430,-0.003765
13431,-0.014586
13432,-0.006565
13433,0.006791
13434,0.029111
13435,-0.025842
13436,-0.012895
13437,0.029546
13438,0.039153
13439,0.030173
13440,0.002048
13441,-0.027928
13442,-0.018693
13443,-0.006391
13444,-0.031720
13445,-0.072655
13446,-0.041603
13447,0.016575
13448,0.070020
13449,0.029913
13450,-0.017027
13451,0.013146
13452,0.018791
13453,0.000455
13454,-0.013108
13455,-0.012364
13456,0.009086
13457,-0.025159
13458,0.016501
13459,0.059961
13460,0.033878
13461,0.007789
13462,-0.004711
13463,-0.041878
13464,-0.061033
13465,-0.055136
13466,-0.034424
13467,-0.064123
13468,-0.086877
13469,-0.024149
13470,0.059320
13471,0.055238
13472,0.118810
13473,0.148660
13474,0.118132
13475,0.034176
13476,-0.053791
13477,-0.046309
13478,-0.092964
13479,-0.108131
13480,-0.101890
13481,-0.098488
13482,-0.044108
13483,0.037960
13484,0.115933
13485,0.082909
13486,0.051580
13487,0.001401
13488,-0.024507
13489,0.017327
13490,-0.000945
13491,0.002757
13492,0.049666
13493,0.048748
13494,0.025823
13495,-0.022097
13496,-0.014945
13497,-0.038071
13498,-0.046217
13499,-0.044517
13500,-0.098974
13501,-0.097019
13502,-0.036557
13503,0.017627
13504,0.046983
13505,0.059860
13506,0.067930
13507,0.058367
13508,0.005529
13509,-0.003978
13510,-0.011242
13511,-0.049913
13512,0.018202
13513,0.032368
13514,0.026113
13515,0.007665
13516,-0.019088
13517,0.024998
13518,0.035514
13519,0.028391
13520,0.003526
13521,-0.014293
13522,-0.063484
13523,-0.032505
13524,-0.000834
13525,0.031048
13526,0.007814
13527,-0.044545
13528,-0.038822
13529,-0.022983
13530,-0.014209
13531,-0.001702
13532,0.002097
13533,0.017267
13534,0.022475
13535,0.009130
13536,-0.007803
13537,0.016152
13538,0.046776
13539,0.066739
13540,0.045133
13541,-0.003654
13542,-0.052121
13543,-0.059054
13544,-0.033594
13545,-0.011399
13546,0.026897
13547,0.025789
13548,0.014094
13549,-0.004571
13550,-0.012670
13551,-0.080455
13552,-0.094852
13553,-0.018150
13554,0.018229
13555,0.008477
13556,-0.008957
13557,-0.003866
13558,0.028029
13559,0.024062
13560,317.888214
13561,1268.208740
13562,207.330261
13563,405.926270
13564,1250.248657
13565,-37.932415
13566,-43.739140
13567,-37.586849
13568,-22.020605
13569,2.590765
13570,3.228873
13571,24.967209
13572,40.277733
13573,22.293457
13574,-3.146845
13575,-16.068058
13576,-10.345671
13577,-4.383363
13578,22.786840
13579,3.800196
13580,-44.249054
13581,-65.108665
13582,-37.714119
13583,12.341619
13584,37.948223
13585,46.510456
13586,40.501793
13587,40.400215
13588,45.328850
13589,14.390367
13590,-23.093338
13591,-34.902336
13592,-40.958290
13593,-40.150578
13594,-28.768751
13595,-3.940966
13596,17.402025
13597,53.926586
13598,37.949615
13599,-6.046925
13600,-36.447624
13601,-35.543381
13602,1.708291
13603,30.573225
13604,19.833879
13605,-6.733891
13606,-15.351626
13607,2.037683
13608,14.462100
13609,21.984625
13610,7.205678
13611,-14.898994
13612,-42.329395
13613,-47.737549
13614,-10.555249
13615,0.067421
13616,0.020317
13617,0.014115
13618,0.012555
13619,0.001090
13620,-0.020566
13621,-0.019338
13622,-0.066808
13623,-0.043174
13624,0.016944
13625,0.041459
13626,0.024556
13627,-0.037373
13628,-0.051708
13629,-0.033919
13630,0.021803
13631,0.083391
13632,0.065339
13633,-0.019178
13634,-0.030264
13635,-0.024492
13636,-0.047779
13637,-0.048633
13638,-0.036954
13639,0.027665
13640,0.039729
13641,-0.017068
13642,-0.011487
13643,0.044228
13644,0.072322
13645,0.048763
13646,-0.007071
13647,-0.031068
13648,-0.016786
13649,-0.000559
13650,-0.001448
13651,-0.025599
13652,-0.002060
13653,0.013709
13654,0.002115
13655,0.015093
13656,0.040617
13657,0.075403
13658,0.015774
13659,-0.050315
13660,-0.038365
13661,-0.043582
13662,-0.068336
13663,-0.045369
13664,0.031603
13665,-0.006002
13666,-0.026743
13667,0.038117
13668,0.030960
13669,0.057234
13670,0.033390
13671,-0.023080
13672,-0.040376
13673,-0.031262
13674,0.016279
13675,0.045233
13676,0.059039
13677,0.026131
13678,0.000360
13679,-0.006738
13680,-0.027242
13681,-0.054280
13682,-0.038508
13683,-0.048892
13684,-0.005427
13685,-0.025765
13686,-0.042853
13687,-0.022073
13688,0.026524
13689,0.014377
13690,0.084933
13691,0.071133
13692,-0.036056
13693,-0.064855
13694,-0.060380
13695,-0.019504
13696,0.004851
13697,0.060376
13698,0.056706
13699,0.023556
13700,-0.005529
13701,-0.020585
13702,-0.032236
13703,0.007340
13704,0.010188
13705,0.013766
13706,0.046615
13707,0.043530
13708,0.003137
13709,0.005677
13710,-0.018949
13711,-0.032085
13712,0.006078
13713,-0.011894
13714,-0.044508
13715,0.000873
13716,-0.020881
13717,-0.019740
13718,0.001638
13719,0.036434
13720,0.018190
13721,0.022907
13722,0.015867
13723,0.025188
13724,0.000656
13725,-0.039798
13726,-0.053300
13727,-0.034227
13728,-0.047901
13729,-0.014703
13730,0.020950
13731,-0.000638
13732,-0.043107
13733,-0.023917
13734,0.048380
13735,0.018956
13736,-0.014962
13737,0.008140
13738,0.034941
13739,0.051674
13740,0.090394
13741,0.053221
13742,-0.053597
13743,-0.069068
13744,-0.028429
13745,-0.000932
13746,0.028180
13747,0.062885
13748,0.006690
13749,-0.043008
13750,-0.031069
13751,0.014436
13752,-0.010471
13753,0.015441
13754,0.001188
13755,-0.023717
13756,-0.047723
13757,-0.052149
13758,0.021227
13759,0.050312
13760,0.074243
13761,0.047706
13762,-0.002364
13763,-0.061393
13764,-0.014919
13765,0.007201
13766,-0.004230
13767,-0.025613
13768,0.020020
13769,0.008404
13770,-0.049052
13771,-0.023186
13772,-0.006480
13773,-0.013040
13774,-0.010974
13775,0.018062
13776,0.040670
13777,-0.018987
13778,-0.049723
13779,-0.039860
13780,-0.058776
13781,-0.009960
13782,0.066345
13783,0.026878
13784,0.074032
13785,0.056816
13786,0.026243
13787,0.042714
13788,0.025025
13789,-0.028297
13790,-0.035023
13791,-0.080969
13792,-0.059379
13793,-0.020738
13794,0.014008
13795,0.088389
13796,0.054091
13797,0.021941
13798,0.045591
13799,0.051719
13800,-0.011836
13801,-0.042674
13802,-0.050282
13803,-0.080378
13804,-0.099449
13805,-0.047632
13806,0.011613
13807,0.011582
13808,-0.016980
13809,0.031122
13810,-0.008062
13811,0.042834
13812,0.087355
13813,0.046402
13814,-0.012029
13815,-0.088319
13816,-0.087977
13817,-0.068551
13818,-0.000081
13819,0.046832
13820,0.090850
13821,0.093405
13822,0.061564
13823,-0.013884
13824,-0.046246
13825,-0.072894
13826,-0.070231
13827,-0.038936
13828,0.012886
13829,0.031413
13830,0.105777
13831,0.078104
13832,-0.000725
13833,-0.012040
13834,-0.060974
13835,-0.028341
13836,-0.028492
13837,-0.036326
13838,-0.023596
13839,0.007789
13840,0.033514
13841,0.024104
13842,0.024552
13843,-0.003061
13844,0.000207
13845,-0.008677
13846,0.008505
13847,0.063548
13848,0.062262
13849,0.020480
13850,-0.022264
13851,-0.049739
13852,-0.071804
13853,-0.052334
13854,-0.039615
13855,0.000970
13856,-0.008374
13857,-0.041410
13858,-0.017069
13859,-0.007702
13860,0.036797
13861,0.074109
13862,0.060191
13863,0.054491
13864,0.039650
13865,-0.030877
13866,-0.050672
13867,-0.093788
13868,-0.092381
13869,-0.004299
13870,0.019535
13871,0.039397
13872,0.055803
13873,0.032955
13874,-0.002320
13875,-0.037199
13876,-0.024530
13877,0.029748
13878,0.067160
13879,0.040297
13880,-0.021560
13881,-0.066963
13882,-0.088495
13883,-0.069382
13884,-0.014529
13885,0.080027
13886,0.084450
13887,0.101311
13888,0.107446
13889,0.025811
13890,-0.065386
13891,-0.047583
13892,-0.023205
13893,-0.022460
13894,-0.044907
13895,-0.073082
13896,-0.069859
13897,-0.035155
13898,-0.032722
13899,0.026897
13900,0.086651
13901,0.097374
13902,0.087888
13903,0.062285
13904,-0.061088
13905,-0.101098
13906,-0.068366
13907,-0.100794
13908,-0.056180
13909,0.020697
13910,0.094795
13911,0.086040
13912,0.022067
13913,0.001969
13914,-0.019578
13915,-0.000821
13916,0.021510
13917,0.032598
13918,0.028664
13919,0.037788
13920,-0.036808
13921,-0.054322
13922,-0.030912
13923,0.004453
13924,-0.003414
13925,-0.046578
13926,-0.075692
13927,-0.063617
13928,-0.033741
13929,0.041154
13930,0.052867
13931,0.045987
13932,0.066586
13933,0.049307
13934,0.017295
13935,0.002394
13936,0.016290
13937,0.018742
13938,-0.034444
13939,-0.051432
13940,-0.069322
13941,-0.043934
13942,-0.033596
13943,0.005650
13944,0.060107
13945,0.058717
13946,0.021975
13947,0.031912
13948,0.011553
13949,-0.016464
13950,-0.061122
13951,-0.076951
13952,-0.029638
13953,0.010604
13954,0.039242
13955,0.045901
13956,0.073756
13957,0.019773
13958,0.015957
13959,0.007036
13960,-0.057089
13961,-0.091847
13962,-0.067488
13963,-0.020226
13964,0.014032
13965,0.053955
13966,0.062357
13967,0.044137
13968,0.030133
13969,0.036263
13970,0.018033
13971,-0.001120
13972,-0.041780
13973,-0.043894
13974,0.010477
13975,-0.007964
13976,-0.059020
13977,-0.011707
13978,0.010479
13979,0.004168
13980,0.027612
13981,0.035887
13982,-0.000865
13983,-0.069028
13984,-0.030444
13985,-0.049937
13986,-0.047229
13987,0.011860
13988,0.001730
13989,0.040397
13990,0.071941
13991,0.041366
13992,0.020000
13993,-0.008523
13994,0.003573
13995,0.000840
13996,-0.039606
13997,-0.007094
13998,-0.003486
13999,-0.058591
14000,-0.046879
14001,-0.042141
14002,-0.002679
14003,0.056031
14004,0.095428
14005,0.044814
14006,0.033862
14007,0.068298
14008,-0.010685
14009,-0.055254
14010,-0.036502
14011,-0.008398
14012,-0.002549
14013,-0.084592
14014,-0.086720
14015,-0.033258
14016,-0.008877
14017,0.022643
14018,0.025006
14019,0.040543
14020,0.065657
14021,0.006963
14022,0.021193
14023,0.022089
14024,-0.032476
14025,-0.014638
14026,0.015679
14027,0.014328
14028,0.037483
14029,0.049352
14030,0.024883
14031,0.014818
14032,-0.048016
14033,-0.037175
14034,-0.011461
14035,0.002423
14036,-0.048109
14037,-0.079950
14038,-0.067224
14039,0.004394
14040,0.050822
14041,0.083297
14042,0.128702
14043,0.044895
14044,-0.040248
14045,-0.060124
14046,-0.091621
14047,-0.053630
14048,-0.022589
14049,0.012527
14050,0.066448
14051,0.072728
14052,0.060088
14053,0.063794
14054,0.011147
14055,-0.011483
14056,-0.041443
14057,-0.037076
14058,-0.041626
14059,-0.010361
14060,-0.017298
14061,-0.027460
14062,0.006896
14063,0.002454
14064,0.000433
14065,-0.008451
14066,-0.004811
14067,-0.007137
14068,-0.008673
14069,-0.010446
14070,-0.026171
14071,-0.017293
14072,0.009006
14073,0.006358
14074,0.007197
14075,0.100634
14076,0.087207
14077,0.049006
14078,0.019723
14079,-0.032800
14080,-0.054362
14081,-0.068692
14082,-0.035680
14083,-0.051204
14084,0.013864
14085,0.021237
14086,0.002376
14087,0.030133
14088,0.013008
14089,-0.039135
14090,-0.027120
14091,-0.011495
14092,-0.033372
14093,0.015593
14094,-0.005999
14095,-0.010703
14096,-0.012682
14097,-0.004402
14098,-0.008501
14099,0.008178
14100,-0.013203
14101,0.028785
14102,0.032668
14103,0.058016
14104,0.052080
14105,0.029484
14106,0.032528
14107,-0.042147
14108,-0.028654
14109,-0.004989
14110,-0.043334
14111,-0.020297
14112,-0.009800
14113,0.011762
14114,0.001209
14115,0.023998
14116,0.015201
14117,-0.062909
14118,-0.042091
14119,-0.040303
14120,-0.032938
14121,-0.025207
14122,0.007230
14123,0.023135
14124,0.014795
14125,0.011666
14126,0.024078
14127,0.034453
14128,0.026330
14129,0.028561
14130,0.067700
14131,0.066140
14132,0.020878
14133,-0.013723
14134,-0.060630
14135,-0.035916
14136,-0.061248
14137,-0.073602
14138,-0.021858
14139,0.006383
14140,0.048204
14141,0.073825
14142,0.018925
14143,0.009609
14144,-0.025097
14145,-0.026230
14146,-0.008047
14147,-0.016645
14148,0.011829
14149,0.033205
14150,-0.015348
14151,-0.029110
14152,0.013571
14153,-0.004672
14154,0.023214
14155,0.018617
14156,-0.028496
14157,0.009448
14158,0.008498
14159,-0.025217
14160,-0.024564
14161,-0.039237
14162,-0.054564
14163,-0.044656
14164,-0.027755
14165,0.048911
14166,0.079970
14167,0.044914
14168,0.022153
14169,0.017124
14170,0.005074
14171,-0.024672
14172,-0.020953
14173,-0.060706
14174,-0.003021
14175,0.036182
14176,0.030814
14177,0.018664
14178,0.007249
14179,-0.028036
14180,0.008718
14181,-0.015732
14182,-0.034912
14183,-0.011074
14184,-0.004940
14185,0.067214
14186,0.077226
14187,0.045463
14188,-0.038764
14189,-0.041500
14190,-0.023026
14191,0.012772
14192,-0.041664
14193,-0.025423
14194,0.014199
14195,-0.017577
14196,0.016135
14197,0.007885
14198,-0.010902
14199,0.020185
14200,0.011688
14201,0.018858
14202,-0.052961
14203,-0.077126
14204,0.002818
14205,-0.000387
14206,-0.044099
14207,0.020575
14208,0.058498
14209,0.087304
14210,0.100716
14211,0.050303
14212,-0.003477
14213,-0.096435
14214,-0.059182
14215,-0.012207
14216,-0.056093
14217,-0.048243
14218,0.003287
14219,0.019285
14220,0.008920
14221,0.039359
14222,0.020676
14223,0.012417
14224,-0.002485
14225,0.005423
14226,-0.021746
14227,-0.054514
14228,-0.044273
14229,-0.023373
14230,0.027991
14231,0.055902
14232,0.014492
14233,-0.015201
14234,-0.040899
14235,-0.040598
14236,-0.033368
14237,-0.028095
14238,0.010903
14239,0.124380
14240,0.146506
14241,0.080206
14242,-0.003960
14243,-0.055506
14244,-0.101143
14245,-0.132269
14246,-0.129293
14247,-0.052215
14248,0.010706
14249,0.048537
14250,0.077513
14251,0.105083
14252,0.055395
14253,-0.019218
14254,-0.025006
14255,-0.028211
14256,-0.041036
14257,-0.006309
14258,0.024887
14259,0.044908
14260,0.045561
14261,0.009943
14262,-0.037825
14263,-0.056967
14264,-0.082668
14265,-0.031215
14266,0.059012
14267,0.086048
14268,0.015860
14269,0.024478
14270,0.019041
14271,-0.022103
14272,-0.014305
14273,0.004249
14274,-0.019778
14275,-0.067808
14276,-0.013465
14277,0.004002
14278,-0.014386
14279,-0.026419
14280,-0.033250
14281,-0.018483
14282,0.018731
14283,0.040081
14284,0.069992
14285,0.078742
14286,0.000765
14287,-0.053111
14288,-0.035293
14289,-0.047409
14290,-0.036990
14291,0.026296
14292,0.033207
14293,0.011687
14294,-0.009457
14295,-0.042403
14296,-0.019538
14297,-0.027758
14298,-0.006290
14299,0.031418
14300,0.019969
14301,0.054929
14302,0.045244
14303,0.031394
14304,0.061255
14305,-0.003845
14306,-0.005793
14307,-0.037734
14308,-0.056345
14309,-0.033695
14310,-0.061023
14311,-0.089457
14312,-0.010127
14313,0.009718
14314,0.056862
14315,0.058452
14316,0.009671
14317,0.013323
14318,0.004037
14319,0.018973
14320,0.002182
14321,-0.047233
14322,-0.007824
14323,0.024373
14324,0.046721
14325,0.008030
14326,-0.042353
14327,-0.048017
14328,0.006548
14329,0.003122
14330,-0.019918
14331,-0.026782
14332,-0.027071
14333,-0.013828
14334,0.018513
14335,0.037824
14336,0.002611
14337,-0.003946
14338,0.000377
14339,-0.045325
14340,-0.029284
14341,-0.023172
14342,0.048759
14343,0.088189
14344,0.049865
14345,0.018426
14346,-0.007462
14347,-0.035711
14348,-0.065617
14349,-0.042358
14350,-0.012167
14351,-0.009487
14352,0.006609
14353,0.001839
14354,0.020722
14355,0.038118
14356,-0.004636
14357,0.000386
14358,-0.002094
14359,-0.009242
14360,0.034037
14361,0.039254
14362,0.005600
14363,0.005803
14364,-0.011886
14365,-0.015235
14366,0.009142
14367,0.008129
14368,-0.009392
14369,-0.058427
14370,-0.097169
14371,-0.110226
14372,-0.029882
14373,0.073452
14374,0.109970
14375,0.150874
14376,0.079308
14377,0.002978
14378,-0.032599
14379,-0.050607
14380,-0.018359
14381,0.037449
14382,0.002618
14383,-0.051031
14384,-0.084984
14385,-0.075742
14386,-0.066584
14387,-0.001357
14388,0.059873
14389,0.073024
14390,0.026149
14391,-0.004283
14392,-0.032588
14393,0.002242
14394,0.013358
14395,-0.031430
14396,0.004290
14397,0.000013
14398,-0.004601
14399,0.007468
14400,0.048256
14401,0.028002
14402,-0.007178
14403,-0.026409
14404,0.000860
14405,-0.016821
14406,-0.028668
14407,-0.021709
14408,0.024598
14409,0.000899
14410,0.011916
14411,0.008858
14412,0.003660
14413,0.040704
14414,0.028065
14415,-0.000747
14416,0.041195
14417,0.039381
14418,0.004852
14419,0.030634
14420,-0.012707
14421,-0.082468
14422,-0.061964
14423,-0.028559
14424,-0.054387
14425,0.027290
14426,0.064085
14427,0.068058
14428,0.074540
14429,0.064527
14430,0.017134
14431,-0.008980
14432,-0.006943
14433,-0.046251
14434,-0.078012
14435,-0.052786
14436,-0.057518
14437,-0.062160
14438,-0.009282
14439,0.069069
14440,0.068549
14441,-0.005662
14442,-0.025564
14443,-0.016425
14444,-0.018577
14445,-0.036822
14446,-0.020530
14447,0.047325
14448,0.065978
14449,0.034174
14450,0.029075
14451,-0.012025
14452,-0.000801
14453,0.028609
14454,-0.022457
14455,-0.020099
14456,-0.046534
14457,-0.096165
14458,-0.057381
14459,-0.003965
14460,0.041465
14461,0.096819
14462,0.067985
14463,0.068516
14464,0.048303
14465,-0.040446
14466,-0.090262
14467,-0.083111
14468,-0.034006
14469,0.002076
14470,-0.017368
14471,0.006605
14472,-0.025665
14473,-0.003565
14474,0.050970
14475,0.049578
14476,0.065525
14477,0.014514
14478,-0.052448
14479,-0.052901
14480,-0.040984
14481,-0.045511
14482,-0.002878
14483,0.037449
14484,0.076594
14485,0.112241
14486,0.075171
14487,0.072584
14488,0.018024
14489,-0.084955
14490,-0.107276
14491,-0.131714
14492,-0.110722
14493,-0.050129
14494,0.003245
14495,-0.011844
14496,-0.024222
14497,0.040028
14498,0.090636
14499,0.082181
14500,0.039399
14501,0.067555
14502,0.028188
14503,-0.034135
14504,-0.027973
14505,0.030176
14506,0.051866
14507,0.005490
14508,0.004598
14509,0.009724
14510,-0.095526
14511,-0.082454
14512,-0.017676
14513,-0.009055
14514,-0.000691
14515,0.005662
14516,0.032466
14517,0.034328
14518,-0.005808
14519,0.040868
14520,-0.008724
14521,-0.067527
14522,-0.075895
14523,-0.018783
14524,0.043018
14525,0.063636
14526,0.059288
14527,0.008378
14528,0.029395
14529,-0.004275
14530,-0.057998
14531,-0.023350
14532,-0.009342
14533,-0.039422
14534,-0.024734
14535,-0.031634
14536,-0.007295
14537,-0.026158
14538,-0.026932
14539,-0.021992
14540,0.039765
14541,0.055313
14542,0.039529
14543,0.035438
14544,0.031726
14545,-0.022501
14546,0.002548
14547,-0.009376
14548,-0.005553
14549,-0.016719
14550,0.003067
14551,0.015312
14552,0.054650
14553,0.024868
14554,-0.019507
14555,0.008795
14556,-0.043822
14557,-0.042553
14558,0.002310
14559,0.008531
14560,0.057855
14561,0.001182
14562,-0.039726
14563,-0.048600
14564,341.393402
14565,1190.749023
14566,176.410004
14567,514.796387
14568,1342.163818
14569,11.056764
14570,-19.019800
14571,-30.866625
14572,-14.257059
14573,5.582749
14574,0.570280
14575,-7.535945
14576,-6.238317
14577,-9.376936
14578,-2.632167
14579,8.054372
14580,18.300686
14581,9.173360
14582,-10.248860
14583,-6.302376
14584,18.668507
14585,18.704668
14586,7.578907
14587,2.485032
14588,-16.164806
14589,-28.196772
14590,1.711170
14591,23.297575
14592,31.040878
14593,4.669149
14594,-34.103634
14595,-35.272541
14596,-18.823490
14597,-1.328594
14598,7.764153
14599,-6.437970
14600,5.433867
14601,29.416994
14602,29.857592
14603,19.971895
14604,-1.354718
14605,-21.929344
14606,-21.713343
14607,-4.959405
14608,-7.593165
14609,-11.672688
14610,-6.442894
14611,1.543277
14612,12.076659
14613,32.871086
14614,21.242207
14615,11.796227
14616,4.450892
14617,-8.064423
14618,-3.453395
14619,-0.029020
14620,-0.015002
14621,0.009473
14622,0.041744
14623,0.069217
14624,0.051590
14625,0.013515
14626,-0.032520
14627,-0.017240
14628,0.019807
14629,-0.003364
14630,0.031376
14631,0.042006
14632,0.032305
14633,-0.082740
14634,-0.065434
14635,-0.048133
14636,-0.092822
14637,-0.009317
14638,0.007411
14639,-0.019754
14640,0.047021
14641,0.057380
14642,0.065123
14643,0.085553
14644,0.051658
14645,0.015308
14646,-0.030338
14647,-0.031383
14648,-0.042190
14649,-0.047178
14650,-0.028039
14651,-0.034633
14652,-0.027751
14653,-0.041835
14654,-0.015087
14655,0.041289
14656,0.075477
14657,0.098650
14658,0.047128
14659,-0.035692
14660,-0.061315
14661,-0.051132
14662,-0.064589
14663,-0.057611
14664,-0.040731
14665,0.022837
14666,0.042399
14667,0.037035
14668,0.050367
14669,0.051184
14670,0.068383
14671,0.018295
14672,0.000537
14673,-0.056383
14674,-0.085670
14675,-0.044676
14676,0.006503
14677,0.042983
14678,0.049650
14679,-0.008051
14680,-0.034767
14681,-0.010354
14682,0.010181
14683,0.019349
14684,0.049574
14685,0.022701
14686,0.008131
14687,-0.015148
14688,-0.049953
14689,-0.034883
14690,-0.008906
14691,-0.000088
14692,0.006891
14693,-0.022528
14694,0.009641
14695,0.035890
14696,0.001208
14697,0.005545
14698,-0.056854
14699,-0.101388
14700,-0.030152
14701,-0.035590
14702,0.044125
14703,0.109674
14704,0.057336
14705,0.094263
14706,0.051232
14707,-0.004210
14708,-0.065260
14709,-0.075909
14710,-0.076553
14711,-0.074242
14712,-0.031772
14713,0.040429
14714,0.051754
14715,0.046569
14716,-0.001012
14717,0.023001
14718,345.024658
14719,1178.867798
14720,171.667252
14721,531.495605
14722,1355.737427
14723,-6.411648
14724,10.074734
14725,14.574164
14726,8.952605
14727,18.653194
14728,19.149178
14729,14.012856
14730,4.478510
14731,-0.293182
14732,-5.484353
14733,-17.020191
14734,-20.791914
14735,-12.034954
14736,-1.265009
14737,18.951178
14738,24.795414
14739,16.966423
14740,-9.024635
14741,-27.524328
14742,-11.212832
14743,21.320669
14744,34.783371
14745,6.324578
14746,-33.389599
14747,-41.952721
14748,-26.873730
14749,9.178738
14750,31.039379
14751,30.478752
14752,13.291543
14753,-15.342623
14754,-26.202841
14755,-11.093282
14756,-10.892623
14757,-9.490281
14758,10.889969
14759,35.766800
14760,36.986462
14761,30.746628
14762,5.398060
14763,-31.449368
14764,-50.244839
14765,-22.976217
14766,1.742658
14767,27.561646
14768,32.480213
14769,17.151739
14770,-21.457348
14771,-33.385670
14772,-10.791125
14773,0.016188
14774,0.005845
14775,-0.038271
14776,-0.056811
14777,-0.004229
14778,0.041057
14779,0.041551
14780,-0.012138
14781,-0.047535
14782,-0.001231
14783,0.014259
14784,0.012517
14785,0.061044
14786,0.073454
14787,0.029691
14788,-0.022381
14789,-0.033937
14790,-0.065583
14791,-0.028613
14792,-0.032802
14793,-0.030189
14794,-0.000592
14795,-0.006232
14796,-0.028717
14797,0.016284
14798,0.026042
14799,0.039148
14800,0.038862
14801,0.032570
14802,0.064218
14803,0.042481
14804,-0.012462
14805,-0.037135
14806,-0.057194
14807,-0.042643
14808,-0.019956
14809,-0.032851
14810,0.005184
14811,0.005052
14812,0.042373
14813,0.031989
14814,-0.048566
14815,-0.053997
14816,-0.000971
14817,-0.058904
14818,-0.040550
14819,0.003691
14820,0.016518
14821,0.053413
14822,0.084295
14823,0.074890
14824,0.035811
14825,-0.003142
14826,-0.023559
14827,-0.013987
14828,-0.039268
14829,-0.070902
14830,-0.064026
14831,-0.008261
14832,0.051599
14833,0.075000
14834,0.062532
14835,0.013741
14836,-0.046796
14837,-0.093513
14838,-0.056269
14839,-0.019477
14840,0.001364
14841,-0.005932
14842,0.026344
14843,0.018831
14844,0.033077
14845,0.029197
14846,0.020118
14847,0.000099
14848,0.034571
14849,0.047721
14850,0.051892
14851,-0.000870
14852,-0.046040
14853,-0.077718
14854,-0.076091
14855,-0.061641
14856,-0.030595
14857,0.033703
14858,0.105732
14859,0.054556
14860,-0.009876
14861,0.022190
14862,-0.024561
14863,-0.038486
14864,-0.029303
14865,-0.071776
14866,-0.057670
14867,0.023886
14868,0.038172
14869,0.016941
14870,0.042395
14871,0.050446
14872,0.067330
14873,0.025200
14874,0.008030
14875,0.017864
14876,-0.039192
14877,-0.036613
14878,-0.026354
14879,-0.009725
14880,-0.012639
14881,-0.023304
14882,-0.054058
14883,-0.050176
14884,0.025305
14885,0.038206
14886,0.035797
14887,0.000530
14888,-0.000123
14889,0.019034
14890,-0.007368
14891,-0.028400
14892,-0.063098
14893,-0.070847
14894,-0.066262
14895,-0.007500
14896,0.098452
14897,0.054691
14898,0.069102
14899,0.088129
14900,0.036179
14901,-0.030687
14902,-0.059038
14903,-0.038526
14904,0.007770
14905,0.002480
14906,0.008774
14907,0.034030
14908,-0.022947
14909,-0.019067
14910,0.016261
14911,0.016627
14912,0.012109
14913,-0.025087
14914,-0.019442
14915,-0.035523
14916,-0.071223
14917,-0.021741
14918,0.011367
14919,0.056495
14920,0.086838
14921,0.035370
14922,-0.003706
14923,-0.047184
14924,-0.057372
14925,-0.020704
14926,0.021503
14927,0.026693
14928,-0.004210
14929,-0.021963
14930,-0.042378
14931,-0.036849
14932,-0.034503
14933,-0.008939
14934,0.014174
14935,0.018211
14936,0.027422
14937,0.047539
14938,0.042510
14939,0.023441
14940,0.013853
14941,-0.004859
14942,-0.023126
14943,-0.081535
14944,-0.043139
14945,0.002671
14946,0.035838
14947,0.024560
14948,0.028340
14949,0.004692
14950,0.024336
14951,-0.008177
14952,0.008968
14953,0.019842
14954,-0.013150
14955,-0.018092
14956,-0.031267
14957,-0.037773
14958,-0.034198
14959,-0.013650
14960,-0.014502
14961,0.007333
14962,0.048660
14963,0.026474
14964,0.009337
14965,-0.000516
14966,-0.014786
14967,-0.033910
14968,-0.010886
14969,0.023900
14970,-0.005835
14971,-0.029518
14972,0.011890
14973,0.010946
14974,0.035211
14975,0.037097
14976,0.052218
14977,0.016616
14978,0.005433
14979,-0.039098
14980,-0.039659
14981,0.035505
14982,0.077038
14983,0.085625
14984,0.026318
14985,-0.025536
14986,-0.063702
14987,-0.058792
14988,-0.045601
14989,-0.009688
14990,0.005065
14991,0.035536
14992,0.041651
14993,0.019382
14994,-0.046559
14995,-0.090891
14996,-0.138580
14997,-0.029063
14998,0.035017
14999,0.025406
15000,0.048131
15001,0.033079
15002,0.006928
15003,0.070557
15004,0.069360
15005,0.012730
15006,-0.028313
15007,-0.015053
15008,-0.059690
15009,-0.036801
15010,-0.055666
15011,-0.052208
15012,0.046735
15013,0.040079
15014,0.032935
15015,-0.001057
15016,-0.044040
15017,-0.025831
15018,0.006644
15019,-0.010187
15020,0.050321
15021,0.071821
15022,0.083529
15023,0.040944
15024,-0.018494
15025,-0.081472
15026,-0.113750
15027,-0.078274
15028,-0.032535
15029,0.015149
15030,0.028677
15031,-0.001417
15032,0.022525
15033,0.026972
15034,0.045458
15035,0.041308
15036,0.016385
15037,0.029884
15038,0.012464
15039,-0.013059
15040,-0.033615
15041,-0.018215
15042,0.009068
15043,-0.018895
15044,-0.068667
15045,-0.068421
15046,-0.018499
15047,0.012409
15048,0.051354
15049,0.103618
15050,0.090896
15051,0.014774
15052,-0.029821
15053,-0.061035
15054,-0.081373
15055,-0.073353
15056,-0.039603
15057,-0.014500
15058,-0.022292
15059,-0.018108
15060,0.037898
15061,0.111499
15062,0.149108
15063,0.067466
15064,0.025285
15065,0.026818
15066,0.006455
15067,-0.055497
15068,-0.044671
15069,-0.022863
15070,-0.070457
15071,-0.094019
15072,353.308960
15073,1151.556274
15074,160.765091
15075,569.882080
15076,1386.377319
15077,-10.328001
15078,14.198646
15079,42.425537
15080,41.682087
15081,14.921934
15082,-25.081366
15083,-27.862446
15084,-2.786846
15085,10.924387
15086,11.229995
15087,6.597220
15088,-13.896771
15089,-28.205549
15090,-21.826668
15091,-14.359866
15092,28.060873
15093,55.280842
15094,43.463005
15095,-13.686038
15096,-51.764408
15097,-42.997356
15098,-19.939713
15099,-0.236852
15100,28.608124
15101,35.557629
15102,33.939949
15103,23.041260
15104,-4.282114
15105,-40.114346
15106,-33.731098
15107,-19.008574
15108,-6.400934
15109,1.107911
15110,-2.897557
15111,9.162998
15112,26.002981
15113,31.211155
15114,22.080984
15115,2.239139
15116,-3.648260
15117,-24.803205
15118,-28.560091
15119,-10.608275
15120,-6.775298
15121,10.303391
15122,-5.650135
15123,-31.098564
15124,-19.312244
15125,29.956926
15126,14.970076
15127,-0.041707
15128,-0.073730
15129,0.003043
15130,0.053440
15131,0.054262
15132,0.048836
15133,0.017153
15134,0.006589
15135,0.011977
15136,-0.003005
15137,-0.003237
15138,-0.010201
15139,-0.037932
15140,-0.029824
15141,-0.005407
15142,-0.020432
15143,0.016639
15144,0.052061
15145,0.069758
15146,0.069615
15147,-0.040860
15148,-0.081984
15149,-0.041368
15150,-0.026479
15151,-0.008936
15152,0.005798
15153,0.010424
15154,0.046260
15155,0.064797
15156,0.035020
15157,0.047444
15158,0.041507
15159,0.003607
15160,-0.036839
15161,-0.009960
15162,-0.038648
15163,-0.091493
15164,-0.094080
15165,-0.079894
15166,-0.010078
15167,0.010398
15168,0.015629
15169,0.015913
15170,0.038290
15171,0.078047
15172,0.039257
15173,-0.020631
15174,-0.012608
15175,0.006613
15176,0.035563
15177,0.101903
15178,0.056114
15179,0.020980
15180,-0.072437
15181,-0.078981
15182,-0.045978
15183,-0.056746
15184,-0.047535
15185,-0.017627
15186,-0.021287
15187,-0.021202
15188,-0.014007
15189,-0.004802
15190,-0.012517
15191,0.019063
15192,0.079306
15193,0.106735
15194,0.051518
15195,-0.012927
15196,-0.036618
15197,-0.053400
15198,-0.018121
15199,-0.046760
15200,-0.035798
15201,0.024201
15202,0.055827
15203,0.055253
15204,0.038790
15205,0.027671
15206,0.024007
15207,-0.004678
15208,0.015243
15209,-0.003432
15210,-0.062757
15211,-0.063993
15212,-0.065459
15213,0.004702
15214,-0.009438
15215,-0.044393
15216,-0.021614
15217,0.010236
15218,-0.007995
15219,0.044186
15220,0.009527
15221,0.022096
15222,0.027984
15223,0.033992
15224,0.042270
15225,0.017868
15226,-0.011639
15227,-0.035241
15228,-0.034141
15229,-0.027310
15230,0.027753
15231,0.012516
15232,-0.038797
15233,-0.002159
15234,0.080063
15235,0.064559
15236,0.012476
15237,-0.008601
15238,-0.028100
15239,-0.112845
15240,-0.128546
15241,-0.126216
15242,-0.050358
15243,0.023936
15244,0.090236
15245,0.112326
15246,0.123502
15247,0.076076
15248,-0.006011
15249,-0.024848
15250,-0.014201
15251,0.023079
15252,0.051164
15253,0.046422
15254,-0.001511
15255,-0.082015
15256,-0.061385
15257,-0.052467
15258,-0.033381
15259,-0.023999
15260,0.033539
15261,0.072405
15262,0.030744
15263,-0.013302
15264,-0.028203
15265,-0.027874
15266,-0.013628
15267,0.005802
15268,-0.012174
15269,-0.016250
15270,-0.020147
15271,0.022264
15272,0.016050
15273,0.030134
15274,0.044800
15275,-0.002829
15276,0.009114
15277,-0.016176
15278,-0.007144
15279,0.024490
15280,0.024679
15281,-0.043713
15282,-0.038083
15283,-0.043416
15284,-0.042780
15285,-0.023342
15286,-0.022967
15287,0.047078
15288,0.099346
15289,0.048141
15290,-0.007781
15291,-0.045489
15292,-0.083954
15293,-0.082413
15294,-0.017109
15295,0.047966
15296,0.049208
15297,0.058827
15298,0.065861
15299,0.015487
15300,0.010377
15301,-0.015555
15302,-0.065590
15303,-0.087321
15304,-0.054380
15305,0.000237
15306,0.009342
15307,0.051488
15308,0.105390
15309,0.048807
15310,0.007290
15311,-0.025188
15312,-0.033500
15313,-0.035506
15314,-0.033137
15315,-0.036383
15316,-0.012117
15317,0.001257
15318,0.025110
15319,0.009163
15320,0.045510
15321,0.053135
15322,0.038464
15323,0.028600
15324,-0.015652
15325,-0.043289
15326,-0.096341
15327,-0.117003
15328,-0.081280
15329,0.000313
15330,0.006836
15331,0.027813
15332,0.063360
15333,0.007490
15334,-0.045787
15335,0.011111
15336,0.070542
15337,0.089686
15338,0.076130
15339,-0.005634
15340,-0.086926
15341,-0.107984
15342,-0.044846
15343,0.070004
15344,0.075475
15345,0.050959
15346,0.033243
15347,-0.017349
15348,-0.073411
15349,-0.053041
15350,-0.063598
15351,-0.013425
15352,0.026841
15353,0.006435
15354,0.012905
15355,0.014136
15356,0.002640
15357,-0.005753
15358,-0.005661
15359,-0.009149
15360,-0.057504
15361,-0.022384
15362,0.030169
15363,0.021842
15364,0.033669
15365,0.008381
15366,0.023566
15367,0.053455
15368,-0.011090
15369,-0.068957
15370,-0.024435
15371,-0.013776
15372,-0.000977
15373,0.022285
15374,0.021433
15375,0.023752
15376,360.445374
15377,1128.102417
15378,151.402786
15379,602.846741
15380,1413.025879
15381,8.033535
15382,20.804590
15383,23.753916
15384,5.393427
15385,10.487744
15386,21.755760
15387,13.154283
15388,-8.975856
15389,-38.396416
15390,-59.797760
15391,-57.248489
15392,-24.074148
15393,10.726888
15394,48.169491
15395,51.051643
15396,37.478630
15397,19.691019
15398,11.265114
15399,0.539210
15400,-7.896820
15401,-29.123434
15402,-32.821644
15403,-35.533199
15404,-34.140728
15405,-28.148575
15406,7.981562
15407,31.875381
15408,59.562401
15409,70.792068
15410,53.692963
15411,6.963339
15412,-35.527828
15413,-51.483231
15414,-51.652786
15415,-45.961803
15416,-14.790050
15417,17.764215
15418,28.004585
15419,32.525360
15420,20.636829
15421,15.462833
15422,31.108854
15423,13.281602
15424,-41.950264
15425,-59.065205
15426,-70.848999
15427,-40.597466
15428,-3.886721
15429,20.117992
15430,8.888262
15431,-0.041592
15432,0.016353
15433,0.047580
15434,0.039699
15435,0.026685
15436,-0.026644
15437,0.029681
15438,0.013620
15439,-0.030904
15440,-0.046428
15441,-0.065206
15442,-0.056055
15443,-0.017561
15444,-0.016916
15445,0.005083
15446,0.023467
15447,0.012675
15448,-0.001145
15449,-0.004154
15450,0.094506
15451,0.072505
15452,0.016961
15453,0.023057
15454,-0.023192
15455,-0.057953
15456,-0.105040
15457,-0.051091
15458,0.003522
15459,0.020001
15460,0.069037
15461,0.041448
15462,0.022760
15463,0.004718
15464,-0.029956
15465,-0.088150
15466,-0.050291
15467,-0.023891
15468,-0.015472
15469,-0.022433
15470,-0.002796
15471,0.038948
15472,0.073359
15473,0.036111
15474,0.017444
15475,0.065082
15476,0.072934
15477,0.023322
15478,-0.001182
15479,-0.005242
15480,-0.007780
15481,-0.002068
15482,-0.016112
15483,-0.008494
15484,-0.007124
15485,0.015228
15486,-0.016845
15487,0.002928
15488,-0.045113
15489,-0.027805
15490,0.036012
15491,0.023544
15492,0.022092
15493,0.014538
15494,-0.000210
15495,0.031008
15496,-0.020692
15497,-0.089510
15498,-0.055905
15499,0.020392
15500,0.013508
15501,0.045658
15502,0.050946
15503,0.004804
15504,-0.034098
15505,-0.083873
15506,-0.099596
15507,-0.047593
15508,0.009998
15509,0.004346
15510,0.063054
15511,0.088668
15512,0.103513
15513,0.108395
15514,0.020969
15515,-0.000226
15516,-0.032263
15517,-0.050664
15518,-0.064898
15519,-0.117318
15520,-0.057909
15521,0.008016
15522,-0.012780
15523,0.019524
15524,0.068777
15525,0.080259
15526,0.050170
15527,0.003874
15528,0.043553
15529,0.055550
15530,-0.024065
15531,-0.074854
15532,-0.123791
15533,-0.134451
15534,-0.058015
15535,0.030547
15536,0.112132
15537,0.128921
15538,0.060357
15539,0.002154
15540,-0.057645
15541,-0.065895
15542,-0.066657
15543,-0.060450
15544,0.025611
15545,0.041936
15546,0.059400
15547,0.020492
15548,-0.006329
15549,0.027677
15550,0.034873
15551,-0.069601
15552,-0.063118
15553,-0.011807
15554,0.025299
15555,0.026127
15556,0.035001
15557,-0.007138
15558,-0.006752
15559,0.006602
15560,-0.047819
15561,-0.004630
15562,0.006489
15563,0.055889
15564,0.072477
15565,0.004973
15566,0.007458
15567,0.032023
15568,-0.037700
15569,-0.019873
15570,-0.031040
15571,-0.042198
15572,-0.053954
15573,-0.025801
15574,-0.005262
15575,-0.015557
15576,-0.034009
15577,-0.043929
15578,-0.002372
15579,0.077728
15580,0.046534
15581,0.011401
15582,0.005940
15583,0.029657
15584,0.032427
15585,0.014968
15586,0.001673
15587,0.008113
15588,0.003344
15589,0.034053
15590,0.012472
15591,-0.036699
15592,-0.034980
15593,-0.040306
15594,0.007442
15595,0.022249
15596,-0.019858
15597,-0.014473
15598,0.007492
15599,-0.021326
15600,-0.012308
15601,-0.003088
15602,-0.029578
15603,-0.012076
15604,-0.039356
15605,-0.036594
15606,-0.008446
15607,0.043002
15608,0.075850
15609,0.067143
15610,0.046477
15611,0.024972
15612,-0.017877
15613,-0.036511
15614,-0.038024
15615,0.023231
15616,0.019849
15617,-0.010909
15618,-0.076616
15619,-0.100390
15620,-0.042813
15621,0.060226
15622,0.045514
15623,0.066441
15624,0.029048
15625,0.020647
15626,-0.032765
15627,-0.060312
15628,-0.028757
15629,-0.031191
15630,366.393829
15631,1108.506104
15632,143.580322
15633,630.389587
15634,1435.341064
15635,10.480191
15636,27.260551
15637,9.579185
15638,-19.548347
15639,-33.753498
15640,-28.361229
15641,-4.951040
15642,7.838669
15643,8.946032
15644,24.288965
15645,27.492867
15646,28.698523
15647,25.510704
15648,-3.836056
15649,-26.123827
15650,-33.705635
15651,-16.655844
15652,8.379293
15653,14.860065
15654,-15.223773
15655,-23.201504
15656,-13.041953
15657,2.917636
15658,-7.671557
15659,-13.321549
15660,-2.236292
15661,23.206736
15662,48.201191
15663,52.277706
15664,9.423787
15665,-20.949104
15666,-25.994938
15667,-23.376610
15668,-6.815325
15669,-9.793529
15670,1.102523
15671,-3.438009
15672,5.564552
15673,6.221836
15674,-15.116304
15675,-16.569544
15676,23.653740
15677,23.813990
15678,-0.840737
15679,0.995692
15680,16.496656
15681,-1.631820
15682,-24.588984
15683,-23.728788
15684,-2.056845
15685,0.048247
15686,0.058231
15687,0.051536
15688,0.070724
15689,0.012260
15690,-0.050996
15691,-0.065267
15692,-0.045258
15693,-0.071769
15694,-0.071085
15695,-0.046839
15696,-0.025230
15697,0.005343
15698,0.061764
15699,0.048709
15700,0.061710
15701,0.076354
15702,0.031088
15703,0.033348
15704,0.005558
15705,0.022386
15706,0.034106
15707,-0.023921
15708,-0.038660
15709,-0.024735
15710,-0.066478
15711,-0.058156
15712,-0.063607
15713,-0.054283
15714,-0.025843
15715,-0.007791
15716,-0.009578
15717,0.056586
15718,0.085174
15719,0.059647
15720,0.023899
15721,-0.002681
15722,0.032214
15723,0.017108
15724,-0.009860
15725,0.005620
15726,0.016947
15727,-0.020232
15728,-0.033043
15729,-0.058883
15730,-0.028339
15731,0.028523
15732,0.020874
15733,0.019425
15734,368.847839
15735,1100.482300
15736,140.377441
15737,641.666992
15738,1448.793457
15739,15.820134
15740,8.346992
15741,-19.118641
15742,-26.223145
15743,-11.188500
15744,-17.078810
15745,12.884576
15746,45.812927
15747,56.632923
15748,37.098949
15749,0.731589
15750,-26.077667
15751,-26.535149
15752,-21.602198
15753,-18.699623
15754,-18.754948
15755,1.202636
15756,19.237356
15757,18.456221
15758,-3.404126
15759,-46.167576
15760,-53.254459
15761,-17.698505
15762,4.871716
15763,44.061054
15764,60.407780
15765,39.591824
15766,28.250439
15767,7.116508
15768,-9.463366
15769,-7.824765
15770,-10.492732
15771,-26.102455
15772,-36.716927
15773,-26.260056
15774,10.895984
15775,20.026924
15776,-8.326390
15777,-21.964512
15778,-12.454697
15779,3.753241
15780,24.967756
15781,19.218250
15782,3.530765
15783,-6.565276
15784,-8.857899
15785,-0.667622
15786,19.397314
15787,25.346367
15788,2.983746
15789,0.037496
15790,-0.000848
15791,-0.040377
15792,-0.054115
15793,0.001378
15794,0.046506
15795,0.022365
15796,-0.001684
15797,-0.049006
15798,-0.086440
15799,-0.107089
15800,-0.068661
15801,-0.002555
15802,0.035465
15803,0.063882
15804,0.080529
15805,0.064595
15806,-0.008244
15807,0.016681
15808,0.039723
15809,-0.021825
15810,-0.030111
15811,0.027573
15812,-0.033550
15813,-0.066705
15814,-0.041141
15815,-0.033613
15816,-0.005244
15817,0.027526
15818,0.024237
15819,0.016266
15820,-0.005316
15821,-0.013838
15822,-0.007451
15823,-0.002196
15824,0.001454
15825,0.021038
15826,0.060434
15827,0.010707
15828,-0.007101
15829,0.014698
15830,0.111231
15831,0.132301
15832,0.047523
15833,-0.000273
15834,-0.121671
15835,-0.171437
15836,-0.109432
15837,-0.068802
15838,0.026771
15839,0.041614
15840,-0.025266
15841,-0.024646
15842,0.003916
15843,0.008164
15844,0.031145
15845,0.063542
15846,0.095012
15847,0.038777
15848,-0.028930
15849,-0.022554
15850,-0.078899
15851,-0.050435
15852,0.023059
15853,0.024453
15854,-0.013099
15855,0.015622
15856,-0.000146
15857,-0.056893
15858,-0.024546
15859,0.006082
15860,0.028743
15861,0.041420
15862,0.015404
15863,-0.001771
15864,0.003770
15865,-0.021836
15866,0.018634
15867,-0.008060
15868,-0.044149
15869,-0.028694
15870,-0.019183
15871,0.006431
15872,0.050200
15873,0.046328
15874,0.023738
15875,0.054628
15876,0.014400
15877,-0.052642
15878,-0.084409
15879,-0.042638
15880,-0.000674
15881,0.041863
15882,0.056283
15883,0.021561
15884,0.005926
15885,-0.004317
15886,-0.028756
15887,-0.002941
15888,0.012350
15889,-0.007067
15890,-0.051526
15891,-0.086443
15892,-0.062122
15893,-0.001460
15894,-0.001328
15895,0.015213
15896,0.042433
15897,0.066780
15898,0.064549
15899,0.039030
15900,0.022504
15901,-0.025127
15902,-0.038772
15903,-0.009325
15904,-0.003077
15905,-0.020476
15906,-0.034334
15907,-0.030974
15908,-0.008067
15909,-0.040159
15910,-0.036864
15911,0.049968
15912,0.073979
15913,0.063627
15914,0.045787
15915,0.015262
15916,0.028122
15917,0.042379
15918,-0.017194
15919,-0.024016
15920,-0.060161
15921,-0.095081
15922,-0.082874
15923,-0.055995
15924,-0.058103
15925,-0.017463
15926,0.108642
15927,0.121802
15928,0.071411
15929,0.039732
15930,0.010755
15931,0.048886
15932,-0.002274
15933,-0.043832
15934,-0.078595
15935,-0.062383
15936,-0.030747
15937,-0.037299
15938,-0.008725
15939,0.017031
15940,0.027151
15941,-0.036121
15942,-0.005143
15943,0.063576
15944,0.004203
15945,-0.062947
15946,-0.059939
15947,-0.044120
15948,0.062791
15949,0.078699
15950,0.058930
15951,0.072171
15952,0.061595
15953,0.037870
15954,-0.008532
15955,-0.061805
15956,-0.034613
15957,-0.028579
15958,-0.063223
15959,-0.079712
15960,-0.069881
15961,-0.015824
15962,0.015051
15963,0.058579
15964,0.049192
15965,0.057183
15966,0.015482
15967,0.007333
15968,-0.038477
15969,-0.023224
15970,0.009933
15971,0.090551
15972,0.081865
15973,0.030565
15974,-0.013321
15975,-0.077535
15976,-0.106879
15977,-0.076962
15978,-0.030424
15979,-0.000068
15980,-0.002026
15981,0.034743
15982,0.046251
15983,0.003034
15984,0.046298
15985,0.040120
15986,0.027955
15987,0.042186
15988,-0.008997
15989,-0.015434
15990,-0.058226
15991,-0.038327
15992,-0.058169
15993,-0.083564
15994,-0.064081
15995,-0.004714
15996,0.101676
15997,0.161145
15998,0.057343
15999,0.000030
16000,0.006497
16001,-0.033052
16002,-0.036716
16003,-0.004172
16004,0.013533
16005,0.034124
16006,0.032007
16007,0.009377
16008,-0.052822
16009,-0.097276
16010,-0.062871
16011,0.013387
16012,0.017821
16013,0.019030
16014,-0.058013
16015,-0.028794
16016,0.041126
16017,0.015194
16018,0.046670
16019,0.064619
16020,0.026022
16021,-0.024794
16022,-0.041434
16023,-0.076495
16024,-0.023793
16025,0.056957
16026,0.059484
16027,0.071787
16028,0.046773
16029,-0.023651
16030,-0.057277
16031,-0.042159
16032,0.018171
16033,0.040801
16034,0.004802
16035,-0.038454
16036,-0.059215
16037,-0.024073
16038,-0.002024
16039,-0.001546
16040,0.018027
16041,0.010605
16042,-0.051292
16043,-0.060859
16044,-0.034590
16045,0.030487
16046,0.045684
16047,0.031999
16048,0.027348
16049,0.029782
16050,0.064623
16051,0.014393
16052,-0.029638
16053,-0.002729
16054,-0.011051
16055,-0.004391
16056,0.009306
16057,0.006847
16058,0.005197
16059,-0.003629
16060,-0.071367
16061,-0.021149
16062,0.055908
16063,0.062594
16064,0.042804
16065,-0.024887
16066,-0.070173
16067,-0.071261
16068,-0.120725
16069,-0.052311
16070,0.003176
16071,0.036071
16072,0.024118
16073,0.004093
16074,0.006952
16075,0.027384
16076,0.090004
16077,0.098565
16078,0.041238
16079,0.048771
16080,-0.002341
16081,-0.098219
16082,-0.063860
16083,-0.017368
16084,0.005923
16085,-0.074452
16086,-0.087781
16087,-0.020304
16088,377.143829
16089,1073.170654
16090,129.475281
16091,680.053467
16092,1479.703247
16093,19.084192
16094,18.654537
16095,13.067380
16096,19.119680
16097,4.533618
16098,-11.202506
16099,-8.491709
16100,-25.420073
16101,-13.358223
16102,7.345733
16103,11.630773
16104,10.186597
16105,-0.442057
16106,-9.799065
16107,-7.854963
16108,-0.553694
16109,0.911133
16110,3.647351
16111,0.677871
16112,5.300773
16113,4.805222
16114,-4.773035
16115,10.063203
16116,16.145422
16117,2.940477
16118,2.960658
16119,4.665543
16120,-15.284668
16121,-27.657572
16122,-25.411627
16123,-7.884443
16124,15.535711
16125,20.499128
16126,11.353908
16127,1.767156
16128,-9.775614
16129,-1.237700
16130,21.015694
16131,17.364323
16132,1.763389
16133,-2.618756
16134,-11.120640
16135,-17.323288
16136,-19.194294
16137,-10.760172
16138,-2.700595
16139,14.391170
16140,18.388163
16141,10.688384
16142,1.053157
16143,-0.031166
16144,-0.026003
16145,-0.003839
16146,0.075137
16147,0.055758
16148,0.009585
16149,0.014762
16150,-0.009030
16151,-0.010686
16152,0.008871
16153,-0.015336
16154,-0.069979
16155,-0.077094
16156,-0.005279
16157,0.071668
16158,0.082025
16159,0.061716
16160,0.054827
16161,0.055172
16162,-0.035518
16163,-0.096972
16164,-0.093898
16165,-0.052022
16166,0.020844
16167,0.048051
16168,0.027362
16169,0.031610
16170,-0.017203
16171,-0.008592
16172,-0.028630
16173,-0.000176
16174,-0.010258
16175,-0.006145
16176,-0.009712
16177,0.004387
16178,0.007059
16179,-0.025136
16180,-0.021685
16181,-0.022720
16182,-0.016169
16183,0.053798
16184,0.086725
16185,0.082614
16186,0.012426
16187,0.009841
16188,0.007139
16189,-0.043390
16190,-0.043895
16191,-0.078174
16192,379.562317
16193,1065.147217
16194,126.272377
16195,691.330811
16196,1488.837036
16197,13.141868
16198,1.802368
16199,-27.554382
16200,-34.054775
16201,-17.010303
16202,4.935933
16203,21.763863
16204,36.765362
16205,28.145229
16206,-6.544139
16207,-33.153980
16208,-19.271931
16209,-5.279690
16210,-2.878347
16211,1.795104
16212,-12.352541
16213,-18.167139
16214,-20.962603
16215,-0.278022
16216,46.354000
16217,77.160065
16218,64.545624
16219,17.106007
16220,-31.239429
16221,-67.052261
16222,-75.923729
16223,-40.701408
16224,-7.355771
16225,14.054372
16226,20.597935
16227,14.426867
16228,26.279112
16229,33.267918
16230,20.720694
16231,-0.089751
16232,-6.119251
16233,2.401660
16234,-7.983134
16235,-11.519803
16236,-26.993584
16237,-22.313269
16238,-11.329704
16239,7.442591
16240,21.339336
16241,32.398319
16242,11.334645
16243,-19.471867
16244,-25.349215
16245,-14.526970
16246,-0.801569
16247,0.028029
16248,0.033212
16249,-0.028480
16250,-0.040028
16251,-0.050551
16252,-0.005641
16253,-0.013801
16254,0.036385
16255,0.071548
16256,0.087040
16257,0.006041
16258,-0.058121
16259,-0.068800
16260,-0.031166
16261,-0.024920
16262,0.001096
16263,0.080892
16264,0.059548
16265,0.002794
16266,-0.008035
16267,0.011534
16268,0.018993
16269,0.012556
16270,-0.018633
16271,-0.037228
16272,-0.046168
16273,-0.006266
16274,0.030317
16275,-0.002046
16276,0.005550
16277,0.021412
16278,0.000112
16279,-0.068411
16280,-0.084874
16281,-0.079643
16282,0.016825
16283,0.061794
16284,0.043422
16285,0.084826
16286,0.078409
16287,0.023388
16288,-0.010541
16289,-0.068562
16290,-0.045153
16291,-0.030118
16292,0.049786
16293,0.070788
16294,-0.002215
16295,-0.041437
16296,-0.033025
16297,-0.012234
16298,0.023677
16299,0.020038
16300,-0.013480
16301,-0.033330
16302,0.000308
16303,0.017964
16304,0.001212
16305,0.063009
16306,0.005600
16307,-0.063862
16308,-0.088678
16309,-0.069200
16310,-0.045612
16311,0.026177
16312,0.044217
16313,0.060326
16314,0.046831
16315,-0.027073
16316,-0.027339
16317,0.042148
16318,0.060442
16319,0.089706
16320,0.036937
16321,0.006286
16322,-0.042557
16323,-0.080473
16324,-0.087351
16325,-0.021559
16326,0.005298
16327,-0.048768
16328,-0.041975
16329,0.025988
16330,0.015546
16331,0.016047
16332,0.035033
16333,-0.029887
16334,-0.022112
16335,0.007279
16336,0.059594
16337,0.021120
16338,-0.018733
16339,0.016536
16340,-0.011481
16341,-0.002101
16342,-0.003823
16343,-0.003764
16344,0.007717
16345,0.007964
16346,383.181122
16347,1053.265869
16348,121.529633
16349,708.030029
16350,1502.557495
16351,-7.321473
16352,-12.338349
16353,-10.286691
16354,-30.257370
16355,-31.300823
16356,-32.654110
16357,-10.914839
16358,10.597380
16359,25.513126
16360,26.265230
16361,26.689617
16362,16.354750
16363,17.003153
16364,-5.105727
16365,-22.447630
16366,-13.357877
16367,-10.074195
16368,-6.006020
16369,-1.560180
16370,1.049232
16371,5.464723
16372,-2.192253
16373,1.823514
16374,6.314629
16375,2.872756
16376,-4.530369
16377,-1.509142
16378,5.424091
16379,-7.202837
16380,-3.089767
16381,-9.876094
16382,-4.421380
16383,6.613426
16384,20.759289
16385,12.872076
16386,6.650397
16387,-7.480750
16388,-30.468950
16389,-33.738899
16390,-8.790104
16391,29.837156
16392,34.598804
16393,16.323116
16394,0.168124
16395,-8.868163
16396,-1.839990
16397,3.238394
16398,-10.304377
16399,-27.020500
16400,-4.904602
16401,-0.032794
16402,-0.001947
16403,0.029410
16404,0.003064
16405,0.015178
16406,-0.001048
16407,-0.056781
16408,-0.003303
16409,0.034464
16410,0.044008
16411,0.028656
16412,0.039172
16413,0.035533
16414,0.010603
16415,-0.009543
16416,-0.019540
16417,-0.032985
16418,-0.022996
16419,0.004662
16420,-0.000797
16421,-0.006945
16422,0.014996
16423,-0.013516
16424,-0.039730
16425,-0.051834
16426,-0.047950
16427,-0.045492
16428,-0.026705
16429,0.023641
16430,0.035732
16431,0.046418
16432,0.042511
16433,0.029183
16434,0.025665
16435,-0.002942
16436,0.003967
16437,0.004332
16438,-0.031362
16439,-0.016543
16440,-0.016518
16441,-0.001960
16442,0.016702
16443,0.011723
16444,0.007345
16445,0.000599
16446,0.002537
16447,0.036273
16448,-0.005033
16449,-0.057652
16450,-0.030366
16451,0.026928
16452,0.005176
16453,-0.015257
16454,-0.006229
16455,0.027188
16456,0.011346
16457,-0.003377
16458,-0.024758
16459,-0.085192
16460,-0.066499
16461,-0.014919
16462,0.008505
16463,0.025825
16464,0.025195
16465,0.005313
16466,0.015092
16467,0.032834
16468,0.024281
16469,-0.039926
16470,-0.035693
16471,0.011904
16472,0.067654
16473,0.074322
16474,0.050138
16475,0.029292
16476,-0.021116
16477,-0.040511
16478,-0.004622
16479,-0.024371
16480,-0.037587
16481,-0.040103
16482,-0.034342
16483,-0.054419
16484,-0.023461
16485,0.041055
16486,0.067092
16487,0.049447
16488,0.021385
16489,-0.022411
16490,-0.014431
16491,0.025071
16492,0.064901
16493,0.004586
16494,-0.027148
16495,-0.054118
16496,-0.056305
16497,-0.043641
16498,0.036372
16499,0.053421
16500,0.018671
16501,-0.013358
16502,-0.021145
16503,0.007842
16504,0.015399
16505,-0.021257
16506,-0.032721
16507,-0.021546
16508,0.007210
16509,0.044411
16510,0.058485
16511,0.042874
16512,-0.001653
16513,-0.000394
16514,0.005821
16515,-0.050238
16516,-0.053465
16517,-0.041944
16518,0.003765
16519,0.056740
16520,0.086738
16521,0.052984
16522,0.029375
16523,-0.009295
16524,-0.063894
16525,-0.031926
16526,-0.031732
16527,0.000184
16528,-0.040107
16529,-0.037461
16530,0.027978
16531,0.052676
16532,0.050516
16533,0.082999
16534,0.029165
16535,-0.038119
16536,-0.098243
16537,-0.099666
16538,-0.065324
16539,0.007807
16540,0.063194
16541,0.045450
16542,0.063273
16543,0.016338
16544,0.042361
16545,0.037768
16546,-0.004294
16547,-0.003642
16548,-0.032699
16549,-0.032648
16550,-0.071813
16551,-0.103825
16552,-0.068205
16553,-0.028201
16554,-0.027949
16555,0.048709
16556,0.068869
16557,0.060347
16558,0.058765
16559,0.022395
16560,-0.019930
16561,-0.008779
16562,0.036359
16563,0.042730
16564,0.065216
16565,0.025522
16566,-0.072452
16567,-0.104735
16568,-0.068334
16569,-0.036126
16570,0.010711
16571,0.003653
16572,0.002163
16573,0.050222
16574,0.083703
16575,0.067549
16576,0.034681
16577,0.003026
16578,-0.042990
16579,-0.052531
16580,-0.068082
16581,-0.015370
16582,-0.025783
16583,-0.027304
16584,-0.049166
16585,-0.077439
16586,-0.015764
16587,0.041221
16588,0.101752
16589,0.124791
16590,0.099719
16591,0.070689
16592,0.035363
16593,-0.031414
16594,-0.102595
16595,-0.107250
16596,-0.066941
16597,-0.024949
16598,0.046254
16599,0.059954
16600,0.029555
16601,0.011270
16602,-0.032450
16603,-0.053166
16604,-0.013359
16605,0.001586
16606,0.035118
16607,0.014068
16608,0.028053
16609,0.031771
16610,-0.019306
16611,0.010864
16612,-0.015656
16613,-0.012735
16614,-0.017385
16615,-0.099985
16616,-0.072414
16617,-0.038658
16618,-0.008173
16619,0.089728
16620,0.119389
16621,0.056987
16622,0.013427
16623,-0.018350
16624,-0.047270
16625,-0.043122
16626,-0.017023
16627,0.027600
16628,0.002382
16629,-0.035667
16630,-0.046331
16631,-0.068570
16632,-0.035596
16633,0.025487
16634,0.065631
16635,0.087917
16636,0.007025
16637,-0.050548
16638,-0.013662
16639,0.004853
16640,0.046409
16641,0.001524
16642,-0.019049
16643,0.046870
16644,0.042569
16645,0.040809
16646,0.075441
16647,0.008481
16648,-0.035520
16649,-0.038925
16650,390.299316
16651,1029.812012
16652,112.167320
16653,740.994690
16654,1545.662231
16655,47.149918
16656,33.611538
16657,2.860070
16658,-55.115532
16659,-74.897102
16660,-65.386314
16661,-27.545048
16662,-1.896926
16663,28.150938
16664,31.624254
16665,24.897560
16666,9.104456
16667,2.593834
16668,-0.584768
16669,4.119510
16670,-16.647127
16671,-13.503545
16672,-0.391602
16673,6.357382
16674,15.961553
16675,35.220203
16676,11.452697
16677,-5.953594
16678,-20.107971
16679,-27.767904
16680,-12.951885
16681,5.192078
16682,13.184016
16683,10.347969
16684,-2.675500
16685,-5.016032
16686,-25.554327
16687,-16.166149
16688,2.495193
16689,-4.372376
16690,1.370557
16691,6.900527
16692,24.682575
16693,28.604078
16694,5.911666
16695,-4.374826
16696,3.030659
16697,5.959059
16698,5.877739
16699,-10.981396
16700,-25.813602
16701,-17.788677
16702,7.199818
16703,17.026217
16704,4.006084
16705,-0.039091
16706,-0.009397
16707,-0.015472
16708,0.017711
16709,0.000479
16710,0.038533
16711,0.002076
16712,-0.064949
16713,-0.069412
16714,-0.055979
16715,-0.006193
16716,0.061251
16717,0.085132
16718,0.068445
16719,0.027802
16720,0.046359
16721,-0.015673
16722,-0.033466
16723,-0.004475
16724,-0.021424
16725,-0.009998
16726,-0.037030
16727,-0.074974
16728,-0.037219
16729,0.008523
16730,-0.023756
16731,0.018957
16732,0.035465
16733,0.047664
16734,0.069415
16735,0.020474
16736,-0.021726
16737,-0.029410
16738,-0.053440
16739,-0.054201
16740,-0.010455
16741,0.024800
16742,0.004423
16743,0.026521
16744,0.044288
16745,0.043185
16746,0.019280
16747,-0.031164
16748,-0.052018
16749,-0.016481
16750,0.020967
16751,0.048215
16752,0.002012
16753,-0.011379
16754,0.012428
16755,-0.037593
16756,-0.061441
16757,-0.010419
16758,-0.006115
16759,-0.071684
16760,-0.032503
16761,0.037258
16762,0.065332
16763,0.046024
16764,0.008393
16765,-0.020936
16766,-0.009663
16767,0.026590
16768,0.070451
16769,0.031920
16770,0.028033
16771,0.021915
16772,0.067209
16773,-0.025297
16774,-0.078034
16775,-0.033994
16776,-0.079834
16777,-0.042571
16778,0.017833
16779,-0.016528
16780,-0.001669
16781,-0.001656
16782,0.015916
16783,0.028886
16784,-0.047485
16785,-0.026168
16786,-0.049580
16787,-0.055745
16788,-0.024066
16789,-0.024427
16790,0.041444
16791,0.114412
16792,0.092747
16793,-0.004005
16794,-0.007953
16795,0.022566
16796,0.017919
16797,0.011446
16798,0.029539
16799,-0.002146
16800,-0.025451
16801,-0.045343
16802,-0.066723
16803,-0.052241
16804,-0.035218
16805,-0.034428
16806,0.032717
16807,0.034991
16808,-0.004407
16809,0.041990
16810,0.045420
16811,0.021030
16812,0.008665
16813,0.000144
16814,-0.034969
16815,-0.037891
16816,-0.045943
16817,-0.063913
16818,-0.020881
16819,0.076600
16820,0.052970
16821,-0.018006
16822,-0.022519
16823,-0.025430
16824,-0.046307
16825,0.011803
16826,0.002114
16827,0.024394
16828,0.036621
16829,-0.001192
16830,0.005031
16831,0.022916
16832,0.008749
16833,0.018110
16834,-0.032444
16835,-0.095047
16836,-0.091603
16837,-0.051693
16838,0.009170
16839,0.078325
16840,0.057473
16841,0.010768
16842,0.043919
16843,0.042774
16844,0.048752
16845,0.071124
16846,0.001058
16847,-0.055244
16848,-0.045439
16849,-0.016983
16850,-0.028387
16851,-0.019278
16852,-0.019010
16853,0.001376
16854,0.019606
16855,0.032935
16856,0.056432
16857,0.113726
16858,0.074401
16859,-0.024831
16860,-0.052539
16861,-0.097815
16862,-0.110304
16863,-0.065218
16864,0.022688
16865,0.042039
16866,0.016809
16867,-0.038553
16868,-0.024807
16869,-0.056110
16870,-0.043396
16871,-0.004732
16872,0.038395
16873,0.063909
16874,0.022278
16875,-0.012974
16876,-0.009498
16877,0.002023
16878,0.012238
16879,0.034268
16880,-0.001567
16881,-0.006294
16882,0.036172
16883,0.004044
16884,-0.019502
16885,0.039217
16886,-0.012541
16887,-0.019044
16888,-0.032332
16889,-0.020384
16890,0.020254
16891,0.018197
16892,0.031015
16893,0.028775
16894,0.021350
16895,0.017624
16896,0.004712
16897,-0.014398
16898,-0.058590
16899,-0.082158
16900,-0.007402
16901,0.038716
16902,0.054917
16903,0.030448
16904,-0.021557
16905,-0.013386
16906,-0.037765
16907,-0.076707
16908,-0.000210
16909,-0.005733
16910,-0.019713
16911,0.019444
16912,0.005945
16913,-0.027311
16914,-0.009520
16915,0.044678
16916,0.062037
16917,0.046610
16918,0.014519
16919,-0.012122
16920,-0.018270
16921,-0.018134
16922,-0.000504
16923,0.008826
16924,-0.019878
16925,-0.100103
16926,-0.079110
16927,-0.043338
16928,-0.017945
16929,0.061149
16930,0.079935
16931,0.039304
16932,0.042685
16933,0.042749
16934,0.045523
16935,-0.001377
16936,-0.031915
16937,-0.026890
16938,-0.017063
16939,-0.047222
16940,-0.029323
16941,-0.029888
16942,-0.036691
16943,0.022760
16944,0.071132
16945,0.045457
16946,-0.012019
16947,0.003376
16948,0.019483
16949,0.040698
16950,0.061211
16951,-0.001910
16952,-0.026220
16953,-0.058434
16954,-0.082617
16955,-0.065592
16956,-0.007075
16957,-0.022610
16958,-0.013281
16959,-0.005947
16960,-0.017450
16961,-0.027337
16962,0.047077
16963,0.097283
16964,0.079415
16965,0.044574
16966,0.012808
16967,-0.014347
16968,-0.048153
16969,-0.052976
16970,-0.069539
16971,-0.022350
16972,0.015660
16973,-0.009201
16974,-0.031673
16975,0.021089
16976,0.049690
16977,0.050699
16978,0.070153
16979,0.036873
16980,0.052654
16981,0.034534
16982,-0.010122
16983,-0.024537
16984,-0.081080
16985,-0.163223
16986,-0.154996
16987,-0.075979
16988,0.021796
16989,0.107826
16990,0.164622
16991,0.096194
16992,0.040125
16993,-0.030824
16994,-0.015605
16995,-0.041018
16996,-0.061037
16997,-0.023336
16998,-0.034882
16999,-0.005350
17000,0.010848
17001,0.032633
17002,-0.023949
17003,0.005251
17004,0.029935
17005,0.008063
17006,0.007611
17007,-0.006271
17008,-0.001136
17009,-0.011567
17010,-0.011626
17011,-0.005671
17012,-0.004036
17013,-0.033855
17014,-0.005302
17015,0.010362
17016,0.006071
17017,-0.001736
17018,0.038362
17019,0.038317
17020,-0.016023
17021,-0.005653
17022,-0.024913
17023,0.005613
17024,0.004997
17025,0.009052
17026,0.000947
17027,-0.051945
17028,-0.029281
17029,-0.003284
17030,0.022069
17031,0.048594
17032,0.004443
17033,-0.011363
17034,0.027660
17035,-0.015027
17036,-0.034736
17037,-0.011739
17038,-0.009129
17039,-0.053138
17040,-0.042659
17041,-0.003589
17042,0.061656
17043,0.084718
17044,0.046817
17045,0.044521
17046,0.018538
17047,0.025610
17048,0.043976
17049,0.025818
17050,-0.031192
17051,-0.071919
17052,-0.091415
17053,-0.061357
17054,-0.043574
17055,-0.041669
17056,-0.026376
17057,0.031643
17058,0.011886
17059,0.035920
17060,0.028355
17061,0.046562
17062,0.006105
17063,-0.044456
17064,-0.028011
17065,-0.042807
17066,-0.024879
17067,0.039281
17068,0.069773
17069,0.022862
17070,-0.010505
17071,-0.006719
17072,-0.038467
17073,-0.017899
17074,0.014866
17075,0.010335
17076,-0.000108
17077,0.015016
17078,0.037825
17079,0.051769
17080,0.018088
17081,-0.017602
17082,-0.001832
17083,-0.019384
17084,-0.030914
17085,-0.029516
17086,0.007415
17087,-0.040393
17088,-0.076415
17089,-0.022117
17090,-0.006361
17091,0.017855
17092,0.091863
17093,0.080055
17094,0.038197
17095,0.004768
17096,0.053144
17097,0.020121
17098,-0.023545
17099,-0.047041
17100,-0.056866
17101,-0.064066
17102,-0.048746
17103,-0.030303
17104,0.018963
17105,0.011321
17106,-0.002973
17107,-0.014879
17108,0.023451
17109,0.035769
17110,0.021836
17111,-0.067248
17112,-0.035120
17113,-0.004656
17114,-0.037852
17115,-0.007379
17116,0.005746
17117,-0.004830
17118,0.031401
17119,0.035565
17120,0.028343
17121,0.065414
17122,0.032283
17123,0.028271
17124,0.030568
17125,-0.022071
17126,-0.015377
17127,-0.015278
17128,-0.016691
17129,0.004338
17130,0.028181
17131,0.005722
17132,0.019289
17133,-0.014278
17134,-0.012648
17135,-0.004018
17136,-0.030436
17137,-0.004428
17138,-0.035629
17139,-0.036917
17140,0.014177
17141,-0.011432
17142,0.017966
17143,0.019840
17144,0.039595
17145,0.004599
17146,0.016520
17147,0.006090
17148,0.044070
17149,0.026298
17150,-0.040153
17151,-0.046381
17152,-0.048710
17153,-0.097410
17154,402.113525
17155,990.927856
17156,96.645599
17157,795.646667
17158,1594.007202
17159,-11.149889
17160,-4.775269
17161,-1.603471
17162,-6.801554
17163,13.441166
17164,40.097210
17165,49.338634
17166,32.160458
17167,22.817623
17168,-7.536975
17169,-48.598022
17170,-55.519970
17171,-49.685814
17172,-30.673319
17173,-1.997885
17174,5.025829
17175,-9.266810
17176,2.397457
17177,22.706795
17178,54.498951
17179,60.148960
17180,33.008091
17181,-4.410668
17182,-17.271650
17183,-23.639591
17184,-31.618614
17185,-41.570000
17186,-22.601723
17187,8.500859
17188,18.673969
17189,23.211821
17190,11.739867
17191,-12.693712
17192,-31.276747
17193,-34.926064
17194,-14.757826
17195,-5.323453
17196,7.519711
17197,33.814827
17198,68.161743
17199,69.259972
17200,32.830513
17201,7.838414
17202,-30.892235
17203,-46.459389
17204,-35.488426
17205,-17.371181
17206,-30.382305
17207,-25.994511
17208,-2.800934
17209,0.004436
17210,0.040899
17211,0.066200
17212,0.067512
17213,0.052139
17214,0.021519
17215,-0.084941
17216,-0.090994
17217,-0.024185
17218,0.006314
17219,0.027939
17220,0.056036
17221,0.045184
17222,0.038817
17223,0.034115
17224,0.037791
17225,-0.048660
17226,-0.066640
17227,-0.038376
17228,-0.045512
17229,-0.015518
17230,0.024598
17231,0.046783
17232,0.050662
17233,0.009214
17234,0.018712
17235,0.020759
17236,-0.015752
17237,-0.019573
17238,-0.008140
17239,0.010071
17240,-0.010687
17241,-0.039673
17242,-0.086387
17243,-0.064872
17244,0.017156
17245,0.036851
17246,0.074141
17247,0.055025
17248,0.003256
17249,0.040579
17250,0.017567
17251,-0.043433
17252,-0.003007
17253,0.007303
17254,-0.003384
17255,-0.009487
17256,-0.014312
17257,-0.003721
17258,0.033691
17259,-0.000501
17260,-0.053710
17261,-0.017653
17262,0.005478
17263,-0.037093
17264,-0.008538
17265,-0.026221
17266,-0.013947
17267,0.033266
17268,0.047627
17269,0.051125
17270,0.021000
17271,-0.014142
17272,-0.033568
17273,-0.020699
17274,0.023017
17275,0.048847
17276,0.019002
17277,0.018342
17278,0.007854
17279,-0.026014
17280,-0.028622
17281,-0.039753
17282,-0.036555
17283,-0.009189
17284,-0.026837
17285,-0.005494
17286,0.007728
17287,0.025531
17288,0.019169
17289,-0.009286
17290,-0.008904
17291,-0.002480
17292,0.001770
17293,-0.021212
17294,-0.033613
17295,0.019250
17296,0.045766
17297,0.041711
17298,0.023165
17299,0.007383
17300,0.022860
17301,0.016467
17302,-0.009185
17303,-0.046922
17304,-0.049552
17305,-0.003430
17306,0.034542
17307,0.064086
17308,0.027211
17309,-0.021256
17310,0.009807
17311,-0.029930
17312,-0.086706
17313,-0.094974
17314,-0.059746
17315,0.010053
17316,0.014643
17317,0.044355
17318,0.057697
17319,0.016228
17320,-0.005896
17321,0.030694
17322,0.049359
17323,-0.002401
17324,0.011141
17325,-0.033599
17326,-0.056169
17327,-0.066548
17328,-0.050132
17329,0.017893
17330,0.108953
17331,0.082662
17332,0.063380
17333,0.013421
17334,-0.028193
17335,-0.041117
17336,-0.078581
17337,-0.048172
17338,0.019099
17339,0.000211
17340,0.030131
17341,0.030018
17342,-0.031197
17343,0.005742
17344,0.004618
17345,0.005103
17346,0.000459
17347,0.009464
17348,0.025055
17349,-0.001242
17350,-0.007674
17351,-0.019687
17352,-0.026888
17353,-0.018990
17354,0.011159
17355,0.016645
17356,-0.019661
17357,-0.044367
17358,-0.013389
17359,0.046618
17360,0.038089
17361,0.027238
17362,0.008865
17363,-0.001267
17364,-0.057410
17365,-0.017478
17366,0.033543
17367,-0.035935
17368,-0.055574
17369,-0.034036
17370,0.023672
17371,0.032549
17372,0.079161
17373,0.060122
17374,0.060177
17375,0.052541
17376,0.018976
17377,-0.055294
17378,-0.102109
17379,-0.049158
17380,-0.021280
17381,-0.040935
17382,-0.025004
17383,-0.016726
17384,0.001469
17385,0.018261
17386,0.012346
17387,0.002432
17388,0.052303
17389,0.083888
17390,0.022780
17391,0.026978
17392,0.023569
17393,-0.021019
17394,-0.018892
17395,-0.014235
17396,-0.038983
17397,-0.065965
17398,-0.069076
17399,-0.036148
17400,-0.006858
17401,0.011231
17402,0.036448
17403,0.024010
17404,-0.002316
17405,-0.008644
17406,0.001231
17407,0.007473
17408,0.041040
17409,0.061658
17410,0.022553
17411,-0.027897
17412,-0.075404
17413,-0.063824
17414,0.005492
17415,0.047078
17416,0.033303
17417,0.063720
17418,-0.027772
17419,-0.051937
17420,0.044984
17421,-0.013570
17422,0.001484
17423,0.016514
17424,-0.013603
17425,-0.015848
17426,-0.011585
17427,-0.040388
17428,0.048250
17429,0.049582
17430,0.011375
17431,-0.002863
17432,-0.011981
17433,-0.040776
17434,-0.058742
17435,-0.007000
17436,0.004340
17437,0.011054
17438,0.001718
17439,-0.022296
17440,-0.055805
17441,-0.064595
17442,-0.044575
17443,-0.038611
17444,-0.002545
17445,0.106878
17446,0.123623
17447,0.102298
17448,0.085398
17449,-0.000418
17450,-0.080223
17451,-0.071216
17452,-0.049007
17453,0.001148
17454,0.015909
17455,0.014827
17456,-0.035835
17457,-0.005733
17458,0.007966
17459,0.063128
17460,0.055025
17461,0.026235
17462,-0.009401
17463,-0.053359
17464,-0.024715
17465,-0.022860
17466,-0.063622
17467,-0.049197
17468,-0.056402
17469,-0.039472
17470,0.037769
17471,0.036520
17472,0.032164
17473,0.038491
17474,0.025781
17475,0.017961
17476,0.055094
17477,0.016374
17478,0.015001
17479,0.006130
17480,-0.042751
17481,-0.036468
17482,-0.075123
17483,-0.029526
17484,-0.034327
17485,-0.034248
17486,-0.006177
17487,-0.024988
17488,-0.000270
17489,0.092870
17490,0.043049
17491,-0.029723
17492,-0.006855
17493,-0.038553
17494,-0.006340
17495,0.015717
17496,0.063810
17497,0.079165
17498,-0.025478
17499,-0.021458
17500,-0.000447
17501,-0.005065
17502,0.030251
17503,0.014528
17504,0.009913
17505,0.015235
17506,-0.003089
17507,-0.016956
17508,-0.058199
17509,-0.030734
17510,-0.033604
17511,-0.038551
17512,0.007015
17513,0.014223
17514,0.018118
17515,0.023466
17516,0.012180
17517,0.021358
17518,0.062044
17519,0.098166
17520,0.066472
17521,0.024659
17522,-0.009274
17523,-0.034972
17524,-0.032026
17525,-0.042659
17526,-0.055535
17527,-0.089269
17528,-0.076652
17529,-0.013306
17530,0.025457
17531,0.054104
17532,0.072178
17533,0.103306
17534,0.054036
17535,0.010919
17536,-0.054334
17537,-0.067719
17538,-0.029935
17539,-0.064802
17540,-0.074914
17541,-0.064818
17542,-0.031158
17543,0.048444
17544,0.068990
17545,0.054061
17546,0.035788
17547,-0.008244
17548,-0.043231
17549,-0.046711
17550,-0.017499
17551,0.007113
17552,0.020437
17553,0.052268
17554,0.018323
17555,-0.007755
17556,-0.010811
17557,0.009897
17558,0.044151
17559,0.039329
17560,0.006033
17561,-0.001468
17562,0.015795
17563,0.051258
17564,0.042758
17565,-0.025321
17566,-0.060164
17567,-0.046822
17568,-0.037450
17569,-0.001126
17570,0.053803
17571,0.020395
17572,-0.066346
17573,-0.071323
17574,-0.057428
17575,-0.017520
17576,0.003884
17577,0.021282
17578,0.010105
17579,0.032943
17580,0.025303
17581,0.073748
17582,0.101485
17583,0.064961
17584,-0.007766
17585,-0.121901
17586,-0.163579
17587,-0.078235
17588,-0.034657
17589,-0.000420
17590,0.000330
17591,0.005151
17592,0.069575
17593,0.059617
17594,0.048434
17595,0.037784
17596,-0.013148
17597,-0.001758
17598,0.015460
17599,0.013274
17600,-0.026155
17601,-0.018566
17602,-0.009226
17603,-0.028022
17604,-0.066225
17605,-0.013743
17606,0.038858
17607,0.007019
17608,412.772369
17609,955.901306
17610,82.663734
17611,844.876770
17612,1634.813843
17613,-50.779560
17614,-49.396778
17615,-30.382450
17616,-0.591768
17617,2.863055
17618,-0.030946
17619,7.048283
17620,25.546209
17621,19.766945
17622,-1.226444
17623,-30.739218
17624,-17.279547
17625,12.701909
17626,33.848560
17627,23.156265
17628,8.558497
17629,-9.291764
17630,-17.029791
17631,-5.820608
17632,2.695241
17633,1.418604
17634,-3.700991
17635,-4.059267
17636,-1.230433
17637,-3.277253
17638,-2.251339
17639,5.471573
17640,21.028450
17641,27.190893
17642,22.705137
17643,-8.562914
17644,-31.073999
17645,-43.009617
17646,-36.491390
17647,-14.226800
17648,-12.817583
17649,-3.041972
17650,14.469651
17651,23.259558
17652,39.521702
17653,40.137451
17654,26.853518
17655,-0.076984
17656,-15.651352
17657,-19.680040
17658,0.984779
17659,-0.110681
17660,-14.955153
17661,-27.639597
17662,-3.122036
17663,0.020018
17664,0.056777
17665,0.001601
17666,-0.049278
17667,-0.040491
17668,-0.028173
17669,-0.029112
17670,-0.026912
17671,0.004630
17672,0.021463
17673,0.033902
17674,0.023897
17675,0.007645
17676,-0.024010
17677,-0.037965
17678,0.021274
17679,0.017982
17680,-0.014586
17681,0.008271
17682,0.017640
17683,-0.002637
17684,0.007241
17685,0.007268
17686,-0.003076
17687,0.030737
17688,0.040714
17689,0.031293
17690,-0.011049
17691,-0.047591
17692,-0.071560
17693,-0.054033
17694,-0.030019
17695,0.032465
17696,0.065932
17697,0.071682
17698,0.029162
17699,-0.022539
17700,-0.023687
17701,-0.017450
17702,-0.009698
17703,-0.034734
17704,-0.012825
17705,-0.027858
17706,-0.032593
17707,-0.028241
17708,0.016087
17709,0.077151
17710,0.083039
17711,0.026092
17712,-0.029613
17713,-0.048348
17714,-0.051235
17715,-0.005262
17716,-0.009215
17717,-0.034781
17718,0.023216
17719,0.040897
17720,0.039536
17721,-0.048284
17722,-0.079776
17723,-0.052525
17724,0.010028
17725,0.022677
17726,0.019886
17727,0.042597
17728,0.027783
17729,-0.005127
17730,0.000233
17731,0.006755
17732,0.018791
17733,0.014750
17734,-0.026388
17735,-0.054974
17736,-0.032625
17737,-0.036644
17738,-0.037088
17739,0.032599
17740,0.060036
17741,0.110749
17742,0.084508
17743,0.040984
17744,0.014379
17745,-0.028805
17746,-0.087560
17747,-0.116444
17748,-0.105390
17749,-0.027188
17750,0.011824
17751,0.033778
17752,0.062528
17753,0.036263
17754,-0.022415
17755,-0.030076
17756,-0.032783
17757,-0.014876
17758,-0.025232
17759,0.026233
17760,0.063503
17761,0.056855
17762,-156.047958
17763,944.055725
17764,83.206512
17765,0.000000
17766,0.032563
17767,2259.474609
17768,1015.633362
17769,1963.841064
17770,2272.399658
17771,1319.234863
17772,2020.640503
17773,743.710571
17774,2168.150391
17775,1832.407715
17776,1856.331909
17777,1082.818604
17778,693.555420
17779,2021.225464
17780,962.596619
17781,984.249390
17782,1991.796631
17783,1466.671875
17784,1024.037231
17785,1239.365112
17786,835.415833
17787,1511.858032
17788,2069.896240
17789,1517.836670
17790,719.768677
17791,1029.648193
17792,821.978577
17793,0.002299
17794,-0.039589
17795,-0.026656
17796,-0.011992
17797,0.027606
17798,0.042040
17799,0.014481
17800,-0.015319
17801,-0.072124
17802,-0.110337
17803,-0.057324
17804,-0.039982
17805,-0.015293
17806,0.024519
17807,0.006576
17808,0.023442
17809,0.090128
17810,0.094036
17811,0.073589
17812,0.047157
17813,0.007795
17814,-0.019772
17815,-0.055066
17816,-0.047908
17817,-0.040333
17818,-0.067201
17819,-0.025726
17820,-0.011027
17821,-0.044758
17822,0.032167
17823,0.070993
17824,0.098354
17825,0.076113
17826,0.079184
17827,0.046049
17828,-0.023586
17829,-0.083842
17830,-0.103536
17831,-0.077619
17832,-0.078807
17833,0.002201
17834,0.012746
17835,-0.025926
17836,-0.005326
17837,0.029552
17838,0.045461
17839,0.065677
17840,0.065813
17841,-0.019399
17842,-0.035681
17843,-0.026483
17844,-0.033068
17845,-0.019480
17846,0.022856
17847,-0.000633
17848,-0.007624
17849,0.000175
17850,0.004448
17851,0.006855
17852,-0.019464
17853,-0.010512
17854,0.037113
17855,0.037178
17856,0.051249
17857,0.017689
17858,-0.011985
17859,-0.024714
17860,-0.041052
17861,-0.022295
17862,-0.009666
17863,-0.046458
17864,-0.017410
17865,0.028494
17866,0.036903
17867,0.009664
17868,-0.002880
17869,-0.051300
17870,-0.020159
17871,0.017209
17872,0.033398
17873,0.026975
17874,0.023498
17875,-0.042741
17876,-0.053510
17877,0.012868
17878,0.010869
17879,0.035636
17880,-0.002504
17881,-0.063861
17882,-0.088285
17883,-0.026121
17884,0.026547
17885,0.058346
17886,0.041144
17887,0.027960
17888,0.051604
17889,-0.013553
17890,-0.020347
17891,-0.006374
17892,-0.025536
17893,-0.018776
17894,-0.016015
17895,-0.013606
17896,0.042541
17897,0.026640
17898,0.004093
17899,-0.011315
17900,-0.004421
17901,0.017970
17902,0.012483
17903,0.009960
17904,0.013519
17905,-0.030010
17906,-0.023277
17907,-0.001615
17908,-0.006377
17909,-0.036216
17910,-0.065369
17911,-0.056575
17912,-0.032443
17913,0.005096
17914,0.060812
17915,0.100714
17916,0.047541
17917,-0.012071
17918,-0.009268
17919,0.003204
17920,-0.010198
17921,0.000826
17922,0.011371
17923,-0.005251
17924,-0.018134
17925,-0.038298
17926,-0.033798
17927,-0.018660
17928,0.063824
17929,0.094917
17930,0.027213
17931,0.017712
17932,-0.022178
17933,-0.034487
17934,-0.071048
17935,-0.095666
17936,-0.027697
17937,-0.006558
17938,-0.062650
17939,0.002522
17940,0.065210
17941,0.075510
17942,0.096394
17943,0.107791
17944,0.076166
17945,-0.012555
17946,-0.109831
17947,-0.113707
17948,-0.082201
17949,-0.004133
17950,0.033579
17951,0.047734
17952,0.024328
17953,-0.025681
17954,0.001964
17955,0.017939
17956,0.024821
17957,-0.003429
17958,-0.019505
17959,-0.012864
17960,-0.000577
17961,0.027797
17962,-0.028306
17963,-0.036074
17964,-0.050177
17965,-0.051210
17966,-0.030469
17967,-0.028254
17968,0.026983
17969,0.053835
17970,0.061021
17971,0.100086
17972,0.047483
17973,0.023624
17974,0.000215
17975,-0.027217
17976,-0.105870
17977,-0.102903
17978,-0.042007
17979,-0.059891
17980,-0.039925
17981,-0.012157
17982,0.042676
17983,0.081824
17984,0.104606
17985,0.052405
17986,0.038985
17987,0.006876
17988,-0.065282
17989,-0.046024
17990,-0.026825
17991,0.014955
17992,0.024587
17993,0.018423
17994,-0.026249
17995,-0.028554
17996,-0.015852
17997,-0.008047
17998,0.040858
17999,0.048698
18000,-0.009865
18001,-0.020741
18002,-0.001490
18003,0.011264
18004,0.029746
18005,0.060024
18006,0.045441
18007,-0.018128
18008,-0.076902
18009,-0.082191
18010,-0.052802
18011,-0.050602
18012,-0.043154
18013,-0.003795
18014,0.048527
18015,0.044342
18016,0.032512
18017,0.014842
18018,0.019310
18019,-0.000919
18020,-0.015219
18021,0.035830
18022,-0.008198
18023,-0.046076
18024,-0.024784
18025,-0.021353
18026,-0.007599
18027,0.076772
18028,0.066631
18029,0.059587
18030,0.013287
18031,-0.059267
18032,-0.041592
18033,-0.041167
18034,-0.045460
18035,-0.014715
18036,0.007280
18037,0.010517
18038,0.038089
18039,0.021910
18040,0.006848
18041,-0.013669
18042,-0.009647
18043,-0.003683
18044,-0.005183
18045,-0.008543
18046,-0.020228
18047,-0.020813
18048,-0.040967
18049,-0.009173
18050,0.011792
18051,0.062793
18052,0.088278
18053,-0.004700
18054,-0.014724
18055,-0.019338
18056,0.001827
18057,-0.012423
18058,-0.008610
18059,0.019047
18060,0.016449
18061,-0.007074
18062,-0.031725
18063,-0.067238
18064,-0.031417
18065,-0.026333
18066,-0.028407
18067,0.000456
18068,0.056178
18069,0.093276
18070,0.039040
18071,0.022326
18072,0.017056
18073,-0.029688
18074,0.014238
18075,0.045300
18076,-0.002699
18077,-0.022885
18078,-0.037253
18079,-0.009227
18080,-0.003083
18081,0.018983
18082,0.015277
18083,0.052914
18084,0.030606
18085,-0.064830
18086,-0.091563
18087,-0.031849
18088,-0.035088
18089,-0.028001
18090,0.009776
18091,0.049540
18092,0.058103
18093,0.016051
18094,0.021287
18095,-0.006500
18096,-0.038090
18097,-0.007797
18098,0.006231
18099,-0.027749
18100,-0.053959
18101,-0.060868
18102,-0.033724
18103,0.044907
18104,0.072790
18105,0.013608
18106,-0.003597
18107,0.017978
18108,-0.010801
18109,0.011141
18110,0.018534
18111,-0.020476
18112,-0.046463
18113,-0.055837
18114,0.031981
18115,0.066351
18116,0.069917
18117,0.045752
18118,0.010055
18119,-0.048062
18120,-0.053702
18121,-0.032560
18122,0.031037
18123,0.067306
18124,0.082972
18125,0.063245
18126,0.010187
18127,-0.085894
18128,-0.092065
18129,-0.054456
18130,-0.057321
18131,-0.007526
18132,0.005035
18133,-0.007153
18134,0.003700
18135,0.033788
18136,0.023809
18137,0.024604
18138,0.005115
18139,0.030873
18140,-0.032376
18141,-0.056044
18142,-0.045050
18143,-0.015121
18144,-0.019835
18145,-0.004061
18146,-0.010762
18147,0.013643
18148,-0.014157
18149,-0.016556
18150,0.040210
18151,0.061965
18152,0.066114
18153,0.051749
18154,-0.004719
18155,0.001166
18156,0.014427
18157,-0.063357
18158,-0.056028
18159,-0.030413
18160,0.009046
18161,0.009295
18162,0.001837
18163,-0.021141
18164,-0.014065
18165,0.015169
18166,-0.006810
18167,0.004923
18168,0.035162
18169,0.074212
18170,0.047264
18171,0.027656
18172,-0.060671
18173,-0.065270
18174,-0.055806
18175,-0.056666
18176,-0.024468
18177,0.020577
18178,0.009511
18179,0.004539
18180,0.009699
18181,0.019019
18182,0.045977
18183,0.035369
18184,-0.010705
18185,-0.022731
18186,-0.037444
18187,-0.089909
18188,-0.067073
18189,-0.033854
18190,0.014744
18191,0.042494
18192,0.091863
18193,0.092244
18194,0.063199
18195,-0.009786
18196,-0.029929
18197,0.026300
18198,-0.012748
18199,-0.021249
18200,-0.019299
18201,0.003529
18202,0.015454
18203,0.031627
18204,0.036214
18205,-0.008956
18206,-0.030807
18207,-0.020554
18208,0.042577
18209,0.019865
18210,-0.016757
18211,-0.024124
18212,-0.024906
18213,-0.024342
18214,-0.024204
18215,-0.025790
18216,-0.031906
18217,-0.005851
18218,0.000903
18219,0.028504
18220,-0.015792
18221,-0.033849
18222,-0.012252
18223,0.015948
18224,0.040995
18225,0.005934
18226,-0.029481
18227,-0.038219
18228,-0.044345
18229,-0.003585
18230,0.057960
18231,0.047192
18232,0.027006
18233,0.011974
18234,-0.043020
18235,-0.050716
18236,-0.025620
18237,-0.025645
18238,0.026169
18239,0.052402
18240,0.075746
18241,0.093399
18242,0.045669
18243,0.015056
18244,-0.014383
18245,-0.017202
18246,-0.019937
18247,-0.072942
18248,-0.082750
18249,-0.056185
18250,-0.072152
18251,-0.078409
18252,-0.003437
18253,0.036619
18254,0.086489
18255,0.072343
18256,0.061214
18257,-0.001193
18258,-0.021006
18259,0.031968
18260,-0.036929
18261,-0.061186
18262,-0.039286
18263,-0.017951
18264,0.007193
18265,0.104517
18266,0.091159
18267,0.008916
18268,-0.039737
18269,-0.072039
18270,-0.053597
18271,-0.013985
18272,0.004184
18273,0.029495
18274,-0.019293
18275,-0.037942
18276,-0.046682
18277,-0.025792
18278,-0.011396
18279,-0.014186
18280,0.053536
18281,0.069556
18282,0.073220
18283,0.040817
18284,0.015779
18285,-0.020653
18286,-0.045785
18287,-0.011153
18288,-0.011776
18289,-0.003300
18290,-0.018702
18291,-0.040632
18292,-0.044533
18293,0.010257
18294,0.042629
18295,0.100122
18296,0.121499
18297,0.036223
18298,-0.068445
18299,-0.091222
18300,-0.099604
18301,-0.057316
18302,0.003422
18303,0.004159
18304,-0.039662
18305,-0.023619
18306,0.033497
18307,0.012127
18308,0.039292
18309,0.085564
18310,0.040522
18311,0.034110
18312,0.053087
18313,0.017249
18314,-0.060336
18315,-0.143199
18316,-0.127650
18317,-0.049986
18318,0.013894
18319,0.045509
18320,0.080955
18321,0.080294
18322,0.072939
18323,0.032388
18324,0.062549
18325,0.036588
18326,-0.012190
18327,-0.028015
18328,-0.056371
18329,-0.106396
18330,-0.046197
18331,-0.036307
18332,-0.077361
18333,-0.045200
18334,0.032983
18335,0.058811
18336,0.050637
18337,0.025926
18338,0.035391
18339,-0.019377
18340,-0.022671
18341,-0.013666
18342,-0.020588
18343,0.010734
18344,0.051439
18345,0.050355
18346,0.034763
18347,0.030702
18348,-0.012553
18349,0.001693
18350,-0.016404
18351,-0.015448
18352,-0.005407
18353,-0.034132
18354,-0.048457
18355,0.006915
18356,-0.028039
18357,-0.044913
18358,-0.020917
18359,-0.009855
18360,0.031537
18361,0.030213
18362,0.041200
18363,0.020531
18364,-0.047644
18365,-0.039515
18366,-0.000456
18367,-0.002050
18368,0.005037
18369,0.058244
18370,0.073369
18371,0.053160
18372,0.006972
18373,-0.055649
18374,-0.058335
18375,-0.039039
18376,0.009559
18377,0.024720
18378,0.016367
18379,-0.030233
18380,-0.045034
18381,-0.040608
18382,-0.038460
18383,-0.008000
18384,0.030996
18385,0.087060
18386,0.070079
18387,0.042521
18388,0.024096
18389,0.041116
18390,-0.023060
18391,-0.069988
18392,-0.080772
18393,-0.076019
18394,-0.040818
18395,-0.017148
18396,0.010037
18397,0.024148
18398,0.017502
18399,-0.034618
18400,-0.014984
18401,-0.028300
18402,0.041742
18403,0.093827
18404,0.029547
18405,0.045135
18406,0.056255
18407,0.011629
18408,-0.018511
18409,-0.036817
18410,-0.053399
18411,0.027680
18412,0.010142
18413,0.012723
18414,-0.038352
18415,-0.068314
18416,0.001843
18417,0.034604
18418,0.002998
18419,-0.006979
18420,0.012101
18421,0.008266
18422,-0.038384
18423,-0.013927
18424,-0.004676
18425,0.012944
18426,0.027140
18427,0.001709
18428,0.003998
18429,-0.033768
18430,-0.070847
18431,-0.041144
18432,-0.003418
18433,0.015239
18434,0.029491
18435,0.008815
18436,0.012200
18437,0.018454
18438,0.056737
18439,0.091280
18440,0.063267
18441,-0.016124
18442,-0.046611
18443,-0.031174
18444,-0.055949
18445,-0.052742
18446,-0.041790
18447,-0.018997
18448,0.037145
18449,0.011291
18450,0.026564
18451,-0.007581
18452,0.006062
18453,0.021894
18454,0.014783
18455,-0.012549
18456,0.010564
18457,-0.027003
18458,-0.014514
18459,-0.025276
18460,0.031819
18461,0.039499
18462,0.020174
18463,0.007141
18464,0.002773
18465,-0.006074
18466,0.024669
18467,-0.054800
18468,-0.084065
18469,-0.051050
18470,-0.002514
18471,0.066552
18472,0.048194
18473,0.007400
18474,0.001250
18475,0.025958
18476,-0.005913
18477,0.011781
18478,0.037422
18479,0.035661
18480,-0.018779
18481,-0.051159
18482,-0.070681
18483,-0.035972
18484,0.000605
18485,0.022370
18486,0.000619
18487,0.002448
18488,-0.005370
18489,-0.025214
18490,-0.022807
18491,-0.025369
18492,0.012328
18493,665.863037
18494,577.956848
18495,8.321187
18496,174.946762
18497,23.759319
18498,-13.060640
18499,-25.823914
18500,-12.796554
18501,-9.508340
18502,5.331988
18503,6.990227
18504,3.261842
18505,-12.783435
18506,-21.999998
18507,-32.654030
18508,1.893501
18509,24.147404
18510,34.490547
18511,40.581993
18512,20.550024
18513,-18.751688
18514,-45.990379
18515,-29.697126
18516,-2.812640
18517,-0.186703
18518,2.466831
18519,18.704697
18520,14.931042
18521,23.005659
18522,-9.248700
18523,-21.948328
18524,-21.468296
18525,-9.202775
18526,-2.484724
18527,21.825693
18528,28.059542
18529,23.183260
18530,6.213786
18531,-33.524906
18532,-47.525211
18533,-47.167206
18534,-35.395718
18535,18.263039
18536,67.215004
18537,89.984619
18538,46.267109
18539,-14.847988
18540,-54.608040
18541,-42.675663
18542,-21.112675
18543,-7.076384
18544,2.148591
18545,-0.821543
18546,-19.397408
18547,0.008306
18548,0.013445
18549,0.008311
18550,0.001322
18551,0.007224
18552,0.042074
18553,0.018192
18554,0.018905
18555,-0.025486
18556,-0.021679
18557,-0.042003
18558,-0.073668
18559,-0.007762
18560,0.033631
18561,0.030278
18562,0.028653
18563,0.045253
18564,0.086655
18565,0.072043
18566,0.024933
18567,-0.012857
18568,-0.007365
18569,-0.031078
18570,-0.064287
18571,-0.032783
18572,-0.073336
18573,-0.050491
18574,-0.030228
18575,-0.001527
18576,0.001869
18577,-0.030355
18578,-0.029507
18579,0.011669
18580,0.022634
18581,0.044443
18582,-0.017168
18583,-0.020501
18584,0.052324
18585,0.050617
18586,0.038171
18587,0.038864
18588,-0.022629
18589,-0.019005
18590,0.024706
18591,-0.026889
18592,-0.018539
18593,-0.010147
18594,-0.050611
18595,-0.019046
18596,0.016590
18597,0.049823
18598,0.071975
18599,0.048334
18600,0.005629
18601,-0.031122
18602,-0.110439
18603,-0.072453
18604,-0.003174
18605,0.007120
18606,-0.011796
18607,0.007269
18608,0.025542
18609,0.028499
18610,-0.035924
18611,-0.018229
18612,0.023110
18613,0.012266
18614,0.022154
18615,0.018046
18616,0.011818
18617,0.027212
18618,0.009363
18619,-0.017681
18620,-0.023554
18621,-0.006973
18622,-0.018878
18623,-0.044135
18624,-0.008105
18625,-0.021155
18626,0.027017
18627,0.042576
18628,0.022638
18629,0.005783
18630,-0.068517
18631,-0.068806
18632,-0.019050
18633,0.027622
18634,0.008366
18635,0.011752
18636,0.009808
18637,0.030156
18638,0.012310
18639,-0.021820
18640,-0.037884
18641,0.013440
18642,0.019362
18643,0.059966
18644,0.078122
18645,0.055984
18646,0.002523
18647,-0.033305
18648,-0.055944
18649,-0.023624
18650,-0.026142
18651,0.023636
18652,0.021671
18653,-0.028510
18654,-0.050300
18655,-0.051192
18656,-0.079783
18657,-0.045019
18658,0.022601
18659,0.041619
18660,0.059506
18661,0.034845
18662,-0.032062
18663,-0.002795
18664,0.026424
18665,0.025431
18666,0.026445
18667,-0.028212
18668,0.011566
18669,-0.003180
18670,-0.006276
18671,0.032818
18672,0.053664
18673,-0.006696
18674,0.022438
18675,-0.010119
18676,0.011597
18677,0.019367
18678,-0.044542
18679,-0.031489
18680,-0.043812
18681,-0.078318
18682,-0.044939
18683,-0.083658
18684,-0.063118
18685,-0.018638
18686,0.029698
18687,0.094522
18688,0.097957
18689,0.095694
18690,0.042842
18691,-0.014433
18692,-0.003179
18693,-0.040993
18694,-0.094648
18695,-0.042838
18696,-0.034040
18697,0.021058
18698,0.054778
18699,0.018778
18700,0.042547
18701,0.018416
18702,0.033685
18703,0.024297
18704,-0.047503
18705,-0.022646
18706,-0.061292
18707,-0.033974
18708,0.008027
18709,-0.007071
18710,-0.003681
18711,0.041017
18712,0.036021
18713,-0.024365
18714,-0.054172
18715,-0.048762
18716,0.015491
18717,0.044810
18718,0.105750
18719,0.104948
18720,0.008274
18721,-0.013037
18722,-0.024545
18723,-0.070029
18724,-0.061773
18725,-0.073345
18726,-0.098285
18727,-0.032294
18728,0.040785
18729,0.084464
18730,0.005870
18731,-0.030848
18732,0.007491
18733,0.034252
18734,0.012384
18735,-0.012784
18736,-0.005920
18737,-0.008203
18738,0.049963
18739,0.043484
18740,0.003846
18741,-0.005550
18742,-0.022180
18743,-0.004957
18744,-0.004748
18745,0.008626
18746,-0.040340
18747,-0.075903
18748,-0.035745
18749,0.006072
18750,0.006948
18751,0.019298
18752,0.008567
18753,-0.020954
18754,0.005090
18755,-0.013746
18756,0.007815
18757,0.066167
18758,0.062229
18759,0.056974
18760,0.042881
18761,0.029337
18762,-0.012231
18763,-0.033033
18764,-0.059148
18765,-0.097069
18766,-0.100669
18767,-0.023135
18768,0.024653
18769,0.039866
18770,0.076240
18771,0.079379
18772,0.001742
18773,-0.107411
18774,-0.108876
18775,-0.082397
18776,-0.032434
18777,0.013928
18778,0.046021
18779,0.070901
18780,0.066208
18781,0.073066
18782,0.055150
18783,-0.007970
18784,-0.053768
18785,-0.039565
18786,-0.010965
18787,-0.016206
18788,0.041851
18789,0.032917
18790,0.032430
18791,0.033680
18792,-0.011962
18793,-0.029918
18794,-0.051209
18795,-0.019326
18796,0.012848
18797,0.013614
18798,-0.005930
18799,0.005245
18800,0.001162
18801,-0.061526
18802,-0.052275
18803,0.034566
18804,0.064342
18805,0.007006
18806,-0.009158
18807,-0.009225
18808,-0.022011
18809,-0.043345
18810,-0.010594
18811,-0.001290
18812,0.072489
18813,0.096565
18814,0.081506
18815,0.030955
18816,-0.018895
18817,-0.030331
18818,-0.019389
18819,-0.076170
18820,-0.055856
18821,-0.017067
18822,0.004663
18823,-0.001814
18824,-0.053330
18825,-0.071631
18826,-0.038424
18827,0.045174
18828,0.060954
18829,0.073889
18830,0.056896
18831,-0.005469
18832,-0.042041
18833,-0.019517
18834,0.017517
18835,0.015003
18836,0.051855
18837,0.047975
18838,0.000106
18839,-0.066849
18840,-0.089835
18841,-0.074133
18842,-0.028776
18843,0.043481
18844,0.130223
18845,0.095786
18846,0.004756
18847,-0.056843
18848,-0.017742
18849,-0.034592
18850,-0.032488
18851,0.022019
18852,0.034441
18853,0.021247
18854,0.013726
18855,-0.018605
18856,-0.022488
18857,-0.071539
18858,-0.076821
18859,0.008837
18860,0.016073
18861,-0.009699
18862,0.001226
18863,0.000376
18864,0.027676
18865,0.050833
18866,0.065610
18867,0.057977
18868,-0.009172
18869,-0.025550
18870,-0.056521
18871,-0.063959
18872,0.028017
18873,0.045992
18874,0.021864
18875,0.024337
18876,0.002659
18877,-0.027187
18878,-0.061763
18879,-0.106595
18880,-0.081069
18881,-0.080266
18882,-0.022698
18883,0.053672
18884,0.056673
18885,0.096920
18886,0.091925
18887,0.060168
18888,0.042750
18889,-0.001192
18890,0.016558
18891,0.043147
18892,0.017418
18893,-0.046097
18894,-0.078199
18895,-0.052445
18896,0.007525
18897,-0.020770
18898,0.009416
18899,0.011546
18900,0.002092
18901,0.021125
18902,0.002651
18903,-0.069723
18904,-0.077184
18905,-0.021013
18906,0.030613
18907,0.035963
18908,0.083533
18909,0.043472
18910,-0.015342
18911,-0.037543
18912,-0.067858
18913,-0.058166
18914,-0.003914
18915,0.057185
18916,0.065863
18917,0.041712
18918,0.003117
18919,0.002775
18920,-0.007967
18921,-0.006763
18922,-0.025784
18923,0.026566
18924,0.038019
18925,-0.010854
18926,-0.031782
18927,-0.045401
18928,-0.016897
18929,0.003368
18930,0.012450
18931,0.015885
18932,-0.014019
18933,-0.037005
18934,-0.001230
18935,0.027158
18936,0.022475
18937,-0.015744
18938,0.001553
18939,-0.011162
18940,-0.004036
18941,0.028839
18942,0.093560
18943,0.081772
18944,0.063950
18945,0.010057
18946,-0.061486
18947,-0.048311
18948,-0.068107
18949,-0.056570
18950,-0.051966
18951,-0.050332
18952,-0.031308
18953,-0.005626
18954,-0.049794
18955,-0.056678
18956,-0.022046
18957,0.039643
18958,0.069778
18959,0.087004
18960,0.087162
18961,0.047091
18962,-0.000106
18963,-0.021325
18964,-0.048274
18965,-0.030070
18966,-0.056224
18967,0.019110
18968,0.091017
18969,0.023190
18970,0.029059
18971,0.001253
18972,0.039100
18973,0.022219
18974,-0.056014
18975,-0.084447
18976,-0.040239
18977,-0.065327
18978,-0.068804
18979,-0.043809
18980,0.000719
18981,0.059678
18982,0.055301
18983,0.044471
18984,0.022992
18985,-0.012314
18986,0.001203
18987,0.000077
18988,0.017267
18989,0.029209
18990,0.021147
18991,0.032282
18992,-0.015321
18993,-0.064293
18994,-0.031910
18995,-0.005856
18996,-0.024079
18997,-0.025721
18998,0.000074
18999,0.014588
19000,0.050694
19001,0.063210
19002,0.020204
19003,-0.016005
19004,0.000897
19005,-0.014444
19006,-0.031054
19007,-0.002129
19008,-0.013130
19009,0.008563
19010,0.031355
19011,-0.022697
19012,-0.043544
19013,-0.012929
19014,0.018182
19015,0.024829
19016,0.018854
19017,0.014867
19018,0.004567
19019,-0.018735
19020,-0.005706
19021,-0.035267
19022,-0.008695
19023,0.000134
19024,0.037791
19025,0.054378
19026,0.030041
19027,0.026652
19028,-0.019041
19029,-0.025438
19030,-0.027902
19031,-0.025505
19032,-0.010268
19033,-0.042561
19034,-0.089157
19035,-0.127024
19036,-0.023119
19037,0.017186
19038,0.010047
19039,0.043205
19040,0.063250
19041,0.077115
19042,0.072689
19043,0.034845
19044,-0.005861
19045,0.016980
19046,-0.000724
19047,0.040148
19048,0.021641
19049,-0.023572
19050,-0.009123
19051,-0.066784
19052,-0.123711
19053,-0.064334
19054,0.017735
19055,0.047132
19056,0.048105
19057,0.021351
19058,0.043101
19059,-0.026473
19060,-0.099514
19061,-0.073199
19062,-0.001462
19063,0.012494
19064,0.062868
19065,0.123891
19066,0.047662
19067,-0.021526
19068,-0.063201
19069,-0.068726
19070,-0.007588
19071,0.029198
19072,0.000053
19073,0.006433
19074,0.014749
19075,0.001252
19076,-0.004906
19077,-0.019684
19078,-0.043053
19079,-0.004880
19080,0.007666
19081,0.045809
19082,-0.013162
19083,-0.035442
19084,-0.017246
19085,-0.039063
19086,-0.055177
19087,0.014547
19088,0.074868
19089,0.110704
19090,0.028407
19091,0.033190
19092,0.038174
19093,-0.012300
19094,-0.000688
19095,0.018915
19096,-0.014176
19097,-0.071331
19098,-0.026747
19099,-0.074735
19100,-0.055621
19101,0.031114
19102,0.029055
19103,0.059122
19104,0.031484
19105,-0.007489
19106,-0.019372
19107,-0.038789
19108,-0.029553
19109,0.014491
19110,-0.009192
19111,-0.009765
19112,0.045857
19113,0.002109
19114,-0.006390
19115,-0.016215
19116,-0.019902
19117,0.030815
19118,0.049735
19119,0.006316
19120,0.022339
19121,-0.025387
19122,-0.095459
19123,-0.094196
19124,-0.071114
19125,-0.021641
19126,0.091199
19127,0.156978
19128,0.157163
19129,0.055810
19130,-0.061264
19131,-0.106271
19132,-0.060249
19133,-0.053339
19134,-0.021051
19135,0.027668
19136,0.019447
19137,-0.025023
19138,-0.053988
19139,-0.016154
19140,-0.015071
19141,0.005976
19142,0.050323
19143,0.062696
19144,0.055254
19145,0.026286
19146,0.011230
19147,715.717651
19148,598.395020
19149,8.958477
19150,93.247704
19151,7.759814
19152,29.337660
19153,36.099709
19154,14.977447
19155,-5.368036
19156,-17.518951
19157,-10.818755
19158,17.464432
19159,16.592016
19160,5.030653
19161,-11.150832
19162,-22.075542
19163,-10.911583
19164,20.661615
19165,4.466525
19166,-8.211431
19167,-15.071707
19168,-16.813509
19169,-15.699790
19170,-0.762510
19171,-4.081205
19172,28.885612
19173,51.837948
19174,33.265121
19175,10.667886
19176,-14.003032
19177,-27.279528
19178,-20.640242
19179,-0.930741
19180,-10.221987
19181,-31.911272
19182,-19.720478
19183,26.225626
19184,44.174198
19185,22.785570
19186,-10.227735
19187,-23.311199
19188,-18.466530
19189,-26.325855
19190,-15.075216
19191,-4.032148
19192,17.882179
19193,19.086420
19194,24.764301
19195,19.149704
19196,0.150507
19197,-13.053429
19198,-21.655422
19199,-21.109297
19200,-24.151876
19201,-0.005490
19202,0.002863
19203,-0.023056
19204,-0.006015
19205,0.014944
19206,0.029675
19207,0.004900
19208,-0.031328
19209,-0.008376
19210,-0.030289
19211,-0.060663
19212,0.012144
19213,-0.028045
19214,-0.022119
19215,0.107034
19216,0.085127
19217,0.052613
19218,0.044040
19219,-0.026048
19220,-0.088911
19221,-0.071436
19222,-0.059709
19223,-0.019279
19224,-0.027612
19225,0.011340
19226,0.055717
19227,0.071503
19228,0.041415
19229,-0.002338
19230,-0.034846
19231,-0.032828
19232,0.000231
19233,-0.000252
19234,-0.007874
19235,0.002086
19236,-0.002555
19237,-0.009356
19238,-0.029805
19239,-0.062460
19240,0.002260
19241,0.036497
19242,0.030173
19243,0.074140
19244,0.063288
19245,0.018722
19246,-0.035085
19247,-0.097361
19248,-0.096131
19249,-0.069000
19250,0.005723
19251,0.030741
19252,0.057360
19253,0.075182
19254,0.083513
19255,0.065504
19256,0.010314
19257,-0.042499
19258,-0.074296
19259,-0.040846
19260,-0.101265
19261,-0.103070
19262,-0.039912
19263,-0.033767
19264,0.014362
19265,0.007836
19266,0.033527
19267,0.068545
19268,0.074404
19269,0.040639
19270,0.026215
19271,0.029968
19272,0.034479
19273,0.048575
19274,-0.019163
19275,-0.056616
19276,-0.055637
19277,-0.022543
19278,-0.002535
19279,-0.029497
19280,-0.013878
19281,-0.023704
19282,0.017919
19283,0.038116
19284,-0.020530
19285,-0.034347
19286,0.023428
19287,0.055582
19288,0.069290
19289,0.048715
19290,0.037122
19291,-0.011149
19292,-0.036270
19293,-0.069036
19294,-0.057038
19295,-0.077289
19296,-0.040073
19297,0.055357
19298,0.079797
19299,0.076833
19300,-0.007498
19301,-0.033323
19302,-0.012139
19303,-0.065400
19304,-0.049917
19305,-0.015907
19306,-0.016546
19307,-0.019587
19308,-0.007400
19309,-0.000143
19310,0.013997
19311,0.052745
19312,0.044621
19313,0.006736
19314,0.064015
19315,0.062131
19316,-0.013335
19317,-0.020398
19318,-0.014356
19319,-0.010248
19320,-0.013058
19321,0.018515
19322,0.017937
19323,0.029939
19324,0.004772
19325,-0.020363
19326,-0.031503
19327,-0.063774
19328,-0.075958
19329,-0.015345
19330,0.010938
19331,-0.011622
19332,0.009318
19333,0.035564
19334,-0.003359
19335,0.003020
19336,0.035397
19337,0.042857
19338,0.068508
19339,0.019723
19340,-0.032720
19341,-0.035108
19342,-0.029930
19343,-0.022023
19344,0.018404
19345,-0.001855
19346,0.021411
19347,0.024584
19348,-0.016871
19349,-0.009960
19350,-0.007151
19351,-0.021342
19352,-0.026840
19353,-0.048404
19354,0.004739
19355,0.034513
19356,0.064423
19357,0.043930
19358,-0.014104
19359,-0.027932
19360,-0.064779
19361,-0.111733
19362,-0.046124
19363,0.039481
19364,0.081336
19365,0.092113
19366,0.045304
19367,0.026369
19368,0.024071
19369,0.005821
19370,-0.018689
19371,-0.071355
19372,-0.087079
19373,-0.081686
19374,-0.014120
19375,0.079032
19376,0.063357
19377,0.098546
19378,0.067755
19379,-0.016926
19380,-0.033046
19381,-0.077566
19382,-0.099255
19383,-0.035409
19384,-0.003232
19385,0.007967
19386,0.021293
19387,0.011799
19388,-0.020309
19389,0.003280
19390,-0.006736
19391,0.006725
19392,0.019200
19393,0.021430
19394,0.078218
19395,0.048306
19396,0.041534
19397,0.030086
19398,-0.029148
19399,-0.075003
19400,-0.079795
19401,-0.077978
19402,-0.059432
19403,0.003402
19404,0.068022
19405,0.064341
19406,0.063311
19407,0.040448
19408,0.029661
19409,0.008153
19410,-0.018959
19411,-0.031292
19412,-0.051646
19413,-0.066740
19414,-0.048770
19415,-0.048932
19416,0.001295
19417,0.027890
19418,0.028338
19419,0.064823
19420,-0.013274
19421,-0.022633
19422,-0.001023
19423,-0.001479
19424,0.015658
19425,0.039877
19426,0.036453
19427,-0.018152
19428,-0.020087
19429,0.066086
19430,0.105212
19431,0.084878
19432,-0.016928
19433,-0.072380
19434,-0.113415
19435,-0.116836
19436,-0.104165
19437,-0.025544
19438,0.045697
19439,0.055177
19440,0.018131
19441,0.041481
19442,0.009928
19443,-0.050126
19444,0.000298
19445,-0.007990
19446,-0.030539
19447,-0.025531
19448,-0.039662
19449,0.011589
19450,0.046834
19451,0.054922
19452,0.030414
19453,0.025917
19454,0.071298
19455,0.056021
19456,0.033871
19457,0.004895
19458,-0.068535
19459,-0.067031
19460,0.009553
19461,-0.018932
19462,-0.028158
19463,-0.018036
19464,-0.046995
19465,-0.008320
19466,-0.029095
19467,-0.044315
19468,0.008998
19469,-0.004638
19470,-0.031340
19471,0.033518
19472,0.062436
19473,0.049582
19474,0.047103
19475,0.036940
19476,0.029787
19477,0.008784
19478,-0.019356
19479,-0.058964
19480,-0.076364
19481,-0.067556
19482,-0.084204
19483,-0.051086
19484,0.062891
19485,0.098608
19486,0.053706
19487,0.012895
19488,-0.019151
19489,-0.012567
19490,0.019573
19491,0.021837
19492,0.023042
19493,0.004091
19494,0.025136
19495,0.027659
19496,-0.006324
19497,-0.019478
19498,0.010163
19499,-0.021949
19500,0.027024
19501,0.022895
19502,0.026748
19503,-0.023229
19504,-0.071075
19505,-0.063777
19506,-0.044563
19507,0.013528
19508,0.025891
19509,0.063250
19510,0.021954
19511,-0.020662
19512,-0.030551
19513,-0.046488
19514,-0.060587
19515,-0.033117
19516,0.005192
19517,0.009072
19518,-0.002334
19519,0.022192
19520,0.075608
19521,0.089125
19522,0.034586
19523,-0.014915
19524,-0.020783
19525,-0.041311
19526,-0.017352
19527,-0.034148
19528,-0.053350
19529,-0.009603
19530,-0.031844
19531,-0.007341
19532,0.033314
19533,0.048213
19534,0.075122
19535,0.058637
19536,0.006119
19537,-0.029508
19538,-0.053018
19539,-0.023556
19540,-0.020879
19541,-0.063881
19542,-0.003532
19543,0.025989
19544,0.071213
19545,0.068044
19546,0.020001
19547,-0.009931
19548,-0.052185
19549,-0.070696
19550,0.011549
19551,0.011944
19552,0.025159
19553,0.023755
19554,-0.001159
19555,-0.011514
19556,-0.027365
19557,-0.009167
19558,0.013851
19559,0.007533
19560,-0.047648
19561,-0.051210
19562,-0.013828
19563,-0.011480
19564,0.047333
19565,0.051830
19566,0.010112
19567,0.017351
19568,0.059590
19569,0.050568
19570,-0.023788
19571,-0.021076
19572,-0.002284
19573,-0.047661
19574,-0.029377
19575,0.000020
19576,0.040254
19577,0.024039
19578,0.015579
19579,-0.006499
19580,-0.007240
19581,0.018973
19582,0.020881
19583,-0.039923
19584,-0.031211
19585,-0.027002
19586,0.002267
19587,-0.005175
19588,-0.008065
19589,0.009851
19590,-0.005085
19591,-0.008491
19592,0.027492
19593,0.039763
19594,0.018689
19595,-0.001037
19596,0.008923
19597,-0.023662
19598,-0.022704
19599,-0.031316
19600,-0.083233
19601,-0.042855
19602,0.008712
19603,0.036337
19604,0.052999
19605,0.049791
19606,-0.014724
19607,-0.080157
19608,-0.074459
19609,-0.042234
19610,-0.018357
19611,-0.008703
19612,0.022086
19613,0.028553
19614,0.029418
19615,0.058539
19616,0.039264
19617,0.031832
19618,0.045305
19619,0.025276
19620,-0.024037
19621,-0.082490
19622,-0.103780
19623,-0.060425
19624,-0.019348
19625,0.011755
19626,0.020569
19627,0.088732
19628,0.049149
19629,-0.016237
19630,-0.035753
19631,-0.046623
19632,0.004295
19633,0.021913
19634,0.049775
19635,0.006669
19636,-0.061984
19637,-0.048593
19638,-0.020996
19639,-0.016186
19640,0.020439
19641,0.063707
19642,0.057114
19643,0.030079
19644,0.041995
19645,-0.002699
19646,0.014073
19647,-0.004839
19648,-0.020051
19649,-0.052850
19650,-0.075687
19651,754.137756
19652,614.145508
19653,9.449599
19654,47.415218
19655,24.498346
19656,15.562329
19657,12.634967
19658,-2.441173
19659,-9.223580
19660,-0.359550
19661,-2.049479
19662,-18.828543
19663,-11.475873
19664,-5.743631
19665,-4.163536
19666,-3.148403
19667,17.143545
19668,31.811243
19669,27.036936
19670,-11.867204
19671,-11.162980
19672,6.094897
19673,10.144161
19674,0.187699
19675,-5.547485
19676,-10.083435
19677,-19.339584
19678,-10.635218
19679,18.919250
19680,9.547101
19681,-40.884720
19682,-29.397598
19683,11.774477
19684,31.309900
19685,21.060286
19686,-25.002377
19687,-29.665443
19688,10.683470
19689,41.291733
19690,57.535080
19691,30.186504
19692,-4.148569
19693,-42.892189
19694,-53.623299
19695,-51.370010
19696,-21.442528
19697,11.682548
19698,38.486340
19699,53.347466
19700,28.206564
19701,-2.454350
19702,-19.866514
19703,-26.395479
19704,-18.552122
19705,-0.087133
19706,-0.042284
19707,-0.032441
19708,-0.018177
19709,0.017188
19710,0.035141
19711,0.044481
19712,0.067467
19713,0.069098
19714,0.083681
19715,0.038137
19716,-0.017569
19717,-0.029578
19718,-0.004025
19719,-0.045575
19720,-0.077799
19721,-0.057303
19722,-0.034686
19723,0.004729
19724,0.007982
19725,-0.003560
19726,0.035506
19727,0.049649
19728,0.036379
19729,0.048521
19730,0.021972
19731,0.010987
19732,0.013117
19733,-0.017188
19734,0.008111
19735,-0.035855
19736,-0.074329
19737,-0.030594
19738,-0.036006
19739,-0.006571
19740,0.015668
19741,0.018406
19742,0.076774
19743,0.044757
19744,0.003890
19745,0.007505
19746,-0.031051
19747,-0.054200
19748,-0.019585
19749,-0.006888
19750,-0.007410
19751,-0.039225
19752,-0.030259
19753,0.008902
19754,0.060846
19755,0.048760
19756,-0.020743
19757,-0.042167
19758,0.029855
19759,0.040541
19760,-0.005225
19761,-0.013308
19762,-0.026517
19763,0.016938
19764,0.001974
19765,-0.003028
19766,0.017503
19767,-0.004214
19768,-0.047802
19769,-0.018131
19770,-0.003549
19771,0.018955
19772,0.029132
19773,-0.002663
19774,-0.043344
19775,-0.034626
19776,0.005265
19777,0.061247
19778,0.004178
19779,0.002995
19780,0.011367
19781,0.015895
19782,-0.039284
19783,-0.050885
19784,-0.042791
19785,0.023466
19786,0.034365
19787,0.066269
19788,0.052286
19789,0.013403
19790,-0.049414
19791,-0.125254
19792,-0.098573
19793,-0.095861
19794,-0.032234
19795,0.040604
19796,0.112627
19797,0.174157
19798,0.165866
19799,0.064871
19800,0.032237
19801,-0.071104
19802,-0.120649
19803,-0.111630
19804,-0.072282
19805,-0.039812
19806,-0.031865
19807,-0.018374
19808,0.057849
19809,0.081197
19810,0.076112
19811,0.015373
19812,0.001131
19813,0.042769
19814,0.006830
19815,0.002154
19816,-0.084571
19817,-0.075438
19818,-0.019198
19819,-0.020927
19820,0.013219
19821,0.065435
19822,0.007976
19823,0.013886
19824,0.005184
19825,-0.024516
19826,-0.034714
19827,-0.041266
19828,-0.013360
19829,-0.050522
19830,-0.059031
19831,0.012891
19832,0.022334
19833,0.001518
19834,0.027007
19835,-0.006415
19836,0.023987
19837,0.043331
19838,0.026128
19839,-0.025278
19840,0.011593
19841,0.044874
19842,0.087520
19843,0.045998
19844,0.045845
19845,0.006337
19846,-0.028225
19847,-0.040437
19848,-0.071458
19849,-0.073709
19850,-0.056669
19851,-0.031630
19852,0.030289
19853,0.063954
19854,0.089973
19855,0.055712
19856,-0.021540
19857,-0.064292
19858,-0.054916
19859,0.002179
19860,-0.020958
19861,0.003351
19862,0.011952
19863,-0.052094
19864,-0.097417
19865,-0.018206
19866,0.033327
19867,-0.008074
19868,0.004353
19869,0.024735
19870,0.064540
19871,0.110054
19872,0.148425
19873,0.063222
19874,-0.001363
19875,-0.034821
19876,-0.099557
19877,-0.086895
19878,-0.080551
19879,-0.046962
19880,-0.034663
19881,-0.035665
19882,0.016197
19883,0.021092
19884,-0.006210
19885,0.034904
19886,0.074108
19887,0.095676
19888,0.083526
19889,0.010654
19890,-0.061528
19891,-0.063892
19892,-0.064637
19893,-0.098240
19894,-0.075205
19895,0.019235
19896,0.090213
19897,0.070913
19898,0.056667
19899,0.048791
19900,0.055782
19901,-0.010777
19902,-0.045496
19903,-0.051095
19904,-0.017652
19905,-0.029077
19906,-0.084268
19907,-0.003875
19908,0.017627
19909,-0.027176
19910,-0.048635
19911,0.037446
19912,0.010502
19913,-0.020511
19914,0.016046
19915,-0.026198
19916,-0.013776
19917,-0.020741
19918,-0.024482
19919,0.082404
19920,0.097169
19921,0.021431
19922,-0.057118
19923,-0.056035
19924,0.022569
19925,0.036798
19926,0.050320
19927,0.032064
19928,0.033652
19929,0.015822
19930,-0.005364
19931,0.008926
19932,-0.018426
19933,-0.040971
19934,-0.033689
19935,-0.048716
19936,-0.011968
19937,-0.000885
19938,0.002988
19939,-0.002664
19940,-0.008632
19941,-0.014593
19942,-0.038091
19943,-0.034892
19944,0.007995
19945,0.081642
19946,0.057874
19947,0.039923
19948,0.000981
19949,-0.067882
19950,-0.094166
19951,-0.089987
19952,-0.084970
19953,-0.035111
19954,0.055347
19955,0.114403
19956,0.116804
19957,0.121109
19958,0.119805
19959,0.003478
19960,-0.039355
19961,-0.032047
19962,-0.051254
19963,-0.114553
19964,-0.103450
19965,-0.031936
19966,0.003856
19967,-0.015208
19968,0.045833
19969,0.106537
19970,0.072164
19971,0.035482
19972,0.012823
19973,-0.018743
19974,-0.037840
19975,-0.039028
19976,-0.059604
19977,-0.037707
19978,-0.012529
19979,-0.001184
19980,-0.021754
19981,0.007286
19982,0.070314
19983,0.088825
19984,0.051277
19985,0.005984
19986,-0.059588
19987,-0.046349
19988,-0.033376
19989,-0.023553
19990,-0.000595
19991,-0.040377
19992,-0.056326
19993,-0.026227
19994,-0.056321
19995,-0.039343
19996,0.016983
19997,0.077187
19998,0.106094
19999,0.120252
20000,0.048577
20001,-0.010431
20002,0.019372
20003,0.017434
20004,-0.020272
20005,-0.077043
20006,-0.103416
20007,-0.087614
20008,-0.044104
20009,0.005675
20010,0.088514
20011,0.097752
20012,0.119799
20013,0.061217
20014,-0.014623
20015,-0.091221
20016,-0.089094
20017,-0.038426
20018,0.012832
20019,0.033374
20020,0.018468
20021,-0.000749
20022,0.010111
20023,-0.037128
20024,-0.048252
20025,-0.019528
20026,-0.065872
20027,-0.057490
20028,-0.019027
20029,0.058604
20030,0.087025
20031,0.097929
20032,0.098928
20033,0.039278
20034,-0.064119
20035,-0.082058
20036,-0.050957
20037,-0.064356
20038,-0.030310
20039,0.028325
20040,0.014910
20041,0.018213
20042,0.008641
20043,0.008962
20044,0.022643
20045,0.004763
20046,-0.004211
20047,-0.037237
20048,-0.027728
20049,-0.034706
20050,0.009587
20051,0.057268
20052,0.050886
20053,-0.007761
20054,-0.011620
20055,0.002834
20056,0.018789
20057,0.039324
20058,-0.010742
20059,-0.006401
20060,-0.010479
20061,-0.041025
20062,0.003247
20063,-0.032429
20064,-0.056295
20065,-0.019015
20066,-0.005978
20067,-0.034039
20068,-0.001901
20069,0.088978
20070,0.067865
20071,0.025306
20072,0.016362
20073,-0.012482
20074,0.010193
20075,-0.004513
20076,-0.040498
20077,-0.032750
20078,-0.060202
20079,-0.065835
20080,-0.065163
20081,-0.038256
20082,-0.025748
20083,0.062802
20084,0.044369
20085,0.062893
20086,0.081878
20087,0.040363
20088,0.012136
20089,-0.024924
20090,-0.049825
20091,-0.030185
20092,-0.022473
20093,-0.040188
20094,-0.022038
20095,-0.020297
20096,0.000744
20097,0.067689
20098,0.073864
20099,0.046370
20100,0.030921
20101,0.015310
20102,-0.000925
20103,-0.002695
20104,-0.007488
20105,-0.041843
20106,-0.046024
20107,0.026742
20108,0.009809
20109,0.007863
20110,-0.040469
20111,-0.109136
20112,-0.045157
20113,0.009772
20114,0.030819
20115,0.066764
20116,0.049056
20117,0.022355
20118,-0.024198
20119,-0.041702
20120,-0.096339
20121,-0.088895
20122,-0.012784
20123,-0.021266
20124,0.050328
20125,0.091426
20126,0.057277
20127,0.068572
20128,0.043662
20129,-0.003824
20130,0.008222
20131,-0.047372
20132,-0.034043
20133,0.040468
20134,0.031740
20135,-0.010238
20136,-0.034060
20137,-0.025940
20138,-0.027815
20139,-0.046790
20140,-0.020576
20141,-0.031696
20142,-0.016970
20143,0.015298
20144,0.045466
20145,0.001649
20146,-0.038263
20147,-0.033963
20148,0.001234
20149,-0.009172
20150,0.013143
20151,0.086330
20152,0.064951
20153,0.024988
20154,0.005085
20155,0.001297
20156,0.046965
20157,0.087060
20158,0.034299
20159,-0.081069
20160,-0.103862
20161,-0.064541
20162,-0.039010
20163,-0.050078
20164,0.011751
20165,-0.001185
20166,-0.063012
20167,-0.030242
20168,-0.068074
20169,-0.007844
20170,0.046260
20171,0.047219
20172,0.061953
20173,0.027775
20174,0.008995
20175,0.014750
20176,-0.010397
20177,0.004047
20178,-0.017445
20179,-0.037210
20180,0.012890
20181,0.022894
20182,0.017838
20183,0.019523
20184,0.006490
20185,-0.023511
20186,-0.034159
20187,0.012764
20188,0.034441
20189,0.018274
20190,-0.015682
20191,-0.022824
20192,-0.015468
20193,0.008345
20194,0.013908
20195,0.011605
20196,0.015436
20197,-0.014522
20198,-0.022815
20199,-0.001752
20200,0.003535
20201,0.063045
20202,0.027346
20203,-0.006879
20204,4.722303
20205,796.369324
20206,618.635315
20207,9.989445
20208,20.003757
20209,12.937978
20210,3.147738
20211,-15.879129
20212,-3.733023
20213,3.392961
20214,3.394441
20215,-2.603041
20216,1.218798
20217,12.724483
20218,0.132273
20219,5.608443
20220,11.989625
20221,0.596524
20222,-8.014561
20223,-18.511217
20224,-21.102026
20225,-1.524455
20226,-11.016891
20227,-14.197121
20228,-5.276426
20229,17.605434
20230,24.367428
20231,22.242193
20232,20.348257
20233,0.975295
20234,-8.351453
20235,0.598276
20236,9.467673
20237,7.008164
20238,-12.138506
20239,-21.014709
20240,-17.265867
20241,-5.764753
20242,-29.875669
20243,-32.462482
20244,-1.532621
20245,38.644657
20246,55.759586
20247,36.111843
20248,-2.384119
20249,-23.123180
20250,-11.241368
20251,13.653993
20252,5.642858
20253,-6.296992
20254,-1.727796
20255,-24.061934
20256,-32.426208
20257,-33.948952
20258,-20.861586
20259,-0.099095
20260,-0.047478
20261,-0.024772
20262,0.008595
20263,0.084283
20264,0.108563
20265,0.095449
20266,0.025316
20267,-0.042885
20268,-0.027352
20269,-0.076696
20270,-0.097550
20271,-0.031258
20272,-0.004886
20273,0.011402
20274,0.054072
20275,-0.016244
20276,-0.014401
20277,-0.000683
20278,-0.022620
20279,0.047254
20280,0.067102
20281,0.017783
20282,0.038608
20283,0.008475
20284,-0.016374
20285,-0.019406
20286,-0.037253
20287,-0.038829
20288,-0.034679
20289,-0.021101
20290,-0.004387
20291,0.017534
20292,-0.001290
20293,0.046382
20294,0.010724
20295,0.000917
20296,-0.008782
20297,-0.002838
20298,0.000369
20299,-0.006250
20300,-0.024427
20301,-0.003954
20302,-0.101260
20303,-0.075896
20304,-0.053909
20305,0.028273
20306,0.113028
20307,0.086567
20308,0.068160
20309,0.058170
20310,0.017927
20311,-0.024154
20312,-0.071428
20313,-0.128187
20314,-0.059901
20315,-0.009609
20316,0.055352
20317,0.069371
20318,0.097797
20319,0.067718
20320,0.090057
20321,0.048848
20322,-0.040733
20323,-0.099473
20324,-0.125618
20325,-0.132340
20326,-0.057647
20327,-0.002844
20328,0.030829
20329,0.053405
20330,0.045524
20331,0.017993
20332,0.004053
20333,0.055507
20334,0.064141
20335,0.114537
20336,0.054201
20337,-0.087982
20338,-0.129792
20339,-0.136162
20340,-0.097256
20341,-0.004481
20342,0.001517
20343,0.098613
20344,0.150553
20345,0.114245
20346,0.035872
20347,-0.048847
20348,-0.091467
20349,-0.071972
20350,-0.041838
20351,-0.005092
20352,-0.027043
20353,-0.029795
20354,-0.016162
20355,-0.000098
20356,0.035134
20357,0.045465
20358,0.039973
20359,0.023218
20360,-0.023949
20361,-0.059361
20362,-0.056783
20363,0.030848
20364,0.058840
20365,0.066697
20366,0.099586
20367,0.040758
20368,-0.077600
20369,-0.076229
20370,-0.021563
20371,-0.027054
20372,0.015210
20373,0.033997
20374,0.027897
20375,0.010317
20376,0.000647
20377,0.020668
20378,0.037765
20379,0.036996
20380,-0.010822
20381,-0.082864
20382,-0.109110
20383,-0.027740
20384,-0.005909
20385,-0.027252
20386,0.000986
20387,-0.004285
20388,0.047114
20389,0.094833
20390,0.027905
20391,-0.008082
20392,-0.041946
20393,-0.053825
20394,-0.027434
20395,0.009880
20396,0.013287
20397,-0.019573
20398,-0.040372
20399,0.013601
20400,0.042736
20401,0.005770
20402,-0.018581
20403,-0.050069
20404,-0.076787
20405,-0.026099
20406,0.036163
20407,0.112373
20408,0.106369
20409,0.040762
20410,-0.034852
20411,-0.028275
20412,-0.036722
20413,-0.030295
20414,0.021910
20415,0.003025
20416,-0.027760
20417,-0.038507
20418,0.055925
20419,0.057524
20420,0.032262
20421,0.035704
20422,-0.011130
20423,0.004752
20424,-0.002447
20425,-0.074249
20426,-0.135936
20427,-0.112617
20428,-0.086237
20429,-0.012343
20430,0.052973
20431,0.122318
20432,0.121062
20433,0.126401
20434,0.081043
20435,0.058632
20436,-0.057742
20437,-0.110864
20438,-0.102239
20439,-0.043991
20440,0.018009
20441,-0.016032
20442,-0.008883
20443,0.014901
20444,-0.033975
20445,-0.042703
20446,-0.028519
20447,-0.035941
20448,-0.022231
20449,0.013622
20450,0.103322
20451,0.144393
20452,0.113936
20453,0.034559
20454,-0.018836
20455,0.034050
20456,-0.020411
20457,-0.031407
20458,10.720952
20459,815.731873
20460,610.812866
20461,10.236955
20462,59.064789
20463,20.867947
20464,-23.963333
20465,-45.702057
20466,-13.126616
20467,14.495170
20468,19.744043
20469,13.351963
20470,8.057549
20471,11.445381
20472,-21.488379
20473,-53.858807
20474,-73.234406
20475,-37.442894
20476,31.913166
20477,71.600533
20478,64.987045
20479,49.571091
20480,13.624103
20481,-16.275160
20482,-23.449120
20483,-14.419855
20484,-33.803089
20485,-52.036575
20486,-36.592216
20487,4.372807
20488,49.743519
20489,41.125095
20490,15.767164
20491,-1.780049
20492,-2.500730
20493,-22.263941
20494,-31.734545
20495,-10.190969
20496,4.786560
20497,21.926033
20498,38.097717
20499,22.504930
20500,7.421628
20501,17.788231
20502,8.011956
20503,-12.352279
20504,-47.575214
20505,-65.531448
20506,-41.089664
20507,-13.774843
20508,6.210242
20509,22.609568
20510,48.909950
20511,38.694145
20512,34.268826
20513,-0.049354
20514,-0.095477
20515,-0.114862
20516,-0.057789
20517,0.006737
20518,0.045950
20519,0.048816
20520,0.047997
20521,0.035076
20522,-0.009737
20523,-0.032502
20524,-0.033048
20525,-0.072937
20526,-0.045856
20527,-0.008813
20528,0.050516
20529,0.051248
20530,0.066754
20531,0.090413
20532,0.046624
20533,-0.027236
20534,-0.090078
20535,-0.064309
20536,0.008473
20537,0.011434
20538,0.019793
20539,-0.023141
20540,0.004245
20541,0.015750
20542,-0.022596
20543,-0.018994
20544,-0.000615
20545,-0.003847
20546,0.017873
20547,0.015826
20548,-0.011770
20549,0.019044
20550,0.041728
20551,0.013718
20552,-0.017442
20553,-0.033990
20554,-0.035075
20555,-0.019512
20556,0.016483
20557,0.039174
20558,0.024901
20559,0.021637
20560,0.017291
20561,0.007487
20562,0.004261
20563,-0.009772
20564,-0.022175
20565,-0.003987
20566,0.001808
20567,-0.030752
20568,-0.020268
20569,0.023649
20570,0.012508
20571,0.028253
20572,-0.015600
20573,-0.041843
20574,-0.047853
20575,-0.028695
20576,-0.013004
20577,-0.044420
20578,-0.038186
20579,-0.029627
20580,-0.014715
20581,0.042186
20582,0.068195
20583,0.076500
20584,0.090090
20585,0.082799
20586,0.026956
20587,-0.021124
20588,-0.074006
20589,-0.087320
20590,-0.029684
20591,0.018899
20592,0.047695
20593,0.064859
20594,-0.004560
20595,-0.039323
20596,-0.017357
20597,-0.032570
20598,-0.057121
20599,0.000864
20600,-0.014905
20601,-0.020622
20602,0.041151
20603,0.043704
20604,-0.017511
20605,-0.044468
20606,-0.051259
20607,-0.006366
20608,-0.011711
20609,0.021868
20610,0.050714
20611,0.070400
20612,0.052896
20613,0.048966
20614,0.018322
20615,-0.005993
20616,-0.075080
20617,-0.045601
20618,0.007266
20619,-0.010125
20620,0.030826
20621,0.009467
20622,-0.063933
20623,-0.111684
20624,-0.094166
20625,-0.025368
20626,0.002033
20627,0.071751
20628,0.052098
20629,-0.021439
20630,-0.002991
20631,-0.044991
20632,0.054738
20633,0.099513
20634,0.052926
20635,0.027639
20636,0.064857
20637,0.013969
20638,0.045005
20639,-0.014835
20640,-0.092966
20641,-0.036209
20642,-0.025647
20643,-0.031918
20644,0.023832
20645,0.020053
20646,-0.029667
20647,-0.018122
20648,-0.032609
20649,-0.035008
20650,-0.018412
20651,-0.015046
20652,-0.081615
20653,-0.014272
20654,0.030148
20655,0.045734
20656,0.066411
20657,0.091011
20658,0.050128
20659,0.011284
20660,-0.004108
20661,-0.067052
20662,-0.054377
20663,0.003179
20664,-0.002453
20665,-0.026067
20666,-0.020206
20667,0.001690
20668,0.037320
20669,0.012518
20670,0.028384
20671,0.044127
20672,0.041155
20673,-0.003646
20674,-0.040585
20675,-0.055636
20676,-0.017326
20677,-0.023079
20678,-0.027246
20679,0.015147
20680,0.038489
20681,0.021072
20682,-0.028132
20683,-0.006777
20684,-0.033540
20685,-0.051064
20686,-0.028840
20687,0.008483
20688,0.025126
20689,0.042777
20690,0.035629
20691,0.001653
20692,-0.024828
20693,-0.034405
20694,-0.014305
20695,0.050087
20696,0.035425
20697,-0.037412
20698,0.013593
20699,0.070009
20700,0.032318
20701,0.010794
20702,0.017488
20703,-0.054735
20704,-0.064018
20705,-0.079371
20706,-0.061806
20707,-0.031527
20708,-0.002998
20709,0.046376
20710,-0.017453
20711,0.010459
20712,16.772505
20713,835.094360
20714,602.990417
20715,10.484465
20716,78.894333
20717,-7.918442
20718,-2.466379
20719,-1.689010
20720,13.741843
20721,20.276106
20722,23.660357
20723,15.826225
20724,2.078166
20725,-5.630659
20726,-20.370539
20727,-36.958450
20728,-27.104458
20729,1.089753
20730,5.652362
20731,11.362211
20732,14.088397
20733,20.891584
20734,24.041626
20735,19.445395
20736,-4.672233
20737,-25.078804
20738,-45.321934
20739,-40.245682
20740,-18.259993
20741,1.701689
20742,6.134681
20743,14.594182
20744,34.318481
20745,34.684284
20746,23.635656
20747,18.139416
20748,-8.710471
20749,-29.757753
20750,-17.926514
20751,-10.553896
20752,1.539417
20753,18.879879
20754,11.485558
20755,-11.570560
20756,-16.282263
20757,-6.930914
20758,5.964112
20759,15.406055
20760,-0.702175
20761,-34.862522
20762,-47.216560
20763,-24.664410
20764,22.552706
20765,50.470318
20766,45.344746
20767,0.067376
20768,0.033356
20769,0.002293
20770,-0.006236
20771,-0.005775
20772,-0.000553
20773,-0.009238
20774,-0.024276
20775,0.000691
20776,0.019120
20777,0.044000
20778,0.090882
20779,0.039373
20780,-0.009743
20781,-0.061659
20782,-0.074670
20783,-0.051213
20784,-0.049460
20785,-0.075433
20786,-0.046805
20787,-0.005256
20788,0.018587
20789,0.036747
20790,0.043865
20791,0.029997
20792,-0.005069
20793,-0.018771
20794,-0.051744
20795,0.006137
20796,0.065303
20797,0.077091
20798,0.105059
20799,0.091583
20800,0.040328
20801,0.016521
20802,-0.072304
20803,-0.090864
20804,-0.068735
20805,-0.072088
20806,-0.060222
20807,-0.031600
20808,-0.039812
20809,-0.032832
20810,0.002517
20811,0.065856
20812,0.112076
20813,0.096139
20814,0.088368
20815,0.051647
20816,-0.027054
20817,-0.091362
20818,-0.079731
20819,-0.102105
20820,-0.091253
20821,-0.035334
20822,0.011022
20823,-0.012506
20824,0.032494
20825,0.055353
20826,0.077971
20827,0.052577
20828,0.085688
20829,0.074213
20830,-0.011486
20831,-0.015660
20832,-0.031503
20833,-0.063901
20834,-0.093193
20835,-0.045047
20836,-0.023717
20837,0.019865
20838,0.084572
20839,0.026344
20840,-0.038911
20841,-0.033147
20842,0.010756
20843,-0.026190
20844,-0.026558
20845,-0.020104
20846,-0.030676
20847,-0.026413
20848,0.019048
20849,0.025538
20850,0.025053
20851,0.059447
20852,0.070923
20853,0.037173
20854,0.004366
20855,-0.008396
20856,0.001945
20857,0.024106
20858,-0.005750
20859,-0.053543
20860,-0.033837
20861,-0.017378
20862,-0.009326
20863,-0.050671
20864,-0.109779
20865,-0.062855
20866,0.008874
20867,0.027385
20868,0.031810
20869,0.069913
20870,0.105111
20871,0.099411
20872,0.090842
20873,0.015590
20874,-0.025565
20875,-0.040682
20876,-0.103665
20877,-0.138643
20878,-0.090731
20879,-0.021174
20880,-0.014605
20881,0.031226
20882,0.054109
20883,0.086813
20884,0.085309
20885,0.067316
20886,0.023923
20887,-0.031016
20888,-0.067088
20889,-0.070897
20890,-0.052870
20891,-0.052470
20892,-0.075983
20893,-0.053186
20894,-0.036720
20895,0.035959
20896,0.098513
20897,0.130400
20898,0.068432
20899,0.061363
20900,0.027660
20901,-0.003684
20902,-0.001945
20903,-0.051224
20904,-0.071039
20905,-0.044922
20906,-0.050502
20907,-0.040152
20908,-0.012571
20909,0.014631
20910,0.040776
20911,0.031265
20912,0.022067
20913,0.004794
20914,-0.032825
20915,-0.054591
20916,0.024507
20917,-0.001326
20918,0.034628
20919,0.096750
20920,0.062134
20921,0.011703
20922,0.020261
20923,-0.012985
20924,-0.013447
20925,-0.017630
20926,0.000160
20927,-0.036236
20928,-0.068020
20929,-0.002603
20930,0.030870
20931,0.022587
20932,0.009563
20933,-0.029934
20934,-0.036356
20935,0.001349
20936,-0.017662
20937,-0.000349
20938,0.045425
20939,0.056145
20940,0.090873
20941,0.049446
20942,-0.015410
20943,-0.033969
20944,-0.066938
20945,-0.101716
20946,-0.038904
20947,-0.037943
20948,-0.044257
20949,0.060900
20950,0.046238
20951,0.023451
20952,0.028795
20953,-0.019998
20954,-0.033561
20955,-0.011219
20956,-0.026379
20957,0.007605
20958,0.033689
20959,-0.011681
20960,-0.053169
20961,-0.061015
20962,-0.088518
20963,-0.009557
20964,0.070592
20965,0.089559
20966,0.099323
20967,0.110336
20968,0.074610
20969,0.027582
20970,-0.017650
20971,-0.079288
20972,-0.082451
20973,-0.079055
20974,-0.087751
20975,0.002228
20976,0.066097
20977,0.087533
20978,0.029532
20979,0.016111
20980,-0.002440
20981,-0.035150
20982,-0.063297
20983,-0.065834
20984,-0.032020
20985,-0.008479
20986,0.040733
20987,0.036513
20988,0.007998
20989,-0.010941
20990,-0.023296
20991,-0.000330
20992,-0.015432
20993,0.067058
20994,0.066316
20995,0.013904
20996,0.036056
20997,0.057236
20998,0.032709
20999,-0.020131
21000,-0.106618
21001,-0.100521
21002,-0.081031
21003,-0.049347
21004,-0.013476
21005,0.073306
21006,0.101654
21007,0.063916
21008,0.003739
21009,0.005974
21010,-0.049590
21011,-0.063408
21012,0.000079
21013,-0.001459
21014,-0.009653
21015,0.021458
21016,0.009785
21017,-0.002482
21018,-0.009187
21019,-0.063315
21020,-0.017410
21021,0.008734
21022,0.003476
21023,0.016403
21024,0.022986
21025,0.032485
21026,0.070822
21027,0.046439
21028,0.016168
21029,-0.029847
21030,-0.051484
21031,-0.037293
21032,-0.062802
21033,-0.030697
21034,-0.000380
21035,-0.026987
21036,-0.010307
21037,-0.019907
21038,0.041162
21039,0.089119
21040,0.051663
21041,0.063246
21042,0.019531
21043,-0.051465
21044,-0.048676
21045,-0.032452
21046,0.016951
21047,0.021960
21048,0.033457
21049,0.016110
21050,-0.012250
21051,-0.005145
21052,0.003074
21053,0.005302
21054,0.019277
21055,0.000169
21056,-0.067391
21057,-0.103676
21058,-0.091772
21059,-0.052550
21060,0.016195
21061,0.069013
21062,0.082021
21063,0.061031
21064,0.069216
21065,-0.017087
21066,-0.065907
21067,-0.019094
21068,-0.001163
21069,0.019463
21070,0.010734
21071,0.024768
21072,-0.007594
21073,0.028479
21074,0.007653
21075,-0.039137
21076,-0.030976
21077,-0.066849
21078,-0.021120
21079,-0.017499
21080,-0.027297
21081,0.005518
21082,0.035713
21083,0.011676
21084,-0.001975
21085,-0.021384
21086,0.022789
21087,0.076868
21088,0.089575
21089,0.070404
21090,0.048242
21091,-0.043288
21092,-0.094236
21093,-0.087798
21094,-0.036457
21095,-0.018790
21096,0.011761
21097,-0.020586
21098,-0.049331
21099,0.008370
21100,0.007128
21101,-0.009966
21102,0.001042
21103,0.020065
21104,0.047188
21105,0.056759
21106,0.024788
21107,0.024737
21108,0.009173
21109,0.023443
21110,0.021938
21111,-0.015663
21112,-0.036641
21113,-0.081994
21114,-0.104169
21115,-0.020426
21116,0.033660
21117,0.022584
21118,0.053551
21119,-0.045520
21120,-0.078362
21121,0.015479
21122,0.014445
21123,0.053494
21124,0.103129
21125,0.061738
21126,0.032514
21127,0.005952
21128,-0.066382
21129,-0.125463
21130,-0.087519
21131,-0.045297
21132,0.026997
21133,0.059411
21134,0.046380
21135,0.055676
21136,0.045002
21137,0.032497
21138,0.019248
21139,-0.012038
21140,-0.019585
21141,-0.044573
21142,-0.105270
21143,-0.036770
21144,-0.018011
21145,-0.003544
21146,0.060992
21147,0.085308
21148,0.074624
21149,0.012025
21150,-0.052115
21151,-0.076072
21152,-0.001038
21153,0.009084
21154,0.050848
21155,0.057839
21156,0.011379
21157,-0.031139
21158,-0.049175
21159,-0.022421
21160,-0.012041
21161,0.045319
21162,0.033812
21163,0.001913
21164,0.025208
21165,0.001411
21166,-0.032981
21167,-0.019968
21168,-0.034323
21169,-0.039602
21170,-0.030190
21171,-0.034270
21172,-0.035902
21173,-0.035405
21174,-0.014850
21175,0.028662
21176,0.067879
21177,0.067230
21178,0.050452
21179,0.047404
21180,0.013531
21181,0.010280
21182,-0.026676
21183,-0.071680
21184,-0.089482
21185,-0.070470
21186,-0.017080
21187,0.043224
21188,0.051959
21189,0.076467
21190,0.098635
21191,0.064510
21192,0.018123
21193,0.010475
21194,-0.039851
21195,-0.084339
21196,-0.046344
21197,0.001240
21198,-0.016982
21199,0.000810
21200,0.001657
21201,-0.016380
21202,-0.010247
21203,-0.052197
21204,-0.079856
21205,-0.059879
21206,-0.031105
21207,0.015070
21208,0.098090
21209,0.133292
21210,0.103235
21211,0.056168
21212,-0.004525
21213,-0.048266
21214,-0.049345
21215,-0.063245
21216,-0.040931
21217,0.018745
21218,0.052409
21219,0.002718
21220,-0.015504
21221,-0.014278
21222,-0.030690
21223,-0.003124
21224,0.020570
21225,0.019106
21226,0.033050
21227,0.029745
21228,-0.015046
21229,-0.046707
21230,-0.049238
21231,-0.018348
21232,-0.015167
21233,0.002503
21234,-0.005221
21235,0.021608
21236,0.072865
21237,0.028654
21238,-0.051956
21239,-0.030827
21240,-0.038179
21241,0.027543
21242,0.033158
21243,0.013822
21244,-0.000592
21245,-0.037681
21246,0.001170
21247,0.011344
21248,-0.000504
21249,0.032875
21250,0.017191
21251,-0.045952
21252,-0.018904
21253,0.002125
21254,0.014418
21255,0.010579
21256,-0.039458
21257,-0.048922
21258,-0.003766
21259,-0.030844
21260,-0.006371
21261,-0.013524
21262,0.003086
21263,0.052650
21264,0.086343
21265,0.112081
21266,29.765347
21267,877.325928
21268,585.928833
21269,11.024309
21270,120.513519
21271,-45.849457
21272,-58.773697
21273,-39.051224
21274,0.462443
21275,33.089279
21276,55.214077
21277,30.722786
21278,0.293985
21279,-23.852131
21280,-29.213028
21281,18.910713
21282,43.191967
21283,28.369253
21284,-5.175957
21285,-32.640488
21286,-30.735130
21287,-15.033744
21288,-13.284515
21289,-28.867792
21290,-20.929165
21291,13.235275
21292,32.365753
21293,27.467690
21294,15.486116
21295,-4.013221
21296,-11.737578
21297,-9.309325
21298,-11.503841
21299,1.380766
21300,19.270094
21301,27.008289
21302,11.214311
21303,-20.022039
21304,-36.992783
21305,-20.463242
21306,3.444026
21307,12.005149
21308,22.221510
21309,19.191513
21310,-5.105165
21311,-23.836508
21312,-16.142796
21313,4.690352
21314,25.083532
21315,19.689890
21316,7.744089
21317,-12.028100
21318,-23.691666
21319,-22.701435
21320,-6.624454
21321,-0.004921
21322,-0.055031
21323,-0.073231
21324,-0.033511
21325,-0.010801
21326,-0.029701
21327,-0.038015
21328,-0.001833
21329,0.059185
21330,0.076574
21331,0.019453
21332,-0.029126
21333,-0.033796
21334,-0.043929
21335,-0.064701
21336,-0.041778
21337,-0.018151
21338,-0.047918
21339,-0.034150
21340,0.009588
21341,0.085579
21342,0.084379
21343,0.036443
21344,0.028525
21345,0.028880
21346,-0.038476
21347,-0.046796
21348,-0.071565
21349,-0.021418
21350,-0.038889
21351,0.039509
21352,0.089878
21353,0.062253
21354,0.033254
21355,-0.026021
21356,-0.025958
21357,-0.029718
21358,-0.058477
21359,-0.010848
21360,-0.002396
21361,-0.016032
21362,-0.021959
21363,-0.021336
21364,-0.007166
21365,0.013790
21366,0.038539
21367,-0.000592
21368,0.010401
21369,0.041046
21370,0.011978
21371,0.004628
21372,0.025659
21373,0.023321
21374,0.007116
21375,-0.029091
21376,-0.006107
21377,0.026412
21378,-0.003083
21379,-0.002132
21380,0.006669
21381,-0.039876
21382,-0.073146
21383,-0.047239
21384,-0.015880
21385,0.006766
21386,-0.048130
21387,-0.062924
21388,-0.023937
21389,0.009976
21390,0.073891
21391,0.112762
21392,0.067668
21393,0.009215
21394,-0.024784
21395,-0.057602
21396,-0.023758
21397,-0.012232
21398,0.018261
21399,0.042603
21400,0.018293
21401,0.068651
21402,0.046602
21403,0.006912
21404,-0.021471
21405,-0.101595
21406,-0.112220
21407,-0.068465
21408,0.020371
21409,0.036011
21410,0.050482
21411,0.053690
21412,0.032820
21413,0.015581
21414,0.025224
21415,0.027930
21416,0.040056
21417,-0.038473
21418,-0.092933
21419,-0.133169
21420,33.180485
21421,889.065430
21422,581.186096
21423,11.174375
21424,133.080627
21425,-28.317301
21426,-17.526037
21427,-7.063314
21428,29.841919
21429,46.582943
21430,28.254562
21431,6.026632
21432,-14.465569
21433,-27.247766
21434,-15.964324
21435,14.228114
21436,23.094709
21437,17.022079
21438,5.063926
21439,8.631309
21440,5.731102
21441,-22.382742
21442,-28.818153
21443,-28.251900
21444,-25.325243
21445,-8.432505
21446,36.498337
21447,51.746010
21448,51.294235
21449,14.207877
21450,-14.913568
21451,-27.960821
21452,-36.482853
21453,-31.560455
21454,-24.795834
21455,-22.886309
21456,-4.279203
21457,27.750086
21458,35.060360
21459,40.033207
21460,23.243883
21461,-14.873900
21462,-35.260979
21463,-41.553474
21464,-19.247480
21465,21.428858
21466,52.539589
21467,59.392078
21468,32.430676
21469,-5.812469
21470,-39.020168
21471,-32.194042
21472,-35.293049
21473,-37.908356
21474,-36.967079
21475,-0.034433
21476,0.048696
21477,0.060670
21478,0.084284
21479,0.079514
21480,0.028643
21481,0.012705
21482,-0.015785
21483,-0.034205
21484,-0.000735
21485,0.017819
21486,0.012785
21487,0.018522
21488,-0.006503
21489,0.022225
21490,0.033234
21491,-0.042163
21492,-0.061241
21493,-0.052874
21494,0.015363
21495,0.078957
21496,0.053208
21497,-0.007567
21498,-0.023962
21499,-0.005364
21500,-0.036322
21501,-0.043498
21502,-0.039956
21503,0.002034
21504,0.035769
21505,0.020794
21506,-0.018055
21507,-0.023275
21508,-0.045153
21509,0.007035
21510,0.086673
21511,0.072539
21512,0.078871
21513,0.008718
21514,-0.069574
21515,-0.064264
21516,-0.001373
21517,-0.049972
21518,-0.029135
21519,0.060575
21520,0.014028
21521,-0.032225
21522,-0.066275
21523,-0.078497
21524,-0.029538
21525,0.019675
21526,0.030305
21527,0.044817
21528,0.070009
21529,0.073524
21530,0.102426
21531,0.060872
21532,0.017218
21533,-0.023643
21534,-0.095345
21535,-0.093903
21536,-0.064258
21537,-0.072237
21538,-0.006992
21539,0.049966
21540,0.028013
21541,0.016689
21542,-0.004059
21543,-0.007773
21544,-0.001930
21545,-0.039142
21546,-0.072146
21547,-0.036188
21548,0.019898
21549,0.053292
21550,0.064944
21551,0.056532
21552,0.050196
21553,0.019141
21554,0.006482
21555,-0.051863
21556,-0.066236
21557,0.015647
21558,0.032202
21559,-0.015273
21560,-0.068810
21561,-0.057706
21562,0.058720
21563,0.081434
21564,0.032477
21565,0.003615
21566,0.002940
21567,-0.032485
21568,-0.081839
21569,-0.022008
21570,0.043090
21571,0.033108
21572,0.064159
21573,0.049460
21574,-0.001598
21575,-0.047226
21576,-0.090804
21577,-0.094505
21578,-0.068757
21579,0.010730
21580,0.116577
21581,0.148476
21582,0.048246
21583,-0.051013
21584,-0.060059
21585,-0.043462
21586,-0.031851
21587,-0.015726
21588,-0.000616
21589,-0.012467
21590,0.013733
21591,0.002658
21592,-0.028088
21593,0.003567
21594,-0.016666
21595,0.012341
21596,0.061439
21597,0.048682
21598,0.039350
21599,0.023037
21600,-0.029398
21601,-0.054711
21602,-0.042963
21603,-0.020756
21604,0.006474
21605,0.013496
21606,0.034988
21607,-0.004413
21608,-0.058940
21609,-0.052195
21610,-0.019135
21611,0.002737
21612,0.103452
21613,0.072967
21614,0.047082
21615,0.024282
21616,0.006607
21617,-0.020592
21618,-0.053336
21619,-0.060842
21620,-0.074924
21621,-0.071735
21622,-0.014571
21623,-0.015592
21624,0.062296
21625,0.068115
21626,0.063721
21627,0.042410
21628,0.016575
21629,0.013154
21630,-0.023949
21631,-0.073629
21632,-0.066125
21633,-0.035447
21634,-0.017391
21635,0.062395
21636,0.064178
21637,0.063587
21638,0.062199
21639,0.003194
21640,-0.061212
21641,-0.078780
21642,-0.082652
21643,-0.008694
21644,-0.003442
21645,-0.008711
21646,-0.007068
21647,-0.044709
21648,-0.003061
21649,0.055262
21650,0.040408
21651,0.033757
21652,0.015160
21653,-0.040395
21654,-0.055338
21655,-0.023137
21656,0.032476
21657,0.033430
21658,0.025754
21659,0.034838
21660,0.074035
21661,0.030231
21662,-0.051606
21663,-0.043215
21664,-0.056277
21665,-0.002733
21666,0.034347
21667,0.039712
21668,0.029577
21669,-0.019375
21670,-0.049797
21671,-0.031164
21672,-0.009992
21673,-0.045028
21674,39.252239
21675,908.427917
21676,573.363647
21677,11.421885
21678,171.173599
21679,-12.619942
21680,-7.895757
21681,-0.125416
21682,35.844978
21683,62.284683
21684,73.247154
21685,76.100166
21686,34.406742
21687,-31.991560
21688,-85.545387
21689,-92.312401
21690,-60.705116
21691,-23.445175
21692,23.803425
21693,52.911175
21694,55.070061
21695,36.700172
21696,-10.210025
21697,-53.172684
21698,-49.809975
21699,-29.656273
21700,-3.617703
21701,26.777428
21702,13.174202
21703,8.087731
21704,25.535946
21705,34.732124
21706,20.021755
21707,2.383227
21708,-12.150592
21709,-11.995059
21710,-12.486403
21711,-2.489514
21712,16.605947
21713,10.074258
21714,-10.943156
21715,-14.775145
21716,-10.706996
21717,-2.374376
21718,0.053944
21719,-3.298916
21720,-9.031714
21721,-13.525291
21722,-2.646067
21723,19.420637
21724,18.153910
21725,-3.892342
21726,-12.534444
21727,-2.545791
21728,9.688833
21729,0.027421
21730,0.065909
21731,0.089226
21732,0.001793
21733,-0.014369
21734,-0.062375
21735,-0.070237
21736,-0.025037
21737,0.042085
21738,0.075840
21739,0.043297
21740,-0.027614
21741,-0.031648
21742,-0.013876
21743,-0.038299
21744,-0.059235
21745,-0.015942
21746,-0.049212
21747,-0.026628
21748,0.026720
21749,0.053980
21750,-0.013728
21751,-0.004883
21752,-0.013307
21753,0.005915
21754,0.035732
21755,0.078708
21756,0.078213
21757,0.055282
21758,-0.020004
21759,0.009671
21760,0.004351
21761,-0.033887
21762,-0.043641
21763,-0.102765
21764,-0.100311
21765,-0.055624
21766,-0.041011
21767,0.027214
21768,0.071128
21769,0.051348
21770,0.040691
21771,-0.005128
21772,-0.025131
21773,0.011414
21774,0.017490
21775,0.056463
21776,0.084878
21777,-0.015265
21778,-0.050650
21779,-0.031742
21780,-0.019000
21781,-0.015109
21782,-0.000177
21783,0.005152
21784,0.026939
21785,-0.000224
21786,-0.035667
21787,-0.040282
21788,-0.056581
21789,-0.017260
21790,0.043631
21791,0.050473
21792,0.065756
21793,0.024439
21794,-0.006461
21795,-0.018226
21796,-0.076581
21797,-0.067524
21798,-0.035675
21799,-0.012782
21800,-0.000432
21801,0.015966
21802,-0.032821
21803,-0.007489
21804,0.010572
21805,0.026953
21806,0.110626
21807,0.074922
21808,0.027567
21809,-0.016071
21810,-0.050205
21811,-0.007377
21812,0.018506
21813,0.018059
21814,-0.019669
21815,-0.014361
21816,-0.015064
21817,0.005703
21818,-0.006665
21819,0.004471
21820,0.056110
21821,0.016682
21822,-0.018829
21823,-0.015298
21824,-0.050587
21825,-0.068581
21826,-0.078999
21827,-0.038625
21828,0.008663
21829,-0.036883
21830,-0.037530
21831,0.029396
21832,0.066393
21833,0.031121
21834,0.060381
21835,0.106186
21836,0.070723
21837,0.025733
21838,-0.042116
21839,-0.147998
21840,-0.119988
21841,-0.047504
21842,0.005239
21843,0.014710
21844,-0.001275
21845,0.043754
21846,0.062951
21847,0.040487
21848,0.004413
21849,-0.016382
21850,0.016298
21851,-0.021932
21852,-0.048975
21853,-0.033887
21854,-0.009136
21855,0.055157
21856,0.065197
21857,0.080564
21858,0.046816
21859,0.056098
21860,-0.000603
21861,-0.072088
21862,-0.107426
21863,-0.059035
21864,-0.040673
21865,-0.061024
21866,0.002492
21867,0.023737
21868,0.043266
21869,0.048999
21870,0.052647
21871,0.040106
21872,-0.002308
21873,-0.016904
21874,-0.005169
21875,-0.027438
21876,-0.075745
21877,-0.073256
21878,-0.039997
21879,-0.016546
21880,0.011422
21881,0.033199
21882,0.075155
21883,0.078708
21884,0.042664
21885,0.009528
21886,0.030927
21887,-0.014067
21888,-0.039950
21889,-0.018308
21890,-0.051631
21891,-0.021273
21892,-0.015571
21893,-0.032315
21894,0.004470
21895,-0.006695
21896,-0.004129
21897,-0.004776
21898,0.021214
21899,0.036774
21900,0.054707
21901,0.039895
21902,0.020765
21903,0.002037
21904,-0.006670
21905,-0.038970
21906,-0.003845
21907,0.004860
21908,-0.046566
21909,-0.047945
21910,0.005423
21911,-0.000162
21912,-0.022603
21913,0.005960
21914,-0.015852
21915,-0.039688
21916,-0.019796
21917,-0.018502
21918,0.050939
21919,0.086511
21920,0.082547
21921,0.036601
21922,-0.015314
21923,-0.029407
21924,-0.045510
21925,-0.032633
21926,-0.021365
21927,-0.028050
21928,-0.025334
21929,0.026498
21930,-0.021314
21931,-0.031130
21932,0.024030
21933,0.085273
21934,0.049761
21935,0.007176
21936,-0.022843
21937,-0.023149
21938,-0.021163
21939,-0.004480
21940,0.031647
21941,-0.015147
21942,0.002832
21943,0.003220
21944,-0.005456
21945,-0.009897
21946,-0.017858
21947,-0.028053
21948,-0.034296
21949,-0.009482
21950,0.003373
21951,0.020262
21952,0.037189
21953,0.009537
21954,-0.025047
21955,-0.014147
21956,-0.007055
21957,0.014209
21958,0.037234
21959,0.014802
21960,-0.010355
21961,-0.035150
21962,-0.038115
21963,0.021436
21964,-0.013821
21965,-0.025118
21966,0.004474
21967,0.037781
21968,0.045700
21969,-0.006588
21970,-0.034025
21971,-0.070323
21972,-0.064841
21973,0.018795
21974,0.066720
21975,0.064846
21976,0.019229
21977,-0.031651
21978,-0.002197
21979,0.048563
21980,0.061413
21981,0.019863
21982,0.015392
21983,-0.025132
21984,-0.039855
21985,0.014292
21986,-0.017536
21987,-0.055666
21988,-0.056231
21989,-0.053944
21990,-0.034668
21991,0.039023
21992,0.086548
21993,0.066287
21994,0.022561
21995,0.006619
21996,-0.035345
21997,-0.058173
21998,-0.054361
21999,0.003934
22000,0.032723
22001,0.037252
22002,-0.005096
22003,-0.017288
22004,-0.018714
22005,0.003281
22006,0.005183
22007,-0.018597
22008,-0.028727
22009,-0.006548
22010,0.006217
22011,-0.032958
22012,-0.003524
22013,-0.015662
22014,0.059892
22015,0.071814
22016,0.027531
22017,-0.011751
22018,-0.036865
22019,-0.025074
22020,0.031278
22021,0.043674
22022,0.008887
22023,-0.015476
22024,0.000954
22025,0.024475
22026,-0.040619
22027,-0.047848
22028,-0.018572
22029,-0.001123
22030,-0.033874
22031,-0.077619
22032,-0.060146
22033,-0.016189
22034,0.011113
22035,0.085177
22036,0.106641
22037,0.013959
22038,0.013757
22039,0.023237
22040,0.007365
22041,0.016298
22042,0.037197
22043,-0.013088
22044,0.003031
22045,-0.032542
22046,-0.006808
22047,0.037741
22048,-0.006974
22049,-0.050595
22050,-0.016789
22051,-0.012666
22052,-0.064120
22053,-0.016090
22054,-0.001788
22055,0.001629
22056,0.012860
22057,0.037183
22058,0.015519
22059,0.012719
22060,0.016622
22061,-0.020974
22062,-0.033194
22063,-0.017257
22064,0.002217
22065,0.048575
22066,0.025992
22067,-0.000338
22068,-0.074136
22069,-0.056120
22070,-0.019557
22071,-0.010275
22072,0.043742
22073,0.070504
22074,0.006174
22075,0.029477
22076,0.074204
22077,0.044123
22078,0.008478
22079,-0.082574
22080,-0.062883
22081,-0.061654
22082,-0.009555
22083,-0.040836
22084,-0.098998
22085,-0.045092
22086,0.032837
22087,0.076939
22088,0.078478
22089,0.051582
22090,0.022258
22091,0.015054
22092,0.020210
22093,0.013577
22094,-0.007965
22095,0.025029
22096,-0.010976
22097,-0.051369
22098,-0.112811
22099,-0.054080
22100,0.019884
22101,0.051526
22102,0.026633
22103,0.025191
22104,-0.004094
22105,0.021803
22106,-0.013523
22107,-0.038043
22108,0.031371
22109,0.006018
22110,-0.035875
22111,-0.029576
22112,-0.028684
22113,0.009777
22114,0.012334
22115,-0.024676
22116,0.069558
22117,0.049063
22118,-0.040764
22119,-0.033787
22120,0.016644
22121,0.016653
22122,-0.005762
22123,-0.005483
22124,-0.021160
22125,-0.009344
22126,-0.032472
22127,-0.018652
22128,0.010514
22129,0.041737
22130,0.054149
22131,0.091141
22132,0.040806
22133,0.002060
22134,-0.033106
22135,-0.064239
22136,-0.060394
22137,-0.082314
22138,-0.059124
22139,0.020443
22140,0.035827
22141,0.023948
22142,0.002693
22143,0.005918
22144,0.017327
22145,-0.000542
22146,0.057719
22147,0.012074
22148,-0.049006
22149,-0.022494
22150,0.029661
22151,0.016923
22152,0.038354
22153,0.031983
22154,0.015253
22155,0.003156
22156,-0.039476
22157,-0.079935
22158,-0.080936
22159,-0.020216
22160,-0.003239
22161,0.052806
22162,0.062174
22163,0.041460
22164,-0.003658
22165,-0.007825
22166,-0.012780
22167,0.021297
22168,-0.016689
22169,-0.042453
22170,-0.018198
22171,-0.049393
22172,-0.031255
22173,-0.028558
22174,-0.030571
22175,0.058221
22176,0.080436
22177,0.096301
22178,0.085432
22179,0.040969
22180,0.014348
22181,0.031357
22182,-0.002315
22183,-0.080213
22184,-0.114727
22185,-0.105613
22186,-0.074269
22187,-0.040149
22188,-0.008558
22189,0.036962
22190,0.047774
22191,0.036445
22192,0.061165
22193,0.091276
22194,0.020132
22195,-0.079740
22196,-0.064904
22197,-0.041525
22198,0.016424
22199,0.024080
22200,0.050712
22201,0.042024
22202,-0.020786
22203,-0.017427
22204,-0.034045
22205,-0.023040
22206,-0.041374
22207,0.004250
22208,-0.010420
22209,-0.025633
22210,0.005231
22211,0.019221
22212,0.088075
22213,0.071990
22214,0.047019
22215,0.031849
22216,-0.070659
22217,-0.053535
22218,-0.038575
22219,-0.030320
22220,0.000100
22221,-0.022319
22222,-0.008179
22223,-0.013493
22224,-0.005826
22225,0.016014
22226,0.017319
22227,0.025537
22228,0.071063
22229,0.049916
22230,0.025495
22231,0.012320
22232,-0.034847
22233,-0.078502
22234,-0.082441
22235,-0.041155
22236,-0.016946
22237,0.014700
22238,0.051018
22239,0.018997
22240,0.014055
22241,0.055414
22242,-0.021059
22243,-0.033009
22244,-0.014253
22245,-0.036821
22246,-0.034735
22247,0.038332
22248,0.016497
22249,0.011127
22250,0.001914
22251,-0.034104
22252,-0.000815
22253,-0.005316
22254,0.024343
22255,0.059412
22256,0.017931
22257,-0.026197
22258,-0.024967
22259,-0.035974
22260,-0.039738
22261,-0.012762
22262,-0.005540
22263,0.034776
22264,0.031517
22265,-0.007467
22266,0.030023
22267,-0.001296
22268,-0.002245
22269,-0.004388
22270,-0.055211
22271,0.023955
22272,0.055879
22273,0.068653
22274,0.021815
22275,0.007120
22276,-0.000594
22277,-0.073347
22278,-0.057382
22279,-0.034073
22280,-0.018216
22281,-0.008256
22282,-0.088178
22283,-0.098124
22284,-0.009836
22285,0.052486
22286,0.074489
22287,0.052429
22288,0.037423
22289,0.044667
22290,0.016907
22291,0.044045
22292,0.036699
22293,-0.004760
22294,-0.036461
22295,-0.113462
22296,-0.115606
22297,-0.068495
22298,-0.041795
22299,0.060303
22300,0.104944
22301,0.073253
22302,0.048050
22303,0.049151
22304,0.051421
22305,0.014170
22306,-0.024645
22307,-0.024415
22308,-0.053313
22309,-0.075284
22310,-0.018257
22311,-0.000023
22312,0.014319
22313,0.033678
22314,-0.016434
22315,-0.013612
22316,-0.016865
22317,-0.013634
22318,-0.006133
22319,0.007846
22320,-0.016489
22321,-0.038687
22322,-0.002967
22323,0.033211
22324,0.026345
22325,0.013078
22326,0.059564
22327,0.062215
22328,-0.001151
22329,0.011296
22330,-0.019158
22331,-0.058725
22332,-0.075603
22333,-0.077511
22334,-0.020355
22335,-0.022536
22336,0.035135
22337,0.084428
22338,0.106943
22339,0.072306
22340,0.020741
22341,0.028217
22342,-0.002170
22343,-0.088739
22344,-0.128508
22345,-0.071864
22346,-0.016471
22347,0.019211
22348,0.045734
22349,0.087466
22350,0.079242
22351,0.039102
22352,-0.008976
22353,-0.059474
22354,-0.129677
22355,-0.143646
22356,-0.032528
22357,0.084176
22358,0.101024
22359,0.051447
22360,0.008809
22361,-0.033578
22362,-0.063601
22363,-0.030095
22364,0.038454
22365,0.067856
22366,0.014806
22367,-0.015094
22368,0.018242
22369,-0.060045
22370,-0.014680
22371,-0.003205
22372,0.002339
22373,0.012991
22374,0.001764
22375,0.028284
22376,0.049047
22377,0.022655
22378,-0.028950
22379,-0.014021
22380,-0.011374
22381,-0.029860
22382,0.000946
22383,0.022206
22384,-0.004077
22385,0.019270
22386,0.008291
22387,0.032398
22388,0.034682
22389,0.027547
22390,0.028867
22391,-0.033816
22392,-0.019313
22393,-0.042583
22394,-0.054267
22395,-0.004200
22396,-0.032971
22397,-0.037553
22398,-0.030195
22399,-0.047201
22400,-0.016773
22401,-0.017320
22402,-0.013705
22403,0.026656
22404,-0.002243
22405,0.024899
22406,0.080988
22407,0.086195
22408,0.132452
22409,0.107179
22410,0.085128
22411,-0.051532
22412,-0.085255
22413,-0.122231
22414,-0.122488
22415,-0.093085
22416,-0.006583
22417,0.019671
22418,0.082282
22419,0.059719
22420,-0.037022
22421,-0.048709
22422,-0.029036
22423,-0.013591
22424,0.038897
22425,0.065727
22426,0.042897
22427,0.021431
22428,-0.025622
22429,-0.025590
22430,-0.017397
22431,-0.042931
22432,-0.028159
22433,-0.012130
22434,0.024526
22435,0.044736
22436,0.040947
22437,0.036918
22438,0.006419
22439,-0.043721
22440,0.004514
22441,-0.021019
22442,-0.034191
22443,-0.018696
22444,-0.041568
22445,-0.058101
22446,0.011731
22447,0.035015
22448,0.025581
22449,0.056561
22450,0.034513
22451,-0.020771
22452,-0.048603
22453,-0.029290
22454,0.021738
22455,0.057006
22456,0.045743
22457,0.024644
22458,0.014454
22459,-0.045306
22460,-0.031573
22461,0.014466
22462,-0.008218
22463,-0.050919
22464,0.011883
22465,0.036669
22466,-0.008174
22467,-0.037803
22468,-0.005269
22469,-0.001413
22470,0.041343
22471,0.081479
22472,0.024276
22473,-0.017481
22474,0.019501
22475,0.002083
22476,-0.048737
22477,-0.039561
22478,-0.041913
22479,-0.057125
22480,-0.086769
22481,-0.021791
22482,0.010581
22483,0.039102
22484,0.070676
22485,0.053053
22486,0.034321
22487,0.008423
22488,-0.023092
22489,-0.009505
22490,-0.028636
22491,-0.017748
22492,0.050701
22493,0.018485
22494,0.000711
22495,0.024470
22496,0.051562
22497,0.010097
22498,-0.051147
22499,-0.096708
22500,-0.085755
22501,-0.029093
22502,0.008085
22503,0.000031
22504,-0.015608
22505,-0.009650
22506,0.020005
22507,0.032750
22508,0.063519
22509,0.056953
22510,0.047872
22511,0.049877
22512,0.075553
22513,0.043675
22514,-0.026727
22515,-0.088307
22516,-0.098721
22517,-0.098832
22518,-0.077585
22519,-0.039284
22520,-0.014784
22521,-0.011543
22522,0.040881
22523,0.092619
22524,0.052932
22525,-0.028072
22526,-0.030934
22527,0.048038
22528,0.004152
22529,-0.031942
22530,-0.024563
22531,0.012730
22532,-0.009312
22533,-0.044223
22534,0.026205
22535,0.039108
22536,0.015090
22537,0.037787
22538,0.043526
22539,0.009508
22540,-0.011657
22541,-0.023402
22542,-0.027858
22543,0.002723
22544,-0.014857
22545,-0.023888
22546,0.008681
22547,-0.010289
22548,-0.014606
22549,0.000262
22550,-0.019816
22551,-0.012237
22552,-0.014197
22553,0.011585
22554,0.031722
22555,0.006965
22556,-0.013171
22557,-0.016267
22558,0.060316
22559,0.038089
22560,0.008884
22561,0.025236
22562,-0.004547
22563,-0.024327
22564,-0.069134
22565,-0.098396
22566,-0.029981
22567,0.006037
22568,0.033674
22569,0.048110
22570,0.047296
22571,0.060584
22572,0.002906
22573,-0.014677
22574,0.001628
22575,-0.019857
22576,-0.019399
22577,-0.041831
22578,60.400555
22579,977.339905
22580,545.523071
22581,12.302787
22582,239.943817
22583,-15.268578
22584,-9.742646
22585,3.469865
22586,10.785125
22587,15.986105
22588,24.080221
22589,21.930695
22590,7.142362
22591,1.780096
22592,-10.812893
22593,-13.026656
22594,-16.289724
22595,-21.382408
22596,-12.477931
22597,-7.785264
22598,1.644365
22599,8.563282
22600,-0.440559
22601,3.208395
22602,-1.771742
22603,9.712646
22604,17.520998
22605,15.154806
22606,15.377948
22607,12.376535
22608,-17.209583
22609,-16.814741
22610,-13.033767
22611,-15.504486
22612,-1.604902
22613,2.300741
22614,-4.212342
22615,11.439505
22616,7.580181
22617,-1.064632
22618,2.321529
22619,9.939284
22620,18.635719
22621,14.898747
22622,-2.560440
22623,-23.513376
22624,-21.043188
22625,-14.761682
22626,-7.611453
22627,10.651921
22628,14.853336
22629,4.063851
22630,-11.751622
22631,-9.569145
22632,-4.638089
22633,0.015419
22634,-0.022687
22635,0.018480
22636,0.016077
22637,-0.004741
22638,0.016652
22639,0.038955
22640,0.013546
22641,0.023791
22642,0.001168
22643,-0.047554
22644,-0.041009
22645,-0.046109
22646,-0.039462
22647,-0.000973
22648,0.009343
22649,0.002924
22650,0.052050
22651,0.071660
22652,0.056965
22653,0.034753
22654,0.006775
22655,-0.058691
22656,-0.115800
22657,-0.089045
22658,-0.101812
22659,-0.035937
22660,0.043051
22661,0.079853
22662,0.090241
22663,0.056159
22664,0.048957
22665,0.012796
22666,-0.002603
22667,-0.015200
22668,-0.012081
22669,-0.019492
22670,0.015541
22671,0.006707
22672,-0.060522
22673,-0.035733
22674,-0.006120
22675,0.002497
22676,0.032980
22677,0.021591
22678,0.004662
22679,-0.013992
22680,0.002148
22681,0.008389
22682,-0.006088
22683,-0.005895
22684,-0.048328
22685,-0.020063
22686,0.031835
22687,0.035535
22688,0.021640
22689,-0.010250
22690,-0.063761
22691,-0.023653
22692,0.004344
22693,0.029895
22694,0.009140
22695,-0.041638
22696,-0.042688
22697,-0.016472
22698,0.012997
22699,0.012328
22700,-0.008226
22701,0.018465
22702,0.023987
22703,0.043614
22704,0.069012
22705,0.041460
22706,0.001396
22707,-0.074750
22708,-0.031975
22709,0.026674
22710,0.011907
22711,-0.029441
22712,-0.039268
22713,-0.011789
22714,-0.054824
22715,-0.049266
22716,0.017602
22717,0.036308
22718,0.040433
22719,0.071579
22720,0.044550
22721,0.009782
22722,-0.012745
22723,-0.038036
22724,-0.022017
22725,0.033893
22726,-0.001313
22727,-0.053509
22728,-0.060483
22729,-0.022297
22730,0.001261
22731,-0.002737
22732,0.012970
22733,0.041562
22734,0.089381
22735,0.042636
22736,-0.018578
22737,-0.051675
22738,-0.098286
22739,-0.065134
22740,-0.012860
22741,-0.028711
22742,0.026902
22743,0.057234
22744,0.065968
22745,0.027543
22746,-0.001905
22747,0.004611
22748,-0.010445
22749,-0.031531
22750,0.016250
22751,0.046452
22752,0.092218
22753,0.087230
22754,0.040759
22755,-0.015065
22756,-0.110194
22757,-0.120104
22758,-0.091442
22759,-0.065893
22760,-0.002031
22761,0.047556
22762,0.028812
22763,0.001700
22764,-0.008025
22765,0.013836
22766,0.033578
22767,-0.016837
22768,-0.007359
22769,-0.023698
22770,0.028242
22771,0.094937
22772,0.071646
22773,0.012979
22774,-0.030951
22775,-0.068105
22776,-0.068149
22777,-0.035697
22778,0.003520
22779,0.032021
22780,-0.001092
22781,0.022645
22782,0.014209
22783,-0.049540
22784,-0.017225
22785,0.017148
22786,0.008477
22787,-0.018678
22788,-0.013294
22789,0.011029
22790,0.033309
22791,0.039723
22792,0.008036
22793,-0.052058
22794,-0.021354
22795,0.058228
22796,0.065299
22797,0.067042
22798,0.039854
22799,-0.057423
22800,-0.084012
22801,-0.040661
22802,0.012561
22803,0.036025
22804,0.023971
22805,-0.036318
22806,-0.048954
22807,-0.055535
22808,-0.024242
22809,0.034249
22810,0.020013
22811,0.068164
22812,0.039036
22813,0.008129
22814,0.001510
22815,0.019779
22816,-0.029513
22817,-0.057556
22818,-0.035551
22819,-0.049914
22820,-0.116412
22821,-0.042539
22822,0.005697
22823,0.024378
22824,0.079584
22825,0.075105
22826,0.031860
22827,0.062320
22828,0.037256
22829,0.035048
22830,0.001729
22831,-0.057902
22832,-0.079682
22833,-0.030686
22834,-0.035362
22835,-0.042537
22836,-0.078258
22837,-0.051266
22838,0.045155
22839,0.054413
22840,0.061460
22841,0.112276
22842,0.073136
22843,-0.006917
22844,0.005034
22845,-0.051864
22846,-0.056448
22847,-0.085720
22848,-0.098827
22849,0.005281
22850,0.088007
22851,0.043855
22852,0.016691
22853,-0.015623
22854,-0.006431
22855,0.015667
22856,0.033762
22857,0.054645
22858,0.047172
22859,0.012984
22860,-0.013069
22861,-0.032170
22862,-0.047514
22863,-0.048876
22864,-0.044704
22865,-0.067036
22866,-0.059851
22867,-0.021989
22868,-0.012391
22869,-0.020709
22870,0.048254
22871,0.083925
22872,0.108650
22873,0.077595
22874,-0.004109
22875,-0.041883
22876,0.001282
22877,0.013408
22878,0.020679
22879,-0.014992
22880,-0.029719
22881,-0.054518
22882,67.501785
22883,1000.514160
22884,536.160767
22885,12.599019
22886,280.929962
22887,12.413021
22888,-29.153833
22889,-48.345280
22890,-33.432564
22891,-35.991692
22892,-14.028831
22893,9.623371
22894,38.172077
22895,32.295319
22896,14.583035
22897,-24.941730
22898,-22.203850
22899,13.379166
22900,36.650799
22901,55.399113
22902,29.732889
22903,-31.950926
22904,-71.688461
22905,-62.269943
22906,-36.238739
22907,-0.136388
22908,25.262947
22909,32.040157
22910,38.288109
22911,30.435453
22912,17.667479
22913,-14.319204
22914,-42.424004
22915,-38.519684
22916,-8.203402
22917,13.745862
22918,21.129257
22919,31.878630
22920,25.283325
22921,21.526833
22922,18.187424
22923,3.952861
22924,-16.679974
22925,-39.363647
22926,-67.732574
22927,-58.496872
22928,-24.316729
22929,0.545131
22930,14.322134
22931,32.592239
22932,38.185669
22933,32.421318
22934,51.634003
22935,58.575558
22936,35.005875
22937,-0.081467
22938,-0.063447
22939,0.012217
22940,0.140851
22941,0.144470
22942,0.113361
22943,0.065143
22944,-0.014603
22945,-0.078347
22946,-0.087198
22947,-0.125835
22948,-0.071499
22949,-0.025664
22950,-0.025352
22951,0.019817
22952,0.042417
22953,0.044595
22954,0.048182
22955,0.003730
22956,-0.017482
22957,0.029328
22958,-0.021091
22959,-0.012586
22960,-0.019019
22961,0.000474
22962,0.023842
22963,-0.009929
22964,0.001183
22965,0.020884
22966,-0.014174
22967,-0.024405
22968,-0.003346
22969,0.008728
22970,0.081249
22971,0.069763
22972,0.002320
22973,-0.031035
22974,-0.025404
22975,-0.009599
22976,-0.008083
22977,-0.057378
22978,-0.061183
22979,-0.023905
22980,0.006267
22981,0.044086
22982,0.017133
22983,-0.026702
22984,-0.004697
22985,-0.011130
22986,0.004083
22987,0.025595
22988,0.068209
22989,0.021817
22990,0.001752
22991,-0.001333
22992,-0.050868
22993,-0.056955
22994,-0.032773
22995,-0.007734
22996,0.001351
22997,0.051795
22998,0.077709
22999,0.040442
23000,0.007987
23001,-0.035332
23002,-0.052494
23003,-0.029148
23004,-0.070676
23005,-0.058513
23006,-0.026684
23007,-0.003438
23008,0.029291
23009,0.067119
23010,0.028857
23011,0.030976
23012,0.047341
23013,0.025428
23014,-0.043598
23015,-0.046525
23016,0.007799
23017,0.016481
23018,0.015643
23019,0.003317
23020,-0.046218
23021,-0.065711
23022,-0.089916
23023,-0.061572
23024,0.040325
23025,0.073674
23026,0.121066
23027,0.130799
23028,0.033236
23029,0.010711
23030,-0.017846
23031,-0.038860
23032,-0.027798
23033,-0.067836
23034,-0.106692
23035,-0.113251
23036,-0.042077
23037,0.016780
23038,0.034647
23039,0.058636
23040,0.057550
23041,0.101962
23042,0.102171
23043,0.033910
23044,-0.002930
23045,-0.083710
23046,-0.107011
23047,-0.052851
23048,-0.042110
23049,0.026533
23050,0.041986
23051,0.025542
23052,0.042429
23053,0.000125
23054,-0.007393
23055,-0.009053
23056,-0.044988
23057,-0.035258
23058,-0.027692
23059,0.022941
23060,0.026217
23061,0.022370
23062,0.003689
23063,-0.040519
23064,-0.012543
23065,-0.019017
23066,-0.005374
23067,0.065427
23068,0.055640
23069,0.053025
23070,0.011424
23071,-0.043714
23072,-0.095275
23073,-0.049798
23074,0.001787
23075,0.063637
23076,0.100319
23077,0.054825
23078,0.051511
23079,-0.019400
23080,-0.086427
23081,-0.091206
23082,-0.094946
23083,0.000464
23084,0.118120
23085,0.095509
23086,0.031901
23087,0.006528
23088,-0.029848
23089,-0.015168
23090,0.048627
23091,0.070351
23092,0.111587
23093,0.025250
23094,-0.008912
23095,-0.056788
23096,-0.076290
23097,-0.047768
23098,-0.051961
23099,-0.016630
23100,-0.029594
23101,-0.024511
23102,0.034555
23103,0.055669
23104,0.039584
23105,0.023390
23106,0.040656
23107,0.035390
23108,0.039623
23109,0.024803
23110,0.038246
23111,-0.034228
23112,-0.070710
23113,-0.058012
23114,-0.021998
23115,-0.011355
23116,-0.024136
23117,-0.024275
23118,0.023374
23119,0.009375
23120,-0.013840
23121,0.016007
23122,0.019420
23123,-0.048474
23124,-0.038510
23125,-0.014760
23126,0.044920
23127,0.053485
23128,0.007141
23129,-0.040599
23130,-0.074220
23131,-0.003000
23132,0.063149
23133,0.079363
23134,0.045437
23135,0.003812
23136,-0.000951
23137,-0.009282
23138,0.088339
23139,0.098290
23140,0.031381
23141,0.007954
23142,0.008451
23143,0.055160
23144,0.025249
23145,-0.012945
23146,-0.020051
23147,-0.014324
23148,-0.025964
23149,-0.022352
23150,-0.030382
23151,-0.022204
23152,-0.000865
23153,0.021214
23154,-0.014006
23155,-0.033426
23156,-0.023985
23157,0.022885
23158,0.039339
23159,0.017300
23160,-0.010458
23161,0.015814
23162,-0.051981
23163,0.014606
23164,0.071099
23165,0.037199
23166,0.016781
23167,-0.014492
23168,-0.038416
23169,-0.072623
23170,-0.053826
23171,0.015848
23172,0.054335
23173,0.044041
23174,0.058578
23175,0.041990
23176,-0.020983
23177,-0.056537
23178,-0.059984
23179,-0.041576
23180,0.012747
23181,0.031015
23182,0.006651
23183,-0.008216
23184,-0.011896
23185,-0.049658
23186,-0.020871
23187,-0.012642
23188,-0.026567
23189,0.014843
23190,0.019632
23191,-0.035693
23192,0.003831
23193,0.011983
23194,0.003717
23195,0.047644
23196,0.043729
23197,0.001926
23198,0.019742
23199,-0.007760
23200,0.000501
23201,0.005477
23202,-0.038565
23203,-0.027438
23204,0.005990
23205,-0.022510
23206,-0.029141
23207,0.030314
23208,-0.020511
23209,-0.042829
23210,0.034383
23211,0.016697
23212,0.046900
23213,0.058360
23214,0.004332
23215,0.027275
23216,-0.013826
23217,-0.069989
23218,-0.084416
23219,-0.030469
23220,-0.003394
23221,0.106387
23222,0.071588
23223,0.039368
23224,0.053856
23225,0.017934
23226,-0.017669
23227,0.015809
23228,0.009076
23229,-0.008380
23230,-0.066122
23231,-0.131429
23232,-0.117228
23233,-0.071969
23234,-0.019166
23235,0.003191
23236,0.024386
23237,0.070068
23238,0.040730
23239,0.052884
23240,0.003103
23241,0.001542
23242,0.025477
23243,0.055940
23244,0.047627
23245,0.068402
23246,0.056895
23247,0.008780
23248,-0.077182
23249,-0.169143
23250,-0.168035
23251,-0.026876
23252,0.053470
23253,0.098794
23254,0.137827
23255,0.044631
23256,-0.047055
23257,-0.090371
23258,-0.082879
23259,-0.088523
23260,-0.068296
23261,-0.031479
23262,0.060947
23263,0.109657
23264,0.104199
23265,0.082643
23266,0.044598
23267,-0.015873
23268,-0.071483
23269,-0.028759
23270,-0.035251
23271,-0.016972
23272,0.062233
23273,0.046864
23274,0.021984
23275,0.024507
23276,-0.026851
23277,-0.031568
23278,-0.051739
23279,0.002701
23280,0.005788
23281,-0.009937
23282,-0.033151
23283,-0.049496
23284,-0.066762
23285,-0.031761
23286,0.012030
23287,0.066749
23288,0.124488
23289,0.065118
23290,0.025830
23291,-0.015392
23292,-0.051035
23293,-0.070847
23294,-0.065929
23295,-0.027652
23296,-0.011361
23297,0.020892
23298,0.069860
23299,-0.005914
23300,0.023810
23301,0.036782
23302,0.005930
23303,-0.018569
23304,-0.041293
23305,0.004948
23306,-0.002260
23307,-0.020753
23308,-0.020720
23309,0.005955
23310,-0.014365
23311,-0.025854
23312,0.043259
23313,0.033389
23314,0.025487
23315,-0.002284
23316,0.039577
23317,0.013535
23318,-0.047224
23319,-0.079971
23320,-0.053606
23321,-0.023154
23322,-0.011276
23323,0.007946
23324,0.037007
23325,0.028315
23326,0.041722
23327,0.056624
23328,0.058167
23329,0.036457
23330,0.016097
23331,-0.057319
23332,-0.042121
23333,-0.043412
23334,-0.020463
23335,0.007453
23336,-0.002083
23337,0.016393
23338,0.014902
23339,-0.025736
23340,-0.038491
23341,-0.012113
23342,0.022802
23343,0.035864
23344,0.034511
23345,0.018969
23346,0.006695
23347,0.016202
23348,0.023336
23349,-0.009952
23350,-0.058517
23351,-0.055117
23352,-0.007053
23353,-0.022165
23354,-0.021104
23355,-0.024642
23356,-0.040450
23357,0.042564
23358,0.088269
23359,0.060958
23360,-0.009974
23361,-0.058337
23362,-0.058515
23363,-0.050253
23364,-0.017494
23365,0.009721
23366,-0.005707
23367,-0.002695
23368,-0.019579
23369,-0.003340
23370,0.012855
23371,0.006965
23372,0.032452
23373,-0.000139
23374,-0.008196
23375,0.034804
23376,0.043175
23377,0.036661
23378,0.017319
23379,-0.014996
23380,-0.026461
23381,-0.073016
23382,-0.050225
23383,-0.027521
23384,0.003292
23385,0.057040
23386,0.066632
23387,0.075136
23388,0.072764
23389,0.029825
23390,-0.036694
23391,-0.078878
23392,-0.015463
23393,-0.000972
23394,-0.009289
23395,-0.024513
23396,-0.069282
23397,-0.079497
23398,-0.062754
23399,0.045040
23400,0.074868
23401,0.021154
23402,0.041376
23403,0.012869
23404,-0.028985
23405,-0.045572
23406,0.010830
23407,0.007169
23408,0.010942
23409,0.015151
23410,0.001308
23411,0.010974
23412,0.037296
23413,0.019655
23414,0.053405
23415,0.043525
23416,-0.029877
23417,-0.066240
23418,-0.075456
23419,-0.060421
23420,-0.013850
23421,0.002043
23422,-0.004285
23423,0.009851
23424,-0.011368
23425,-0.008937
23426,-0.036470
23427,0.004499
23428,0.086997
23429,0.066781
23430,0.014388
23431,0.005769
23432,-0.003514
23433,-0.033415
23434,0.012222
23435,0.057890
23436,0.032151
23437,-0.035218
23438,-0.018045
23439,-0.038233
23440,-0.057438
23441,-0.069112
23442,-0.008193
23443,0.058149
23444,0.058833
23445,0.045465
23446,0.024294
23447,0.035002
23448,-0.007800
23449,-0.006407
23450,0.008314
23451,-0.035581
23452,-0.084337
23453,-0.054599
23454,-0.054657
23455,-0.033730
23456,0.005876
23457,0.040626
23458,0.050899
23459,0.046841
23460,0.059749
23461,0.026186
23462,-0.005852
23463,-0.036405
23464,-0.026191
23465,0.001266
23466,0.028678
23467,0.041691
23468,0.057373
23469,-0.019615
23470,-0.023771
23471,-0.040899
23472,-0.064948
23473,-0.035477
23474,-0.059929
23475,-0.017105
23476,0.015484
23477,0.024438
23478,0.015316
23479,0.021115
23480,0.040529
23481,0.029078
23482,-0.001065
23483,-0.026166
23484,-0.046905
23485,-0.038569
23486,-0.012188
23487,-0.004165
23488,-0.014714
23489,-0.041231
23490,-0.010053
23491,-0.014139
23492,-0.025440
23493,-0.010847
23494,-0.048569
23495,-0.034559
23496,0.002138
23497,0.004544
23498,0.008344
23499,0.034347
23500,0.030436
23501,0.049898
23502,-0.007339
23503,0.001559
23504,-0.017687
23505,-0.040555
23506,0.005146
23507,-0.029389
23508,-0.018592
23509,-0.010684
23510,0.035674
23511,0.039000
23512,0.000343
23513,-0.011695
23514,-0.024692
23515,-0.001005
23516,0.062061
23517,0.026125
23518,0.034383
23519,-0.024658
23520,-0.041384
23521,0.008148
23522,-0.022545
23523,-0.030583
23524,0.009972
23525,0.019425
23526,-0.008658
23527,-0.047763
23528,-0.053715
23529,0.015630
23530,0.106290
23531,0.071110
23532,-0.003071
23533,-0.042779
23534,-0.008609
23535,-0.024739
23536,-0.005275
23537,0.013755
23538,-0.004615
23539,-0.029817
23540,-0.044147
23541,-0.030994
23542,0.028282
23543,0.048430
23544,0.046303
23545,0.035043
23546,-0.019473
23547,0.000596
23548,-0.032000
23549,-0.089599
23550,-0.020731
23551,-0.028794
23552,0.005055
23553,0.049730
23554,0.063591
23555,0.133733
23556,0.100657
23557,0.052913
23558,-0.021032
23559,-0.076436
23560,-0.116019
23561,-0.135443
23562,-0.056125
23563,0.023182
23564,0.021545
23565,-0.061676
23566,0.000911
23567,0.011870
23568,0.014770
23569,0.032549
23570,-0.008526
23571,-0.006493
23572,0.025918
23573,0.029239
23574,0.045598
23575,0.030236
23576,0.004042
23577,-0.040731
23578,-0.072144
23579,-0.062280
23580,-0.036432
23581,0.029017
23582,0.013624
23583,0.006977
23584,0.080213
23585,0.056326
23586,0.030312
23587,0.044783
23588,0.018776
23589,-0.020632
23590,-0.034066
23591,-0.012147
23592,-0.013143
23593,-0.009465
23594,-0.026024
23595,-0.034417
23596,-0.000348
23597,0.049887
23598,0.035478
23599,0.015938
23600,-0.006999
23601,-0.020240
23602,-0.023785
23603,-0.042319
23604,-0.012527
23605,-0.011783
23606,-0.019347
23607,-0.032807
23608,-0.014558
23609,0.021937
23610,0.013432
23611,-0.004508
23612,0.005353
23613,0.069776
23614,0.082193
23615,0.019627
23616,-0.011835
23617,-0.009213
23618,-0.010127
23619,-0.030056
23620,-0.068877
23621,-0.046665
23622,-0.020320
23623,-0.036717
23624,-0.023501
23625,0.000390
23626,0.056235
23627,0.072164
23628,0.059909
23629,0.002784
23630,-0.014738
23631,-0.000016
23632,0.036384
23633,0.034139
23634,-0.014845
23635,-0.016351
23636,-0.014468
23637,-0.016662
23638,0.009048
23639,-0.005081
23640,0.020914
23641,0.016446
23642,0.010620
23643,-0.006714
23644,-0.032816
23645,-0.060839
23646,-0.020018
23647,-0.004617
23648,0.005632
23649,-0.054465
23650,-0.067994
23651,-0.022356
23652,0.046113
23653,0.025748
23654,0.014910
23655,0.013224
23656,0.010240
23657,0.063115
23658,0.044173
23659,0.007523
23660,-0.020433
23661,-0.031286
23662,0.020212
23663,0.069726
23664,0.023773
23665,-0.002131
23666,-0.047972
23667,-0.046933
23668,-0.035885
23669,-0.068339
23670,-0.040199
23671,0.010696
23672,0.013722
23673,0.019989
23674,0.034948
23675,0.035068
23676,0.038579
23677,0.032956
23678,0.035879
23679,0.006641
23680,-0.051242
23681,-0.065189
23682,-0.051495
23683,-0.021725
23684,0.067840
23685,0.126802
23686,0.100236
23687,0.055271
23688,-0.028132
23689,-0.113152
23690,-0.132663
23691,-0.093557
23692,-0.052823
23693,0.004731
23694,0.054425
23695,0.030622
23696,0.005699
23697,0.013485
23698,-0.018455
23699,-0.032203
23700,-0.061043
23701,-0.007414
23702,-0.002628
23703,0.050327
23704,0.102608
23705,0.074881
23706,0.008585
23707,-0.024317
23708,-0.051637
23709,-0.060662
23710,-0.050935
23711,0.021393
23712,0.079474
23713,0.045896
23714,-0.000788
23715,-0.014211
23716,-0.035349
23717,-0.026711
23718,-0.007736
23719,0.018758
23720,-0.019302
23721,-0.037755
23722,0.004998
23723,0.030181
23724,0.089960
23725,0.055818
23726,0.028458
23727,0.031070
23728,0.003304
23729,-0.058904
23730,-0.103539
23731,-0.063990
23732,-0.048964
23733,-0.048850
23734,-0.015054
23735,0.034327
23736,0.053778
23737,0.036778
23738,0.029616
23739,0.023564
23740,-0.016273
23741,-0.020419
23742,-0.000579
23743,-0.003801
23744,0.000194
23745,-0.076716
23746,-0.072256
23747,-0.034852
23748,-0.062045
23749,-0.032261
23750,0.012517
23751,0.044891
23752,0.015567
23753,-0.020523
23754,0.041783
23755,0.030426
23756,-0.002740
23757,0.016228
23758,0.007014
23759,-0.017211
23760,-0.006152
23761,-0.011642
23762,0.031092
23763,0.061822
23764,0.062185
23765,0.061776
23766,0.049491
23767,-0.001744
23768,-0.057420
23769,-0.092758
23770,-0.108908
23771,-0.079859
23772,-0.000857
23773,0.065484
23774,0.050556
23775,0.053067
23776,0.048446
23777,-0.011318
23778,-0.048174
23779,-0.051340
23780,0.008454
23781,0.080166
23782,0.080170
23783,-0.015852
23784,-0.070350
23785,-0.100463
23786,-0.087598
23787,-0.006299
23788,0.024905
23789,0.022115
23790,-0.010569
23791,0.002147
23792,0.022573
23793,0.025918
23794,0.036707
23795,0.052085
23796,0.038706
23797,0.022934
23798,-0.009497
23799,-0.052783
23800,-0.040644
23801,-0.071630
23802,-0.044246
23803,0.040059
23804,0.066477
23805,0.023739
23806,-0.006541
23807,-0.017065
23808,-0.005166
23809,0.014766
23810,-0.016094
23811,-0.031399
23812,-0.010928
23813,-0.017642
23814,-0.014071
23815,0.032153
23816,0.030669
23817,0.055952
23818,0.054784
23819,-0.000445
23820,-0.057351
23821,-0.067605
23822,-0.014393
23823,0.003572
23824,0.005723
23825,-0.047668
23826,0.003026
23827,0.060473
23828,0.043689
23829,0.042573
23830,0.000469
23831,-0.016879
23832,-0.065644
23833,-0.046856
23834,-0.013435
23835,-0.070715
23836,-0.031078
23837,0.021477
23838,0.049595
23839,0.073885
23840,0.055480
23841,0.035834
23842,0.036635
23843,0.023959
23844,-0.008127
23845,-0.028977
23846,-0.109914
23847,-0.102748
23848,-0.044987
23849,-0.003345
23850,0.038748
23851,0.097891
23852,0.089027
23853,0.070168
23854,0.042984
23855,-0.030483
23856,-0.077318
23857,-0.091768
23858,-0.057897
23859,-0.018206
23860,0.012425
23861,0.051694
23862,0.016903
23863,-0.026636
23864,-0.046803
23865,-0.032791
23866,-0.014055
23867,-0.023977
23868,0.008948
23869,0.042996
23870,0.029514
23871,0.048145
23872,0.014497
23873,0.024752
23874,0.017233
23875,-0.011204
23876,0.008058
23877,-0.017851
23878,-0.059993
23879,-0.017010
23880,-0.007024
23881,-0.005379
23882,0.022797
23883,0.047849
23884,0.036758
23885,0.021757
23886,0.008586
23887,-0.019892
23888,-0.012087
23889,-0.004653
23890,-0.017152
23891,-0.015201
23892,-0.053192
23893,-0.066748
23894,0.009720
23895,0.040177
23896,0.076700
23897,0.033854
23898,-0.025486
23899,-0.010097
23900,-0.024010
23901,0.015137
23902,0.037107
23903,0.015355
23904,0.015264
23905,-0.003159
23906,-0.002971
23907,0.010148
23908,-0.071478
23909,-0.092634
23910,-0.085236
23911,-0.025542
23912,0.043784
23913,0.030632
23914,0.057434
23915,0.053566
23916,0.050680
23917,0.011674
23918,-0.030849
23919,-0.087101
23920,-0.044880
23921,0.045133
23922,0.054503
23923,0.039912
23924,0.041097
23925,0.003201
23926,-0.022331
23927,-0.032633
23928,-0.019159
23929,-0.019330
23930,-0.019265
23931,0.011605
23932,-0.004896
23933,0.017986
23934,0.066713
23935,0.046993
23936,-0.022373
23937,-0.030515
23938,-0.038607
23939,-0.030615
23940,-0.031464
23941,-0.051016
23942,-0.029853
23943,-0.042483
23944,-0.017052
23945,0.067521
23946,0.067122
23947,0.058142
23948,0.036538
23949,0.011525
23950,0.007951
23951,-0.012497
23952,-0.000277
23953,-0.023079
23954,-0.016405
23955,-0.016398
23956,-0.018972
23957,-0.012517
23958,-0.023293
23959,-0.002134
23960,0.017908
23961,0.009913
23962,0.035012
23963,-0.004156
23964,-0.010415
23965,-0.032626
23966,-0.047287
23967,-0.005824
23968,0.038517
23969,0.076662
23970,-0.000325
23971,-0.003846
23972,-0.013972
23973,0.019984
23974,0.016105
23975,-0.000021
23976,0.000612
23977,0.001336
23978,-0.014347
23979,-0.021502
23980,0.022528
23981,-0.029076
23982,-0.067948
23983,-0.018649
23984,0.068120
23985,0.038685
23986,-0.020795
23987,-0.013989
23988,0.006920
23989,-0.041594
23990,-0.033817
23991,0.030163
23992,-0.022057
23993,-0.009568
23994,-0.020863
23995,-0.034270
23996,-0.031118
23997,0.028815
23998,0.097810
23999,0.112146
24000,0.080943
24001,0.052748
24002,-0.063903
24003,-0.147465
24004,-0.136846
24005,-0.046987
24006,0.038448
24007,0.061844
24008,0.057041
24009,0.056087
24010,0.038142
24011,0.022796
24012,0.024241
24013,-0.011785
24014,-0.025226
24015,-0.060396
24016,-0.079324
24017,-0.013866
24018,0.012981
24019,0.026954
24020,0.050718
24021,0.031660
24022,-0.013603
24023,0.000285
24024,-0.016734
24025,-0.074041
24026,-0.080218
24027,-0.056844
24028,-0.016059
24029,0.029349
24030,0.047975
24031,-0.014994
24032,-0.045316
24033,0.025482
24034,0.073222
24035,0.096785
24036,0.081357
24037,0.001273
24038,-0.019501
24039,-0.072226
24040,-0.107119
24041,-0.035967
24042,-0.021423
24043,0.037370
24044,0.063007
24045,0.016359
24046,0.048397
24047,0.012723
24048,0.038130
24049,0.055804
24050,0.010623
24051,-0.017766
24052,-0.075430
24053,-0.100563
24054,-0.057696
24055,-0.036543
24056,0.010583
24057,0.003043
24058,0.058867
24059,0.055751
24060,0.047210
24061,-0.011808
24062,-0.017188
24063,-0.041980
24064,-0.049062
24065,-0.055711
24066,-0.041643
24067,-0.041746
24068,0.022086
24069,0.101974
24070,0.091535
24071,0.062199
24072,0.048042
24073,0.044461
24074,0.009939
24075,-0.059341
24076,-0.060978
24077,0.007234
24078,-0.009062
24079,-0.026493
24080,0.005407
24081,-0.018660
24082,-0.039204
24083,-0.000811
24084,-0.019053
24085,-0.038604
24086,-0.041083
24087,-0.055284
24088,-0.022157
24089,0.023916
24090,0.059713
24091,0.044411
24092,0.003227
24093,-0.033561
24094,0.028465
24095,0.060470
24096,0.060689
24097,0.052306
24098,0.059245
24099,-0.035269
24100,-0.054882
24101,-0.028549
24102,-0.067308
24103,-0.042418
24104,0.005220
24105,0.030116
24106,0.024771
24107,-0.027720
24108,-0.020038
24109,0.007191
24110,-0.028443
24111,-0.008190
24112,-0.007208
24113,0.013619
24114,-0.000804
24115,-0.037235
24116,0.019081
24117,0.003804
24118,-0.021422
24119,0.034030
24120,0.060061
24121,0.065845
24122,0.035250
24123,0.009839
24124,0.006707
24125,-0.004714
24126,-0.035659
24127,-0.041174
24128,-0.059774
24129,-0.050816
24130,-0.016815
24131,0.007549
24132,0.015116
24133,-0.032875
24134,-0.050675
24135,-0.009066
24136,0.039719
24137,0.019880
24138,0.009320
24139,-0.020782
24140,-0.024387
24141,-0.000623
24142,0.051245
24143,0.030464
24144,0.097475
24145,0.116991
24146,0.045234
24147,0.023659
24148,-0.018396
24149,-0.059410
24150,-0.084796
24151,-0.084144
24152,-0.022560
24153,-0.018578
24154,0.018043
24155,0.045300
24156,0.044234
24157,-0.026551
24158,-0.069077
24159,-0.048572
24160,-0.003686
24161,-0.022664
24162,0.009019
24163,0.082959
24164,0.074070
24165,0.074903
24166,0.024860
24167,-0.019409
24168,-0.040184
24169,-0.057283
24170,-0.115821
24171,-0.103233
24172,-0.070987
24173,-0.029419
24174,0.039795
24175,0.114606
24176,0.106138
24177,0.065440
24178,0.024620
24179,0.037139
24180,0.055690
24181,0.041994
24182,-0.033955
24183,-0.074273
24184,-0.043899
24185,-0.047843
24186,-0.027792
24187,0.005110
24188,0.037982
24189,0.056355
24190,0.005591
24191,-0.068284
24192,-0.056265
24193,-0.046597
24194,-0.013880
24195,0.022447
24196,0.042149
24197,0.038248
24198,-0.025126
24199,-0.011650
24200,0.002882
24201,0.003495
24202,0.018274
24203,0.015661
24204,0.017665
24205,-0.030880
24206,-0.074569
24207,-0.050564
24208,-0.034400
24209,0.010171
24210,0.024595
24211,0.026360
24212,0.047133
24213,0.009055
24214,-0.017431
24215,-0.008888
24216,-0.030389
24217,-0.055339
24218,0.014328
24219,0.060630
24220,0.057592
24221,0.053187
24222,0.017861
24223,-0.014797
24224,-0.005671
24225,-0.013871
24226,-0.045971
24227,-0.024478
24228,-0.031165
24229,-0.055477
24230,0.014787
24231,0.081343
24232,0.040753
24233,0.035558
24234,0.054759
24235,-0.001927
24236,-0.024923
24237,-0.050088
24238,-0.072356
24239,-0.057397
24240,-0.059453
24241,-0.004652
24242,0.048424
24243,0.078928
24244,0.086126
24245,0.012331
24246,-0.036749
24247,-0.051350
24248,-0.040327
24249,-0.001829
24250,0.000861
24251,0.024759
24252,0.017672
24253,-0.002761
24254,-0.009277
24255,0.001823
24256,-0.048604
24257,0.021473
24258,0.062861
24259,0.053921
24260,0.069084
24261,-0.017920
24262,-0.090878
24263,-0.102915
24264,-0.061450
24265,0.018603
24266,0.084603
24267,0.035356
24268,0.040071
24269,0.058642
24270,-0.008514
24271,-0.041555
24272,-0.038287
24273,-0.054328
24274,-0.028826
24275,-0.004557
24276,0.026974
24277,0.005538
24278,-0.013776
24279,0.011450
24280,0.009131
24281,0.011154
24282,0.038631
24283,0.055690
24284,0.006110
24285,-0.014561
24286,-0.042916
24287,-0.047257
24288,-0.075805
24289,-0.071477
24290,0.011055
24291,0.042190
24292,0.051634
24293,0.100815
24294,0.071306
24295,0.045940
24296,-0.013107
24297,-0.056702
24298,-0.078542
24299,-0.048483
24300,-0.089625
24301,-0.064221
24302,0.003677
24303,0.005998
24304,0.049059
24305,0.082836
24306,0.004521
24307,0.045802
24308,0.066054
24309,-0.006248
24310,-0.033651
24311,-0.019232
24312,0.028978
24313,0.016864
24314,-0.025991
24315,0.047307
24316,0.019508
24317,-0.083389
24318,-0.076842
24319,-0.053700
24320,-0.009103
24321,0.018883
24322,0.016682
24323,0.038875
24324,0.085726
24325,0.032386
24326,-0.007201
24327,-0.020381
24328,-0.030509
24329,-0.059116
24330,-0.060239
24331,-0.000285
24332,0.006467
24333,0.028487
24334,0.025943
24335,-0.005673
24336,0.017479
24337,0.014019
24338,0.006725
24339,0.023392
24340,0.015329
24341,0.024861
24342,0.011975
24343,-0.037223
24344,-0.071886
24345,-0.080143
24346,-0.015460
24347,0.026790
24348,0.038134
24349,0.010608
24350,-0.036125
24351,0.010980
24352,0.035423
24353,0.013842
24354,0.015192
24355,-0.030801
24356,-0.023122
24357,0.020633
24358,0.001685
24359,0.038736
24360,0.014803
24361,-0.045865
24362,-0.026157
24363,-0.023715
24364,-0.013154
24365,0.072339
24366,0.043619
24367,-0.029035
24368,0.027282
24369,0.021379
24370,-0.005104
24371,-0.021206
24372,-0.077404
24373,-0.032234
24374,0.037569
24375,0.038882
24376,0.033295
24377,0.005406
24378,-0.015582
24379,-0.030642
24380,-0.038621
24381,-0.025844
24382,-0.048954
24383,-0.005697
24384,0.067012
24385,0.078861
24386,-0.018348
24387,-0.040917
24388,-0.006984
24389,-0.028661
24390,-0.003532
24391,0.045893
24392,0.007203
24393,0.011727
24394,0.011626
24395,0.024818
24396,0.033578
24397,-0.029264
24398,-0.011552
24399,0.013602
24400,-0.016350
24401,-0.057508
24402,-0.068245
24403,-0.013397
24404,0.009980
24405,0.010581
24406,-0.015462
24407,-0.003955
24408,0.007816
24409,0.028290
24410,0.024407
24411,0.003633
24412,-0.001315
24413,-0.014660
24414,0.004641
24415,-0.007673
24416,-0.014901
24417,0.014921
24418,0.055754
24419,0.020778
24420,0.027453
24421,0.006861
24422,-0.008651
24423,-0.033181
24424,-0.038701
24425,0.007494
24426,-0.017534
24427,0.022094
24428,0.054553
24429,0.020205
24430,-0.014183
24431,-0.070726
24432,-0.073808
24433,-0.047929
24434,0.014462
24435,0.052217
24436,0.049934
24437,0.064091
24438,0.021893
24439,-0.012480
24440,-0.009438
24441,-0.005464
24442,-0.011723
24443,0.009156
24444,-0.032419
24445,-0.076825
24446,-0.066920
24447,0.014028
24448,0.008742
24449,0.044742
24450,0.083944
24451,0.047558
24452,-0.018682
24453,-0.030363
24454,-0.027922
24455,-0.061449
24456,-0.067059
24457,-0.039835
24458,0.014613
24459,0.074700
24460,0.064557
24461,0.051760
24462,0.045524
24463,0.029637
24464,-0.000940
24465,-0.044049
24466,-0.051378
24467,-0.004471
24468,-0.006395
24469,-0.028319
24470,-0.047459
24471,-0.048435
24472,-0.013456
24473,0.044441
24474,0.038222
24475,0.064895
24476,0.035278
24477,0.042050
24478,0.020812
24479,0.012282
24480,-0.019451
24481,-0.047293
24482,-0.006485
24483,0.017675
24484,-0.008321
24485,-0.022484
24486,105.157471
24487,1122.787598
24488,486.762299
24489,14.162036
24490,423.170929
24491,-28.456694
24492,-26.939770
24493,-12.176156
24494,-0.589746
24495,1.394072
24496,-10.457964
24497,-20.305483
24498,-11.013907
24499,16.796076
24500,12.082976
24501,10.168070
24502,-0.772973
24503,-32.882408
24504,-18.281761
24505,19.437660
24506,50.420574
24507,47.748924
24508,26.730490
24509,-10.442107
24510,-46.173855
24511,-60.169254
24512,-44.995735
24513,-8.238580
24514,36.346867
24515,50.384876
24516,28.139557
24517,7.865019
24518,-8.783998
24519,-8.245220
24520,-11.391545
24521,-0.651793
24522,15.999887
24523,13.438633
24524,4.026319
24525,1.320959
24526,-28.501328
24527,-57.581360
24528,-41.178440
24529,-10.910160
24530,10.696489
24531,22.831606
24532,12.242823
24533,4.042603
24534,23.781057
24535,35.747257
24536,16.344666
24537,-4.374058
24538,-11.979006
24539,1.690145
24540,16.208939
24541,-0.050555
24542,-0.012477
24543,-0.012679
24544,0.039460
24545,0.089488
24546,0.007610
24547,-0.038850
24548,-0.021934
24549,-0.061177
24550,-0.019650
24551,0.009729
24552,0.008577
24553,0.007644
24554,0.031832
24555,-0.009626
24556,0.006292
24557,0.008418
24558,0.005196
24559,0.030348
24560,-0.021791
24561,-0.049111
24562,0.011953
24563,0.007636
24564,-0.025280
24565,-0.025465
24566,-0.007488
24567,0.044262
24568,0.048479
24569,0.018882
24570,0.033643
24571,0.005952
24572,-0.011113
24573,-0.027494
24574,-0.020932
24575,-0.019054
24576,0.012111
24577,0.014138
24578,0.013056
24579,0.010116
24580,-0.021351
24581,0.000887
24582,-0.031596
24583,-0.056283
24584,0.008075
24585,0.074656
24586,0.029040
24587,-0.010448
24588,-0.050409
24589,-0.067676
24590,-0.058104
24591,-0.021928
24592,0.047077
24593,0.098307
24594,0.057957
24595,0.000169
24596,-0.049698
24597,-0.054980
24598,-0.041572
24599,-0.014791
24600,0.032357
24601,0.033313
24602,0.041633
24603,0.038133
24604,0.000173
24605,-0.001260
24606,0.032391
24607,0.015734
24608,-0.011962
24609,-0.016072
24610,-0.040521
24611,-0.100892
24612,-0.031915
24613,0.007450
24614,0.046904
24615,0.040038
24616,0.001855
24617,-0.014041
24618,-0.008965
24619,-0.013022
24620,0.036499
24621,0.079567
24622,0.051937
24623,-0.027345
24624,-0.029339
24625,-0.050947
24626,-0.081901
24627,-0.019731
24628,-0.015445
24629,0.037126
24630,0.024496
24631,-0.076894
24632,-0.014453
24633,0.035051
24634,0.044784
24635,0.045437
24636,0.018085
24637,-0.004734
24638,-0.022956
24639,-0.009899
24640,0.029651
24641,0.007743
24642,-0.015082
24643,-0.044416
24644,-0.058647
24645,-0.050929
24646,-0.023378
24647,0.002116
24648,-0.006569
24649,-0.001543
24650,0.090197
24651,0.117456
24652,0.105977
24653,0.062694
24654,0.035805
24655,-0.066612
24656,-0.081683
24657,-0.055055
24658,-0.037803
24659,-0.020503
24660,-0.059712
24661,-0.070928
24662,-0.057273
24663,-0.024857
24664,0.036466
24665,0.067433
24666,0.064035
24667,0.055512
24668,0.012326
24669,-0.015220
24670,-0.062067
24671,0.009691
24672,0.091142
24673,0.063986
24674,-0.010295
24675,-0.076521
24676,-0.090970
24677,-0.077484
24678,-0.058719
24679,0.000620
24680,0.056701
24681,0.031897
24682,0.043894
24683,0.048623
24684,-0.004320
24685,0.022219
24686,0.013742
24687,0.009258
24688,0.058294
24689,0.012459
24690,-0.025361
24691,-0.052494
24692,-0.061989
24693,-0.060152
24694,-0.014617
24695,0.031969
24696,0.042631
24697,0.047573
24698,0.009582
24699,-0.021695
24700,0.002124
24701,-0.032832
24702,-0.066109
24703,-0.042007
24704,0.030398
24705,0.037656
24706,0.060848
24707,0.022903
24708,-0.004473
24709,-0.028051
24710,-0.035679
24711,-0.056169
24712,-0.038409
24713,-0.011992
24714,0.000007
24715,0.047739
24716,0.058795
24717,0.029807
24718,0.010809
24719,0.038197
24720,-0.006229
24721,-0.019814
24722,-0.033089
24723,-0.017682
24724,0.034744
24725,0.025512
24726,0.002926
24727,0.029959
24728,-0.023081
24729,-0.088741
24730,-0.058964
24731,-0.034979
24732,-0.005369
24733,0.054144
24734,0.035803
24735,0.043652
24736,0.097924
24737,0.063274
24738,-0.046307
24739,-0.071350
24740,-0.043017
24741,-0.015977
24742,0.034654
24743,0.042189
24744,0.018958
24745,-0.022890
24746,-0.065642
24747,-0.056401
24748,-0.016057
24749,0.010889
24750,0.047531
24751,0.024985
24752,0.015311
24753,0.018780
24754,-0.007014
24755,-0.080810
24756,-0.088858
24757,-0.048653
24758,-0.006077
24759,0.056004
24760,0.097042
24761,0.097532
24762,0.077159
24763,0.046468
24764,0.003079
24765,-0.033167
24766,-0.077776
24767,-0.086515
24768,-0.069400
24769,-0.023648
24770,0.010385
24771,0.038872
24772,0.028532
24773,-0.007069
24774,-0.016623
24775,-0.021437
24776,-0.012387
24777,0.030953
24778,0.051400
24779,0.064321
24780,0.075615
24781,0.015758
24782,-0.068222
24783,-0.067364
24784,-0.051070
24785,-0.036213
24786,0.011137
24787,0.063148
24788,0.042995
24789,0.035650
24790,-0.000509
24791,-0.030038
24792,-0.087852
24793,-0.114967
24794,-0.079996
24795,0.001108
24796,0.011910
24797,0.035778
24798,0.053478
24799,0.028735
24800,0.018334
24801,0.032134
24802,0.066673
24803,0.034115
24804,0.027763
24805,0.059946
24806,0.072114
24807,0.033473
24808,-0.017755
24809,-0.092589
24810,-0.143852
24811,-0.153659
24812,-0.063897
24813,0.008719
24814,0.065162
24815,0.060300
24816,0.050005
24817,0.013785
24818,-0.002987
24819,-0.005174
24820,0.035236
24821,0.026731
24822,0.039255
24823,0.016689
24824,-0.061241
24825,-0.045104
24826,-0.085790
24827,-0.049446
24828,0.006834
24829,0.002611
24830,-0.014055
24831,-0.016927
24832,-0.042745
24833,0.016010
24834,0.048810
24835,0.112110
24836,0.116879
24837,0.099972
24838,0.098319
24839,-0.041726
24840,-0.120679
24841,-0.109226
24842,-0.068460
24843,-0.015176
24844,0.005655
24845,-0.006941
24846,-0.009692
24847,0.040738
24848,0.077062
24849,0.060235
24850,-0.000337
24851,-0.016483
24852,-0.044074
24853,-0.055415
24854,-0.034698
24855,-0.000538
24856,0.058864
24857,0.036001
24858,0.035766
24859,-0.022434
24860,-0.058415
24861,-0.064102
24862,-0.057573
24863,-0.090373
24864,-0.013596
24865,0.040544
24866,0.047419
24867,0.036783
24868,0.025636
24869,0.025109
24870,-0.006805
24871,-0.020426
24872,0.000773
24873,0.028312
24874,0.001827
24875,-0.007547
24876,0.005460
24877,-0.026859
24878,0.040678
24879,0.030935
24880,-0.021215
24881,0.001934
24882,-0.039622
24883,-0.039561
24884,0.011928
24885,0.015961
24886,-0.004799
24887,0.024840
24888,0.090698
24889,0.068587
24890,-0.009593
24891,-0.050518
24892,-0.019375
24893,0.002555
24894,-0.005400
24895,0.000894
24896,-0.012334
24897,-0.044080
24898,-0.069828
24899,-0.023370
24900,-0.018740
24901,-0.019138
24902,0.075150
24903,0.097826
24904,0.020498
24905,-0.046641
24906,-0.022844
24907,0.013477
24908,-0.032322
24909,-0.021885
24910,-0.034392
24911,-0.062266
24912,-0.038094
24913,0.026053
24914,0.006440
24915,0.000637
24916,0.038718
24917,0.016381
24918,0.048510
24919,0.038138
24920,0.042672
24921,0.036320
24922,-0.000073
24923,0.015835
24924,0.024605
24925,-0.048409
24926,-0.089304
24927,-0.036143
24928,-0.034921
24929,-0.013642
24930,0.001169
24931,-0.064296
24932,-0.039089
24933,0.022933
24934,0.105833
24935,0.095885
24936,0.049291
24937,-0.003471
24938,-0.007115
24939,0.011953
24940,-0.039051
24941,-0.038161
24942,-0.019820
24943,-0.026117
24944,-0.063905
24945,-0.048089
24946,-0.026652
24947,-0.042940
24948,0.019953
24949,0.045311
24950,0.093344
24951,0.119232
24952,0.092169
24953,0.063284
24954,0.040690
24955,-0.013716
24956,-0.109511
24957,-0.170089
24958,-0.116276
24959,-0.095956
24960,-0.075303
24961,0.010372
24962,0.035715
24963,0.028372
24964,0.084229
24965,0.139380
24966,0.097549
24967,0.062766
24968,0.006381
24969,-0.057345
24970,-0.078750
24971,-0.082093
24972,-0.094552
24973,-0.031771
24974,0.027071
24975,-0.018977
24976,0.037287
24977,0.132003
24978,0.106962
24979,0.042850
24980,0.002327
24981,-0.009686
24982,-0.023455
24983,-0.050208
24984,-0.056249
24985,-0.047094
24986,-0.003145
24987,0.041720
24988,-0.000965
24989,0.022269
24990,0.017297
24991,-0.016019
24992,-0.031890
24993,-0.058928
24994,-0.071229
24995,-0.019080
24996,0.033227
24997,0.052824
24998,0.017509
24999,0.042766
25000,0.067875
25001,0.028386
25002,-0.013563
25003,-0.035912
25004,-0.000370
25005,0.008049
25006,-0.017665
25007,-0.002223
25008,0.048568
25009,-0.016250
25010,0.014160
25011,0.002669
25012,-0.013553
25013,-0.000010
25014,-0.011176
25015,0.014534
25016,-0.017755
25017,-0.046566
25018,-0.069671
25019,-0.056165
25020,-0.029501
25021,-0.017514
25022,-0.007906
25023,0.001349
25024,0.089661
25025,0.145208
25026,0.057821
25027,-0.024847
25028,-0.021427
25029,-0.000310
25030,0.026610
25031,0.014199
25032,-0.069161
25033,-0.034452
25034,0.005765
25035,-0.041958
25036,-0.019058
25037,-0.009447
25038,0.017618
25039,0.034859
25040,0.035399
25041,0.024137
25042,-0.041368
25043,-0.051487
25044,-0.056388
25045,-0.010229
25046,-0.002535
25047,-0.004669
25048,0.045383
25049,0.052216
25050,0.019163
25051,-0.009135
25052,-0.047380
25053,-0.074000
25054,-0.063440
25055,-0.030630
25056,0.079263
25057,0.095007
25058,0.040870
25059,0.028677
25060,0.039816
25061,0.024876
25062,-0.004904
25063,-0.031659
25064,-0.047691
25065,-0.032987
25066,-0.013546
25067,0.048854
25068,0.101564
25069,0.004255
25070,-0.027804
25071,-0.020274
25072,-0.054165
25073,-0.041108
25074,0.000783
25075,0.002604
25076,0.025499
25077,0.004560
25078,-0.029301
25079,-0.003063
25080,-0.007441
25081,0.007861
25082,0.001759
25083,-0.034679
25084,-0.030691
25085,-0.000504
25086,0.064516
25087,0.078636
25088,0.030786
25089,-0.019247
25090,119.288811
25091,1168.830811
25092,468.160858
25093,14.750604
25094,484.726349
25095,-34.342762
25096,0.292185
25097,31.079218
25098,54.295963
25099,69.832932
25100,71.308144
25101,41.326572
25102,-8.019942
25103,-29.366890
25104,-53.631191
25105,-56.667328
25106,-52.688526
25107,-49.863071
25108,-19.844414
25109,25.219925
25110,51.915310
25111,78.145737
25112,73.546188
25113,30.655670
25114,-28.374971
25115,-65.469200
25116,-68.494164
25117,-36.389050
25118,-12.110594
25119,25.044376
25120,48.406494
25121,39.892494
25122,6.767893
25123,-6.267445
25124,3.557143
25125,6.149088
25126,-8.110478
25127,-18.123959
25128,-19.112822
25129,-11.184297
25130,-1.197959
25131,7.619337
25132,3.482184
25133,-19.811121
25134,-37.514290
25135,-20.220070
25136,4.719462
25137,35.111847
25138,61.932133
25139,61.244179
25140,19.487394
25141,-36.260208
25142,-62.336819
25143,-42.732906
25144,-12.486030
25145,-0.045317
25146,0.016439
25147,0.046566
25148,0.006872
25149,-0.013673
25150,-0.000099
25151,-0.005915
25152,-0.042036
25153,-0.030903
25154,-0.017163
25155,-0.043376
25156,-0.012032
25157,0.044230
25158,0.055201
25159,0.078139
25160,0.049059
25161,-0.013551
25162,-0.031638
25163,-0.038471
25164,-0.065947
25165,0.010191
25166,0.044261
25167,0.022994
25168,0.022747
25169,0.005992
25170,0.006293
25171,0.017871
25172,-0.029530
25173,-0.029329
25174,-0.012152
25175,-0.017615
25176,0.035896
25177,0.048836
25178,0.016506
25179,-0.041306
25180,-0.070734
25181,-0.061173
25182,-0.058093
25183,-0.014810
25184,0.044262
25185,0.033102
25186,-0.035522
25187,-0.037036
25188,0.027078
25189,0.016161
25190,0.013784
25191,0.070769
25192,0.028930
25193,-0.008462
25194,0.005767
25195,-0.003528
25196,-0.010818
25197,-0.009979
25198,0.034547
25199,0.032187
25200,-0.000114
25201,-0.026203
25202,-0.037286
25203,-0.083448
25204,0.004755
25205,0.049957
25206,0.029214
25207,0.026586
25208,0.056954
25209,0.026648
25210,-0.053562
25211,-0.046458
25212,-0.006623
25213,0.014142
25214,-0.010128
25215,-0.097633
25216,-0.116450
25217,-0.049860
25218,-0.007307
25219,0.059863
25220,0.089265
25221,0.078370
25222,0.050666
25223,0.056464
25224,0.005582
25225,-0.039460
25226,-0.048585
25227,-0.009810
25228,0.014177
25229,-0.015864
25230,-0.022668
25231,-0.050210
25232,-0.026583
25233,-0.011097
25234,-0.042367
25235,0.005474
25236,0.007792
25237,0.065806
25238,0.125318
25239,0.070132
25240,-0.004942
25241,-0.021699
25242,-0.040945
25243,-0.013887
25244,0.043643
25245,0.035457
25246,-0.006543
25247,-0.070319
25248,-0.093454
25249,-0.060134
25250,-0.044669
25251,-0.001919
25252,0.020197
25253,0.085072
25254,0.083334
25255,0.027690
25256,0.001129
25257,-0.032629
25258,-0.045488
25259,-0.040933
25260,-0.008566
25261,0.034342
25262,0.042570
25263,0.052515
25264,0.049675
25265,-0.008723
25266,-0.083249
25267,-0.121495
25268,-0.065243
25269,0.002617
25270,0.000350
25271,-0.025853
25272,0.047142
25273,0.057459
25274,0.066639
25275,-0.008929
25276,-0.043148
25277,0.004284
25278,-0.029103
25279,-0.023564
25280,-0.003126
25281,-0.042869
25282,-0.026361
25283,0.020384
25284,0.038451
25285,0.052222
25286,0.030224
25287,0.020618
25288,0.014736
25289,-0.020209
25290,0.011172
25291,0.050209
25292,0.001140
25293,0.000421
25294,124.104080
25295,1184.381714
25296,461.878265
25297,14.949391
25298,501.738464
25299,-29.265268
25300,10.672730
25301,7.000120
25302,12.320294
25303,17.803679
25304,12.856626
25305,-7.401467
25306,-9.138494
25307,-11.483750
25308,-20.771612
25309,-21.455399
25310,7.973398
25311,24.581757
25312,44.065746
25313,50.215786
25314,37.264420
25315,-9.478472
25316,-50.482010
25317,-65.581993
25318,-56.893860
25319,-13.644510
25320,36.956257
25321,41.525700
25322,22.596338
25323,2.266896
25324,-2.787506
25325,-14.060674
25326,-5.141458
25327,20.359224
25328,27.053989
25329,21.676029
25330,-10.278649
25331,-27.676855
25332,-15.447424
25333,-3.138421
25334,-5.921003
25335,2.964233
25336,-11.659460
25337,-32.086548
25338,-25.466337
25339,-8.508161
25340,-4.475127
25341,2.884496
25342,17.401552
25343,43.366829
25344,46.055897
25345,41.431953
25346,15.276669
25347,-5.457644
25348,-3.416426
25349,-0.025443
25350,-0.028115
25351,-0.026310
25352,-0.017600
25353,0.010627
25354,-0.012266
25355,0.028687
25356,0.095836
25357,0.012888
25358,-0.040946
25359,-0.045381
25360,-0.050375
25361,-0.035581
25362,-0.029308
25363,-0.029824
25364,0.017510
25365,0.027196
25366,-0.017198
25367,0.018069
25368,0.048120
25369,0.056980
25370,0.049223
25371,0.046871
25372,0.035616
25373,0.002182
25374,-0.042062
25375,-0.071021
25376,-0.074724
25377,-0.087984
25378,-0.043826
25379,-0.032712
25380,-0.003398
25381,0.049746
25382,0.070621
25383,0.054906
25384,0.016724
25385,-0.027742
25386,-0.021937
25387,0.018018
25388,0.016402
25389,-0.005876
25390,-0.008433
25391,0.012288
25392,0.022101
25393,0.012811
25394,0.010360
25395,-0.045667
25396,-0.058498
25397,-0.046310
25398,-0.004406
25399,0.049600
25400,0.088665
25401,0.087218
25402,0.012634
25403,-0.055927
25404,-0.075416
25405,-0.056004
25406,-0.059451
25407,0.009059
25408,0.004474
25409,0.012551
25410,0.052171
25411,0.015569
25412,0.018190
25413,-0.019373
25414,-0.041153
25415,-0.022346
25416,-0.043785
25417,-0.010635
25418,0.037743
25419,0.028319
25420,0.020811
25421,0.015091
25422,0.002884
25423,0.005887
25424,-0.061323
25425,-0.037281
25426,0.016809
25427,0.018741
25428,0.079010
25429,0.062915
25430,-0.010721
25431,-0.010543
25432,-0.047118
25433,-0.059194
25434,0.011432
25435,0.003112
25436,-0.060843
25437,-0.032412
25438,-0.002303
25439,-0.026880
25440,-0.012419
25441,0.026575
25442,0.050209
25443,0.027320
25444,0.008148
25445,0.008197
25446,-0.024276
25447,0.011951
25448,0.036145
25449,-0.007164
25450,-0.039395
25451,-0.048021
25452,-0.041779
25453,0.036886
25454,0.079328
25455,0.077770
25456,0.046569
25457,-0.013833
25458,0.026389
25459,0.007540
25460,-0.052672
25461,-0.045991
25462,-0.064976
25463,-0.088580
25464,-0.038683
25465,0.019804
25466,0.050137
25467,0.028173
25468,0.050929
25469,0.042230
25470,0.020250
25471,0.014255
25472,0.044629
25473,0.013292
25474,0.009901
25475,0.051973
25476,-0.013075
25477,-0.091863
25478,-0.113049
25479,-0.089860
25480,-0.070191
25481,0.014303
25482,0.025226
25483,-0.007364
25484,-0.022260
25485,0.016489
25486,0.055955
25487,0.080852
25488,0.059489
25489,0.012330
25490,0.016959
25491,0.016636
25492,-0.036953
25493,-0.077918
25494,-0.033218
25495,-0.035725
25496,-0.014905
25497,-0.011591
25498,-48.341175
25499,1199.977905
25500,457.232330
25501,0.000000
25502,0.010086
25503,1914.153076
25504,1099.489624
25505,1626.506958
25506,2260.373291
25507,818.538269
25508,2020.034668
25509,993.999573
25510,2227.845459
25511,2248.471191
25512,1170.360840
25513,1338.349976
25514,837.788330
25515,2072.478516
25516,1081.798706
25517,1017.466370
25518,1081.831909
25519,2042.316162
25520,940.436584
25521,750.640930
25522,1760.224487
25523,1051.860474
25524,2129.168213
25525,2042.087769
25526,980.101990
25527,1364.833862
25528,1674.647827
25529,-0.042957
25530,-0.042180
25531,0.005951
25532,0.076941
25533,0.041981
25534,0.014744
25535,0.019068
25536,0.038615
25537,0.025694
25538,0.000683
25539,-0.028700
25540,-0.051616
25541,-0.006975
25542,0.026880
25543,0.065718
25544,0.042219
25545,-0.010466
25546,0.011586
25547,0.010331
25548,-0.016958
25549,0.008011
25550,-0.015132
25551,-0.027154
25552,-0.021606
25553,-0.050431
25554,-0.031210
25555,-0.038445
25556,-0.059489
25557,-0.006520
25558,0.071396
25559,0.123615
25560,0.119483
25561,0.017073
25562,-0.013912
25563,-0.051598
25564,-0.076392
25565,-0.041680
25566,-0.026419
25567,-0.060765
25568,0.034898
25569,0.054167
25570,0.033306
25571,0.025428
25572,0.009787
25573,-0.027667
25574,-0.024140
25575,-0.031857
25576,0.000221
25577,-0.018358
25578,-0.048851
25579,-0.018637
25580,-0.019864
25581,0.031200
25582,0.029316
25583,-0.015269
25584,-0.026683
25585,0.026949
25586,0.033941
25587,0.025252
25588,0.054736
25589,0.042967
25590,0.018603
25591,-0.003339
25592,-0.018535
25593,-0.013355
25594,0.020522
25595,0.038636
25596,-0.022694
25597,-0.051779
25598,-0.036730
25599,0.034106
25600,0.033151
25601,-0.014419
25602,0.004519
25603,0.000976
25604,-0.022881
25605,-0.025224
25606,-0.015046
25607,-0.028362
25608,0.005135
25609,0.025216
25610,0.012698
25611,-0.043389
25612,-0.022552
25613,-0.018684
25614,-0.013876
25615,-0.010729
25616,0.005802
25617,0.015424
25618,-0.003402
25619,-0.013139
25620,-0.007725
25621,0.010925
25622,-0.006866
25623,0.041117
25624,0.070203
25625,0.065043
25626,-0.014754
25627,-0.023504
25628,-0.022273
25629,116.831886
25630,175.964218
25631,2.016523
25632,1572.508789
25633,365.090820
25634,-28.477665
25635,12.750365
25636,29.715771
25637,32.151779
25638,23.067282
25639,0.820838
25640,-9.894981
25641,-33.514332
25642,-41.071514
25643,-23.452633
25644,-12.302164
25645,2.018299
25646,12.503205
25647,17.842520
25648,22.765882
25649,14.585909
25650,1.242175
25651,0.245441
25652,-3.045495
25653,-1.598949
25654,-7.607005
25655,-1.510813
25656,28.349146
25657,38.401463
25658,20.064753
25659,7.754451
25660,-4.707599
25661,-19.455853
25662,-43.347752
25663,-55.639877
25664,-40.225197
25665,9.384614
25666,30.283590
25667,12.136529
25668,-1.314569
25669,-7.878196
25670,-10.461647
25671,-2.400290
25672,22.166935
25673,37.584232
25674,24.477955
25675,28.230814
25676,1.779783
25677,-34.130424
25678,-44.914825
25679,-14.054179
25680,27.788776
25681,26.404634
25682,22.015175
25683,-0.115417
25684,-0.096387
25685,-0.045861
25686,0.047223
25687,0.078607
25688,0.020565
25689,0.017568
25690,0.028007
25691,-0.050704
25692,-0.045313
25693,-0.025659
25694,-0.051511
25695,-0.010955
25696,0.037670
25697,0.084157
25698,0.107715
25699,0.097680
25700,0.060968
25701,0.049290
25702,-0.053871
25703,-0.131044
25704,-0.093361
25705,-0.122233
25706,-0.062085
25707,-0.040807
25708,-0.027686
25709,0.069772
25710,0.036487
25711,0.068115
25712,0.118359
25713,0.042980
25714,0.005790
25715,0.000042
25716,-0.014477
25717,-0.036297
25718,-0.068584
25719,-0.027156
25720,-0.005791
25721,-0.013728
25722,0.034364
25723,0.007755
25724,-0.029714
25725,-0.008069
25726,0.032286
25727,0.085136
25728,0.099655
25729,0.035111
25730,-0.037786
25731,-0.094948
25732,-0.148976
25733,-0.111460
25734,-0.057409
25735,0.033077
25736,0.104290
25737,0.126557
25738,0.069284
25739,-0.024546
25740,-0.077530
25741,-0.066048
25742,-0.043193
25743,0.006860
25744,0.028455
25745,0.066131
25746,0.079165
25747,0.022521
25748,0.020030
25749,-0.013836
25750,-0.013586
25751,-0.041080
25752,-0.065520
25753,-0.097347
25754,-0.039794
25755,-0.012572
25756,-0.006982
25757,0.040297
25758,0.045453
25759,0.016012
25760,0.045889
25761,0.036377
25762,0.062954
25763,0.055626
25764,0.006111
25765,-0.007794
25766,-0.019200
25767,-0.034037
25768,-0.032650
25769,-0.032289
25770,-0.035690
25771,-0.105843
25772,-0.095024
25773,-0.011607
25774,0.034793
25775,0.061779
25776,0.088997
25777,0.078469
25778,0.052192
25779,-0.003535
25780,-0.011206
25781,-0.008282
25782,0.004811
25783,0.019483
25784,-0.010817
25785,-0.055428
25786,-0.076341
25787,-0.064531
25788,0.041047
25789,0.038884
25790,-0.040633
25791,-0.029785
25792,-0.037771
25793,-0.025090
25794,0.026037
25795,0.054791
25796,0.005684
25797,0.027004
25798,0.070050
25799,0.057933
25800,0.000521
25801,0.024202
25802,0.037066
25803,-0.025392
25804,-0.044578
25805,-0.034427
25806,-0.065863
25807,-0.093561
25808,-0.037415
25809,-0.006315
25810,0.011627
25811,0.073985
25812,0.047508
25813,0.046415
25814,0.014890
25815,-0.017009
25816,-0.004329
25817,-0.027976
25818,-0.051835
25819,-0.047751
25820,0.003621
25821,-0.003840
25822,0.020896
25823,0.033863
25824,0.023008
25825,0.046191
25826,0.029669
25827,-0.022428
25828,-0.039962
25829,-0.019000
25830,0.002680
25831,0.055505
25832,0.040035
25833,-0.047747
25834,-0.094982
25835,-0.083009
25836,-0.037396
25837,-0.037255
25838,0.002955
25839,0.108967
25840,0.102333
25841,0.095604
25842,0.060274
25843,-0.012381
25844,-0.038302
25845,-0.067757
25846,-0.060710
25847,-0.038598
25848,0.014704
25849,0.018146
25850,0.000095
25851,-0.009009
25852,0.007218
25853,-0.026528
25854,-0.030492
25855,0.016625
25856,0.021907
25857,0.044762
25858,0.043351
25859,0.008675
25860,-0.020887
25861,-0.039062
25862,0.032306
25863,0.041465
25864,0.006713
25865,-0.049930
25866,-0.068482
25867,-0.046758
25868,-0.019000
25869,-0.004824
25870,0.028949
25871,0.045030
25872,-0.004328
25873,-0.001740
25874,0.028763
25875,0.028189
25876,-0.001487
25877,-0.046271
25878,-0.070304
25879,-0.005648
25880,-0.003472
25881,0.008318
25882,0.009922
25883,0.013324
25884,0.027363
25885,-0.012870
25886,0.057438
25887,0.070049
25888,0.020453
25889,-0.001004
25890,-0.062886
25891,-0.137912
25892,-0.091139
25893,-0.058353
25894,0.016448
25895,0.038062
25896,0.044753
25897,0.045575
25898,0.074137
25899,0.039016
25900,-0.011163
25901,-0.034451
25902,0.017355
25903,0.030319
25904,0.009341
25905,-0.020139
25906,-0.015967
25907,0.025840
25908,-0.017902
25909,-0.017672
25910,0.023850
25911,0.011952
25912,-0.012491
25913,-0.045860
25914,-0.078078
25915,-0.038873
25916,0.026982
25917,0.029748
25918,0.003081
25919,-0.008564
25920,0.026651
25921,0.058948
25922,0.031934
25923,0.011925
25924,-0.017142
25925,-0.009449
25926,-0.014968
25927,-0.020369
25928,-0.031835
25929,-0.066995
25930,-0.017931
25931,0.008324
25932,-0.020802
25933,-0.046411
25934,-0.018756
25935,-0.027600
25936,0.057177
25937,0.108234
25938,0.087330
25939,0.102347
25940,0.048164
25941,-0.043174
25942,-0.095412
25943,-0.104619
25944,-0.040620
25945,-0.009436
25946,-0.000178
25947,-0.000125
25948,0.007866
25949,-0.017727
25950,-0.011014
25951,0.039016
25952,0.076276
25953,0.026858
25954,0.005981
25955,-0.022557
25956,-0.049541
25957,-0.033610
25958,0.015086
25959,0.071993
25960,0.087508
25961,0.001917
25962,-0.077819
25963,-0.102761
25964,-0.047239
25965,-0.001361
25966,0.091673
25967,0.092690
25968,0.067974
25969,-0.060011
25970,-0.094931
25971,-0.082640
25972,-0.063913
25973,-0.049257
25974,-0.013553
25975,0.070886
25976,0.086430
25977,0.046390
25978,-0.004716
25979,-0.045410
25980,-0.010496
25981,0.075744
25982,0.040116
25983,108.859306
25984,187.027084
25985,1.856574
25986,1537.744141
25987,371.334686
25988,2.606535
25989,24.302923
25990,26.130852
25991,26.550140
25992,5.493347
25993,-7.521197
25994,-5.089427
25995,5.873215
25996,22.773804
25997,-8.695734
25998,-26.741220
25999,-24.872137
26000,-12.130418
26001,1.266220
26002,-7.538097
26003,-13.199889
26004,-17.997169
26005,-12.816451
26006,15.285634
26007,48.207500
26008,67.917351
26009,64.373116
26010,15.611273
26011,-32.862751
26012,-59.443714
26013,-66.605446
26014,-52.561161
26015,-8.893095
26016,33.312000
26017,21.812914
26018,7.302825
26019,-13.104239
26020,-32.434212
26021,-19.382042
26022,1.099814
26023,19.659422
26024,36.011940
26025,48.596779
26026,36.254417
26027,4.892681
26028,-7.879780
26029,-14.680166
26030,-5.996060
26031,-10.517982
26032,-8.128110
26033,12.052880
26034,4.803769
26035,-11.091725
26036,-17.609961
26037,-0.032249
26038,-0.043241
26039,0.012851
26040,0.076468
26041,0.048044
26042,0.044974
26043,0.049554
26044,-0.044138
26045,-0.133347
26046,-0.160177
26047,-0.080561
26048,-0.006741
26049,0.037201
26050,0.036088
26051,0.015529
26052,-0.001329
26053,-0.004643
26054,0.045698
26055,0.151933
26056,0.110253
26057,0.062831
26058,-0.016135
26059,-0.083852
26060,-0.105103
26061,-0.075828
26062,-0.065861
26063,-0.027058
26064,-0.015153
26065,-0.023138
26066,-0.007736
26067,0.020556
26068,0.014130
26069,0.019470
26070,0.079119
26071,0.103366
26072,0.061013
26073,-0.025314
26074,-0.043342
26075,-0.054380
26076,-0.031096
26077,-0.038234
26078,-0.027243
26079,0.031820
26080,0.031997
26081,0.019402
26082,0.052073
26083,0.042075
26084,-0.000841
26085,-0.013690
26086,0.012258
26087,-0.041199
26088,-0.043886
26089,-0.023784
26090,-0.011107
26091,-0.060848
26092,-0.033594
26093,0.004238
26094,0.039104
26095,0.031773
26096,0.039238
26097,0.011078
26098,0.008366
26099,-0.009660
26100,-0.035925
26101,-0.015204
26102,0.026258
26103,0.026571
26104,-0.043376
26105,-0.030633
26106,-0.013718
26107,0.004575
26108,-0.015711
26109,-0.051732
26110,-0.030117
26111,-0.030117
26112,-0.038709
26113,0.009541
26114,0.062870
26115,0.101440
26116,0.097377
26117,0.054892
26118,0.021636
26119,0.005137
26120,-0.011481
26121,-0.066173
26122,-0.086597
26123,-0.056003
26124,-0.020241
26125,-0.002173
26126,0.016796
26127,0.006778
26128,0.038099
26129,0.010180
26130,-0.000496
26131,-0.013499
26132,-0.015247
26133,-0.013576
26134,-0.035520
26135,-0.001412
26136,0.030789
26137,0.016706
26138,-0.029776
26139,-0.040024
26140,-0.002032
26141,-0.077380
26142,-0.083621
26143,-0.023347
26144,-0.019142
26145,0.034928
26146,0.106304
26147,0.062685
26148,0.032650
26149,0.041435
26150,0.034827
26151,0.005708
26152,0.025584
26153,-0.018237
26154,-0.027876
26155,-0.026182
26156,-0.035326
26157,-0.023246
26158,-0.019783
26159,-0.010498
26160,-0.003824
26161,0.054828
26162,0.048188
26163,0.034179
26164,-0.025714
26165,-0.109143
26166,-0.046335
26167,-0.032852
26168,-0.004082
26169,0.031502
26170,0.011987
26171,0.018212
26172,0.049818
26173,0.033933
26174,-0.011027
26175,-0.031156
26176,-0.085748
26177,-0.052643
26178,0.016888
26179,0.036285
26180,0.054994
26181,0.052991
26182,0.066340
26183,0.034067
26184,-0.009727
26185,-0.028322
26186,-0.000575
26187,0.014178
26188,-0.010940
26189,-0.060370
26190,-0.055404
26191,-0.063877
26192,-0.050771
26193,-0.039976
26194,0.038556
26195,0.082139
26196,0.031486
26197,0.032083
26198,0.000303
26199,-0.063610
26200,-0.029158
26201,-0.005927
26202,0.004655
26203,0.005908
26204,0.001756
26205,0.045036
26206,0.063438
26207,0.019844
26208,-0.008036
26209,0.020434
26210,0.019089
26211,-0.086620
26212,-0.093670
26213,0.008718
26214,0.026157
26215,-0.006282
26216,-0.048505
26217,-0.005596
26218,-0.002800
26219,-0.018139
26220,0.024648
26221,0.054989
26222,0.052293
26223,0.036186
26224,0.001786
26225,0.004926
26226,-0.027062
26227,-0.061713
26228,0.003322
26229,0.006056
26230,0.009255
26231,0.046228
26232,0.030530
26233,0.065070
26234,0.035099
26235,-0.040027
26236,-0.025729
26237,-0.028374
26238,-0.042238
26239,-0.108226
26240,-0.067749
26241,-0.014547
26242,-0.005170
26243,0.061662
26244,0.063739
26245,0.045693
26246,0.003040
26247,-0.019019
26248,0.034756
26249,0.060797
26250,0.025145
26251,0.021682
26252,-0.030122
26253,-0.051930
26254,-0.087623
26255,-0.086289
26256,-0.063088
26257,-0.038749
26258,0.053996
26259,0.092986
26260,0.049760
26261,0.050996
26262,0.059319
26263,0.031155
26264,-0.031314
26265,-0.031308
26266,-0.023031
26267,-0.029791
26268,-0.020657
26269,0.000080
26270,-0.026329
26271,-0.027666
26272,0.020990
26273,0.057945
26274,0.056337
26275,-0.008881
26276,-0.024270
26277,0.012897
26278,0.046204
26279,0.001558
26280,0.005719
26281,0.014401
26282,-0.026913
26283,-0.075807
26284,-0.090813
26285,-0.014645
26286,-0.005644
26287,0.036718
26288,0.082659
26289,0.083396
26290,0.011072
26291,-0.030397
26292,-0.055132
26293,-0.053361
26294,-0.000260
26295,-0.009018
26296,-0.059412
26297,-0.040098
26298,0.037206
26299,0.049418
26300,0.007569
26301,-0.003805
26302,0.008827
26303,0.035578
26304,0.040094
26305,0.081752
26306,0.106801
26307,0.025162
26308,-0.025776
26309,-0.081866
26310,-0.103586
26311,-0.098692
26312,-0.100656
26313,-0.036071
26314,0.029441
26315,0.010321
26316,-0.003702
26317,-0.015843
26318,0.025132
26319,0.040271
26320,0.057961
26321,0.074681
26322,0.055588
26323,0.024622
26324,0.005415
26325,-0.015734
26326,-0.082854
26327,-0.050236
26328,0.020507
26329,0.001116
26330,-0.037251
26331,0.001360
26332,-0.024150
26333,0.007546
26334,0.035118
26335,0.045639
26336,0.069687
26337,0.039566
26338,0.063759
26339,0.077461
26340,-0.006948
26341,-0.128642
26342,-0.175454
26343,-0.114912
26344,-0.114332
26345,-0.044074
26346,0.036018
26347,0.049899
26348,0.097832
26349,0.124148
26350,0.052544
26351,0.007998
26352,-0.017685
26353,-0.021482
26354,-0.029521
26355,-0.016040
26356,0.014439
26357,0.003798
26358,0.004183
26359,0.034136
26360,0.013913
26361,0.019695
26362,0.043471
26363,0.015172
26364,0.005621
26365,-0.065921
26366,-0.116294
26367,-0.075452
26368,-0.032586
26369,0.028750
26370,0.021566
26371,0.019021
26372,-0.017996
26373,-0.024901
26374,-0.013745
26375,0.049524
26376,0.078847
26377,0.053968
26378,0.011536
26379,-0.004170
26380,-0.048145
26381,-0.063461
26382,-0.020767
26383,-0.020373
26384,-0.009156
26385,0.034467
26386,0.017738
26387,0.001895
26388,0.035481
26389,0.058413
26390,0.012732
26391,0.009268
26392,-0.015133
26393,-0.048725
26394,-0.042297
26395,-0.026060
26396,-0.046515
26397,0.032389
26398,0.088799
26399,0.072235
26400,0.019347
26401,-0.012775
26402,-0.037099
26403,-0.019998
26404,0.001044
26405,0.056203
26406,0.005536
26407,-0.017009
26408,-0.018145
26409,-0.011623
26410,-0.062337
26411,-0.062102
26412,-0.014138
26413,0.026779
26414,0.010987
26415,0.016552
26416,-0.025039
26417,0.011111
26418,-0.008569
26419,-0.012734
26420,0.004401
26421,0.002161
26422,-0.022854
26423,0.014043
26424,0.041947
26425,-0.002275
26426,-0.052271
26427,-0.038648
26428,0.003566
26429,-0.039255
26430,-0.042797
26431,0.016780
26432,0.068439
26433,0.080161
26434,0.084356
26435,0.015149
26436,-0.012352
26437,0.011917
26438,0.005764
26439,0.003682
26440,-0.007067
26441,-0.040886
26442,-0.033567
26443,-0.043114
26444,-0.017894
26445,0.022327
26446,0.076194
26447,0.075256
26448,-0.020733
26449,-0.048012
26450,-0.028140
26451,0.001606
26452,-0.001933
26453,-0.009926
26454,-0.016248
26455,-0.057266
26456,-0.007211
26457,0.016873
26458,-0.016366
26459,0.045966
26460,0.047500
26461,-0.003474
26462,-0.072469
26463,-0.040622
26464,-0.027183
26465,-0.030485
26466,-0.061621
26467,-0.015712
26468,0.046762
26469,0.070894
26470,0.077451
26471,0.066617
26472,0.006616
26473,-0.007659
26474,-0.011083
26475,-0.057872
26476,-0.044796
26477,0.007466
26478,-0.005457
26479,0.066540
26480,0.021094
26481,-0.007001
26482,0.010048
26483,-0.020374
26484,-0.010560
26485,0.005872
26486,0.013403
26487,0.015522
26488,0.001852
26489,-0.032317
26490,-0.027411
26491,0.039758
26492,0.036045
26493,0.004087
26494,-0.001054
26495,-0.052143
26496,-0.031264
26497,-0.024616
26498,-0.023023
26499,-0.032641
26500,-0.041648
26501,-0.016845
26502,0.028506
26503,0.024215
26504,0.040679
26505,0.020942
26506,-0.013404
26507,0.015710
26508,0.043615
26509,0.004672
26510,-0.025915
26511,-0.032973
26512,-0.034162
26513,-0.019248
26514,-0.046534
26515,-0.019055
26516,0.026203
26517,0.080539
26518,0.056317
26519,0.004548
26520,0.006647
26521,0.013204
26522,0.036483
26523,0.061108
26524,0.000469
26525,-0.023947
26526,-0.011347
26527,-0.032036
26528,-0.094380
26529,-0.101611
26530,-0.085058
26531,-0.020501
26532,0.025606
26533,0.052560
26534,0.076447
26535,0.084495
26536,0.037552
26537,-0.000515
26538,0.016403
26539,0.005370
26540,-0.010566
26541,0.025560
26542,-0.036579
26543,-0.058082
26544,-0.078310
26545,-0.028536
26546,0.033966
26547,0.081307
26548,0.064595
26549,0.017400
26550,-0.031806
26551,-0.003545
26552,-0.066970
26553,-0.109908
26554,-0.069820
26555,0.004661
26556,-0.009429
26557,0.006943
26558,0.063089
26559,0.063969
26560,0.041379
26561,0.015768
26562,-0.002533
26563,-0.001783
26564,-0.009323
26565,0.006027
26566,-0.008927
26567,-0.000051
26568,0.032645
26569,0.054530
26570,0.051141
26571,-0.026423
26572,-0.060124
26573,-0.031871
26574,0.015203
26575,-0.036197
26576,-0.022416
26577,-0.018347
26578,-0.058107
26579,-0.060366
26580,-0.033451
26581,0.048564
26582,0.055489
26583,0.035727
26584,0.021043
26585,0.048825
26586,-0.009938
26587,-0.036969
26588,-0.030990
26589,0.023288
26590,0.051968
26591,0.087630
26592,0.008330
26593,-0.093013
26594,-0.085729
26595,-0.098931
26596,-0.063499
26597,0.006324
26598,0.034734
26599,0.078156
26600,0.073304
26601,0.049747
26602,0.027739
26603,0.017387
26604,-0.003136
26605,-0.017437
26606,0.013821
26607,-0.003247
26608,-0.016368
26609,-0.013012
26610,0.025834
26611,0.007716
26612,-0.048830
26613,-0.027970
26614,0.020392
26615,-0.027992
26616,-0.030167
26617,0.009600
26618,-0.017405
26619,0.013529
26620,-0.020930
26621,0.008691
26622,0.068151
26623,0.008440
26624,-0.063242
26625,-0.081748
26626,-0.063414
26627,0.012196
26628,0.057621
26629,0.020302
26630,0.005355
26631,0.000850
26632,0.025633
26633,-0.003269
26634,0.001285
26635,-0.031763
26636,-0.029145
26637,0.044852
26638,0.031203
26639,0.014408
26640,-0.027397
26641,-0.035565
26642,-0.045489
26643,-0.022288
26644,0.033769
26645,0.023897
26646,0.049661
26647,0.078025
26648,0.073542
26649,0.008759
26650,-0.035659
26651,-0.014455
26652,0.001099
26653,0.010576
26654,0.017392
26655,-0.003269
26656,-0.041908
26657,-0.098586
26658,-0.075507
26659,-0.031596
26660,0.009334
26661,0.044450
26662,0.014705
26663,-0.021457
26664,-0.010334
26665,0.021209
26666,0.077387
26667,0.080566
26668,0.063676
26669,0.014500
26670,-0.034076
26671,-0.064723
26672,-0.105105
26673,-0.112450
26674,-0.055021
26675,0.007815
26676,0.063388
26677,0.086484
26678,0.122587
26679,0.073046
26680,-0.001895
26681,-0.029562
26682,-0.061193
26683,-0.037886
26684,-0.039836
26685,0.024728
26686,0.058493
26687,0.017266
26688,-0.013521
26689,-0.072965
26690,-0.111941
26691,-0.048313
26692,-0.037651
26693,-0.000313
26694,0.058712
26695,0.066545
26696,0.019748
26697,0.051748
26698,0.081842
26699,0.053814
26700,0.004394
26701,-0.089064
26702,-0.063543
26703,-0.050435
26704,-0.062160
26705,-0.010284
26706,0.047091
26707,0.061426
26708,0.068647
26709,0.076721
26710,0.054034
26711,0.020531
26712,-0.078440
26713,-0.122916
26714,-0.082486
26715,-0.044762
26716,-0.017550
26717,0.002404
26718,0.060827
26719,0.024977
26720,0.010526
26721,-0.001695
26722,0.012838
26723,0.000219
26724,-0.045413
26725,-0.011869
26726,0.033780
26727,0.030556
26728,0.040684
26729,0.076757
26730,0.032593
26731,-0.022424
26732,0.004875
26733,-0.001222
26734,-0.024325
26735,-0.033020
26736,-0.044358
26737,-0.029183
26738,-0.063456
26739,-0.046899
26740,0.037729
26741,0.015581
26742,0.020383
26743,0.011762
26744,0.034429
26745,0.026369
26746,-0.062646
26747,-0.093662
26748,-0.069905
26749,-0.009619
26750,0.068259
26751,0.042284
26752,0.053849
26753,0.083173
26754,0.034610
26755,0.054772
26756,-0.007173
26757,-0.055191
26758,-0.039285
26759,-0.025307
26760,-0.036468
26761,-0.037517
26762,-0.049313
26763,-0.039726
26764,0.033817
26765,0.073481
26766,0.058688
26767,0.028345
26768,-0.040026
26769,-0.076883
26770,-0.038021
26771,0.019186
26772,0.059892
26773,0.099203
26774,0.054753
26775,-0.034036
26776,-0.059570
26777,-0.033029
26778,0.008304
26779,0.014803
26780,-0.055060
26781,-0.066137
26782,-0.003820
26783,0.037151
26784,0.030643
26785,0.039988
26786,0.033729
26787,0.001962
26788,-0.024184
26789,-0.037599
26790,0.009479
26791,0.022948
26792,0.015784
26793,-0.004049
26794,-0.012175
26795,-0.054940
26796,-0.033595
26797,-0.060149
26798,-0.070507
26799,-0.062597
26800,-0.040214
26801,0.015595
26802,0.018735
26803,0.108372
26804,0.143122
26805,0.086205
26806,0.042188
26807,0.013449
26808,-0.017190
26809,-0.018287
26810,-0.067432
26811,-0.061937
26812,-0.002279
26813,-0.025424
26814,-0.075106
26815,-0.074561
26816,-0.008210
26817,0.048618
26818,0.060281
26819,0.054931
26820,0.034021
26821,0.021706
26822,-0.031226
26823,-0.005602
26824,0.003768
26825,-0.047850
26826,0.013408
26827,0.026257
26828,-0.013891
26829,0.043486
26830,0.024873
26831,0.002062
26832,0.014211
26833,-0.014532
26834,-0.025577
26835,-0.035678
26836,-0.080005
26837,-0.050147
26838,-0.055450
26839,-0.022496
26840,0.004603
26841,0.005098
26842,0.055645
26843,0.061534
26844,0.068869
26845,0.092999
26846,0.050304
26847,0.025070
26848,0.025239
26849,-0.057860
26850,-0.099828
26851,-0.042305
26852,-0.047625
26853,-0.032190
26854,0.031520
26855,0.027114
26856,-0.025826
26857,-0.036304
26858,-0.052307
26859,-0.021647
26860,0.008823
26861,0.047882
26862,0.073147
26863,0.070484
26864,0.044633
26865,-0.006615
26866,-0.059601
26867,-0.064010
26868,-0.061974
26869,-0.011607
26870,0.058005
26871,0.040819
26872,0.065992
26873,0.010797
26874,-0.052368
26875,-0.056029
26876,-0.087599
26877,-0.050514
26878,-0.029408
26879,0.040773
26880,0.090294
26881,0.110190
26882,0.050891
26883,-0.014128
26884,-0.069952
26885,-0.083620
26886,-0.012386
26887,0.069484
26888,0.070512
26889,0.048996
26890,0.025582
26891,-0.036129
26892,-0.058507
26893,-0.069378
26894,-0.031788
26895,-0.001018
26896,-0.018436
26897,0.025005
26898,0.020305
26899,-0.005355
26900,-0.004069
26901,0.041816
26902,-0.025361
26903,-0.056706
26904,-0.011807
26905,0.002157
26906,0.024961
26907,0.003561
26908,0.027196
26909,0.018044
26910,0.063072
26911,0.037908
26912,0.025399
26913,-0.031092
26914,-0.084984
26915,-0.071367
26916,-0.047603
26917,-0.034596
26918,0.008963
26919,-0.010407
26920,0.013408
26921,0.060200
26922,0.015830
26923,-0.000940
26924,-0.032220
26925,0.003947
26926,0.010865
26927,-0.004171
26928,-0.017872
26929,0.047737
26930,0.052287
26931,0.052550
26932,0.102496
26933,0.046425
26934,-0.048440
26935,-0.069351
26936,-0.094765
26937,-0.042376
26938,0.002907
26939,0.000681
26940,0.031420
26941,0.029020
26942,0.003924
26943,0.014558
26944,-0.010506
26945,-0.035035
26946,-0.053487
26947,-0.036112
26948,-0.003223
26949,-0.017548
26950,0.003593
26951,-0.043894
26952,-0.003985
26953,0.030485
26954,0.031162
26955,0.053502
26956,0.038510
26957,0.030171
26958,0.016479
26959,-0.001490
26960,0.019515
26961,-0.038799
26962,-0.046889
26963,-0.020500
26964,-0.084793
26965,-0.050271
26966,0.005928
26967,0.072039
26968,0.055898
26969,0.007757
26970,-0.011749
26971,-0.008579
26972,-0.012249
26973,0.017505
26974,-0.008879
26975,0.009762
26976,-0.021811
26977,-0.023997
26978,0.020931
26979,0.012186
26980,-0.034388
26981,-0.011071
26982,0.017716
26983,0.047747
26984,0.027057
26985,0.016905
26986,0.006023
26987,-0.002318
26988,0.034000
26989,0.020358
26990,0.001218
26991,0.025032
26992,-0.059882
26993,-0.092845
26994,-0.091333
26995,-0.024324
26996,0.025390
26997,0.073045
26998,0.056893
26999,0.044405
27000,0.004276
27001,-0.033648
27002,-0.019981
27003,-0.029610
27004,0.001357
27005,-0.006216
27006,-0.008762
27007,-0.030955
27008,-0.027787
27009,-0.012182
27010,0.005914
27011,-0.000627
27012,-0.047997
27013,-0.008221
27014,0.044005
27015,0.077504
27016,0.048484
27017,-0.000696
27018,0.014997
27019,0.046003
27020,0.036479
27021,0.030081
27022,-0.016787
27023,-0.041120
27024,-0.051662
27025,-0.071666
27026,-0.060225
27027,-0.042432
27028,0.029345
27029,0.066317
27030,0.025139
27031,0.001142
27032,-0.008004
27033,-0.019513
27034,-0.062357
27035,-0.071029
27036,0.004608
27037,0.024471
27038,0.045255
27039,0.008508
27040,-0.000660
27041,0.024173
27042,-0.014545
27043,-0.048821
27044,0.009549
27045,0.034053
27046,0.033901
27047,0.001545
27048,-0.019142
27049,-0.004147
27050,0.010163
27051,0.027856
27052,0.026228
27053,-0.024357
27054,-0.003985
27055,0.004165
27056,-0.012940
27057,0.072751
27058,0.079607
27059,0.040785
27060,-0.002317
27061,-0.050874
27062,-0.067637
27063,-0.083988
27064,-0.060586
27065,-0.057781
27066,0.040086
27067,0.044165
27068,0.011340
27069,0.042194
27070,0.010689
27071,-0.025092
27072,0.000153
27073,-0.019153
27074,0.010275
27075,-0.010469
27076,-0.025112
27077,0.025803
27078,0.016215
27079,-0.015671
27080,-0.027403
27081,0.004277
27082,0.045753
27083,0.034322
27084,-0.029381
27085,-0.060574
27086,-0.070760
27087,-0.025795
27088,0.035809
27089,0.030324
27090,-0.017862
27091,0.009489
27092,0.037882
27093,0.004827
27094,-0.037089
27095,-0.013205
27096,0.019237
27097,0.036316
27098,0.025484
27099,-0.026008
27100,-0.023803
27101,-0.006237
27102,-0.020831
27103,0.069965
27104,0.116893
27105,0.024857
27106,0.014717
27107,-0.037755
27108,-0.098554
27109,-0.049380
27110,-0.067764
27111,-0.091337
27112,-0.036159
27113,-0.016163
27114,0.101078
27115,0.128124
27116,0.111173
27117,0.052325
27118,-0.031904
27119,-0.054615
27120,-0.094141
27121,-0.107273
27122,-0.078193
27123,0.011381
27124,0.078442
27125,0.078603
27126,0.031758
27127,0.021118
27128,0.030918
27129,-0.024546
27130,-0.008912
27131,0.020685
27132,0.041252
27133,-0.004246
27134,-0.047577
27135,-0.052284
27136,-0.055049
27137,-0.073866
27138,-0.038515
27139,0.021582
27140,0.086424
27141,0.094729
27142,0.035443
27143,-0.034018
27144,-0.046301
27145,-0.066628
27146,-0.007297
27147,-0.004429
27148,-0.013559
27149,-0.016223
27150,-0.032361
27151,-0.018040
27152,0.052452
27153,0.033414
27154,0.029775
27155,-0.005207
27156,-0.013991
27157,-0.029507
27158,-0.011261
27159,0.063539
27160,0.044516
27161,0.056244
27162,0.044074
27163,-0.036303
27164,-0.025638
27165,-0.019001
27166,-0.065414
27167,-0.049087
27168,0.013489
27169,-0.000405
27170,0.015031
27171,0.036738
27172,0.022206
27173,0.029673
27174,0.014457
27175,-0.004565
27176,-0.028231
27177,-0.010094
27178,-0.034960
27179,-0.037444
27180,-0.026532
27181,-0.049850
27182,-0.025292
27183,-0.017096
27184,0.014074
27185,0.026323
27186,0.069528
27187,0.097780
27188,0.090570
27189,0.064582
27190,0.046592
27191,-0.003737
27192,-0.091799
27193,-0.167506
27194,-0.161343
27195,-0.072429
27196,-0.040803
27197,-0.035341
27198,0.077007
27199,0.145990
27200,0.092778
27201,0.009517
27202,0.028229
27203,0.003285
27204,0.002088
27205,0.043224
27206,0.015044
27207,-0.013814
27208,0.000732
27209,-0.035805
27210,-0.029571
27211,-0.049362
27212,-0.014335
27213,-0.051217
27214,-0.022647
27215,0.016915
27216,-0.033615
27217,-0.038199
27218,0.004818
27219,0.014546
27220,0.031773
27221,0.036028
27222,0.023428
27223,0.051170
27224,-0.001538
27225,-0.038402
27226,0.009276
27227,0.035972
27228,0.037820
27229,0.039129
27230,0.008079
27231,-0.023095
27232,-0.079464
27233,-0.095161
27234,-0.070117
27235,-0.001458
27236,0.062199
27237,0.030609
27238,-0.002949
27239,0.011675
27240,-0.010944
27241,0.004029
27242,0.102872
27243,0.115105
27244,0.038667
27245,-0.012553
27246,-0.115677
27247,-0.130020
27248,-0.096479
27249,0.002198
27250,0.062850
27251,0.087344
27252,0.022034
27253,-0.044796
27254,-0.020125
27255,0.014159
27256,-0.003315
27257,0.024411
27258,0.048871
27259,-0.005188
27260,-0.008379
27261,-0.033870
27262,-0.044065
27263,0.001453
27264,0.013168
27265,0.017703
27266,0.040107
27267,-0.063334
27268,-0.047932
27269,-0.019819
27270,0.013247
27271,0.086967
27272,0.116933
27273,0.064697
27274,0.037306
27275,-0.005016
27276,-0.091989
27277,-0.122197
27278,-0.036385
27279,-0.047862
27280,-0.022511
27281,-0.001152
27282,0.020724
27283,0.020575
27284,0.044265
27285,0.009170
27286,0.010787
27287,0.033050
27288,-0.038633
27289,-0.048092
27290,-0.012334
27291,-0.008733
27292,0.041149
27293,0.015822
27294,0.029238
27295,-0.035937
27296,-0.091360
27297,-0.058307
27298,-0.002209
27299,0.024632
27300,0.001060
27301,-0.014516
27302,0.029715
27303,0.027146
27304,-0.014887
27305,0.028816
27306,0.039041
27307,0.039024
27308,0.037871
27309,-0.008942
27310,-0.034064
27311,-0.076044
27312,-0.002180
27313,0.038160
27314,0.014595
27315,0.028090
27316,0.024082
27317,-0.017493
27318,-0.073008
27319,-0.052403
27320,-0.006211
27321,0.036412
27322,0.011112
27323,0.004080
27324,0.044145
27325,0.054395
27326,0.054075
27327,-0.004720
27328,-0.082560
27329,-0.069976
27330,-0.010930
27331,0.050385
27332,0.032813
27333,0.021537
27334,0.009438
27335,-0.019256
27336,-0.028797
27337,-0.014783
27338,-0.039185
27339,-0.043548
27340,-0.045617
27341,-0.042138
27342,-0.045726
27343,-0.040445
27344,0.050760
27345,0.040839
27346,0.076367
27347,0.087268
27348,0.013378
27349,-0.062474
27350,-0.071242
27351,-0.011839
27352,0.030306
27353,0.083220
27354,0.067069
27355,0.062962
27356,0.036780
27357,-0.016391
27358,-0.034922
27359,-0.032007
27360,-0.039041
27361,-0.027759
27362,0.008954
27363,-0.001229
27364,-0.079848
27365,-0.097078
27366,-0.029020
27367,0.019277
27368,0.023073
27369,0.038407
27370,0.062660
27371,0.043990
27372,0.057440
27373,0.037548
27374,0.024578
27375,-0.026351
27376,-0.062724
27377,-0.049663
27378,-0.056456
27379,0.012484
27380,0.034883
27381,0.031533
27382,-0.030021
27383,-0.042979
27384,-0.059408
27385,-0.055485
27386,-0.039468
27387,-0.025645
27388,-0.001672
27389,0.013294
27390,0.019838
27391,0.024477
27392,0.008644
27393,0.069885
27394,0.065958
27395,0.042423
27396,-0.003952
27397,-0.008849
27398,-0.022698
27399,0.015107
27400,0.042844
27401,0.069559
27402,0.067730
27403,0.025915
27404,-0.045992
27405,-0.123903
27406,-0.146473
27407,-0.068837
27408,-0.016567
27409,0.035098
27410,0.046213
27411,0.014088
27412,0.050616
27413,0.024661
27414,0.018719
27415,0.025734
27416,0.051927
27417,0.015173
27418,0.010667
27419,-0.009970
27420,-0.016641
27421,0.003375
27422,-0.032248
27423,-0.039599
27424,-0.033778
27425,-0.044677
27426,-0.038165
27427,-0.007924
27428,0.034818
27429,0.008331
27430,0.025546
27431,0.001998
27432,-0.006675
27433,-0.045488
27434,-0.079954
27435,-0.033027
27436,-0.032640
27437,0.000453
27438,0.068362
27439,0.064850
27440,0.043906
27441,0.063136
27442,0.038570
27443,0.049548
27444,0.015833
27445,-0.037328
27446,-0.029156
27447,-0.018953
27448,-0.022464
27449,0.002472
27450,-0.003331
27451,0.063562
27452,0.024830
27453,-0.074234
27454,-0.072021
27455,-0.051145
27456,-0.010845
27457,-0.010236
27458,0.010274
27459,0.029215
27460,0.053166
27461,-0.006469
27462,-0.010119
27463,0.026578
27464,0.008813
27465,0.049191
27466,0.052631
27467,-0.020770
27468,-0.006090
27469,-0.014212
27470,-0.000617
27471,0.003775
27472,-0.074862
27473,-0.027186
27474,-0.016400
27475,-0.034892
27476,-0.043294
27477,-0.002612
27478,0.052041
27479,0.080807
27480,0.050218
27481,0.050028
27482,-0.051300
27483,-0.065326
27484,-0.046078
27485,-0.059089
27486,-0.046084
27487,-0.037632
27488,-0.009135
27489,0.039030
27490,0.028763
27491,0.038817
27492,0.086796
27493,0.090716
27494,0.029847
27495,-0.009944
27496,-0.018699
27497,0.011809
27498,-0.007412
27499,-0.045858
27500,-0.019781
27501,-0.026042
27502,-0.019929
27503,0.022315
27504,0.017839
27505,-0.068076
27506,-0.101035
27507,-0.064060
27508,0.014127
27509,0.024511
27510,0.046879
27511,0.088814
27512,0.039924
27513,-0.055947
27514,-0.048742
27515,0.002962
27516,0.018481
27517,-0.001942
27518,-0.000524
27519,-0.004389
27520,0.043438
27521,0.019662
27522,0.009004
27523,-0.040591
27524,-0.039274
27525,-0.015193
27526,-0.008652
27527,0.059916
27528,0.062206
27529,0.043839
27530,0.044442
27531,-0.006800
27532,-0.023931
27533,-0.035179
27534,-0.036034
27535,-0.043345
27536,-0.089014
27537,-0.044681
27538,0.006738
27539,0.006456
27540,0.022503
27541,0.006815
27542,0.006136
27543,0.007890
27544,0.070392
27545,0.071367
27546,0.026923
27547,0.020552
27548,0.003417
27549,-0.072028
27550,-0.081531
27551,-0.060633
27552,-0.079826
27553,-0.040896
27554,-0.024452
27555,0.026230
27556,0.049584
27557,0.044842
27558,0.055446
27559,0.049210
27560,0.024751
27561,-0.052512
27562,-0.070056
27563,-0.018583
27564,0.012321
27565,0.096427
27566,0.096874
27567,0.025851
27568,-0.050028
27569,-0.046386
27570,-0.068793
27571,-0.016531
27572,-0.008663
27573,0.048639
27574,0.040541
27575,-0.022189
27576,-0.002330
27577,-0.001706
27578,0.045927
27579,0.026251
27580,-0.007477
27581,-0.051043
27582,-0.079890
27583,-0.041087
27584,-0.047128
27585,-0.025296
27586,0.014666
27587,0.102836
27588,0.059702
27589,0.005451
27590,0.025754
27591,0.000185
27592,0.003391
27593,-0.007601
27594,-0.026909
27595,0.005363
27596,-0.029611
27597,-0.029255
27598,-0.014109
27599,-0.008047
27600,0.014694
27601,0.068404
27602,0.037539
27603,0.006409
27604,-0.064976
27605,-0.103865
27606,-0.044991
27607,-0.005578
27608,0.022617
27609,0.025497
27610,0.034462
27611,0.007722
27612,0.015964
27613,0.019407
27614,0.020832
27615,0.023352
27616,0.044959
27617,0.054623
27618,0.060868
27619,0.020243
27620,-0.053518
27621,-0.042147
27622,-0.043671
27623,-0.086445
27624,-0.115212
27625,-0.111538
27626,-0.016758
27627,0.076234
27628,0.100716
27629,0.047820
27630,0.038292
27631,0.007223
27632,-0.006368
27633,0.017599
27634,-0.003804
27635,0.030319
27636,0.035632
27637,-0.036922
27638,-0.058504
27639,-0.046458
27640,-0.029329
27641,0.023837
27642,0.017208
27643,0.013094
27644,-0.018889
27645,0.007923
27646,0.028987
27647,-0.035396
27648,-0.044614
27649,-0.020614
27650,0.056000
27651,0.072979
27652,0.036164
27653,0.005308
27654,-0.013867
27655,-0.002195
27656,-0.063915
27657,-0.032506
27658,-0.023588
27659,-0.040439
27660,0.004433
27661,0.052173
27662,0.060630
27663,0.077673
27664,0.048229
27665,-0.035499
27666,-0.025784
27667,-0.009729
27668,-0.007771
27669,-0.053473
27670,-0.106141
27671,-0.064895
27672,-0.004444
27673,0.027917
27674,-0.005202
27675,0.034350
27676,0.059526
27677,0.010684
27678,0.026256
27679,0.057043
27680,0.042200
27681,0.018939
27682,-0.013867
27683,0.000188
27684,0.010644
27685,-0.062920
27686,-0.035337
27687,70.482841
27688,240.278870
27689,1.086650
27690,1347.099731
27691,216.255768
27692,-4.765818
27693,-0.718829
27694,4.049398
27695,2.716423
27696,-7.254920
27697,-5.906761
27698,-10.876862
27699,-9.904799
27700,5.455370
27701,14.519546
27702,5.609008
27703,-7.907209
27704,-8.760969
27705,-10.291231
27706,-7.912301
27707,-1.885949
27708,6.258576
27709,5.719717
27710,6.663321
27711,6.953739
27712,2.035875
27713,-1.064077
27714,1.368024
27715,8.000247
27716,12.575967
27717,6.483750
27718,-6.027520
27719,-11.443158
27720,-9.354533
27721,5.523192
27722,9.823817
27723,16.808868
27724,1.996638
27725,-7.858348
27726,-15.420259
27727,-27.256504
27728,-24.266945
27729,-15.028119
27730,-4.712483
27731,8.598396
27732,26.294878
27733,24.231806
27734,10.692924
27735,2.340624
27736,3.326827
27737,14.228348
27738,4.592817
27739,-7.075318
27740,-8.951278
27741,-0.071107
27742,-0.051193
27743,-0.026699
27744,0.019969
27745,0.014406
27746,0.007493
27747,0.060366
27748,0.042104
27749,0.016935
27750,0.044860
27751,-0.001810
27752,-0.049696
27753,-0.012707
27754,-0.044503
27755,-0.070732
27756,-0.045014
27757,-0.057310
27758,0.004335
27759,0.041094
27760,0.007669
27761,0.041012
27762,0.061218
27763,0.034310
27764,0.056744
27765,0.075343
27766,0.013472
27767,-0.034923
27768,-0.046016
27769,-0.026161
27770,-0.025131
27771,-0.016924
27772,-0.012849
27773,0.007877
27774,0.038741
27775,0.011061
27776,-0.003726
27777,-0.022749
27778,-0.019835
27779,-0.011755
27780,-0.057438
27781,-0.041187
27782,-0.000862
27783,-0.012249
27784,0.061008
27785,0.103879
27786,0.042660
27787,0.064117
27788,0.009061
27789,0.004437
27790,-0.055124
27791,-0.105974
27792,-0.096741
27793,-0.029426
27794,-0.020764
27795,0.013008
27796,0.080467
27797,0.081768
27798,0.051550
27799,0.047427
27800,0.011979
27801,-0.056284
27802,-0.022767
27803,0.016910
27804,0.016042
27805,-0.033743
27806,-0.043306
27807,-0.030174
27808,-0.046821
27809,-0.049766
27810,-0.006875
27811,0.006431
27812,0.019176
27813,0.038087
27814,0.004375
27815,-0.021891
27816,0.021832
27817,0.056332
27818,0.040157
27819,0.036110
27820,0.054553
27821,0.008465
27822,-0.028853
27823,-0.078275
27824,-0.091547
27825,-0.030891
27826,-0.003589
27827,0.019088
27828,0.038134
27829,0.009982
27830,0.005688
27831,0.016298
27832,0.012438
27833,0.023492
27834,-0.002095
27835,-0.007122
27836,0.005925
27837,-0.048570
27838,-0.040003
27839,0.027742
27840,0.019632
27841,-0.022483
27842,0.037446
27843,0.037086
27844,0.002332
27845,0.018285
27846,0.010827
27847,0.026616
27848,0.029644
27849,0.016471
27850,-0.005830
27851,-0.008941
27852,-0.040696
27853,-0.059958
27854,-0.006015
27855,-0.025107
27856,-0.067715
27857,-0.002085
27858,0.053284
27859,0.064021
27860,0.047884
27861,-0.013301
27862,-0.047225
27863,-0.034420
27864,-0.047714
27865,-0.049604
27866,-0.041030
27867,-0.012948
27868,0.002267
27869,0.013580
27870,0.033082
27871,0.058209
27872,0.075207
27873,0.075970
27874,-0.008084
27875,-0.055678
27876,-0.029298
27877,-0.021579
27878,0.017213
27879,0.033921
27880,0.003504
27881,0.031941
27882,0.080797
27883,0.012455
27884,-0.006132
27885,-0.027316
27886,-0.022218
27887,0.011888
27888,-0.037058
27889,-0.027344
27890,-0.023637
27891,-0.052487
27892,0.013804
27893,-0.005161
27894,0.059691
27895,0.067103
27896,0.061847
27897,-0.009558
27898,-0.058287
27899,-0.051557
27900,-0.047095
27901,-0.024605
27902,0.006482
27903,-0.017540
27904,0.010421
27905,0.044187
27906,0.023980
27907,0.011689
27908,0.029824
27909,0.072762
27910,0.061613
27911,0.023573
27912,-0.026169
27913,-0.097644
27914,-0.098212
27915,-0.106735
27916,-0.067937
27917,-0.023946
27918,0.048189
27919,0.051742
27920,0.033538
27921,0.064133
27922,0.014020
27923,0.003506
27924,-0.014558
27925,-0.025698
27926,-0.015434
27927,0.044485
27928,0.049162
27929,-0.036717
27930,-0.044133
27931,0.000371
27932,0.018411
27933,-0.007113
27934,-0.039297
27935,-0.035163
27936,-0.035933
27937,0.004544
27938,0.018041
27939,0.000683
27940,0.053902
27941,0.011334
27942,-0.007093
27943,-0.042202
27944,-0.009696
27945,0.013319
27946,-0.032633
27947,-0.038155
27948,-0.017247
27949,-0.005373
27950,-0.008931
27951,0.009490
27952,-0.023157
27953,-0.039745
27954,-0.031621
27955,0.028538
27956,0.018045
27957,-0.022516
27958,-0.007356
27959,0.031542
27960,0.004954
27961,-0.017432
27962,0.024601
27963,0.109271
27964,0.052230
27965,0.004632
27966,-0.010808
27967,-0.072764
27968,-0.080906
27969,-0.029433
27970,0.000358
27971,0.007486
27972,0.003848
27973,-0.032036
27974,0.029418
27975,0.050788
27976,0.061917
27977,0.092052
27978,0.055212
27979,-0.004224
27980,-0.032794
27981,-0.018885
27982,-0.035632
27983,-0.036562
27984,-0.059298
27985,-0.083612
27986,-0.055927
27987,-0.003788
27988,0.009119
27989,0.015642
27990,0.021220
27991,0.017642
27992,0.035580
27993,0.035795
27994,0.017400
27995,0.039578
27996,0.005365
27997,0.012368
27998,-0.008225
27999,-0.022024
28000,-0.036358
28001,-0.010609
28002,-0.020327
28003,-0.060470
28004,-0.056386
28005,-0.044161
28006,-0.013529
28007,-0.007085
28008,0.048110
28009,0.061934
28010,0.080176
28011,0.083745
28012,0.043455
28013,0.043928
28014,-0.008539
28015,-0.023327
28016,-0.026411
28017,-0.045716
28018,-0.026870
28019,-0.004821
28020,-0.010308
28021,-0.010054
28022,-0.024847
28023,-0.009147
28024,0.035104
28025,0.009900
28026,0.000821
28027,-0.011845
28028,-0.014797
28029,-0.032880
28030,-0.012158
28031,-0.010528
28032,-0.001969
28033,-0.013177
28034,0.011745
28035,-0.004737
28036,0.004916
28037,0.058861
28038,0.035766
28039,0.015568
28040,-0.024720
28041,-0.087873
28042,-0.051588
28043,-0.008215
28044,0.021772
28045,0.016936
28046,0.039511
28047,0.059837
28048,0.006171
28049,-0.026336
28050,-0.037149
28051,0.023060
28052,0.011293
28053,-0.014877
28054,0.050689
28055,0.008791
28056,-0.065629
28057,-0.059553
28058,-0.031578
28059,0.002922
28060,-0.007830
28061,-0.039263
28062,-0.002972
28063,0.071842
28064,0.081870
28065,0.082255
28066,0.071986
28067,0.022251
28068,-0.046548
28069,-0.083161
28070,-0.113228
28071,-0.083414
28072,-0.038432
28073,-0.005572
28074,0.044672
28075,0.061772
28076,0.058476
28077,0.060458
28078,0.014378
28079,-0.009022
28080,-0.022800
28081,-0.003670
28082,-0.021469
28083,-0.055454
28084,-0.055382
28085,-0.036489
28086,-0.005012
28087,0.017590
28088,-0.020548
28089,0.031316
28090,-0.017915
28091,-0.015490
28092,0.047917
28093,0.060271
28094,0.055163
28095,0.005959
28096,-0.079970
28097,-0.047467
28098,-0.025871
28099,-0.004382
28100,0.047023
28101,0.072757
28102,0.055674
28103,0.036176
28104,-0.050514
28105,-0.052807
28106,-0.092869
28107,-0.063656
28108,0.026896
28109,0.037143
28110,0.036859
28111,0.029005
28112,-0.005586
28113,-0.009610
28114,0.000353
28115,0.015562
28116,0.001322
28117,-0.008787
28118,-0.027731
28119,-0.041509
28120,-0.021575
28121,0.037556
28122,0.028993
28123,0.010887
28124,-0.013327
28125,-0.023795
28126,-0.003716
28127,-0.028471
28128,0.006970
28129,0.059472
28130,0.051012
28131,-0.036325
28132,-0.045735
28133,-0.015711
28134,-0.006794
28135,0.030525
28136,0.096853
28137,0.055643
28138,0.024802
28139,0.049708
28140,0.000251
28141,-0.055040
28142,-0.073765
28143,-0.067151
28144,-0.037044
28145,-0.051104
28146,-0.031735
28147,0.015144
28148,0.036844
28149,0.038462
28150,0.051886
28151,0.003510
28152,0.001059
28153,0.026309
28154,0.003128
28155,-0.024751
28156,-0.038300
28157,-0.024469
28158,0.002922
28159,0.030090
28160,0.018784
28161,-0.052566
28162,-0.002610
28163,0.045373
28164,0.002755
28165,0.010259
28166,0.004912
28167,-0.027527
28168,-0.027989
28169,-0.041589
28170,0.004491
28171,0.001772
28172,0.015636
28173,0.035864
28174,0.021930
28175,0.007316
28176,-0.060522
28177,-0.029593
28178,0.014888
28179,-0.018612
28180,-0.002697
28181,0.043484
28182,0.049661
28183,0.059171
28184,0.059748
28185,-0.002823
28186,-0.007031
28187,0.029021
28188,0.025386
28189,-0.012097
28190,-0.074393
28191,-0.090141
28192,-0.103554
28193,-0.088093
28194,-0.001429
28195,0.050073
28196,0.096193
28197,0.099602
28198,0.034641
28199,-0.023672
28200,-0.053011
28201,-0.092360
28202,-0.047933
28203,0.020127
28204,0.049907
28205,0.055554
28206,0.024522
28207,0.024714
28208,-0.023755
28209,-0.047812
28210,-0.045252
28211,0.003131
28212,0.068577
28213,0.039318
28214,0.019067
28215,-0.025066
28216,-0.048356
28217,-0.061062
28218,-0.040891
28219,0.020979
28220,-0.004659
28221,-0.007636
28222,-0.015216
28223,0.016823
28224,0.055783
28225,0.057353
28226,0.104617
28227,0.013384
28228,-0.014099
28229,-0.006430
28230,-0.050044
28231,-0.052953
28232,-0.006835
28233,-0.008625
28234,-0.002366
28235,-0.027392
28236,-0.014006
28237,-0.004444
28238,-0.021230
28239,0.006719
28240,0.033323
28241,1.349796
28242,257.591949
28243,1.319670
28244,0.000000
28245,612.673035
28246,1782.756836
28247,700.444641
28248,2139.948730
28249,809.040894
28250,2030.878418
28251,2109.802979
28252,1436.681152
28253,2157.249512
28254,1023.374084
28255,2034.929565
28256,959.898865
28257,1990.565063
28258,1619.986572
28259,1066.267578
28260,840.968750
28261,2264.304688
28262,765.258057
28263,1039.068970
28264,2153.198486
28265,1060.866333
28266,2213.517822
28267,1987.848877
28268,845.838562
28269,2028.750977
28270,1357.041016
28271,57.761684
28272,-0.007380
28273,0.035787
28274,0.017173
28275,-0.040608
28276,-0.057785
28277,0.014133
28278,0.045013
28279,0.051401
28280,0.015211
28281,0.048874
28282,0.025094
28283,-0.048082
28284,-0.034030
28285,-0.041263
28286,-0.039278
28287,0.015551
28288,0.015223
28289,-0.013754
28290,0.001744
28291,-0.028209
28292,-0.039346
28293,0.007102
28294,-0.022309
28295,0.001577
28296,-0.020290
28297,-0.007888
28298,0.021506
28299,0.047958
28300,0.088697
28301,0.101907
28302,0.038517
28303,-0.007586
28304,-0.087818
28305,-0.129205
28306,-0.082737
28307,-0.058224
28308,-0.009572
28309,0.026243
28310,0.032170
28311,0.088275
28312,0.060467
28313,0.059562
28314,0.056859
28315,0.022634
28316,0.005615
28317,-0.021887
28318,-0.059885
28319,-0.082202
28320,-0.074473
28321,-0.023776
28322,0.071387
28323,0.119356
28324,0.092393
28325,0.051591
28326,0.026900
28327,-0.027832
28328,-0.013811
28329,-0.019270
28330,-0.093775
28331,-0.100062
28332,-0.034298
28333,-0.007922
28334,0.033753
28335,0.109651
28336,0.074329
28337,0.052278
28338,-0.000704
28339,-0.005805
28340,0.005034
28341,-0.005684
28342,0.006654
28343,-0.014738
28344,-0.025555
28345,-0.028344
28346,-0.025386
28347,-0.032187
28348,-0.080955
28349,-0.072780
28350,-0.024244
28351,-0.001421
28352,0.045307
28353,0.071323
28354,0.084129
28355,0.049733
28356,0.017038
28357,-0.027914
28358,-0.007597
28359,-0.009687
28360,0.015441
28361,0.035146
28362,-0.036049
28363,-0.038762
28364,-0.048260
28365,-0.112013
28366,-0.057434
28367,-0.032357
28368,0.021209
28369,0.083477
28370,0.053271
28371,0.047594
28372,0.067000
28373,0.053227
28374,0.000110
28375,-0.026436
28376,-0.033536
28377,-0.050962
28378,-0.030994
28379,-0.003471
28380,-0.032328
28381,-0.065390
28382,-0.033211
28383,0.006415
28384,0.000893
28385,0.045832
28386,0.025159
28387,0.033740
28388,0.047941
28389,-0.019476
28390,-0.025103
28391,0.010537
28392,0.011226
28393,0.014623
28394,-0.012686
28395,-0.017022
28396,0.000337
28397,0.004028
28398,-0.002848
28399,0.013649
28400,0.082511
28401,0.044009
28402,-0.014993
28403,-0.014470
28404,-0.050853
28405,-0.122047
28406,-0.082459
28407,-0.002710
28408,0.032234
28409,0.046413
28410,0.007531
28411,-0.019315
28412,0.023409
28413,0.072010
28414,0.059470
28415,0.019020
28416,-0.003027
28417,-0.046513
28418,-0.033569
28419,0.012547
28420,0.020250
28421,0.003325
28422,-0.022399
28423,-0.048713
28424,-0.067808
28425,-0.035734
28426,-0.008458
28427,-0.014653
28428,0.039989
28429,0.038335
28430,0.016994
28431,0.023609
28432,-0.013680
28433,-0.011248
28434,0.009640
28435,0.014984
28436,0.054427
28437,-0.012122
28438,-0.032977
28439,0.015806
28440,0.001282
28441,-0.013272
28442,-0.035909
28443,-0.021090
28444,-0.001404
28445,0.052052
28446,0.070095
28447,0.026769
28448,0.003825
28449,-0.009673
28450,-0.023317
28451,-0.002046
28452,-0.024701
28453,-0.060841
28454,-0.053429
28455,-0.047041
28456,0.023806
28457,0.114919
28458,0.070075
28459,0.007452
28460,0.027635
28461,-0.000826
28462,-0.041093
28463,-0.033331
28464,-0.039006
28465,-0.029799
28466,0.031149
28467,0.008358
28468,-0.011972
28469,0.031869
28470,-0.027538
28471,433.003021
28472,889.294250
28473,56.075600
28474,938.493530
28475,1732.427856
28476,-13.332017
28477,-12.756256
28478,-25.758020
28479,-42.746552
28480,-26.811739
28481,24.285769
28482,40.301151
28483,45.040127
28484,21.487108
28485,17.924515
28486,7.906317
28487,-21.838705
28488,-45.939098
28489,-50.214645
28490,-24.328268
28491,19.600176
28492,29.180822
28493,35.557121
28494,23.842245
28495,10.257344
28496,8.039301
28497,5.431942
28498,6.565024
28499,-21.394987
28500,-34.828705
28501,-36.615383
28502,-18.997971
28503,0.316295
28504,22.995148
28505,16.718866
28506,-7.743342
28507,-13.512321
28508,-1.565183
28509,14.381923
28510,7.244584
28511,19.072605
28512,18.212711
28513,-6.173745
28514,-15.250040
28515,-21.910418
28516,-45.830654
28517,-27.127317
28518,9.750390
28519,43.502480
28520,51.275429
28521,50.695301
28522,18.369587
28523,-1.074044
28524,-25.398821
28525,-2.807900
28526,0.005358
28527,-0.027203
28528,-0.036776
28529,0.003318
28530,-0.025338
28531,-0.000222
28532,0.005604
28533,-0.036722
28534,0.033312
28535,0.022105
28536,0.025670
28537,0.021129
28538,0.003851
28539,0.011475
28540,-0.011235
28541,-0.006513
28542,-0.021196
28543,-0.039540
28544,0.024329
28545,0.056131
28546,0.052554
28547,0.017050
28548,-0.007812
28549,-0.028589
28550,-0.040901
28551,-0.092047
28552,-0.110867
28553,-0.051160
28554,0.045062
28555,0.066309
28556,0.061857
28557,0.085497
28558,0.095455
28559,0.029116
28560,-0.038961
28561,-0.011056
28562,-0.020561
28563,-0.060728
28564,-0.068672
28565,-0.050669
28566,-0.015542
28567,-0.037526
28568,-0.043259
28569,0.049618
28570,0.084171
28571,0.063713
28572,0.044446
28573,0.001489
28574,0.016136
28575,0.019881
28576,-0.014519
28577,0.027381
28578,-0.016110
28579,-0.049278
28580,-0.037336
28581,-0.025543
28582,-0.027583
28583,-0.017433
28584,-0.025631
28585,-0.008378
28586,0.004164
28587,0.007265
28588,0.022138
28589,0.007204
28590,-0.030320
28591,-0.021155
28592,-0.000689
28593,0.012966
28594,0.076205
28595,0.098625
28596,0.039103
28597,-0.019881
28598,-0.071189
28599,-0.087360
28600,-0.111666
28601,-0.087441
28602,0.033486
28603,0.056611
28604,0.041668
28605,0.094684
28606,0.063359
28607,0.018983
28608,-0.028997
28609,-0.054294
28610,-0.035088
28611,-0.025824
28612,0.033361
28613,0.103606
28614,0.115955
28615,0.014602
28616,0.000788
28617,-0.070009
28618,-0.130365
28619,-0.051467
28620,0.011931
28621,0.024561
28622,0.012362
28623,0.039517
28624,0.001628
28625,-0.026463
28626,-0.033104
28627,-0.022772
28628,-0.003652
28629,0.044099
28630,0.035419
28631,-0.048299
28632,-0.035855
28633,0.005059
28634,0.002391
28635,-0.004931
28636,0.015132
28637,0.047914
28638,0.026542
28639,-0.009667
28640,-0.045181
28641,-0.051716
28642,-0.009842
28643,0.003738
28644,0.031900
28645,0.052407
28646,-0.003721
28647,-0.039411
28648,-0.020515
28649,0.021174
28650,0.053016
28651,0.045778
28652,-0.028852
28653,-0.095491
28654,-0.084595
28655,-0.028600
28656,-0.000907
28657,0.038465
28658,0.016029
28659,0.046226
28660,0.099315
28661,0.084820
28662,0.066566
28663,-0.027474
28664,-0.035732
28665,-0.082969
28666,-0.131647
28667,-0.095227
28668,-0.080832
28669,-0.019306
28670,0.073147
28671,0.056102
28672,0.077172
28673,0.087515
28674,0.018545
28675,0.008469
28676,0.012613
28677,-0.009337
28678,0.015115
28679,0.020803
28680,0.032417
28681,0.024477
28682,-0.029350
28683,-0.057593
28684,-0.027238
28685,-0.061469
28686,-0.096936
28687,-0.041348
28688,-0.023287
28689,0.015518
28690,0.051243
28691,0.112344
28692,0.081066
28693,0.016147
28694,-0.021833
28695,0.014454
28696,-0.015280
28697,-0.065675
28698,-0.017686
28699,-0.006518
28700,-0.035108
28701,-0.003436
28702,0.018095
28703,-0.023884
28704,-0.004663
28705,0.027041
28706,0.078949
28707,0.090494
28708,0.037538
28709,-0.009316
28710,-0.031888
28711,-0.024696
28712,-0.056055
28713,-0.051122
28714,-0.022520
28715,-0.014398
28716,-0.023307
28717,-0.033092
28718,-0.005302
28719,0.020509
28720,0.007681
28721,0.048634
28722,0.060962
28723,0.010259
28724,-0.034093
28725,0.010448
28726,0.031098
28727,0.005421
28728,0.023723
28729,0.025587
28730,-0.007311
28731,-0.030640
28732,-0.047281
28733,-0.064754
28734,-0.010777
28735,-0.012219
28736,-0.000339
28737,0.026145
28738,-0.016612
28739,0.033958
28740,0.028208
28741,0.011533
28742,-0.011147
28743,-0.022874
28744,-0.008196
28745,0.014359
28746,0.008157
28747,0.062154
28748,0.040682
28749,0.000671
28750,-0.023172
28751,-0.046028
28752,-0.042579
28753,-0.038932
28754,-0.019703
28755,0.045697
28756,0.062395
28757,0.051330
28758,0.030279
28759,0.017177
28760,0.021313
28761,0.005881
28762,-0.067292
28763,-0.096707
28764,-0.052457
28765,0.011741
28766,-0.010810
28767,0.004973
28768,0.004782
28769,-0.032503
28770,0.003220
28771,-0.002591
28772,-0.020799
28773,0.006177
28774,0.029503
28775,0.040324
28776,0.041284
28777,0.049003
28778,0.015075
28779,-0.007738
28780,0.004049
28781,0.030243
28782,0.022522
28783,-0.005906
28784,-0.004905
28785,-0.065311
28786,-0.041340
28787,-0.029784
28788,-0.013271
28789,-0.006709
28790,0.024562
28791,0.011881
28792,-0.007669
28793,0.015964
28794,0.002160
28795,0.001461
28796,-0.008581
28797,-0.010180
28798,-0.018214
28799,-0.041962
28800,0.052156
28801,0.073992
28802,-0.017971
28803,-0.084392
28804,-0.046190
28805,-0.016867
28806,0.007620
28807,0.017023
28808,0.067420
28809,0.057685
28810,0.026422
28811,0.040567
28812,-0.011764
28813,-0.017553
28814,-0.028596
28815,-0.062812
28816,-0.038381
28817,-0.023178
28818,0.003245
28819,0.054763
28820,0.039594
28821,0.051311
28822,0.017312
28823,-0.015883
28824,-0.004436
28825,-0.084119
28826,-0.109383
28827,-0.053287
28828,0.000964
28829,0.018619
28830,0.069881
28831,0.102948
28832,0.105851
28833,0.061718
28834,-0.021210
28835,-0.074252
28836,-0.069661
28837,-0.072288
28838,-0.065850
28839,-0.049260
28840,-0.064257
28841,-0.019944
28842,0.027566
28843,0.058543
28844,0.062688
28845,0.052257
28846,0.079257
28847,0.063037
28848,-0.000787
28849,-0.070926
28850,-0.053541
28851,-0.084736
28852,-0.049300
28853,0.024213
28854,0.047142
28855,0.065573
28856,0.076256
28857,-0.015175
28858,-0.037247
28859,-0.015914
28860,-0.054761
28861,-0.023127
28862,0.016612
28863,0.026040
28864,0.065633
28865,0.032351
28866,-0.015885
28867,-0.044771
28868,-0.038818
28869,0.006014
28870,0.029110
28871,0.035410
28872,-0.023084
28873,-0.088501
28874,-0.025151
28875,0.004320
28876,0.000426
28877,0.030050
28878,0.008251
28879,-0.018601
28880,-0.028507
28881,-0.021060
28882,-0.029867
28883,0.005491
28884,0.058643
28885,0.040286
28886,0.024602
28887,0.049621
28888,0.026590
28889,0.000960
28890,0.047981
28891,0.022863
28892,-0.001921
28893,-0.009769
28894,-0.026959
28895,-0.091947
28896,-0.066443
28897,0.003987
28898,0.028151
28899,-0.004545
28900,-0.039352
28901,0.027537
28902,0.028874
28903,0.024177
28904,0.008591
28905,-0.042557
28906,-0.041806
28907,-0.036722
28908,-0.001404
28909,-0.002309
28910,0.013685
28911,0.037162
28912,0.040842
28913,0.012189
28914,-0.018531
28915,-0.044050
28916,-0.033310
28917,0.014078
28918,0.046186
28919,0.032871
28920,0.012024
28921,-0.035984
28922,-0.005713
28923,-0.030942
28924,-0.038150
28925,-0.005146
28926,0.034167
28927,-0.001841
28928,0.033906
28929,0.058124
28930,-0.005190
28931,0.016506
28932,-0.005322
28933,-0.061779
28934,-0.026273
28935,0.010117
28936,-0.031152
28937,-0.018952
28938,0.017842
28939,0.060244
28940,0.067511
28941,0.027278
28942,-0.025017
28943,-0.064796
28944,-0.060036
28945,-0.086740
28946,-0.053080
28947,0.012769
28948,0.033498
28949,0.086573
28950,0.090328
28951,0.021296
28952,-0.025491
28953,-0.060487
28954,-0.073158
28955,-0.007705
28956,0.029559
28957,0.045992
28958,-0.002112
28959,0.018082
28960,0.051086
28961,0.032743
28962,0.012908
28963,-0.024919
28964,-0.053685
28965,-0.048881
28966,-0.008385
28967,0.000981
28968,0.030790
28969,0.019322
28970,0.005846
28971,0.001422
28972,-0.009190
28973,0.020991
28974,-0.018699
28975,-0.019707
28976,0.004391
28977,0.009561
28978,0.029705
28979,-0.019007
28980,-0.090027
28981,-0.003735
28982,0.024486
28983,0.049453
28984,0.054409
28985,-0.002737
28986,-0.059985
28987,-0.080093
28988,-0.027337
28989,0.020594
28990,-0.014658
28991,-0.017153
28992,0.006912
28993,0.024721
28994,0.032201
28995,0.066651
28996,0.046061
28997,0.024946
28998,0.030145
28999,0.005454
29000,0.026017
29001,-0.008154
29002,-0.072555
29003,-0.022242
29004,-0.016425
29005,-0.046181
29006,0.007443
29007,-0.019832
29008,-0.015653
29009,0.029761
29010,0.050566
29011,0.054009
29012,-0.003303
29013,-0.007131
29014,-0.017529
29015,-0.013948
29016,-0.004277
29017,-0.026935
29018,-0.055082
29019,-0.054305
29020,-0.104700
29021,-0.061681
29022,0.020831
29023,0.039855
29024,0.067822
29025,0.068982
29026,0.040186
29027,-0.001915
29028,0.036664
29029,0.043526
29030,0.020929
29031,-0.021361
29032,-0.035512
29033,-0.045963
29034,-0.086024
29035,-0.077095
29036,-0.002678
29037,0.010603
29038,0.003785
29039,-0.015230
29040,0.044948
29041,0.039341
29042,0.042454
29043,0.018253
29044,-0.033312
29045,-0.019571
29046,0.021912
29047,0.014858
29048,0.045620
29049,0.068006
29050,0.050484
29051,-0.011729
29052,-0.055652
29053,-0.046919
29054,-0.022301
29055,-0.009382
29056,0.043315
29057,0.062971
29058,0.056512
29059,0.032627
29060,-0.047318
29061,-0.045984
29062,-0.051899
29063,-0.078305
29064,-0.035748
29065,-0.056859
29066,-0.032643
29067,0.025274
29068,0.029456
29069,0.042396
29070,0.000311
29071,0.031566
29072,0.020490
29073,-0.003985
29074,0.010898
29075,0.011674
29076,0.004198
29077,0.001169
29078,-0.039231
29079,0.000476
29080,0.000305
29081,-0.032249
29082,-0.028179
29083,-0.002684
29084,0.018609
29085,0.033070
29086,-0.002355
29087,0.016063
29088,0.044542
29089,0.015972
29090,0.007369
29091,-0.006341
29092,-0.047793
29093,-0.046071
29094,-0.021890
29095,-0.030051
29096,-0.027849
29097,0.015405
29098,0.024447
29099,0.073601
29100,0.037970
29101,-0.005117
29102,-0.022243
29103,-0.019692
29104,-0.004454
29105,0.024546
29106,0.061270
29107,0.069584
29108,0.034332
29109,-0.036947
29110,-0.042988
29111,-0.013039
29112,-0.058526
29113,-0.033844
29114,-0.005953
29115,-0.021672
29116,-0.031407
29117,0.045072
29118,0.001532
29119,0.020012
29120,0.082847
29121,-0.028420
29122,-0.048264
29123,-0.090321
29124,-0.089657
29125,-0.034289
29126,0.017703
29127,0.082679
29128,0.124807
29129,0.097415
29130,0.064418
29131,0.020976
29132,-0.026248
29133,-0.038885
29134,0.000861
29135,-0.037636
29136,-0.078138
29137,-0.052948
29138,-0.043476
29139,-0.027238
29140,0.044667
29141,0.042231
29142,0.026550
29143,0.038292
29144,0.049429
29145,-0.022962
29146,-0.038136
29147,-0.046909
29148,-0.057335
29149,-0.015268
29150,0.024082
29151,0.052775
29152,-0.018483
29153,-0.053661
29154,-0.004716
29155,0.034739
29156,0.039684
29157,0.054099
29158,0.047751
29159,-0.015140
29160,-0.057145
29161,-0.012274
29162,-0.006677
29163,-0.012271
29164,0.022364
29165,0.023072
29166,0.015770
29167,-0.011885
29168,-0.031068
29169,-0.013721
29170,-0.053695
29171,-0.062897
29172,-0.056364
29173,-0.007452
29174,0.057415
29175,449.513855
29176,834.979919
29177,34.394466
29178,1014.832764
29179,1798.636230
29180,-8.402224
29181,13.840858
29182,29.453945
29183,33.904060
29184,13.772464
29185,1.102703
29186,-9.736143
29187,-15.565412
29188,-2.872438
29189,3.407552
29190,8.250118
29191,19.226862
29192,12.890064
29193,-10.962231
29194,-25.066750
29195,-30.960691
29196,-36.814671
29197,-18.827320
29198,5.405637
29199,21.502682
29200,38.090820
29201,50.677635
29202,35.341209
29203,5.233636
29204,-21.405352
29205,-29.024179
29206,-13.121528
29207,-10.818933
29208,-16.939266
29209,-24.007671
29210,-35.634743
29211,-25.213678
29212,8.331061
29213,44.547005
29214,51.217476
29215,21.314230
29216,20.696320
29217,16.394251
29218,13.063557
29219,15.710604
29220,-8.889201
29221,-42.239040
29222,-57.421936
29223,-43.898659
29224,-28.711052
29225,-10.698306
29226,26.723463
29227,49.787277
29228,49.221542
29229,1.380217
29230,0.076477
29231,0.098257
29232,0.037958
29233,-0.026754
29234,0.000505
29235,-0.047578
29236,-0.077093
29237,-0.038096
29238,-0.054192
29239,-0.028445
29240,0.004088
29241,0.011619
29242,0.022259
29243,-0.003131
29244,0.000486
29245,0.043034
29246,0.069176
29247,0.068821
29248,0.009359
29249,-0.072110
29250,-0.094191
29251,-0.087118
29252,0.010145
29253,0.018666
29254,0.049251
29255,0.063734
29256,0.018113
29257,0.048345
29258,0.015861
29259,-0.011712
29260,-0.048772
29261,-0.045187
29262,-0.055649
29263,-0.061998
29264,-0.011147
29265,0.033909
29266,0.022853
29267,0.010933
29268,-0.020448
29269,-0.023522
29270,-0.005100
29271,0.056797
29272,0.029699
29273,0.018601
29274,0.004160
29275,-0.002123
29276,0.028729
29277,0.067756
29278,0.005735
29279,-0.071795
29280,-0.075073
29281,-0.050474
29282,-0.021908
29283,-0.015316
29284,0.035187
29285,0.054879
29286,-0.006281
29287,-0.015549
29288,0.014030
29289,0.002725
29290,0.030710
29291,0.030889
29292,0.014332
29293,-0.016731
29294,0.005490
29295,-0.036682
29296,-0.020231
29297,0.012214
29298,-0.010360
29299,-0.005369
29300,-0.023758
29301,-0.053038
29302,-0.018734
29303,0.025575
29304,0.022489
29305,-0.003123
29306,0.027333
29307,0.058196
29308,0.052849
29309,0.052123
29310,0.046286
29311,-0.025377
29312,-0.073214
29313,-0.069090
29314,-0.071440
29315,-0.064126
29316,-0.055903
29317,-0.063672
29318,0.028967
29319,0.072258
29320,0.122320
29321,0.111789
29322,0.050375
29323,-0.034318
29324,-0.084454
29325,-0.096335
29326,-0.067994
29327,-0.006752
29328,-0.005459
29329,-0.021985
29330,0.031709
29331,0.030597
29332,0.030477
29333,0.090640
29334,0.058668
29335,-0.017269
29336,-0.046217
29337,-0.044480
29338,-0.041860
29339,-0.027713
29340,-0.054854
29341,0.004237
29342,0.054049
29343,0.106179
29344,0.109272
29345,0.074382
29346,-0.029930
29347,-0.093155
29348,-0.129984
29349,-0.103591
29350,-0.052425
29351,-0.029168
29352,0.011074
29353,0.042896
29354,0.038296
29355,-0.005106
29356,0.002085
29357,0.039001
29358,-0.020911
29359,0.019135
29360,0.075901
29361,0.058520
29362,-0.000362
29363,-0.082271
29364,-0.055861
29365,-0.029887
29366,0.011581
29367,0.073251
29368,0.059782
29369,0.023037
29370,-0.077405
29371,-0.127442
29372,-0.074974
29373,-0.042254
29374,0.000009
29375,0.081166
29376,0.064724
29377,0.045068
29378,0.025542
29379,-0.018692
29380,0.024945
29381,0.014920
29382,0.017801
29383,0.013338
29384,0.008535
29385,-0.008111
29386,-0.002663
29387,-0.066685
29388,-0.029813
29389,0.041305
29390,0.010102
29391,-0.034379
29392,-0.051792
29393,-0.057600
29394,-0.015235
29395,-0.009212
29396,0.037734
29397,0.056840
29398,0.052172
29399,0.071409
29400,0.046141
29401,-0.042904
29402,-0.035660
29403,-0.005662
29404,-0.010041
29405,-0.043745
29406,-0.014171
29407,0.014122
29408,-0.036865
29409,-0.058465
29410,-0.037604
29411,-0.011351
29412,-0.016882
29413,0.004358
29414,0.056221
29415,0.070801
29416,-0.003361
29417,0.022569
29418,0.023227
29419,0.039062
29420,0.023852
29421,0.001507
29422,0.019549
29423,-0.030351
29424,-0.087509
29425,-0.049407
29426,-0.018948
29427,0.046491
29428,0.063854
29429,0.071678
29430,-0.008526
29431,-0.011740
29432,-0.000326
29433,-0.017288
29434,-0.083132
29435,-0.039583
29436,-0.032473
29437,-0.014513
29438,0.058326
29439,0.067074
29440,0.041046
29441,0.033074
29442,0.013511
29443,-0.013295
29444,-0.068546
29445,-0.080541
29446,-0.006413
29447,0.005198
29448,-0.004337
29449,0.019623
29450,-0.007015
29451,-0.033926
29452,-0.006964
29453,0.019274
29454,0.051363
29455,0.046816
29456,-0.026905
29457,-0.024528
29458,-0.007454
29459,-0.050406
29460,-0.012382
29461,0.003246
29462,-0.000598
29463,0.061172
29464,0.041239
29465,-0.004525
29466,-0.014714
29467,-0.003885
29468,0.000612
29469,-0.000894
29470,0.016610
29471,0.047754
29472,0.015373
29473,-0.007796
29474,0.028141
29475,-0.006914
29476,-0.023588
29477,0.031678
29478,-0.010091
29479,-0.002814
29480,0.000948
29481,-0.053607
29482,-0.073378
29483,-0.059620
29484,-0.032770
29485,0.033362
29486,0.086602
29487,0.074803
29488,0.055698
29489,-0.019828
29490,-0.071828
29491,-0.048267
29492,-0.049306
29493,-0.057051
29494,0.024068
29495,0.016118
29496,-0.008591
29497,-0.013650
29498,-0.014664
29499,0.017121
29500,0.003115
29501,0.039542
29502,0.064449
29503,0.028009
29504,-0.015745
29505,-0.009496
29506,-0.010014
29507,-0.040343
29508,-0.009522
29509,-0.045748
29510,-0.010649
29511,0.015083
29512,0.012622
29513,0.033743
29514,0.032154
29515,0.005799
29516,0.008135
29517,0.012686
29518,-0.020145
29519,-0.041332
29520,-0.076250
29521,-0.027747
29522,0.035025
29523,0.032712
29524,0.035535
29525,0.042945
29526,0.021200
29527,-0.000427
29528,-0.005761
29529,-0.003285
29530,-0.018996
29531,-0.027910
29532,0.047706
29533,0.055218
29534,0.014326
29535,-0.018589
29536,-0.001377
29537,-0.011237
29538,-0.005258
29539,0.021577
29540,-0.012872
29541,-0.028144
29542,-0.040717
29543,-0.090003
29544,-0.026274
29545,-0.031516
29546,-0.048496
29547,-0.015866
29548,0.043889
29549,0.071813
29550,0.048991
29551,0.071165
29552,0.037608
29553,0.005225
29554,0.034472
29555,-0.009186
29556,-0.026865
29557,-0.029326
29558,-0.041153
29559,-0.039464
29560,-0.034581
29561,-0.028839
29562,-0.010443
29563,0.026588
29564,0.050923
29565,0.036896
29566,-0.009228
29567,-0.023868
29568,0.003710
29569,0.009457
29570,0.038383
29571,0.026496
29572,0.013760
29573,0.015269
29574,-0.014959
29575,-0.001648
29576,-0.013923
29577,-0.018456
29578,0.013999
29579,-0.000552
29580,0.028541
29581,0.005123
29582,-0.030311
29583,-0.060810
29584,-0.033210
29585,0.008124
29586,0.038460
29587,0.024361
29588,-0.007891
29589,0.009066
29590,0.022890
29591,-0.031530
29592,-0.076005
29593,-0.041233
29594,-0.044059
29595,-0.010777
29596,0.041282
29597,0.037151
29598,0.054932
29599,0.063884
29600,0.063407
29601,0.038951
29602,-0.000540
29603,-0.045987
29604,-0.057193
29605,0.003083
29606,-0.044033
29607,-0.082091
29608,0.014034
29609,0.018360
29610,0.004292
29611,0.002104
29612,0.018780
29613,0.027241
29614,0.014385
29615,0.035499
29616,0.067125
29617,0.042570
29618,0.015773
29619,-0.018221
29620,-0.034895
29621,-0.035628
29622,-0.046989
29623,-0.019286
29624,-0.009062
29625,-0.052257
29626,-0.030744
29627,-0.020486
29628,0.027262
29629,-0.005057
29630,-0.034693
29631,-0.101833
29632,-0.078120
29633,-0.040391
29634,0.019380
29635,0.096927
29636,0.106397
29637,0.080822
29638,0.023769
29639,-0.009781
29640,-0.037283
29641,-0.035987
29642,0.003486
29643,0.010026
29644,-0.021806
29645,-0.023346
29646,0.016602
29647,0.028072
29648,0.004737
29649,0.001856
29650,-0.042104
29651,-0.009822
29652,0.009289
29653,-0.015594
29654,0.011890
29655,-0.020061
29656,-0.046737
29657,-0.035911
29658,-0.044539
29659,-0.008487
29660,0.049386
29661,0.088872
29662,0.049840
29663,0.010636
29664,-0.039790
29665,-0.076811
29666,0.013193
29667,0.002016
29668,0.011783
29669,0.003616
29670,-0.032422
29671,0.020940
29672,0.101817
29673,0.057907
29674,0.025784
29675,0.012398
29676,-0.047799
29677,-0.063753
29678,-0.034715
29679,-0.019102
29680,-0.008375
29681,-0.007375
29682,-0.025758
29683,0.022761
29684,0.050958
29685,0.040927
29686,0.017221
29687,-0.047889
29688,-0.042421
29689,-0.021215
29690,-0.009202
29691,-0.019523
29692,0.023109
29693,0.018344
29694,-0.038867
29695,-0.040134
29696,-0.010169
29697,0.020948
29698,0.048604
29699,-0.016175
29700,-0.035745
29701,-0.032004
29702,-0.015680
29703,0.040112
29704,0.043963
29705,0.023851
29706,-0.006347
29707,-0.057695
29708,-0.080660
29709,-0.046107
29710,0.011101
29711,0.044515
29712,0.053601
29713,0.076579
29714,0.090385
29715,0.019864
29716,0.023312
29717,-0.040992
29718,-0.044804
29719,-0.042388
29720,-0.043019
29721,0.006246
29722,0.020153
29723,0.034279
29724,0.052961
29725,0.060825
29726,0.010540
29727,-0.023937
29728,-0.081238
29729,-0.095428
29730,-0.047771
29731,-0.003506
29732,0.034765
29733,0.032003
29734,0.021708
29735,-0.010689
29736,-0.024724
29737,-0.025234
29738,0.009503
29739,-0.003882
29740,0.002414
29741,0.008639
29742,0.036000
29743,0.036042
29744,0.042663
29745,-0.002055
29746,-0.072154
29747,-0.083778
29748,-0.050981
29749,-0.062529
29750,-0.074534
29751,-0.013081
29752,-0.042420
29753,-0.006952
29754,0.076321
29755,0.134270
29756,0.179905
29757,0.137666
29758,0.067966
29759,-0.039499
29760,-0.127621
29761,-0.110850
29762,-0.064463
29763,-0.028891
29764,0.049806
29765,0.038883
29766,0.032145
29767,-0.002995
29768,-0.013085
29769,0.004330
29770,-0.005683
29771,0.004660
29772,-0.000874
29773,-0.022566
29774,0.000872
29775,0.015209
29776,-0.006696
29777,-0.012279
29778,-0.005854
29779,-0.012864
29780,0.001751
29781,-0.018901
29782,-0.021894
29783,0.001756
29784,0.030711
29785,0.026805
29786,-0.065229
29787,-0.060669
29788,0.005138
29789,-0.024285
29790,0.013981
29791,0.047047
29792,0.036965
29793,0.012965
29794,0.032290
29795,-0.010188
29796,0.011106
29797,-0.031666
29798,-0.067755
29799,-0.041643
29800,0.039927
29801,0.046259
29802,0.063654
29803,0.035105
29804,-0.048929
29805,-0.028344
29806,-0.028315
29807,-0.017936
29808,-0.010664
29809,-0.010536
29810,0.028599
29811,-0.000993
29812,-0.005039
29813,-0.035577
29814,-0.040330
29815,-0.031101
29816,0.048977
29817,0.071285
29818,0.069364
29819,0.079067
29820,-0.011316
29821,-0.086917
29822,-0.057122
29823,-0.045587
29824,0.025944
29825,0.013212
29826,0.038016
29827,-0.017962
29828,-0.037133
29829,-0.039258
29830,-0.042430
29831,-0.015868
29832,0.014864
29833,0.053483
29834,0.079880
29835,0.030904
29836,-0.025235
29837,-0.036128
29838,-0.021861
29839,-0.016453
29840,-0.052935
29841,-0.037335
29842,-0.036178
29843,0.013784
29844,0.079617
29845,0.098334
29846,0.048806
29847,-0.000232
29848,-0.091824
29849,-0.104167
29850,-0.062571
29851,-0.022230
29852,0.039622
29853,0.073325
29854,0.096093
29855,0.119878
29856,0.051986
29857,-0.004326
29858,-0.050609
29859,-0.081262
29860,-0.107268
29861,-0.064554
29862,-0.037584
29863,-0.005553
29864,0.058195
29865,0.071788
29866,0.037249
29867,0.023512
29868,0.028224
29869,0.000325
29870,0.022326
29871,0.032232
29872,-0.019164
29873,-0.026833
29874,-0.008442
29875,0.002412
29876,-0.018746
29877,-0.006050
29878,0.023594
29879,0.002384
29880,0.002384
29881,0.002384
29882,0.002384
29883,0.002384
29884,0.002384
29885,0.002384
29886,0.002384
29887,0.002384
29888,0.002384
29889,0.002384
29890,0.002384
29891,0.002384
29892,0.002384
29893,0.002384
29894,0.002384
29895,0.002384
29896,0.002384
29897,0.002384
29898,0.002384
29899,0.002384
29900,0.002384
29901,0.002384
29902,0.002384
29903,0.002384
29904,0.002384
29905,0.002384
29906,0.002384
29907,0.002384
29908,0.002384
29909,0.002384
29910,0.002384
29911,0.002384
29912,0.002384
29913,0.002384
29914,0.002384
29915,0.002384
29916,0.002384
29917,0.002384
29918,0.002384
29919,0.002384
29920,0.002384
29921,0.002384
29922,0.002384
29923,0.002384
29924,0.002384
29925,0.002384
29926,0.002384
29927,0.002384
29928,0.002384
29929,0.002384
29930,0.002384
29931,0.002384
29932,0.002384
29933,0.002384
29934,0.002384
29935,0.002384
29936,0.002384
29937,0.002384
29938,0.002384
29939,0.002384
29940,0.002384
29941,0.002384
29942,0.002384
29943,0.002384
29944,0.002384
29945,0.002384
29946,0.002384
29947,0.002384
29948,0.002384
29949,0.002384
29950,0.002384
29951,0.002384
29952,0.002384
29953,0.002384
29954,0.002384
29955,0.002384
29956,0.002384
29957,0.002384
29958,0.002384
29959,0.002384
29960,0.002384
29961,0.002384
29962,0.002384
29963,0.002384
29964,0.002384
29965,0.002384
29966,0.002384
29967,0.002384
29968,0.002384
29969,0.002384
29970,0.002384
29971,0.002384
29972,0.002384
29973,0.002384
29974,0.002384
29975,0.002384
29976,0.002384
29977,0.002384
29978,0.002384
29979,0.002384
29980,0.002384
29981,0.002384
29982,0.002384
29983,0.002384
29984,0.002384
29985,0.002384
29986,0.002384
29987,0.002384
29988,0.002384
29989,0.002384
29990,0.002384
29991,0.002384
29992,0.002384
29993,0.002384
29994,0.002384
29995,0.002384
29996,0.002384
29997,0.002384
29998,0.002384
29999,0.002384
