Index,Voltage_mV
0,-0.030696
1,-0.018179
2,0.005960
3,0.014006
4,-0.003279
5,0.009688
6,-0.002392
7,-0.060204
8,-0.060195
9,-0.030692
10,-0.007443
11,0.024447
12,0.020271
13,0.058878
14,0.067064
15,0.072867
16,0.067353
17,0.022184
18,-0.016390
19,-0.043966
20,-0.049762
21,-0.064682
22,-0.056300
23,-0.025013
24,0.035183
25,0.021148
26,0.018183
27,0.014907
28,0.007412
29,-0.066474
30,-0.044373
31,-0.031595
32,-0.000860
33,0.027879
34,0.034891
35,0.043665
36,0.029186
37,0.003997
38,-0.026798
39,-0.005694
40,-0.046217
41,-0.036045
42,-0.030115
43,0.004199
44,0.032193
45,0.051121
46,0.055956
47,-0.012986
48,-0.007694
49,0.038300
50,0.007699
51,-0.026842
52,-0.023004
53,-0.064979
54,-0.059349
55,-0.073724
56,0.023342
57,0.066742
58,0.056884
59,0.025586
60,-0.025353
61,-0.031580
62,-0.013663
63,0.027742
64,0.026166
65,0.008076
66,0.019991
67,0.034273
68,0.007966
69,-0.028906
70,0.022999
71,0.041117
72,-0.007728
73,0.013026
74,-0.003954
75,-0.017494
76,-0.004783
77,-0.027584
78,-0.050604
79,-0.027674
80,-0.031639
81,-0.049862
82,-0.013147
83,-0.038773
84,0.000985
85,0.031267
86,0.019752
87,0.064256
88,0.070867
89,0.049459
90,0.034517
91,0.012358
92,0.046535
93,0.056126
94,0.012651
95,-0.063447
96,-0.101053
97,-0.114487
98,-0.071030
99,0.021443
100,0.079077
101,0.088709
102,0.032953
103,-0.035858
104,-0.085340
105,-0.010324
106,-0.001028
107,-0.030501
108,-0.030018
109,-0.020266
110,0.006638
111,0.040650
112,0.040550
113,0.027656
114,-0.026781
115,0.012846
116,0.022405
117,0.018064
118,0.000589
119,0.001295
120,-0.007406
121,-0.008962
122,-0.041894
123,-0.062468
124,0.004135
125,-0.001678
126,-0.001267
127,-0.015176
128,0.020040
129,0.046790
130,0.030087
131,0.037473
132,-0.003461
133,-0.039570
134,0.016129
135,0.056419
136,0.031524
137,0.004719
138,0.011870
139,-0.016708
140,-0.036819
141,0.024320
142,-0.000827
143,-0.052659
144,-0.044230
145,-0.076462
146,-0.034320
147,0.016240
148,-0.001219
149,0.001245
150,0.027234
151,0.062905
152,0.020988
153,-0.020472
154,0.001788
155,-0.006831
156,-0.007020
157,-0.018226
158,-0.028753
159,-0.005346
160,-0.028605
161,-0.035474
162,0.005023
163,-0.021476
164,-0.032440
165,0.035314
166,0.080664
167,0.096112
168,0.013481
169,0.018350
170,0.059902
171,-0.041818
172,-0.045793
173,-0.036326
174,-0.074599
175,-0.045562
176,-0.001195
177,0.000324
178,0.003656
179,0.053331
180,0.076163
181,0.029906
182,0.011249
183,-0.014354
184,-0.012285
185,-0.046483
186,-0.041070
187,0.035424
188,-0.003376
189,-0.017268
190,0.006869
191,-0.020351
192,-0.013305
193,-0.009827
194,-0.027123
195,0.011535
196,0.034810
197,0.023818
198,0.043302
199,0.044328
200,0.015295
201,-0.057868
202,-0.060083
203,-0.060918
204,-0.069595
205,-0.032879
206,-0.024589
207,0.013189
208,0.021492
209,0.031342
210,0.017898
211,-0.010425
212,0.007190
213,0.042250
214,0.043817
215,-0.016249
216,-0.026787
217,0.012808
218,0.029539
219,0.003866
220,0.060790
221,0.042413
222,0.028673
223,-0.039434
224,-0.068476
225,0.021612
226,0.021906
227,-0.005811
228,0.012053
229,0.031004
230,0.011886
231,-0.080719
232,-0.129737
233,-0.121274
234,-0.028465
235,0.067011
236,0.138045
237,0.158322
238,0.066019
239,-0.010127
240,-0.072094
241,-0.032260
242,-0.048617
243,-0.043730
244,-0.050388
245,-0.042697
246,-0.004379
247,-0.006682
248,-0.024772
249,0.050398
250,0.083383
251,0.086240
252,0.072522
253,0.018159
254,0.008586
255,-0.030480
256,-0.052074
257,-0.056380
258,-0.093493
259,-0.079737
260,-0.036475
261,0.009135
262,0.047859
263,0.103512
264,0.127479
265,0.096552
266,0.008437
267,-0.058232
268,-0.106392
269,-0.120153
270,-0.081646
271,-0.057679
272,0.036480
273,0.017177
274,0.043336
275,0.092087
276,0.031107
277,0.010154
278,-0.025051
279,-0.008641
280,-0.000294
281,-0.026087
282,-0.026767
283,-0.016537
284,0.067700
285,0.081514
286,0.065437
287,0.017037
288,-0.061168
289,-0.074249
290,-0.103306
291,-0.110770
292,-0.032463
293,0.044790
294,0.100500
295,0.037941
296,0.034355
297,0.002724
298,-0.004230
299,0.021182
300,0.038224
301,-0.044024
302,-0.045571
303,-0.045679
304,-0.037642
305,-0.031877
306,0.043335
307,0.063610
308,-0.005319
309,-0.022536
310,0.038755
311,0.073467
312,0.041979
313,0.036536
314,0.033382
315,0.003225
316,-0.034238
317,-0.080251
318,-0.096715
319,-0.090983
320,-0.049582
321,-0.002471
322,-0.013792
323,0.055567
324,0.045093
325,0.071759
326,0.079028
327,-0.022792
328,-0.032699
329,-0.025210
330,-0.023612
331,0.055653
332,0.046600
333,0.033269
334,0.032802
335,-0.003518
336,-0.069702
337,-0.058275
338,-0.036131
339,-0.057771
340,-0.036298
341,-0.034909
342,-0.033936
343,0.019596
344,0.056023
345,0.028538
346,-0.006247
347,0.077469
348,0.066630
349,0.043503
350,0.039539
351,-0.031214
352,0.006279
353,-0.057094
354,-0.111339
355,-0.062603
356,-0.017269
357,0.008744
358,0.048535
359,0.043458
360,0.017264
361,0.006636
362,0.029487
363,0.050693
364,0.043685
365,0.004496
366,-0.029137
367,-0.063732
368,-0.070648
369,-0.060566
370,-0.014239
371,-0.012881
372,0.009361
373,-0.010498
374,0.021263
375,0.044605
376,0.041661
377,0.058047
378,0.021929
379,0.001848
380,-0.015269
381,-0.065467
382,-0.023924
383,-0.035229
384,-0.033872
385,-0.000796
386,-0.005347
387,-0.002550
388,0.024606
389,0.032895
390,0.047773
391,0.049274
392,0.005984
393,0.022147
394,0.031821
395,-0.016021
396,-0.032803
397,-0.044084
398,-0.017655
399,-0.023698
400,-0.035906
401,-0.002742
402,0.009634
403,0.035775
404,0.051070
405,0.040515
406,0.000959
407,0.007731
408,-0.033762
409,0.033845
410,0.051856
411,0.022605
412,-0.038995
413,-0.076434
414,-0.097856
415,-0.100292
416,-0.065051
417,0.017236
418,0.095163
419,0.085320
420,0.092095
421,0.071725
422,-0.014378
423,-0.030029
424,-0.010888
425,-0.004416
426,-0.052484
427,-0.059401
428,-0.068053
429,-0.075129
430,-0.065216
431,-0.036713
432,0.060212
433,0.096792
434,0.141691
435,0.088189
436,0.035017
437,0.025486
438,0.000516
439,-0.048690
440,-0.095885
441,-0.052356
442,-0.006616
443,-0.022705
444,0.014841
445,0.044442
446,0.053597
447,-0.006373
448,-0.099906
449,-0.045640
450,0.030252
451,0.061804
452,0.080588
453,0.062606
454,-0.013174
455,-0.071879
456,-0.102748
457,-0.026730
458,0.002960
459,-0.008000
460,0.001261
461,-0.032832
462,-0.069494
463,-0.047935
464,-0.002663
465,0.052930
466,0.051419
467,0.024792
468,0.076550
469,0.045353
470,0.016054
471,0.036971
472,0.027813
473,-0.027118
474,-0.070277
475,-0.069070
476,-0.038942
477,-0.016803
478,0.002988
479,0.036813
480,0.046403
481,0.024903
482,0.038434
483,0.017026
484,0.030922
485,0.004346
486,0.015062
487,-0.001206
488,-0.059685
489,-0.037662
490,-0.024543
491,-0.076172
492,-0.049191
493,-0.038329
494,-0.015438
495,0.036385
496,0.020704
497,0.051650
498,0.053027
499,0.003822
500,-0.010528
501,-0.030637
502,-0.001437
503,-0.011358
504,-0.024330
505,-0.013823
506,-0.038958
507,0.065671
508,0.108943
509,0.057412
510,0.014927
511,-0.062098
512,-0.050863
513,-0.026700
514,-0.012241
515,0.013568
516,-0.014053
517,-0.026819
518,-0.021745
519,0.003751
520,0.010818
521,0.024506
522,0.029476
523,0.023481
524,-0.021792
525,-0.052295
526,-0.033622
527,-0.039543
528,-0.056427
529,0.000568
530,0.063953
531,0.082974
532,0.068926
533,0.087788
534,0.012612
535,-0.024757
536,-0.057668
537,-0.095383
538,-0.047260
539,0.004478
540,-0.013652
541,-0.009592
542,0.039677
543,-0.011593
544,0.005810
545,0.011314
546,0.001775
547,0.009147
548,-0.029647
549,-0.040171
550,456.439575
551,728.974426
552,8.829866
553,1163.824341
554,1918.887085
555,34.332130
556,44.894718
557,35.827606
558,17.729322
559,11.795708
560,22.119135
561,-5.063367
562,-37.800106
563,-44.228703
564,-39.670654
565,-23.668665
566,-23.869516
567,3.069657
568,41.353378
569,65.039024
570,56.111221
571,34.651970
572,-16.639399
573,-42.623371
574,-33.413475
575,-5.207290
576,-5.801090
577,-22.232655
578,-4.395803
579,-1.621337
580,-4.070510
581,-15.083869
582,-0.894330
583,17.856218
584,22.434877
585,23.463039
586,-5.209205
587,-32.303989
588,-7.604833
589,17.938473
590,33.275650
591,30.412968
592,-2.542546
593,-20.520088
594,-23.736780
595,-19.480293
596,1.125712
597,13.493780
598,-3.266752
599,-15.900032
600,-11.152188
601,-13.164567
602,-3.627400
603,17.825375
604,0.005057
605,-0.001978
606,0.023851
607,0.103578
608,0.074791
609,0.016277
610,-0.006126
611,-0.051258
612,-0.074415
613,-0.065036
614,-0.075872
615,-0.043163
616,-0.016566
617,-0.012624
618,0.037597
619,0.040648
620,0.059965
621,0.074929
622,0.001975
623,0.024679
624,0.036331
625,0.040513
626,0.042691
627,-0.010806
628,-0.064346
629,-0.080954
630,-0.096721
631,-0.000020
632,0.045651
633,-0.002980
634,-0.040848
635,-0.024885
636,0.012522
637,-0.013422
638,-0.052154
639,0.016253
640,0.008838
641,-0.012649
642,0.016745
643,0.004582
644,0.018130
645,0.085186
646,0.084753
647,0.034425
648,0.020676
649,-0.010079
650,-0.026505
651,0.009565
652,0.032326
653,0.000026
654,454.097351
655,720.950684
656,8.782875
657,1175.101685
658,1909.935303
659,43.066082
660,2.143013
661,-18.366644
662,-24.444136
663,-38.125790
664,-42.735649
665,-31.021776
666,-28.069073
667,-6.820611
668,27.619186
669,50.207199
670,54.743275
671,34.903553
672,-4.389234
673,-38.622261
674,-47.162815
675,-41.054352
676,-5.899593
677,28.900080
678,37.718937
679,14.874565
680,-12.176525
681,-37.208233
682,-33.475063
683,-9.260293
684,30.478676
685,58.508060
686,55.921249
687,39.774776
688,12.326393
689,-27.456327
690,-66.810150
691,-59.296215
692,-45.017174
693,-5.778735
694,32.740463
695,39.755322
696,17.257498
697,-4.943130
698,-27.104218
699,-20.341824
700,6.349961
701,25.407303
702,12.497439
703,-11.935765
704,-41.902885
705,-28.601158
706,19.164268
707,49.215752
708,-0.010995
709,-0.023753
710,-0.030769
711,-0.040818
712,-0.046213
713,-0.053932
714,-0.049855
715,-0.014581
716,0.027491
717,0.019935
718,0.023351
719,0.000113
720,0.004762
721,0.047395
722,0.044765
723,0.041439
724,0.036215
725,-0.004160
726,-0.054104
727,-0.053127
728,-0.060407
729,-0.058079
730,-0.010864
731,0.000363
732,0.048346
733,0.082538
734,0.077021
735,-0.022200
736,-0.080503
737,-0.026903
738,-0.028907
739,-0.029280
740,0.010298
741,0.031596
742,0.028246
743,0.041354
744,-0.003598
745,-0.001606
746,-0.000042
747,0.023077
748,0.005604
749,-0.027220
750,-0.044756
751,0.009129
752,0.066484
753,0.004582
754,-0.016527
755,0.022560
756,-0.006305
757,-0.025217
758,-0.013109
759,-0.029067
760,0.002803
761,0.011679
762,-0.030055
763,-0.013042
764,-0.016519
765,0.015817
766,0.030249
767,0.015753
768,-0.061473
769,-0.053484
770,-0.039969
771,0.018157
772,-0.016107
773,-0.026361
774,0.042992
775,0.084018
776,0.054054
777,0.102597
778,0.092993
779,0.003426
780,-0.068821
781,-0.111528
782,-0.126299
783,-0.104134
784,-0.059278
785,0.001836
786,0.021499
787,0.039098
788,0.065831
789,0.080482
790,0.012767
791,-0.040585
792,-0.008247
793,-0.006963
794,-0.014797
795,0.034634
796,0.090411
797,0.041894
798,-0.001957
799,0.035304
800,-0.002444
801,-0.017333
802,-0.010553
803,-0.063588
804,-0.020621
805,-0.020838
806,-0.030956
807,-0.018194
808,-0.036374
809,-0.071081
810,-0.005479
811,0.049182
812,0.022710
813,0.024389
814,0.038528
815,0.082104
816,0.048372
817,-0.016370
818,-0.037884
819,-0.019699
820,-0.021538
821,-0.040468
822,-0.061907
823,-0.031462
824,0.067310
825,0.056056
826,0.046623
827,-0.033531
828,-0.047467
829,-0.031885
830,-0.066797
831,-0.027271
832,-0.000609
833,0.026685
834,0.067055
835,0.057766
836,0.026647
837,0.033779
838,0.011050
839,-0.001104
840,-0.000949
841,-0.024020
842,0.013860
843,-0.009949
844,-0.045152
845,-0.027267
846,0.012189
847,-0.028872
848,-0.072862
849,-0.073146
850,0.002820
851,0.058222
852,0.043231
853,-0.011228
854,-0.002337
855,-0.012914
856,-0.043044
857,-0.007570
858,-0.016224
859,0.052164
860,0.058115
861,0.058947
862,0.046795
863,-0.006175
864,-0.054476
865,-0.013620
866,-0.004482
867,-0.015924
868,0.010586
869,0.018704
870,0.002656
871,-0.035154
872,-0.057817
873,-0.026971
874,0.011054
875,0.018446
876,-0.003111
877,0.017494
878,0.042896
879,-0.018759
880,-0.082909
881,-0.030658
882,-0.015755
883,-0.021760
884,-0.021481
885,-0.025370
886,0.061834
887,0.100767
888,0.112633
889,0.099788
890,0.027073
891,0.006683
892,-0.022855
893,-0.019856
894,-0.013013
895,-0.047890
896,-0.017926
897,-0.030436
898,-0.045943
899,-0.039172
900,-0.043544
901,0.011776
902,0.059838
903,0.015097
904,0.002098
905,-0.027577
906,-0.079666
907,-0.097888
908,-0.043689
909,0.024221
910,0.079736
911,0.081577
912,0.080887
913,0.026922
914,-0.078150
915,-0.070686
916,-0.067472
917,-0.029412
918,0.029972
919,0.063210
920,0.066254
921,0.059518
922,0.012961
923,0.010497
924,-0.049275
925,-0.033819
926,0.000527
927,0.002412
928,-0.011635
929,-0.023107
930,0.015511
931,0.030381
932,0.022102
933,0.026230
934,-0.003545
935,-0.045055
936,-0.044634
937,-0.016694
938,0.013425
939,-0.000239
940,-0.013283
941,-0.010203
942,-0.085775
943,-0.052334
944,-0.006637
945,0.039914
946,0.072406
947,0.063124
948,0.040942
949,0.038815
950,0.032727
951,-0.014843
952,-0.052594
953,-0.074385
954,-0.054395
955,-0.013005
956,0.013780
957,-0.001433
958,-0.010740
959,0.019951
960,-0.007079
961,0.030512
962,0.102374
963,0.026411
964,-0.028262
965,-0.025464
966,-0.064531
967,-0.030832
968,-0.032057
969,0.001887
970,0.071702
971,0.058086
972,0.062926
973,0.050638
974,0.032964
975,0.031071
976,0.006469
977,-0.054130
978,-0.091057
979,-0.089500
980,-0.088902
981,-0.052692
982,-0.016934
983,-0.001414
984,-0.009478
985,0.023770
986,0.050781
987,0.031615
988,0.010582
989,-0.013850
990,-0.048330
991,-0.031027
992,-0.010770
993,0.074375
994,0.106011
995,0.045204
996,-0.014472
997,0.002638
998,-0.028148
999,-0.028000
1000,0.005513
1001,-0.008897
1002,-0.009730
1003,0.005616
1004,-0.015185
1005,-0.009204
1006,0.003462
1007,-0.029396
1008,0.002695
1009,0.012391
1010,0.056149
1011,0.008496
1012,-0.027840
1013,-0.078656
1014,-0.058304
1015,-0.027344
1016,0.038358
1017,0.098527
1018,0.114047
1019,0.076692
1020,0.021230
1021,0.022163
1022,-0.006311
1023,-0.065035
1024,-0.041739
1025,-0.069828
1026,-0.053346
1027,-0.048827
1028,-0.114318
1029,-0.073229
1030,-0.009990
1031,0.032164
1032,0.098503
1033,0.127555
1034,0.075914
1035,0.055771
1036,0.007776
1037,0.029709
1038,-0.046802
1039,0.008906
1040,0.033041
1041,-0.000828
1042,-0.050978
1043,-0.070933
1044,-0.068791
1045,-0.021449
1046,-0.007010
1047,-0.020266
1048,-0.057301
1049,-0.030584
1050,0.044858
1051,0.073447
1052,0.065205
1053,0.058154
1054,0.012907
1055,-0.002939
1056,0.013674
1057,-0.036596
1058,-0.040951
1059,-0.020367
1060,-0.022699
1061,-0.027773
1062,-0.036807
1063,-0.001402
1064,-0.041343
1065,-0.023688
1066,0.062291
1067,0.040330
1068,-0.025535
1069,-0.001768
1070,0.015267
1071,0.071302
1072,0.069465
1073,0.020839
1074,-0.024018
1075,-0.038495
1076,-0.043078
1077,-0.015295
1078,-0.007890
1079,-0.037738
1080,0.007748
1081,0.034518
1082,0.007716
1083,-0.034523
1084,-0.054240
1085,-0.052075
1086,-0.030901
1087,0.026252
1088,0.054626
1089,0.043742
1090,0.072290
1091,0.054061
1092,-0.021064
1093,-0.076051
1094,-0.061546
1095,-0.006104
1096,0.052179
1097,0.079803
1098,0.081529
1099,0.022803
1100,-0.047642
1101,-0.044671
1102,-0.051154
1103,-0.037819
1104,0.004558
1105,-0.008837
1106,0.033309
1107,0.036370
1108,-0.046256
1109,-0.099767
1110,-0.093299
1111,0.012351
1112,0.082005
1113,0.056723
1114,0.052467
1115,0.034339
1116,0.027486
1117,-0.003122
1118,-0.051338
1119,-0.020163
1120,-0.015264
1121,-0.015374
1122,-0.040738
1123,-0.067113
1124,-0.016126
1125,0.023881
1126,0.033827
1127,0.050127
1128,0.024997
1129,0.091190
1130,0.090080
1131,-0.007680
1132,-0.047549
1133,-0.054913
1134,-0.024189
1135,-0.026986
1136,-0.064745
1137,-0.066618
1138,-0.023512
1139,-0.004670
1140,0.008351
1141,0.060217
1142,0.049004
1143,0.060090
1144,0.039754
1145,-0.039014
1146,-0.054765
1147,0.004387
1148,-0.014745
1149,-0.047577
1150,-0.046749
1151,-0.031603
1152,0.024338
1153,0.028949
1154,0.007754
1155,0.013399
1156,-0.013382
1157,0.011070
1158,442.746582
1159,682.066589
1160,8.555152
1161,1229.753662
1162,1858.910156
1163,-1.036567
1164,-23.091541
1165,-48.435104
1166,-42.793949
1167,-4.631943
1168,33.008629
1169,42.826641
1170,40.194775
1171,26.356503
1172,12.169370
1173,-9.689185
1174,-23.188866
1175,-25.874922
1176,-22.112112
1177,-8.518059
1178,-1.794392
1179,12.238016
1180,0.231465
1181,-13.883989
1182,-0.405997
1183,1.654240
1184,-7.206100
1185,-1.545519
1186,12.731860
1187,28.340046
1188,27.992317
1189,23.093449
1190,-3.111071
1191,-6.435396
1192,-12.002194
1193,-17.394655
1194,-24.680822
1195,-13.154037
1196,-16.032423
1197,-14.762691
1198,-17.569359
1199,-15.408750
1200,-6.204492
1201,3.296176
1202,24.785873
1203,46.113110
1204,63.688869
1205,45.888821
1206,18.721918
1207,-0.336458
1208,-33.013557
1209,-37.927616
1210,-37.287399
1211,-40.365334
1212,0.061718
1213,0.115764
1214,0.101597
1215,0.049750
1216,-0.032515
1217,-0.065513
1218,-0.057578
1219,-0.034404
1220,0.002886
1221,0.005705
1222,-0.027276
1223,-0.081603
1224,-0.086476
1225,-0.085825
1226,-0.080381
1227,-0.028236
1228,0.052491
1229,0.102448
1230,0.121773
1231,0.100700
1232,0.048301
1233,0.021413
1234,0.034637
1235,0.005478
1236,-0.011628
1237,-0.072685
1238,-0.094962
1239,-0.087375
1240,-0.074104
1241,-0.023011
1242,0.001373
1243,0.045240
1244,0.030273
1245,-0.006645
1246,0.012536
1247,0.005050
1248,0.017677
1249,0.030547
1250,0.074748
1251,0.076703
1252,0.017973
1253,-0.017102
1254,-0.051986
1255,-0.052918
1256,-0.045014
1257,0.017279
1258,0.057083
1259,-0.004589
1260,-0.014915
1261,-0.023491
1262,-0.020195
1263,0.004872
1264,-0.046200
1265,-0.072348
1266,-0.043115
1267,0.040152
1268,0.065936
1269,0.044222
1270,0.086219
1271,0.024653
1272,-0.052468
1273,-0.072528
1274,-0.032968
1275,-0.015761
1276,-0.012321
1277,0.039121
1278,0.043497
1279,0.007390
1280,0.005891
1281,0.001613
1282,-0.016460
1283,0.021137
1284,0.013732
1285,-0.060379
1286,-0.045870
1287,-0.038424
1288,-0.009616
1289,0.038253
1290,-0.001202
1291,0.003927
1292,0.002567
1293,0.043714
1294,0.037470
1295,-0.022311
1296,-0.034908
1297,0.040148
1298,0.042215
1299,0.050196
1300,-0.005858
1301,-0.055653
1302,-0.023533
1303,-0.008953
1304,-0.025423
1305,0.008242
1306,0.018537
1307,0.049667
1308,-0.009489
1309,-0.027404
1310,-0.037252
1311,-0.077525
1312,0.005561
1313,0.059213
1314,0.031258
1315,0.009988
1316,-0.021677
1317,0.010330
1318,0.008264
1319,-0.037708
1320,-0.023890
1321,0.005297
1322,-0.023773
1323,-0.014089
1324,0.015089
1325,-0.026262
1326,-0.000543
1327,0.042055
1328,0.057700
1329,0.018550
1330,-0.020524
1331,-0.024379
1332,-0.013293
1333,0.019570
1334,-0.000438
1335,-0.029266
1336,-0.037673
1337,-0.079069
1338,-0.021349
1339,0.052382
1340,0.022945
1341,0.035219
1342,0.041194
1343,-0.016018
1344,-0.002097
1345,-0.006713
1346,0.002023
1347,0.035218
1348,-0.015584
1349,0.006311
1350,0.010952
1351,-0.042222
1352,-0.007708
1353,0.004583
1354,-0.018457
1355,-0.007752
1356,-0.005248
1357,0.003910
1358,0.030476
1359,0.024047
1360,-0.020312
1361,-0.017768
1362,0.003874
1363,0.004057
1364,0.003068
1365,0.020281
1366,0.027691
1367,-0.057724
1368,-0.029756
1369,0.018418
1370,0.003744
1371,-0.013119
1372,0.025136
1373,0.013411
1374,-0.017768
1375,0.009498
1376,0.013535
1377,0.030801
1378,0.054446
1379,0.043707
1380,0.031374
1381,0.003771
1382,-0.034871
1383,-0.069064
1384,-0.080483
1385,-0.066968
1386,-0.088658
1387,-0.006941
1388,0.056913
1389,0.115087
1390,0.118293
1391,0.061387
1392,0.024821
1393,-0.016501
1394,-0.042277
1395,-0.051814
1396,-0.037752
1397,-0.083244
1398,-0.101645
1399,-0.054364
1400,-0.026458
1401,0.011257
1402,0.037973
1403,0.060590
1404,0.037033
1405,0.019066
1406,0.027290
1407,-0.020111
1408,-0.033232
1409,0.007304
1410,0.017597
1411,0.080311
1412,0.105188
1413,0.010549
1414,-0.065041
1415,-0.097529
1416,-0.098725
1417,-0.023091
1418,-0.005918
1419,0.021622
1420,0.035191
1421,0.021591
1422,0.018517
1423,0.019759
1424,0.034374
1425,0.053816
1426,0.018392
1427,0.021500
1428,0.017456
1429,-0.015242
1430,-0.027440
1431,-0.054666
1432,-0.083828
1433,-0.068545
1434,-0.077096
1435,-0.018255
1436,0.038743
1437,0.005828
1438,0.002232
1439,0.009244
1440,0.038974
1441,0.037680
1442,0.024657
1443,-0.009537
1444,-0.037180
1445,-0.038430
1446,0.031066
1447,0.053521
1448,0.043728
1449,0.003220
1450,0.016578
1451,0.056661
1452,-0.007100
1453,-0.022252
1454,-0.020829
1455,-0.018087
1456,-0.039448
1457,-0.034773
1458,-0.015727
1459,-0.031938
1460,-0.031584
1461,-0.003050
1462,0.033828
1463,0.070864
1464,0.066444
1465,0.031302
1466,0.026198
1467,0.011237
1468,-0.067244
1469,-0.042536
1470,-0.036000
1471,-0.018337
1472,0.020964
1473,0.015661
1474,-0.021219
1475,0.004368
1476,0.001652
1477,0.027293
1478,0.065753
1479,0.014729
1480,-0.067628
1481,-0.070455
1482,-0.032815
1483,-0.039108
1484,-0.021202
1485,0.013314
1486,0.002706
1487,0.010209
1488,0.015026
1489,-0.026562
1490,-0.006309
1491,0.003829
1492,-0.003368
1493,0.046419
1494,0.004202
1495,-0.009584
1496,0.024673
1497,0.058123
1498,0.011915
1499,0.004448
1500,0.013337
1501,0.046224
1502,0.059818
1503,-0.029153
1504,-0.044098
1505,-0.018182
1506,-0.072516
1507,-0.028589
1508,0.071047
1509,0.033382
1510,-0.040076
1511,-0.050878
1512,-0.068266
1513,-0.013214
1514,-0.013448
1515,0.025106
1516,0.027964
1517,0.026273
1518,0.039408
1519,0.006468
1520,0.021865
1521,0.007480
1522,-0.023071
1523,-0.014234
1524,-0.036767
1525,0.033348
1526,0.017214
1527,-0.047766
1528,-0.025591
1529,-0.012310
1530,-0.050887
1531,-0.059240
1532,-0.035438
1533,-0.045458
1534,-0.041432
1535,0.048251
1536,0.111460
1537,0.136586
1538,0.097867
1539,-0.026732
1540,-0.080259
1541,-0.039750
1542,-0.014852
1543,0.041989
1544,0.030709
1545,-0.022950
1546,-0.004149
1547,-0.014619
1548,-0.029274
1549,-0.038059
1550,-0.045330
1551,0.032584
1552,0.070010
1553,0.051930
1554,0.034004
1555,0.060207
1556,0.050528
1557,-0.023911
1558,-0.052882
1559,-0.047585
1560,-0.068080
1561,-0.031859
1562,0.026394
1563,0.012671
1564,0.000145
1565,-0.011268
1566,-0.024865
1567,0.014823
1568,-0.004558
1569,-0.045624
1570,-0.036891
1571,-0.037334
1572,-0.009658
1573,0.014113
1574,0.039839
1575,0.046446
1576,0.011236
1577,-0.019828
1578,0.066560
1579,0.066036
1580,0.000854
1581,-0.033693
1582,-0.031166
1583,-0.035486
1584,-0.073134
1585,-0.066459
1586,-0.000791
1587,0.030141
1588,0.005956
1589,0.020112
1590,-0.030662
1591,-0.047095
1592,-0.031628
1593,0.013289
1594,0.053173
1595,0.086453
1596,0.116445
1597,0.063073
1598,0.014198
1599,-0.000590
1600,-0.024343
1601,-0.020629
1602,-0.035184
1603,-0.114000
1604,-0.073287
1605,-0.055072
1606,-0.019197
1607,0.015888
1608,0.013017
1609,0.010939
1610,0.022342
1611,0.055766
1612,0.083832
1613,0.058614
1614,0.037978
1615,-0.005000
1616,-0.023324
1617,-0.045234
1618,-0.028395
1619,-0.013298
1620,-0.022577
1621,-0.030479
1622,-0.026315
1623,-0.008067
1624,-0.011066
1625,0.009405
1626,0.013312
1627,-0.003202
1628,0.006872
1629,0.022311
1630,0.001662
1631,-0.007451
1632,-0.016386
1633,0.029365
1634,0.047852
1635,-0.021034
1636,0.013037
1637,0.011611
1638,-0.023779
1639,0.002829
1640,0.002394
1641,-0.032987
1642,-0.009657
1643,0.038830
1644,0.095102
1645,0.039162
1646,-0.005922
1647,0.001290
1648,-0.052978
1649,-0.050893
1650,-0.079658
1651,-0.070064
1652,-0.104133
1653,-0.060932
1654,0.012878
1655,0.052959
1656,0.105595
1657,0.097185
1658,0.041329
1659,0.043777
1660,0.003065
1661,-0.052453
1662,-0.036978
1663,-0.050094
1664,-0.039167
1665,-0.003825
1666,0.014429
1667,0.025506
1668,0.001290
1669,0.005963
1670,0.021704
1671,-0.016470
1672,-0.004775
1673,-0.057349
1674,-0.046987
1675,-0.004829
1676,0.061827
1677,0.100834
1678,0.085566
1679,0.022067
1680,-0.009444
1681,-0.041407
1682,-0.051249
1683,-0.032529
1684,-0.009217
1685,-0.023125
1686,-0.023572
1687,0.024632
1688,0.082620
1689,0.074758
1690,0.061007
1691,0.010075
1692,-0.028505
1693,-0.012902
1694,-0.054634
1695,-0.058082
1696,-0.052472
1697,-0.041741
1698,-0.033303
1699,-0.029059
1700,-0.012518
1701,0.024367
1702,0.043708
1703,0.033562
1704,0.006075
1705,0.023791
1706,-0.017018
1707,-0.049959
1708,-0.043893
1709,-0.042987
1710,-0.001602
1711,0.011623
1712,0.033216
1713,0.053694
1714,0.068307
1715,0.074868
1716,0.060386
1717,-0.002604
1718,0.017306
1719,0.017613
1720,-0.058797
1721,-0.033198
1722,0.005023
1723,-0.072922
1724,-0.071803
1725,-0.087712
1726,-0.053450
1727,0.029015
1728,0.040590
1729,0.054171
1730,0.055115
1731,0.026556
1732,0.012519
1733,-0.038989
1734,-0.077240
1735,-0.104746
1736,-0.035525
1737,0.076564
1738,0.050872
1739,0.035018
1740,0.078899
1741,0.088220
1742,0.024109
1743,-0.029920
1744,-0.066991
1745,-0.055064
1746,-0.047092
1747,-0.075860
1748,-0.031610
1749,0.065445
1750,0.059955
1751,0.036224
1752,-0.001723
1753,-0.019461
1754,-0.021776
1755,-0.052607
1756,-0.015852
1757,-0.017521
1758,-0.014918
1759,0.027506
1760,0.044556
1761,0.032925
1762,-0.004846
1763,-0.011519
1764,0.034211
1765,0.024595
1766,0.030733
1767,0.055309
1768,0.005343
1769,-0.041074
1770,-0.079277
1771,-0.097644
1772,-0.040497
1773,0.038363
1774,0.069841
1775,0.074960
1776,0.047864
1777,-0.013092
1778,-0.043074
1779,-0.056443
1780,-0.093948
1781,-0.014415
1782,0.016329
1783,0.030325
1784,0.065071
1785,0.040542
1786,-0.010394
1787,0.002289
1788,0.000065
1789,0.051536
1790,0.038384
1791,-0.053168
1792,-0.112181
1793,-0.048961
1794,-0.035796
1795,-0.003629
1796,0.060434
1797,0.039122
1798,-0.006918
1799,0.026312
1800,0.006089
1801,-0.034189
1802,-0.005794
1803,0.036149
1804,-0.005799
1805,-0.007753
1806,-0.003863
1807,0.017548
1808,-0.027661
1809,-0.025131
1810,0.021456
1811,0.013315
1812,-0.009261
1813,-0.062582
1814,-0.039346
1815,-0.003538
1816,0.040365
1817,0.077919
1818,0.059821
1819,0.019886
1820,-0.031430
1821,-0.052856
1822,-0.041641
1823,-0.046869
1824,-0.020395
1825,-0.009593
1826,-0.018647
1827,-0.029428
1828,0.034380
1829,0.006488
1830,0.016076
1831,0.057262
1832,0.061249
1833,0.035505
1834,-0.002353
1835,-0.054842
1836,-0.044326
1837,-0.056211
1838,-0.003209
1839,0.060536
1840,0.036056
1841,-0.011321
1842,-0.025661
1843,-0.028324
1844,-0.022360
1845,-0.037186
1846,-0.008725
1847,-0.019664
1848,-0.021559
1849,0.063566
1850,0.044991
1851,0.063069
1852,0.099523
1853,0.083766
1854,0.035666
1855,-0.035204
1856,-0.097119
1857,-0.117287
1858,-0.147433
1859,-0.078529
1860,-0.011000
1861,0.034066
1862,0.030198
1863,0.042612
1864,0.035104
1865,0.005672
1866,-0.005083
1867,0.049242
1868,0.048078
1869,-0.019163
1870,-0.027836
1871,-0.020425
1872,-0.023979
1873,-0.041594
1874,0.014817
1875,0.018338
1876,0.077868
1877,0.100127
1878,0.082948
1879,-0.006564
1880,-0.043399
1881,-0.067147
1882,-0.107811
1883,-0.030396
1884,0.013078
1885,0.000656
1886,-0.017493
1887,-0.047957
1888,-0.044696
1889,-0.035736
1890,-0.016463
1891,0.071613
1892,0.089661
1893,0.049060
1894,0.005666
1895,-0.008047
1896,0.008722
1897,0.009107
1898,-0.001483
1899,-0.002656
1900,-0.029464
1901,-0.029226
1902,-0.047542
1903,-0.059215
1904,-0.012631
1905,0.010481
1906,0.012007
1907,0.046495
1908,0.062905
1909,-0.015286
1910,0.009843
1911,-0.053869
1912,-0.049261
1913,0.011267
1914,0.021955
1915,0.014248
1916,0.016486
1917,0.014603
1918,0.030782
1919,-0.023601
1920,-0.014884
1921,0.006002
1922,-0.032502
1923,0.001794
1924,0.005552
1925,-0.029504
1926,0.004002
1927,0.031361
1928,0.027486
1929,0.006107
1930,-0.000368
1931,0.007727
1932,-0.034757
1933,0.003253
1934,-0.035494
1935,-0.021569
1936,0.023381
1937,0.004249
1938,-0.015919
1939,-0.000815
1940,0.022859
1941,-0.021204
1942,-0.050476
1943,0.009641
1944,0.085893
1945,0.069356
1946,-0.006874
1947,-0.062287
1948,-0.085271
1949,-0.059364
1950,-0.017948
1951,-0.006298
1952,0.000924
1953,0.062936
1954,0.102287
1955,0.059921
1956,-0.008043
1957,-0.025734
1958,-0.042776
1959,-0.011063
1960,0.007941
1961,0.022767
1962,0.047975
1963,-0.002039
1964,-0.019683
1965,-0.005204
1966,0.006885
1967,0.002565
1968,-0.015327
1969,-0.053790
1970,-0.065267
1971,-0.060272
1972,-0.018633
1973,0.016532
1974,0.088820
1975,0.119640
1976,0.065642
1977,0.018023
1978,-0.024684
1979,-0.017413
1980,0.001036
1981,-0.000721
1982,-0.044744
1983,-0.082085
1984,-0.045120
1985,-0.040375
1986,-0.008357
1987,0.001662
1988,0.024281
1989,0.051431
1990,0.044699
1991,0.084209
1992,0.059944
1993,-0.022461
1994,-0.051197
1995,-0.076531
1996,-0.052929
1997,-0.018719
1998,0.036151
1999,0.024796
2000,-0.004172
2001,-0.019133
2002,0.015557
2003,0.034988
2004,0.043330
2005,0.008815
2006,-0.033171
2007,-0.008701
2008,-0.024292
2009,-0.021216
2010,0.017461
2011,-0.016644
2012,-0.026371
2013,-0.010788
2014,0.006404
2015,0.052624
2016,0.012722
2017,0.005830
2018,-0.029280
2019,-0.048918
2020,0.004949
2021,0.045485
2022,0.026484
2023,0.000224
2024,-0.037608
2025,-0.035088
2026,0.002535
2027,0.010149
2028,0.036459
2029,0.009608
2030,0.003108
2031,-0.090159
2032,-0.103406
2033,-0.045914
2034,0.023034
2035,0.095288
2036,0.101710
2037,0.077337
2038,0.047200
2039,0.008191
2040,-0.011945
2041,0.027595
2042,0.043225
2043,-0.002836
2044,0.042332
2045,0.004386
2046,-0.040819
2047,-0.047501
2048,-0.074307
2049,-0.063472
2050,-0.055798
2051,-0.084249
2052,-0.036679
2053,-0.015839
2054,0.014096
2055,0.069235
2056,0.005919
2057,-0.008748
2058,-0.008867
2059,0.021186
2060,0.035618
2061,0.027182
2062,-0.006062
2063,-0.022768
2064,-0.011133
2065,0.014002
2066,0.037796
2067,0.030806
2068,0.028970
2069,0.042083
2070,0.004078
2071,-0.020639
2072,-0.021059
2073,-0.046519
2074,-0.068046
2075,0.006876
2076,0.036015
2077,0.010323
2078,0.002017
2079,0.043134
2080,0.063343
2081,0.054502
2082,-0.019783
2083,-0.113429
2084,-0.102079
2085,-0.089396
2086,-0.076824
2087,0.019793
2088,0.053128
2089,0.072090
2090,0.100968
2091,0.082479
2092,0.012604
2093,-0.033469
2094,-0.092869
2095,-0.074912
2096,-0.009528
2097,-0.018418
2098,-0.012773
2099,0.012491
2100,0.059125
2101,0.098080
2102,0.074538
2103,0.038556
2104,0.024893
2105,-0.031582
2106,-0.108496
2107,-0.101384
2108,-0.128916
2109,-0.072075
2110,0.003675
2111,0.029248
2112,0.093237
2113,0.080794
2114,0.075066
2115,0.101701
2116,0.033661
2117,-0.017057
2118,-0.044644
2119,-0.042319
2120,-0.074116
2121,-0.068862
2122,-0.025495
2123,-0.017096
2124,0.028887
2125,0.063071
2126,0.013736
2127,-0.007856
2128,0.003145
2129,-0.025805
2130,-0.039563
2131,-0.033188
2132,-0.014945
2133,-0.019840
2134,-0.023369
2135,0.007541
2136,0.088004
2137,0.123542
2138,0.089261
2139,0.063708
2140,-0.000496
2141,-0.074322
2142,-0.128607
2143,-0.159932
2144,-0.079209
2145,-0.029161
2146,0.047968
2147,0.122756
2148,0.083512
2149,0.022411
2150,0.034583
2151,0.046820
2152,0.039190
2153,-0.051685
2154,-0.068820
2155,-0.026613
2156,0.019320
2157,0.067634
2158,0.000781
2159,-0.046134
2160,-0.030980
2161,-0.004701
2162,0.022916
2163,0.017007
2164,0.018404
2165,0.010163
2166,-0.053561
2167,-0.054245
2168,-0.039465
2169,-0.008617
2170,0.019131
2171,-0.001938
2172,-0.036139
2173,0.005804
2174,0.018315
2175,-0.011805
2176,0.013721
2177,0.011467
2178,0.052493
2179,0.053108
2180,0.012723
2181,0.015286
2182,0.038147
2183,-0.021672
2184,-0.088720
2185,-0.102712
2186,-0.072027
2187,-0.003498
2188,-0.002761
2189,0.004825
2190,0.031728
2191,0.078818
2192,0.078282
2193,0.021073
2194,0.000400
2195,-0.026858
2196,-0.025923
2197,0.013369
2198,0.020086
2199,0.014914
2200,-0.016031
2201,-0.005370
2202,0.006201
2203,-0.034232
2204,-0.027627
2205,-0.029889
2206,-0.060091
2207,-0.056567
2208,-0.038942
2209,-0.029430
2210,0.030784
2211,0.089772
2212,0.094557
2213,0.056756
2214,0.043218
2215,0.002808
2216,-0.047646
2217,-0.071192
2218,-0.033849
2219,0.022682
2220,0.001424
2221,-0.014735
2222,-0.000828
2223,0.015514
2224,0.016260
2225,0.042369
2226,0.030132
2227,0.027150
2228,-0.016664
2229,-0.077281
2230,-0.119204
2231,-0.045248
2232,0.006160
2233,0.010364
2234,0.061727
2235,0.027001
2236,-0.012741
2237,-0.006992
2238,-0.023635
2239,0.025853
2240,0.065899
2241,0.061778
2242,0.031795
2243,-0.020647
2244,-0.019846
2245,-0.047550
2246,-0.049150
2247,-0.061319
2248,-0.009817
2249,0.025462
2250,0.055257
2251,0.114996
2252,0.050079
2253,-0.000151
2254,-0.022751
2255,-0.027390
2256,-0.034081
2257,-0.053972
2258,0.004379
2259,-0.015709
2260,0.026741
2261,0.029136
2262,0.000929
2263,-0.067284
2264,-0.066201
2265,-0.018013
2266,-0.013361
2267,-0.031952
2268,-0.004753
2269,0.057496
2270,0.048815
2271,0.049357
2272,0.074357
2273,0.066980
2274,0.011675
2275,-0.086986
2276,-0.074097
2277,0.002234
2278,-0.080349
2279,-0.001013
2280,0.028292
2281,-0.017113
2282,-0.038843
2283,0.017675
2284,0.005348
2285,-0.039505
2286,-0.030219
2287,0.004838
2288,0.043674
2289,0.066642
2290,0.026458
2291,-0.017272
2292,-0.037334
2293,-0.039109
2294,0.009712
2295,0.043846
2296,0.069361
2297,0.060986
2298,0.024419
2299,-0.009326
2300,-0.009428
2301,-0.040454
2302,-0.045658
2303,0.009167
2304,-0.014139
2305,-0.053506
2306,0.013638
2307,0.055386
2308,0.023074
2309,-0.008185
2310,-0.003497
2311,-0.041818
2312,-0.033365
2313,-0.015772
2314,0.016591
2315,-0.000972
2316,-0.011020
2317,0.012270
2318,0.019665
2319,0.035899
2320,-0.032672
2321,-0.065698
2322,-0.044961
2323,-0.026765
2324,0.000610
2325,-0.007880
2326,0.038376
2327,0.054008
2328,0.062074
2329,0.078025
2330,-0.006496
2331,-0.068803
2332,-0.073219
2333,-0.088429
2334,-0.003207
2335,0.073877
2336,0.125533
2337,0.119540
2338,0.071026
2339,-0.025570
2340,-0.141621
2341,-0.124903
2342,-0.033161
2343,0.020668
2344,0.069304
2345,0.032901
2346,-0.035441
2347,-0.026976
2348,0.004749
2349,0.019566
2350,-0.011046
2351,0.045149
2352,0.044897
2353,-0.017741
2354,-0.013218
2355,-0.006996
2356,-0.043652
2357,-0.021981
2358,-0.004030
2359,-0.012179
2360,0.002171
2361,-0.031609
2362,-0.066950
2363,-0.055086
2364,0.004988
2365,0.047430
2366,0.059611
2367,0.062879
2368,0.033602
2369,0.003709
2370,-0.006453
2371,0.023664
2372,0.042991
2373,0.023986
2374,-0.054358
2375,-0.059603
2376,-0.015686
2377,-0.033765
2378,-0.000760
2379,-0.006286
2380,-0.034095
2381,0.014618
2382,0.076285
2383,0.040714
2384,0.007492
2385,-0.062035
2386,-0.053954
2387,-0.037161
2388,0.003745
2389,0.004006
2390,0.036683
2391,0.026948
2392,-0.005128
2393,0.000470
2394,0.021180
2395,0.000163
2396,-0.012149
2397,-0.020227
2398,-0.016071
2399,0.016194
2400,0.043833
2401,0.038688
2402,-0.010193
2403,-0.025720
2404,0.013007
2405,0.027890
2406,0.038900
2407,0.027730
2408,0.005400
2409,-0.040595
2410,-0.085202
2411,-0.066308
2412,-0.032317
2413,0.045216
2414,0.070004
2415,0.050480
2416,0.003356
2417,-0.079471
2418,-0.069976
2419,-0.051854
2420,0.039061
2421,0.076674
2422,0.041897
2423,0.027274
2424,0.003540
2425,0.002163
2426,-0.015878
2427,-0.001641
2428,0.019836
2429,-0.008360
2430,0.000936
2431,-0.004840
2432,-0.008236
2433,-0.031397
2434,-0.035309
2435,-0.044236
2436,-0.018407
2437,0.003456
2438,0.003817
2439,-0.018881
2440,0.002399
2441,0.013545
2442,0.002764
2443,0.041755
2444,0.022872
2445,-0.014087
2446,-0.012967
2447,-0.021087
2448,-0.004751
2449,0.040276
2450,0.026463
2451,0.017049
2452,0.050751
2453,0.050765
2454,0.033764
2455,-0.080336
2456,-0.081742
2457,-0.006802
2458,-0.019137
2459,-0.021975
2460,-0.015410
2461,-0.034213
2462,0.005805
2463,0.008012
2464,0.025330
2465,0.063064
2466,0.040939
2467,0.056396
2468,0.015061
2469,-0.038956
2470,-0.062637
2471,-0.092517
2472,-0.088496
2473,-0.019593
2474,0.020751
2475,0.065288
2476,0.042232
2477,-0.014907
2478,0.060333
2479,0.070160
2480,0.059215
2481,-0.000159
2482,-0.046531
2483,-0.025458
2484,-0.030030
2485,-0.025484
2486,-0.014206
2487,0.003430
2488,-0.016619
2489,0.003309
2490,-0.010317
2491,-0.011408
2492,-0.000195
2493,0.024061
2494,0.030320
2495,0.024961
2496,0.011695
2497,0.016019
2498,-0.037176
2499,-0.064039
2500,-0.049919
2501,0.018778
2502,0.049248
2503,0.013075
2504,-0.010358
2505,-0.020116
2506,-0.024026
2507,0.000604
2508,0.026372
2509,0.019559
2510,0.007065
2511,-0.010574
2512,-0.005094
2513,-0.091992
2514,-0.052767
2515,0.014570
2516,0.025334
2517,0.034715
2518,0.046922
2519,0.008554
2520,-0.009105
2521,-0.004642
2522,0.026747
2523,0.046322
2524,0.085229
2525,-0.002543
2526,-0.085589
2527,-0.044350
2528,-0.069295
2529,-0.082626
2530,0.019704
2531,0.063345
2532,0.042708
2533,0.021331
2534,-0.009158
2535,-0.047795
2536,-0.059143
2537,-0.011899
2538,0.083300
2539,0.043332
2540,0.048730
2541,0.025086
2542,-0.050222
2543,-0.024336
2544,-0.023918
2545,-0.001770
2546,0.022775
2547,0.036762
2548,0.041133
2549,0.026390
2550,-0.026990
2551,-0.041016
2552,-0.035959
2553,-0.041837
2554,-0.048033
2555,-0.037642
2556,-0.021204
2557,0.006340
2558,0.065725
2559,0.078796
2560,0.064497
2561,0.063410
2562,0.061128
2563,0.014299
2564,-0.015665
2565,-0.058712
2566,-0.064503
2567,-0.050811
2568,-0.041126
2569,-0.074115
2570,-0.031940
2571,-0.027622
2572,-0.031113
2573,0.012731
2574,0.043815
2575,0.050445
2576,0.047822
2577,0.035628
2578,-0.027603
2579,0.013164
2580,0.012094
2581,-0.041147
2582,-0.013420
2583,-0.004129
2584,0.028237
2585,0.031611
2586,0.033551
2587,0.019603
2588,0.005508
2589,0.012305
2590,-0.012307
2591,-0.015486
2592,-0.029228
2593,-0.035366
2594,0.004484
2595,0.047330
2596,0.028003
2597,0.014843
2598,-0.021531
2599,-0.041520
2600,-0.031453
2601,-0.032018
2602,-0.036063
2603,-0.011851
2604,0.022375
2605,0.065247
2606,0.044163
2607,-0.009296
2608,-0.038237
2609,-0.077026
2610,-0.064489
2611,-0.041107
2612,0.001467
2613,0.034574
2614,0.041647
2615,0.047546
2616,0.022156
2617,0.045960
2618,0.018368
2619,-0.012400
2620,-0.005478
2621,0.002141
2622,0.010225
2623,-0.024353
2624,-0.073953
2625,-0.033796
2626,-0.024396
2627,-0.041473
2628,-0.011951
2629,0.028862
2630,0.006353
2631,0.019183
2632,0.020273
2633,0.007905
2634,-0.027136
2635,0.031078
2636,0.066847
2637,0.040654
2638,0.054404
2639,0.052495
2640,0.021201
2641,-0.015059
2642,-0.002969
2643,-0.033422
2644,-0.087030
2645,-0.071476
2646,-0.061011
2647,-0.041180
2648,0.049697
2649,0.090352
2650,0.062937
2651,0.049782
2652,0.034422
2653,0.007645
2654,-0.016095
2655,-0.096837
2656,-0.096855
2657,-0.028686
2658,-0.000890
2659,-0.024951
2660,-0.004814
2661,0.025190
2662,0.005365
2663,0.010387
2664,0.017564
2665,-0.006696
2666,0.020483
2667,0.049303
2668,-0.020206
2669,-0.002630
2670,-0.007277
2671,-0.082379
2672,-0.054232
2673,0.014119
2674,0.073343
2675,0.077828
2676,-0.024971
2677,0.024561
2678,0.044081
2679,0.032841
2680,0.071105
2681,0.038164
2682,-0.009351
2683,-0.030057
2684,-0.066468
2685,-0.101052
2686,-0.064311
2687,0.005062
2688,0.023401
2689,0.022739
2690,0.033807
2691,0.038429
2692,0.016282
2693,0.010207
2694,0.027795
2695,-0.034422
2696,-0.066691
2697,-0.035237
2698,-0.047379
2699,-0.005899
2700,0.026699
2701,0.082415
2702,0.074008
2703,-0.000467
2704,-0.000838
2705,-0.005925
2706,-0.057482
2707,-0.065694
2708,-0.026391
2709,-0.013439
2710,0.014505
2711,0.024148
2712,-0.008441
2713,-0.022647
2714,-0.010589
2715,0.072700
2716,0.042794
2717,-0.007826
2718,-0.033587
2719,-0.058985
2720,-0.026267
2721,-0.012439
2722,-0.035908
2723,-0.017129
2724,0.021619
2725,0.034083
2726,0.025359
2727,0.091222
2728,0.116106
2729,0.039662
2730,-0.038315
2731,-0.083500
2732,-0.046829
2733,-0.057034
2734,-0.017152
2735,0.042974
2736,0.057105
2737,0.021341
2738,0.003151
2739,0.018527
2740,-0.024687
2741,0.008590
2742,-0.056310
2743,-0.069901
2744,-0.010332
2745,0.029975
2746,0.075546
2747,0.020505
2748,-0.016787
2749,-0.013694
2750,-0.010371
2751,-0.000786
2752,-0.055101
2753,-0.018885
2754,0.038402
2755,0.026886
2756,0.036666
2757,0.034458
2758,-0.012722
2759,-0.038209
2760,-0.065247
2761,-0.034308
2762,0.031376
2763,0.066100
2764,0.050747
2765,-0.029300
2766,-0.028277
2767,-0.024927
2768,-0.075583
2769,-0.048381
2770,-0.043292
2771,-0.006230
2772,0.058233
2773,0.049254
2774,0.083142
2775,0.053365
2776,0.008479
2777,-0.032385
2778,0.002327
2779,0.013616
2780,-0.032577
2781,-0.052225
2782,-0.025998
2783,0.006366
2784,0.021352
2785,0.033511
2786,-0.001124
2787,-0.036227
2788,-0.052721
2789,0.026678
2790,0.057684
2791,0.034522
2792,0.024300
2793,0.028172
2794,-0.028580
2795,-0.060345
2796,-0.076554
2797,-0.054426
2798,0.020754
2799,0.022304
2800,0.006610
2801,-0.005268
2802,0.021065
2803,0.014686
2804,0.010495
2805,0.003602
2806,0.020570
2807,-0.004557
2808,0.019178
2809,0.022000
2810,0.019596
2811,0.034138
2812,405.496185
2813,554.458740
2814,7.807819
2815,1409.107422
2816,1709.498413
2817,-42.186680
2818,-54.100731
2819,-42.147839
2820,-41.744835
2821,-26.661436
2822,15.193267
2823,42.571358
2824,76.953758
2825,60.774818
2826,5.747450
2827,-30.592297
2828,-39.056667
2829,-40.838924
2830,-58.639404
2831,-44.964233
2832,-8.806012
2833,22.903967
2834,42.507774
2835,46.162365
2836,34.054363
2837,21.872252
2838,20.991156
2839,0.398522
2840,-40.638752
2841,-46.532627
2842,-13.446108
2843,2.262626
2844,2.955117
2845,-5.808527
2846,-5.930355
2847,16.485794
2848,33.397438
2849,27.608618
2850,10.861399
2851,-32.850552
2852,-61.570328
2853,-47.412682
2854,-9.844850
2855,30.178583
2856,50.462315
2857,69.056923
2858,46.385857
2859,-4.618533
2860,-60.873146
2861,-79.178261
2862,-63.406994
2863,-9.089190
2864,32.744560
2865,45.280247
2866,0.026807
2867,-0.010199
2868,-0.010231
2869,-0.041876
2870,-0.016771
2871,-0.017090
2872,-0.091585
2873,-0.056560
2874,0.014280
2875,0.048541
2876,0.043932
2877,0.018355
2878,-0.010300
2879,0.015601
2880,0.052734
2881,0.100484
2882,0.038946
2883,-0.036249
2884,-0.075305
2885,-0.127574
2886,-0.114211
2887,-0.074926
2888,0.001972
2889,0.063645
2890,0.045196
2891,0.012477
2892,0.021314
2893,0.043310
2894,0.033782
2895,0.047104
2896,0.038542
2897,0.015177
2898,-0.019484
2899,-0.045435
2900,-0.029193
2901,-0.015950
2902,-0.040714
2903,-0.050366
2904,-0.029749
2905,-0.005421
2906,0.037403
2907,0.059970
2908,0.031807
2909,0.064956
2910,0.073860
2911,0.040218
2912,-0.026428
2913,-0.052194
2914,-0.092802
2915,-0.052882
2916,0.018422
2917,-0.000981
2918,0.028654
2919,-0.000818
2920,-0.042119
2921,-0.004884
2922,-0.027626
2923,-0.032769
2924,-0.003093
2925,0.054327
2926,0.068719
2927,0.132053
2928,0.036895
2929,-0.002896
2930,-0.010746
2931,-0.069290
2932,-0.072354
2933,-0.028513
2934,-0.070623
2935,-0.043117
2936,0.018472
2937,0.049557
2938,0.018856
2939,-0.000142
2940,0.033448
2941,0.049016
2942,0.049060
2943,-0.001422
2944,-0.041539
2945,-0.023489
2946,-0.042246
2947,-0.053306
2948,-0.004495
2949,-0.010765
2950,-0.032704
2951,-0.019017
2952,-0.014329
2953,0.011896
2954,0.048602
2955,0.044473
2956,0.068677
2957,0.053141
2958,0.072331
2959,0.034279
2960,0.001658
2961,-0.047266
2962,-0.047109
2963,-0.074981
2964,-0.042838
2965,-0.033833
2966,-0.030496
2967,0.003802
2968,-0.005045
2969,-0.037838
2970,0.005237
2971,0.013556
2972,0.020615
2973,0.022609
2974,-0.010067
2975,0.025817
2976,0.042784
2977,0.004841
2978,0.023835
2979,0.032913
2980,-0.007528
2981,-0.055521
2982,-0.062363
2983,-0.063426
2984,-0.027861
2985,0.050891
2986,0.045326
2987,0.052917
2988,0.033930
2989,0.084217
2990,0.094691
2991,0.036003
2992,-0.045637
2993,-0.131524
2994,-0.097918
2995,-0.070468
2996,-0.046032
2997,0.030021
2998,0.053899
2999,0.021891
3000,-0.016704
3001,0.001892
3002,-0.022146
3003,-0.035732
3004,-0.000372
3005,0.011025
3006,0.028230
3007,0.076054
3008,0.052599
3009,-0.011134
3010,0.016468
3011,0.005951
3012,-0.024621
3013,-0.039918
3014,-0.097307
3015,-0.092109
3016,400.901825
3017,538.719971
3018,7.715645
3019,1431.228516
3020,1692.601563
3021,6.494096
3022,4.834968
3023,-3.458327
3024,-20.685934
3025,-27.808790
3026,-37.424007
3027,-25.773811
3028,-3.195770
3029,9.002383
3030,24.076508
3031,24.365440
3032,34.438374
3033,36.609673
3034,46.353168
3035,26.975660
3036,-12.728842
3037,-57.497730
3038,-69.245270
3039,-61.688141
3040,-36.390640
3041,-4.111509
3042,24.447912
3043,62.564133
3044,75.670143
3045,45.340702
3046,24.165607
3047,3.176357
3048,-28.481585
3049,-57.614456
3050,-56.305405
3051,-37.671242
3052,-4.418996
3053,7.573188
3054,15.765020
3055,27.659555
3056,15.633765
3057,9.735980
3058,14.880121
3059,0.740096
3060,-19.766266
3061,-31.178055
3062,-22.892893
3063,-1.361590
3064,25.091173
3065,43.683842
3066,30.218309
3067,11.406308
3068,3.647099
3069,-0.544100
3070,-0.036053
3071,0.040813
3072,0.050957
3073,0.086332
3074,0.042437
3075,0.022280
3076,0.041976
3077,0.047821
3078,0.034476
3079,-0.071103
3080,-0.098966
3081,-0.067759
3082,-0.016735
3083,-0.006303
3084,-0.018773
3085,0.013955
3086,0.020352
3087,0.028975
3088,0.032193
3089,0.001609
3090,-0.004846
3091,-0.013005
3092,-0.022293
3093,-0.016222
3094,0.015433
3095,0.031314
3096,0.039034
3097,0.058215
3098,0.060617
3099,0.041826
3100,-0.007863
3101,-0.051587
3102,-0.033200
3103,-0.022711
3104,-0.045330
3105,0.007361
3106,0.019745
3107,-0.024694
3108,0.008343
3109,-0.011465
3110,-0.016710
3111,-0.019222
3112,-0.026041
3113,-0.025421
3114,-0.012231
3115,0.006439
3116,0.029199
3117,-0.016179
3118,-0.043476
3119,-0.051164
3120,-0.022638
3121,0.058472
3122,0.053366
3123,0.030622
3124,-0.017070
3125,-0.039944
3126,0.034060
3127,0.066833
3128,0.091671
3129,0.096057
3130,0.033465
3131,-0.008847
3132,-0.036976
3133,-0.088099
3134,-0.068488
3135,-0.062652
3136,-0.047445
3137,-0.016102
3138,0.012558
3139,0.026215
3140,0.068306
3141,0.044017
3142,-0.012929
3143,-0.006863
3144,-0.016970
3145,-0.016366
3146,-0.029287
3147,-0.045316
3148,-0.023781
3149,0.018504
3150,0.069416
3151,0.037236
3152,0.014750
3153,0.066913
3154,0.043938
3155,0.008690
3156,0.000095
3157,-0.044719
3158,-0.033661
3159,-0.001114
3160,-0.002433
3161,-0.034211
3162,-0.014821
3163,-0.022207
3164,-0.052398
3165,-0.032232
3166,-0.014129
3167,-0.022536
3168,-0.032408
3169,-0.024460
3170,0.047876
3171,0.049777
3172,0.040996
3173,0.034926
3174,0.000511
3175,-0.001171
3176,-0.048579
3177,-0.057609
3178,0.017530
3179,-0.004713
3180,0.013370
3181,0.021702
3182,0.005514
3183,0.036874
3184,0.072418
3185,0.039635
3186,0.020244
3187,0.013031
3188,-0.018620
3189,-0.038152
3190,-0.080837
3191,-0.063105
3192,-0.013778
3193,-0.018048
3194,-0.042103
3195,0.000190
3196,-0.039573
3197,-0.053332
3198,0.023471
3199,0.043773
3200,0.061762
3201,0.065011
3202,0.043452
3203,0.036205
3204,-0.000109
3205,-0.051197
3206,-0.037938
3207,-0.012810
3208,-0.050428
3209,-0.060532
3210,-0.006097
3211,-0.001791
3212,0.038641
3213,0.051287
3214,0.038802
3215,0.050526
3216,0.066655
3217,0.045186
3218,0.016255
3219,-0.024381
3220,0.012224
3221,0.033237
3222,-0.029175
3223,-0.062715
3224,-0.017181
3225,0.006142
3226,0.045473
3227,0.032733
3228,-0.013372
3229,0.011094
3230,0.001793
3231,-0.051228
3232,-0.055875
3233,-0.064956
3234,-0.039407
3235,0.058653
3236,0.097844
3237,0.065501
3238,-0.010735
3239,-0.026087
3240,-0.073054
3241,-0.084571
3242,-0.060217
3243,-0.017616
3244,0.067049
3245,0.122286
3246,0.112386
3247,0.070402
3248,0.013291
3249,-0.057755
3250,-0.096764
3251,-0.064997
3252,0.008977
3253,-0.036729
3254,-0.033235
3255,0.034844
3256,0.071574
3257,0.079441
3258,0.098587
3259,0.040420
3260,-0.048418
3261,-0.100829
3262,-0.058275
3263,-0.047477
3264,-0.035435
3265,-0.054407
3266,-0.049873
3267,-0.027846
3268,0.002521
3269,0.031931
3270,0.038147
3271,0.038295
3272,0.072365
3273,0.069670
3274,0.025331
3275,-0.044908
3276,-0.058435
3277,0.012434
3278,0.036873
3279,-0.008804
3280,-0.017607
3281,0.012913
3282,-0.019734
3283,-0.055664
3284,-0.008798
3285,0.011740
3286,0.003390
3287,0.114531
3288,0.087479
3289,0.013633
3290,-0.027164
3291,-0.082402
3292,-0.076572
3293,-0.042790
3294,-0.065744
3295,-0.033713
3296,-0.010283
3297,-0.017725
3298,-0.020684
3299,0.019465
3300,0.040092
3301,0.020701
3302,-0.008946
3303,0.047545
3304,0.105923
3305,0.031628
3306,0.027219
3307,-0.002556
3308,-0.031521
3309,0.010618
3310,-0.014357
3311,-0.017986
3312,-0.005714
3313,-0.042801
3314,-0.093046
3315,-0.048306
3316,-0.025140
3317,-0.007265
3318,0.046013
3319,0.102112
3320,0.069361
3321,0.008545
3322,-0.008257
3323,0.023236
3324,-0.021595
3325,-0.050670
3326,-0.022352
3327,-0.027121
3328,-0.027372
3329,-0.014204
3330,-0.004374
3331,0.037252
3332,0.018577
3333,0.029504
3334,0.015993
3335,0.020763
3336,0.050214
3337,-0.017093
3338,-0.005908
3339,0.029303
3340,-0.045011
3341,-0.095771
3342,-0.103464
3343,-0.081456
3344,-0.030886
3345,0.009346
3346,0.063392
3347,0.053813
3348,-0.001989
3349,0.020387
3350,0.053944
3351,0.060201
3352,0.053051
3353,0.066662
3354,0.025819
3355,-0.021277
3356,-0.041827
3357,-0.090621
3358,-0.113037
3359,-0.004033
3360,0.017381
3361,-0.002482
3362,0.026637
3363,0.004747
3364,-0.005044
3365,0.014588
3366,-0.033275
3367,-0.018955
3368,-0.030022
3369,-0.020621
3370,392.929230
3371,511.408478
3372,7.555696
3373,1469.614990
3374,1655.076416
3375,2.545164
3376,-11.575138
3377,-17.422586
3378,2.726221
3379,37.530754
3380,54.104279
3381,30.365089
3382,-0.207718
3383,-21.912613
3384,-44.624912
3385,-55.241020
3386,-24.400333
3387,-0.538974
3388,4.546722
3389,0.640677
3390,20.412008
3391,47.514435
3392,52.106396
3393,31.289305
3394,6.256551
3395,-34.579132
3396,-33.778423
3397,-5.789521
3398,-3.976902
3399,12.608828
3400,4.329329
3401,-12.224396
3402,-19.768686
3403,-4.920075
3404,3.150758
3405,-0.786238
3406,-21.924648
3407,-20.586155
3408,5.982065
3409,11.232555
3410,28.842972
3411,40.984985
3412,40.620613
3413,11.508356
3414,-35.441204
3415,-51.622440
3416,-36.187801
3417,-32.559784
3418,5.935641
3419,25.631260
3420,34.958519
3421,38.137917
3422,16.097357
3423,-15.863013
3424,0.024640
3425,0.011178
3426,-0.004609
3427,0.015455
3428,-0.008821
3429,0.014191
3430,0.067224
3431,-0.003627
3432,-0.033929
3433,0.001365
3434,-0.015859
3435,0.014826
3436,-0.001423
3437,-0.048000
3438,-0.030677
3439,0.019061
3440,0.019715
3441,0.024710
3442,0.113920
3443,0.120689
3444,0.032843
3445,-0.050864
3446,-0.100741
3447,-0.110520
3448,-0.112920
3449,-0.102966
3450,-0.017026
3451,0.030997
3452,0.036792
3453,0.048225
3454,0.086537
3455,0.101008
3456,0.117653
3457,0.046655
3458,-0.015848
3459,-0.069593
3460,-0.117754
3461,-0.073469
3462,-0.017904
3463,0.005819
3464,0.032506
3465,0.010047
3466,0.014119
3467,-0.039950
3468,-0.068644
3469,-0.009403
3470,0.048425
3471,0.013356
3472,0.029537
3473,0.047389
3474,-0.004416
3475,-0.018133
3476,-0.057843
3477,-0.057032
3478,-0.003913
3479,-0.002877
3480,0.045653
3481,0.071937
3482,-0.000536
3483,-0.012309
3484,0.029520
3485,0.030150
3486,0.037234
3487,0.056091
3488,0.031556
3489,0.010928
3490,-0.070026
3491,-0.032488
3492,-0.028076
3493,-0.036219
3494,-0.047467
3495,-0.051633
3496,-0.050635
3497,-0.009377
3498,0.047005
3499,0.055827
3500,0.029609
3501,0.023083
3502,0.035218
3503,-0.011520
3504,-0.011649
3505,0.031354
3506,0.020043
3507,-0.034026
3508,-0.107513
3509,-0.100078
3510,-0.028817
3511,0.031047
3512,0.064985
3513,0.059806
3514,0.035480
3515,0.013877
3516,-0.031201
3517,0.009734
3518,0.034287
3519,0.000610
3520,0.001471
3521,-0.002346
3522,-0.049011
3523,-0.074545
3524,-0.076859
3525,-0.020514
3526,-0.003773
3527,0.037008
3528,0.079623
3529,0.106184
3530,0.090142
3531,-0.013091
3532,-0.049244
3533,-0.056248
3534,-0.026170
3535,0.019705
3536,0.022236
3537,-0.047170
3538,-0.018961
3539,-0.005704
3540,0.038606
3541,0.111311
3542,0.082677
3543,0.018914
3544,-0.097619
3545,-0.133109
3546,-0.129433
3547,-0.095255
3548,-0.002298
3549,0.071248
3550,0.125396
3551,0.117008
3552,0.051780
3553,0.017254
3554,-0.063815
3555,-0.107189
3556,-0.039418
3557,-0.021730
3558,0.025228
3559,0.034940
3560,-0.001829
3561,0.000288
3562,0.017787
3563,0.030248
3564,0.023054
3565,-0.028198
3566,-0.015957
3567,0.001717
3568,-0.005129
3569,0.023500
3570,-0.024596
3571,-0.054613
3572,-0.069588
3573,-0.030004
3574,388.334869
3575,495.669556
3576,7.463522
3577,1491.735962
3578,1637.056519
3579,10.853431
3580,19.371159
3581,15.945436
3582,17.039740
3583,7.153390
3584,-11.162175
3585,-13.324430
3586,-11.262335
3587,-6.700872
3588,0.935047
3589,2.365113
3590,5.369964
3591,8.039957
3592,-3.508670
3593,-16.583498
3594,-4.041400
3595,2.218051
3596,-6.822431
3597,-15.375726
3598,-2.182162
3599,-11.902071
3600,0.791996
3601,22.726831
3602,24.106644
3603,0.803783
3604,-11.159729
3605,-4.330391
3606,-6.534065
3607,-3.380737
3608,9.288994
3609,3.093335
3610,3.955663
3611,-3.572340
3612,3.385787
3613,5.061512
3614,-5.936559
3615,6.075594
3616,3.555098
3617,-10.494789
3618,-12.159723
3619,5.057224
3620,0.276147
3621,-6.497723
3622,2.914129
3623,-0.253303
3624,-1.475478
3625,-1.980602
3626,-1.985362
3627,4.958331
3628,0.040564
3629,-0.002503
3630,-0.036496
3631,-0.047519
3632,0.010286
3633,0.068462
3634,0.034165
3635,0.011840
3636,0.019372
3637,-0.054837
3638,-0.067596
3639,-0.054145
3640,-0.010912
3641,0.084076
3642,0.089208
3643,0.017646
3644,0.026844
3645,-0.049829
3646,-0.056264
3647,-0.059089
3648,-0.071137
3649,0.001587
3650,0.042930
3651,0.044458
3652,0.045059
3653,-0.019242
3654,-0.012505
3655,0.011826
3656,0.032475
3657,0.015695
3658,-0.035439
3659,-0.029482
3660,0.006874
3661,0.018709
3662,0.000562
3663,-0.015087
3664,-0.033467
3665,-0.064128
3666,-0.082017
3667,-0.003963
3668,0.048752
3669,0.066386
3670,0.081123
3671,0.072009
3672,0.047848
3673,0.019065
3674,-0.056071
3675,-0.036647
3676,-0.034095
3677,-0.024972
3678,-0.041340
3679,-0.035390
3680,-0.000090
3681,0.033112
3682,-0.004781
3683,-0.045331
3684,-0.028838
3685,0.010197
3686,0.047284
3687,0.081802
3688,0.043898
3689,-0.009178
3690,-0.035234
3691,-0.047730
3692,-0.005846
3693,0.029652
3694,0.063661
3695,0.025164
3696,-0.013826
3697,-0.019306
3698,0.016367
3699,-0.004361
3700,-0.022824
3701,-0.051286
3702,-0.082476
3703,-0.047027
3704,0.003014
3705,0.029819
3706,0.055347
3707,0.075035
3708,-0.019677
3709,-0.053496
3710,-0.003326
3711,0.018946
3712,0.046329
3713,0.028934
3714,0.016383
3715,-0.028321
3716,-0.037728
3717,-0.009535
3718,-0.048473
3719,-0.084794
3720,-0.100096
3721,-0.014832
3722,0.020155
3723,0.059068
3724,0.110741
3725,0.063041
3726,-0.021414
3727,-0.032542
3728,0.001869
3729,0.026683
3730,0.071419
3731,0.053982
3732,-0.030745
3733,-0.076715
3734,-0.015688
3735,0.017304
3736,0.029393
3737,0.056079
3738,0.061123
3739,0.014614
3740,-0.043642
3741,-0.053606
3742,-0.081362
3743,-0.057488
3744,-0.026792
3745,0.020371
3746,0.001326
3747,-0.023005
3748,0.042486
3749,0.054668
3750,0.052359
3751,0.003986
3752,0.030923
3753,0.033115
3754,-0.029880
3755,-0.074489
3756,-0.098956
3757,-0.045508
3758,0.019029
3759,0.039151
3760,0.039709
3761,0.013764
3762,-0.009460
3763,-0.006262
3764,0.000663
3765,0.006301
3766,-0.009767
3767,-0.076388
3768,-0.039926
3769,0.006494
3770,0.008440
3771,0.008071
3772,0.008462
3773,0.037523
3774,0.062619
3775,0.042368
3776,-0.004950
3777,-0.013716
3778,-0.016203
3779,-0.021583
3780,-0.017205
3781,-0.022830
3782,0.002754
3783,0.016403
3784,-0.015513
3785,-0.018715
3786,0.024221
3787,0.006006
3788,0.008512
3789,0.048989
3790,-0.009857
3791,-0.031036
3792,0.003103
3793,-0.029011
3794,-0.050145
3795,-0.025752
3796,-0.039811
3797,-0.002626
3798,0.007522
3799,0.031774
3800,0.063133
3801,0.080285
3802,0.062388
3803,0.029500
3804,-0.067847
3805,-0.049783
3806,0.021880
3807,0.037324
3808,0.010531
3809,-0.028028
3810,-0.047130
3811,-0.037083
3812,-0.037590
3813,0.033943
3814,0.018696
3815,-0.013479
3816,-0.001642
3817,-0.045175
3818,-0.043574
3819,-0.045245
3820,0.001413
3821,0.066045
3822,0.056417
3823,-0.034829
3824,-0.025011
3825,0.050660
3826,0.022523
3827,0.053744
3828,0.078983
3829,0.036905
3830,-0.031552
3831,-0.023341
3832,-0.038459
3833,-0.071682
3834,-0.031265
3835,-0.012115
3836,0.004430
3837,-0.002996
3838,0.001752
3839,-0.028164
3840,-0.058615
3841,-0.008279
3842,0.045857
3843,0.077394
3844,0.052763
3845,0.027326
3846,0.024862
3847,-0.044476
3848,-0.067443
3849,-0.042501
3850,-0.024688
3851,0.010458
3852,0.022749
3853,-0.000711
3854,0.001720
3855,0.039832
3856,0.067568
3857,-0.019139
3858,-0.079065
3859,-0.047927
3860,0.018948
3861,0.019410
3862,0.006546
3863,0.039488
3864,0.049691
3865,-0.000848
3866,-0.027716
3867,-0.016344
3868,0.008430
3869,0.016108
3870,0.010336
3871,-0.028870
3872,-0.052164
3873,0.004603
3874,0.023897
3875,0.000650
3876,0.011468
3877,-0.027266
3878,381.488373
3879,472.215759
3880,7.326165
3881,1524.700684
3882,1605.226563
3883,-9.207742
3884,-10.711085
3885,-11.408435
3886,7.801807
3887,26.458569
3888,28.004147
3889,5.920727
3890,-35.015541
3891,-27.878586
3892,-17.612577
3893,-5.785243
3894,7.671360
3895,12.799667
3896,-4.321251
3897,3.500277
3898,13.806588
3899,32.563717
3900,42.115345
3901,22.761999
3902,-9.974175
3903,-35.617836
3904,-48.182537
3905,-44.031376
3906,-31.034092
3907,12.945085
3908,39.555397
3909,51.250454
3910,30.575861
3911,7.619689
3912,-21.527960
3913,-32.100147
3914,-41.423191
3915,-30.240925
3916,11.358201
3917,15.252468
3918,29.912138
3919,35.333355
3920,21.718998
3921,6.333780
3922,-23.427216
3923,-36.778408
3924,-34.379383
3925,-14.490847
3926,-4.338244
3927,9.070333
3928,28.945282
3929,28.577433
3930,33.197533
3931,26.317694
3932,0.003330
3933,0.004132
3934,0.020983
3935,0.079961
3936,-0.014728
3937,-0.058260
3938,-0.053902
3939,-0.054150
3940,-0.055296
3941,0.014200
3942,0.027253
3943,0.045364
3944,0.012357
3945,0.033272
3946,0.067872
3947,0.007270
3948,-0.013344
3949,-0.015422
3950,-0.028522
3951,-0.054705
3952,0.002968
3953,0.047774
3954,0.023533
3955,-0.021785
3956,0.001513
3957,0.012903
3958,-0.046405
3959,-0.038261
3960,-0.042741
3961,0.008297
3962,0.072518
3963,0.061611
3964,0.013218
3965,-0.029052
3966,-0.010443
3967,0.011911
3968,-0.014740
3969,-0.069903
3970,-0.012579
3971,0.007167
3972,-0.018805
3973,0.060266
3974,0.017966
3975,0.014915
3976,0.013185
3977,-0.024267
3978,-0.044162
3979,-0.035961
3980,0.030815
3981,-0.013446
3982,0.002297
3983,0.049910
3984,0.028433
3985,0.015143
3986,0.014484
3987,-0.012235
3988,-0.055074
3989,-0.012471
3990,-0.004100
3991,-0.029451
3992,0.042080
3993,0.004659
3994,-0.036180
3995,0.004791
3996,0.053642
3997,0.074118
3998,0.013950
3999,-0.028669
4000,-0.017345
4001,0.010372
4002,-0.003995
4003,-0.009001
4004,-0.011803
4005,-0.032010
4006,0.005603
4007,-0.001167
4008,-0.018841
4009,-0.031592
4010,-0.007913
4011,0.040853
4012,0.013410
4013,0.003086
4014,-0.032431
4015,-0.046644
4016,-0.006252
4017,0.013992
4018,0.038997
4019,0.044673
4020,0.008509
4021,-0.050557
4022,-0.033877
4023,0.015018
4024,0.027731
4025,0.042036
4026,0.033315
4027,0.015466
4028,-0.009183
4029,0.007321
4030,-0.005336
4031,-0.036350
4032,-0.043269
4033,-0.072095
4034,-0.026513
4035,0.018211
4036,0.003215
4037,0.070195
4038,0.001216
4039,-0.070746
4040,-0.025814
4041,0.021786
4042,0.071579
4043,0.119596
4044,0.033668
4045,-0.022245
4046,-0.028123
4047,-0.060931
4048,-0.052903
4049,-0.082621
4050,-0.055836
4051,-0.016185
4052,0.055629
4053,0.057728
4054,0.070748
4055,0.028359
4056,-0.019574
4057,-0.036442
4058,-0.068247
4059,-0.041228
4060,0.010001
4061,0.022487
4062,0.022193
4063,0.008582
4064,-0.040346
4065,-0.067884
4066,-0.030122
4067,-0.018129
4068,0.052008
4069,0.098280
4070,0.062601
4071,0.080176
4072,0.055952
4073,0.010928
4074,-0.006374
4075,-0.073889
4076,-0.095094
4077,-0.037657
4078,-0.018790
4079,0.026077
4080,0.052636
4081,0.020825
4082,-0.017687
4083,-0.061761
4084,-0.025345
4085,-0.046076
4086,-0.048094
4087,-0.010265
4088,0.061307
4089,0.113277
4090,0.069108
4091,0.022358
4092,-0.030481
4093,-0.041033
4094,-0.058741
4095,-0.078179
4096,-0.040786
4097,0.000336
4098,0.024013
4099,0.020769
4100,-0.018798
4101,-0.040469
4102,-0.010286
4103,0.021901
4104,0.065246
4105,0.062067
4106,0.044767
4107,0.048232
4108,0.049783
4109,0.000168
4110,-0.033444
4111,-0.036006
4112,-0.024939
4113,-0.072815
4114,-0.107459
4115,-0.051947
4116,-0.002220
4117,0.069964
4118,0.114940
4119,0.035549
4120,-0.054033
4121,-0.097174
4122,-0.065654
4123,0.012891
4124,0.017119
4125,0.042073
4126,0.021019
4127,-0.029772
4128,0.028933
4129,0.050729
4130,0.022951
4131,0.040564
4132,0.069102
4133,0.051188
4134,0.028872
4135,-0.038265
4136,-0.064261
4137,-0.055627
4138,-0.089890
4139,-0.079987
4140,-0.065246
4141,-0.036007
4142,0.006160
4143,0.061921
4144,0.070089
4145,0.036265
4146,0.017991
4147,0.008977
4148,0.014786
4149,0.030405
4150,0.012090
4151,0.010164
4152,0.007726
4153,-0.009417
4154,-0.064646
4155,-0.070516
4156,0.004393
4157,0.050674
4158,0.058843
4159,0.053961
4160,-0.049899
4161,-0.125855
4162,-0.028626
4163,-0.036556
4164,0.024743
4165,0.065119
4166,0.022613
4167,0.024550
4168,-0.048046
4169,-0.041285
4170,-0.000126
4171,-0.011662
4172,-0.002740
4173,0.037591
4174,0.058477
4175,0.080591
4176,0.048702
4177,0.011182
4178,-0.062122
4179,-0.065538
4180,-0.068426
4181,-0.078554
4182,-0.040837
4183,-0.019376
4184,0.033326
4185,0.083051
4186,0.051489
4187,0.034224
4188,0.057907
4189,0.039138
4190,0.014033
4191,-0.027243
4192,-0.032932
4193,-0.003356
4194,0.018026
4195,0.006219
4196,-0.034541
4197,-0.013879
4198,-0.030586
4199,-0.012557
4200,0.038990
4201,0.004123
4202,-0.028913
4203,-0.021717
4204,-0.060355
4205,-0.054043
4206,-0.011469
4207,0.011048
4208,0.002056
4209,-0.009474
4210,0.043841
4211,0.040021
4212,0.014413
4213,-0.034144
4214,-0.064652
4215,0.003956
4216,0.029833
4217,0.073228
4218,0.108873
4219,0.029310
4220,0.001444
4221,-0.012946
4222,-0.030756
4223,-0.027530
4224,0.010112
4225,0.001515
4226,0.017931
4227,0.015549
4228,-0.024926
4229,-0.121625
4230,-0.121463
4231,-0.048119
4232,0.022251
4233,0.088522
4234,0.097772
4235,0.092556
4236,0.040254
4237,0.018594
4238,-0.015228
4239,-0.063677
4240,-0.014298
4241,-0.002275
4242,-0.026795
4243,-0.047070
4244,-0.067507
4245,-0.060756
4246,-0.024208
4247,0.012660
4248,0.054264
4249,0.082336
4250,0.045698
4251,0.027195
4252,0.017677
4253,-0.037352
4254,-0.051127
4255,-0.022336
4256,0.038039
4257,0.000714
4258,0.012886
4259,0.002395
4260,-0.057739
4261,0.009506
4262,0.057602
4263,0.064091
4264,-0.019437
4265,-0.014818
4266,-0.040507
4267,-0.042921
4268,-0.017433
4269,-0.003744
4270,-0.000673
4271,0.001790
4272,0.023784
4273,0.018609
4274,0.003189
4275,0.008051
4276,0.002150
4277,-0.017532
4278,-0.057238
4279,-0.068930
4280,-0.004160
4281,0.013413
4282,372.389709
4283,441.046753
4284,7.143625
4285,1568.508911
4286,1571.526245
4287,0.292360
4288,-30.583311
4289,-40.534721
4290,-35.018986
4291,-18.842083
4292,16.521589
4293,35.531609
4294,31.418737
4295,20.181854
4296,1.436319
4297,-16.855114
4298,-11.343359
4299,2.705957
4300,4.046254
4301,-11.290567
4302,-13.788207
4303,-1.790778
4304,-2.549788
4305,3.459621
4306,11.605086
4307,-6.594166
4308,-15.680390
4309,-2.527522
4310,18.111244
4311,24.997637
4312,33.392628
4313,25.957243
4314,-8.467815
4315,-49.435951
4316,-63.518822
4317,-29.363747
4318,-7.368454
4319,17.677387
4320,28.189695
4321,24.432890
4322,34.465511
4323,48.627899
4324,25.851385
4325,-3.119568
4326,-26.739374
4327,-53.538918
4328,-54.795330
4329,-54.163204
4330,-30.759838
4331,12.384595
4332,71.797585
4333,95.216164
4334,61.892773
4335,16.570246
4336,0.031524
4337,0.062190
4338,0.047249
4339,0.019040
4340,0.006832
4341,-0.016515
4342,-0.026173
4343,-0.072648
4344,-0.070521
4345,-0.020442
4346,0.002176
4347,0.073610
4348,0.082915
4349,0.046667
4350,0.042304
4351,-0.002386
4352,-0.001038
4353,-0.049146
4354,-0.116969
4355,-0.074328
4356,0.029460
4357,0.060109
4358,0.009603
4359,-0.014710
4360,0.001624
4361,0.000923
4362,-0.006095
4363,-0.015172
4364,0.021323
4365,0.054984
4366,-0.014941
4367,-0.047714
4368,-0.033772
4369,0.015413
4370,0.042743
4371,0.075166
4372,0.043226
4373,0.007480
4374,-0.050523
4375,-0.064326
4376,0.022166
4377,0.003809
4378,0.009463
4379,-0.004350
4380,-0.011214
4381,-0.008509
4382,-0.017518
4383,-0.029059
4384,-0.076788
4385,-0.042200
4386,-0.001281
4387,-0.028908
4388,-0.033997
4389,0.002372
4390,0.005394
4391,0.005907
4392,0.017242
4393,0.025747
4394,-0.006898
4395,-0.059865
4396,-0.033863
4397,0.029405
4398,0.086683
4399,0.083066
4400,0.049674
4401,0.044561
4402,0.009742
4403,-0.052133
4404,-0.052895
4405,-0.108990
4406,-0.092545
4407,-0.029320
4408,0.013034
4409,0.064665
4410,0.048608
4411,0.052513
4412,0.024503
4413,-0.017926
4414,-0.035136
4415,0.003363
4416,0.051659
4417,0.042834
4418,-0.025529
4419,-0.087633
4420,-0.079780
4421,-0.071088
4422,-0.095549
4423,0.005227
4424,0.077119
4425,0.085063
4426,0.091180
4427,0.081897
4428,0.009115
4429,0.004451
4430,-0.025247
4431,-0.056582
4432,-0.033023
4433,-0.038540
4434,-0.030710
4435,0.025306
4436,-0.059010
4437,-0.004379
4438,0.018276
4439,0.048973
4440,0.053415
4441,0.037220
4442,0.037222
4443,0.007186
4444,-0.017749
4445,-0.010480
4446,-0.001690
4447,-0.046609
4448,-0.044764
4449,0.014658
4450,-0.011688
4451,-0.029125
4452,-0.027578
4453,0.008089
4454,0.039113
4455,0.040283
4456,0.019365
4457,-0.048480
4458,-0.019317
4459,0.030273
4460,-0.003111
4461,0.037436
4462,0.085799
4463,0.062731
4464,0.036407
4465,-0.027731
4466,-0.075657
4467,-0.064430
4468,-0.062810
4469,-0.016320
4470,-0.045166
4471,-0.049569
4472,-0.015173
4473,0.029547
4474,0.071636
4475,0.076808
4476,0.087050
4477,0.058502
4478,0.033423
4479,0.014749
4480,-0.048857
4481,-0.112291
4482,-0.124502
4483,-0.079017
4484,-0.073421
4485,-0.016142
4486,0.019767
4487,0.034676
4488,0.067609
4489,0.049408
4490,0.037478
4491,0.018715
4492,0.044377
4493,0.036609
4494,-0.003074
4495,0.023656
4496,0.021693
4497,-0.016749
4498,-0.018335
4499,-0.030004
4500,-0.037797
4501,-0.069455
4502,-0.071286
4503,-0.028429
4504,0.015089
4505,0.038641
4506,0.059248
4507,0.089651
4508,0.045612
4509,-0.013130
4510,-0.005806
4511,-0.018681
4512,-0.010324
4513,-0.049791
4514,-0.057904
4515,-0.014844
4516,0.009835
4517,-0.022281
4518,-0.028862
4519,-0.016837
4520,0.029043
4521,0.031737
4522,0.047834
4523,0.013444
4524,-0.010835
4525,0.000508
4526,0.019135
4527,-0.001663
4528,-0.007063
4529,-0.008207
4530,-0.009957
4531,-0.001239
4532,-0.029647
4533,-0.029409
4534,0.028643
4535,0.007511
4536,-0.004504
4537,-0.003550
4538,-0.048821
4539,-0.016971
4540,0.019968
4541,-0.004308
4542,-0.010377
4543,-0.014332
4544,0.006014
4545,0.026931
4546,-0.007450
4547,0.058983
4548,0.044414
4549,-0.011677
4550,0.022572
4551,0.019610
4552,-0.011923
4553,-0.053085
4554,-0.107474
4555,-0.075554
4556,-0.014653
4557,0.037678
4558,0.076448
4559,0.036670
4560,0.024507
4561,-0.007811
4562,-0.026127
4563,-0.031345
4564,0.045662
4565,0.069054
4566,0.077324
4567,0.045500
4568,-0.062767
4569,-0.073346
4570,0.014083
4571,-0.011593
4572,0.002904
4573,-0.021864
4574,-0.019058
4575,-0.044935
4576,-0.057165
4577,-0.017987
4578,0.013738
4579,0.029111
4580,0.052557
4581,0.039689
4582,-0.019514
4583,-0.027350
4584,-0.044678
4585,-0.000152
4586,365.543213
4587,417.592896
4588,7.006267
4589,1601.473633
4590,1536.453735
4591,20.667965
4592,34.707298
4593,52.675663
4594,36.354382
4595,3.779185
4596,-14.750560
4597,-44.128574
4598,-58.451015
4599,-44.731731
4600,-36.940979
4601,2.408108
4602,33.074661
4603,52.846272
4604,43.596832
4605,20.336430
4606,-8.307583
4607,-12.337574
4608,-11.343822
4609,-17.031122
4610,-20.393539
4611,-19.685396
4612,2.833751
4613,13.627103
4614,12.148279
4615,16.811083
4616,-2.054836
4617,-12.488789
4618,6.392311
4619,23.919088
4620,20.796125
4621,-8.492307
4622,-34.604504
4623,-38.196537
4624,-25.944674
4625,-6.314256
4626,26.439411
4627,52.893444
4628,40.942066
4629,-10.755792
4630,-41.284416
4631,-30.328394
4632,-35.030449
4633,-32.099735
4634,-2.679586
4635,38.181484
4636,64.890381
4637,67.672264
4638,40.647865
4639,18.367975
4640,0.001750
4641,0.035382
4642,0.067662
4643,0.012751
4644,-0.054592
4645,-0.021684
4646,-0.023911
4647,-0.015175
4648,0.018671
4649,0.027553
4650,0.052986
4651,0.006342
4652,0.002967
4653,0.021225
4654,-0.000240
4655,-0.059314
4656,-0.054866
4657,-0.006265
4658,0.038283
4659,0.062671
4660,0.025914
4661,0.003521
4662,-0.028237
4663,-0.094428
4664,-0.074568
4665,-0.058253
4666,-0.038327
4667,0.025749
4668,0.039111
4669,0.025748
4670,0.001858
4671,-0.011526
4672,0.017867
4673,0.056546
4674,0.041072
4675,0.051796
4676,0.021368
4677,-0.044292
4678,-0.081000
4679,-0.086902
4680,-0.075889
4681,-0.011657
4682,0.073670
4683,0.077083
4684,0.054210
4685,0.035029
4686,0.020302
4687,0.031535
4688,-0.030548
4689,-0.044205
4690,-0.014297
4691,-0.067568
4692,-0.069008
4693,0.027861
4694,0.057330
4695,0.035853
4696,-0.009412
4697,0.003120
4698,0.022924
4699,-0.018305
4700,-0.014968
4701,-0.023613
4702,0.002141
4703,-0.030879
4704,-0.013623
4705,0.021562
4706,0.070509
4707,0.073768
4708,0.028979
4709,-0.002276
4710,-0.077959
4711,-0.077346
4712,-0.097728
4713,-0.016064
4714,0.077309
4715,0.008439
4716,-0.014084
4717,0.014120
4718,-0.021964
4719,0.012452
4720,0.028446
4721,0.000679
4722,-0.023138
4723,-0.024660
4724,0.027329
4725,0.068332
4726,0.026329
4727,0.053083
4728,0.073459
4729,-0.024409
4730,-0.049885
4731,-0.042903
4732,0.013318
4733,-0.018943
4734,-0.039683
4735,-0.039292
4736,-0.068019
4737,-0.059573
4738,-0.006643
4739,-0.007607
4740,362.074921
4741,405.711578
4742,6.936685
4743,1618.172852
4744,1520.946167
4745,32.002224
4746,52.688133
4747,32.361195
4748,-0.523344
4749,-32.807335
4750,-42.559898
4751,-27.593498
4752,-13.978831
4753,9.401368
4754,15.879776
4755,24.190493
4756,25.121653
4757,14.953491
4758,-24.398701
4759,-29.782282
4760,-32.636230
4761,-21.406338
4762,-21.602354
4763,-1.397986
4764,27.437937
4765,56.366932
4766,71.507477
4767,30.247278
4768,-13.264301
4769,-35.077888
4770,-33.640442
4771,-10.050982
4772,23.055311
4773,18.735212
4774,0.729183
4775,-4.807471
4776,-14.737561
4777,-19.835770
4778,-35.376476
4779,-32.666985
4780,-16.420025
4781,2.729886
4782,0.591890
4783,-7.248223
4784,-2.236818
4785,10.884257
4786,49.549274
4787,57.774406
4788,41.906216
4789,6.878873
4790,-14.192685
4791,-23.754709
4792,-24.594746
4793,-11.207724
4794,0.042313
4795,0.065704
4796,0.060275
4797,0.027634
4798,0.012792
4799,-0.050603
4800,-0.039244
4801,-0.042451
4802,-0.011431
4803,0.000554
4804,0.016895
4805,0.040121
4806,-0.004078
4807,0.014540
4808,0.076417
4809,0.036300
4810,0.001086
4811,0.008896
4812,-0.016396
4813,-0.021359
4814,-0.010702
4815,0.006236
4816,0.021810
4817,0.020089
4818,-0.000046
4819,-0.022418
4820,0.001501
4821,-0.026819
4822,-0.039806
4823,-0.074032
4824,-0.049693
4825,0.026989
4826,0.012939
4827,-0.003664
4828,-0.016453
4829,-0.012543
4830,-0.007747
4831,0.001648
4832,0.030070
4833,0.059580
4834,0.080376
4835,0.031170
4836,-0.005335
4837,-0.025667
4838,-0.079355
4839,-0.055749
4840,-0.018650
4841,-0.013150
4842,0.015776
4843,-0.000894
4844,0.045891
4845,0.051555
4846,-0.002002
4847,-0.035622
4848,-0.016473
4849,0.002935
4850,0.009546
4851,-0.007406
4852,-0.026404
4853,-0.005579
4854,0.010243
4855,0.002351
4856,0.018881
4857,0.063351
4858,0.092005
4859,0.069479
4860,-0.026856
4861,-0.079516
4862,-0.115272
4863,-0.090295
4864,-0.054708
4865,0.012107
4866,0.089714
4867,0.077022
4868,0.086623
4869,0.078452
4870,0.020368
4871,-0.066466
4872,-0.065809
4873,-0.060882
4874,-0.087005
4875,-0.098601
4876,-0.066854
4877,-0.003322
4878,-0.005146
4879,0.024547
4880,0.017263
4881,0.014937
4882,0.020400
4883,0.058932
4884,0.079714
4885,0.037273
4886,0.036826
4887,0.062258
4888,0.045221
4889,0.033511
4890,0.014601
4891,-0.064331
4892,-0.095983
4893,-0.095342
4894,-0.075330
4895,-0.066712
4896,-0.047189
4897,0.079430
4898,0.121672
4899,0.018318
4900,0.023293
4901,-0.007018
4902,-0.016087
4903,-0.028354
4904,-0.036691
4905,-0.034728
4906,0.004190
4907,0.009624
4908,0.021171
4909,0.004633
4910,-0.001654
4911,0.034490
4912,0.014347
4913,0.051132
4914,0.050584
4915,0.008461
4916,-0.012339
4917,-0.058016
4918,-0.025435
4919,-0.003410
4920,-0.012528
4921,-0.003463
4922,-0.009948
4923,-0.029665
4924,-0.015057
4925,-0.010404
4926,-0.027371
4927,-0.014599
4928,-0.024969
4929,-0.024354
4930,-0.020647
4931,0.025068
4932,0.041674
4933,0.010050
4934,-0.001633
4935,0.022000
4936,0.063875
4937,0.062924
4938,-0.030376
4939,-0.017520
4940,-0.025892
4941,-0.060229
4942,0.012155
4943,0.024132
4944,0.006908
4945,0.037423
4946,0.037144
4947,0.025404
4948,-0.011844
4949,-0.066570
4950,-0.020578
4951,-0.021293
4952,-0.062159
4953,-0.083692
4954,-0.009419
4955,0.007437
4956,0.085163
4957,0.060405
4958,0.035529
4959,0.071741
4960,-0.009823
4961,-0.058115
4962,-0.047531
4963,-0.043792
4964,-0.032379
4965,0.057556
4966,0.059197
4967,0.022067
4968,0.046799
4969,0.021491
4970,-0.038185
4971,-0.080299
4972,-0.061136
4973,-0.011126
4974,0.035964
4975,0.019044
4976,-0.036824
4977,0.038327
4978,0.039952
4979,0.002237
4980,-0.006086
4981,-0.046565
4982,-0.059989
4983,-0.078519
4984,-0.048750
4985,0.025974
4986,0.081724
4987,0.070786
4988,0.031674
4989,0.003578
4990,-0.015936
4991,-0.032710
4992,0.041338
4993,0.075848
4994,0.061844
4995,0.031744
4996,-0.029130
4997,-0.048727
4998,-0.080987
4999,-0.071228
5000,-0.021085
5001,0.005588
5002,0.012665
5003,0.002233
5004,-0.025340
5005,-0.046491
5006,-0.002829
5007,0.031145
5008,0.027184
5009,-0.009097
5010,-0.004164
5011,0.018627
5012,0.026826
5013,0.041795
5014,0.041125
5015,0.009222
5016,-0.052242
5017,-0.071525
5018,-0.039045
5019,-0.043587
5020,-0.054089
5021,-0.071096
5022,-0.021100
5023,0.079442
5024,0.104148
5025,0.056071
5026,0.049475
5027,0.070205
5028,0.048604
5029,-0.042745
5030,-0.071727
5031,-0.058650
5032,-0.106631
5033,-0.069088
5034,-0.020916
5035,0.034471
5036,0.093157
5037,0.110997
5038,0.069608
5039,-0.005952
5040,-0.059185
5041,-0.023926
5042,0.022720
5043,0.035702
5044,0.020030
5045,0.010092
5046,0.009453
5047,-0.035407
5048,-0.059257
5049,-0.074703
5050,-0.040742
5051,0.054240
5052,0.069537
5053,0.029239
5054,-0.010410
5055,-0.060468
5056,-0.051521
5057,-0.061929
5058,-0.069514
5059,0.013317
5060,0.043490
5061,0.027812
5062,0.053225
5063,0.045041
5064,0.006665
5065,0.001192
5066,0.047047
5067,0.060373
5068,-0.042627
5069,-0.054244
5070,0.007896
5071,0.010979
5072,0.034154
5073,0.019328
5074,-0.005684
5075,-0.056403
5076,-0.107418
5077,-0.105124
5078,-0.009638
5079,0.052665
5080,0.036146
5081,0.087584
5082,0.068401
5083,-0.022455
5084,-0.021994
5085,-0.012113
5086,-0.039298
5087,0.007571
5088,0.027282
5089,0.040526
5090,0.003892
5091,-0.049987
5092,-0.035996
5093,-0.034295
5094,-0.017162
5095,0.081115
5096,0.122062
5097,0.100078
5098,0.010466
5099,-0.079454
5100,-0.082792
5101,-0.097222
5102,-0.101939
5103,-0.074281
5104,-0.036467
5105,0.010417
5106,0.085222
5107,0.061351
5108,0.002240
5109,0.032025
5110,0.033174
5111,0.006662
5112,0.006324
5113,-0.031504
5114,-0.005484
5115,-0.010957
5116,-0.024091
5117,0.005036
5118,-0.024189
5119,-0.001057
5120,0.044608
5121,0.061517
5122,0.006534
5123,-0.013970
5124,0.000598
5125,-0.021394
5126,0.004691
5127,0.043462
5128,0.010981
5129,-0.003970
5130,0.006303
5131,0.011564
5132,-0.035250
5133,-0.022524
5134,-0.040776
5135,-0.088827
5136,-0.049148
5137,-0.014787
5138,0.004721
5139,0.015355
5140,0.033710
5141,0.042779
5142,0.083522
5143,0.106603
5144,352.976288
5145,374.542542
5146,6.754144
5147,1661.981079
5148,1470.678955
5149,-35.974331
5150,-28.357420
5151,-25.047911
5152,-0.239830
5153,29.791828
5154,31.301025
5155,29.257086
5156,14.222903
5157,0.635308
5158,10.723859
5159,34.280273
5160,16.679443
5161,-4.808004
5162,-15.254661
5163,-31.691721
5164,-25.445244
5165,-27.480442
5166,-13.634899
5167,-1.210572
5168,4.507289
5169,3.094494
5170,5.845575
5171,16.273844
5172,38.394302
5173,19.783411
5174,-17.331957
5175,-46.382591
5176,-27.950960
5177,-1.385827
5178,19.187122
5179,18.563032
5180,18.875364
5181,22.907537
5182,18.198429
5183,-0.102523
5184,-25.668581
5185,-25.945898
5186,-23.162512
5187,-19.463413
5188,-9.777212
5189,11.818757
5190,-4.966159
5191,20.522173
5192,24.046591
5193,18.516193
5194,9.058349
5195,-11.677848
5196,-14.820015
5197,-14.998773
5198,0.087673
5199,0.020923
5200,-0.060570
5201,-0.008630
5202,-0.062213
5203,-0.100553
5204,-0.036596
5205,-0.046839
5206,-0.021266
5207,-0.024931
5208,-0.008469
5209,0.015839
5210,0.042342
5211,0.019938
5212,-0.009383
5213,0.025624
5214,0.062893
5215,0.021583
5216,0.034143
5217,0.022067
5218,-0.032252
5219,-0.041671
5220,-0.055924
5221,-0.012306
5222,-0.007376
5223,-0.019781
5224,-0.030325
5225,-0.040500
5226,0.003696
5227,0.084547
5228,0.085843
5229,0.065114
5230,0.008259
5231,-0.097103
5232,-0.100753
5233,-0.057460
5234,-0.057747
5235,0.003500
5236,0.053259
5237,0.091280
5238,0.094395
5239,0.067764
5240,0.021039
5241,0.005380
5242,-0.003085
5243,-0.034279
5244,-0.088593
5245,-0.058909
5246,-0.053214
5247,-0.017165
5248,350.634033
5249,366.518829
5250,6.707154
5251,1673.258545
5252,1464.870239
5253,3.214249
5254,12.287855
5255,9.080137
5256,0.236194
5257,0.427899
5258,-3.874370
5259,8.338037
5260,11.270358
5261,21.017279
5262,12.095220
5263,-22.400618
5264,-30.096174
5265,-13.467326
5266,-6.445106
5267,-12.387874
5268,-12.171594
5269,-6.813877
5270,14.026175
5271,43.589512
5272,53.468292
5273,10.547163
5274,-21.598255
5275,-10.754775
5276,-23.670166
5277,-28.317110
5278,5.168182
5279,37.421406
5280,7.065605
5281,-27.337692
5282,-38.796375
5283,-41.271713
5284,-8.663408
5285,30.666983
5286,80.693047
5287,57.336433
5288,5.118604
5289,-13.719973
5290,-34.098160
5291,-74.317780
5292,-50.590164
5293,-1.737477
5294,29.622280
5295,48.069832
5296,43.047867
5297,28.903957
5298,-21.256662
5299,-46.001640
5300,-39.988140
5301,-6.737849
5302,-0.002420
5303,0.036228
5304,0.061047
5305,0.020884
5306,-0.053748
5307,-0.021894
5308,0.009097
5309,0.000799
5310,0.022217
5311,-0.008195
5312,0.020554
5313,0.061463
5314,0.019468
5315,-0.025128
5316,-0.017357
5317,0.015782
5318,-0.017088
5319,0.005212
5320,0.020832
5321,-0.014326
5322,-0.054528
5323,-0.049152
5324,0.022204
5325,0.030723
5326,0.033053
5327,0.059201
5328,-0.035277
5329,-0.044372
5330,0.002641
5331,-0.029135
5332,-0.035723
5333,-0.025819
5334,0.010312
5335,0.023533
5336,-0.005145
5337,0.045623
5338,0.060534
5339,0.013241
5340,0.009390
5341,0.008473
5342,-0.046290
5343,-0.000477
5344,-0.026331
5345,-0.018097
5346,-0.061726
5347,-0.086435
5348,-0.019732
5349,-0.018249
5350,0.015907
5351,0.037246
5352,348.291809
5353,358.495148
5354,6.660163
5355,1684.535889
5356,1464.669189
5357,5.190458
5358,-5.150472
5359,-19.337248
5360,-27.479776
5361,13.899671
5362,65.435310
5363,56.858582
5364,27.273096
5365,-6.692208
5366,-57.628494
5367,-64.562241
5368,-23.134760
5369,-0.273398
5370,13.196667
5371,27.417181
5372,33.939697
5373,24.144756
5374,16.047674
5375,-0.399987
5376,-31.600704
5377,-44.360508
5378,-41.687565
5379,-23.367378
5380,4.008814
5381,34.201080
5382,55.161491
5383,20.400930
5384,-0.824509
5385,-15.147531
5386,-2.200274
5387,11.262982
5388,16.325766
5389,-9.269308
5390,-34.406662
5391,-22.225061
5392,-6.282640
5393,24.005146
5394,9.326568
5395,-19.554354
5396,-30.120567
5397,-26.659513
5398,16.387621
5399,50.768101
5400,34.142178
5401,-7.320940
5402,-24.059261
5403,-0.428552
5404,15.879537
5405,10.101778
5406,0.080516
5407,0.108673
5408,0.009067
5409,0.016371
5410,0.016589
5411,-0.018942
5412,-0.002047
5413,0.030634
5414,-0.057510
5415,-0.074475
5416,-0.058326
5417,-0.032912
5418,0.043929
5419,0.076890
5420,0.054636
5421,0.050538
5422,0.006004
5423,-0.069671
5424,-0.075026
5425,-0.064654
5426,-0.013587
5427,0.001738
5428,-0.002507
5429,0.024626
5430,0.031381
5431,0.014576
5432,0.003992
5433,-0.009537
5434,-0.002219
5435,-0.018315
5436,-0.013284
5437,-0.021986
5438,0.008856
5439,0.055673
5440,0.009739
5441,-0.001665
5442,0.021863
5443,-0.013279
5444,-0.006507
5445,-0.032528
5446,-0.057335
5447,-0.030347
5448,0.023596
5449,0.059612
5450,0.086615
5451,0.056832
5452,-0.027362
5453,-0.000192
5454,0.044785
5455,-0.009334
5456,345.949585
5457,350.471436
5458,6.613173
5459,1695.813232
5460,1444.420776
5461,6.916931
5462,15.756946
5463,5.491485
5464,-7.657216
5465,-8.404618
5466,-14.667636
5467,1.670573
5468,15.045341
5469,16.393076
5470,-5.412662
5471,-28.434769
5472,-34.129555
5473,-36.643055
5474,-36.808331
5475,-12.620274
5476,47.699154
5477,60.615387
5478,22.036329
5479,-17.608873
5480,-26.059219
5481,0.505334
5482,18.699375
5483,10.765064
5484,-2.869834
5485,9.815343
5486,17.955551
5487,15.898486
5488,-8.963153
5489,-21.378160
5490,-16.409487
5491,3.945185
5492,0.782229
5493,-3.693610
5494,-6.078530
5495,-26.375206
5496,-15.530403
5497,1.148417
5498,3.347501
5499,4.520198
5500,15.232036
5501,10.070802
5502,19.206087
5503,33.302555
5504,18.559958
5505,-3.369981
5506,-9.613336
5507,-13.364992
5508,-32.438240
5509,-25.146034
5510,-0.043815
5511,-0.039040
5512,-0.011595
5513,-0.014294
5514,-0.001490
5515,-0.018281
5516,-0.018355
5517,0.000478
5518,0.053943
5519,0.075302
5520,0.051524
5521,-0.026894
5522,-0.083982
5523,-0.087797
5524,-0.106502
5525,-0.077456
5526,0.008372
5527,0.005321
5528,0.023466
5529,0.056772
5530,0.055688
5531,0.023582
5532,0.022897
5533,0.034907
5534,0.018363
5535,0.011814
5536,0.029110
5537,-0.022241
5538,-0.042773
5539,-0.072585
5540,-0.026191
5541,0.062374
5542,0.025181
5543,0.009193
5544,0.019112
5545,-0.015662
5546,-0.007709
5547,0.034432
5548,0.018291
5549,0.020863
5550,-0.022710
5551,-0.028051
5552,-0.019320
5553,-0.029239
5554,-0.023694
5555,0.010166
5556,0.021805
5557,-0.015069
5558,0.012453
5559,0.040894
5560,-0.004358
5561,-0.004337
5562,-0.031010
5563,0.009777
5564,0.050037
5565,0.059533
5566,-0.002315
5567,-0.069687
5568,-0.070528
5569,0.019757
5570,0.071311
5571,0.033290
5572,-0.017324
5573,-0.065222
5574,-0.100195
5575,-0.107186
5576,-0.045364
5577,0.031958
5578,0.069774
5579,0.036509
5580,0.046470
5581,0.043466
5582,-0.013454
5583,-0.042165
5584,-0.024715
5585,-0.011169
5586,-0.010506
5587,0.008195
5588,0.046378
5589,0.067424
5590,0.086927
5591,0.062885
5592,-0.032454
5593,-0.115133
5594,-0.100590
5595,-0.093727
5596,-0.012683
5597,0.108692
5598,0.113583
5599,0.105113
5600,0.031673
5601,-0.036890
5602,-0.069631
5603,-0.076205
5604,-0.039493
5605,-0.007695
5606,0.040881
5607,0.055238
5608,0.008823
5609,-0.012139
5610,-0.015261
5611,-0.032420
5612,-0.029065
5613,-0.057586
5614,-0.057895
5615,-0.017899
5616,0.009647
5617,0.001306
5618,0.020018
5619,0.065259
5620,0.121264
5621,0.093184
5622,0.012168
5623,-0.035502
5624,-0.070408
5625,-0.054380
5626,-0.009798
5627,-0.038390
5628,-0.043469
5629,0.016741
5630,0.052900
5631,0.029416
5632,-0.032216
5633,-0.029949
5634,-0.044682
5635,-0.005691
5636,0.027621
5637,0.044357
5638,0.040228
5639,0.023667
5640,0.015552
5641,-0.039676
5642,-0.048639
5643,0.000247
5644,0.034327
5645,-0.036816
5646,-0.024354
5647,-0.030108
5648,-0.007467
5649,0.061572
5650,0.031036
5651,-0.001114
5652,-0.024367
5653,-0.010210
5654,0.047911
5655,0.026495
5656,-0.013077
5657,-0.031226
5658,-0.013005
5659,-0.045575
5660,-0.020676
5661,0.017989
5662,0.011117
5663,0.001203
5664,-0.019058
5665,-0.014023
5666,0.032713
5667,-0.022382
5668,-0.047296
5669,-0.011241
5670,0.064599
5671,0.061251
5672,0.078741
5673,0.085051
5674,-0.037146
5675,-0.060604
5676,-0.041248
5677,-0.053121
5678,-0.054755
5679,-0.021421
5680,0.012882
5681,0.015755
5682,0.064082
5683,0.071026
5684,0.001343
5685,-0.017046
5686,-0.019217
5687,-0.056479
5688,-0.037742
5689,0.007936
5690,0.017419
5691,0.020220
5692,0.015882
5693,0.023714
5694,0.051970
5695,0.040559
5696,-0.010502
5697,-0.031802
5698,-0.017084
5699,0.022281
5700,0.006229
5701,-0.054051
5702,-0.078805
5703,-0.102582
5704,-0.047374
5705,0.043182
5706,0.044109
5707,0.024056
5708,0.027116
5709,0.041527
5710,0.035679
5711,-0.005492
5712,-0.010134
5713,-0.010175
5714,-0.046492
5715,-0.050110
5716,-0.017157
5717,0.019822
5718,0.072634
5719,0.039716
5720,0.026953
5721,0.014701
5722,-0.047689
5723,-0.038822
5724,-0.017811
5725,-0.074153
5726,-0.047209
5727,-0.028503
5728,0.058401
5729,0.112690
5730,0.066965
5731,0.068498
5732,0.029398
5733,-0.024795
5734,-0.010224
5735,-0.029073
5736,-0.038362
5737,-0.026280
5738,0.016824
5739,-0.002396
5740,-0.069059
5741,-0.071912
5742,-0.111056
5743,-0.128981
5744,-0.058671
5745,0.022371
5746,0.051954
5747,0.094079
5748,0.093957
5749,0.110679
5750,0.031561
5751,0.033979
5752,0.025885
5753,-0.037808
5754,-0.057298
5755,-0.047161
5756,-0.003582
5757,0.034363
5758,0.018771
5759,0.009817
5760,0.005086
5761,0.019283
5762,0.005249
5763,-0.034275
5764,-0.049999
5765,-0.084116
5766,-0.021073
5767,0.012003
5768,-0.011051
5769,0.074844
5770,0.034614
5771,0.013241
5772,0.026436
5773,-0.022631
5774,-0.021156
5775,-0.000672
5776,-0.008788
5777,-0.011782
5778,-0.010384
5779,0.062147
5780,0.043171
5781,-0.057267
5782,-0.085649
5783,-0.018562
5784,-0.018783
5785,-0.000757
5786,0.038006
5787,-0.008389
5788,0.002822
5789,0.003247
5790,-0.016713
5791,-0.003575
5792,-0.010353
5793,-0.016595
5794,-0.021959
5795,0.025499
5796,0.056788
5797,0.108051
5798,0.090995
5799,0.025732
5800,-0.017128
5801,-0.106408
5802,-0.106764
5803,-0.038422
5804,-0.010778
5805,-0.006133
5806,-0.013863
5807,-0.000365
5808,0.051645
5809,0.028370
5810,337.977020
5811,323.159973
5812,6.453224
5813,1734.199707
5814,1409.189697
5815,-13.662102
5816,-4.861460
5817,6.339371
5818,1.025115
5819,9.182428
5820,8.184031
5821,7.246814
5822,0.718400
5823,-10.180777
5824,-9.600335
5825,-0.211112
5826,16.377333
5827,20.181080
5828,-0.582552
5829,-25.957136
5830,-35.868317
5831,-28.356871
5832,6.537781
5833,44.256779
5834,34.160717
5835,27.163109
5836,8.009730
5837,-3.513279
5838,-6.506472
5839,-32.686008
5840,-40.438198
5841,-31.607197
5842,-21.180088
5843,2.822312
5844,32.249077
5845,50.633694
5846,47.437218
5847,40.319450
5848,21.696785
5849,-10.290012
5850,-39.581177
5851,-69.084084
5852,-57.267826
5853,-33.350281
5854,10.290889
5855,42.997128
5856,51.455433
5857,34.844517
5858,28.256668
5859,-1.418752
5860,-26.638577
5861,-31.430567
5862,-27.502975
5863,-35.579624
5864,0.003200
5865,-0.036145
5866,-0.039641
5867,-0.020633
5868,0.010463
5869,0.036061
5870,0.046385
5871,0.026456
5872,-0.030539
5873,-0.073404
5874,-0.017908
5875,0.039520
5876,0.076836
5877,0.053975
5878,0.021584
5879,-0.023822
5880,-0.043512
5881,-0.047219
5882,-0.018776
5883,-0.028786
5884,-0.016617
5885,0.016647
5886,0.003735
5887,0.031957
5888,0.035383
5889,0.088540
5890,0.061889
5891,-0.021650
5892,-0.062601
5893,-0.073944
5894,-0.082041
5895,-0.095475
5896,-0.072447
5897,-0.052957
5898,0.000318
5899,-0.007773
5900,0.021123
5901,0.102808
5902,0.080075
5903,0.068929
5904,0.071988
5905,0.063054
5906,0.032104
5907,-0.019452
5908,-0.041709
5909,-0.071621
5910,-0.017962
5911,0.022074
5912,0.018009
5913,-0.003566
5914,-0.039740
5915,-0.081595
5916,-0.042046
5917,-0.037411
5918,-0.020479
5919,0.044759
5920,0.097475
5921,0.048340
5922,-0.030748
5923,-0.061150
5924,-0.097266
5925,-0.054231
5926,0.006126
5927,0.034317
5928,0.045466
5929,0.057635
5930,0.040030
5931,-0.007773
5932,-0.044933
5933,-0.007555
5934,0.019192
5935,0.046615
5936,0.046628
5937,-0.017304
5938,-0.018556
5939,-0.026824
5940,-0.058097
5941,0.028116
5942,0.047863
5943,0.042246
5944,0.007396
5945,-0.008703
5946,-0.017817
5947,-0.031949
5948,-0.012033
5949,0.008692
5950,-0.012529
5951,-0.044327
5952,-0.025676
5953,-0.027766
5954,-0.008777
5955,0.030901
5956,0.067580
5957,0.070683
5958,0.000697
5959,-0.021027
5960,-0.035702
5961,-0.057636
5962,-0.027148
5963,-0.000771
5964,-0.070303
5965,-0.028336
5966,-0.033389
5967,-0.005144
5968,-0.015336
5969,0.001278
5970,0.007927
5971,-0.012791
5972,-0.032497
5973,0.010701
5974,0.034935
5975,0.058591
5976,0.040580
5977,0.007509
5978,0.000729
5979,-0.054454
5980,-0.071298
5981,-0.025354
5982,-0.021554
5983,-0.048402
5984,0.034237
5985,0.043044
5986,0.024387
5987,0.024502
5988,0.024404
5989,0.039280
5990,0.059703
5991,0.002099
5992,-0.008711
5993,0.018423
5994,-0.025293
5995,-0.061450
5996,-0.050487
5997,-0.047563
5998,-0.043512
5999,-0.027776
6000,0.062496
6001,0.098884
6002,0.026820
6003,-0.017287
6004,-0.029533
6005,-0.012452
6006,0.016276
6007,0.016631
6008,0.016989
6009,-0.009902
6010,-0.028250
6011,-0.009283
6012,0.006642
6013,0.014621
6014,0.027531
6015,-0.001964
6016,-0.017450
6017,-0.076605
6018,-0.069805
6019,-0.032829
6020,0.011323
6021,0.068379
6022,0.043443
6023,0.006565
6024,0.048409
6025,0.049762
6026,0.053711
6027,0.006585
6028,-0.022879
6029,-0.053423
6030,-0.090220
6031,-0.063394
6032,-0.028832
6033,0.018453
6034,0.044760
6035,0.002514
6036,-0.000620
6037,0.000504
6038,0.002008
6039,0.060534
6040,0.068969
6041,-0.008273
6042,-0.036235
6043,-0.060571
6044,-0.040478
6045,0.022163
6046,0.028936
6047,-0.021666
6048,-0.038383
6049,-0.042076
6050,-0.003879
6051,0.027130
6052,0.084827
6053,0.036523
6054,0.005717
6055,0.012349
6056,0.023418
6057,-0.005353
6058,-0.013250
6059,-0.003666
6060,-0.064860
6061,-0.100434
6062,-0.065493
6063,-0.010147
6064,0.050485
6065,0.018380
6066,0.051097
6067,0.038169
6068,-0.016696
6069,0.003633
6070,0.017019
6071,0.007131
6072,0.006157
6073,-0.067111
6074,-0.062344
6075,-0.058925
6076,-0.036438
6077,-0.017858
6078,0.005817
6079,0.031106
6080,0.041094
6081,0.003925
6082,0.001180
6083,0.010821
6084,-0.011790
6085,-0.021787
6086,-0.020744
6087,-0.035426
6088,-0.027327
6089,-0.002805
6090,0.031865
6091,0.055950
6092,0.049105
6093,0.043111
6094,0.042757
6095,0.032587
6096,-0.024360
6097,-0.051951
6098,-0.052234
6099,-0.077050
6100,-0.026992
6101,0.030315
6102,0.049937
6103,0.031049
6104,-0.001968
6105,0.005906
6106,-0.043010
6107,-0.058149
6108,0.017207
6109,0.027444
6110,0.036151
6111,0.050995
6112,-0.007941
6113,-0.045250
6114,-0.029526
6115,0.004820
6116,0.023898
6117,0.015790
6118,-0.003026
6119,-0.014817
6120,0.003946
6121,0.033010
6122,0.053565
6123,0.036489
6124,-0.041378
6125,-0.041660
6126,-0.039401
6127,-0.013692
6128,0.041574
6129,0.041502
6130,0.022091
6131,0.002930
6132,-0.053337
6133,-0.064786
6134,-0.054730
6135,-0.065342
6136,-0.019690
6137,0.034846
6138,0.067657
6139,0.040939
6140,0.038740
6141,-0.004968
6142,-0.038797
6143,-0.004511
6144,0.017913
6145,0.030416
6146,0.013040
6147,0.008270
6148,-0.024325
6149,-0.044561
6150,-0.082598
6151,-0.049394
6152,-0.000483
6153,0.046618
6154,0.026593
6155,0.019349
6156,-0.018456
6157,0.022622
6158,0.079319
6159,0.083551
6160,0.067161
6161,0.001506
6162,-0.085182
6163,-0.153355
6164,-0.128893
6165,-0.069548
6166,0.003663
6167,0.053444
6168,0.094356
6169,0.075464
6170,0.058609
6171,0.004228
6172,-0.011770
6173,-0.046227
6174,-0.004215
6175,0.023299
6176,-0.028649
6177,-0.031376
6178,-0.013888
6179,-0.008381
6180,0.009331
6181,0.018567
6182,0.025408
6183,0.008718
6184,-0.011611
6185,-0.002996
6186,-0.021559
6187,-0.014719
6188,0.004164
6189,0.014972
6190,0.033052
6191,0.013468
6192,0.041080
6193,0.045327
6194,0.004428
6195,-0.017598
6196,-0.018557
6197,-0.062108
6198,-0.093973
6199,-0.056843
6200,-0.005620
6201,0.074434
6202,0.040457
6203,0.047190
6204,0.071692
6205,0.029793
6206,0.018519
6207,-0.022958
6208,-0.027162
6209,-0.045989
6210,-0.070519
6211,-0.057101
6212,-0.066213
6213,-0.045744
6214,-0.023232
6215,-0.016915
6216,0.045082
6217,0.036793
6218,0.028565
6219,0.019764
6220,0.055779
6221,0.045313
6222,0.038677
6223,0.009791
6224,0.011483
6225,0.003622
6226,0.010470
6227,0.001243
6228,-0.008589
6229,-0.044679
6230,-0.046266
6231,0.011865
6232,-0.022212
6233,-0.038929
6234,-0.019630
6235,0.012917
6236,-0.013257
6237,-0.003960
6238,0.011445
6239,0.027711
6240,0.036826
6241,0.001136
6242,0.071568
6243,0.051795
6244,-0.045614
6245,-0.045300
6246,-0.081973
6247,-0.070224
6248,-0.003040
6249,0.083334
6250,0.086911
6251,0.033117
6252,-0.005757
6253,-0.022726
6254,-0.035805
6255,-0.024415
6256,0.012452
6257,-0.029173
6258,0.014378
6259,-0.043906
6260,-0.058665
6261,-0.005977
6262,-0.006171
6263,0.040088
6264,0.075257
6265,0.021996
6266,0.004250
6267,-0.074852
6268,-0.083679
6269,-0.007514
6270,0.026585
6271,0.002116
6272,-0.007904
6273,0.029267
6274,-0.015374
6275,-0.041732
6276,-0.010751
6277,0.016563
6278,0.019724
6279,0.037080
6280,0.018071
6281,-0.029047
6282,0.032248
6283,0.053486
6284,0.086393
6285,0.008222
6286,-0.057314
6287,-0.035613
6288,-0.036836
6289,-0.010793
6290,-0.000606
6291,0.009722
6292,0.006540
6293,0.004658
6294,-0.034398
6295,-0.015135
6296,0.018113
6297,0.019968
6298,0.012104
6299,0.042310
6300,0.014689
6301,0.014097
6302,0.056914
6303,0.010312
6304,-0.067671
6305,-0.096508
6306,-0.088118
6307,0.006106
6308,0.035233
6309,0.043224
6310,0.071953
6311,0.013150
6312,0.002715
6313,-0.032012
6314,-0.042649
6315,-0.061447
6316,-0.043181
6317,0.018463
6318,0.026745
6319,0.040107
6320,0.031636
6321,-0.008142
6322,0.021605
6323,0.011954
6324,-0.037997
6325,-0.021105
6326,-0.032977
6327,-0.004446
6328,-0.009238
6329,-0.045305
6330,-0.018609
6331,-0.017980
6332,0.014994
6333,0.108262
6334,0.118384
6335,0.069349
6336,0.051443
6337,0.019427
6338,-0.047054
6339,-0.078318
6340,-0.099691
6341,-0.100747
6342,-0.050801
6343,-0.003115
6344,0.019200
6345,0.082062
6346,0.034138
6347,0.013362
6348,0.016131
6349,-0.019509
6350,-0.059306
6351,0.024009
6352,0.050475
6353,0.029809
6354,-0.019446
6355,-0.046787
6356,-0.045304
6357,-0.031017
6358,-0.027525
6359,-0.047656
6360,0.035362
6361,0.064781
6362,0.019914
6363,0.022189
6364,0.007979
6365,0.007695
6366,0.020537
6367,0.029776
6368,0.002712
6369,0.024655
6370,-0.019252
6371,-0.011749
6372,-0.013735
6373,-0.044983
6374,-0.064235
6375,-0.038568
6376,-0.025885
6377,-0.013942
6378,0.003982
6379,0.045790
6380,0.088712
6381,0.054050
6382,0.017457
6383,0.009369
6384,-0.034522
6385,-0.068470
6386,-0.011205
6387,0.029227
6388,0.006917
6389,-0.008158
6390,0.042266
6391,0.029101
6392,0.010034
6393,-0.037902
6394,-0.050569
6395,-0.011367
6396,-0.000058
6397,-0.014576
6398,0.021779
6399,-0.021063
6400,-0.037455
6401,-0.013339
6402,0.015664
6403,0.033194
6404,0.024960
6405,0.002266
6406,-0.020398
6407,-0.031360
6408,-0.019785
6409,0.021419
6410,0.025985
6411,0.016881
6412,0.032789
6413,-0.020795
6414,-0.035453
6415,-0.063364
6416,-0.005317
6417,0.069697
6418,0.030494
6419,0.027317
6420,0.013944
6421,-0.055843
6422,-0.041835
6423,-0.005461
6424,-0.003567
6425,0.016275
6426,0.029357
6427,0.020926
6428,0.033666
6429,-0.004577
6430,-0.014391
6431,-0.017094
6432,0.023136
6433,-0.063012
6434,-0.096365
6435,-0.066412
6436,-0.039582
6437,-0.044107
6438,0.035828
6439,0.124261
6440,0.159649
6441,0.095667
6442,-0.004456
6443,-0.016311
6444,-0.047465
6445,-0.082612
6446,-0.067501
6447,-0.063453
6448,-0.032642
6449,0.020235
6450,0.036521
6451,0.033528
6452,-0.030601
6453,-0.032474
6454,0.026361
6455,0.016290
6456,0.014270
6457,-0.004913
6458,-0.024336
6459,0.021557
6460,-0.016542
6461,-0.018624
6462,0.004626
6463,0.013253
6464,0.019308
6465,0.003213
6466,-0.005066
6467,-0.000771
6468,0.002990
6469,0.001139
6470,0.062339
6471,0.080554
6472,0.073340
6473,0.050222
6474,-0.023485
6475,-0.055509
6476,-0.085771
6477,-0.070369
6478,-0.093058
6479,-0.099693
6480,-0.007206
6481,0.035363
6482,0.063446
6483,0.026256
6484,-0.052655
6485,0.000647
6486,0.037591
6487,0.056463
6488,0.042641
6489,0.009293
6490,-0.013571
6491,-0.083441
6492,-0.072109
6493,0.057566
6494,0.099567
6495,0.108659
6496,0.052052
6497,0.005203
6498,-0.058619
6499,-0.099815
6500,-0.082754
6501,-0.071614
6502,-0.060556
6503,0.005272
6504,0.060516
6505,0.042252
6506,0.001996
6507,-0.019499
6508,-0.031664
6509,-0.033071
6510,0.034072
6511,0.006277
6512,-0.001691
6513,-0.015685
6514,322.121948
6515,268.845642
6516,6.135133
6517,1810.538940
6518,1343.658081
6519,16.196615
6520,25.974873
6521,5.559591
6522,-20.520149
6523,-31.430513
6524,-34.301601
6525,-45.160149
6526,-37.486382
6527,-9.179184
6528,-0.842850
6529,14.354148
6530,44.336082
6531,50.288677
6532,39.662422
6533,-1.193446
6534,-38.023991
6535,-44.605824
6536,-26.535952
6537,8.033335
6538,34.712280
6539,27.360058
6540,14.905468
6541,-4.419605
6542,-5.348062
6543,-22.274368
6544,-28.767323
6545,-15.890810
6546,11.728753
6547,15.155414
6548,7.623296
6549,-19.003616
6550,-38.152603
6551,-12.154963
6552,26.025625
6553,36.584248
6554,25.083429
6555,11.416265
6556,-7.351516
6557,-26.280415
6558,-11.686436
6559,12.632825
6560,33.369137
6561,26.824720
6562,5.622949
6563,-33.163570
6564,-21.091011
6565,-6.422092
6566,-17.029459
6567,-44.606098
6568,0.022726
6569,0.043742
6570,0.066548
6571,0.023536
6572,-0.022808
6573,-0.085927
6574,-0.081679
6575,-0.040641
6576,0.026706
6577,0.122016
6578,0.091075
6579,-0.005322
6580,-0.066068
6581,-0.084595
6582,-0.062664
6583,-0.028276
6584,0.023202
6585,0.009173
6586,0.019401
6587,0.013242
6588,0.004001
6589,0.042858
6590,0.019687
6591,0.011186
6592,-0.017498
6593,0.005464
6594,0.019090
6595,0.019282
6596,0.046238
6597,0.041913
6598,0.003370
6599,0.006538
6600,-0.020561
6601,-0.052096
6602,-0.035247
6603,0.020203
6604,0.009913
6605,-0.036933
6606,-0.008281
6607,-0.032325
6608,-0.030586
6609,0.018578
6610,-0.019894
6611,-0.034722
6612,-0.013830
6613,0.011330
6614,0.033477
6615,0.053543
6616,0.048150
6617,0.019004
6618,-0.008910
6619,0.008214
6620,0.002734
6621,-0.042224
6622,-0.081035
6623,-0.097105
6624,-0.045616
6625,0.060551
6626,0.019887
6627,0.027494
6628,0.030015
6629,0.037353
6630,0.027158
6631,-0.011419
6632,0.030357
6633,0.032107
6634,-0.035225
6635,-0.073612
6636,-0.065496
6637,-0.002582
6638,0.020285
6639,-0.002823
6640,-0.007631
6641,-0.010551
6642,0.016292
6643,0.000494
6644,0.012318
6645,0.036893
6646,0.046700
6647,0.030943
6648,0.034684
6649,-0.024363
6650,-0.029209
6651,0.003320
6652,0.002980
6653,0.011622
6654,0.013421
6655,-0.020509
6656,-0.019960
6657,-0.025834
6658,-0.014605
6659,0.009975
6660,0.041825
6661,-0.020408
6662,0.030790
6663,0.041875
6664,0.016988
6665,0.034321
6666,-0.000794
6667,-0.029405
6668,-0.070632
6669,-0.108233
6670,-0.076189
6671,-0.010228
6672,-0.013614
6673,-0.028359
6674,0.045809
6675,0.105603
6676,0.097952
6677,0.036935
6678,-0.058415
6679,-0.039770
6680,-0.015699
6681,-0.001428
6682,0.029408
6683,0.027023
6684,0.025925
6685,-0.002239
6686,-0.050580
6687,-0.067194
6688,-0.035732
6689,0.029742
6690,0.076195
6691,0.057705
6692,0.014275
6693,-0.011332
6694,-0.014601
6695,0.010332
6696,0.004723
6697,-0.044241
6698,-0.023254
6699,-0.046391
6700,-0.074983
6701,0.022395
6702,0.108122
6703,0.125897
6704,0.034490
6705,-0.024094
6706,-0.042246
6707,-0.091050
6708,-0.090083
6709,-0.091426
6710,-0.052372
6711,0.020280
6712,0.062219
6713,0.060784
6714,0.041647
6715,0.057651
6716,0.058639
6717,0.071130
6718,-0.008728
6719,-0.033986
6720,-0.059907
6721,-0.068638
6722,-0.029943
6723,0.018328
6724,0.028890
6725,0.007440
6726,-0.027700
6727,-0.052831
6728,-0.013621
6729,0.040707
6730,0.023461
6731,0.048776
6732,0.007076
6733,-0.022595
6734,-0.020032
6735,-0.011325
6736,-0.028087
6737,-0.012431
6738,0.010482
6739,-0.002481
6740,-0.002124
6741,0.015852
6742,-0.023564
6743,-0.026794
6744,-0.024317
6745,-0.048322
6746,0.007654
6747,0.059079
6748,0.073489
6749,0.050277
6750,0.035148
6751,-0.030522
6752,-0.039401
6753,-0.014547
6754,-0.000498
6755,0.029456
6756,0.021027
6757,-0.018373
6758,-0.010053
6759,-0.060656
6760,-0.043016
6761,-0.035433
6762,-0.038921
6763,0.030085
6764,0.033375
6765,-0.024763
6766,-0.007231
6767,-0.029633
6768,-0.004783
6769,0.033202
6770,0.038504
6771,0.018027
6772,-0.049970
6773,-0.045762
6774,-0.004446
6775,0.044214
6776,0.031763
6777,0.030620
6778,0.021069
6779,0.048582
6780,0.068712
6781,0.034246
6782,-0.049368
6783,-0.066613
6784,-0.058578
6785,-0.036311
6786,0.007589
6787,0.018675
6788,0.044326
6789,0.037426
6790,0.012914
6791,-0.051250
6792,-0.050349
6793,-0.022095
6794,-0.003941
6795,-0.008129
6796,0.007167
6797,0.024604
6798,0.006711
6799,0.007403
6800,0.039524
6801,0.016224
6802,0.005699
6803,-0.005960
6804,-0.011048
6805,-0.007809
6806,-0.033226
6807,-0.014585
6808,-0.000545
6809,-0.018357
6810,0.002619
6811,-0.002505
6812,-0.007777
6813,-0.005700
6814,-0.017843
6815,-0.014945
6816,-0.006893
6817,-0.023219
6818,0.025434
6819,0.035363
6820,0.005351
6821,0.008528
6822,0.047567
6823,0.085783
6824,0.008968
6825,-0.000667
6826,-0.061130
6827,-0.139633
6828,-0.136024
6829,0.004994
6830,0.070450
6831,0.074022
6832,0.083454
6833,0.083322
6834,0.060186
6835,0.034733
6836,-0.044470
6837,-0.070943
6838,-0.069595
6839,-0.086019
6840,-0.081298
6841,-0.058397
6842,-0.002808
6843,0.068562
6844,0.081187
6845,0.081173
6846,0.080802
6847,0.063429
6848,0.008472
6849,-0.037083
6850,-0.075498
6851,-0.081452
6852,-0.052557
6853,-0.006805
6854,0.040402
6855,0.024779
6856,-0.006760
6857,-0.009673
6858,-0.056770
6859,-0.060228
6860,0.018286
6861,0.070904
6862,0.074445
6863,0.052569
6864,0.022508
6865,-0.029448
6866,-0.066945
6867,-0.067375
6868,-0.019134
6869,-0.001928
6870,0.019435
6871,0.001289
6872,-0.008528
6873,-0.046471
6874,-0.011848
6875,0.057956
6876,0.070530
6877,0.075427
6878,0.029746
6879,0.007971
6880,-0.017843
6881,-0.020722
6882,-0.041243
6883,-0.059976
6884,-0.017760
6885,0.032091
6886,-0.003641
6887,0.013336
6888,0.068234
6889,0.046240
6890,-0.038588
6891,-0.021560
6892,-0.003248
6893,0.005486
6894,0.032513
6895,0.030389
6896,-0.003340
6897,-0.055104
6898,-0.104114
6899,-0.130195
6900,-0.093877
6901,-0.066745
6902,-0.008264
6903,0.049512
6904,0.041741
6905,0.036969
6906,0.111859
6907,0.116079
6908,0.099356
6909,0.041539
6910,-0.013743
6911,-0.042106
6912,-0.073899
6913,-0.066021
6914,-0.018621
6915,0.011710
6916,0.042066
6917,0.021486
6918,0.017733
6919,-0.005795
6920,-0.020219
6921,-0.036288
6922,-0.020288
6923,-0.016712
6924,0.001066
6925,0.011554
6926,0.004985
6927,0.000207
6928,0.036166
6929,0.016316
6930,0.011682
6931,0.008160
6932,-0.003791
6933,-0.031185
6934,-0.024211
6935,0.002593
6936,-0.026648
6937,0.017170
6938,0.030574
6939,0.035775
6940,-0.027237
6941,-0.030707
6942,-0.050770
6943,-0.081418
6944,-0.050751
6945,0.004037
6946,0.034094
6947,0.035060
6948,0.094738
6949,0.120073
6950,0.036302
6951,-0.001288
6952,-0.006958
6953,0.001555
6954,-0.001644
6955,-0.013930
6956,-0.011688
6957,-0.039029
6958,-0.081645
6959,-0.077777
6960,-0.069306
6961,-0.033231
6962,0.009227
6963,0.044786
6964,0.058037
6965,0.022983
6966,0.008177
6967,0.012292
6968,-0.007821
6969,0.017330
6970,0.069716
6971,0.062448
6972,-0.005493
6973,-0.062786
6974,-0.076976
6975,-0.070351
6976,-0.018374
6977,-0.022040
6978,0.032703
6979,0.048007
6980,0.022112
6981,0.043174
6982,-0.007297
6983,-0.053623
6984,-0.037679
6985,-0.033076
6986,-0.049625
6987,0.013339
6988,0.035347
6989,0.099226
6990,0.076389
6991,0.036588
6992,0.037234
6993,0.027574
6994,-0.021687
6995,-0.068337
6996,-0.026449
6997,-0.056964
6998,-0.109077
6999,-0.058279
7000,-0.009313
7001,-0.010268
7002,0.046196
7003,0.082641
7004,0.065813
7005,0.037341
7006,0.015892
7007,-0.038054
7008,-0.063020
7009,-0.058961
7010,-0.029388
7011,0.039431
7012,0.071944
7013,0.072536
7014,0.035432
7015,-0.017993
7016,-0.044409
7017,-0.124764
7018,-0.117123
7019,-0.075655
7020,-0.023958
7021,0.063200
7022,0.104422
7023,0.097865
7024,0.032255
7025,-0.009113
7026,-0.014273
7027,-0.028228
7028,0.002400
7029,0.003030
7030,0.025518
7031,0.007178
7032,0.002613
7033,-0.012458
7034,-0.046547
7035,-0.049946
7036,-0.073270
7037,-0.006137
7038,0.082839
7039,0.050110
7040,0.045350
7041,0.035338
7042,-0.003723
7043,-0.012597
7044,-0.012838
7045,-0.047423
7046,-0.008683
7047,0.002160
7048,0.011388
7049,0.040815
7050,0.010800
7051,-0.013178
7052,0.023525
7053,-0.007906
7054,-0.071271
7055,-0.122776
7056,-0.054562
7057,0.025988
7058,0.040005
7059,0.050568
7060,0.042775
7061,0.012375
7062,-0.034712
7063,-0.057846
7064,-0.055987
7065,0.034214
7066,0.069179
7067,0.074820
7068,0.063600
7069,0.008599
7070,-0.030871
7071,-0.022192
7072,-0.053473
7073,-0.066212
7074,-0.039731
7075,-0.014841
7076,0.053094
7077,0.044653
7078,0.011925
7079,-0.030851
7080,-0.050231
7081,0.007100
7082,0.038420
7083,0.033646
7084,0.060046
7085,0.086758
7086,0.059596
7087,0.009271
7088,-0.050705
7089,-0.092981
7090,-0.082000
7091,-0.017588
7092,-0.053946
7093,-0.059729
7094,-0.029921
7095,0.041650
7096,0.039801
7097,0.008561
7098,0.074191
7099,0.097217
7100,0.022776
7101,-0.060334
7102,-0.055464
7103,0.023145
7104,0.031724
7105,0.037378
7106,0.021520
7107,0.039004
7108,0.032758
7109,0.009030
7110,-0.043642
7111,-0.118004
7112,-0.106877
7113,-0.083416
7114,-0.053282
7115,-0.000029
7116,0.059213
7117,0.100249
7118,0.050473
7119,0.002851
7120,-0.020913
7121,-0.004597
7122,0.077909
7123,0.077625
7124,0.017922
7125,0.040574
7126,0.012757
7127,-0.050091
7128,-0.104411
7129,-0.092433
7130,-0.017236
7131,0.039417
7132,0.039127
7133,0.021808
7134,-0.046784
7135,-0.032703
7136,-0.038591
7137,-0.025548
7138,0.042548
7139,0.073782
7140,0.045981
7141,-0.001828
7142,-0.012773
7143,-0.024098
7144,-0.033782
7145,0.001107
7146,0.001385
7147,0.009112
7148,0.019818
7149,-0.013456
7150,0.009268
7151,0.003484
7152,-0.045047
7153,-0.031880
7154,-0.004412
7155,-0.030149
7156,-0.058503
7157,-0.043628
7158,0.032940
7159,0.054120
7160,0.025108
7161,0.023978
7162,0.061552
7163,0.076330
7164,0.030896
7165,0.007120
7166,-0.020846
7167,-0.046916
7168,-0.067932
7169,-0.027680
7170,-0.000287
7171,0.007809
7172,0.017943
7173,-0.011528
7174,-0.029977
7175,-0.053976
7176,-0.059736
7177,0.022009
7178,0.048739
7179,0.047764
7180,0.045895
7181,0.010777
7182,-0.014534
7183,-0.005700
7184,0.012826
7185,0.000435
7186,-0.007727
7187,0.022147
7188,0.057682
7189,0.008235
7190,-0.053400
7191,-0.017513
7192,0.015569
7193,0.035779
7194,0.027279
7195,-0.026735
7196,-0.062726
7197,-0.101314
7198,-0.115338
7199,-0.051744
7200,-0.008952
7201,0.105533
7202,0.103483
7203,0.084712
7204,0.101216
7205,0.057168
7206,0.013617
7207,-0.015727
7208,-0.058588
7209,-0.075379
7210,-0.060159
7211,-0.031867
7212,-0.018400
7213,0.016311
7214,0.012735
7215,0.006270
7216,0.008142
7217,-0.027548
7218,-0.021375
7219,-0.034899
7220,-0.037924
7221,0.002466
7222,-0.026623
7223,0.039995
7224,0.068187
7225,0.028931
7226,0.003234
7227,-0.036081
7228,-0.046915
7229,-0.013578
7230,0.003164
7231,0.036648
7232,0.035859
7233,0.023540
7234,0.026860
7235,0.027171
7236,0.018027
7237,-0.018095
7238,-0.043719
7239,-0.034192
7240,0.017283
7241,0.034201
7242,0.007512
7243,-0.009865
7244,0.016323
7245,0.073433
7246,0.063298
7247,-0.008860
7248,-0.052008
7249,-0.042983
7250,-0.019778
7251,-0.034914
7252,-0.032498
7253,-0.019511
7254,-0.046231
7255,-0.031035
7256,0.025350
7257,0.033728
7258,0.037652
7259,0.067206
7260,0.025052
7261,-0.013187
7262,-0.028041
7263,-0.024058
7264,-0.082018
7265,-0.121232
7266,-0.008603
7267,0.091501
7268,0.078599
7269,0.037826
7270,-0.000188
7271,-0.056514
7272,-0.051585
7273,-0.032769
7274,-0.009426
7275,0.026809
7276,0.030187
7277,0.058575
7278,0.017964
7279,0.035183
7280,0.061564
7281,0.086441
7282,0.034126
7283,-0.019297
7284,-0.051157
7285,-0.072096
7286,-0.098429
7287,-0.084750
7288,-0.037808
7289,0.017540
7290,0.022928
7291,-0.026906
7292,-0.000934
7293,0.031219
7294,0.045510
7295,0.101648
7296,0.067620
7297,0.019033
7298,-0.014403
7299,-0.069965
7300,-0.050777
7301,-0.045276
7302,-0.039901
7303,0.038863
7304,0.025537
7305,-0.016298
7306,-0.018729
7307,-0.034278
7308,0.004316
7309,0.003265
7310,-0.013210
7311,-0.023163
7312,-0.059095
7313,-0.018304
7314,0.080992
7315,0.080665
7316,0.013266
7317,-0.020436
7318,0.008361
7319,0.029968
7320,0.016093
7321,0.006381
7322,-0.000883
7323,-0.012470
7324,-0.013532
7325,-0.002699
7326,-0.024494
7327,-0.048358
7328,-0.021103
7329,0.008203
7330,-0.006815
7331,0.031012
7332,0.020853
7333,-0.035465
7334,-0.020454
7335,0.004530
7336,-0.021600
7337,-0.013250
7338,0.039309
7339,0.019188
7340,-0.012942
7341,-0.019466
7342,-0.013860
7343,-0.018971
7344,0.030182
7345,0.051281
7346,0.055055
7347,0.040969
7348,-0.027735
7349,-0.013659
7350,-0.010484
7351,0.004255
7352,-0.004448
7353,-0.051313
7354,-0.064181
7355,-0.095020
7356,-0.087321
7357,-0.001756
7358,0.066965
7359,0.021226
7360,0.045960
7361,0.068376
7362,0.018841
7363,0.026990
7364,0.039860
7365,0.021786
7366,0.031653
7367,0.008690
7368,-0.021003
7369,-0.030947
7370,-0.039325
7371,-0.036199
7372,-0.035763
7373,-0.066044
7374,-0.030557
7375,0.045723
7376,0.070837
7377,0.083026
7378,0.087570
7379,0.041300
7380,0.051845
7381,0.012836
7382,-0.037753
7383,-0.013960
7384,-0.045157
7385,-0.042762
7386,-0.091142
7387,-0.114610
7388,-0.107038
7389,-0.034328
7390,0.011044
7391,0.098490
7392,0.080330
7393,0.102456
7394,0.058278
7395,-0.020581
7396,-0.011693
7397,0.011080
7398,-0.018033
7399,-0.009755
7400,-0.015533
7401,0.013135
7402,0.019561
7403,-0.030627
7404,-0.010723
7405,0.032280
7406,-0.032174
7407,-0.045857
7408,-0.038025
7409,0.015970
7410,0.050056
7411,0.029957
7412,0.018281
7413,-0.005803
7414,-0.083154
7415,-0.114315
7416,-0.106548
7417,-0.051071
7418,-0.016643
7419,0.059845
7420,0.088413
7421,0.133565
7422,0.140511
7423,0.087964
7424,0.070530
7425,0.052809
7426,0.006278
7427,-0.053170
7428,-0.086427
7429,-0.095738
7430,-0.060658
7431,-0.037425
7432,-0.013335
7433,-0.001932
7434,-0.015165
7435,0.046407
7436,0.032400
7437,0.023514
7438,0.069903
7439,0.028054
7440,-0.060483
7441,-0.096379
7442,-0.078068
7443,-0.081620
7444,-0.048838
7445,-0.020444
7446,0.052058
7447,0.106762
7448,0.091349
7449,0.061817
7450,0.009420
7451,-0.023164
7452,-0.013720
7453,-0.034473
7454,-0.034495
7455,-0.027607
7456,-0.011688
7457,-0.026648
7458,0.004452
7459,0.054202
7460,0.017217
7461,-0.010918
7462,0.018464
7463,0.050924
7464,0.006750
7465,0.001070
7466,-0.008590
7467,-0.036943
7468,-0.066731
7469,-0.082575
7470,-0.078254
7471,0.000802
7472,0.051270
7473,0.097986
7474,0.114417
7475,0.060277
7476,-0.019068
7477,-0.037213
7478,-0.059301
7479,-0.050366
7480,0.028289
7481,0.046540
7482,0.052604
7483,0.042923
7484,0.009848
7485,-0.002302
7486,-0.065820
7487,-0.050893
7488,-0.046044
7489,-0.060310
7490,-0.040016
7491,0.002412
7492,0.014007
7493,0.027116
7494,-0.009238
7495,-0.011997
7496,0.022273
7497,0.028722
7498,0.028237
7499,0.003279
7500,-0.004955
7501,0.016243
7502,0.049994
7503,0.043248
7504,0.041047
7505,-0.027389
7506,-0.043965
7507,-0.056775
7508,-0.018439
7509,0.034433
7510,0.042810
7511,0.047272
7512,-0.060115
7513,-0.072850
7514,-0.032674
7515,-0.061328
7516,-0.030707
7517,-0.011446
7518,0.006605
7519,0.056118
7520,0.049758
7521,0.039149
7522,0.024695
7523,0.025397
7524,0.045846
7525,0.023594
7526,-0.003829
7527,-0.005324
7528,-0.018392
7529,-0.040435
7530,-0.032061
7531,-0.061713
7532,-0.065426
7533,-0.075106
7534,-0.032505
7535,-0.003054
7536,0.019074
7537,0.041149
7538,0.084870
7539,0.110595
7540,0.073036
7541,0.052237
7542,0.006613
7543,-0.066913
7544,-0.072061
7545,-0.041440
7546,-0.060841
7547,-0.066456
7548,-0.012432
7549,0.046837
7550,0.078666
7551,0.069543
7552,0.023607
7553,-0.027518
7554,-0.026565
7555,-0.008937
7556,-0.036372
7557,-0.013115
7558,-0.021924
7559,-0.043047
7560,-0.011805
7561,0.058660
7562,0.042482
7563,0.053224
7564,0.059287
7565,-0.000951
7566,0.001048
7567,-0.040869
7568,-0.125420
7569,-0.113291
7570,-0.043493
7571,0.017964
7572,0.117252
7573,0.129172
7574,0.074804
7575,0.049319
7576,-0.043589
7577,-0.090807
7578,-0.069424
7579,-0.037403
7580,-0.015456
7581,-0.021458
7582,-0.031055
7583,-0.022200
7584,-0.020296
7585,-0.005607
7586,0.029371
7587,0.035460
7588,0.031940
7589,0.007958
7590,0.007196
7591,0.010513
7592,0.006413
7593,0.044431
7594,0.050637
7595,0.052130
7596,0.021657
7597,0.020229
7598,0.022548
7599,0.026083
7600,-0.007511
7601,-0.040031
7602,-0.040662
7603,-0.032390
7604,-0.048713
7605,-0.025748
7606,-0.014884
7607,-0.001918
7608,-0.000418
7609,0.021160
7610,0.000778
7611,-0.022707
7612,-0.026747
7613,-0.038547
7614,0.021111
7615,0.075012
7616,0.089917
7617,0.051979
7618,0.007408
7619,-0.019059
7620,-0.038262
7621,-0.076344
7622,-0.035177
7623,-0.019003
7624,-0.033771
7625,0.048508
7626,0.084596
7627,0.035561
7628,-0.038613
7629,-0.092003
7630,-0.044717
7631,-0.022105
7632,-0.056008
7633,0.018693
7634,0.045008
7635,0.015974
7636,0.000965
7637,0.001551
7638,0.045067
7639,0.028999
7640,0.039590
7641,0.028194
7642,-0.019195
7643,-0.029977
7644,-0.005882
7645,-0.011936
7646,-0.063557
7647,-0.076382
7648,-0.032553
7649,-0.022705
7650,-0.002674
7651,0.022265
7652,0.068115
7653,0.029252
7654,0.025641
7655,0.103823
7656,0.053151
7657,-0.030446
7658,-0.069628
7659,-0.083631
7660,0.000381
7661,0.026524
7662,0.021638
7663,0.052240
7664,0.009946
7665,-0.025793
7666,0.013490
7667,-0.005588
7668,-0.039514
7669,-0.028533
7670,-0.007859
7671,-0.028153
7672,-0.032084
7673,-0.019510
7674,-0.031802
7675,-0.018325
7676,0.008495
7677,0.007478
7678,0.002477
7679,0.050998
7680,0.084567
7681,0.090945
7682,0.063907
7683,-0.000711
7684,-0.013766
7685,-0.068000
7686,-0.058077
7687,0.031001
7688,-0.020670
7689,-0.080292
7690,-0.073956
7691,-0.073291
7692,-0.069164
7693,0.024680
7694,0.073520
7695,0.068820
7696,0.080946
7697,0.043358
7698,-0.019600
7699,0.018230
7700,-0.006920
7701,0.014367
7702,0.054774
7703,0.055365
7704,0.019912
7705,-0.034415
7706,-0.069532
7707,-0.052699
7708,0.009124
7709,0.032339
7710,0.011454
7711,-0.003799
7712,-0.040586
7713,-0.039434
7714,-0.019738
7715,-0.010150
7716,0.006094
7717,0.010149
7718,-0.043940
7719,-0.051318
7720,-0.052097
7721,-0.047589
7722,0.041015
7723,0.026435
7724,0.030218
7725,0.088338
7726,0.004255
7727,0.023022
7728,0.007673
7729,-0.044508
7730,-0.031625
7731,-0.031597
7732,0.017574
7733,0.065615
7734,0.028009
7735,-0.045203
7736,-0.052668
7737,-0.047662
7738,-0.022604
7739,0.030088
7740,0.094204
7741,0.095069
7742,0.041271
7743,0.002345
7744,-0.035399
7745,-0.048230
7746,-0.018876
7747,0.020149
7748,0.022131
7749,-0.048924
7750,-0.051573
7751,-0.026515
7752,0.004482
7753,-0.035174
7754,-0.051285
7755,-0.033263
7756,0.028594
7757,0.091711
7758,0.080914
7759,0.058908
7760,0.030640
7761,-0.020784
7762,-0.051274
7763,-0.054495
7764,-0.072290
7765,-0.035874
7766,0.010800
7767,0.064990
7768,0.074969
7769,0.064577
7770,0.037925
7771,-0.039130
7772,-0.047168
7773,-0.089004
7774,-0.054147
7775,-0.017848
7776,-0.035017
7777,-0.008511
7778,0.001722
7779,-0.009040
7780,-0.016144
7781,-0.014569
7782,0.041943
7783,0.041953
7784,0.075835
7785,0.072911
7786,0.013784
7787,0.003117
7788,0.009872
7789,-0.030287
7790,-0.095468
7791,-0.074528
7792,-0.008503
7793,0.059621
7794,0.070629
7795,0.007035
7796,0.013765
7797,-0.011447
7798,-0.042334
7799,-0.055673
7800,-0.066122
7801,0.012126
7802,0.019671
7803,0.021936
7804,0.026459
7805,0.032056
7806,-0.029070
7807,-0.054379
7808,-0.036087
7809,-0.000277
7810,0.026681
7811,0.073256
7812,0.068224
7813,0.024046
7814,-0.004824
7815,-0.007260
7816,-0.018227
7817,-0.030301
7818,-0.002165
7819,0.004860
7820,-0.058664
7821,-0.086719
7822,-0.022500
7823,0.029281
7824,0.064190
7825,0.061659
7826,0.048215
7827,0.040809
7828,-0.014138
7829,-0.024898
7830,-0.025771
7831,-0.038039
7832,-0.066280
7833,-0.071367
7834,-0.007695
7835,0.046691
7836,-0.000891
7837,0.041111
7838,0.031361
7839,0.014233
7840,0.021763
7841,-0.010197
7842,-0.007895
7843,-0.003760
7844,-0.004974
7845,-0.065528
7846,-0.025517
7847,0.039523
7848,0.021461
7849,-0.025197
7850,-0.055276
7851,0.018906
7852,0.008340
7853,-0.036712
7854,0.005192
7855,0.055110
7856,0.078646
7857,0.097965
7858,0.038965
7859,-0.031668
7860,-0.065291
7861,-0.077115
7862,-0.051907
7863,0.003555
7864,0.049686
7865,0.013436
7866,0.006487
7867,-0.009132
7868,-0.064886
7869,-0.007855
7870,0.041923
7871,0.018060
7872,-0.027497
7873,-0.017298
7874,-0.038668
7875,-0.047555
7876,-0.029018
7877,-0.019178
7878,0.037993
7879,0.104747
7880,0.089839
7881,0.062865
7882,0.044644
7883,0.000866
7884,0.009247
7885,0.004487
7886,-0.050289
7887,-0.101544
7888,-0.076151
7889,-0.059765
7890,-0.030087
7891,-0.003042
7892,0.012250
7893,0.036453
7894,0.060718
7895,0.130205
7896,0.083970
7897,0.015557
7898,-0.013650
7899,-0.073429
7900,-0.092214
7901,-0.085798
7902,-0.052186
7903,0.004886
7904,0.007015
7905,-0.019914
7906,-0.001144
7907,0.012683
7908,-0.010832
7909,-0.026648
7910,-0.027076
7911,0.009635
7912,0.056143
7913,0.066555
7914,0.032623
7915,0.005520
7916,-0.003086
7917,-0.014380
7918,-0.013607
7919,0.036504
7920,0.032487
7921,0.014921
7922,-0.038451
7923,-0.029755
7924,-0.019996
7925,-0.011491
7926,-0.036635
7927,-0.037881
7928,0.008970
7929,-0.009289
7930,-0.015600
7931,-0.011664
7932,0.039716
7933,0.117371
7934,0.061114
7935,0.014911
7936,0.023544
7937,-0.020870
7938,-0.056099
7939,-0.025977
7940,-0.015944
7941,-0.009769
7942,-0.014721
7943,-0.023694
7944,-0.012537
7945,0.010159
7946,0.011189
7947,0.000771
7948,-0.001635
7949,-0.054638
7950,-0.071951
7951,-0.043648
7952,-0.052862
7953,-0.031334
7954,0.014640
7955,0.010366
7956,0.004322
7957,0.066907
7958,0.108203
7959,0.140168
7960,0.106714
7961,0.014758
7962,-0.029448
7963,-0.103652
7964,-0.130233
7965,-0.063986
7966,-0.032694
7967,0.025081
7968,0.071146
7969,0.115454
7970,0.099490
7971,0.037642
7972,0.013248
7973,-0.049082
7974,-0.032623
7975,-0.067430
7976,-0.082453
7977,-0.023092
7978,-0.030910
7979,-0.083151
7980,-0.037018
7981,-0.054486
7982,-0.013729
7983,0.055077
7984,0.103055
7985,0.114919
7986,0.081675
7987,0.020039
7988,-0.025447
7989,-0.020212
7990,-0.021809
7991,-0.016281
7992,0.016455
7993,-0.071479
7994,-0.046384
7995,0.039276
7996,0.055910
7997,0.036867
7998,0.043931
7999,-0.052659
8000,-0.088870
8001,-0.080258
8002,-0.052212
8003,0.013176
8004,0.033021
8005,0.070816
8006,0.030506
8007,-0.011293
8008,-0.025813
8009,-0.020944
8010,-0.011689
8011,-0.021922
8012,0.043401
8013,0.045809
8014,-0.006089
8015,-0.052989
8016,-0.038967
8017,-0.046612
8018,-0.040649
8019,-0.014559
8020,0.070067
8021,0.116291
8022,0.066596
8023,0.021418
8024,-0.006168
8025,-0.028585
8026,-0.050860
8027,-0.041333
8028,-0.045570
8029,-0.033273
8030,0.008006
8031,0.034649
8032,0.013997
8033,0.026588
8034,0.015227
8035,-0.012410
8036,0.004641
8037,0.018582
8038,0.033282
8039,0.032163
8040,0.022201
8041,0.054065
8042,-0.008884
8043,-0.062407
8044,-0.070981
8045,-0.059127
8046,-0.054637
8047,-0.023422
8048,0.022410
8049,0.004172
8050,0.021533
8051,0.107591
8052,0.099416
8053,0.010214
8054,-0.042859
8055,-0.027431
8056,-0.071894
8057,-0.034998
8058,0.020979
8059,0.063448
8060,-0.000979
8061,-0.011424
8062,0.022158
8063,0.031513
8064,0.013988
8065,-0.015709
8066,-0.027591
8067,-0.021121
8068,-0.025923
8069,0.008281
8070,0.014572
8071,0.005289
8072,0.017384
8073,0.009766
8074,0.021539
8075,-0.033897
8076,-0.079332
8077,-0.039052
8078,-0.025133
8079,-0.052390
8080,0.048496
8081,0.047117
8082,0.017300
8083,-0.006361
8084,0.017780
8085,0.034783
8086,0.083587
8087,0.070530
8088,-0.004457
8089,-0.099060
8090,-0.149065
8091,-0.117058
8092,-0.044295
8093,0.017779
8094,0.065466
8095,0.040872
8096,0.030420
8097,0.025006
8098,0.028433
8099,0.017597
8100,0.007530
8101,0.012136
8102,-0.035673
8103,-0.024548
8104,-0.017005
8105,0.023895
8106,0.054240
8107,0.049050
8108,0.046774
8109,0.052423
8110,-0.036637
8111,-0.061611
8112,-0.066503
8113,-0.075855
8114,-0.010320
8115,0.024926
8116,0.067560
8117,0.043056
8118,-0.052781
8119,-0.104919
8120,-0.086568
8121,-0.050824
8122,0.026998
8123,0.017725
8124,0.028992
8125,0.031926
8126,0.023171
8127,0.014871
8128,-0.012305
8129,-0.037210
8130,-0.000266
8131,0.067019
8132,0.025633
8133,-0.024644
8134,0.001701
8135,0.004478
8136,0.014655
8137,0.020412
8138,-0.043791
8139,-0.036435
8140,-0.026680
8141,-0.015683
8142,-0.005701
8143,0.035046
8144,0.039880
8145,0.042897
8146,0.023248
8147,-0.013913
8148,-0.034041
8149,-0.062259
8150,-0.044758
8151,-0.017979
8152,0.008954
8153,0.008276
8154,-0.008579
8155,0.005851
8156,-0.001823
8157,0.062490
8158,0.099684
8159,0.026106
8160,0.038567
8161,-0.006708
8162,-0.024328
8163,0.001268
8164,-0.018144
8165,-0.032783
8166,-0.007689
8167,-0.013757
8168,-0.018255
8169,-0.023517
8170,0.004266
8171,0.035681
8172,-0.015786
8173,-0.022491
8174,-0.040855
8175,-0.039745
8176,-0.030051
8177,0.001489
8178,-0.014372
8179,-0.022975
8180,-0.031549
8181,-0.050203
8182,0.000163
8183,0.019425
8184,0.004902
8185,0.037177
8186,0.022985
8187,0.032031
8188,0.095410
8189,0.048539
8190,-0.005217
8191,0.013988
8192,0.021871
8193,-0.015320
8194,-0.057086
8195,-0.069462
8196,-0.032856
8197,-0.014332
8198,0.010232
8199,0.058555
8200,0.025856
8201,0.033532
8202,0.058714
8203,-0.016159
8204,-0.027725
8205,0.004065
8206,-0.002316
8207,-0.023836
8208,-0.082484
8209,-0.031857
8210,-0.024548
8211,-0.016195
8212,0.023996
8213,0.002194
8214,0.021857
8215,0.056960
8216,0.037677
8217,-0.017459
8218,-0.029141
8219,-0.019465
8220,0.022463
8221,0.010431
8222,-0.032634
8223,-0.010364
8224,0.005181
8225,-0.034229
8226,-0.059268
8227,-0.044157
8228,-0.026996
8229,-0.033168
8230,0.015580
8231,0.062250
8232,0.049141
8233,0.071717
8234,0.037149
8235,0.008134
8236,-0.003840
8237,0.027596
8238,0.010162
8239,-0.037544
8240,-0.001158
8241,-0.023357
8242,-0.055631
8243,-0.042865
8244,0.022789
8245,0.017406
8246,0.027102
8247,0.035428
8248,0.070263
8249,0.032076
8250,-0.014279
8251,-0.039969
8252,-0.040120
8253,-0.011475
8254,-0.000719
8255,-0.004598
8256,-0.008435
8257,-0.022817
8258,-0.004609
8259,-0.018294
8260,-0.048765
8261,-0.067587
8262,-0.033662
8263,0.002268
8264,0.009766
8265,0.053301
8266,0.058306
8267,0.047165
8268,0.023825
8269,-0.005794
8270,-0.014966
8271,0.005530
8272,0.017693
8273,0.029792
8274,0.044929
8275,0.005704
8276,-0.042720
8277,-0.021843
8278,-0.032701
8279,-0.029155
8280,-0.046053
8281,-0.039381
8282,-0.015295
8283,-0.007750
8284,-0.009567
8285,0.040743
8286,0.094316
8287,0.068876
8288,0.059017
8289,0.036141
8290,-0.075403
8291,-0.035148
8292,0.006120
8293,-0.011245
8294,0.013012
8295,0.012705
8296,-0.001578
8297,-0.017316
8298,-0.056875
8299,-0.018539
8300,-0.021692
8301,-0.044462
8302,-0.011235
8303,-0.030529
8304,0.000176
8305,0.025771
8306,0.044872
8307,0.075420
8308,0.041883
8309,-0.001351
8310,0.009134
8311,-0.011506
8312,-0.053153
8313,-0.089192
8314,-0.116256
8315,-0.073842
8316,-0.021712
8317,0.019371
8318,0.076988
8319,0.074356
8320,0.082946
8321,0.058023
8322,0.049370
8323,0.013679
8324,-0.062981
8325,-0.043510
8326,-0.078724
8327,-0.009897
8328,0.058542
8329,0.005195
8330,0.036059
8331,0.036807
8332,0.013312
8333,0.018477
8334,0.017806
8335,-0.038323
8336,-0.062929
8337,-0.034197
8338,-0.022472
8339,-0.011080
8340,-0.035343
8341,-0.012735
8342,0.021963
8343,0.052505
8344,0.047409
8345,0.060561
8346,0.026904
8347,-0.042004
8348,-0.002163
8349,0.006750
8350,-0.037849
8351,-0.031062
8352,-0.025106
8353,0.019996
8354,0.045892
8355,-0.014329
8356,-0.057012
8357,-0.055530
8358,-0.054988
8359,-0.009251
8360,0.024621
8361,0.049052
8362,0.082784
8363,0.106912
8364,0.051524
8365,-0.037803
8366,-0.082987
8367,-0.072657
8368,-0.013997
8369,-0.046717
8370,0.002841
8371,-0.005173
8372,0.024445
8373,0.082058
8374,0.060835
8375,0.025559
8376,-0.021674
8377,-0.040273
8378,-0.074063
8379,-0.107957
8380,-0.086745
8381,-0.056485
8382,-0.017042
8383,0.058975
8384,0.054028
8385,0.062396
8386,0.077092
8387,0.060571
8388,0.016381
8389,-0.007307
8390,-0.024928
8391,-0.027764
8392,-0.046811
8393,-0.075576
8394,-0.088249
8395,-0.022647
8396,0.011718
8397,0.066466
8398,0.094524
8399,0.017524
8400,0.027448
8401,0.033451
8402,0.015418
8403,-0.026346
8404,-0.032006
8405,-0.007544
8406,-0.003883
8407,0.046890
8408,0.037603
8409,-0.009638
8410,0.007762
8411,-0.014488
8412,-0.046359
8413,-0.031202
8414,-0.025250
8415,-0.046365
8416,-0.025993
8417,0.007832
8418,0.051858
8419,0.026070
8420,0.042727
8421,0.029135
8422,0.026163
8423,0.039363
8424,-0.006469
8425,-0.067968
8426,-0.063762
8427,-0.031038
8428,-0.007370
8429,0.001478
8430,0.017901
8431,0.034892
8432,0.057810
8433,-0.022471
8434,-0.013845
8435,-0.000697
8436,-0.048369
8437,-0.001695
8438,-0.016537
8439,-0.053426
8440,-0.060802
8441,-0.053857
8442,0.006593
8443,0.075839
8444,0.046691
8445,0.035197
8446,0.033915
8447,0.040757
8448,0.016008
8449,-0.044664
8450,-0.025660
8451,-0.008962
8452,-0.003371
8453,0.013159
8454,-0.011731
8455,-0.030168
8456,-0.002704
8457,0.007956
8458,0.018603
8459,0.045895
8460,0.050493
8461,0.021183
8462,-0.039718
8463,-0.043327
8464,-0.014341
8465,-0.030490
8466,0.023356
8467,0.013933
8468,-0.022744
8469,-0.008705
8470,0.024690
8471,0.005427
8472,-0.031146
8473,-0.039362
8474,-0.007436
8475,-0.003366
8476,0.033838
8477,0.010357
8478,-0.015303
8479,-0.007440
8480,0.012305
8481,0.017331
8482,0.006892
8483,-0.016644
8484,-0.046645
8485,-0.069850
8486,-0.021737
8487,-0.010291
8488,0.005952
8489,0.030285
8490,0.013670
8491,0.043141
8492,0.030151
8493,-0.048649
8494,-0.057041
8495,-0.026588
8496,-0.002895
8497,0.087807
8498,0.070098
8499,0.029363
8500,-0.024028
8501,-0.047118
8502,-0.041068
8503,-0.058877
8504,-0.049904
8505,0.009128
8506,0.065932
8507,0.059854
8508,0.018777
8509,-0.005598
8510,0.003640
8511,0.007200
8512,0.013837
8513,0.012356
8514,0.010788
8515,0.037296
8516,0.028981
8517,-0.002383
8518,-0.032849
8519,-0.037738
8520,0.012414
8521,0.042066
8522,0.016430
8523,0.001546
8524,-0.001451
8525,0.010549
8526,-0.023556
8527,-0.070045
8528,-0.034787
8529,-0.010251
8530,0.015800
8531,-0.006462
8532,-0.036228
8533,0.000113
8534,-0.008723
8535,-0.037253
8536,-0.020720
8537,-0.023384
8538,-0.026808
8539,-0.024577
8540,0.017129
8541,0.085529
8542,0.051998
8543,-0.034621
8544,-0.002152
8545,0.018814
8546,-0.016021
8547,-0.032924
8548,0.028288
8549,0.006257
8550,0.019341
8551,0.053316
8552,0.010772
8553,0.043000
8554,-0.023946
8555,-0.048268
8556,-0.007125
8557,-0.011273
8558,-0.029289
8559,-0.016423
8560,0.020983
8561,0.031097
8562,0.041508
8563,0.036910
8564,0.013117
8565,-0.005261
8566,-0.016767
8567,-0.071248
8568,-0.033807
8569,-0.030611
8570,-0.021076
8571,0.031505
8572,0.011622
8573,0.012155
8574,-0.039468
8575,-0.030865
8576,-0.046964
8577,-0.025603
8578,0.040237
8579,0.066456
8580,0.054524
8581,-0.001783
8582,0.009150
8583,0.030227
8584,0.035621
8585,0.015148
8586,-0.050910
8587,-0.082289
8588,-0.105286
8589,-0.053177
8590,-0.020237
8591,-0.022537
8592,0.041081
8593,0.025088
8594,0.026640
8595,0.002677
8596,0.032929
8597,0.065006
8598,0.063295
8599,0.023693
8600,-0.015277
8601,-0.000721
8602,-0.044040
8603,-0.050498
8604,-0.022695
8605,0.008705
8606,0.015803
8607,-0.016636
8608,-0.014931
8609,0.006787
8610,0.009044
8611,0.047088
8612,0.051073
8613,0.029625
8614,0.037515
8615,-0.015481
8616,-0.046130
8617,-0.070751
8618,-0.056638
8619,0.005888
8620,-0.005585
8621,0.019906
8622,0.041897
8623,-0.000414
8624,0.039145
8625,0.027906
8626,-0.043573
8627,-0.073179
8628,-0.055146
8629,-0.031203
8630,-0.007800
8631,0.029990
8632,-0.015558
8633,-0.017435
8634,-0.048277
8635,-0.034599
8636,0.054457
8637,0.056116
8638,0.063234
8639,0.031493
8640,0.009775
8641,0.013608
8642,-0.001608
8643,-0.008679
8644,0.031182
8645,0.026892
8646,-0.023424
8647,-0.042335
8648,-0.049247
8649,-0.025722
8650,-0.007232
8651,0.000134
8652,0.011424
8653,0.058626
8654,0.046294
8655,0.005189
8656,-0.036443
8657,-0.116339
8658,-0.060499
8659,0.045917
8660,0.075526
8661,0.100868
8662,0.119261
8663,0.067021
8664,0.004186
8665,-0.053365
8666,-0.065962
8667,-0.089785
8668,-0.078587
8669,-0.033695
8670,-0.021089
8671,-0.008205
8672,-0.008018
8673,-0.015757
8674,-0.003519
8675,-0.007076
8676,0.042374
8677,0.036564
8678,-0.001174
8679,-0.029853
8680,-0.033599
8681,-0.047471
8682,-0.035735
8683,-0.012400
8684,0.069706
8685,0.102642
8686,0.042437
8687,0.057493
8688,0.018529
8689,-0.039188
8690,-0.032123
8691,-0.055493
8692,-0.061980
8693,0.002556
8694,0.016391
8695,0.021276
8696,0.054759
8697,0.068533
8698,0.004829
8699,-0.019461
8700,-0.057084
8701,-0.049991
8702,-0.021924
8703,0.004829
8704,0.070066
8705,0.046487
8706,0.007187
8707,0.002221
8708,0.013348
8709,-0.011767
8710,-0.011661
8711,-0.009961
8712,-0.056677
8713,-0.033675
8714,-0.039622
8715,-0.016380
8716,0.000489
8717,0.017006
8718,0.012945
8719,0.027842
8720,0.068209
8721,0.033484
8722,0.010603
8723,-0.031166
8724,-0.057398
8725,-0.074608
8726,-0.006228
8727,0.030943
8728,0.016272
8729,0.007838
8730,0.007824
8731,-0.005927
8732,0.005658
8733,0.047845
8734,0.077352
8735,0.042518
8736,-0.012212
8737,-0.039788
8738,-0.056173
8739,-0.106019
8740,-0.041484
8741,0.014170
8742,0.022084
8743,0.045226
8744,0.020121
8745,-0.000594
8746,0.004975
8747,-0.012944
8748,-0.033937
8749,-0.031683
8750,-0.014007
8751,-0.024793
8752,0.005257
8753,0.053346
8754,0.048129
8755,0.045408
8756,-0.018820
8757,-0.006942
8758,0.030083
8759,0.007643
8760,-0.024655
8761,-0.045276
8762,-0.058594
8763,-0.046845
8764,-0.015865
8765,0.011163
8766,0.056628
8767,0.069917
8768,0.015345
8769,0.010591
8770,0.029439
8771,-0.038938
8772,-0.072665
8773,-0.025900
8774,0.000523
8775,-0.023574
8776,0.011845
8777,-0.017166
8778,-0.037721
8779,0.026511
8780,0.037951
8781,0.039764
8782,-0.007896
8783,0.009242
8784,0.017112
8785,0.052665
8786,0.045468
8787,0.021683
8788,0.026682
8789,-0.020248
8790,-0.026989
8791,-0.009463
8792,-0.038195
8793,-0.093032
8794,-0.084689
8795,-0.029350
8796,0.019467
8797,0.048945
8798,0.038744
8799,0.031829
8800,0.015413
8801,0.014198
8802,0.026916
8803,0.003862
8804,0.032763
8805,0.028811
8806,-0.018953
8807,0.001828
8808,-0.029699
8809,-0.022341
8810,-0.028214
8811,-0.092912
8812,-0.066284
8813,0.009905
8814,0.044067
8815,0.020846
8816,0.030312
8817,0.009503
8818,-0.024204
8819,-0.020529
8820,-0.002073
8821,0.044824
8822,0.015760
8823,0.007678
8824,-0.009169
8825,-0.022124
8826,-0.021957
8827,-0.048491
8828,-0.033736
8829,-0.031274
8830,-0.012112
8831,0.091372
8832,0.087102
8833,0.009142
8834,-0.015656
8835,-0.020705
8836,-0.014721
8837,-0.022477
8838,-0.065226
8839,0.012199
8840,0.028073
8841,-0.002618
8842,-0.004969
8843,0.016975
8844,0.034112
8845,0.027905
8846,-0.016472
8847,-0.033769
8848,-0.015949
8849,0.010358
8850,0.048977
8851,0.017812
8852,0.024154
8853,0.063794
8854,-0.011406
8855,-0.054240
8856,-0.026273
8857,-0.043299
8858,-0.024897
8859,0.005009
8860,0.046540
8861,0.069153
8862,0.069677
8863,0.025231
8864,-0.071093
8865,-0.100501
8866,-0.090461
8867,-0.084864
8868,0.072442
8869,0.036628
8870,-0.041701
8871,-0.077503
8872,-0.088448
8873,-0.095069
8874,-0.102421
8875,-0.037165
8876,0.016354
8877,0.044761
8878,0.109404
8879,0.121696
8880,0.067364
8881,0.025107
8882,-0.020458
8883,-0.025730
8884,-0.035930
8885,-0.045778
8886,-0.025366
8887,-0.040299
8888,0.013907
8889,0.051012
8890,0.059439
8891,0.035578
8892,-0.018216
8893,-0.072142
8894,-0.046356
8895,-0.010773
8896,-0.012786
8897,-0.040996
8898,0.001399
8899,-0.008441
8900,0.006172
8901,0.026969
8902,0.010931
8903,0.014272
8904,0.001808
8905,-0.048914
8906,-0.054198
8907,-0.012768
8908,0.040609
8909,0.089944
8910,0.055684
8911,-0.014544
8912,0.019724
8913,0.013832
8914,-0.008428
8915,0.009777
8916,-0.026780
8917,-0.052532
8918,-0.034245
8919,0.004897
8920,-0.035603
8921,0.008832
8922,0.023842
8923,0.061606
8924,0.082152
8925,0.039374
8926,-0.003195
8927,-0.039972
8928,-0.049711
8929,-0.053420
8930,0.050641
8931,0.051203
8932,-0.037126
8933,-0.053084
8934,-0.125922
8935,-0.148987
8936,-0.050245
8937,0.043884
8938,0.097828
8939,0.060463
8940,0.033147
8941,0.046770
8942,0.086831
8943,0.072814
8944,0.004435
8945,-0.065940
8946,-0.029215
8947,-0.025583
8948,-0.037833
8949,-0.040249
8950,-0.023886
8951,0.009460
8952,0.016641
8953,-0.015173
8954,-0.064195
8955,0.001379
8956,0.016368
8957,0.016083
8958,0.005498
8959,0.026953
8960,0.034068
8961,0.065952
8962,0.064757
8963,0.017199
8964,-0.016134
8965,-0.011371
8966,-0.051034
8967,-0.057020
8968,-0.028824
8969,-0.023572
8970,-0.040047
8971,-0.025676
8972,-0.002966
8973,0.064921
8974,0.059903
8975,0.050136
8976,0.026573
8977,-0.029111
8978,-0.042813
8979,0.020393
8980,-0.002725
8981,-0.015296
8982,0.010761
8983,0.008420
8984,-0.000472
8985,0.015165
8986,0.003399
8987,-0.042142
8988,-0.071861
8989,-0.014294
8990,-0.025239
8991,-0.011410
8992,0.002890
8993,0.002414
8994,0.031428
8995,0.016601
8996,0.024791
8997,0.106151
8998,0.057387
8999,0.040128
9000,0.027835
9001,-0.058042
9002,-0.033126
9003,-0.053469
9004,-0.034531
9005,-0.014985
9006,0.049415
9007,0.033030
9008,0.015409
9009,0.032295
9010,0.020125
9011,-0.052222
9012,-0.109152
9013,-0.108507
9014,-0.089335
9015,-0.025503
9016,0.021497
9017,0.057767
9018,0.034875
9019,0.053851
9020,0.093585
9021,0.064777
9022,0.004020
9023,-0.036394
9024,-0.101241
9025,-0.079229
9026,0.008234
9027,-0.000161
9028,0.023807
9029,0.043118
9030,-0.007026
9031,-0.046409
9032,-0.028591
9033,0.010701
9034,0.045781
9035,0.050115
9036,-0.005070
9037,-0.004980
9038,-0.021928
9039,0.049497
9040,0.058213
9041,0.018579
9042,-0.045301
9043,-0.045999
9044,-0.032682
9045,-0.019970
9046,0.010864
9047,0.024693
9048,0.075968
9049,0.025911
9050,-0.039141
9051,0.007711
9052,0.011369
9053,0.025403
9054,0.032855
9055,0.019378
9056,-0.056135
9057,-0.082538
9058,-0.041436
9059,0.001771
9060,-0.013511
9061,-0.038789
9062,0.028051
9063,0.051287
9064,0.013534
9065,-0.072645
9066,-0.070731
9067,-0.026865
9068,0.017124
9069,0.053034
9070,0.016256
9071,0.012558
9072,-0.011368
9073,-0.074185
9074,-0.049069
9075,0.039960
9076,0.051317
9077,0.027739
9078,0.003545
9079,0.006194
9080,-0.023871
9081,-0.002689
9082,0.036221
9083,0.013892
9084,0.021543
9085,-0.006323
9086,-0.028012
9087,-0.037971
9088,-0.067568
9089,-0.030062
9090,0.061853
9091,0.086603
9092,0.094743
9093,0.067473
9094,0.019556
9095,-0.033329
9096,-0.026876
9097,-0.030156
9098,-0.015524
9099,-0.039785
9100,-0.088565
9101,-0.033040
9102,-0.017973
9103,-0.045059
9104,0.007164
9105,0.035954
9106,0.012054
9107,0.029350
9108,0.056772
9109,0.044399
9110,0.013779
9111,-0.051141
9112,-0.017522
9113,0.025592
9114,0.018206
9115,-0.018293
9116,-0.055373
9117,0.009133
9118,-0.005580
9119,-0.035124
9120,-0.058329
9121,-0.022702
9122,-0.028171
9123,-0.028422
9124,-0.014572
9125,-0.023598
9126,0.004601
9127,0.050223
9128,0.040533
9129,0.085661
9130,0.105306
9131,0.056429
9132,0.014654
9133,-0.007907
9134,-0.049728
9135,-0.093649
9136,-0.097597
9137,-0.080708
9138,-0.025499
9139,0.012504
9140,0.007910
9141,0.049105
9142,0.104853
9143,0.085047
9144,0.062806
9145,0.044892
9146,-0.042775
9147,-0.073034
9148,-0.079563
9149,-0.111505
9150,-0.083425
9151,-0.011531
9152,0.043718
9153,0.090665
9154,0.045707
9155,0.037744
9156,-0.005597
9157,-0.088142
9158,-0.093385
9159,-0.055591
9160,0.017447
9161,0.080150
9162,0.071540
9163,0.067452
9164,0.068471
9165,0.028078
9166,-0.013448
9167,-0.023122
9168,262.350159
9169,64.086792
9170,4.935967
9171,2098.329102
9172,1066.824463
9173,6.131062
9174,39.569263
9175,41.105129
9176,29.330118
9177,-2.490079
9178,-23.252808
9179,-24.538433
9180,-13.694448
9181,5.771131
9182,8.613546
9183,-1.061828
9184,6.333324
9185,8.230424
9186,-10.069065
9187,-29.836224
9188,-13.910818
9189,10.072941
9190,30.307547
9191,33.899197
9192,13.376541
9193,-14.037633
9194,-36.306091
9195,-54.018593
9196,-29.472685
9197,0.743283
9198,15.892962
9199,31.371956
9200,56.349274
9201,47.561100
9202,18.814268
9203,-8.818542
9204,-29.555099
9205,-31.275263
9206,-34.896912
9207,-29.270895
9208,11.360472
9209,23.763615
9210,-3.398328
9211,-1.881135
9212,4.005691
9213,13.316698
9214,20.884111
9215,5.986784
9216,-18.450041
9217,-17.808296
9218,-12.945257
9219,4.838846
9220,13.452568
9221,-9.243120
9222,-0.040867
9223,-0.040983
9224,-0.015262
9225,-0.067557
9226,0.007191
9227,0.022869
9228,0.041768
9229,0.058286
9230,0.014145
9231,-0.043225
9232,-0.051054
9233,-0.063079
9234,-0.041467
9235,0.010262
9236,0.037255
9237,0.048958
9238,0.040506
9239,-0.016756
9240,-0.032754
9241,-0.019397
9242,0.054931
9243,0.100788
9244,0.023586
9245,0.039047
9246,-0.020937
9247,-0.091456
9248,-0.068544
9249,-0.071060
9250,0.008617
9251,0.033956
9252,-0.021736
9253,-0.055552
9254,-0.024402
9255,0.013419
9256,0.044615
9257,0.024296
9258,-0.006169
9259,-0.019471
9260,-0.014713
9261,0.024451
9262,0.061208
9263,0.018010
9264,0.002132
9265,-0.012175
9266,-0.022345
9267,-0.000342
9268,-0.014610
9269,-0.046979
9270,-0.052547
9271,-0.049217
9272,0.055191
9273,0.084069
9274,0.052465
9275,0.070822
9276,-0.008999
9277,-0.027016
9278,-0.025550
9279,-0.081887
9280,-0.059788
9281,-0.075855
9282,-0.036292
9283,0.046116
9284,0.062393
9285,0.090950
9286,0.117623
9287,0.042125
9288,0.022842
9289,-0.035568
9290,-0.077590
9291,-0.074292
9292,-0.075484
9293,-0.070744
9294,-0.059703
9295,-0.013922
9296,0.034344
9297,0.034017
9298,0.041629
9299,0.091223
9300,0.052108
9301,0.057313
9302,0.025949
9303,-0.019770
9304,-0.066848
9305,-0.079953
9306,-0.061883
9307,-0.023814
9308,0.007235
9309,0.041764
9310,0.047704
9311,0.074701
9312,0.011768
9313,0.022459
9314,0.020736
9315,-0.031705
9316,-0.047958
9317,-0.035614
9318,0.013282
9319,0.008264
9320,0.033202
9321,0.050876
9322,258.881866
9323,52.205532
9324,4.866385
9325,2115.028320
9326,1085.648804
9327,44.819286
9328,16.731321
9329,-1.510538
9330,15.272735
9331,32.904957
9332,31.178932
9333,17.491667
9334,-13.672823
9335,-38.557316
9336,-68.188370
9337,-58.708519
9338,-17.631165
9339,4.724717
9340,18.118095
9341,16.837437
9342,3.829237
9343,7.675629
9344,13.049384
9345,7.015175
9346,7.802675
9347,6.107498
9348,2.853735
9349,19.839432
9350,26.528625
9351,10.076585
9352,2.778214
9353,-13.720514
9354,-23.460627
9355,-25.622826
9356,-25.477219
9357,-14.178130
9358,0.510401
9359,11.883362
9360,9.505918
9361,14.152458
9362,21.452978
9363,2.839012
9364,-10.320317
9365,-22.553070
9366,-34.415359
9367,-41.611877
9368,-1.226865
9369,44.997932
9370,43.262505
9371,26.882751
9372,10.328745
9373,2.553477
9374,-16.575180
9375,-23.906593
9376,0.014706
9377,-0.003689
9378,-0.042167
9379,-0.079953
9380,-0.034848
9381,0.016219
9382,0.038791
9383,0.024782
9384,0.069107
9385,0.048330
9386,0.004167
9387,-0.045107
9388,-0.108359
9389,-0.036129
9390,0.005868
9391,0.018134
9392,0.022729
9393,-0.023607
9394,-0.007491
9395,-0.011768
9396,-0.038653
9397,-0.019108
9398,0.016754
9399,0.018251
9400,0.031722
9401,0.043565
9402,0.027772
9403,0.001245
9404,-0.064946
9405,-0.090746
9406,-0.014507
9407,0.021089
9408,0.005504
9409,0.018080
9410,-0.001840
9411,-0.027322
9412,0.004629
9413,0.031319
9414,0.000526
9415,0.027718
9416,-0.003032
9417,0.026304
9418,0.025557
9419,0.001551
9420,-0.014534
9421,0.002454
9422,0.007113
9423,0.000800
9424,0.013472
9425,0.051215
9426,0.020625
9427,0.020231
9428,-0.006914
9429,-0.011452
9430,-0.003799
9431,-0.015023
9432,-0.066839
9433,-0.090430
9434,-0.068472
9435,-0.040989
9436,0.057430
9437,0.057816
9438,0.047469
9439,0.046859
9440,0.025043
9441,0.019015
9442,0.012113
9443,-0.026465
9444,-0.070913
9445,-0.094829
9446,-0.052466
9447,0.000764
9448,-0.009776
9449,0.015163
9450,0.041903
9451,0.039294
9452,0.057196
9453,0.072885
9454,0.028713
9455,0.070625
9456,0.022263
9457,-0.026976
9458,-0.048758
9459,-0.064067
9460,-0.052427
9461,-0.005805
9462,0.031514
9463,0.013231
9464,-0.028174
9465,-0.050020
9466,-0.028078
9467,0.012772
9468,0.024068
9469,-0.004099
9470,-0.003951
9471,-0.005341
9472,0.014855
9473,0.018422
9474,0.041410
9475,0.055542
9476,-0.009381
9477,-0.032430
9478,-0.013489
9479,0.029394
9480,0.008478
9481,-0.064459
9482,-0.055813
9483,0.007315
9484,0.036319
9485,0.028581
9486,0.007361
9487,0.080100
9488,0.005100
9489,0.010365
9490,-0.006478
9491,-0.101295
9492,-0.048642
9493,0.013332
9494,0.026843
9495,0.065883
9496,0.037000
9497,-0.014573
9498,0.059509
9499,-0.051258
9500,-0.070281
9501,-0.032812
9502,-0.047298
9503,-0.030635
9504,-0.005789
9505,-0.037281
9506,-0.005835
9507,-0.006815
9508,-0.010059
9509,0.013985
9510,-0.010466
9511,0.007624
9512,0.015392
9513,0.017554
9514,0.038063
9515,0.008684
9516,0.001961
9517,-0.004172
9518,0.017325
9519,0.024183
9520,0.005191
9521,0.021515
9522,0.000880
9523,0.003328
9524,-0.004400
9525,-0.062160
9526,-0.037349
9527,-0.017910
9528,0.039331
9529,0.038017
9530,0.034491
9531,0.083642
9532,0.045021
9533,-0.003361
9534,0.013113
9535,-0.051455
9536,-0.054398
9537,0.036198
9538,0.002563
9539,-0.037879
9540,-0.058669
9541,-0.010241
9542,0.010441
9543,-0.032740
9544,0.000900
9545,0.036460
9546,0.029680
9547,0.005241
9548,0.006020
9549,-0.010088
9550,-0.059869
9551,-0.074499
9552,-0.010373
9553,-0.037441
9554,-0.024682
9555,0.069181
9556,0.029497
9557,0.030915
9558,0.026371
9559,0.010549
9560,0.022069
9561,0.000435
9562,-0.017337
9563,-0.004511
9564,-0.015083
9565,-0.002604
9566,-0.033341
9567,-0.046437
9568,0.043553
9569,0.002548
9570,-0.010945
9571,-0.008998
9572,-0.000135
9573,0.017405
9574,0.045198
9575,0.038147
9576,0.041597
9577,0.011703
9578,-0.032859
9579,-0.029234
9580,-0.021894
9581,-0.055197
9582,-0.009823
9583,-0.010909
9584,-0.001576
9585,0.059912
9586,0.084929
9587,0.083075
9588,0.048301
9589,-0.000380
9590,-0.064383
9591,-0.121988
9592,-0.087141
9593,-0.035610
9594,-0.053259
9595,-0.023108
9596,0.055236
9597,0.121209
9598,0.065139
9599,0.016445
9600,0.040007
9601,-0.020244
9602,-0.026868
9603,-0.019188
9604,-0.031791
9605,-0.035563
9606,-0.036068
9607,-0.014153
9608,0.024324
9609,-0.001042
9610,-0.041232
9611,0.003639
9612,0.010842
9613,0.027974
9614,0.033047
9615,-0.002510
9616,0.005502
9617,0.014202
9618,0.022709
9619,0.015633
9620,-0.057194
9621,-0.014200
9622,0.007839
9623,-0.029134
9624,-0.020167
9625,-0.014514
9626,-0.023290
9627,-0.009400
9628,0.018366
9629,0.069290
9630,0.069295
9631,0.007863
9632,0.017076
9633,0.015915
9634,-0.025839
9635,-0.033254
9636,-0.057830
9637,-0.035112
9638,-0.016898
9639,-0.031684
9640,0.013190
9641,0.027184
9642,0.025039
9643,0.020893
9644,0.017476
9645,-0.017356
9646,0.019392
9647,0.032318
9648,-0.002685
9649,-0.021646
9650,-0.054365
9651,-0.020080
9652,-0.006578
9653,-0.021961
9654,-0.026360
9655,0.014023
9656,0.042239
9657,0.101294
9658,0.039850
9659,0.039570
9660,0.008679
9661,-0.077194
9662,-0.066064
9663,-0.080726
9664,-0.055407
9665,0.043246
9666,0.052596
9667,0.058542
9668,0.088020
9669,0.036608
9670,0.001330
9671,-0.000112
9672,-0.058173
9673,-0.087034
9674,-0.102703
9675,-0.055410
9676,-0.008037
9677,0.008883
9678,0.044031
9679,0.067940
9680,0.026532
9681,0.037201
9682,0.028509
9683,-0.025238
9684,-0.011011
9685,0.021383
9686,-0.050564
9687,-0.072429
9688,-0.012982
9689,-0.000074
9690,0.029980
9691,0.008515
9692,0.006932
9693,0.051678
9694,0.004174
9695,-0.025305
9696,-0.036395
9697,-0.027626
9698,-0.012579
9699,0.039220
9700,0.049079
9701,0.073945
9702,0.031612
9703,-0.011437
9704,-0.002744
9705,-0.002397
9706,-0.051357
9707,-0.047775
9708,-0.042342
9709,-0.035171
9710,-0.020309
9711,0.014733
9712,0.013744
9713,0.003381
9714,-0.023595
9715,-0.025945
9716,0.010217
9717,0.007896
9718,0.027540
9719,0.070371
9720,0.037639
9721,0.060287
9722,0.044877
9723,0.013547
9724,0.004440
9725,-0.028426
9726,-0.063836
9727,-0.009254
9728,-0.018598
9729,0.000281
9730,0.040322
9731,0.016789
9732,0.044513
9733,0.053382
9734,0.007240
9735,0.003732
9736,-0.014811
9737,-0.003698
9738,0.005279
9739,0.018616
9740,0.050004
9741,0.058130
9742,0.020450
9743,-0.009028
9744,-0.075187
9745,-0.067218
9746,-0.071701
9747,-0.040810
9748,-0.008673
9749,0.017687
9750,0.041243
9751,0.002960
9752,0.009350
9753,0.054030
9754,0.015063
9755,-0.026302
9756,-0.024278
9757,0.000968
9758,0.003932
9759,0.013548
9760,0.051920
9761,0.016913
9762,0.013347
9763,0.004520
9764,-0.019571
9765,-0.019452
9766,-0.034225
9767,0.007991
9768,0.039790
9769,0.001860
9770,-0.022211
9771,-0.030073
9772,-0.002364
9773,-0.015288
9774,-0.032975
9775,0.014218
9776,0.012445
9777,0.017282
9778,0.018451
9779,-0.014114
9780,0.050025
9781,0.110306
9782,0.102974
9783,0.084370
9784,0.023299
9785,-0.017513
9786,-0.058032
9787,-0.052014
9788,-0.056999
9789,-0.043954
9790,-0.013250
9791,-0.024009
9792,-0.010900
9793,0.017153
9794,0.003821
9795,-0.018587
9796,0.015163
9797,0.041365
9798,0.032150
9799,0.010616
9800,0.022462
9801,0.038552
9802,-0.013399
9803,0.010579
9804,0.012441
9805,-0.009120
9806,0.008562
9807,0.003743
9808,-0.000355
9809,-0.026544
9810,-0.058952
9811,-0.047043
9812,-0.047898
9813,-0.053018
9814,0.005406
9815,0.006857
9816,0.067833
9817,0.063057
9818,0.078770
9819,0.061595
9820,-0.034897
9821,-0.070799
9822,-0.094761
9823,-0.072343
9824,-0.062533
9825,-0.057910
9826,-0.032352
9827,-0.008507
9828,0.019657
9829,0.066875
9830,0.081603
9831,0.060145
9832,0.058303
9833,0.065883
9834,-0.001062
9835,-0.040201
9836,-0.001431
9837,0.005476
9838,-0.042884
9839,0.001852
9840,-0.003555
9841,-0.012739
9842,0.064067
9843,0.025866
9844,0.000568
9845,-0.026035
9846,-0.058995
9847,-0.087903
9848,-0.070659
9849,-0.023190
9850,0.065783
9851,0.058826
9852,0.044059
9853,0.064033
9854,0.047710
9855,0.045952
9856,-0.003950
9857,-0.049640
9858,-0.052033
9859,-0.025699
9860,-0.054594
9861,-0.038923
9862,0.000567
9863,-0.028462
9864,-0.030847
9865,0.008496
9866,0.017202
9867,0.033903
9868,0.016883
9869,-0.020180
9870,-0.023675
9871,0.004686
9872,-0.006832
9873,0.010651
9874,0.024525
9875,0.037790
9876,0.006450
9877,-0.035350
9878,-0.012393
9879,0.034199
9880,0.019127
9881,0.006581
9882,0.018761
9883,0.032200
9884,0.018645
9885,0.028019
9886,0.053939
9887,0.063779
9888,0.005742
9889,-0.007409
9890,-0.057348
9891,-0.041420
9892,-0.115258
9893,-0.121671
9894,-0.080197
9895,-0.040352
9896,0.087040
9897,0.128751
9898,0.083010
9899,0.066465
9900,0.013961
9901,-0.016707
9902,-0.017902
9903,-0.053578
9904,-0.024231
9905,0.011590
9906,-0.030267
9907,-0.068319
9908,-0.040189
9909,-0.035134
9910,-0.015706
9911,0.032939
9912,0.038886
9913,0.045002
9914,0.053881
9915,0.037918
9916,0.013143
9917,0.006239
9918,-0.008461
9919,-0.032202
9920,-0.008781
9921,-0.036285
9922,-0.067829
9923,-0.017965
9924,-0.006904
9925,0.019917
9926,-0.005166
9927,-0.005103
9928,0.021151
9929,-0.027339
9930,-0.007102
9931,0.047345
9932,0.079911
9933,0.064704
9934,0.060066
9935,0.046535
9936,0.051340
9937,-0.002316
9938,-0.060727
9939,-0.134892
9940,-0.145521
9941,-0.061495
9942,-0.026534
9943,0.006486
9944,0.048415
9945,0.050960
9946,0.075390
9947,0.040875
9948,0.051404
9949,0.015852
9950,0.004316
9951,0.031282
9952,-0.039261
9953,-0.101879
9954,-0.055612
9955,-0.022970
9956,0.020577
9957,0.019360
9958,0.011968
9959,-0.027092
9960,-0.035022
9961,-0.017600
9962,-0.009511
9963,-0.003314
9964,0.079207
9965,0.048323
9966,-0.004035
9967,0.056579
9968,0.003217
9969,-0.076568
9970,-0.074203
9971,-0.052767
9972,-0.004193
9973,0.035747
9974,0.044969
9975,0.075406
9976,0.064264
9977,0.000031
9978,-0.024433
9979,-0.046178
9980,-0.071530
9981,-0.042330
9982,-0.012971
9983,0.000587
9984,0.027865
9985,0.034858
9986,0.067802
9987,0.021764
9988,0.005349
9989,0.044391
9990,0.005232
9991,-0.042023
9992,-0.055289
9993,-0.063778
9994,0.015789
9995,0.076286
9996,0.036363
9997,-0.025330
9998,-0.035167
9999,-0.031292
10000,0.012219
10001,-0.008940
10002,0.012368
10003,-0.008347
10004,-0.003871
10005,0.036356
10006,0.016241
10007,0.016384
10008,-0.014758
10009,-0.001487
10010,0.029653
10011,-0.003581
10012,0.005080
10013,0.029204
10014,0.015937
10015,0.008645
10016,-0.017304
10017,-0.061077
10018,-0.026513
10019,-0.021452
10020,-0.033688
10021,-0.039910
10022,-0.000438
10023,-0.003867
10024,0.000026
10025,0.035736
10026,-0.013717
10027,0.022093
10028,0.046466
10029,-0.004232
10030,-0.084515
10031,-0.044960
10032,0.022671
10033,0.001144
10034,-0.018292
10035,0.037540
10036,0.023549
10037,0.054814
10038,0.054249
10039,0.059873
10040,0.038757
10041,0.003190
10042,-0.063055
10043,-0.057817
10044,-0.022313
10045,0.008622
10046,-0.009427
10047,0.006808
10048,-0.019549
10049,-0.037797
10050,-0.003582
10051,0.019379
10052,0.025444
10053,0.042668
10054,0.043319
10055,-0.041495
10056,-0.092204
10057,-0.035379
10058,0.019534
10059,0.052448
10060,0.063781
10061,0.001732
10062,-0.006975
10063,0.006210
10064,-0.036090
10065,-0.034812
10066,-0.014258
10067,-0.017322
10068,-0.020225
10069,-0.024641
10070,0.013630
10071,0.022288
10072,-0.011419
10073,0.036374
10074,0.053611
10075,0.047414
10076,0.015258
10077,-0.047739
10078,-0.072399
10079,-0.042626
10080,-0.034108
10081,-0.014592
10082,-0.005076
10083,0.023596
10084,0.006093
10085,-0.041744
10086,0.003921
10087,0.011346
10088,0.044126
10089,0.088206
10090,0.075504
10091,0.031245
10092,0.007418
10093,-0.027485
10094,-0.051282
10095,-0.065937
10096,-0.088626
10097,-0.057054
10098,0.008606
10099,0.035770
10100,0.042232
10101,0.044726
10102,0.048196
10103,0.051842
10104,0.034603
10105,-0.057277
10106,-0.044821
10107,0.001803
10108,-0.025678
10109,-0.051493
10110,-0.019056
10111,0.021754
10112,0.015973
10113,0.025689
10114,0.044399
10115,-0.029020
10116,-0.045377
10117,-0.043886
10118,-0.050948
10119,-0.051952
10120,-0.063572
10121,-0.040349
10122,0.038573
10123,0.078055
10124,0.083940
10125,0.129368
10126,0.097224
10127,0.030267
10128,0.014402
10129,-0.009729
10130,-0.055618
10131,-0.050240
10132,-0.072098
10133,-0.086206
10134,-0.070781
10135,-0.045154
10136,-0.005201
10137,0.024144
10138,0.019297
10139,0.039981
10140,0.029656
10141,0.040620
10142,0.037545
10143,-0.005013
10144,0.022308
10145,0.027042
10146,0.014997
10147,0.021186
10148,-0.000413
10149,-0.066557
10150,-0.043111
10151,-0.017978
10152,-0.036185
10153,-0.005207
10154,-0.000120
10155,-0.025738
10156,0.022589
10157,-0.024236
10158,-0.022541
10159,-0.011594
10160,0.014727
10161,0.075727
10162,0.011062
10163,0.015517
10164,0.020324
10165,0.024386
10166,0.004947
10167,-0.019429
10168,-0.024180
10169,-0.035313
10170,-0.042638
10171,-0.020128
10172,0.026504
10173,0.044199
10174,0.029594
10175,0.013479
10176,0.009386
10177,0.033872
10178,0.013571
10179,-0.005278
10180,-0.045467
10181,-0.029561
10182,-0.059843
10183,-0.070662
10184,-0.009717
10185,0.023061
10186,0.030241
10187,0.055018
10188,0.057249
10189,0.033882
10190,-0.002351
10191,-0.016096
10192,-0.067434
10193,-0.111510
10194,-0.106566
10195,-0.032255
10196,0.034957
10197,0.107707
10198,0.119401
10199,0.062058
10200,0.000149
10201,-0.033918
10202,-0.032491
10203,-0.046844
10204,-0.019748
10205,0.020786
10206,-0.017943
10207,-0.010008
10208,-0.013569
10209,0.012598
10210,0.021295
10211,0.018211
10212,0.030132
10213,0.020293
10214,-0.000577
10215,0.039925
10216,0.034682
10217,0.033732
10218,0.028865
10219,-0.021074
10220,-0.044008
10221,-0.048128
10222,-0.013226
10223,-0.034879
10224,-0.041062
10225,-0.054250
10226,238.522522
10227,7.104404
10228,4.457928
10229,2163.098389
10230,975.273438
10231,4.773068
10232,17.567108
10233,-3.713659
10234,-36.888115
10235,-43.305622
10236,-9.185956
10237,25.784397
10238,33.523960
10239,34.293018
10240,16.734289
10241,-14.629403
10242,-14.246441
10243,-11.278632
10244,-18.143345
10245,-23.332693
10246,-3.972306
10247,7.958971
10248,10.736099
10249,5.004009
10250,-7.384733
10251,-6.888392
10252,12.889332
10253,33.005322
10254,25.245844
10255,5.068200
10256,-22.831728
10257,-40.221935
10258,-33.263885
10259,-8.670044
10260,20.526814
10261,39.216614
10262,23.441612
10263,7.672539
10264,9.953679
10265,4.664892
10266,-31.708471
10267,-33.279373
10268,-9.873862
10269,21.104393
10270,3.647313
10271,-32.205231
10272,-44.862343
10273,-14.566416
10274,27.925886
10275,34.980061
10276,34.452847
10277,31.671513
10278,17.251602
10279,17.128637
10280,-0.028702
10281,0.049770
10282,0.026100
10283,0.050585
10284,0.047192
10285,0.015442
10286,0.022317
10287,0.016260
10288,0.017413
10289,-0.051995
10290,-0.044483
10291,-0.069535
10292,-0.075799
10293,-0.015551
10294,0.046711
10295,-0.001881
10296,-0.007321
10297,-0.015782
10298,-0.025670
10299,0.032903
10300,0.019130
10301,0.032373
10302,0.088269
10303,0.045109
10304,-0.003442
10305,-0.015427
10306,-0.039845
10307,-0.007717
10308,-0.023691
10309,-0.043327
10310,0.001177
10311,0.008248
10312,-0.005346
10313,-0.017965
10314,-0.031264
10315,-0.000005
10316,0.021144
10317,0.041742
10318,0.033244
10319,0.005956
10320,-0.004991
10321,-0.010528
10322,0.005528
10323,0.009018
10324,-0.008864
10325,0.004376
10326,-0.047990
10327,-0.050767
10328,-0.029924
10329,0.043840
10330,0.049465
10331,0.022615
10332,0.005797
10333,-0.021776
10334,-0.040130
10335,-0.052705
10336,-0.030198
10337,0.011846
10338,-0.007602
10339,0.016306
10340,0.038895
10341,0.026888
10342,0.031980
10343,-0.012229
10344,-0.012312
10345,-0.015801
10346,-0.035752
10347,0.014354
10348,0.046932
10349,0.023507
10350,0.053451
10351,0.054763
10352,0.039518
10353,0.015069
10354,-0.023242
10355,0.019128
10356,-0.003831
10357,-0.022224
10358,-0.036881
10359,-0.038534
10360,-0.029805
10361,-0.043143
10362,-0.052690
10363,-0.030404
10364,-0.016376
10365,-0.058238
10366,-0.015040
10367,0.061396
10368,0.073578
10369,0.058104
10370,0.033555
10371,0.015045
10372,-0.015511
10373,-0.053107
10374,-0.000513
10375,-0.011931
10376,-0.041004
10377,-0.031062
10378,-0.054656
10379,0.016408
10380,-0.008760
10381,-0.020407
10382,0.032172
10383,0.059214
10384,0.074867
10385,0.059363
10386,-0.012599
10387,-0.001696
10388,-0.017473
10389,-0.060408
10390,0.000771
10391,-0.036428
10392,-0.044052
10393,0.001111
10394,0.051240
10395,0.082485
10396,0.049020
10397,-0.017414
10398,-0.060427
10399,-0.083387
10400,-0.099325
10401,-0.033342
10402,-0.002122
10403,0.038742
10404,0.116770
10405,0.100275
10406,0.029562
10407,0.007463
10408,0.010936
10409,-0.021483
10410,-0.033967
10411,0.005362
10412,-0.032746
10413,-0.021871
10414,-0.021308
10415,-0.009141
10416,0.019284
10417,0.011672
10418,-0.025748
10419,0.022437
10420,0.050010
10421,0.018810
10422,0.000802
10423,-0.019015
10424,-0.058761
10425,-0.064031
10426,-0.016835
10427,-0.019112
10428,-0.002246
10429,0.015680
10430,0.039128
10431,0.040027
10432,0.017832
10433,0.012749
10434,0.038341
10435,-0.013217
10436,-0.039522
10437,-0.061826
10438,-0.046074
10439,0.035340
10440,0.059084
10441,0.046209
10442,0.005800
10443,0.017875
10444,-0.040382
10445,-0.063088
10446,-0.033921
10447,-0.012239
10448,0.010462
10449,0.034494
10450,0.040529
10451,0.027201
10452,0.042673
10453,0.005108
10454,-0.004145
10455,-0.033427
10456,-0.086847
10457,-0.077964
10458,-0.030716
10459,0.005100
10460,0.050709
10461,0.050778
10462,0.076455
10463,0.042024
10464,-0.002218
10465,-0.047940
10466,-0.092089
10467,-0.100668
10468,-0.050322
10469,0.020201
10470,0.042279
10471,0.045090
10472,0.066831
10473,0.025120
10474,0.010404
10475,-0.012106
10476,-0.000937
10477,-0.005953
10478,-0.020479
10479,-0.029834
10480,0.019787
10481,0.058172
10482,0.048929
10483,0.009061
10484,-0.033754
10485,-0.058919
10486,-0.074699
10487,-0.075349
10488,-0.074705
10489,0.026926
10490,0.051333
10491,0.046965
10492,0.033335
10493,0.050288
10494,0.039260
10495,-0.015123
10496,-0.026473
10497,-0.023760
10498,-0.018553
10499,-0.008889
10500,0.021599
10501,0.044525
10502,0.035658
10503,-0.001603
10504,-0.036819
10505,-0.060103
10506,-0.029506
10507,0.007502
10508,0.065080
10509,0.033401
10510,0.035769
10511,0.025059
10512,-0.050939
10513,-0.045742
10514,0.019472
10515,-0.006257
10516,-0.040521
10517,-0.019192
10518,-0.036184
10519,0.007632
10520,0.034948
10521,-0.004069
10522,0.038486
10523,0.021963
10524,0.016954
10525,0.032908
10526,0.010854
10527,-0.030415
10528,-0.045519
10529,-0.056504
10530,0.038523
10531,0.038696
10532,0.032813
10533,0.002595
10534,-0.036482
10535,0.001650
10536,-0.038866
10537,-0.016969
10538,0.054407
10539,0.039807
10540,0.012380
10541,0.028957
10542,-0.002326
10543,-0.051963
10544,0.035447
10545,0.050772
10546,0.032522
10547,-0.012941
10548,-0.035242
10549,-0.015194
10550,-0.009032
10551,0.000113
10552,0.040519
10553,0.042504
10554,-0.005355
10555,-0.040407
10556,-0.048330
10557,-0.054156
10558,-0.016296
10559,0.055887
10560,0.000595
10561,-0.021828
10562,-0.001092
10563,-0.001654
10564,-0.014401
10565,0.006228
10566,-0.004088
10567,-0.035336
10568,-0.036000
10569,-0.015114
10570,-0.011785
10571,0.037857
10572,0.021814
10573,-0.025545
10574,-0.029563
10575,-0.019198
10576,-0.008560
10577,0.029734
10578,0.047038
10579,0.020067
10580,0.034063
10581,0.007546
10582,0.014127
10583,0.006470
10584,-0.011397
10585,0.002595
10586,-0.024858
10587,-0.028646
10588,0.002612
10589,0.001025
10590,-0.039797
10591,-0.016878
10592,0.013480
10593,0.032416
10594,0.040195
10595,-0.017285
10596,0.023463
10597,0.016818
10598,0.013312
10599,0.030130
10600,-0.023404
10601,-0.073668
10602,-0.042402
10603,-0.017122
10604,-0.012837
10605,-0.009211
10606,-0.005699
10607,-0.008851
10608,-0.024142
10609,-0.000609
10610,0.047004
10611,0.034158
10612,0.013052
10613,0.004260
10614,-0.021709
10615,-0.028367
10616,-0.006211
10617,0.001715
10618,-0.020167
10619,0.007030
10620,0.008402
10621,0.039998
10622,0.025186
10623,-0.012313
10624,-0.005411
10625,-0.022845
10626,-0.030947
10627,-0.027220
10628,0.015667
10629,0.028068
10630,0.010820
10631,-0.005779
10632,0.012558
10633,0.048095
10634,0.031480
10635,-0.019939
10636,0.010385
10637,0.018691
10638,-0.021597
10639,-0.019648
10640,-0.038629
10641,-0.023758
10642,0.021759
10643,0.027238
10644,-0.001370
10645,0.046934
10646,0.035987
10647,0.006077
10648,0.042799
10649,0.013655
10650,-0.024004
10651,-0.073867
10652,-0.104959
10653,-0.054819
10654,-0.019497
10655,-0.012238
10656,0.002480
10657,0.064682
10658,0.110979
10659,0.073569
10660,0.028055
10661,-0.029418
10662,-0.075340
10663,-0.086098
10664,-0.100255
10665,-0.084530
10666,-0.078599
10667,-0.039447
10668,0.038011
10669,0.115951
10670,0.130140
10671,0.113359
10672,0.107504
10673,0.039498
10674,-0.035175
10675,-0.035137
10676,-0.049357
10677,-0.081790
10678,-0.049236
10679,-0.003763
10680,-0.011412
10681,-0.018596
10682,-0.029823
10683,-0.019377
10684,0.046528
10685,0.049128
10686,0.029158
10687,0.072740
10688,0.033113
10689,0.020070
10690,0.047087
10691,0.009136
10692,0.025881
10693,0.019789
10694,0.001101
10695,-0.023041
10696,-0.091208
10697,-0.101002
10698,-0.087571
10699,-0.088477
10700,-0.053134
10701,0.016768
10702,0.037604
10703,0.054095
10704,0.051189
10705,0.022064
10706,0.002598
10707,-0.005705
10708,-0.019367
10709,0.014736
10710,0.052706
10711,0.057701
10712,0.012328
10713,-0.033751
10714,-0.057071
10715,-0.052973
10716,-0.008162
10717,-0.002202
10718,0.019097
10719,-0.010373
10720,-0.036154
10721,0.030434
10722,0.013905
10723,0.014061
10724,0.026628
10725,0.008183
10726,0.019838
10727,0.007916
10728,-0.006310
10729,0.016315
10730,0.036446
10731,0.028607
10732,0.002791
10733,-0.065188
10734,-0.031559
10735,-0.030582
10736,-0.030615
10737,-0.018001
10738,0.000740
10739,0.042628
10740,0.040542
10741,0.027749
10742,0.006495
10743,0.000258
10744,0.029945
10745,-0.027949
10746,-0.019429
10747,-0.011119
10748,-0.006629
10749,0.039119
10750,0.018816
10751,-0.045375
10752,-0.077291
10753,-0.064858
10754,-0.027003
10755,-0.015992
10756,-0.051010
10757,-0.015301
10758,0.044309
10759,0.076633
10760,0.099791
10761,0.055674
10762,0.034634
10763,0.025418
10764,-0.037887
10765,-0.034838
10766,-0.012126
10767,-0.011153
10768,-0.002109
10769,-0.041231
10770,-0.060797
10771,-0.028209
10772,-0.035674
10773,-0.020776
10774,0.040213
10775,0.072787
10776,0.085349
10777,0.071505
10778,0.004015
10779,-0.077811
10780,-0.063310
10781,0.010710
10782,-0.004397
10783,-0.054621
10784,-0.016017
10785,0.018605
10786,-0.007916
10787,0.009081
10788,0.020426
10789,0.053687
10790,-0.007008
10791,0.029208
10792,0.021040
10793,-0.049105
10794,0.016903
10795,0.011995
10796,0.011847
10797,0.025584
10798,-0.004297
10799,-0.019133
10800,-0.005513
10801,-0.041676
10802,-0.025204
10803,0.003804
10804,0.022095
10805,0.006819
10806,0.006814
10807,0.014354
10808,-0.023035
10809,-0.031372
10810,-0.042440
10811,-0.048840
10812,-0.029851
10813,-0.008703
10814,0.030661
10815,0.057676
10816,0.078985
10817,0.092295
10818,0.066074
10819,0.008638
10820,-0.013484
10821,-0.052366
10822,-0.088888
10823,-0.056653
10824,-0.055328
10825,-0.011137
10826,0.029939
10827,0.021603
10828,0.005246
10829,-0.025644
10830,0.001290
10831,0.008716
10832,0.026003
10833,-0.000037
10834,0.010357
10835,0.022205
10836,0.059494
10837,0.035348
10838,-0.007452
10839,-0.018159
10840,-0.063941
10841,-0.049962
10842,-0.029393
10843,-0.023973
10844,0.001472
10845,-0.030978
10846,-0.022782
10847,0.019586
10848,0.065041
10849,0.117979
10850,0.083036
10851,-0.022536
10852,-0.045591
10853,-0.023633
10854,-0.036700
10855,-0.032474
10856,0.000971
10857,0.013262
10858,0.047889
10859,0.054366
10860,-0.011093
10861,-0.065693
10862,-0.063037
10863,-0.054450
10864,-0.007818
10865,0.013789
10866,-0.015697
10867,-0.001518
10868,0.026886
10869,0.048707
10870,0.027554
10871,-0.014318
10872,-0.011059
10873,0.022068
10874,0.011238
10875,0.006274
10876,0.043312
10877,0.095990
10878,0.070013
10879,-0.025090
10880,-0.064401
10881,-0.059859
10882,-0.031678
10883,-0.016390
10884,0.005774
10885,-0.000243
10886,-0.029572
10887,-0.025629
10888,-0.056939
10889,0.005458
10890,0.028864
10891,0.028141
10892,0.020346
10893,-0.034874
10894,-0.024002
10895,-0.040078
10896,0.011752
10897,-0.002682
10898,0.016604
10899,0.049485
10900,0.022171
10901,0.028852
10902,0.015560
10903,-0.051635
10904,-0.061692
10905,-0.044161
10906,-0.019563
10907,0.011692
10908,-0.020672
10909,-0.007139
10910,-0.002629
10911,-0.003301
10912,0.080740
10913,0.072484
10914,0.011236
10915,-0.012373
10916,-0.069992
10917,-0.097374
10918,-0.024839
10919,-0.001915
10920,0.034953
10921,0.008106
10922,0.021733
10923,0.003842
10924,-0.015039
10925,0.019787
10926,0.051988
10927,0.049304
10928,0.068760
10929,0.001915
10930,-0.068625
10931,-0.079157
10932,-0.037529
10933,0.034950
10934,0.014710
10935,-0.018249
10936,0.003888
10937,0.019577
10938,0.001472
10939,0.014983
10940,0.006511
10941,0.040363
10942,0.047887
10943,0.011783
10944,0.005347
10945,-0.052035
10946,-0.054254
10947,-0.005022
10948,-0.016702
10949,-0.017283
10950,-0.040581
10951,-0.036275
10952,-0.015618
10953,-0.019910
10954,-0.017066
10955,0.031280
10956,0.033107
10957,0.055862
10958,0.076560
10959,0.047040
10960,0.041612
10961,0.006674
10962,-0.039096
10963,-0.040513
10964,-0.033445
10965,-0.050082
10966,-0.072266
10967,-0.045454
10968,0.001058
10969,0.025504
10970,0.019114
10971,-0.006091
10972,0.008937
10973,0.054764
10974,0.073017
10975,0.149070
10976,0.069467
10977,-0.054671
10978,-0.105933
10979,-0.085812
10980,-0.027447
10981,0.003392
10982,-0.017881
10983,-0.004817
10984,-0.038306
10985,0.003007
10986,0.048368
10987,0.044457
10988,0.041980
10989,-0.005859
10990,-0.003402
10991,-0.002911
10992,-0.011568
10993,0.022417
10994,0.026787
10995,0.047153
10996,-0.016357
10997,-0.066577
10998,-0.116748
10999,-0.112535
11000,-0.035956
11001,-0.013514
11002,0.058058
11003,0.089960
11004,0.059271
11005,0.022533
11006,0.036565
11007,0.014442
11008,0.006163
11009,-0.011154
11010,0.004738
11011,-0.017873
11012,-0.038247
11013,-0.020925
11014,0.015484
11015,0.029483
11016,0.023941
11017,0.005349
11018,-0.026590
11019,-0.032576
11020,-0.023708
11021,0.030618
11022,0.041260
11023,0.018687
11024,-0.017617
11025,-0.036832
11026,-0.018553
11027,0.007680
11028,0.050712
11029,0.060518
11030,0.029992
11031,-0.010459
11032,-0.039430
11033,-0.024778
11034,-0.026000
11035,-0.076916
11036,-0.057312
11037,-0.003673
11038,0.018313
11039,0.041746
11040,-0.011481
11041,-0.047038
11042,0.007693
11043,0.024194
11044,0.069866
11045,0.095056
11046,0.067610
11047,0.018761
11048,-0.008896
11049,-0.071760
11050,-0.054688
11051,-0.043919
11052,-0.015772
11053,-0.006086
11054,0.008903
11055,-0.002969
11056,-0.080226
11057,-0.052130
11058,-0.019659
11059,-0.030042
11060,0.059421
11061,0.092292
11062,0.089171
11063,0.071713
11064,0.003100
11065,-0.019578
11066,-0.004258
11067,0.018453
11068,0.014513
11069,-0.012604
11070,-0.046784
11071,-0.065570
11072,-0.061691
11073,-0.043869
11074,-0.045006
11075,-0.002714
11076,0.013961
11077,0.062154
11078,0.089590
11079,0.024665
11080,0.023999
11081,0.005767
11082,-0.045780
11083,-0.050462
11084,-0.036739
11085,-0.006087
11086,0.001655
11087,-0.024065
11088,-0.011508
11089,0.019875
11090,0.020233
11091,0.012349
11092,0.027473
11093,0.066082
11094,0.042505
11095,-0.006785
11096,-0.012027
11097,-0.009026
11098,-0.013151
11099,0.006292
11100,0.023480
11101,-0.004200
11102,-0.058670
11103,-0.087138
11104,-0.088445
11105,-0.020820
11106,0.029369
11107,0.007783
11108,0.027946
11109,0.036792
11110,0.005033
11111,0.067999
11112,0.036721
11113,-0.000233
11114,-0.022352
11115,-0.015476
11116,0.045304
11117,0.040030
11118,0.018874
11119,0.012473
11120,-0.048323
11121,-0.083277
11122,-0.042312
11123,-0.037404
11124,-0.037355
11125,0.008902
11126,0.025926
11127,0.030189
11128,0.055011
11129,0.078152
11130,0.048132
11131,-0.013855
11132,-0.044217
11133,-0.069125
11134,-0.054111
11135,-0.028671
11136,-0.023744
11137,-0.027390
11138,0.031568
11139,0.038624
11140,0.015364
11141,-0.030978
11142,-0.002317
11143,0.005160
11144,-0.008392
11145,0.024832
11146,0.027463
11147,-0.007194
11148,0.011589
11149,-0.011078
11150,-0.033329
11151,-0.006987
11152,0.028907
11153,0.061593
11154,0.070539
11155,0.018831
11156,0.018157
11157,-0.033453
11158,-0.046404
11159,-0.040358
11160,-0.068460
11161,-0.037580
11162,0.043088
11163,0.067173
11164,0.042139
11165,0.034246
11166,0.013394
11167,0.015236
11168,0.003410
11169,-0.049623
11170,-0.057588
11171,-0.038939
11172,0.010951
11173,0.042424
11174,0.021966
11175,0.017847
11176,-0.006828
11177,-0.021265
11178,-0.079478
11179,-0.046873
11180,-0.002962
11181,-0.013456
11182,0.023028
11183,0.005382
11184,-0.018615
11185,-0.010086
11186,0.046759
11187,0.038030
11188,-0.009693
11189,-0.011847
11190,-0.020854
11191,-0.016842
11192,0.017436
11193,0.005440
11194,0.043485
11195,-0.017785
11196,-0.054003
11197,-0.001831
11198,0.039612
11199,0.097960
11200,0.084519
11201,-0.003616
11202,-0.068785
11203,-0.103164
11204,-0.137028
11205,-0.082304
11206,-0.032704
11207,0.050179
11208,0.112384
11209,0.123745
11210,0.106178
11211,0.029985
11212,-0.065940
11213,-0.007206
11214,-0.000312
11215,0.001271
11216,-0.032448
11217,-0.015751
11218,0.041453
11219,0.007236
11220,-0.028901
11221,-0.015718
11222,0.025264
11223,0.083740
11224,-0.017665
11225,-0.033225
11226,0.016899
11227,-0.036136
11228,-0.044353
11229,-0.022498
11230,-0.047150
11231,0.022852
11232,0.006806
11233,-0.021641
11234,-0.021180
11235,-0.057880
11236,-0.044914
11237,0.043266
11238,0.031973
11239,0.029647
11240,0.044077
11241,-0.020496
11242,-0.049641
11243,-0.043684
11244,-0.015349
11245,0.017306
11246,0.010638
11247,-0.013635
11248,0.019111
11249,-0.034868
11250,-0.012777
11251,0.068881
11252,0.080204
11253,0.073443
11254,0.041030
11255,-0.009188
11256,-0.061791
11257,-0.081850
11258,-0.018544
11259,-0.003021
11260,0.059054
11261,0.051040
11262,0.000202
11263,0.005396
11264,-0.014850
11265,-0.062491
11266,-0.038484
11267,-0.039056
11268,-0.014136
11269,0.008056
11270,0.013875
11271,0.037911
11272,0.030095
11273,0.050174
11274,0.059421
11275,0.063518
11276,0.003034
11277,-0.041851
11278,-0.070800
11279,-0.090506
11280,-0.075356
11281,-0.000735
11282,0.043145
11283,0.006499
11284,0.024570
11285,0.045200
11286,0.010171
11287,0.016663
11288,-0.033746
11289,-0.072170
11290,-0.064440
11291,-0.054664
11292,-0.037646
11293,0.030640
11294,0.057417
11295,0.042400
11296,0.006888
11297,0.011085
11298,-0.007533
11299,-0.037071
11300,-0.026304
11301,0.036096
11302,0.079766
11303,0.071733
11304,0.072744
11305,0.029827
11306,-0.012829
11307,0.013249
11308,-0.035967
11309,-0.115177
11310,-0.125686
11311,-0.079206
11312,0.008683
11313,0.050342
11314,0.047582
11315,0.074965
11316,-0.007620
11317,-0.004908
11318,0.044286
11319,0.035271
11320,0.006231
11321,-0.015197
11322,-0.019000
11323,-0.035180
11324,-0.037997
11325,0.018503
11326,0.061916
11327,-0.012633
11328,-0.005096
11329,-0.011261
11330,-0.026217
11331,-0.026999
11332,-0.029653
11333,0.016967
11334,0.051379
11335,0.054697
11336,0.066914
11337,0.016845
11338,0.017825
11339,0.038007
11340,-0.016736
11341,-0.086323
11342,-0.070129
11343,-0.133274
11344,-0.064927
11345,-0.022718
11346,-0.032212
11347,-0.007846
11348,-0.005647
11349,0.053079
11350,0.059710
11351,0.029166
11352,0.021394
11353,0.074900
11354,0.105185
11355,0.043441
11356,-0.031586
11357,-0.034707
11358,-0.063299
11359,-0.039553
11360,0.028510
11361,-0.002901
11362,0.011081
11363,-0.042462
11364,-0.021843
11365,0.053252
11366,0.042026
11367,-0.014873
11368,-0.041855
11369,-0.033733
11370,-0.058677
11371,0.037868
11372,0.055690
11373,-0.004401
11374,-0.036038
11375,-0.028538
11376,-0.053313
11377,-0.020954
11378,-0.018179
11379,0.002127
11380,0.083627
11381,0.082005
11382,0.038176
11383,0.009500
11384,-0.027670
11385,0.000274
11386,-0.012771
11387,-0.039837
11388,-0.017633
11389,-0.026416
11390,0.017060
11391,0.041117
11392,-0.022197
11393,-0.009968
11394,0.013359
11395,0.027363
11396,0.039532
11397,-0.010924
11398,-0.009104
11399,0.020219
11400,-0.024349
11401,-0.015123
11402,0.003122
11403,-0.033860
11404,-0.009373
11405,0.017975
11406,0.008466
11407,0.028350
11408,0.037087
11409,-0.027515
11410,-0.017001
11411,0.004898
11412,0.020862
11413,0.024276
11414,0.035338
11415,0.018446
11416,0.029448
11417,0.051063
11418,-0.017315
11419,-0.034169
11420,-0.040059
11421,-0.040192
11422,-0.087476
11423,-0.139007
11424,-0.073237
11425,-0.004131
11426,0.012433
11427,0.031867
11428,0.031505
11429,0.029014
11430,211.406754
11431,44.730663
11432,3.913921
11433,2032.610229
11434,849.923462
11435,-17.375961
11436,3.784324
11437,14.013494
11438,33.385662
11439,40.434063
11440,29.733295
11441,-4.181287
11442,-41.368156
11443,-33.731625
11444,-34.360950
11445,-37.872616
11446,2.513227
11447,39.580505
11448,51.245319
11449,32.282204
11450,-6.533623
11451,-27.913475
11452,-13.243576
11453,11.967898
11454,21.077324
11455,-8.517988
11456,-23.881790
11457,-27.133148
11458,-10.884707
11459,13.779231
11460,42.845474
11461,28.734148
11462,7.453011
11463,-3.014839
11464,-8.556696
11465,-23.274500
11466,-45.723679
11467,-42.881233
11468,-11.320006
11469,22.465607
11470,44.535412
11471,46.854465
11472,12.221617
11473,-28.114038
11474,-39.332264
11475,-16.481667
11476,18.700130
11477,32.165264
11478,24.151983
11479,6.587350
11480,-12.228310
11481,-23.374472
11482,-31.929224
11483,-17.556101
11484,0.022298
11485,0.000330
11486,0.004521
11487,0.014382
11488,-0.011198
11489,0.014334
11490,0.037424
11491,0.034624
11492,0.013360
11493,0.048716
11494,0.037496
11495,-0.001334
11496,0.003926
11497,-0.012418
11498,-0.033514
11499,-0.030980
11500,-0.016436
11501,0.007339
11502,0.015724
11503,0.052409
11504,0.070447
11505,0.031462
11506,0.034089
11507,0.011732
11508,-0.048498
11509,-0.102441
11510,-0.092122
11511,-0.067338
11512,-0.066596
11513,0.006787
11514,0.013077
11515,0.023047
11516,0.064581
11517,0.068075
11518,0.063803
11519,0.030854
11520,-0.003925
11521,-0.027350
11522,-0.070499
11523,-0.018376
11524,-0.010511
11525,-0.037296
11526,-0.044249
11527,-0.060983
11528,-0.050391
11529,-0.037051
11530,0.026367
11531,0.077482
11532,0.078981
11533,0.066830
11534,0.055133
11535,0.032395
11536,-0.008815
11537,0.009628
11538,0.025928
11539,0.008115
11540,-0.038205
11541,-0.037433
11542,0.013635
11543,0.030303
11544,0.012107
11545,-0.015706
11546,-0.050483
11547,-0.063329
11548,-0.008312
11549,-0.010513
11550,0.035130
11551,0.018534
11552,-0.001557
11553,0.009664
11554,-0.037675
11555,-0.063267
11556,-0.006496
11557,0.010570
11558,0.039724
11559,0.046592
11560,0.026546
11561,0.022126
11562,-0.068438
11563,-0.076991
11564,-0.024703
11565,0.005880
11566,0.072132
11567,0.092956
11568,0.015892
11569,-0.019349
11570,-0.057743
11571,-0.078987
11572,-0.038389
11573,-0.030700
11574,0.014895
11575,0.046065
11576,0.064733
11577,0.085541
11578,0.042195
11579,-0.003435
11580,0.020172
11581,-0.010673
11582,0.021836
11583,-0.011162
11584,-0.055220
11585,-0.074735
11586,-0.025356
11587,-0.012266
11588,-0.038888
11589,-0.044700
11590,-0.033758
11591,-0.002591
11592,0.021936
11593,0.030372
11594,0.039149
11595,0.039888
11596,0.059324
11597,0.053837
11598,0.041676
11599,-0.000213
11600,-0.058693
11601,-0.068248
11602,-0.101805
11603,-0.039975
11604,0.022031
11605,0.027007
11606,0.075687
11607,0.034238
11608,-0.016247
11609,0.009489
11610,-0.007804
11611,-0.036403
11612,-0.027360
11613,-0.021246
11614,0.015970
11615,0.051263
11616,0.002161
11617,0.011338
11618,0.016954
11619,0.004759
11620,0.010930
11621,-0.014506
11622,-0.057749
11623,-0.052025
11624,-0.048308
11625,-0.021591
11626,0.020077
11627,0.072949
11628,0.106159
11629,0.054035
11630,0.035424
11631,0.017826
11632,-0.023167
11633,-0.087418
11634,-0.039213
11635,0.011553
11636,-0.040103
11637,-0.051555
11638,-0.028967
11639,-0.018492
11640,0.011929
11641,0.062489
11642,0.095380
11643,0.072555
11644,0.020414
11645,-0.020348
11646,-0.040105
11647,-0.025984
11648,-0.056464
11649,-0.041693
11650,0.030204
11651,0.053855
11652,0.004322
11653,-0.062999
11654,-0.073640
11655,-0.039727
11656,0.016631
11657,0.039084
11658,0.060076
11659,0.048101
11660,0.053373
11661,0.012071
11662,-0.003972
11663,-0.080563
11664,-0.086404
11665,-0.072742
11666,-0.086452
11667,-0.059605
11668,-0.035016
11669,0.050993
11670,0.124847
11671,0.100706
11672,0.072637
11673,-0.005025
11674,-0.014448
11675,0.025947
11676,-0.032893
11677,-0.041341
11678,-0.006580
11679,-0.011152
11680,0.016451
11681,0.017851
11682,0.021484
11683,-0.036521
11684,-0.042159
11685,-0.013272
11686,0.025590
11687,0.039184
11688,0.019433
11689,-0.001020
11690,0.006103
11691,0.002455
11692,0.009032
11693,-0.010237
11694,-0.017187
11695,0.050013
11696,0.046426
11697,0.021486
11698,-0.023702
11699,-0.055204
11700,-0.029908
11701,-0.015605
11702,-0.006166
11703,0.012650
11704,-0.034488
11705,-0.027675
11706,0.001025
11707,0.023075
11708,0.068298
11709,0.009251
11710,-0.017830
11711,-0.012066
11712,-0.030952
11713,-0.062149
11714,-0.118456
11715,-0.078284
11716,0.059747
11717,0.106521
11718,0.069167
11719,0.020433
11720,0.005302
11721,0.032321
11722,-0.014458
11723,-0.051255
11724,-0.044457
11725,-0.005641
11726,0.002528
11727,-0.010394
11728,0.038513
11729,0.079134
11730,0.059046
11731,0.037465
11732,0.008997
11733,-0.010335
11734,-0.085769
11735,-0.028053
11736,0.070842
11737,-0.031861
11738,-0.025844
11739,0.049161
11740,0.034194
11741,0.026267
11742,0.052091
11743,0.027068
11744,0.017900
11745,0.057071
11746,0.048662
11747,-0.025517
11748,-0.042459
11749,-0.097263
11750,-0.137653
11751,-0.138638
11752,-0.028353
11753,0.070202
11754,0.086388
11755,0.131700
11756,0.102945
11757,0.084331
11758,0.065013
11759,-0.013062
11760,-0.061109
11761,-0.048888
11762,0.004241
11763,0.005059
11764,-0.043213
11765,-0.124390
11766,-0.135670
11767,-0.111526
11768,0.010438
11769,0.044738
11770,0.075788
11771,0.081244
11772,0.054040
11773,0.041070
11774,-0.002875
11775,-0.059135
11776,-0.016279
11777,-0.018669
11778,-0.049280
11779,-0.002509
11780,0.002376
11781,0.004785
11782,0.033134
11783,0.035630
11784,0.036332
11785,0.035028
11786,0.034252
11787,0.059163
11788,0.029841
11789,-0.062888
11790,-0.062014
11791,-0.072989
11792,-0.066385
11793,-0.034525
11794,0.016872
11795,0.073501
11796,0.075775
11797,0.052161
11798,-0.041208
11799,-0.041896
11800,-0.015422
11801,0.012955
11802,0.002018
11803,-0.005162
11804,-0.028087
11805,-0.016967
11806,0.006973
11807,-0.000330
11808,0.034170
11809,0.058743
11810,0.033447
11811,-0.006653
11812,-0.075178
11813,-0.090331
11814,-0.017930
11815,0.027796
11816,0.024425
11817,0.030480
11818,-0.006476
11819,-0.000325
11820,0.019436
11821,-0.082069
11822,-0.061144
11823,0.017859
11824,0.051234
11825,0.091225
11826,0.098547
11827,0.040515
11828,-0.030194
11829,-0.076757
11830,-0.073507
11831,-0.014408
11832,-0.039912
11833,-0.029668
11834,0.034022
11835,0.032359
11836,0.068624
11837,0.055334
11838,0.003015
11839,0.008013
11840,0.036638
11841,-0.007238
11842,-0.046601
11843,-0.061449
11844,-0.090831
11845,-0.061301
11846,-0.024128
11847,0.051498
11848,0.049030
11849,0.075755
11850,0.065840
11851,0.079313
11852,0.053677
11853,0.009800
11854,-0.008269
11855,-0.031753
11856,-0.044238
11857,-0.044514
11858,-0.094956
11859,-0.044679
11860,0.048588
11861,0.029066
11862,-0.017516
11863,-0.041921
11864,-0.085720
11865,-0.058613
11866,0.016337
11867,0.059290
11868,0.043626
11869,0.051887
11870,0.024198
11871,0.022591
11872,0.065591
11873,0.051465
11874,-0.000968
11875,-0.039963
11876,-0.069235
11877,-0.066829
11878,-0.008607
11879,0.015297
11880,0.013513
11881,0.028800
11882,-0.016768
11883,0.042457
11884,-0.001581
11885,-0.037636
11886,-0.027075
11887,-0.036865
11888,-0.028612
11889,0.025430
11890,0.020339
11891,-0.000523
11892,0.005510
11893,0.005565
11894,0.035276
11895,0.064629
11896,0.014971
11897,-0.006706
11898,-0.024924
11899,-0.048065
11900,-0.046760
11901,-0.010927
11902,0.025585
11903,0.073684
11904,0.042412
11905,0.022933
11906,-0.018303
11907,-0.081294
11908,-0.096521
11909,-0.017807
11910,-0.009483
11911,0.024972
11912,0.068317
11913,0.026462
11914,0.001921
11915,-0.003130
11916,-0.030234
11917,-0.028778
11918,0.022411
11919,0.001066
11920,0.010188
11921,0.013083
11922,0.044955
11923,-0.008741
11924,-0.029417
11925,0.013873
11926,-0.023998
11927,-0.020984
11928,0.061778
11929,0.050850
11930,0.049640
11931,0.039550
11932,-0.071284
11933,-0.086023
11934,-0.076472
11935,-0.051116
11936,0.016478
11937,0.008412
11938,0.056787
11939,0.089338
11940,0.088344
11941,0.019436
11942,-0.052422
11943,-0.052459
11944,-0.084966
11945,-0.067556
11946,-0.023496
11947,0.020968
11948,0.049824
11949,0.105988
11950,0.060966
11951,-0.021676
11952,-0.008417
11953,0.017278
11954,0.009975
11955,-0.024234
11956,-0.048587
11957,-0.080083
11958,-0.048188
11959,-0.058215
11960,-0.032035
11961,-0.043891
11962,-0.040041
11963,0.036284
11964,0.121918
11965,0.092715
11966,0.106665
11967,0.064294
11968,-0.036605
11969,-0.062721
11970,-0.018075
11971,0.015825
11972,0.018899
11973,-0.035319
11974,-0.052462
11975,-0.019526
11976,0.004865
11977,0.028974
11978,0.042326
11979,-0.014428
11980,-0.032740
11981,-0.024680
11982,0.024353
11983,0.041342
11984,0.004843
11985,-0.038952
11986,-0.015088
11987,0.025619
11988,0.022125
11989,-0.031347
11990,-0.054119
11991,-0.069743
11992,-0.043218
11993,0.020339
11994,0.080170
11995,0.061631
11996,0.077485
11997,0.021849
11998,-0.028133
11999,-0.020892
12000,-0.028372
12001,-0.022173
12002,-0.037552
12003,-0.051796
12004,-0.059130
12005,-0.067591
12006,-0.046242
12007,0.015296
12008,0.048645
12009,0.049991
12010,0.090965
12011,0.058489
12012,0.016272
12013,0.016889
12014,-0.026777
12015,-0.068580
12016,-0.069084
12017,-0.037109
12018,0.027369
12019,0.023926
12020,0.033326
12021,0.041853
12022,0.063062
12023,0.039536
12024,0.019183
12025,0.021397
12026,0.015789
12027,-0.026065
12028,-0.030871
12029,0.000449
12030,-0.054232
12031,-0.041514
12032,-0.034784
12033,-0.024665
12034,197.803833
12035,63.606293
12036,3.641014
12037,1965.932495
12038,774.587158
12039,-35.206730
12040,-18.170744
12041,-0.937091
12042,29.206186
12043,55.964581
12044,68.600967
12045,62.193462
12046,28.788099
12047,-28.453901
12048,-70.085167
12049,-87.590080
12050,-57.950317
12051,-9.530737
12052,43.128407
12053,57.253834
12054,45.339687
12055,3.911151
12056,-22.897537
12057,-33.994728
12058,-38.022644
12059,-38.657612
12060,-4.406540
12061,33.668053
12062,55.003441
12063,28.131361
12064,0.556841
12065,2.236161
12066,13.971358
12067,18.466053
12068,-5.181265
12069,-31.504454
12070,-28.148739
12071,-17.920666
12072,-0.404046
12073,12.276399
12074,20.465445
12075,6.979458
12076,1.159765
12077,-11.794943
12078,-28.985708
12079,-30.105400
12080,-15.247713
12081,17.281073
12082,32.520084
12083,51.256821
12084,38.904694
12085,-3.329124
12086,-32.833591
12087,-31.267483
12088,-0.007546
12089,0.030327
12090,0.003128
12091,0.039612
12092,0.047220
12093,0.012964
12094,-0.034419
12095,-0.063090
12096,-0.025378
12097,0.013181
12098,0.039100
12099,0.021775
12100,-0.012392
12101,-0.011220
12102,0.009364
12103,-0.063948
12104,-0.089815
12105,-0.031151
12106,0.021506
12107,0.033847
12108,-0.002911
12109,0.020162
12110,0.063269
12111,0.053076
12112,0.040279
12113,0.018829
12114,-0.010218
12115,-0.042253
12116,-0.056490
12117,-0.011893
12118,-0.018613
12119,-0.006687
12120,-0.009889
12121,0.001639
12122,0.012291
12123,0.004650
12124,-0.025270
12125,0.008704
12126,0.040686
12127,0.033011
12128,0.061906
12129,0.015496
12130,-0.005819
12131,0.019030
12132,0.025864
12133,-0.016157
12134,-0.071803
12135,-0.073568
12136,-0.050539
12137,0.004350
12138,0.029289
12139,0.018870
12140,0.018735
12141,-0.026854
12142,0.012484
12143,0.056156
12144,0.026799
12145,0.028004
12146,0.000189
12147,-0.045493
12148,-0.079179
12149,-0.054655
12150,-0.001423
12151,-0.011809
12152,-0.053875
12153,-0.038936
12154,0.059525
12155,0.060299
12156,0.026202
12157,0.033364
12158,0.030720
12159,0.057093
12160,0.013930
12161,-0.035609
12162,0.002747
12163,0.052428
12164,0.068223
12165,0.024110
12166,-0.042644
12167,-0.058603
12168,-0.021889
12169,-0.037512
12170,-0.070360
12171,-0.037766
12172,-0.010925
12173,0.040168
12174,0.008578
12175,-0.020783
12176,0.009552
12177,0.018194
12178,0.037620
12179,0.057140
12180,-0.014110
12181,-0.028020
12182,-0.005295
12183,-0.050035
12184,0.005749
12185,0.020155
12186,0.016386
12187,0.021393
12188,-0.020373
12189,-0.023250
12190,-0.007820
12191,0.052296
12192,0.068655
12193,0.050750
12194,0.032529
12195,-0.061510
12196,-0.138531
12197,-0.135703
12198,-0.059229
12199,0.006345
12200,0.057731
12201,0.078744
12202,0.028933
12203,0.060607
12204,-0.007811
12205,-0.061939
12206,-0.008660
12207,-0.019343
12208,-0.002616
12209,0.040129
12210,0.083324
12211,0.077331
12212,0.054346
12213,0.041742
12214,-0.000954
12215,-0.008864
12216,-0.063223
12217,-0.077815
12218,-0.060750
12219,-0.027221
12220,-0.010762
12221,-0.004603
12222,-0.010563
12223,-0.022384
12224,0.023645
12225,0.058680
12226,0.052534
12227,0.033381
12228,0.000055
12229,-0.090111
12230,-0.096208
12231,-0.079034
12232,-0.009798
12233,0.041104
12234,0.059107
12235,0.026783
12236,-0.003955
12237,-0.008728
12238,0.016983
12239,0.038766
12240,0.059507
12241,-0.004003
12242,-0.051899
12243,-0.073737
12244,-0.033002
12245,0.009041
12246,0.015333
12247,0.044603
12248,0.009497
12249,-0.001922
12250,-0.011630
12251,0.008937
12252,0.003206
12253,-0.057187
12254,-0.018858
12255,0.003843
12256,0.082348
12257,0.093008
12258,0.032148
12259,-0.018588
12260,-0.024448
12261,-0.039176
12262,-0.019579
12263,-0.026175
12264,-0.030890
12265,0.046430
12266,0.015692
12267,0.045105
12268,0.052430
12269,0.036164
12270,0.009363
12271,-0.074552
12272,-0.089170
12273,-0.023523
12274,0.014652
12275,-0.022095
12276,-0.023120
12277,-0.017603
12278,-0.048018
12279,-0.041156
12280,0.017463
12281,0.041692
12282,0.041354
12283,0.062815
12284,0.065387
12285,0.004139
12286,-0.008212
12287,-0.009360
12288,-0.063647
12289,-0.059348
12290,-0.035956
12291,-0.007563
12292,0.041146
12293,-0.010839
12294,-0.040602
12295,0.013025
12296,0.055878
12297,0.080943
12298,0.060365
12299,-0.003892
12300,-0.015675
12301,-0.050976
12302,-0.077786
12303,0.002063
12304,0.002729
12305,-0.025424
12306,-0.004196
12307,0.019773
12308,0.013411
12309,0.016998
12310,-0.018090
12311,-0.037846
12312,0.006057
12313,0.024969
12314,0.019256
12315,0.009220
12316,-0.009316
12317,-0.061105
12318,-0.009045
12319,0.044009
12320,0.102425
12321,0.044222
12322,0.011587
12323,-0.034214
12324,-0.072967
12325,-0.056590
12326,-0.025321
12327,0.017633
12328,0.063177
12329,0.078751
12330,0.034986
12331,-0.002969
12332,-0.011668
12333,-0.013575
12334,-0.038898
12335,-0.054738
12336,-0.072913
12337,-0.069916
12338,-0.056111
12339,-0.048728
12340,0.015998
12341,0.051650
12342,0.057297
12343,0.094974
12344,0.133787
12345,0.066363
12346,-0.046132
12347,-0.059868
12348,-0.053118
12349,-0.035397
12350,-0.014979
12351,-0.035518
12352,-0.037481
12353,-0.006451
12354,0.025700
12355,0.065023
12356,0.043707
12357,-0.011272
12358,-0.020670
12359,-0.024964
12360,-0.019320
12361,-0.027843
12362,-0.033706
12363,0.017215
12364,0.042156
12365,0.003048
12366,-0.031108
12367,-0.005212
12368,0.029226
12369,0.014533
12370,0.003843
12371,0.004364
12372,0.001417
12373,-0.001510
12374,0.008909
12375,-0.019120
12376,-0.006307
12377,0.049466
12378,0.035139
12379,0.032719
12380,0.006202
12381,-0.042178
12382,-0.079077
12383,-0.055096
12384,-0.000638
12385,0.035074
12386,0.055632
12387,0.035141
12388,0.015622
12389,-0.043064
12390,-0.091409
12391,-0.043077
12392,-0.005675
12393,0.033819
12394,-0.009789
12395,-0.021704
12396,0.028921
12397,0.025272
12398,0.025016
12399,-0.006533
12400,0.014771
12401,0.009571
12402,-0.042571
12403,-0.079130
12404,-0.033286
12405,0.033215
12406,0.047813
12407,0.071170
12408,0.025813
12409,-0.038125
12410,-0.018020
12411,-0.004494
12412,-0.024778
12413,0.018298
12414,0.000555
12415,0.022470
12416,0.046864
12417,0.056661
12418,-0.019695
12419,-0.041346
12420,-0.006981
12421,0.047276
12422,0.029236
12423,-0.002943
12424,-0.042739
12425,-0.058385
12426,-0.023990
12427,-0.016436
12428,0.034532
12429,0.065660
12430,0.078305
12431,0.126746
12432,0.007974
12433,-0.051618
12434,-0.078754
12435,-0.128716
12436,-0.072470
12437,-0.119109
12438,-0.045650
12439,0.018812
12440,0.029544
12441,0.041010
12442,0.026828
12443,0.068857
12444,0.061466
12445,0.026636
12446,-0.021115
12447,-0.029409
12448,-0.037402
12449,-0.073581
12450,-0.053954
12451,-0.064510
12452,0.042920
12453,0.114869
12454,0.124265
12455,0.071981
12456,0.009910
12457,-0.044329
12458,-0.097859
12459,-0.044948
12460,-0.000673
12461,0.016185
12462,0.004632
12463,-0.028854
12464,-0.032117
12465,-0.017698
12466,0.037910
12467,0.038052
12468,0.042761
12469,0.054214
12470,0.006206
12471,-0.001320
12472,0.013840
12473,0.050944
12474,-0.009311
12475,-0.053786
12476,-0.073270
12477,-0.038335
12478,0.031949
12479,0.024724
12480,-0.009506
12481,0.009502
12482,-0.019245
12483,-0.001514
12484,0.040233
12485,-0.051537
12486,-0.127844
12487,-0.100052
12488,-0.013018
12489,0.038283
12490,0.093977
12491,0.095149
12492,0.068137
12493,0.058788
12494,0.032524
12495,-0.067419
12496,-0.111575
12497,-0.050590
12498,-0.044108
12499,-0.005402
12500,0.029989
12501,0.027194
12502,0.036695
12503,0.059787
12504,0.034047
12505,-0.030888
12506,-0.057034
12507,-0.021532
12508,-0.002941
12509,-0.003869
12510,0.046796
12511,0.088494
12512,0.011344
12513,-0.009102
12514,-0.007852
12515,0.030573
12516,-0.036248
12517,-0.075934
12518,-0.030632
12519,-0.045520
12520,-0.018237
12521,0.050011
12522,0.032380
12523,0.007491
12524,0.002801
12525,-0.024182
12526,0.025001
12527,0.004028
12528,0.014915
12529,0.049413
12530,-0.006367
12531,-0.003429
12532,0.005909
12533,-0.053946
12534,-0.052539
12535,-0.028661
12536,-0.034638
12537,0.045747
12538,186.453033
12539,79.356819
12540,3.413290
12541,1912.386230
12542,747.524780
12543,0.069798
12544,-13.189228
12545,-10.584344
12546,-23.999199
12547,-22.289881
12548,15.395783
12549,35.796791
12550,22.784468
12551,7.454484
12552,-12.906496
12553,-34.892677
12554,-36.491787
12555,-6.332891
12556,4.957667
12557,12.363883
12558,16.679989
12559,27.406546
12560,32.494598
12561,22.448488
12562,8.787251
12563,-9.951616
12564,-25.361252
12565,-30.554832
12566,-8.678208
12567,-10.084516
12568,-12.717215
12569,-5.664033
12570,19.907614
12571,23.653307
12572,11.665893
12573,-16.021381
12574,-37.392620
12575,-19.079758
12576,24.882490
12577,46.969559
12578,42.761158
12579,24.405094
12580,2.536000
12581,-9.808072
12582,-29.915913
12583,-71.798981
12584,-64.593781
12585,-40.017563
12586,6.641129
12587,33.890785
12588,30.002842
12589,29.990019
12590,33.868996
12591,25.841330
12592,0.041249
12593,-0.043473
12594,-0.027185
12595,0.014194
12596,-0.003777
12597,-0.022445
12598,0.002422
12599,-0.003843
12600,-0.050971
12601,-0.010588
12602,0.011974
12603,0.059659
12604,0.050276
12605,0.088994
12606,0.034911
12607,-0.000414
12608,0.008468
12609,0.029193
12610,-0.001265
12611,-0.049499
12612,-0.063374
12613,-0.047193
12614,-0.065652
12615,-0.057876
12616,-0.017450
12617,-0.010494
12618,0.084396
12619,0.088541
12620,0.026047
12621,0.049598
12622,0.042420
12623,0.007177
12624,0.019264
12625,0.003869
12626,-0.022087
12627,-0.032397
12628,-0.054915
12629,-0.078772
12630,-0.090709
12631,-0.017395
12632,0.014635
12633,0.036479
12634,0.081332
12635,0.049853
12636,0.028327
12637,-0.032340
12638,-0.055604
12639,-0.036816
12640,-0.010116
12641,-0.009003
12642,-0.008626
12643,-0.006939
12644,0.003847
12645,0.001285
12646,-0.020331
12647,-0.012026
12648,0.021375
12649,0.065393
12650,0.033449
12651,0.015576
12652,0.017711
12653,-0.008384
12654,0.019366
12655,0.035868
12656,0.010149
12657,0.005104
12658,0.000879
12659,-0.040631
12660,-0.030046
12661,-0.031688
12662,-0.082309
12663,-0.093921
12664,-0.031176
12665,0.039377
12666,0.089357
12667,0.106196
12668,0.109125
12669,0.013682
12670,-0.076921
12671,-0.086586
12672,-0.065628
12673,-0.055375
12674,-0.038703
12675,0.021281
12676,0.022079
12677,0.025032
12678,0.016814
12679,0.018465
12680,0.028458
12681,-0.007392
12682,0.012262
12683,0.058911
12684,0.067549
12685,0.043539
12686,0.036561
12687,-0.009058
12688,-0.071189
12689,-0.097619
12690,-0.102136
12691,-0.066884
12692,-0.040852
12693,-0.019097
12694,-0.029024
12695,-0.007921
12696,0.059698
12697,0.057026
12698,0.070206
12699,0.066637
12700,0.068256
12701,0.048498
12702,0.006569
12703,-0.060853
12704,-0.050981
12705,0.030111
12706,0.037989
12707,0.015604
12708,-0.069930
12709,-0.083868
12710,-0.030585
12711,-0.050487
12712,-0.040879
12713,0.023551
12714,0.063647
12715,0.100172
12716,0.042690
12717,-0.041046
12718,-0.021191
12719,-0.014520
12720,-0.021814
12721,-0.054119
12722,-0.028397
12723,0.019992
12724,0.094200
12725,0.084452
12726,0.004553
12727,-0.061745
12728,-0.074290
12729,-0.087960
12730,-0.081656
12731,-0.017581
12732,0.035686
12733,0.080185
12734,0.086778
12735,0.073117
12736,0.015051
12737,-0.041344
12738,-0.047499
12739,-0.042336
12740,0.031222
12741,0.019966
12742,0.002851
12743,0.017953
12744,0.006507
12745,0.020990
12746,-0.020989
12747,-0.066166
12748,-0.038368
12749,-0.000637
12750,-0.022363
12751,-0.013395
12752,0.024445
12753,0.056335
12754,0.047602
12755,0.016125
12756,-0.022828
12757,-0.070076
12758,-0.038882
12759,0.057920
12760,0.092164
12761,0.091941
12762,-0.022131
12763,-0.040200
12764,-0.029916
12765,-0.074560
12766,-0.078678
12767,-0.036355
12768,-0.025199
12769,0.015850
12770,0.024057
12771,0.044107
12772,0.028170
12773,0.013738
12774,0.012259
12775,0.017262
12776,-0.001953
12777,0.030862
12778,-0.028065
12779,0.000020
12780,0.038906
12781,0.027203
12782,0.028673
12783,0.011704
12784,-0.040110
12785,-0.021745
12786,-0.078462
12787,-0.077122
12788,-0.042036
12789,-0.005386
12790,0.006303
12791,0.009827
12792,0.004374
12793,0.049833
12794,0.049496
12795,0.049174
12796,0.052712
12797,0.046052
12798,-0.016855
12799,-0.030613
12800,-0.008571
12801,-0.025458
12802,-0.065636
12803,-0.065523
12804,-0.047144
12805,0.011407
12806,0.065105
12807,0.106033
12808,0.084455
12809,0.021101
12810,0.036752
12811,0.024188
12812,-0.037532
12813,-0.083155
12814,-0.134553
12815,-0.077739
12816,-0.035198
12817,-0.034189
12818,-0.010706
12819,0.024777
12820,0.098317
12821,0.084248
12822,0.050432
12823,0.014239
12824,-0.024502
12825,-0.053920
12826,-0.011979
12827,0.004837
12828,0.005426
12829,0.005027
12830,0.015509
12831,0.021004
12832,-0.010634
12833,-0.042565
12834,-0.069427
12835,-0.051494
12836,-0.019264
12837,0.015606
12838,0.051826
12839,0.015225
12840,0.036679
12841,-0.008011
12842,0.022631
12843,0.069938
12844,0.062680
12845,0.031387
12846,-0.020474
12847,-0.003061
12848,-0.035716
12849,-0.070638
12850,-0.028681
12851,-0.037761
12852,-0.032064
12853,0.037844
12854,0.065990
12855,0.020565
12856,0.002725
12857,-0.033379
12858,-0.059306
12859,-0.058538
12860,-0.034445
12861,-0.002214
12862,0.020074
12863,0.019839
12864,0.040834
12865,0.044142
12866,0.012745
12867,-0.012645
12868,-0.008516
12869,0.003707
12870,-0.008737
12871,-0.034029
12872,-0.079488
12873,-0.041530
12874,0.043341
12875,0.054188
12876,0.054310
12877,0.000129
12878,-0.082403
12879,-0.065130
12880,0.050071
12881,0.064249
12882,0.071390
12883,0.109565
12884,0.036015
12885,-0.026496
12886,-0.061465
12887,-0.070109
12888,-0.054022
12889,-0.049730
12890,-0.018985
12891,0.010481
12892,0.024472
12893,0.024191
12894,0.050495
12895,0.055361
12896,-0.002144
12897,-0.053458
12898,-0.033260
12899,-0.043184
12900,-0.056713
12901,-0.035565
12902,-0.077159
12903,-0.062685
12904,0.047109
12905,0.106053
12906,0.109421
12907,0.067945
12908,0.050621
12909,0.018667
12910,-0.032657
12911,-0.028431
12912,-0.018440
12913,-0.001828
12914,0.029397
12915,0.045729
12916,-0.000279
12917,-0.017136
12918,-0.004526
12919,-0.029630
12920,-0.071507
12921,-0.120656
12922,-0.046640
12923,0.019023
12924,0.026726
12925,0.069025
12926,0.054368
12927,0.007464
12928,-0.043006
12929,-0.040685
12930,-0.021926
12931,0.010395
12932,-0.002942
12933,0.040873
12934,0.030311
12935,0.012421
12936,0.004331
12937,0.044293
12938,0.022194
12939,0.011448
12940,0.000420
12941,-0.030302
12942,-0.019459
12943,-0.040418
12944,-0.019752
12945,0.039690
12946,0.002935
12947,-0.063124
12948,-0.010181
12949,-0.002564
12950,0.003032
12951,0.047952
12952,0.021338
12953,-0.026988
12954,0.019913
12955,0.082288
12956,0.051162
12957,-0.000913
12958,-0.052752
12959,-0.121067
12960,-0.068872
12961,-0.077818
12962,-0.034897
12963,0.010542
12964,0.090591
12965,0.095289
12966,0.062568
12967,0.050777
12968,0.035323
12969,-0.027416
12970,-0.032064
12971,-0.080442
12972,-0.047676
12973,0.021534
12974,-0.000718
12975,-0.015783
12976,0.007282
12977,0.002106
12978,-0.036378
12979,-0.050906
12980,-0.077016
12981,-0.029850
12982,0.006703
12983,0.024647
12984,0.027367
12985,0.055037
12986,0.058684
12987,0.043032
12988,0.062307
12989,0.029720
12990,-0.023468
12991,-0.024654
12992,-0.001312
12993,0.014283
12994,0.033219
12995,0.020897
12996,-0.045874
12997,-0.087054
12998,-0.067369
12999,-0.038997
13000,0.019178
13001,0.079482
13002,0.052880
13003,-0.000895
13004,-0.020955
13005,-0.056444
13006,-0.018503
13007,0.042839
13008,0.066687
13009,0.001743
13010,-0.004042
13011,0.027934
13012,0.003561
13013,-0.051264
13014,-0.080093
13015,-0.075904
13016,0.005981
13017,0.024433
13018,0.033598
13019,0.059762
13020,0.046256
13021,0.027648
13022,-0.016938
13023,-0.022470
13024,-0.026130
13025,-0.067894
13026,-0.063506
13027,-0.029450
13028,-0.016279
13029,-0.004245
13030,0.022383
13031,0.034110
13032,0.031508
13033,0.019906
13034,0.030335
13035,0.000181
13036,0.022581
13037,0.050596
13038,0.025166
13039,-0.021700
13040,-0.051570
13041,-0.032000
13042,-0.032224
13043,-0.037946
13044,0.013761
13045,0.067237
13046,0.038581
13047,0.024449
13048,-0.021779
13049,-0.056523
13050,-0.029146
13051,0.012937
13052,0.035201
13053,0.021173
13054,0.015344
13055,0.002782
13056,-0.011362
13057,-0.006017
13058,0.002177
13059,0.013713
13060,0.021531
13061,-0.018359
13062,-0.011519
13063,-0.052903
13064,-0.025625
13065,0.037549
13066,0.045733
13067,0.017176
13068,0.004645
13069,-0.025540
13070,0.011078
13071,0.009195
13072,-0.020698
13073,-0.014008
13074,-0.021217
13075,-0.071158
13076,-0.086461
13077,-0.045505
13078,0.022687
13079,0.067717
13080,0.012261
13081,-0.001854
13082,0.015874
13083,-0.030477
13084,-0.025674
13085,0.051715
13086,0.016557
13087,0.033571
13088,0.065192
13089,0.035128
13090,-0.015789
13091,-0.022780
13092,-0.009266
13093,-0.015410
13094,0.064627
13095,0.087097
13096,0.032451
13097,-0.022175
13098,-0.018471
13099,-0.034399
13100,-0.065081
13101,-0.092677
13102,-0.033822
13103,-0.001115
13104,-0.000689
13105,0.000698
13106,0.069328
13107,0.057567
13108,0.016307
13109,-0.010239
13110,0.005046
13111,0.009934
13112,-0.044358
13113,-0.064570
13114,-0.020681
13115,-0.007509
13116,0.005355
13117,-0.031223
13118,-0.055144
13119,-0.043755
13120,-0.029161
13121,-0.001216
13122,0.084058
13123,0.111052
13124,0.028863
13125,0.038007
13126,0.010019
13127,-0.025483
13128,-0.054746
13129,-0.066120
13130,0.003416
13131,-0.008939
13132,-0.045034
13133,-0.028958
13134,-0.013896
13135,-0.019519
13136,0.052500
13137,0.090313
13138,0.092814
13139,0.049202
13140,-0.028604
13141,-0.043594
13142,-0.024983
13143,-0.046943
13144,-0.038528
13145,-0.003278
13146,0.006135
13147,0.037755
13148,0.001288
13149,-0.048702
13150,-0.061491
13151,-0.059467
13152,-0.012915
13153,0.039303
13154,0.075414
13155,0.062083
13156,0.080716
13157,0.073534
13158,0.020359
13159,0.006257
13160,-0.061076
13161,-0.105639
13162,-0.080074
13163,-0.079163
13164,-0.036476
13165,-0.018893
13166,0.070884
13167,0.086014
13168,0.082859
13169,0.056976
13170,-0.024249
13171,-0.020396
13172,-0.000604
13173,-0.064376
13174,-0.065693
13175,-0.058640
13176,-0.041040
13177,0.042411
13178,0.064941
13179,0.082433
13180,0.049303
13181,0.008040
13182,-0.045096
13183,-0.041032
13184,-0.073377
13185,-0.066370
13186,-0.003311
13187,-0.040893
13188,-0.031517
13189,-0.010835
13190,0.110304
13191,0.156513
13192,0.092880
13193,0.021317
13194,-0.001554
13195,-0.030016
13196,-0.054339
13197,-0.051620
13198,-0.017447
13199,-0.002622
13200,0.001210
13201,0.007104
13202,0.006814
13203,0.009627
13204,-0.038746
13205,-0.041591
13206,-0.020355
13207,-0.009028
13208,0.013164
13209,0.032136
13210,0.001917
13211,-0.001370
13212,0.002767
13213,0.037301
13214,0.035007
13215,-0.025131
13216,-0.050261
13217,-0.059673
13218,-0.040886
13219,0.002684
13220,0.036430
13221,0.079216
13222,0.049046
13223,0.030869
13224,0.013647
13225,-0.072910
13226,-0.068895
13227,-0.008967
13228,-0.004785
13229,-0.034673
13230,0.017817
13231,0.044696
13232,0.005787
13233,0.040315
13234,0.054323
13235,0.001876
13236,-0.023982
13237,0.023484
13238,0.027855
13239,-0.038160
13240,-0.067236
13241,-0.068779
13242,-0.051193
13243,-0.008498
13244,0.030617
13245,0.049681
13246,0.062836
13247,0.080454
13248,0.027934
13249,0.004046
13250,-0.031725
13251,-0.077376
13252,-0.059268
13253,0.027036
13254,0.046869
13255,0.057616
13256,0.043192
13257,-0.000182
13258,-0.042714
13259,-0.091714
13260,-0.109562
13261,-0.076763
13262,-0.047047
13263,-0.003352
13264,0.021496
13265,0.099850
13266,0.081801
13267,0.063685
13268,0.019155
13269,-0.032293
13270,-0.057438
13271,-0.010014
13272,-0.017291
13273,-0.005710
13274,0.023238
13275,0.015088
13276,0.066606
13277,0.032657
13278,-0.030774
13279,-0.015033
13280,-0.007129
13281,0.002089
13282,0.010067
13283,-0.017423
13284,0.008379
13285,0.024992
13286,-0.048309
13287,-0.071007
13288,0.020911
13289,0.003039
13290,-0.015316
13291,0.029161
13292,-0.003721
13293,-0.000533
13294,-0.026188
13295,-0.014578
13296,0.007652
13297,0.015308
13298,0.045237
13299,-0.022174
13300,-0.028117
13301,-0.021056
13302,-0.015413
13303,-0.005698
13304,0.008222
13305,0.018174
13306,0.024130
13307,0.039649
13308,0.023338
13309,0.031095
13310,0.031982
13311,0.013160
13312,-0.032354
13313,-0.066576
13314,-0.017406
13315,-0.036893
13316,-0.059123
13317,-0.058468
13318,-0.047895
13319,-0.009789
13320,0.019049
13321,0.049369
13322,0.032984
13323,0.030491
13324,0.054034
13325,0.052951
13326,0.033380
13327,0.016005
13328,-0.049964
13329,-0.045202
13330,-0.041720
13331,-0.090003
13332,-0.033281
13333,0.013113
13334,0.053348
13335,0.151050
13336,0.154869
13337,0.066997
13338,-0.028025
13339,-0.108980
13340,-0.115832
13341,-0.106895
13342,-46.204311
13343,104.482658
13344,5.001619
13345,0.000000
13346,448.164673
13347,2051.911865
13348,780.975830
13349,2091.990234
13350,1202.490479
13351,2035.513916
13352,2085.897949
13353,1095.511963
13354,2157.267822
13355,1090.630127
13356,2020.375000
13357,983.734314
13358,1635.503296
13359,1822.193481
13360,1032.662354
13361,976.345093
13362,2235.335449
13363,707.842163
13364,1039.087891
13365,2143.385254
13366,955.622192
13367,2237.590332
13368,2006.987549
13369,740.775757
13370,1665.140259
13371,1063.793457
13372,221.468643
13373,0.000011
13374,0.014400
13375,0.010550
13376,0.042962
13377,0.072535
13378,0.015467
13379,0.007115
13380,0.034797
13381,-0.000026
13382,-0.005141
13383,-0.017092
13384,-0.057236
13385,-0.044084
13386,-0.025325
13387,-0.043135
13388,-0.074232
13389,-0.014861
13390,0.076365
13391,0.078121
13392,0.029327
13393,0.024853
13394,-0.002204
13395,-0.023702
13396,0.049944
13397,0.051967
13398,0.018240
13399,0.005287
13400,0.030223
13401,-0.048805
13402,-0.107420
13403,-0.049657
13404,-0.020583
13405,-0.031381
13406,-0.007706
13407,0.058578
13408,0.075958
13409,0.113991
13410,0.116563
13411,0.020466
13412,-0.051734
13413,-0.092017
13414,-0.093957
13415,-0.099510
13416,-0.063684
13417,-0.028694
13418,0.011476
13419,-0.008757
13420,0.033837
13421,0.071384
13422,0.022251
13423,0.051346
13424,0.020756
13425,-0.023109
13426,-0.020445
13427,-0.037798
13428,-0.025519
13429,-0.026891
13430,-0.060022
13431,-0.026787
13432,-0.029855
13433,-0.021771
13434,-0.007268
13435,0.018741
13436,0.061193
13437,0.036601
13438,0.037784
13439,0.016249
13440,0.045205
13441,0.041355
13442,-0.003410
13443,-0.028600
13444,-0.042735
13445,-0.020834
13446,-0.020136
13447,-0.040963
13448,-0.014135
13449,-0.024531
13450,-0.028073
13451,0.070800
13452,0.060990
13453,-0.009786
13454,-0.026817
13455,-0.027986
13456,0.030276
13457,0.036060
13458,-0.010802
13459,-0.014303
13460,-0.037935
13461,0.019973
13462,0.045162
13463,0.016035
13464,0.008315
13465,-0.004255
13466,-0.014607
13467,-0.029287
13468,-0.047835
13469,-0.013280
13470,-0.045903
13471,-0.018539
13472,0.047959
13473,0.034761
13474,-0.002980
13475,0.009783
13476,0.009395
13477,-0.004121
13478,0.012692
13479,-0.008864
13480,-0.050496
13481,-0.058799
13482,-0.021837
13483,-0.003442
13484,0.041021
13485,0.036773
13486,-0.024957
13487,0.008760
13488,-0.003743
13489,-0.015386
13490,0.010425
13491,0.009910
13492,0.019031
13493,-0.018269
13494,-0.015027
13495,-0.068470
13496,-0.025636
13497,0.058081
13498,0.120460
13499,0.104964
13500,0.065237
13501,0.014936
13502,-0.045517
13503,-0.035796
13504,0.015907
13505,-0.004637
13506,-0.047103
13507,-0.045534
13508,-0.039052
13509,0.012915
13510,0.004014
13511,0.008365
13512,-0.029768
13513,-0.078275
13514,-0.058259
13515,0.015893
13516,0.048393
13517,0.040691
13518,0.038533
13519,0.059912
13520,0.080488
13521,0.053671
13522,-0.033385
13523,-0.043284
13524,-0.082474
13525,-0.093405
13526,-0.076514
13527,-0.071266
13528,-0.038831
13529,0.002297
13530,0.038989
13531,0.036972
13532,-0.003026
13533,0.002636
13534,0.080669
13535,0.097753
13536,0.088925
13537,0.028460
13538,-0.040022
13539,-0.066222
13540,-0.039783
13541,-0.054653
13542,-0.018607
13543,0.014414
13544,0.021563
13545,0.039343
13546,0.041742
13547,0.076655
13548,0.017602
13549,-0.081149
13550,-0.048662
13551,-0.002184
13552,0.039165
13553,-0.017925
13554,-0.026753
13555,-0.009047
13556,-0.010826
13557,-0.028887
13558,0.004657
13559,0.005728
13560,0.010876
13561,0.004262
13562,-0.014098
13563,-0.074793
13564,-0.026081
13565,-0.006936
13566,0.050956
13567,0.050675
13568,0.048183
13569,0.022065
13570,0.025641
13571,0.022682
13572,-0.018744
13573,-0.004363
13574,0.006387
13575,-0.040749
13576,-0.072109
13577,-0.044895
13578,-0.034461
13579,-0.036616
13580,-0.013808
13581,0.028971
13582,0.018375
13583,0.030043
13584,0.052919
13585,0.047208
13586,-0.013001
13587,0.002308
13588,0.013750
13589,-0.000573
13590,-0.021638
13591,-0.044994
13592,-0.014574
13593,0.021227
13594,-0.014564
13595,0.022583
13596,0.064600
13597,0.016530
13598,-0.006163
13599,0.005037
13600,-0.015736
13601,-0.050568
13602,-0.012575
13603,-0.021989
13604,-0.059591
13605,-0.022461
13606,0.042419
13607,0.063484
13608,0.041809
13609,0.004988
13610,0.000298
13611,-0.037597
13612,-0.080404
13613,-0.023955
13614,0.047888
13615,0.085504
13616,0.023716
13617,0.025098
13618,0.036440
13619,-0.019590
13620,-0.033096
13621,-0.078958
13622,-0.044212
13623,-0.007597
13624,0.023113
13625,0.013758
13626,0.033061
13627,0.009795
13628,-0.047710
13629,-0.052186
13630,0.009402
13631,0.042456
13632,0.038012
13633,0.041621
13634,-0.005986
13635,-0.040504
13636,-0.044622
13637,-0.034977
13638,0.016041
13639,0.048684
13640,-0.006701
13641,-0.051288
13642,-0.061671
13643,-0.075587
13644,-0.006190
13645,0.122849
13646,0.161027
13647,0.132807
13648,-0.016753
13649,-0.097812
13650,-0.123736
13651,-0.086842
13652,-0.027076
13653,0.012101
13654,0.042623
13655,0.050077
13656,0.036746
13657,-0.007461
13658,-0.065580
13659,-0.082722
13660,-0.042041
13661,-0.004425
13662,0.076809
13663,0.063688
13664,0.063279
13665,0.069002
13666,0.030026
13667,-0.008966
13668,-0.046914
13669,-0.056012
13670,-0.063087
13671,0.001366
13672,0.023064
13673,-0.018690
13674,0.028864
13675,0.009408
13676,-0.004705
13677,0.024153
13678,0.047633
13679,0.046964
13680,0.010309
13681,0.008211
13682,-0.012562
13683,-0.054381
13684,-0.062585
13685,-0.037748
13686,-0.077645
13687,-0.056061
13688,0.017223
13689,0.015327
13690,0.053211
13691,0.067101
13692,0.063020
13693,0.002713
13694,-0.000711
13695,0.030350
13696,0.030982
13697,0.026103
13698,-0.007667
13699,-0.101810
13700,-0.152891
13701,-0.090582
13702,0.000362
13703,0.042915
13704,0.106622
13705,0.093666
13706,0.022695
13707,-0.051342
13708,-0.082475
13709,-0.101316
13710,-0.038260
13711,0.061534
13712,0.051901
13713,0.038236
13714,0.057859
13715,0.071428
13716,0.034217
13717,-0.058674
13718,-0.049164
13719,-0.068989
13720,-0.029616
13721,0.040220
13722,0.068909
13723,0.042370
13724,-0.027627
13725,-0.049396
13726,-0.032046
13727,-0.008057
13728,0.044246
13729,0.066898
13730,0.025510
13731,-0.011756
13732,-0.047443
13733,-0.048443
13734,-0.035920
13735,0.022350
13736,0.107508
13737,0.064006
13738,0.031397
13739,-0.048260
13740,-0.117401
13741,-0.083530
13742,-0.077843
13743,-0.059298
13744,0.006866
13745,0.021717
13746,0.014340
13747,0.043697
13748,0.052228
13749,0.052620
13750,0.036023
13751,-0.001601
13752,0.019260
13753,-0.015056
13754,-0.049379
13755,-0.063033
13756,-0.031769
13757,-0.010548
13758,-0.026537
13759,0.050225
13760,0.075824
13761,0.041535
13762,0.036205
13763,0.015701
13764,0.014314
13765,0.007012
13766,-0.025092
13767,-0.053791
13768,-0.036441
13769,-0.059223
13770,0.030271
13771,0.068149
13772,0.021368
13773,-0.006809
13774,-0.040565
13775,-0.041623
13776,-0.030148
13777,0.047647
13778,0.068267
13779,0.053149
13780,0.003793
13781,-0.020989
13782,-0.046399
13783,-0.029069
13784,-0.056146
13785,-0.049516
13786,0.025708
13787,0.041899
13788,0.067412
13789,0.012881
13790,-0.008583
13791,-0.025172
13792,-0.023770
13793,0.027886
13794,0.000965
13795,-0.035193
13796,-0.040963
13797,-0.029700
13798,-0.040603
13799,-0.002829
13800,0.061223
13801,0.046364
13802,0.044170
13803,-0.003616
13804,-0.026373
13805,-0.009765
13806,0.000185
13807,-0.026748
13808,-0.057888
13809,0.000908
13810,0.028206
13811,0.019386
13812,0.034202
13813,0.030693
13814,0.006682
13815,-0.009725
13816,-0.013921
13817,0.020656
13818,-0.022834
13819,0.032102
13820,0.010509
13821,-0.000714
13822,0.061817
13823,0.041842
13824,0.007227
13825,-0.022497
13826,-0.043184
13827,-0.091778
13828,-0.082198
13829,-0.060759
13830,-0.056060
13831,-0.015052
13832,0.010629
13833,0.045481
13834,0.068429
13835,0.032770
13836,0.063974
13837,0.092117
13838,0.038531
13839,-0.043506
13840,-0.052543
13841,-0.066986
13842,-0.036981
13843,-0.018729
13844,-0.019899
13845,-0.004597
13846,0.039110
13847,0.020059
13848,0.018891
13849,0.016765
13850,-0.034917
13851,-0.027677
13852,0.031987
13853,0.050844
13854,0.026196
13855,0.021397
13856,0.006067
13857,-0.039060
13858,-0.055625
13859,-0.032913
13860,-0.020528
13861,-0.037504
13862,0.005481
13863,0.039458
13864,0.023452
13865,0.025047
13866,-0.010375
13867,0.008183
13868,-0.007244
13869,-0.003779
13870,-0.010604
13871,-0.013391
13872,-0.001931
13873,0.013596
13874,0.020416
13875,0.021514
13876,0.055767
13877,-0.054988
13878,-0.042433
13879,0.012997
13880,-0.011216
13881,0.018754
13882,0.015252
13883,-0.006256
13884,-0.046090
13885,-0.075029
13886,-0.006429
13887,0.076468
13888,0.052659
13889,0.077627
13890,0.047325
13891,-0.008629
13892,-0.079232
13893,-0.099683
13894,-0.038317
13895,-0.039803
13896,-0.000315
13897,0.024264
13898,0.014017
13899,0.022198
13900,0.051044
13901,0.069542
13902,0.001352
13903,-0.006716
13904,0.018583
13905,-0.057473
13906,-0.081637
13907,-0.027299
13908,-0.017505
13909,0.024339
13910,0.025047
13911,0.051720
13912,0.065099
13913,0.043926
13914,0.002124
13915,-0.048799
13916,-0.047473
13917,-0.037861
13918,-0.013988
13919,0.002908
13920,-0.009165
13921,0.003454
13922,0.002980
13923,-0.008011
13924,-0.011645
13925,0.006905
13926,0.040174
13927,0.010262
13928,-0.026657
13929,-0.017737
13930,0.002141
13931,0.017553
13932,0.014252
13933,-0.045598
13934,-0.013365
13935,0.020618
13936,0.041363
13937,0.017426
13938,0.039447
13939,0.055030
13940,0.033811
13941,0.014259
13942,-0.026685
13943,-0.100526
13944,-0.094572
13945,-0.012523
13946,0.045374
13947,0.022332
13948,-0.047159
13949,-0.019472
13950,0.016001
13951,0.012616
13952,-0.021714
13953,0.000655
13954,0.025006
13955,0.028126
13956,-0.010236
13957,-0.034005
13958,-0.035170
13959,0.004178
13960,-0.018489
13961,0.053519
13962,0.068815
13963,-0.001688
13964,-0.056975
13965,-0.041538
13966,-0.009933
13967,-0.031014
13968,0.034349
13969,-0.013841
13970,-0.031010
13971,-0.002042
13972,-0.000902
13973,-0.013198
13974,0.021698
13975,0.005194
13976,0.025997
13977,0.038745
13978,0.051802
13979,0.045444
13980,-0.004595
13981,-0.015621
13982,0.004265
13983,0.010190
13984,-0.007546
13985,-0.033375
13986,-0.057565
13987,-0.090361
13988,-0.078413
13989,-0.061707
13990,0.023704
13991,0.000430
13992,-0.058323
13993,0.006369
13994,0.036266
13995,0.046314
13996,0.032871
13997,-0.006319
13998,0.000565
13999,-0.005067
14000,0.001252
14001,-0.009836
14002,0.031568
14003,0.070925
14004,0.021160
14005,0.013166
14006,-0.066619
14007,-0.082600
14008,0.001744
14009,0.064679
14010,0.104792
14011,0.090869
14012,-0.045449
14013,-0.081294
14014,-0.073731
14015,-0.066073
14016,0.005313
14017,-0.012759
14018,-0.025151
14019,-0.022601
14020,-0.029529
14021,0.008537
14022,0.026545
14023,0.016481
14024,0.058680
14025,0.082821
14026,0.075492
14027,0.019123
14028,0.011494
14029,-0.009507
14030,-0.060619
14031,-0.085530
14032,-0.078094
14033,-0.004152
14034,-0.021222
14035,-0.033188
14036,-0.003764
14037,0.018371
14038,0.047108
14039,0.054728
14040,0.037336
14041,0.013040
14042,0.009695
14043,-0.014464
14044,-0.019357
14045,-0.026491
14046,-0.042678
14047,-0.008689
14048,-0.004744
14049,-0.035875
14050,-0.062981
14051,-0.018228
14052,0.020190
14053,0.102951
14054,0.040120
14055,-0.009001
14056,0.007999
14057,-0.041174
14058,-0.034840
14059,0.065887
14060,0.093437
14061,0.040178
14062,0.034627
14063,-0.004480
14064,-0.017697
14065,-0.062326
14066,-0.050038
14067,-0.048860
14068,-0.051258
14069,-0.067954
14070,-0.037729
14071,-0.015615
14072,0.020232
14073,0.038815
14074,0.047518
14075,0.031193
14076,0.043931
14077,0.002538
14078,-0.019570
14079,-0.003742
14080,0.019861
14081,0.028130
14082,0.025156
14083,0.003450
14084,0.031179
14085,0.046774
14086,-0.018819
14087,-0.072459
14088,-0.078313
14089,-0.066230
14090,-0.018261
14091,0.010248
14092,0.004653
14093,0.022488
14094,0.084129
14095,0.074801
14096,0.010948
14097,-0.017602
14098,-0.032460
14099,-0.078019
14100,-0.080456
14101,-0.072427
14102,-0.059658
14103,-0.031750
14104,0.014292
14105,0.044952
14106,0.091855
14107,0.098116
14108,0.089259
14109,0.087537
14110,0.007566
14111,-0.012863
14112,-0.037440
14113,-0.090669
14114,-0.081204
14115,-0.042577
14116,0.026698
14117,0.041600
14118,0.045106
14119,0.034024
14120,-0.002857
14121,0.005849
14122,0.007464
14123,-0.029298
14124,-0.049174
14125,-0.059162
14126,-0.012425
14127,0.011476
14128,0.038453
14129,-0.040430
14130,-0.067486
14131,-0.005343
14132,0.037371
14133,0.066994
14134,0.070580
14135,0.040957
14136,-0.016246
14137,0.002600
14138,0.005955
14139,-0.003435
14140,-0.020222
14141,0.034322
14142,-0.011495
14143,-0.026033
14144,-0.032906
14145,-0.005375
14146,-0.051042
14147,-0.075519
14148,-0.019971
14149,0.036606
14150,0.003448
14151,-0.025855
14152,-0.027500
14153,0.008209
14154,0.069701
14155,0.036692
14156,0.016519
14157,0.017536
14158,-0.029174
14159,-0.036827
14160,-0.025267
14161,-0.005690
14162,-0.023973
14163,-0.013019
14164,0.056710
14165,0.023954
14166,0.040009
14167,0.056264
14168,-0.022740
14169,-0.030846
14170,-0.026809
14171,-0.014093
14172,0.023078
14173,-0.016782
14174,-0.014097
14175,0.024281
14176,0.053579
14177,0.021606
14178,-0.026148
14179,-0.080013
14180,-0.095563
14181,-0.045723
14182,0.017161
14183,0.048065
14184,0.061323
14185,0.057949
14186,0.046339
14187,0.021725
14188,-0.053785
14189,-0.030320
14190,0.022157
14191,0.083634
14192,0.067614
14193,0.004047
14194,-0.031649
14195,-0.090044
14196,-0.107306
14197,-0.046437
14198,0.005358
14199,0.021880
14200,0.045490
14201,0.003449
14202,-0.008712
14203,-0.049525
14204,-0.008106
14205,-0.014481
14206,0.017988
14207,0.038557
14208,-0.009778
14209,0.001944
14210,0.041119
14211,0.048264
14212,0.032601
14213,-0.032343
14214,-0.004756
14215,-0.028381
14216,-0.061691
14217,-0.047477
14218,-0.004766
14219,0.037690
14220,0.024471
14221,0.072496
14222,0.021583
14223,-0.037340
14224,-0.024820
14225,0.018553
14226,-0.005173
14227,-0.025664
14228,-0.010527
14229,-0.007731
14230,0.003387
14231,0.002521
14232,0.017877
14233,0.061260
14234,0.011021
14235,-0.001430
14236,0.013169
14237,0.002432
14238,-0.019528
14239,-0.045052
14240,-0.067205
14241,-0.036133
14242,-0.024447
14243,-0.025693
14244,0.000517
14245,0.040033
14246,0.028206
14247,0.057906
14248,0.026364
14249,0.011995
14250,-0.010163
14251,-0.059145
14252,-0.019197
14253,-0.020723
14254,-0.001599
14255,0.003564
14256,-0.004455
14257,-0.101242
14258,-0.100228
14259,-0.033491
14260,0.050344
14261,0.139240
14262,0.088632
14263,0.089944
14264,0.044603
14265,-0.018004
14266,-0.019123
14267,0.002793
14268,-0.004974
14269,0.007497
14270,0.029984
14271,-0.040513
14272,334.551483
14273,1213.277100
14274,185.402740
14275,483.132965
14276,1437.569214
14277,-47.052937
14278,-23.657801
14279,16.643742
14280,40.216633
14281,37.838696
14282,-6.732691
14283,-40.445591
14284,-46.638069
14285,-18.643463
14286,22.147551
14287,19.547419
14288,10.964468
14289,21.701012
14290,27.149565
14291,24.243567
14292,-0.865096
14293,-16.997471
14294,-12.808321
14295,-26.452278
14296,-11.101262
14297,-6.608246
14298,-0.556105
14299,3.734162
14300,3.823976
14301,-4.970841
14302,11.278723
14303,14.832092
14304,-15.279721
14305,-32.872395
14306,-36.479389
14307,-5.940649
14308,-2.032834
14309,5.617566
14310,47.422070
14311,72.366379
14312,46.682381
14313,3.536347
14314,-32.233395
14315,-46.457523
14316,-24.482693
14317,-24.317240
14318,-7.435972
14319,7.933887
14320,0.917457
14321,17.049137
14322,35.045490
14323,33.629143
14324,26.497679
14325,2.528842
14326,-6.789989
14327,-0.066837
14328,-0.020443
14329,0.013411
14330,0.036000
14331,0.038521
14332,0.043789
14333,0.024115
14334,-0.012125
14335,-0.062945
14336,-0.086799
14337,-0.090484
14338,-0.093439
14339,-0.017631
14340,0.030754
14341,0.094296
14342,0.090169
14343,0.039574
14344,0.012797
14345,0.009976
14346,0.025137
14347,0.038769
14348,-0.009447
14349,-0.028181
14350,0.041378
14351,0.003038
14352,-0.094802
14353,-0.109796
14354,-0.025191
14355,0.029684
14356,0.017154
14357,0.049407
14358,0.016514
14359,-0.041846
14360,-0.019722
14361,-0.012531
14362,-0.011285
14363,0.018764
14364,0.063084
14365,0.062812
14366,0.069439
14367,0.013082
14368,-0.001487
14369,-0.013138
14370,-0.036642
14371,-0.040336
14372,-0.031078
14373,-0.084396
14374,-0.040793
14375,0.031740
14376,0.041508
14377,0.005534
14378,0.014358
14379,-0.035145
14380,0.032128
14381,0.065150
14382,0.038060
14383,0.009855
14384,-0.046842
14385,-0.042285
14386,-0.076080
14387,-0.054267
14388,0.010574
14389,0.000654
14390,0.055393
14391,0.085679
14392,0.072197
14393,0.007066
14394,-0.084323
14395,-0.090425
14396,-0.078671
14397,-0.014089
14398,0.023591
14399,0.041813
14400,0.049043
14401,0.036977
14402,0.010372
14403,0.014065
14404,0.021818
14405,0.031466
14406,-0.022695
14407,-0.045188
14408,0.002028
14409,-0.036220
14410,-0.048245
14411,-0.032278
14412,-0.025695
14413,0.013703
14414,0.043775
14415,0.022034
14416,0.014098
14417,-0.033008
14418,-0.047025
14419,0.003432
14420,0.046595
14421,0.066284
14422,0.048753
14423,0.021005
14424,-0.037006
14425,-0.067060
14426,-0.046365
14427,-0.000487
14428,0.050883
14429,-0.006393
14430,0.003871
14431,-0.019245
14432,-0.008237
14433,0.007202
14434,0.019131
14435,0.013894
14436,0.054570
14437,0.043551
14438,0.008066
14439,-0.028208
14440,-0.066325
14441,-0.039112
14442,-0.013740
14443,-0.045829
14444,-0.002566
14445,-0.072620
14446,-0.087600
14447,0.026658
14448,-0.003549
14449,-0.023107
14450,0.011194
14451,0.002892
14452,0.096307
14453,0.031570
14454,-0.001863
14455,0.058197
14456,-0.035818
14457,0.011203
14458,-0.002564
14459,-0.042178
14460,0.009554
14461,0.004152
14462,0.006439
14463,0.095362
14464,0.014148
14465,0.007957
14466,0.001643
14467,-0.019673
14468,0.021902
14469,-0.035330
14470,-0.052526
14471,-0.015256
14472,-0.075183
14473,-0.013717
14474,0.035860
14475,-0.015508
14476,0.033146
14477,0.015640
14478,0.013166
14479,0.033732
14480,-0.045122
14481,-0.016176
14482,-0.008745
14483,-0.042632
14484,0.021040
14485,0.062826
14486,-0.037844
14487,-0.000105
14488,-0.022253
14489,-0.007451
14490,0.048630
14491,0.006786
14492,0.033154
14493,-0.027584
14494,-0.044412
14495,0.024013
14496,0.003646
14497,0.024717
14498,0.019501
14499,-0.000902
14500,0.063136
14501,-0.001023
14502,-0.069599
14503,-0.096710
14504,-0.075731
14505,0.001051
14506,0.016852
14507,0.001196
14508,0.031927
14509,0.058185
14510,0.041227
14511,0.085143
14512,0.053271
14513,-0.020585
14514,-0.031436
14515,-0.104048
14516,-0.065218
14517,-0.021765
14518,0.009415
14519,0.068663
14520,0.079503
14521,0.062012
14522,0.005117
14523,-0.005946
14524,-0.004310
14525,-0.000903
14526,-0.071529
14527,-0.045177
14528,-0.033612
14529,-0.066421
14530,-0.029855
14531,-0.012799
14532,0.017856
14533,0.114107
14534,0.054369
14535,-0.004206
14536,-0.048674
14537,-0.028310
14538,0.064450
14539,0.043543
14540,0.037959
14541,0.038816
14542,-0.024325
14543,-0.007613
14544,-0.025846
14545,-0.041859
14546,-0.087132
14547,-0.064818
14548,-0.067925
14549,-0.043208
14550,-0.015849
14551,0.008256
14552,0.038692
14553,0.062069
14554,0.035047
14555,0.025615
14556,0.023923
14557,0.023362
14558,-0.033711
14559,0.026944
14560,0.069027
14561,-0.032234
14562,-0.035862
14563,-0.038709
14564,-0.075387
14565,0.037607
14566,0.051541
14567,0.072340
14568,0.074546
14569,0.010789
14570,0.001026
14571,-0.021407
14572,-0.072241
14573,-0.026119
14574,0.017205
14575,0.045865
14576,0.027216
14577,-0.042703
14578,-0.026563
14579,-0.046616
14580,-0.108421
14581,-0.080990
14582,-0.027027
14583,0.020607
14584,0.061492
14585,0.036165
14586,0.015600
14587,0.020476
14588,0.000740
14589,-0.028704
14590,0.033755
14591,0.005657
14592,0.002006
14593,-0.010947
14594,0.034385
14595,0.047945
14596,0.027805
14597,0.029203
14598,-0.025556
14599,-0.060004
14600,-0.040552
14601,-0.070695
14602,-0.057860
14603,0.018480
14604,-0.004990
14605,0.022272
14606,0.055194
14607,0.083419
14608,0.065236
14609,-0.021451
14610,-0.063927
14611,-0.007548
14612,0.042017
14613,0.090276
14614,0.081923
14615,0.007359
14616,-0.071482
14617,-0.112308
14618,-0.069746
14619,-0.070496
14620,-0.050913
14621,-0.043748
14622,-0.016711
14623,0.062518
14624,0.041130
14625,0.042238
14626,0.067456
14627,0.031973
14628,0.043578
14629,0.004432
14630,0.007150
14631,0.015190
14632,-0.024996
14633,-0.019982
14634,-0.048440
14635,-0.064652
14636,-0.025092
14637,-0.035236
14638,-0.030783
14639,0.031700
14640,0.023236
14641,0.043446
14642,0.037349
14643,-0.050542
14644,-0.092360
14645,-0.045616
14646,-0.023377
14647,0.011754
14648,0.066741
14649,0.046657
14650,0.084149
14651,0.052022
14652,0.005031
14653,0.013634
14654,-0.011075
14655,-0.062908
14656,-0.023021
14657,-0.016628
14658,-0.000548
14659,0.060568
14660,0.016975
14661,-0.028720
14662,0.012790
14663,-0.005392
14664,-0.007490
14665,-0.019738
14666,-0.009298
14667,0.042319
14668,0.008740
14669,-0.064381
14670,-0.019271
14671,-0.022615
14672,-0.044582
14673,-0.011046
14674,0.009008
14675,0.085622
14676,0.068500
14677,0.031211
14678,-0.003712
14679,-0.060206
14680,-0.055658
14681,-0.038870
14682,-0.061479
14683,-0.043830
14684,0.031935
14685,0.073266
14686,0.085574
14687,0.057677
14688,0.014016
14689,-0.030645
14690,-0.055577
14691,-0.042643
14692,0.036108
14693,0.054879
14694,0.009986
14695,-0.005670
14696,-0.052953
14697,-0.059433
14698,-0.054958
14699,-0.052353
14700,0.004167
14701,0.003575
14702,0.021464
14703,0.040340
14704,0.006478
14705,0.048945
14706,0.033658
14707,0.000877
14708,0.007563
14709,-0.027787
14710,0.011950
14711,0.018227
14712,0.016432
14713,0.062332
14714,0.018867
14715,0.014123
14716,-0.036369
14717,-0.094794
14718,-0.093387
14719,-0.005920
14720,0.024915
14721,0.038569
14722,0.026590
14723,0.022049
14724,-0.004310
14725,-0.035729
14726,-0.053087
14727,0.014522
14728,0.036786
14729,0.012994
14730,-0.031128
14731,-0.052968
14732,-0.056563
14733,-0.039803
14734,-0.024518
14735,0.018077
14736,0.021897
14737,0.052891
14738,0.072531
14739,0.059867
14740,0.011733
14741,0.043741
14742,0.054584
14743,0.041093
14744,-0.003444
14745,-0.074551
14746,-0.121305
14747,-0.055434
14748,-0.003546
14749,0.012565
14750,0.024494
14751,0.025288
14752,0.036828
14753,-0.025390
14754,-0.064085
14755,0.015779
14756,-0.004042
14757,0.035640
14758,0.044377
14759,-0.031222
14760,-0.028949
14761,-0.060130
14762,-0.014127
14763,0.049360
14764,0.049135
14765,-0.016020
14766,0.007841
14767,-0.034768
14768,-0.022086
14769,-0.008326
14770,0.002783
14771,0.027137
14772,0.028830
14773,0.008900
14774,0.024878
14775,-0.024887
14776,346.367523
14777,1174.393066
14778,169.881027
14779,537.784912
14780,1491.083984
14781,-39.803383
14782,-56.364948
14783,-34.890713
14784,-1.916961
14785,-3.767211
14786,7.598180
14787,37.376694
14788,19.979980
14789,3.915182
14790,-0.350623
14791,0.651648
14792,-5.588492
14793,-24.488127
14794,-9.514886
14795,11.521789
14796,15.125503
14797,-2.371351
14798,1.488982
14799,24.990665
14800,24.166729
14801,-3.854800
14802,-18.310053
14803,-33.983757
14804,-45.512196
14805,-25.081978
14806,6.427171
14807,13.992517
14808,29.439398
14809,24.514519
14810,23.962084
14811,9.126511
14812,5.584003
14813,-4.501369
14814,-3.164927
14815,9.401328
14816,15.897143
14817,-10.351199
14818,-33.041878
14819,-31.403936
14820,-23.925884
14821,-25.881639
14822,-11.238303
14823,9.010743
14824,30.707973
14825,27.224089
14826,21.757013
14827,27.563206
14828,-1.662257
14829,-29.201336
14830,-12.840683
14831,-0.019125
14832,-0.012232
14833,0.036158
14834,0.047070
14835,0.025673
14836,0.012095
14837,-0.015726
14838,-0.037561
14839,-0.024381
14840,-0.086831
14841,-0.044216
14842,0.031431
14843,-0.003751
14844,-0.009040
14845,0.014222
14846,0.034574
14847,0.067046
14848,0.025296
14849,-0.014737
14850,0.066656
14851,0.061027
14852,0.024022
14853,0.015932
14854,-0.020452
14855,-0.014121
14856,-0.063606
14857,-0.090382
14858,-0.080177
14859,-0.073709
14860,-0.051974
14861,-0.025235
14862,-0.033458
14863,0.020246
14864,0.126873
14865,0.107578
14866,0.077143
14867,0.046730
14868,-0.010015
14869,-0.039194
14870,-0.042587
14871,-0.052819
14872,-0.071311
14873,-0.015235
14874,-0.009738
14875,0.009010
14876,-0.008818
14877,-0.043795
14878,0.066156
14879,0.083851
14880,0.036245
14881,0.089266
14882,0.042084
14883,0.038164
14884,0.050435
14885,-0.019679
14886,-0.043545
14887,-0.091003
14888,-0.086072
14889,-0.046676
14890,0.014233
14891,0.031352
14892,0.024724
14893,0.018684
14894,-0.046981
14895,-0.090128
14896,-0.085138
14897,-0.003449
14898,0.033539
14899,0.053865
14900,0.072358
14901,-0.048431
14902,-0.014252
14903,0.026967
14904,0.034611
14905,0.016211
14906,-0.015313
14907,-0.039208
14908,-0.001875
14909,-0.075178
14910,-0.047454
14911,0.056666
14912,0.040913
14913,0.046283
14914,0.052968
14915,-0.003334
14916,0.001663
14917,-0.023616
14918,-0.084692
14919,-0.022274
14920,-0.032901
14921,-0.012881
14922,0.009603
14923,-0.003975
14924,-0.034798
14925,0.019485
14926,0.070610
14927,0.064278
14928,0.033480
14929,0.034615
14930,0.037429
14931,0.002413
14932,0.009560
14933,0.025616
14934,-0.062504
14935,-0.078027
14936,-0.036438
14937,-0.024379
14938,0.049533
14939,0.140680
14940,0.038436
14941,-0.004001
14942,-0.038517
14943,-0.107218
14944,-0.129044
14945,-0.076855
14946,-0.017707
14947,0.045047
14948,0.058591
14949,0.038203
14950,0.046579
14951,0.009415
14952,0.018773
14953,0.016898
14954,-0.014611
14955,0.001996
14956,-0.017697
14957,-0.055972
14958,-0.040754
14959,-0.073519
14960,-0.062123
14961,0.048188
14962,0.067914
14963,0.051778
14964,0.039281
14965,0.014371
14966,0.052487
14967,0.014385
14968,-0.059082
14969,-0.034795
14970,-0.038977
14971,0.017126
14972,0.061657
14973,0.028793
14974,0.008137
14975,-0.017200
14976,-0.019352
14977,-0.031381
14978,0.004326
14979,-0.020564
14980,-0.005080
14981,-0.040082
14982,-0.064662
14983,0.010648
14984,-0.001161
14985,-0.004479
14986,0.039340
14987,0.015659
14988,0.033368
14989,0.048653
14990,0.043736
14991,0.029434
14992,-0.014224
14993,-0.031442
14994,-0.042615
14995,-0.084114
14996,-0.097381
14997,-0.059163
14998,0.006928
14999,0.016316
15000,0.034422
15001,-0.005291
15002,-0.008788
15003,0.020113
15004,-0.006628
15005,0.064824
15006,0.065937
15007,0.017659
15008,0.000816
15009,-0.034575
15010,-0.012351
15011,0.034939
15012,0.004468
15013,0.014905
15014,-0.000093
15015,-0.034351
15016,-0.006685
15017,0.034721
15018,0.072133
15019,0.020462
15020,-0.018862
15021,-0.063266
15022,-0.045291
15023,-0.031420
15024,0.020055
15025,0.021893
15026,0.048070
15027,0.034183
15028,-0.002032
15029,0.003782
15030,-0.049208
15031,-0.061582
15032,-0.015696
15033,-0.056202
15034,-0.044572
15035,0.040115
15036,0.017007
15037,0.001512
15038,-0.009652
15039,-0.038823
15040,-0.001129
15041,0.033076
15042,0.027645
15043,-0.006246
15044,-0.070964
15045,-0.068916
15046,-0.066210
15047,0.016395
15048,0.053897
15049,0.071697
15050,0.064521
15051,0.075065
15052,0.028391
15053,-0.033364
15054,-0.037217
15055,-0.043188
15056,-0.036010
15057,-0.004844
15058,-0.024400
15059,0.023364
15060,0.052915
15061,0.046646
15062,0.050579
15063,0.036958
15064,-0.021217
15065,-0.030506
15066,-0.014194
15067,-0.025848
15068,0.022695
15069,0.033177
15070,0.066403
15071,0.013758
15072,-0.038432
15073,-0.051927
15074,-0.057801
15075,-0.040046
15076,0.007757
15077,0.006330
15078,0.022701
15079,0.000530
15080,-0.034639
15081,-0.021568
15082,0.005926
15083,-0.022599
15084,-0.006539
15085,0.029120
15086,-0.009588
15087,-0.003553
15088,0.002431
15089,-0.026545
15090,-0.038098
15091,-0.051011
15092,-0.036669
15093,0.016669
15094,0.021486
15095,0.022676
15096,0.031764
15097,0.005621
15098,0.038034
15099,0.028590
15100,0.007110
15101,0.037779
15102,0.023878
15103,-0.010176
15104,0.016228
15105,0.007597
15106,-0.012381
15107,-0.039283
15108,-0.059166
15109,-0.052596
15110,-0.016041
15111,-0.000692
15112,0.005007
15113,0.038349
15114,0.007380
15115,-0.018679
15116,-0.011935
15117,0.013003
15118,0.028568
15119,0.036020
15120,0.028865
15121,0.017303
15122,0.048898
15123,0.006530
15124,-0.006680
15125,-0.016859
15126,0.011881
15127,0.011478
15128,0.029344
15129,0.002291
15130,-0.077732
15131,-0.069255
15132,-0.065792
15133,-0.004034
15134,0.044156
15135,0.043435
15136,0.025799
15137,-0.037149
15138,-0.047684
15139,-0.081880
15140,-0.060323
15141,0.006904
15142,0.029445
15143,0.013513
15144,0.005006
15145,-0.050647
15146,0.005409
15147,0.046441
15148,0.061852
15149,0.084178
15150,0.019319
15151,-0.047837
15152,0.008356
15153,0.035377
15154,0.012128
15155,0.031182
15156,0.034731
15157,0.032499
15158,-0.055148
15159,-0.076121
15160,-0.055572
15161,-0.045828
15162,0.010163
15163,0.033418
15164,0.035245
15165,0.034938
15166,0.006120
15167,-0.035291
15168,-0.054043
15169,-0.052197
15170,0.009851
15171,0.097752
15172,0.039966
15173,0.008437
15174,0.026475
15175,0.024035
15176,-0.005622
15177,-0.014476
15178,0.023538
15179,-0.010209
15180,-0.096164
15181,-0.059452
15182,-0.065713
15183,-0.065234
15184,-0.069489
15185,-0.024846
15186,-0.024432
15187,0.029783
15188,0.103209
15189,0.139328
15190,0.082751
15191,0.004540
15192,-0.024902
15193,0.018693
15194,0.011403
15195,-0.062527
15196,-0.061574
15197,0.011767
15198,0.065160
15199,0.052393
15200,0.021600
15201,-0.042065
15202,-0.067031
15203,0.021635
15204,-0.011992
15205,-0.068880
15206,-0.034068
15207,0.010594
15208,0.074751
15209,0.069617
15210,0.062103
15211,-0.011294
15212,-0.034155
15213,-0.017607
15214,-0.035957
15215,-0.035736
15216,-0.031422
15217,-0.024593
15218,-0.026264
15219,-0.019981
15220,-0.007222
15221,-0.030987
15222,-0.036262
15223,0.011618
15224,0.061963
15225,0.052812
15226,0.044477
15227,0.083369
15228,0.070498
15229,0.016691
15230,-0.035781
15231,-0.051581
15232,-0.032258
15233,-0.024157
15234,0.001676
15235,-0.059594
15236,-0.070618
15237,-0.039304
15238,-0.026283
15239,-0.049683
15240,0.024086
15241,0.066326
15242,0.067495
15243,0.062242
15244,-0.008720
15245,0.022542
15246,-0.009027
15247,-0.063460
15248,-0.048925
15249,-0.000489
15250,0.048619
15251,0.089732
15252,0.071158
15253,0.026159
15254,0.004617
15255,-0.018695
15256,-0.047134
15257,-0.020986
15258,-0.045869
15259,-0.092734
15260,-0.043139
15261,-0.041646
15262,0.036091
15263,0.094473
15264,0.072254
15265,0.001847
15266,-0.065669
15267,-0.060039
15268,-0.021964
15269,-0.003605
15270,0.048071
15271,0.070611
15272,0.032328
15273,0.005928
15274,-0.019606
15275,-0.029065
15276,-0.034632
15277,-0.033917
15278,-0.059452
15279,-0.031372
15280,0.036961
15281,0.051345
15282,0.043410
15283,0.037281
15284,0.008073
15285,-0.018978
15286,-0.006380
15287,-0.008677
15288,0.024782
15289,0.022088
15290,-0.047014
15291,-0.045938
15292,-0.084725
15293,-0.112171
15294,-0.062374
15295,0.027596
15296,0.081011
15297,0.071545
15298,0.106031
15299,0.115195
15300,0.054478
15301,0.015052
15302,-0.008107
15303,-0.038542
15304,-0.029393
15305,-0.015442
15306,-0.022750
15307,0.018411
15308,-0.015056
15309,-0.063706
15310,-0.073877
15311,-0.099553
15312,-0.056387
15313,0.063900
15314,0.107348
15315,0.055241
15316,0.047620
15317,0.002726
15318,-0.020069
15319,0.023988
15320,-0.011669
15321,-0.039312
15322,-0.058273
15323,-0.015761
15324,-0.014719
15325,-0.003181
15326,0.026727
15327,0.029883
15328,-0.011595
15329,-0.053945
15330,-0.023197
15331,-0.033953
15332,-0.055869
15333,-0.017345
15334,0.009061
15335,0.065845
15336,0.076793
15337,0.104250
15338,0.070479
15339,0.001823
15340,-0.077626
15341,-0.076157
15342,-0.008079
15343,-0.058995
15344,-0.050261
15345,0.030828
15346,0.050449
15347,0.044452
15348,0.082594
15349,0.089559
15350,0.038464
15351,-0.057614
15352,-0.102560
15353,-0.058831
15354,-0.039872
15355,-0.032682
15356,-0.029611
15357,-0.006099
15358,0.044805
15359,0.022206
15360,0.046063
15361,0.022953
15362,-0.010323
15363,-0.028079
15364,-0.076160
15365,-0.102935
15366,0.006703
15367,0.090324
15368,0.125330
15369,0.111376
15370,0.054927
15371,0.010703
15372,-0.063500
15373,-0.094589
15374,-0.074524
15375,-0.072590
15376,0.019470
15377,0.002733
15378,-0.003418
15379,0.008688
15380,0.004700
15381,0.005387
15382,0.009742
15383,-0.000665
15384,0.031567
15385,0.048704
15386,0.031017
15387,0.006178
15388,-0.001675
15389,-0.023656
15390,-0.001967
15391,0.018511
15392,-0.007341
15393,-0.023631
15394,-0.038512
15395,-0.042239
15396,-0.062268
15397,-0.003788
15398,0.022776
15399,-0.036076
15400,-0.031101
15401,0.013609
15402,0.046201
15403,0.079547
15404,0.075570
15405,0.031735
15406,0.041598
15407,-0.005649
15408,-0.049533
15409,-0.088611
15410,-0.040950
15411,0.040307
15412,0.027577
15413,-0.011775
15414,-0.022270
15415,-0.025580
15416,-0.022166
15417,0.018682
15418,-0.019509
15419,0.018599
15420,0.049863
15421,-0.003908
15422,-0.034323
15423,-0.032545
15424,-0.054731
15425,-0.050696
15426,0.011110
15427,0.007523
15428,0.032731
15429,0.039027
15430,0.003119
15431,0.045255
15432,0.060480
15433,-0.001120
15434,-0.014736
15435,-0.033091
15436,-0.063557
15437,-0.038190
15438,-0.014953
15439,-0.017860
15440,0.036444
15441,0.079936
15442,0.062419
15443,0.108202
15444,0.120393
15445,0.082424
15446,0.056296
15447,-0.025316
15448,-0.093129
15449,-0.095991
15450,-0.060070
15451,-0.069435
15452,-0.108535
15453,-0.063371
15454,-0.050420
15455,-0.032619
15456,0.000936
15457,0.042809
15458,0.087243
15459,0.052827
15460,0.067036
15461,0.083063
15462,0.028562
15463,-0.016909
15464,-0.042286
15465,-0.099921
15466,-0.085223
15467,-0.050327
15468,-0.007213
15469,0.013199
15470,0.006675
15471,0.016509
15472,0.047263
15473,0.045679
15474,0.053005
15475,0.012745
15476,0.016459
15477,0.044032
15478,-0.028077
15479,-0.041029
15480,-0.050671
15481,-0.027738
15482,0.031310
15483,0.062076
15484,0.001710
15485,-0.039249
15486,-0.076760
15487,-0.039480
15488,0.051621
15489,0.046738
15490,0.023704
15491,-0.022873
15492,-0.047956
15493,0.003352
15494,0.065487
15495,0.078148
15496,0.032576
15497,-0.053395
15498,-0.067949
15499,-0.076242
15500,-0.056237
15501,-0.016017
15502,0.017562
15503,0.066557
15504,0.055668
15505,0.008467
15506,-0.026414
15507,0.000031
15508,0.034120
15509,0.045026
15510,0.000261
15511,-0.055957
15512,-0.125833
15513,-0.060649
15514,0.003482
15515,0.005447
15516,0.030259
15517,0.077342
15518,0.082121
15519,0.047795
15520,0.037527
15521,0.032850
15522,-0.041181
15523,-0.063357
15524,-0.052144
15525,-0.047625
15526,-0.076949
15527,-0.008409
15528,0.046709
15529,0.079541
15530,0.015463
15531,0.003233
15532,0.026070
15533,-0.030007
15534,-0.057854
15535,-0.032203
15536,-0.008751
15537,0.021173
15538,-0.019883
15539,-0.010067
15540,0.001655
15541,-0.027475
15542,-0.025341
15543,0.039883
15544,0.062029
15545,0.041030
15546,0.040987
15547,0.034051
15548,0.050431
15549,0.026679
15550,-0.044466
15551,-0.065136
15552,-0.054439
15553,-0.064308
15554,0.004302
15555,0.030796
15556,0.007981
15557,0.018377
15558,-0.021492
15559,-0.042699
15560,-0.027317
15561,-0.031141
15562,-0.006223
15563,0.029208
15564,0.047589
15565,0.031059
15566,-0.014246
15567,-0.020834
15568,-0.017985
15569,0.001645
15570,0.022874
15571,-0.001695
15572,0.003633
15573,-0.010646
15574,-0.000283
15575,0.021837
15576,-0.039734
15577,-0.013161
15578,0.043712
15579,-0.001593
15580,-0.019444
15581,-0.053596
15582,0.009587
15583,0.058667
15584,0.013109
15585,0.059940
15586,0.021837
15587,-0.027383
15588,-0.035474
15589,-0.054059
15590,-0.017414
15591,0.003256
15592,0.024165
15593,0.020225
15594,0.011683
15595,-0.033843
15596,-0.032468
15597,-0.037266
15598,-0.026251
15599,0.034856
15600,0.031286
15601,0.009322
15602,0.020635
15603,0.008428
15604,0.034849
15605,0.048036
15606,0.028676
15607,0.012890
15608,-0.033574
15609,-0.060687
15610,-0.078496
15611,-0.024108
15612,-0.037922
15613,-0.034263
15614,0.006306
15615,0.004548
15616,0.022911
15617,0.023490
15618,0.008271
15619,0.038339
15620,0.059233
15621,0.037079
15622,-0.009385
15623,-0.036900
15624,0.006258
15625,0.028833
15626,-0.003680
15627,-0.039945
15628,-0.048605
15629,-0.057717
15630,-0.027553
15631,0.020269
15632,0.008526
15633,0.012278
15634,-0.013177
15635,-0.009714
15636,0.051005
15637,0.020980
15638,0.014253
15639,0.017904
15640,0.002847
15641,-0.028725
15642,0.007739
15643,-0.014391
15644,0.006169
15645,0.031859
15646,-0.010536
15647,-0.021458
15648,0.001459
15649,0.018989
15650,0.026537
15651,-0.007683
15652,-0.035180
15653,0.029090
15654,0.032445
15655,0.010850
15656,0.029197
15657,0.000685
15658,-0.011048
15659,0.010291
15660,-0.055061
15661,-0.023588
15662,-0.046075
15663,-0.063690
15664,-0.022764
15665,-0.029058
15666,0.007555
15667,0.050033
15668,0.020900
15669,-0.005897
15670,-0.008587
15671,-0.013367
15672,-0.009505
15673,0.001482
15674,0.030236
15675,0.031188
15676,-0.016899
15677,0.027332
15678,0.027077
15679,-0.018680
15680,-0.042690
15681,-0.063641
15682,-0.066296
15683,-0.091119
15684,-0.091910
15685,-0.009420
15686,-0.022901
15687,-0.021305
15688,0.036414
15689,0.058184
15690,0.088618
15691,0.093307
15692,0.032351
15693,0.004525
15694,-0.016416
15695,-0.051560
15696,-0.008295
15697,0.015702
15698,0.043194
15699,0.058752
15700,0.045161
15701,0.005804
15702,-0.006904
15703,-0.002596
15704,-0.020838
15705,-0.015712
15706,-0.069895
15707,-0.066636
15708,-0.061072
15709,-0.058758
15710,-0.052451
15711,-0.059610
15712,0.008642
15713,0.030312
15714,0.080977
15715,0.099326
15716,0.044765
15717,0.055094
15718,0.021514
15719,-0.059307
15720,-0.045021
15721,-0.076252
15722,-0.075763
15723,-0.055771
15724,-0.037631
15725,0.022071
15726,0.085331
15727,0.052980
15728,0.019398
15729,0.048489
15730,0.019830
15731,0.012481
15732,0.013276
15733,0.009410
15734,0.023746
15735,0.017193
15736,-0.015124
15737,-0.040758
15738,-0.038787
15739,-0.023842
15740,-0.012238
15741,-0.014275
15742,-0.029224
15743,-0.054408
15744,-0.017330
15745,0.025402
15746,0.035882
15747,0.001706
15748,0.032487
15749,0.070963
15750,0.058927
15751,0.042580
15752,0.026590
15753,-0.015526
15754,-0.085328
15755,-0.106898
15756,-0.065431
15757,-0.063176
15758,-0.046978
15759,0.039160
15760,0.028366
15761,0.031282
15762,0.024466
15763,0.015588
15764,0.041555
15765,0.088223
15766,0.089168
15767,0.025838
15768,0.000717
15769,-0.021292
15770,-0.076369
15771,-0.071910
15772,-0.098522
15773,-0.099718
15774,0.007303
15775,0.080697
15776,0.090649
15777,0.078036
15778,0.054889
15779,0.016085
15780,-0.007271
15781,-0.006564
15782,-0.022798
15783,-0.080384
15784,-0.098941
15785,-0.068010
15786,0.035600
15787,0.055418
15788,0.021395
15789,0.032987
15790,0.026727
15791,-0.023881
15792,-0.010099
15793,-0.028824
15794,-0.023599
15795,0.010560
15796,0.019095
15797,0.015009
15798,0.004468
15799,-0.008124
15800,-0.016701
15801,0.007473
15802,0.022951
15803,0.052181
15804,0.076967
15805,0.027391
15806,-0.035647
15807,-0.078996
15808,-0.068285
15809,-0.060066
15810,-0.044740
15811,-0.030559
15812,-0.001103
15813,0.028551
15814,0.026531
15815,0.040986
15816,0.015029
15817,-0.018223
15818,0.052640
15819,0.096037
15820,0.060241
15821,0.040611
15822,0.010478
15823,0.008345
15824,-0.035249
15825,-0.104004
15826,-0.092382
15827,-0.097010
15828,-0.040077
15829,0.009896
15830,-0.000731
15831,0.009994
15832,0.081794
15833,0.070271
15834,0.029231
15835,0.018908
15836,-0.065432
15837,-0.061089
15838,-0.046990
15839,-0.018466
15840,-0.010942
15841,-0.012873
15842,0.017773
15843,0.071396
15844,0.044587
15845,0.003471
15846,-0.040254
15847,-0.066949
15848,-0.040178
15849,-0.001605
15850,0.052391
15851,0.076985
15852,0.092542
15853,0.017431
15854,-0.031696
15855,-0.043862
15856,-0.056439
15857,-0.009326
15858,-0.000135
15859,-0.004859
15860,-0.011736
15861,0.027829
15862,0.022721
15863,-0.003746
15864,0.001613
15865,0.026167
15866,-0.013016
15867,-0.032862
15868,-0.008970
15869,-0.033690
15870,-0.041445
15871,-0.028173
15872,-0.017352
15873,0.039557
15874,0.041405
15875,0.028085
15876,0.029922
15877,0.065305
15878,-0.018645
15879,-0.053208
15880,-0.040250
15881,-0.064023
15882,-0.030924
15883,0.013220
15884,0.082355
15885,0.077010
15886,0.052594
15887,0.013127
15888,-0.011366
15889,-0.021158
15890,-0.055922
15891,-0.054134
15892,-0.011698
15893,0.055776
15894,0.042133
15895,-0.011479
15896,-0.010118
15897,-0.007130
15898,-0.042572
15899,-0.002854
15900,0.009598
15901,0.003694
15902,-0.038121
15903,-0.035933
15904,0.019732
15905,0.041632
15906,0.015058
15907,0.042847
15908,0.010648
15909,-0.023538
15910,-0.043925
15911,-0.018925
15912,-0.042443
15913,-0.028390
15914,0.005444
15915,-0.033131
15916,0.002132
15917,-0.014222
15918,-0.001599
15919,0.065517
15920,0.033438
15921,0.015286
15922,-0.019461
15923,-0.066868
15924,-0.030394
15925,0.004338
15926,0.045620
15927,0.111463
15928,0.109515
15929,0.062904
15930,0.017510
15931,-0.073304
15932,-0.082285
15933,-0.057980
15934,-0.068923
15935,-0.014705
15936,0.015623
15937,-0.030715
15938,-0.034043
15939,0.027388
15940,0.043744
15941,0.046783
15942,-0.002488
15943,-0.041899
15944,-0.034418
15945,-0.005542
15946,0.010330
15947,0.026322
15948,0.004528
15949,0.048348
15950,0.049761
15951,-0.029298
15952,-0.030640
15953,-0.072210
15954,-0.023632
15955,0.008803
15956,0.003015
15957,0.030392
15958,0.038613
15959,0.068094
15960,0.011083
15961,-0.018684
15962,-0.009812
15963,-0.038310
15964,-0.009255
15965,-0.045175
15966,-0.052349
15967,-0.036390
15968,-0.014336
15969,0.028449
15970,0.085927
15971,0.081004
15972,0.057229
15973,0.016705
15974,-0.016504
15975,-0.046911
15976,-0.112159
15977,-0.091074
15978,0.006168
15979,0.048016
15980,0.067803
15981,0.120752
15982,0.057197
15983,0.011132
15984,0.025643
15985,-0.069618
15986,-0.125643
15987,-0.090931
15988,-0.074745
15989,-0.053306
15990,0.038550
15991,0.026054
15992,0.033734
15993,0.069026
15994,0.046322
15995,0.048581
15996,-0.001662
15997,-0.090179
15998,-0.103354
15999,-0.047565
16000,-0.016093
16001,0.051202
16002,0.036117
16003,0.059967
16004,0.089404
16005,0.021421
16006,-0.003041
16007,-0.063781
16008,-0.049521
16009,0.019164
16010,-0.014370
16011,0.027802
16012,0.028176
16013,-0.047084
16014,-0.000809
16015,-0.008584
16016,-0.036590
16017,0.001041
16018,0.054972
16019,0.024950
16020,0.004352
16021,-0.016798
16022,-0.010541
16023,0.021389
16024,0.009802
16025,-0.055163
16026,-0.001753
16027,0.015726
16028,0.061188
16029,0.062405
16030,0.034236
16031,0.020989
16032,-0.025900
16033,-0.080396
16034,-0.086234
16035,-0.046987
16036,0.002608
16037,0.021975
16038,-0.018228
16039,-0.080435
16040,-0.078270
16041,-0.006299
16042,0.026652
16043,0.036683
16044,0.076917
16045,0.097446
16046,0.064525
16047,0.002369
16048,-0.037112
16049,-0.050079
16050,-0.070404
16051,-0.029380
16052,0.013548
16053,0.029572
16054,0.075919
16055,0.009005
16056,-0.060864
16057,-0.032724
16058,0.004460
16059,0.012806
16060,0.009252
16061,0.002357
16062,-0.041702
16063,0.005440
16064,0.013704
16065,0.019237
16066,0.044405
16067,0.033348
16068,0.031835
16069,0.010250
16070,0.012383
16071,0.030787
16072,-0.034535
16073,-0.030291
16074,-0.004465
16075,-0.034914
16076,-0.043604
16077,-0.004696
16078,-0.001262
16079,-0.035416
16080,-0.039378
16081,0.027364
16082,0.002273
16083,0.008032
16084,0.017300
16085,0.031564
16086,-0.015030
16087,-0.024696
16088,0.027341
16089,0.042512
16090,0.005472
16091,0.026359
16092,0.004034
16093,-0.053342
16094,0.010797
16095,-0.040145
16096,-0.024105
16097,-0.048440
16098,-0.054836
16099,-0.031829
16100,-0.029257
16101,0.007107
16102,0.044204
16103,0.019124
16104,0.032040
16105,0.039606
16106,-0.000064
16107,0.013609
16108,0.016467
16109,0.004775
16110,0.057237
16111,0.029578
16112,0.022046
16113,0.027514
16114,-0.065952
16115,-0.103222
16116,-0.061983
16117,0.031212
16118,0.091039
16119,0.026168
16120,-0.012572
16121,-0.011938
16122,-0.008153
16123,-0.005735
16124,-0.010887
16125,-0.017079
16126,0.012544
16127,0.020186
16128,0.060643
16129,0.125366
16130,0.027309
16131,-0.014925
16132,-0.039431
16133,-0.099282
16134,-0.145438
16135,-0.112729
16136,-0.058707
16137,0.010007
16138,0.092904
16139,0.059571
16140,0.037420
16141,0.030492
16142,-0.012393
16143,0.017229
16144,0.018147
16145,-0.024003
16146,-0.012156
16147,-0.008550
16148,-0.038845
16149,-0.012775
16150,0.022019
16151,0.001836
16152,-0.025423
16153,-0.074506
16154,-0.114842
16155,-0.042612
16156,0.093574
16157,0.094495
16158,0.074780
16159,0.036787
16160,-0.008841
16161,0.026282
16162,0.052163
16163,0.044029
16164,0.000588
16165,-0.045743
16166,-0.053910
16167,-0.026672
16168,-0.023479
16169,-0.053502
16170,-0.001655
16171,0.017135
16172,-0.007820
16173,0.050249
16174,0.063113
16175,0.052005
16176,0.051203
16177,0.016027
16178,-0.044282
16179,-0.079018
16180,-0.094078
16181,-0.068301
16182,-0.099683
16183,-0.034780
16184,0.035202
16185,0.050787
16186,0.033879
16187,-0.000242
16188,0.007066
16189,-0.002718
16190,0.005890
16191,0.031351
16192,0.090859
16193,0.094052
16194,0.039111
16195,-0.006979
16196,-0.053008
16197,-0.090880
16198,-0.049718
16199,-0.002110
16200,0.003045
16201,0.010442
16202,0.041191
16203,0.057419
16204,0.016785
16205,-0.081009
16206,-0.081664
16207,-0.064394
16208,-0.029189
16209,0.038815
16210,0.065499
16211,0.051039
16212,0.030705
16213,0.071818
16214,0.071228
16215,0.059778
16216,0.035915
16217,-0.006964
16218,-0.030223
16219,-0.088400
16220,-0.058851
16221,-0.061466
16222,-0.030027
16223,-0.058109
16224,-0.067400
16225,-0.000605
16226,0.012703
16227,0.025962
16228,0.020908
16229,0.055633
16230,-0.021262
16231,-0.040896
16232,-0.032571
16233,-0.035213
16234,0.028139
16235,0.053577
16236,0.014174
16237,-0.001664
16238,-0.029664
16239,-0.040269
16240,-0.033453
16241,-0.030271
16242,0.013035
16243,0.071429
16244,0.090432
16245,0.065084
16246,0.052938
16247,0.003116
16248,-0.055059
16249,-0.058096
16250,-0.088215
16251,-0.062229
16252,-0.017750
16253,0.021422
16254,0.049659
16255,0.020338
16256,0.014590
16257,0.007103
16258,-0.053179
16259,-0.024647
16260,0.022083
16261,0.027530
16262,0.023455
16263,-0.034266
16264,0.015741
16265,0.002441
16266,0.015247
16267,0.018261
16268,-0.089260
16269,-0.107208
16270,-0.059211
16271,0.036072
16272,0.129247
16273,0.119206
16274,0.049592
16275,0.057973
16276,-0.015320
16277,-0.061861
16278,-0.025048
16279,-0.042517
16280,-0.032331
16281,-0.015601
16282,-0.007512
16283,0.004162
16284,-0.002081
16285,-0.014961
16286,0.023881
16287,-0.008838
16288,0.044052
16289,0.059456
16290,0.025721
16291,0.013432
16292,-0.043926
16293,-0.015847
16294,-0.010518
16295,-0.053738
16296,-0.019515
16297,-0.023130
16298,-0.027980
16299,-0.014971
16300,-0.002119
16301,0.010194
16302,0.035555
16303,0.076073
16304,0.056352
16305,-0.048933
16306,-0.077441
16307,-0.036082
16308,-0.006932
16309,0.043464
16310,0.033599
16311,0.032269
16312,-0.018053
16313,-0.031433
16314,0.034019
16315,0.045488
16316,0.012893
16317,-0.025900
16318,-0.054679
16319,-0.050616
16320,0.014330
16321,0.043825
16322,0.009395
16323,0.000237
16324,-0.003393
16325,0.013389
16326,0.057269
16327,0.009003
16328,0.009661
16329,0.033668
16330,-0.026647
16331,-0.004560
16332,-0.028292
16333,0.005817
16334,0.024973
16335,-0.022844
16336,-0.023086
16337,-0.033804
16338,-0.063030
16339,-0.047692
16340,-0.034393
16341,-0.023798
16342,-0.018815
16343,0.028366
16344,0.040723
16345,0.004929
16346,-0.010978
16347,-0.004037
16348,0.047229
16349,0.047428
16350,-0.009563
16351,0.017203
16352,0.008056
16353,-0.051835
16354,-0.009626
16355,-0.013333
16356,0.018363
16357,0.036839
16358,0.006774
16359,0.024045
16360,0.002658
16361,-0.016659
16362,-0.068192
16363,-0.079979
16364,0.015987
16365,0.121433
16366,0.111727
16367,0.033873
16368,-0.030432
16369,-0.049971
16370,-0.109408
16371,-0.077230
16372,-0.023132
16373,0.018572
16374,0.081801
16375,0.061446
16376,0.021419
16377,-0.011407
16378,0.010415
16379,0.025159
16380,-0.021463
16381,0.020164
16382,-0.026438
16383,-0.037640
16384,-0.046638
16385,-0.020039
16386,-0.009329
16387,0.003629
16388,-0.011867
16389,-0.068570
16390,-0.045087
16391,-0.018625
16392,0.006307
16393,0.076360
16394,0.082029
16395,0.041609
16396,0.007577
16397,-0.010930
16398,-0.044423
16399,-0.053000
16400,-0.059932
16401,-0.023163
16402,-0.035000
16403,-0.006875
16404,0.040404
16405,0.091174
16406,0.134437
16407,0.045613
16408,-0.037588
16409,-0.050920
16410,-0.043595
16411,0.026413
16412,-0.007904
16413,-0.017365
16414,-0.002111
16415,-0.043872
16416,-0.057994
16417,-0.066504
16418,-0.028516
16419,0.025350
16420,0.022048
16421,0.014928
16422,0.045190
16423,0.063405
16424,0.060990
16425,0.031868
16426,0.024343
16427,-0.002916
16428,-0.019467
16429,-0.024023
16430,-0.045172
16431,-0.001397
16432,0.069515
16433,0.037561
16434,0.022444
16435,-0.030822
16436,-0.063287
16437,-0.058590
16438,-0.029529
16439,0.013400
16440,0.033861
16441,0.013638
16442,-0.006675
16443,-0.061022
16444,-0.009775
16445,-0.015396
16446,-0.002282
16447,0.060365
16448,0.022374
16449,0.015487
16450,0.011663
16451,-0.006316
16452,0.016256
16453,-0.014768
16454,-0.019031
16455,-0.047987
16456,-0.070470
16457,-0.063218
16458,-0.024851
16459,0.047700
16460,0.083217
16461,0.131538
16462,0.057819
16463,0.004890
16464,-0.042820
16465,-0.128750
16466,-0.105331
16467,-0.011356
16468,0.024122
16469,0.038076
16470,0.031626
16471,0.026989
16472,0.023543
16473,-0.008807
16474,0.011222
16475,-0.006503
16476,-0.002821
16477,0.000306
16478,-0.001568
16479,0.012622
16480,-0.027652
16481,-0.017158
16482,0.006455
16483,-0.002152
16484,0.045366
16485,0.017109
16486,-0.010886
16487,-0.010173
16488,-0.017850
16489,-0.050060
16490,-0.041697
16491,-0.040087
16492,-0.027099
16493,0.075342
16494,0.098919
16495,0.029978
16496,-0.002345
16497,-0.029429
16498,-0.003421
16499,0.013053
16500,0.013366
16501,-0.003287
16502,-0.018590
16503,-0.069250
16504,-0.079844
16505,-0.004895
16506,0.007948
16507,0.052953
16508,0.030885
16509,-0.016102
16510,-0.008764
16511,-0.002163
16512,0.049206
16513,0.042132
16514,0.021846
16515,0.025975
16516,-0.037753
16517,-0.021163
16518,-0.040619
16519,0.002569
16520,-0.000426
16521,-0.040486
16522,0.010873
16523,0.014519
16524,0.013618
16525,0.006820
16526,-0.015279
16527,-0.062196
16528,-0.053277
16529,-0.026914
16530,0.022078
16531,0.037016
16532,0.053703
16533,0.046074
16534,0.021378
16535,0.010953
16536,-0.020619
16537,-0.035958
16538,-0.050400
16539,-0.088972
16540,-0.020227
16541,0.017976
16542,0.005894
16543,0.062925
16544,0.024130
16545,-0.029976
16546,0.021280
16547,0.029974
16548,0.027026
16549,0.023511
16550,-0.012321
16551,0.001387
16552,-0.023277
16553,-0.018425
16554,-0.027994
16555,0.009964
16556,0.044437
16557,-0.003689
16558,0.018099
16559,-0.001895
16560,0.011562
16561,-0.001323
16562,0.025490
16563,0.027804
16564,-0.026647
16565,-0.022274
16566,-0.043019
16567,-0.082721
16568,-0.043864
16569,0.028230
16570,0.056130
16571,0.104347
16572,0.067189
16573,-0.018480
16574,-0.060790
16575,-0.105210
16576,-0.053499
16577,-0.029966
16578,-0.014768
16579,0.021379
16580,0.014180
16581,0.023031
16582,0.022272
16583,0.025056
16584,0.022802
16585,-0.000084
16586,-0.007087
16587,-0.025637
16588,-0.016544
16589,0.022100
16590,0.073310
16591,0.041804
16592,-0.005115
16593,-0.016679
16594,-0.016892
16595,0.011404
16596,0.026017
16597,0.002271
16598,-0.064389
16599,-0.083205
16600,-0.077083
16601,-0.020046
16602,0.022452
16603,0.069549
16604,0.114779
16605,0.073442
16606,-0.015257
16607,0.006533
16608,-0.036720
16609,-0.064709
16610,-0.065434
16611,-0.079358
16612,0.025625
16613,0.040747
16614,0.044029
16615,0.083898
16616,0.036321
16617,-0.053572
16618,-0.067555
16619,-0.035022
16620,-0.062682
16621,-0.029645
16622,0.017026
16623,0.039643
16624,0.016053
16625,0.034055
16626,0.053170
16627,-0.016538
16628,-0.015708
16629,0.022651
16630,0.007617
16631,0.012541
16632,-0.024549
16633,-0.024718
16634,-0.044486
16635,-0.049711
16636,0.001922
16637,-0.022932
16638,-0.007085
16639,0.056521
16640,0.013434
16641,-0.007640
16642,-0.012049
16643,0.039606
16644,0.048670
16645,0.065746
16646,0.050775
16647,-0.012817
16648,-0.032475
16649,-0.051076
16650,-0.015313
16651,-0.020653
16652,-0.038650
16653,-0.027922
16654,-0.006215
16655,-0.015987
16656,-0.014763
16657,0.059691
16658,0.069296
16659,0.055044
16660,-0.009927
16661,-0.039931
16662,-0.064519
16663,-0.072719
16664,-0.008150
16665,0.023048
16666,-0.052452
16667,-0.003873
16668,0.022550
16669,0.051860
16670,0.101130
16671,0.032777
16672,0.013511
16673,-0.012918
16674,-0.009732
16675,-0.018979
16676,-0.027515
16677,-0.000993
16678,0.009842
16679,0.083648
16680,0.049106
16681,-0.016217
16682,-0.079187
16683,-0.107789
16684,-0.116473
16685,-0.043180
16686,0.016758
16687,0.024544
16688,0.015434
16689,-0.020669
16690,-0.012095
16691,0.011300
16692,-0.028014
16693,0.022751
16694,0.060184
16695,0.078181
16696,0.034987
16697,-0.009871
16698,-0.024872
16699,-0.000976
16700,-0.000371
16701,-0.024341
16702,-0.002447
16703,0.049077
16704,0.054132
16705,0.042576
16706,-0.028089
16707,-0.008204
16708,0.029738
16709,0.031725
16710,0.050987
16711,-0.040413
16712,-0.100409
16713,-0.065773
16714,-0.004890
16715,-0.065631
16716,-0.106390
16717,-0.029306
16718,0.027115
16719,0.059440
16720,0.053899
16721,0.074377
16722,0.083885
16723,0.004982
16724,-0.051605
16725,-0.045682
16726,-0.054007
16727,-0.012272
16728,0.028273
16729,-0.017715
16730,-0.015251
16731,0.014110
16732,-0.006537
16733,0.023169
16734,0.024955
16735,0.009704
16736,-0.012584
16737,-0.018769
16738,-0.032682
16739,-0.057046
16740,-0.013133
16741,-0.023634
16742,-0.039708
16743,0.035260
16744,0.089449
16745,0.053898
16746,0.006154
16747,0.022948
16748,0.002568
16749,0.000305
16750,0.019018
16751,0.002006
16752,0.012161
16753,0.023869
16754,0.019951
16755,0.050835
16756,-0.022617
16757,-0.051095
16758,-0.043818
16759,-0.039721
16760,-0.031557
16761,-0.022809
16762,-0.018316
16763,0.017490
16764,0.041018
16765,0.031608
16766,0.030323
16767,-0.040241
16768,-0.060306
16769,-0.055519
16770,-0.028950
16771,0.048066
16772,0.027815
16773,-0.001933
16774,0.011921
16775,0.015507
16776,-0.037045
16777,-0.032530
16778,0.049698
16779,0.019831
16780,0.038814
16781,0.031203
16782,0.005386
16783,-0.009312
16784,0.007896
16785,0.009345
16786,0.037370
16787,0.011488
16788,0.027651
16789,0.002703
16790,-0.041779
16791,-0.069506
16792,-0.082910
16793,-0.084941
16794,-0.042050
16795,0.018977
16796,0.071403
16797,0.080846
16798,0.074960
16799,0.011194
16800,-0.047303
16801,-0.070350
16802,-0.023446
16803,0.024825
16804,0.027861
16805,0.065284
16806,0.082517
16807,0.059142
16808,0.009280
16809,-0.065242
16810,-0.072286
16811,-0.091014
16812,-0.082538
16813,-0.031485
16814,-0.005285
16815,0.000323
16816,0.067755
16817,0.076850
16818,-0.002798
16819,-0.017909
16820,-0.024566
16821,-0.024071
16822,-0.022761
16823,-0.058483
16824,-0.016014
16825,0.027028
16826,0.024415
16827,0.018319
16828,-0.006495
16829,0.041687
16830,0.029750
16831,0.038793
16832,0.021369
16833,-0.034976
16834,-0.072214
16835,-0.094915
16836,-0.092222
16837,0.023437
16838,0.043496
16839,0.080385
16840,0.096608
16841,0.029921
16842,-0.029865
16843,-0.014634
16844,-0.030025
16845,-0.075116
16846,-0.035414
16847,0.007564
16848,0.006681
16849,0.024773
16850,0.020160
16851,-0.034722
16852,0.008406
16853,0.016105
16854,-0.021324
16855,-0.028687
16856,-0.025149
16857,-0.004939
16858,-0.014084
16859,-0.007645
16860,0.054786
16861,0.045813
16862,-0.022019
16863,0.012129
16864,0.029965
16865,0.005044
16866,-0.004126
16867,-0.039188
16868,-0.030578
16869,-0.013269
16870,0.018861
16871,-0.016960
16872,0.025469
16873,0.021246
16874,-0.027306
16875,-0.027036
16876,0.005691
16877,0.006407
16878,0.012620
16879,0.048614
16880,0.059451
16881,0.088311
16882,0.062775
16883,0.016583
16884,-0.033395
16885,-0.035782
16886,-0.081821
16887,-0.126137
16888,-0.089156
16889,-0.019738
16890,0.005106
16891,0.000524
16892,0.032218
16893,0.044069
16894,-0.010351
16895,0.028045
16896,0.064399
16897,0.078740
16898,0.063812
16899,0.042636
16900,0.034659
16901,-0.008200
16902,-0.056932
16903,-0.098850
16904,-0.092299
16905,-0.009732
16906,-0.001601
16907,0.001702
16908,-0.000821
16909,-0.046129
16910,-0.052297
16911,-0.002829
16912,0.075892
16913,0.063082
16914,0.025202
16915,0.005916
16916,-0.022096
16917,0.000751
16918,0.000163
16919,0.000113
16920,0.023405
16921,0.035544
16922,0.077050
16923,0.066963
16924,-0.002134
16925,-0.008309
16926,-0.004495
16927,-0.047604
16928,-0.034019
16929,-0.085242
16930,-0.086694
16931,-0.072939
16932,-0.067302
16933,-0.025642
16934,0.019911
16935,0.095380
16936,0.154566
16937,0.104749
16938,0.000332
16939,-0.067457
16940,-0.075926
16941,-0.044000
16942,0.030744
16943,0.048193
16944,0.009214
16945,-0.059772
16946,-0.111948
16947,-0.068473
16948,-0.042597
16949,-0.016664
16950,0.022929
16951,0.087159
16952,0.120617
16953,0.050927
16954,0.008068
16955,0.022338
16956,0.046537
16957,0.035880
16958,0.013804
16959,-0.037914
16960,-0.049811
16961,-0.055721
16962,-0.071869
16963,-0.077154
16964,-0.031830
16965,0.013530
16966,0.078702
16967,0.080543
16968,0.032738
16969,-0.006177
16970,-0.005518
16971,-0.040793
16972,-0.044054
16973,-0.064340
16974,-0.043336
16975,0.011295
16976,0.069013
16977,-0.002912
16978,-0.009286
16979,0.004809
16980,0.102561
16981,0.067662
16982,0.010767
16983,-0.054041
16984,-0.081911
16985,-0.010718
16986,-0.013771
16987,0.004021
16988,0.067917
16989,0.009187
16990,0.019376
16991,0.049503
16992,0.012750
16993,-0.024496
16994,-0.027418
16995,-0.037793
16996,-0.029116
16997,-0.050141
16998,-0.069067
16999,0.009238
17000,0.052437
17001,-0.007689
17002,0.041682
17003,-0.007048
17004,0.026786
17005,0.070561
17006,0.090138
17007,0.002702
17008,-0.058315
17009,-0.100327
17010,-0.077881
17011,-0.061006
17012,-0.026561
17013,0.026273
17014,0.040406
17015,0.060911
17016,0.043995
17017,0.049916
17018,0.092359
17019,0.041631
17020,-0.047239
17021,-0.124669
17022,-0.102589
17023,-0.047904
17024,0.006758
17025,0.061529
17026,0.050970
17027,0.023423
17028,0.030708
17029,0.011387
17030,-0.011511
17031,0.009423
17032,-0.016707
17033,-0.016663
17034,-0.019547
17035,-0.013539
17036,0.057032
17037,0.070366
17038,-0.003502
17039,-0.054376
17040,-0.058017
17041,-0.097097
17042,-0.078936
17043,0.005047
17044,0.038126
17045,0.043454
17046,0.073738
17047,0.053741
17048,0.044894
17049,0.007370
17050,0.003220
17051,0.000246
17052,-0.030132
17053,-0.084033
17054,-0.088219
17055,-0.066198
17056,-0.051577
17057,0.031853
17058,0.041767
17059,0.037253
17060,0.083325
17061,0.074086
17062,0.060153
17063,0.013322
17064,0.051238
17065,0.009245
17066,-0.052730
17067,-0.089586
17068,-0.118222
17069,-0.130895
17070,-0.017660
17071,0.074259
17072,0.071860
17073,0.064492
17074,0.001649
17075,0.029977
17076,0.017675
17077,0.026153
17078,0.024619
17079,0.029391
17080,-0.006103
17081,0.018372
17082,0.020979
17083,0.024649
17084,0.020135
17085,0.044904
17086,0.041417
17087,0.018504
17088,0.009290
17089,-0.086787
17090,-0.098559
17091,-0.062089
17092,0.004116
17093,0.056442
17094,0.052409
17095,0.056961
17096,0.009383
17097,-0.024929
17098,-0.045574
17099,-0.051950
17100,0.000841
17101,0.061915
17102,0.068324
17103,0.021844
17104,0.007498
17105,-0.005714
17106,-0.029583
17107,-0.014665
17108,-0.004456
17109,-0.036891
17110,-0.013663
17111,-0.022921
17112,-0.008977
17113,0.027269
17114,0.063193
17115,0.028258
17116,0.053021
17117,0.026995
17118,-0.066535
17119,-0.077990
17120,-0.023768
17121,-0.021356
17122,-0.018775
17123,-0.067860
17124,-0.056887
17125,-0.057861
17126,-0.002375
17127,0.084504
17128,0.138318
17129,0.094661
17130,0.057772
17131,0.001943
17132,-0.033201
17133,-0.056285
17134,-0.019635
17135,0.002065
17136,0.006982
17137,0.006837
17138,-0.018135
17139,-0.002174
17140,-0.006086
17141,-0.047086
17142,-0.054325
17143,-0.068311
17144,0.019375
17145,0.039678
17146,0.069146
17147,0.104157
17148,0.052489
17149,0.022473
17150,-0.029939
17151,-0.053735
17152,-0.053088
17153,-0.010107
17154,-0.018442
17155,0.017047
17156,0.019445
17157,-0.046996
17158,-0.074543
17159,-0.027743
17160,0.017256
17161,0.041779
17162,0.068727
17163,0.115446
17164,0.067998
17165,0.009710
17166,-0.026161
17167,-0.064612
17168,-0.098303
17169,-0.128370
17170,-0.033000
17171,0.009042
17172,0.027215
17173,0.087482
17174,0.075425
17175,-0.001372
17176,-0.015578
17177,-0.039284
17178,-0.030655
17179,-0.048952
17180,-0.043422
17181,0.040326
17182,0.041757
17183,-0.000055
17184,0.008358
17185,0.010882
17186,0.016033
17187,-0.023255
17188,-0.027525
17189,0.029280
17190,0.028228
17191,0.024274
17192,0.020768
17193,-0.002743
17194,-0.051527
17195,-0.049718
17196,0.025811
17197,0.018118
17198,0.070439
17199,0.040603
17200,0.012779
17201,-0.006438
17202,-0.001211
17203,-0.004853
17204,-0.039689
17205,-0.071026
17206,-0.073835
17207,-0.027058
17208,0.027591
17209,0.042902
17210,0.065829
17211,0.048530
17212,0.017258
17213,0.014329
17214,-0.002603
17215,-0.024255
17216,-0.048400
17217,-0.045389
17218,-0.098823
17219,-0.062506
17220,0.000579
17221,-0.032228
17222,0.013875
17223,0.034845
17224,0.087315
17225,0.075029
17226,0.032071
17227,0.067471
17228,0.049580
17229,0.027137
17230,-0.014699
17231,-0.056852
17232,-0.056326
17233,-0.063447
17234,-0.060029
17235,-0.027836
17236,-0.018128
17237,0.025618
17238,0.032310
17239,0.042813
17240,-0.002260
17241,-0.026498
17242,0.008952
17243,0.024644
17244,0.025117
17245,0.050918
17246,0.030817
17247,-0.000139
17248,-0.024140
17249,-0.004381
17250,-0.009399
17251,-0.001189
17252,-0.045109
17253,-0.051214
17254,-0.003477
17255,0.036248
17256,0.021451
17257,0.014596
17258,0.026904
17259,0.001388
17260,-0.024267
17261,-0.047247
17262,-0.000930
17263,0.040504
17264,-0.011926
17265,-0.043618
17266,-0.030482
17267,-0.047957
17268,-0.016612
17269,0.029745
17270,0.068504
17271,0.074426
17272,0.027459
17273,0.034409
17274,0.028485
17275,-0.074756
17276,-0.120133
17277,-0.099701
17278,-0.095436
17279,-0.016486
17280,0.037737
17281,0.050615
17282,0.085050
17283,0.101052
17284,0.084039
17285,0.065578
17286,-0.007165
17287,-0.072947
17288,-0.069762
17289,-0.025585
17290,-0.069349
17291,-0.016050
17292,0.007659
17293,-0.007766
17294,0.022163
17295,0.029388
17296,-0.025412
17297,-0.016121
17298,-0.039066
17299,0.005045
17300,0.036891
17301,-0.003326
17302,0.006756
17303,0.035359
17304,0.018706
17305,-0.004354
17306,0.032614
17307,0.012655
17308,-0.032915
17309,-0.013977
17310,0.002046
17311,0.029966
17312,0.046674
17313,0.014677
17314,0.016143
17315,0.038644
17316,-0.033272
17317,-0.066772
17318,-0.092765
17319,-0.056958
17320,-0.056877
17321,-0.051098
17322,-0.023694
17323,-0.025647
17324,-0.001479
17325,0.093751
17326,0.168156
17327,0.165977
17328,0.071970
17329,-0.009302
17330,-0.099218
17331,-0.096917
17332,-0.122150
17333,-0.039110
17334,0.035526
17335,0.054777
17336,0.005003
17337,-0.026344
17338,-0.028252
17339,0.021575
17340,0.010026
17341,-0.021495
17342,0.001751
17343,-0.007418
17344,0.013281
17345,0.036177
17346,0.007053
17347,-0.037272
17348,-0.028147
17349,-0.047459
17350,-0.012178
17351,0.011277
17352,0.034378
17353,0.021466
17354,0.038511
17355,-0.013866
17356,0.005469
17357,0.042854
17358,0.019090
17359,0.020539
17360,0.037572
17361,0.002452
17362,-0.049911
17363,-0.054774
17364,-0.034785
17365,-0.032925
17366,-0.012008
17367,-0.005380
17368,-0.011890
17369,0.030038
17370,0.041041
17371,0.029473
17372,0.000507
17373,-0.035767
17374,-0.060568
17375,-0.072319
17376,-0.010378
17377,0.044902
17378,0.069415
17379,0.069822
17380,0.050295
17381,0.008397
17382,-0.047452
17383,-0.084597
17384,-0.044882
17385,-0.025383
17386,-0.034146
17387,0.036765
17388,0.097091
17389,0.014540
17390,0.008798
17391,-0.002604
17392,0.005649
17393,-0.057177
17394,-0.039167
17395,0.043257
17396,0.044516
17397,0.033015
17398,0.012384
17399,-0.029376
17400,-0.017491
17401,-0.045605
17402,-0.020269
17403,0.034014
17404,0.070879
17405,0.048547
17406,0.012104
17407,-0.031822
17408,-0.053330
17409,-0.081934
17410,-0.082857
17411,-0.087761
17412,-0.072903
17413,0.009824
17414,0.061709
17415,0.057083
17416,0.050480
17417,0.050377
17418,-0.013199
17419,-0.021659
17420,0.029506
17421,0.050089
17422,0.064287
17423,0.030456
17424,0.008559
17425,0.007840
17426,-0.001966
17427,-0.037798
17428,-0.042937
17429,-0.048357
17430,408.589508
17431,969.634216
17432,88.145615
17433,825.575073
17434,1770.847534
17435,-40.923157
17436,-33.205585
17437,-9.045282
17438,16.811432
17439,34.375034
17440,22.667673
17441,-5.993693
17442,-16.476288
17443,-17.862255
17444,-16.046598
17445,-17.525866
17446,19.222652
17447,37.683475
17448,39.354809
17449,13.266893
17450,-12.010486
17451,-15.461256
17452,-16.023888
17453,-5.607195
17454,-3.108662
17455,16.826206
17456,2.412937
17457,-6.046917
17458,-8.350061
17459,-32.024021
17460,-49.429092
17461,-17.632860
17462,11.897235
17463,21.324715
17464,15.186820
17465,12.223958
17466,27.722143
17467,28.699389
17468,2.396561
17469,0.729804
17470,26.602575
17471,24.414392
17472,5.606052
17473,-42.230503
17474,-61.392685
17475,-38.209953
17476,-12.644077
17477,10.828952
17478,19.140818
17479,27.355389
17480,22.282574
17481,-5.164014
17482,-0.826405
17483,0.269113
17484,2.472610
17485,-0.029811
17486,0.019769
17487,0.002242
17488,-0.002950
17489,0.064364
17490,0.037598
17491,0.040973
17492,0.025825
17493,-0.094569
17494,-0.116571
17495,0.021860
17496,0.025374
17497,-0.023281
17498,-0.025332
17499,0.008642
17500,0.008419
17501,-0.016317
17502,0.026265
17503,0.041983
17504,0.030470
17505,0.023284
17506,0.023319
17507,0.011017
17508,-0.008173
17509,-0.002917
17510,0.035223
17511,0.041221
17512,-0.001526
17513,0.019304
17514,-0.015508
17515,-0.099851
17516,-0.150025
17517,-0.100975
17518,-0.029688
17519,0.029132
17520,0.031036
17521,0.059042
17522,0.029187
17523,0.033302
17524,0.024015
17525,0.027761
17526,0.058499
17527,0.022351
17528,-0.003087
17529,0.005715
17530,0.002296
17531,-0.004203
17532,-0.002833
17533,0.023180
17534,0.036947
17535,-0.013717
17536,-0.026988
17537,-0.004235
17538,-0.077651
17539,-0.069862
17540,-0.017899
17541,-0.004045
17542,-0.013237
17543,-0.017424
17544,0.013731
17545,0.046796
17546,0.015877
17547,-0.025596
17548,0.007593
17549,0.070491
17550,0.025235
17551,0.018873
17552,-0.033557
17553,-0.020692
17554,0.012818
17555,0.018630
17556,0.026515
17557,0.041167
17558,-0.034166
17559,-0.056418
17560,-0.064220
17561,-0.108498
17562,-0.058759
17563,0.007759
17564,0.056038
17565,0.076938
17566,0.060700
17567,0.052428
17568,0.010438
17569,-0.041064
17570,-0.002481
17571,0.017270
17572,0.061004
17573,-0.030050
17574,-0.060996
17575,-0.008376
17576,-0.048588
17577,-0.024281
17578,-0.056536
17579,-0.013997
17580,0.013264
17581,0.000311
17582,0.086506
17583,0.083456
17584,412.217529
17585,957.752930
17586,83.402863
17587,842.274292
17588,1788.618530
17589,5.473536
17590,17.656109
17591,1.706051
17592,13.968149
17593,15.052757
17594,23.066751
17595,42.033367
17596,48.132317
17597,32.019299
17598,-8.696192
17599,-55.198696
17600,-63.385227
17601,-51.412518
17602,-19.590956
17603,6.746164
17604,26.642984
17605,37.444206
17606,41.880760
17607,34.814335
17608,23.326923
17609,-19.252684
17610,-29.958843
17611,-25.255390
17612,-21.080278
17613,-27.694567
17614,-14.802754
17615,7.966595
17616,21.029066
17617,9.129921
17618,14.423102
17619,24.664930
17620,32.560837
17621,3.463883
17622,-27.791704
17623,-49.151733
17624,-28.406740
17625,-8.640154
17626,0.193755
17627,20.791576
17628,17.426952
17629,1.990143
17630,-5.515550
17631,22.293898
17632,15.923328
17633,12.029984
17634,-2.199756
17635,-14.458746
17636,-29.847322
17637,-38.097145
17638,-3.229131
17639,0.072240
17640,-0.023636
17641,-0.134407
17642,-0.145212
17643,-0.133509
17644,-0.064501
17645,0.053381
17646,0.040864
17647,0.110006
17648,0.057587
17649,0.042760
17650,0.091705
17651,0.023788
17652,-0.034948
17653,-0.102284
17654,-0.073915
17655,-0.011637
17656,-0.008573
17657,-0.018688
17658,0.036824
17659,0.025414
17660,0.036977
17661,0.046972
17662,-0.029660
17663,-0.094627
17664,-0.071349
17665,-0.007442
17666,0.054737
17667,0.067189
17668,0.067920
17669,0.025246
17670,-0.049088
17671,-0.055412
17672,0.003228
17673,0.020983
17674,0.007811
17675,0.022245
17676,0.046705
17677,0.003843
17678,-0.049214
17679,-0.044773
17680,-0.034234
17681,-0.047800
17682,0.004921
17683,0.042254
17684,0.025828
17685,0.065795
17686,0.022784
17687,-0.000296
17688,-0.003633
17689,-0.002408
17690,0.014808
17691,0.008459
17692,-0.016976
17693,-0.035074
17694,-0.038881
17695,-0.063297
17696,-0.095026
17697,-0.082591
17698,-0.015179
17699,0.037600
17700,0.019320
17701,0.027451
17702,0.064323
17703,0.006559
17704,0.047654
17705,0.092494
17706,0.009386
17707,-0.033357
17708,-0.007559
17709,-0.035260
17710,0.001240
17711,0.002008
17712,0.003475
17713,-0.006574
17714,0.037781
17715,0.005244
17716,-0.013403
17717,-0.003193
17718,-0.044044
17719,-0.064352
17720,-0.026371
17721,0.028174
17722,-0.027797
17723,-0.034098
17724,0.012947
17725,0.052952
17726,0.056754
17727,0.023943
17728,-0.030549
17729,-0.016300
17730,0.044454
17731,0.016937
17732,-0.007657
17733,-0.016284
17734,-0.035610
17735,-0.000675
17736,0.016953
17737,0.015362
17738,0.014761
17739,0.022427
17740,0.024731
17741,-0.035753
17742,-0.049087
17743,-0.030965
17744,0.004002
17745,0.040714
17746,0.006028
17747,-0.044298
17748,-0.063120
17749,-0.070118
17750,-0.050999
17751,-0.012642
17752,0.003526
17753,-0.005188
17754,0.078142
17755,0.087101
17756,0.070888
17757,0.040450
17758,0.034137
17759,0.043103
17760,0.025372
17761,-0.005164
17762,-0.014364
17763,-0.033624
17764,-0.017718
17765,-0.016605
17766,-0.024665
17767,-0.060713
17768,-0.035237
17769,-0.030195
17770,-0.019110
17771,-0.009368
17772,0.018144
17773,0.034146
17774,-0.008277
17775,0.019736
17776,-0.013675
17777,0.002583
17778,0.031690
17779,0.001906
17780,0.009603
17781,0.002186
17782,0.030304
17783,0.001571
17784,-0.013938
17785,-0.028730
17786,-0.061921
17787,0.005425
17788,0.010626
17789,-0.025483
17790,0.026884
17791,0.044781
17792,0.005589
17793,-0.015931
17794,-0.025832
17795,-0.000896
17796,0.048750
17797,0.040196
17798,0.001258
17799,0.012979
17800,-0.019351
17801,-0.046542
17802,-0.054178
17803,-0.088368
17804,-0.053997
17805,-0.004223
17806,0.011736
17807,0.042487
17808,0.031537
17809,0.023396
17810,0.094099
17811,0.080420
17812,0.102879
17813,0.126318
17814,-0.011090
17815,-0.118178
17816,-0.125750
17817,-0.070283
17818,-0.055644
17819,-0.068512
17820,-0.011607
17821,0.074483
17822,0.059577
17823,0.003601
17824,0.001672
17825,-0.043110
17826,-0.015982
17827,0.048449
17828,0.030041
17829,0.008788
17830,0.050818
17831,0.023242
17832,0.005382
17833,-0.021135
17834,-0.017543
17835,0.002295
17836,0.012444
17837,-0.042504
17838,-0.063575
17839,-0.024443
17840,-0.028802
17841,-0.013802
17842,-0.014989
17843,0.038445
17844,0.036640
17845,0.015614
17846,0.010710
17847,-0.028656
17848,0.027632
17849,0.013919
17850,0.007864
17851,-0.005307
17852,-0.009413
17853,-0.009618
17854,-0.030868
17855,0.011953
17856,-0.026630
17857,-0.015539
17858,-0.002661
17859,-0.023003
17860,-0.029235
17861,0.010815
17862,0.014094
17863,0.052842
17864,0.090108
17865,0.082030
17866,0.027772
17867,-0.003497
17868,-0.080112
17869,-0.029996
17870,0.029339
17871,0.031806
17872,0.013626
17873,-0.085452
17874,-0.119191
17875,-0.067267
17876,-0.006445
17877,-0.020301
17878,0.046870
17879,0.091050
17880,0.029163
17881,-0.028149
17882,-0.016107
17883,0.037057
17884,0.031728
17885,-0.014733
17886,0.003337
17887,-0.018285
17888,-0.023170
17889,0.040296
17890,0.010418
17891,-0.011795
17892,0.003278
17893,-0.003818
17894,-0.030147
17895,0.013781
17896,0.006587
17897,0.023593
17898,0.025486
17899,-0.009184
17900,-0.014368
17901,-0.041837
17902,-0.029163
17903,-0.018704
17904,-0.035385
17905,0.007817
17906,0.022224
17907,0.034073
17908,0.034635
17909,-0.018978
17910,-0.020999
17911,0.016129
17912,0.036822
17913,0.029753
17914,0.046646
17915,0.012587
17916,-0.003893
17917,-0.018006
17918,-0.004636
17919,0.018873
17920,-0.049025
17921,-0.087560
17922,-0.099865
17923,-0.120408
17924,-0.023355
17925,0.017044
17926,0.031774
17927,0.047842
17928,0.059841
17929,0.083265
17930,0.097958
17931,0.050304
17932,0.010172
17933,-0.002145
17934,-0.016432
17935,-0.052773
17936,-0.069132
17937,-0.046655
17938,-0.011276
17939,-0.017058
17940,-0.011233
17941,0.007823
17942,0.034790
17943,0.111864
17944,0.089420
17945,0.016378
17946,-0.050991
17947,-0.045181
17948,-0.112546
17949,-0.113374
17950,-0.023379
17951,0.019676
17952,0.073785
17953,0.098084
17954,0.034550
17955,0.025467
17956,-0.002887
17957,-0.033119
17958,-0.025758
17959,-0.025861
17960,-0.034783
17961,-0.023356
17962,-0.054681
17963,0.007104
17964,0.030454
17965,0.047112
17966,0.081558
17967,0.054737
17968,0.029113
17969,-0.016050
17970,-0.034268
17971,-0.028789
17972,-0.032204
17973,-0.042325
17974,-0.045669
17975,-0.063697
17976,-0.045377
17977,-0.002156
17978,0.012550
17979,0.033911
17980,0.033538
17981,0.033499
17982,0.065284
17983,0.026496
17984,-0.063870
17985,-0.040615
17986,0.002592
17987,0.045058
17988,0.048222
17989,0.046442
17990,-0.025971
17991,-0.044950
17992,-0.005187
17993,-0.082188
17994,-0.054788
17995,0.027418
17996,-0.004558
17997,0.031171
17998,0.009388
17999,-0.039101
18000,0.060858
18001,0.036595
18002,-0.008373
18003,0.033498
18004,-0.008318
18005,-0.027655
18006,-0.009382
18007,-0.029865
18008,0.001351
18009,-0.024991
18010,-0.055868
18011,0.032854
18012,0.027525
18013,0.013900
18014,0.036354
18015,-0.020386
18016,0.022399
18017,0.014692
18018,-0.031897
18019,-0.008866
18020,0.027604
18021,0.028429
18022,0.013283
18023,-0.005605
18024,-0.005306
18025,-0.000871
18026,0.013735
18027,0.056237
18028,-0.029916
18029,-0.076231
18030,-0.077041
18031,-0.048230
18032,0.036862
18033,0.044630
18034,0.039530
18035,0.022581
18036,0.024882
18037,0.038336
18038,0.017672
18039,-0.018031
18040,-0.051366
18041,-0.047290
18042,-0.005012
18043,-0.005371
18044,-0.007859
18045,-0.002942
18046,-0.007808
18047,0.009717
18048,0.065500
18049,0.033741
18050,0.000595
18051,-0.065875
18052,-0.025937
18053,0.001910
18054,-0.000572
18055,0.031706
18056,0.027646
18057,0.031796
18058,-0.004986
18059,-0.012837
18060,-0.049073
18061,-0.088882
18062,-0.066653
18063,0.004594
18064,0.058701
18065,0.088138
18066,0.043085
18067,0.019644
18068,-0.006725
18069,-0.035277
18070,-0.034890
18071,-0.035039
18072,0.011842
18073,-0.025863
18074,0.014937
18075,0.038560
18076,0.032811
18077,0.037550
18078,0.014202
18079,0.035384
18080,-0.002134
18081,-0.009612
18082,-0.043757
18083,-0.094722
18084,-0.042675
18085,0.012244
18086,-0.004921
18087,-0.007569
18088,0.009508
18089,-0.017359
18090,0.008198
18091,0.003695
18092,0.024906
18093,-0.027545
18094,-0.015782
18095,-0.020173
18096,-0.036075
18097,-0.046704
18098,0.019122
18099,0.086028
18100,0.073082
18101,0.040953
18102,0.021497
18103,-0.047445
18104,-0.117437
18105,-0.051038
18106,0.049412
18107,0.097929
18108,0.110099
18109,0.082592
18110,0.072650
18111,0.009115
18112,-0.113389
18113,-0.052797
18114,0.008756
18115,-0.022818
18116,-0.052385
18117,-0.064459
18118,-0.096610
18119,-0.076528
18120,0.001652
18121,0.028168
18122,0.043075
18123,0.011483
18124,0.078221
18125,0.077839
18126,0.032551
18127,0.014525
18128,-0.048665
18129,-0.032703
18130,-0.027162
18131,-0.025876
18132,0.017892
18133,0.033931
18134,0.021351
18135,0.004854
18136,-0.023349
18137,-0.058442
18138,-0.001000
18139,0.068930
18140,0.058231
18141,-0.068303
18142,-0.053570
18143,-0.013498
18144,-0.027538
18145,-0.017871
18146,0.020839
18147,0.036779
18148,0.019520
18149,0.004624
18150,0.012314
18151,-0.007609
18152,-0.021077
18153,0.000092
18154,0.008316
18155,0.041880
18156,0.057778
18157,0.013999
18158,-0.005502
18159,-0.037327
18160,-0.011472
18161,0.011799
18162,-0.055908
18163,-0.065911
18164,-0.026311
18165,-0.068161
18166,-0.029112
18167,-0.031381
18168,-0.004399
18169,0.033669
18170,0.086172
18171,0.109336
18172,0.067128
18173,0.025200
18174,0.008181
18175,-0.014346
18176,-0.035736
18177,-0.051921
18178,-0.074643
18179,-0.056924
18180,-0.064210
18181,-0.031442
18182,0.059226
18183,0.034192
18184,0.094993
18185,0.102106
18186,0.037655
18187,0.014881
18188,-0.025580
18189,-0.060989
18190,-0.002909
18191,-0.000566
18192,-0.004086
18193,-0.001020
18194,-0.015915
18195,-0.020886
18196,-0.015478
18197,0.009259
18198,0.024328
18199,-0.010186
18200,-0.050557
18201,-0.009552
18202,-0.037518
18203,-0.028313
18204,0.016356
18205,0.017713
18206,0.039470
18207,0.040995
18208,0.028009
18209,0.024228
18210,-0.027842
18211,-0.021448
18212,-0.006989
18213,0.026635
18214,0.014241
18215,-0.011693
18216,-0.040446
18217,-0.016807
18218,-0.038684
18219,-0.027418
18220,-0.005537
18221,0.011403
18222,0.095315
18223,0.076209
18224,0.034186
18225,-0.033280
18226,-0.008418
18227,0.016873
18228,-0.035511
18229,-0.065678
18230,-0.060021
18231,-0.016424
18232,-0.025306
18233,-0.012831
18234,-0.006048
18235,0.026033
18236,-0.013650
18237,-0.053821
18238,427.531677
18239,907.296143
18240,63.261581
18241,913.191711
18242,1853.480835
18243,-21.731421
18244,-56.090736
18245,-28.552858
18246,20.079552
18247,45.497936
18248,48.219505
18249,44.843777
18250,36.280567
18251,19.068151
18252,-26.247807
18253,-67.636452
18254,-78.133064
18255,-55.735867
18256,-9.675909
18257,24.118446
18258,65.236191
18259,77.476845
18260,54.341381
18261,-5.371462
18262,-51.616451
18263,-71.957390
18264,-55.662636
18265,-15.812050
18266,11.212123
18267,26.929939
18268,35.049664
18269,33.060154
18270,23.605253
18271,10.060911
18272,10.445682
18273,-12.493119
18274,-22.900164
18275,-19.394789
18276,-17.363829
18277,-11.068216
18278,-2.284447
18279,-10.587113
18280,8.079606
18281,14.809402
18282,18.242714
18283,12.298697
18284,3.324238
18285,-16.461264
18286,1.369492
18287,-1.844923
18288,-14.623396
18289,-16.024990
18290,5.636627
18291,3.798012
18292,0.813946
18293,0.060377
18294,0.112722
18295,0.118723
18296,0.061251
18297,-0.037475
18298,-0.002244
18299,-0.047351
18300,-0.032792
18301,-0.037326
18302,0.012591
18303,-0.003752
18304,0.000929
18305,0.009337
18306,0.006750
18307,0.002242
18308,0.017113
18309,-0.019359
18310,-0.025512
18311,-0.000325
18312,-0.016668
18313,-0.008928
18314,-0.010064
18315,-0.011681
18316,-0.018141
18317,0.017023
18318,0.021553
18319,0.020830
18320,0.034564
18321,0.062777
18322,0.017849
18323,-0.043761
18324,-0.055153
18325,-0.009749
18326,0.035492
18327,-0.030816
18328,-0.010013
18329,0.032187
18330,0.047211
18331,0.059979
18332,0.006160
18333,-0.041873
18334,-0.053148
18335,-0.060822
18336,-0.062214
18337,-0.002383
18338,0.037726
18339,0.022198
18340,0.001488
18341,-0.030725
18342,-0.042866
18343,0.010491
18344,0.034174
18345,0.026601
18346,0.000985
18347,0.000585
18348,0.032621
18349,0.021160
18350,-0.001118
18351,-0.043086
18352,-0.022506
18353,-0.008402
18354,0.024261
18355,0.029425
18356,0.043361
18357,0.044041
18358,-0.024543
18359,-0.068782
18360,-0.089461
18361,-0.092460
18362,-0.037823
18363,0.044124
18364,0.075389
18365,0.101910
18366,0.106280
18367,0.027193
18368,-0.035922
18369,-0.005606
18370,-0.063950
18371,-0.100587
18372,-0.051312
18373,0.006349
18374,0.019131
18375,0.079651
18376,0.089594
18377,0.003517
18378,-0.034901
18379,-0.029775
18380,-0.058930
18381,-0.046404
18382,-0.071826
18383,0.014499
18384,0.032920
18385,0.005000
18386,-0.008907
18387,0.000846
18388,0.022016
18389,-0.012449
18390,0.006933
18391,-0.019034
18392,0.033817
18393,0.031544
18394,-0.079788
18395,-0.041181
18396,0.034865
18397,0.012756
18398,0.035785
18399,0.040120
18400,0.017798
18401,0.050314
18402,0.025364
18403,-0.015259
18404,-0.040273
18405,-0.026762
18406,-0.038052
18407,-0.023060
18408,-0.013817
18409,-0.011352
18410,-0.004826
18411,0.012138
18412,0.016268
18413,-0.021792
18414,-0.037716
18415,0.012388
18416,0.027450
18417,0.074725
18418,0.096905
18419,0.064140
18420,-0.004705
18421,-0.041315
18422,-0.090923
18423,-0.113076
18424,-0.061961
18425,-0.003405
18426,-0.000824
18427,-0.000800
18428,0.040031
18429,0.073072
18430,0.061334
18431,-0.001961
18432,-0.056046
18433,-0.044133
18434,-0.027809
18435,-0.004768
18436,-0.007953
18437,-0.023823
18438,-0.028121
18439,0.005666
18440,-0.054820
18441,0.007366
18442,0.050262
18443,0.010604
18444,-0.019037
18445,0.035268
18446,0.060889
18447,-0.021871
18448,0.008057
18449,0.005768
18450,0.019275
18451,0.053564
18452,0.024129
18453,0.052925
18454,0.030962
18455,-0.075621
18456,-0.079046
18457,-0.054526
18458,-0.028336
18459,0.018488
18460,0.055042
18461,0.048497
18462,-0.005343
18463,-0.047856
18464,-0.066509
18465,-0.083264
18466,-0.036008
18467,0.000607
18468,0.015476
18469,0.024519
18470,0.020355
18471,0.009969
18472,0.053052
18473,0.079450
18474,0.086417
18475,0.015198
18476,-0.010320
18477,-0.051117
18478,-0.086479
18479,-0.050154
18480,-0.044824
18481,-0.067764
18482,0.005726
18483,0.035465
18484,0.035799
18485,0.041118
18486,0.021864
18487,0.026345
18488,0.027666
18489,-0.016756
18490,0.035201
18491,0.077521
18492,-0.016642
18493,-0.014991
18494,-0.041271
18495,-0.094771
18496,-0.078739
18497,-0.129117
18498,-0.068884
18499,0.035636
18500,0.053793
18501,0.018403
18502,0.039765
18503,0.045126
18504,0.075135
18505,0.091325
18506,0.094100
18507,0.088568
18508,0.006621
18509,-0.012130
18510,-0.089638
18511,-0.108131
18512,-0.069971
18513,-0.054244
18514,-0.010779
18515,0.023760
18516,0.033699
18517,-0.018175
18518,0.001556
18519,0.007501
18520,-0.012506
18521,-0.074402
18522,-0.053219
18523,0.004034
18524,0.000958
18525,0.027937
18526,0.035791
18527,0.035925
18528,0.032870
18529,0.018911
18530,-0.007302
18531,-0.003343
18532,0.029218
18533,0.045355
18534,0.055644
18535,0.035657
18536,0.016268
18537,-0.120348
18538,-0.098250
18539,-0.009550
18540,0.010876
18541,0.014842
18542,0.033871
18543,-0.064934
18544,-0.040234
18545,0.005093
18546,0.001588
18547,0.019247
18548,0.005210
18549,-0.005815
18550,-0.032744
18551,0.011734
18552,0.007107
18553,-0.012476
18554,0.013074
18555,0.110343
18556,0.045211
18557,-0.011036
18558,0.002411
18559,-0.048748
18560,-0.025579
18561,0.014598
18562,0.025079
18563,0.013113
18564,-0.054866
18565,-0.075408
18566,-0.070989
18567,-0.043987
18568,0.066114
18569,0.076849
18570,0.046236
18571,-0.008601
18572,-0.096561
18573,-0.097665
18574,-0.034246
18575,-0.001061
18576,0.050713
18577,0.048785
18578,0.051688
18579,0.038230
18580,0.080882
18581,0.068145
18582,-0.038938
18583,-0.035499
18584,-0.024019
18585,-0.025815
18586,-0.059151
18587,-0.078412
18588,0.000053
18589,0.040514
18590,0.051545
18591,0.029133
18592,0.008546
18593,-0.026824
18594,-0.003797
18595,0.015539
18596,-0.047036
18597,-0.019921
18598,0.012487
18599,0.070867
18600,0.039315
18601,-0.033850
18602,-0.004071
18603,-0.047321
18604,-0.045147
18605,-0.005350
18606,0.033138
18607,0.053497
18608,0.017392
18609,-0.017558
18610,-0.017476
18611,-0.017364
18612,-0.032154
18613,-0.008503
18614,0.005335
18615,0.005493
18616,-0.034035
18617,-0.027682
18618,0.010142
18619,-0.009289
18620,-0.015610
18621,0.025882
18622,0.043963
18623,0.039194
18624,0.009491
18625,-0.063069
18626,-0.039091
18627,-0.005703
18628,-0.007454
18629,0.008776
18630,-0.015477
18631,0.012144
18632,0.004995
18633,-0.018927
18634,0.092573
18635,0.064137
18636,-0.022135
18637,-0.014874
18638,-0.015566
18639,0.005721
18640,0.045273
18641,0.030178
18642,-0.021447
18643,-0.023728
18644,-0.054488
18645,-0.040235
18646,-0.063542
18647,-0.062699
18648,0.031470
18649,0.083883
18650,0.063738
18651,0.001845
18652,0.032532
18653,-0.022707
18654,-0.061017
18655,-0.019012
18656,0.004924
18657,-0.013429
18658,-0.042054
18659,-0.034178
18660,0.019147
18661,0.018590
18662,-0.011839
18663,-0.003447
18664,0.023127
18665,0.013303
18666,0.023067
18667,0.017572
18668,-0.012003
18669,-0.027917
18670,-0.013132
18671,0.042040
18672,0.003308
18673,-0.026926
18674,-0.039677
18675,0.012113
18676,0.055338
18677,0.028302
18678,-0.050278
18679,-0.005218
18680,-0.051940
18681,-0.050771
18682,0.027361
18683,0.048188
18684,0.133770
18685,0.034477
18686,-0.050999
18687,-0.060730
18688,-0.024506
18689,-0.031033
18690,0.015490
18691,0.002468
18692,-0.053539
18693,-0.043202
18694,0.007955
18695,0.031007
18696,0.053107
18697,0.035502
18698,0.008905
18699,0.047649
18700,0.071116
18701,-0.032874
18702,-0.059100
18703,-0.023563
18704,-0.039999
18705,-0.064408
18706,-0.051080
18707,-0.042857
18708,-0.023871
18709,0.006768
18710,-0.012605
18711,-0.002931
18712,0.038955
18713,0.099984
18714,0.104510
18715,-0.011381
18716,-0.008762
18717,0.010286
18718,-0.017015
18719,-0.058763
18720,-0.034604
18721,-0.014913
18722,0.030949
18723,0.046615
18724,0.032808
18725,0.015065
18726,0.013763
18727,-0.015796
18728,-0.074187
18729,-0.037134
18730,-0.001637
18731,-0.024295
18732,0.003715
18733,0.006309
18734,0.056448
18735,0.045258
18736,-0.002786
18737,-0.017809
18738,-0.107191
18739,-0.048893
18740,0.068874
18741,0.015410
18742,0.040318
18743,0.067097
18744,0.052938
18745,0.027233
18746,0.017271
18747,-0.097022
18748,-0.087843
18749,-0.087340
18750,-0.003743
18751,-0.040773
18752,0.014270
18753,0.024214
18754,0.047163
18755,-0.001869
18756,0.016825
18757,0.079391
18758,0.062108
18759,0.023561
18760,0.011112
18761,-0.055407
18762,-0.090565
18763,-0.042983
18764,0.006376
18765,0.018334
18766,-0.006911
18767,-0.009801
18768,0.041966
18769,0.014021
18770,0.023997
18771,-0.039067
18772,-0.014812
18773,-0.000156
18774,0.011610
18775,0.051488
18776,0.011512
18777,-0.029185
18778,-0.020671
18779,-0.019278
18780,-0.012034
18781,-0.011993
18782,0.005616
18783,-0.010948
18784,0.000486
18785,0.037473
18786,0.040838
18787,0.048343
18788,-0.014153
18789,-0.009693
18790,-0.006867
18791,-0.034885
18792,0.007751
18793,0.016841
18794,0.044136
18795,0.029604
18796,-0.019369
18797,-0.086912
18798,-0.083556
18799,0.014567
18800,0.030690
18801,0.044634
18802,0.055288
18803,0.004251
18804,-0.015546
18805,-0.012150
18806,-0.016236
18807,-0.033059
18808,-0.058703
18809,-0.055400
18810,-0.001521
18811,0.008157
18812,0.024556
18813,0.056488
18814,0.029125
18815,0.036163
18816,0.024145
18817,-0.045432
18818,-0.051861
18819,-0.035711
18820,0.001872
18821,0.052750
18822,0.027857
18823,-0.021616
18824,0.012625
18825,0.074188
18826,0.017178
18827,0.026072
18828,0.006449
18829,-0.011701
18830,-0.010396
18831,-0.072942
18832,-0.069979
18833,-0.086015
18834,-0.068028
18835,-0.016207
18836,0.063305
18837,0.073951
18838,0.064511
18839,0.074575
18840,0.045649
18841,0.036186
18842,0.035283
18843,-0.050453
18844,-0.060574
18845,-0.063507
18846,-0.078317
18847,-0.077543
18848,-0.033525
18849,-0.003286
18850,0.078394
18851,0.082352
18852,0.068948
18853,0.044577
18854,0.043368
18855,-0.045651
18856,-0.047914
18857,-0.034060
18858,-0.037201
18859,0.035593
18860,-0.000888
18861,-0.013328
18862,0.048245
18863,-0.032315
18864,-0.004072
18865,0.034936
18866,0.045113
18867,0.039407
18868,-0.061478
18869,-0.060076
18870,-0.013969
18871,0.041101
18872,0.002725
18873,0.052874
18874,0.003015
18875,-0.060442
18876,-0.000154
18877,-0.007753
18878,0.067523
18879,-0.003791
18880,0.006250
18881,-0.005421
18882,0.013967
18883,0.004782
18884,-0.068874
18885,-0.014169
18886,-0.064521
18887,0.002449
18888,-0.026474
18889,-0.038809
18890,-0.029836
18891,0.030171
18892,0.092073
18893,0.039170
18894,0.039357
18895,0.018707
18896,0.022072
18897,-0.009178
18898,-0.009018
18899,0.004456
18900,-0.071817
18901,-0.030778
18902,0.038109
18903,0.001299
18904,-0.062165
18905,-0.019504
18906,-0.072525
18907,-0.039639
18908,-0.039220
18909,0.017940
18910,0.094653
18911,0.080133
18912,0.063612
18913,0.019787
18914,0.054120
18915,-0.057199
18916,-0.030941
18917,-0.032104
18918,-0.047064
18919,-0.072420
18920,-0.033062
18921,0.010171
18922,0.023427
18923,0.049595
18924,-0.003887
18925,0.061829
18926,0.015133
18927,0.076086
18928,0.015971
18929,0.022891
18930,0.043323
18931,-0.031339
18932,-0.039168
18933,-0.116501
18934,-0.126231
18935,-0.086714
18936,0.091703
18937,0.072615
18938,0.111005
18939,0.053930
18940,-0.040983
18941,-0.049087
18942,-0.063453
18943,0.006395
18944,0.007546
18945,-0.003198
18946,0.004956
18947,0.012587
18948,0.004847
18949,0.047450
18950,0.076108
18951,0.057116
18952,0.014883
18953,0.019163
18954,-0.069173
18955,-0.127363
18956,-0.133325
18957,-0.075249
18958,0.010937
18959,0.044732
18960,0.037327
18961,0.074737
18962,0.076288
18963,-0.017593
18964,-0.021005
18965,-0.090465
18966,-0.049405
18967,-0.071627
18968,0.050792
18969,0.076581
18970,0.126585
18971,0.078010
18972,0.011479
18973,0.020438
18974,-0.002323
18975,-0.017673
18976,-0.056743
18977,-0.050602
18978,0.012991
18979,-0.073235
18980,-0.033176
18981,-0.037016
18982,0.003535
18983,0.057711
18984,0.047001
18985,0.047455
18986,0.039136
18987,0.030438
18988,-0.010689
18989,-0.042005
18990,-0.061748
18991,-0.084004
18992,-0.035894
18993,0.010011
18994,-0.010864
18995,0.051389
18996,0.042131
18997,-0.036404
18998,0.005289
18999,0.021860
19000,0.020936
19001,0.008406
19002,0.043167
19003,0.005768
19004,0.062245
19005,-0.008268
19006,-0.036881
19007,-0.063108
19008,-0.032878
19009,-0.051196
19010,-0.043646
19011,-0.006910
19012,0.002881
19013,0.078602
19014,0.034301
19015,0.043355
19016,0.007396
19017,-0.053357
19018,-0.018221
19019,-0.013814
19020,-0.012861
19021,0.010126
19022,-0.004093
19023,0.022769
19024,0.020287
19025,-0.013081
19026,-0.033960
19027,-0.023614
19028,0.043727
19029,0.073960
19030,0.066351
19031,0.101828
19032,0.035628
19033,-0.010682
19034,-0.051986
19035,-0.104821
19036,-0.143180
19037,-0.055245
19038,-0.001590
19039,0.022704
19040,0.080250
19041,0.014125
19042,-0.016843
19043,-0.077095
19044,-0.026359
19045,0.023586
19046,0.011325
19047,0.057646
19048,0.037095
19049,0.006824
19050,-0.078826
19051,-0.021625
19052,-0.000968
19053,0.008711
19054,0.003051
19055,0.038053
19056,0.016290
19057,0.067498
19058,-0.020076
19059,-0.006241
19060,-0.025172
19061,-0.009793
19062,-0.028880
19063,-0.045479
19064,0.029478
19065,-0.002829
19066,-0.013826
19067,-0.011003
19068,-0.031264
19069,-0.057318
19070,0.014619
19071,0.040073
19072,0.034592
19073,0.053871
19074,0.028276
19075,0.003957
19076,0.028660
19077,0.015049
19078,-0.049405
19079,-0.075958
19080,-0.006772
19081,-0.074589
19082,0.034478
19083,0.011148
19084,0.005939
19085,0.040834
19086,0.003076
19087,0.043405
19088,0.004838
19089,0.058438
19090,0.041751
19091,-0.028178
19092,-0.043768
19093,-0.053888
19094,-0.036168
19095,-0.032401
19096,-0.013734
19097,-0.019532
19098,0.011155
19099,0.083021
19100,-0.001790
19101,-0.022711
19102,0.026236
19103,-0.065535
19104,-0.046220
19105,0.035857
19106,-0.013728
19107,0.060111
19108,0.040476
19109,-0.009450
19110,0.023551
19111,-0.002295
19112,-0.027228
19113,-0.097552
19114,-0.066924
19115,0.007110
19116,0.017355
19117,0.071008
19118,0.069544
19119,0.040431
19120,0.039378
19121,-0.015016
19122,0.008841
19123,-0.002793
19124,-0.011020
19125,0.017997
19126,0.003397
19127,-0.030499
19128,-0.066601
19129,-0.059391
19130,0.015381
19131,0.021975
19132,0.067939
19133,0.051467
19134,-0.023640
19135,0.013095
19136,-0.057044
19137,-0.056982
19138,0.008319
19139,-0.051180
19140,-0.007106
19141,0.019808
19142,-0.016417
19143,0.034417
19144,-0.044213
19145,0.003311
19146,0.041440
19147,0.008897
19148,0.061608
19149,-0.006377
19150,-0.011221
19151,0.023151
19152,-0.065277
19153,0.023521
19154,-0.021344
19155,-0.026359
19156,0.101960
19157,0.005134
19158,0.030051
19159,-0.033782
19160,-0.106321
19161,-0.017041
19162,-0.041124
19163,-0.005518
19164,0.033379
19165,-0.022079
19166,0.028523
19167,-0.016441
19168,0.039765
19169,0.016198
19170,-0.000229
19171,0.040496
19172,-0.063864
19173,0.005289
19174,0.032491
19175,-0.030153
19176,-0.025299
19177,-0.043032
19178,0.022598
19179,0.057602
19180,0.068118
19181,0.079399
19182,-0.038473
19183,-0.035869
19184,-0.084220
19185,-0.105462
19186,-0.056458
19187,-0.048989
19188,0.035516
19189,0.098637
19190,0.022571
19191,0.008950
19192,-0.028768
19193,-0.012978
19194,0.082498
19195,0.064671
19196,0.051249
19197,0.024766
19198,-0.009392
19199,-0.027561
19200,-0.032508
19201,-0.071584
19202,-0.002093
19203,0.063218
19204,0.043628
19205,0.006330
19206,-0.025226
19207,-0.017375
19208,0.001803
19209,-0.003299
19210,0.048770
19211,0.004171
19212,-0.008842
19213,-0.055935
19214,-0.091429
19215,-0.076046
19216,-0.072455
19217,-0.001285
19218,0.074666
19219,0.089177
19220,0.095921
19221,0.037007
19222,0.023755
19223,-0.046116
19224,-0.076109
19225,-0.031482
19226,-0.009891
19227,-0.014880
19228,0.027359
19229,0.022101
19230,0.012299
19231,0.028747
19232,0.017274
19233,0.072465
19234,-0.009523
19235,-0.074298
19236,-0.046922
19237,-0.030695
19238,-0.037574
19239,0.001199
19240,0.031047
19241,0.004053
19242,0.019471
19243,0.043511
19244,-0.003412
19245,-0.018112
19246,-0.015137
19247,-0.001596
19248,0.010267
19249,-0.023056
19250,-0.024441
19251,-0.017792
19252,-0.023555
19253,0.013344
19254,0.033952
19255,0.035341
19256,0.061558
19257,-0.005820
19258,-0.003842
19259,0.031535
19260,-0.015069
19261,-0.050720
19262,-0.057329
19263,-0.032889
19264,0.027591
19265,0.059525
19266,0.031112
19267,0.028676
19268,-0.030294
19269,-0.085889
19270,-0.084362
19271,-0.061324
19272,-0.013276
19273,0.056371
19274,0.062367
19275,0.021751
19276,0.061927
19277,0.044028
19278,0.038461
19279,0.010803
19280,-0.052909
19281,-0.019141
19282,0.004543
19283,-0.030441
19284,-0.058274
19285,-0.075560
19286,0.003175
19287,0.094880
19288,0.075240
19289,0.046501
19290,0.025748
19291,0.003893
19292,-0.017924
19293,-0.013059
19294,-0.042520
19295,-0.087438
19296,-0.061724
19297,-0.024242
19298,0.010839
19299,0.068462
19300,0.045110
19301,0.050490
19302,0.061330
19303,-0.007188
19304,0.024184
19305,-0.028650
19306,-0.046812
19307,-0.000649
19308,-0.020028
19309,-0.026278
19310,0.011469
19311,0.045465
19312,0.067332
19313,-0.005468
19314,-0.027067
19315,0.001960
19316,-0.029851
19317,-0.075995
19318,-0.096288
19319,-0.036638
19320,0.014632
19321,0.033000
19322,0.050634
19323,0.045250
19324,-0.015560
19325,0.023058
19326,0.010765
19327,0.018651
19328,0.003262
19329,0.012353
19330,0.082549
19331,0.023925
19332,-0.027656
19333,-0.048777
19334,-0.060340
19335,-0.028373
19336,-0.019390
19337,-0.028592
19338,-0.019468
19339,0.043302
19340,0.091270
19341,0.047749
19342,0.003119
19343,-0.009258
19344,-0.012400
19345,-0.047831
19346,-0.066280
19347,-0.033576
19348,0.018841
19349,-0.030757
19350,-0.036639
19351,-0.026389
19352,-0.050480
19353,-0.004952
19354,0.035753
19355,0.004802
19356,0.010479
19357,0.040643
19358,0.040434
19359,0.037469
19360,0.001678
19361,0.033721
19362,0.056974
19363,0.092674
19364,0.057917
19365,0.003335
19366,-0.043528
19367,-0.102603
19368,-0.102065
19369,-0.073056
19370,-0.048516
19371,0.000010
19372,-0.044115
19373,0.005055
19374,0.055283
19375,0.013243
19376,0.035810
19377,-0.007621
19378,0.035629
19379,0.045482
19380,0.020339
19381,0.042098
19382,0.040592
19383,-0.021275
19384,-0.063355
19385,-0.060159
19386,0.012479
19387,-0.003990
19388,0.002561
19389,0.035449
19390,-0.040057
19391,-0.005478
19392,-0.003530
19393,-0.034327
19394,0.013303
19395,0.000784
19396,-0.000773
19397,0.074965
19398,-0.020355
19399,0.002491
19400,-0.027526
19401,-0.056000
19402,-0.038427
19403,-0.038984
19404,0.074087
19405,0.037556
19406,0.047705
19407,-0.019991
19408,-0.036487
19409,0.031292
19410,0.002569
19411,0.040969
19412,0.077320
19413,0.055064
19414,0.042117
19415,-0.013137
19416,-0.052443
19417,-0.061765
19418,-0.048389
19419,0.010675
19420,-0.022197
19421,-0.064378
19422,-0.041099
19423,-0.002745
19424,0.022613
19425,0.038062
19426,0.061488
19427,0.000171
19428,-0.009196
19429,-0.029445
19430,-0.040658
19431,-0.009098
19432,-0.018573
19433,0.019163
19434,0.019197
19435,0.060450
19436,0.075203
19437,0.002532
19438,0.019382
19439,0.044298
19440,0.026732
19441,0.003776
19442,0.007357
19443,0.085407
19444,0.109656
19445,0.107214
19446,0.032347
19447,-0.055778
19448,-0.041516
19449,-0.034859
19450,0.000239
19451,-0.008506
19452,-0.004458
19453,-0.031839
19454,-0.043818
19455,-0.035991
19456,-0.028707
19457,-0.017921
19458,-0.020322
19459,-0.026862
19460,0.023191
19461,0.015626
19462,0.017657
19463,0.082212
19464,0.023333
19465,-0.010253
19466,0.035254
19467,-0.000249
19468,0.000894
19469,-0.030730
19470,0.034293
19471,-0.005408
19472,-0.071015
19473,-0.099681
19474,-0.057854
19475,0.035419
19476,0.059819
19477,0.105168
19478,0.003368
19479,-0.018334
19480,-0.044858
19481,0.024893
19482,0.073894
19483,0.059112
19484,0.053478
19485,-0.004646
19486,-0.030421
19487,-0.084952
19488,-0.047086
19489,-0.051861
19490,-0.039825
19491,-0.054983
19492,-0.006682
19493,-0.022727
19494,-0.040433
19495,-0.030693
19496,0.020845
19497,0.047101
19498,0.055038
19499,0.052512
19500,0.052124
19501,0.006904
19502,-0.013650
19503,0.040140
19504,0.028260
19505,-0.013939
19506,-0.003212
19507,-0.049379
19508,-0.002794
19509,0.033907
19510,0.066001
19511,0.028811
19512,0.022846
19513,-0.046927
19514,-0.125084
19515,-0.056036
19516,-0.060473
19517,-0.097057
19518,-0.050947
19519,0.018304
19520,0.030766
19521,0.070021
19522,0.062131
19523,0.040432
19524,0.009856
19525,0.074648
19526,0.005528
19527,-0.031617
19528,-0.014786
19529,-0.024513
19530,-0.078848
19531,-0.016286
19532,-0.046287
19533,-0.027298
19534,-0.036386
19535,-0.006645
19536,0.090254
19537,0.029826
19538,0.023558
19539,0.043745
19540,0.036801
19541,0.013430
19542,-0.060325
19543,-0.056849
19544,-0.054063
19545,-0.051124
19546,0.011239
19547,-0.009570
19548,0.038082
19549,0.009762
19550,-0.038388
19551,0.023863
19552,0.024678
19553,0.036787
19554,0.060174
19555,0.035034
19556,0.046101
19557,-0.008907
19558,-0.018177
19559,0.014097
19560,0.015451
19561,-0.020434
19562,-0.029265
19563,0.023594
19564,0.017175
19565,-0.013359
19566,-0.052174
19567,-0.043329
19568,-0.018398
19569,-0.027042
19570,0.004974
19571,0.007734
19572,0.028330
19573,0.007515
19574,-0.032852
19575,-0.074874
19576,-0.070922
19577,0.026575
19578,0.009659
19579,-0.026326
19580,0.036466
19581,0.062412
19582,0.032255
19583,0.041934
19584,0.041183
19585,0.023209
19586,0.026721
19587,0.013923
19588,-0.030455
19589,-0.056437
19590,-0.091274
19591,-0.039634
19592,-0.017596
19593,-0.006307
19594,0.012507
19595,0.069760
19596,0.058259
19597,-0.010774
19598,-0.032216
19599,-0.016761
19600,-0.045854
19601,-0.072766
19602,-0.035561
19603,0.053334
19604,0.036518
19605,0.028173
19606,0.067825
19607,0.040172
19608,0.015188
19609,-0.005763
19610,-0.025326
19611,-0.017091
19612,0.000544
19613,0.001136
19614,-0.013188
19615,-0.032892
19616,-0.030753
19617,-0.014989
19618,-0.032885
19619,-0.013562
19620,0.006832
19621,0.031444
19622,0.045839
19623,0.013700
19624,-0.014510
19625,-0.028182
19626,-0.010587
19627,0.047981
19628,0.036315
19629,0.021612
19630,0.008741
19631,-0.049936
19632,-0.047402
19633,-0.084015
19634,-0.102080
19635,-0.050557
19636,-0.004324
19637,0.062332
19638,0.077283
19639,0.038121
19640,0.053851
19641,0.067460
19642,0.033427
19643,0.051553
19644,0.000018
19645,0.007523
19646,0.029080
19647,0.008954
19648,-0.044844
19649,-0.109574
19650,-0.126679
19651,-0.072825
19652,-0.038097
19653,-0.048311
19654,-0.001147
19655,0.074167
19656,0.095768
19657,0.063520
19658,0.048193
19659,0.023913
19660,-0.011335
19661,-0.048035
19662,-0.038510
19663,-0.015938
19664,0.048000
19665,0.036484
19666,0.021274
19667,-0.018777
19668,-0.030253
19669,0.016395
19670,0.013372
19671,0.049977
19672,0.056180
19673,0.012260
19674,-0.028741
19675,-0.122639
19676,-0.175684
19677,-0.130707
19678,-0.038567
19679,0.037763
19680,0.046401
19681,0.059998
19682,0.078404
19683,0.079990
19684,0.012679
19685,0.007096
19686,0.037923
19687,0.013909
19688,-0.001816
19689,0.022456
19690,0.056999
19691,0.055280
19692,-0.024438
19693,-0.032071
19694,-0.028303
19695,-0.103277
19696,-0.096745
19697,-0.084918
19698,-0.028179
19699,0.012149
19700,0.053537
19701,0.041845
19702,0.026408
19703,0.015742
19704,0.019643
19705,0.009581
19706,0.007942
19707,-0.022495
19708,-0.029963
19709,0.014087
19710,-0.011571
19711,0.045032
19712,0.067865
19713,-0.037388
19714,-0.071853
19715,-0.026566
19716,0.059324
19717,0.053632
19718,-0.020144
19719,0.012556
19720,-0.006161
19721,-0.047415
19722,-0.008125
19723,-0.018589
19724,-0.014554
19725,0.012084
19726,0.070587
19727,0.004306
19728,-0.059129
19729,-0.009859
19730,-0.017665
19731,-0.003567
19732,-0.007335
19733,0.038177
19734,0.077940
19735,0.036300
19736,0.020689
19737,-0.035296
19738,-0.043100
19739,-0.116058
19740,-0.095684
19741,-0.020236
19742,0.009578
19743,-0.005280
19744,-0.027965
19745,0.000223
19746,0.061438
19747,0.037854
19748,0.015047
19749,0.006024
19750,0.027157
19751,0.031837
19752,0.027451
19753,-0.024871
19754,-0.059325
19755,-0.036780
19756,-0.077268
19757,-0.070222
19758,0.011378
19759,0.078048
19760,0.086334
19761,0.067396
19762,0.035858
19763,0.015042
19764,-0.061908
19765,-0.107768
19766,-0.038613
19767,-0.048855
19768,-0.043029
19769,-0.057935
19770,-0.034748
19771,-0.001751
19772,0.020750
19773,0.072451
19774,0.052697
19775,0.054232
19776,0.072145
19777,0.004775
19778,0.000858
19779,0.005985
19780,-0.052096
19781,-0.093712
19782,-0.039401
19783,0.007986
19784,0.078348
19785,0.062911
19786,0.004636
19787,0.035535
19788,-0.008553
19789,-0.078882
19790,-0.078703
19791,-0.034304
19792,-0.049158
19793,0.045104
19794,0.109928
19795,0.106346
19796,0.087111
19797,0.045061
19798,-0.011997
19799,-0.027290
19800,-0.040719
19801,-0.058533
19802,-0.086739
19803,-0.022709
19804,-0.027232
19805,-0.036674
19806,-0.034605
19807,-0.026415
19808,0.009684
19809,0.017014
19810,0.049007
19811,0.064969
19812,0.056886
19813,0.033730
19814,-0.029391
19815,-0.049177
19816,-0.066820
19817,-0.060326
19818,-0.012481
19819,0.021491
19820,-0.010899
19821,0.014313
19822,0.041942
19823,0.051098
19824,0.039661
19825,0.050245
19826,0.024352
19827,-0.010171
19828,-0.056107
19829,-0.106050
19830,-0.101454
19831,-0.008056
19832,0.005389
19833,0.047858
19834,0.016638
19835,-0.032470
19836,0.015295
19837,-0.001359
19838,-0.003646
19839,0.048489
19840,0.124431
19841,0.117388
19842,0.016475
19843,-0.042405
19844,-0.050364
19845,-0.049215
19846,-0.010252
19847,-0.008864
19848,-0.031830
19849,0.037980
19850,0.046632
19851,-0.079235
19852,-0.033980
19853,-0.013155
19854,-0.034925
19855,-0.024926
19856,-0.018726
19857,-0.025172
19858,0.037563
19859,0.075425
19860,0.062113
19861,-0.010560
19862,-0.005465
19863,-0.006863
19864,-0.058348
19865,0.023773
19866,0.046549
19867,-0.030753
19868,0.019107
19869,0.051856
19870,0.044123
19871,0.043531
19872,0.006723
19873,-0.004583
19874,-0.013267
19875,-0.006376
19876,-0.058240
19877,-0.072098
19878,-0.063472
19879,0.000862
19880,0.002196
19881,-0.059218
19882,-0.033810
19883,0.030715
19884,0.030215
19885,0.023328
19886,0.081296
19887,0.020771
19888,-0.000926
19889,0.002152
19890,-0.024094
19891,-0.040732
19892,-0.066494
19893,0.005759
19894,0.005026
19895,0.032914
19896,0.019401
19897,0.057544
19898,0.049278
19899,0.019062
19900,0.027383
19901,-0.042786
19902,-0.051930
19903,-0.088279
19904,-0.084449
19905,-0.014131
19906,0.023797
19907,0.012361
19908,0.009793
19909,0.006170
19910,-0.003285
19911,0.038339
19912,0.010173
19913,0.038062
19914,0.047465
19915,0.032893
19916,0.039970
19917,0.021443
19918,0.043469
19919,0.016795
19920,-0.009225
19921,-0.042531
19922,-0.078068
19923,-0.029218
19924,-0.034249
19925,0.000942
19926,0.031925
19927,-0.026655
19928,-0.016407
19929,-0.048828
19930,-0.077781
19931,0.010457
19932,0.028621
19933,0.020889
19934,0.007753
19935,0.028422
19936,0.045006
19937,0.013580
19938,-0.024411
19939,-0.007089
19940,0.012514
19941,0.004754
19942,-0.003610
19943,-0.055555
19944,-0.063172
19945,-0.039012
19946,0.009170
19947,-0.012823
19948,-0.007158
19949,0.063443
19950,0.081368
19951,0.060948
19952,0.037002
19953,0.012811
19954,0.038149
19955,-0.021682
19956,-0.043195
19957,-0.048823
19958,-0.076588
19959,-0.017051
19960,0.014006
19961,0.032028
19962,0.009561
19963,-0.023834
19964,-0.032205
19965,-0.008354
19966,-0.021140
19967,-0.022688
19968,-0.000903
19969,0.036616
19970,0.046195
19971,-0.014270
19972,-0.042336
19973,0.001916
19974,0.017276
19975,0.047342
19976,0.061384
19977,0.009695
19978,0.003856
19979,-0.011623
19980,-0.014002
19981,-0.033072
19982,-0.020879
19983,-0.005960
19984,0.013104
19985,0.002847
19986,-0.047674
19987,-0.087620
19988,-0.013140
19989,0.019688
19990,-0.075088
19991,-0.015511
19992,468.654449
19993,771.973267
19994,9.243529
19995,1103.389160
19996,2030.989258
19997,-9.651564
19998,-6.485179
19999,-8.659513
20000,-16.556366
20001,-14.838524
20002,-4.347962
20003,4.043580
20004,4.654341
20005,5.302927
20006,15.945792
20007,14.382376
20008,12.741288
20009,7.095263
20010,0.916952
20011,2.819196
20012,-8.162494
20013,-0.689863
20014,-23.732584
20015,-35.248104
20016,-5.408224
20017,15.256904
20018,4.042511
20019,6.489788
20020,9.080242
20021,9.148993
20022,4.117884
20023,-6.154330
20024,-31.063324
20025,-41.195702
20026,-37.904659
20027,-9.595455
20028,26.709881
20029,37.623558
20030,52.189041
20031,47.944828
20032,22.573788
20033,4.612830
20034,-7.489140
20035,-30.917854
20036,-40.662598
20037,-39.362804
20038,-25.614416
20039,1.311221
20040,24.034456
20041,21.088444
20042,2.683147
20043,19.701830
20044,28.745098
20045,8.763351
20046,0.019677
20047,0.066519
20048,0.081895
20049,0.046607
20050,0.069737
20051,0.062519
20052,0.005285
20053,-0.075383
20054,-0.095846
20055,-0.023870
20056,-0.054179
20057,-0.009806
20058,0.006257
20059,0.025110
20060,0.076278
20061,0.076497
20062,0.095566
20063,0.021505
20064,-0.059358
20065,-0.073103
20066,-0.064092
20067,-0.056264
20068,-0.013404
20069,0.016322
20070,0.035996
20071,-0.002558
20072,-0.009273
20073,-0.028323
20074,-0.001467
20075,0.006097
20076,-0.002968
20077,0.013575
20078,0.051869
20079,0.016392
20080,-0.024988
20081,0.004759
20082,-0.013241
20083,-0.072372
20084,-0.038046
20085,0.015523
20086,0.042594
20087,0.067160
20088,0.081003
20089,0.061822
20090,0.080492
20091,0.069431
20092,-0.000087
20093,-0.067830
20094,-0.111143
20095,-0.071903
20096,466.649292
20097,763.949524
20098,9.034698
20099,1114.666504
20100,2021.080811
20101,-17.055737
20102,-22.935402
20103,-16.152683
20104,-32.240269
20105,-40.094639
20106,-8.209836
20107,26.469946
20108,40.578850
20109,24.885368
20110,8.277200
20111,-1.700148
20112,6.131804
20113,-15.240032
20114,-19.737684
20115,-11.018156
20116,-5.674425
20117,15.632188
20118,20.876476
20119,17.029074
20120,17.872580
20121,16.854090
20122,-13.372312
20123,-44.836742
20124,-37.929054
20125,-24.555445
20126,-11.139830
20127,8.048525
20128,12.057176
20129,36.302013
20130,29.213135
20131,-3.709622
20132,-19.770048
20133,-10.723844
20134,4.324348
20135,9.021685
20136,13.915216
20137,32.225647
20138,36.542278
20139,9.501746
20140,-22.029301
20141,-45.274181
20142,-53.846416
20143,-39.109829
20144,-20.993410
20145,-1.174025
20146,20.982874
20147,52.681454
20148,59.836876
20149,37.638863
20150,-0.083973
20151,-0.054658
20152,-0.033658
20153,-0.006864
20154,0.021735
20155,0.018014
20156,0.036399
20157,0.040867
20158,0.028192
20159,0.002597
20160,-0.002262
20161,0.015745
20162,0.055876
20163,-0.027120
20164,-0.049706
20165,-0.029572
20166,-0.051332
20167,0.028930
20168,0.069852
20169,0.023256
20170,-0.024028
20171,-0.056296
20172,-0.026439
20173,-0.024171
20174,0.026479
20175,0.069994
20176,0.057759
20177,0.039409
20178,0.007999
20179,0.001383
20180,-0.044532
20181,-0.044644
20182,-0.070962
20183,-0.062671
20184,-0.019915
20185,0.006240
20186,0.027365
20187,0.036983
20188,0.016284
20189,0.010341
20190,0.013119
20191,0.023102
20192,0.042485
20193,-0.004357
20194,0.001094
20195,0.003583
20196,-0.036841
20197,0.004122
20198,-0.010936
20199,-0.044650
20200,-0.024450
20201,-0.014975
20202,0.008595
20203,0.041383
20204,0.034626
20205,0.042471
20206,0.006123
20207,-0.016481
20208,-0.025571
20209,-0.013080
20210,0.024385
20211,0.000438
20212,0.008465
20213,-0.026264
20214,-0.029569
20215,0.030866
20216,0.039532
20217,-0.042077
20218,0.002975
20219,0.027978
20220,-0.048350
20221,-0.070499
20222,-0.037538
20223,-0.057532
20224,-0.019877
20225,0.032312
20226,0.088171
20227,0.081980
20228,0.042409
20229,-0.013560
20230,-0.042549
20231,-0.053851
20232,-0.046031
20233,-0.011684
20234,0.062781
20235,0.066678
20236,0.036163
20237,0.042397
20238,0.024991
20239,-0.009701
20240,-0.013713
20241,-0.007371
20242,-0.003208
20243,-0.058718
20244,-0.087534
20245,-0.027620
20246,-0.034321
20247,0.004512
20248,0.005429
20249,-0.026998
20250,0.053269
20251,0.050093
20252,-0.001294
20253,0.038962
20254,0.037395
20255,0.004364
20256,-0.028985
20257,-0.024483
20258,-0.022150
20259,-0.018812
20260,-0.019833
20261,-0.005688
20262,0.036676
20263,0.042747
20264,0.003954
20265,-0.043920
20266,-0.054626
20267,-0.097291
20268,-0.048653
20269,0.038735
20270,0.088211
20271,0.104083
20272,0.114716
20273,0.060752
20274,0.020958
20275,-0.056959
20276,-0.116399
20277,-0.101084
20278,-0.088980
20279,-0.062435
20280,-0.014546
20281,0.036432
20282,0.074557
20283,0.105084
20284,0.052120
20285,0.032519
20286,-0.063808
20287,-0.078702
20288,-0.011740
20289,0.004973
20290,0.007749
20291,-0.000723
20292,-0.015028
20293,-0.014051
20294,0.004147
20295,0.031044
20296,0.042379
20297,0.020286
20298,0.029104
20299,0.026694
20300,0.031008
20301,-0.046797
20302,-0.061338
20303,-0.072519
20304,-0.060851
20305,-0.025961
20306,0.013594
20307,0.059006
20308,0.089571
20309,0.019165
20310,0.019036
20311,0.006645
20312,-0.005993
20313,-0.020475
20314,0.003658
20315,0.026141
20316,0.012848
20317,-0.003536
20318,-0.029513
20319,-0.021214
20320,-0.058669
20321,0.000393
20322,0.005855
20323,-0.002279
20324,0.003196
20325,-0.006566
20326,-0.026540
20327,0.026810
20328,0.003825
20329,-0.007899
20330,0.024889
20331,0.039993
20332,0.029559
20333,-0.030384
20334,-0.061711
20335,-0.076378
20336,-0.046005
20337,-0.002196
20338,0.026504
20339,0.041737
20340,0.066068
20341,0.007905
20342,-0.022984
20343,-0.009815
20344,-0.013432
20345,0.005241
20346,0.005585
20347,0.034334
20348,0.045095
20349,-0.045166
20350,-0.051370
20351,-0.023586
20352,0.017815
20353,0.084906
20354,0.111027
20355,0.037597
20356,-0.036646
20357,-0.072963
20358,-0.094369
20359,0.027789
20360,0.003992
20361,-0.019806
20362,0.010008
20363,-0.028339
20364,-0.028366
20365,-0.026864
20366,-0.033426
20367,0.077524
20368,0.023308
20369,0.018642
20370,-0.003113
20371,0.000632
20372,0.035344
20373,0.023222
20374,0.003777
20375,0.004766
20376,-0.029768
20377,-0.051954
20378,-0.061341
20379,-0.020156
20380,0.004365
20381,0.025489
20382,0.028543
20383,0.000762
20384,-0.031075
20385,-0.057804
20386,-0.042879
20387,0.010119
20388,0.058884
20389,0.076414
20390,0.049650
20391,-0.008225
20392,0.006088
20393,-0.058307
20394,-0.097040
20395,-0.056082
20396,0.065592
20397,0.108017
20398,0.050302
20399,0.060141
20400,0.074159
20401,-0.016524
20402,-0.025924
20403,0.025452
20404,-0.024743
20405,-0.065098
20406,-0.028599
20407,-0.000201
20408,0.012097
20409,-0.002837
20410,0.022535
20411,0.011989
20412,-0.112718
20413,-0.119492
20414,-0.076203
20415,-0.017113
20416,0.035179
20417,0.048014
20418,0.068807
20419,0.071458
20420,0.019287
20421,0.002241
20422,-0.000277
20423,-0.036505
20424,-0.003044
20425,0.004860
20426,0.017704
20427,0.014091
20428,-0.042343
20429,-0.030212
20430,0.012443
20431,-0.011573
20432,0.049809
20433,0.032421
20434,-0.001192
20435,0.003071
20436,-0.035194
20437,-0.054279
20438,-0.013438
20439,0.040377
20440,0.019223
20441,-0.034433
20442,-0.017320
20443,-0.015298
20444,-0.004477
20445,0.035598
20446,0.057703
20447,0.021155
20448,-0.007079
20449,0.021707
20450,0.006918
20451,-0.026009
20452,-0.047847
20453,-0.020036
20454,0.028163
20455,0.029275
20456,0.041500
20457,-0.003025
20458,-0.074718
20459,-0.084313
20460,-0.081572
20461,-0.026762
20462,0.025107
20463,0.097337
20464,0.112453
20465,0.043532
20466,0.003625
20467,0.015567
20468,-0.011737
20469,-0.046674
20470,-0.056544
20471,-0.046568
20472,-0.017421
20473,0.000823
20474,0.012880
20475,-0.000085
20476,0.007188
20477,-0.010376
20478,0.036599
20479,0.110152
20480,0.027931
20481,0.070039
20482,0.019276
20483,-0.069134
20484,-0.086047
20485,-0.106299
20486,-0.078534
20487,-0.035076
20488,-0.007108
20489,0.034737
20490,0.031406
20491,0.084546
20492,0.057659
20493,0.038250
20494,0.009496
20495,-0.039112
20496,-0.053757
20497,-0.034803
20498,-0.008688
20499,0.023834
20500,0.083715
20501,0.031156
20502,-0.025682
20503,-0.021235
20504,-0.030506
20505,-0.053310
20506,-0.022000
20507,0.022610
20508,-0.008471
20509,-0.013527
20510,-0.009360
20511,-0.026207
20512,0.003377
20513,0.011905
20514,-0.049435
20515,-0.018388
20516,0.064927
20517,0.075569
20518,0.024051
20519,0.013274
20520,-0.000747
20521,0.026194
20522,0.022995
20523,-0.052842
20524,-0.051237
20525,-0.019544
20526,0.005168
20527,0.007356
20528,-0.029859
20529,-0.022554
20530,-0.013411
20531,-0.003182
20532,0.034356
20533,0.036188
20534,0.036431
20535,0.006394
20536,-0.037133
20537,-0.012847
20538,0.039143
20539,0.043693
20540,0.012831
20541,0.027496
20542,0.029189
20543,-0.020567
20544,-0.089401
20545,-0.082856
20546,-0.063774
20547,-0.029100
20548,0.020703
20549,0.054925
20550,0.018846
20551,-0.011093
20552,-0.004714
20553,0.066838
20554,0.055202
20555,0.014678
20556,-0.011839
20557,-0.034555
20558,-0.061278
20559,-0.051863
20560,-0.011968
20561,0.016003
20562,0.036379
20563,0.043740
20564,0.005418
20565,-0.014575
20566,0.005505
20567,0.001448
20568,-0.023283
20569,-0.006606
20570,-0.017575
20571,-0.011214
20572,0.009682
20573,-0.006158
20574,-0.012872
20575,-0.014022
20576,-0.013870
20577,0.036115
20578,0.023656
20579,-0.011595
20580,-0.054556
20581,-0.036681
20582,-0.002867
20583,0.000508
20584,0.024614
20585,0.020562
20586,0.034800
20587,0.007503
20588,0.043661
20589,0.055221
20590,0.017719
20591,-0.039164
20592,-0.046191
20593,-0.023755
20594,-0.005226
20595,0.030493
20596,0.077984
20597,0.030259
20598,-0.022343
20599,-0.006592
20600,-0.019557
20601,-0.038693
20602,-0.026967
20603,-0.014091
20604,-0.008887
20605,0.017340
20606,0.050375
20607,0.065926
20608,0.033556
20609,-0.010447
20610,-0.007280
20611,-0.045645
20612,-0.086478
20613,-0.093361
20614,-0.051701
20615,-0.045449
20616,-0.066269
20617,0.016800
20618,0.047494
20619,0.110139
20620,0.092163
20621,0.068193
20622,0.040561
20623,-0.011677
20624,-0.040512
20625,-0.046529
20626,-0.057639
20627,-0.049082
20628,-0.060506
20629,0.001236
20630,0.022860
20631,-0.008978
20632,0.023249
20633,0.030968
20634,0.024746
20635,-0.022293
20636,-0.021801
20637,0.020601
20638,0.039701
20639,0.052718
20640,0.051944
20641,0.026801
20642,0.002059
20643,-0.013141
20644,-0.068083
20645,-0.091290
20646,-0.007999
20647,-0.046974
20648,0.023410
20649,0.024531
20650,0.010636
20651,-0.005546
20652,0.014933
20653,-0.020847
20654,-0.034317
20655,0.003825
20656,0.009688
20657,-0.003211
20658,-0.032271
20659,-0.053602
20660,-0.015397
20661,0.056639
20662,0.084790
20663,0.037056
20664,0.031789
20665,0.020067
20666,-0.010123
20667,0.004213
20668,0.039836
20669,0.014405
20670,-0.003058
20671,-0.017782
20672,-0.051683
20673,-0.004257
20674,0.009048
20675,-0.005538
20676,0.010572
20677,-0.005766
20678,-0.005582
20679,-0.038888
20680,-0.039258
20681,-0.026104
20682,-0.029792
20683,-0.011562
20684,-0.003342
20685,0.033714
20686,0.091546
20687,0.087152
20688,0.008511
20689,-0.024474
20690,0.004522
20691,0.000512
20692,-0.035463
20693,-0.021230
20694,-0.004209
20695,0.024197
20696,-0.000741
20697,0.018879
20698,0.045729
20699,0.001792
20700,-0.043286
20701,-0.051880
20702,-0.102530
20703,-0.028779
20704,0.022503
20705,0.022499
20706,0.003397
20707,0.007117
20708,0.008864
20709,-0.012311
20710,-0.020863
20711,0.008386
20712,0.011698
20713,-0.009303
20714,-0.003204
20715,-0.025057
20716,-0.057901
20717,-0.022794
20718,0.017576
20719,0.068724
20720,0.090943
20721,0.038940
20722,0.043594
20723,0.003440
20724,-0.060373
20725,-0.043995
20726,-0.038954
20727,0.007793
20728,0.020796
20729,0.014772
20730,-0.020173
20731,-0.045111
20732,0.009215
20733,0.050177
20734,0.059550
20735,0.051301
20736,0.019684
20737,-0.028122
20738,-0.070057
20739,-0.036741
20740,0.004713
20741,-0.026265
20742,0.029064
20743,0.029263
20744,-0.001904
20745,0.039223
20746,0.021193
20747,0.007508
20748,-0.047005
20749,-0.053961
20750,0.012481
20751,0.067625
20752,0.035167
20753,0.011165
20754,-0.038631
20755,-0.077927
20756,-0.068521
20757,-0.036584
20758,0.014486
20759,0.000234
20760,-0.000999
20761,-0.013426
20762,-0.024480
20763,0.054849
20764,0.070506
20765,0.074618
20766,0.056972
20767,0.017284
20768,0.010672
20769,-0.057107
20770,-0.111930
20771,-0.087893
20772,-0.033376
20773,0.008668
20774,-0.005466
20775,-0.007403
20776,0.023544
20777,0.039255
20778,0.093370
20779,0.071237
20780,0.036543
20781,0.012966
20782,-0.010090
20783,-0.032799
20784,-0.061539
20785,-0.036232
20786,-0.030633
20787,-0.020054
20788,-0.032006
20789,-0.028453
20790,0.017883
20791,0.036667
20792,0.025078
20793,0.026832
20794,-0.010575
20795,-0.003287
20796,0.000539
20797,-0.032973
20798,-0.005090
20799,-0.016111
20800,0.016058
20801,0.035382
20802,0.043809
20803,0.018855
20804,-0.061629
20805,-0.039332
20806,-0.038198
20807,-0.025463
20808,0.024197
20809,0.012501
20810,0.014946
20811,0.000523
20812,-0.012706
20813,0.022000
20814,0.007398
20815,-0.008336
20816,0.047440
20817,0.017010
20818,-0.005640
20819,-0.008521
20820,0.050096
20821,0.049411
20822,0.012787
20823,0.010715
20824,-0.000959
20825,-0.018527
20826,-0.054307
20827,-0.023916
20828,-0.044833
20829,-0.103611
20830,-0.081362
20831,-0.019001
20832,0.063628
20833,0.033974
20834,0.059431
20835,0.030755
20836,-0.017135
20837,0.004385
20838,-0.008034
20839,0.000887
20840,0.008562
20841,-0.016115
20842,0.015799
20843,0.023023
20844,0.033463
20845,0.041778
20846,0.026190
20847,-0.049088
20848,-0.091500
20849,-0.068958
20850,-0.039320
20851,0.026938
20852,0.058925
20853,0.025843
20854,0.017257
20855,0.000868
20856,0.025000
20857,0.018486
20858,0.030060
20859,-0.012356
20860,-0.039413
20861,-0.024862
20862,0.010836
20863,-0.001899
20864,0.024153
20865,0.019834
20866,-0.000192
20867,-0.043691
20868,-0.068688
20869,-0.025500
20870,0.058906
20871,0.087633
20872,0.097907
20873,0.043911
20874,-0.041695
20875,-0.032965
20876,-0.056348
20877,-0.007816
20878,0.004137
20879,-0.022931
20880,0.024727
20881,0.004252
20882,-0.043454
20883,-0.025135
20884,-0.052861
20885,-0.055338
20886,-0.036287
20887,-0.012418
20888,0.015703
20889,-0.007014
20890,0.030062
20891,0.032192
20892,0.043024
20893,0.054083
20894,0.029545
20895,-0.000329
20896,0.004706
20897,-0.027246
20898,-0.027107
20899,0.024779
20900,-0.010452
20901,0.030238
20902,0.001819
20903,-0.023459
20904,-0.032197
20905,-0.062718
20906,-0.050909
20907,-0.024168
20908,0.012639
20909,0.014847
20910,-0.004294
20911,-0.001977
20912,0.025023
20913,0.035327
20914,0.015850
20915,-0.008592
20916,-0.003519
20917,-0.010327
20918,0.014277
20919,0.051935
20920,0.015821
20921,-0.040136
20922,-0.074657
20923,-0.063687
20924,-0.020851
20925,0.002152
20926,0.024005
20927,0.095896
20928,0.166380
20929,0.119353
20930,-0.023579
20931,-0.078447
20932,-0.101856
20933,-0.093150
20934,-0.041690
20935,0.047500
20936,0.058800
20937,0.008275
20938,-0.009520
20939,-0.028875
20940,-0.006248
20941,-0.000887
20942,-0.023844
20943,-0.045232
20944,0.004116
20945,0.006484
20946,0.021257
20947,0.045265
20948,0.049137
20949,-0.008789
20950,-0.032796
20951,-0.038041
20952,-0.012815
20953,0.028931
20954,0.069621
20955,0.042866
20956,0.068969
20957,-0.006961
20958,-0.077298
20959,-0.047434
20960,-0.008122
20961,0.033221
20962,0.031519
20963,0.027178
20964,-0.011965
20965,-0.061152
20966,-0.023708
20967,-0.034109
20968,-0.005224
20969,0.010046
20970,-0.010480
20971,-0.006493
20972,0.042712
20973,0.010417
20974,-0.009260
20975,-0.033015
20976,-0.011193
20977,0.013610
20978,-0.059482
20979,-0.033333
20980,-0.011228
20981,0.012997
20982,0.027114
20983,0.067898
20984,0.062565
20985,0.034860
20986,0.043497
20987,0.054290
20988,0.004612
20989,-0.044481
20990,-0.016786
20991,-0.000709
20992,-0.034850
20993,-0.052077
20994,-0.037803
20995,-0.044776
20996,-0.047114
20997,-0.072313
20998,-0.088215
20999,-0.046626
21000,0.033603
21001,0.067994
21002,0.064480
21003,0.079523
21004,0.066640
21005,0.071730
21006,0.051445
21007,0.007446
21008,-0.001345
21009,-0.055389
21010,-0.082251
21011,-0.038766
21012,-0.016463
21013,-0.013645
21014,-0.002820
21015,0.013585
21016,0.006622
21017,-0.001180
21018,0.015151
21019,0.032716
21020,-0.037627
21021,0.048622
21022,0.018367
21023,-0.040947
21024,-0.024599
21025,-0.030383
21026,0.027227
21027,0.006718
21028,0.012018
21029,0.058274
21030,-0.026539
21031,-0.055411
21032,-0.034853
21033,-0.059234
21034,-0.039940
21035,0.021807
21036,0.009049
21037,0.007480
21038,-0.017467
21039,0.037899
21040,0.052393
21041,0.042651
21042,0.055777
21043,0.030204
21044,-0.040133
21045,-0.087001
21046,-0.089460
21047,-0.031940
21048,0.001220
21049,0.053962
21050,-0.081063
21051,-0.038870
21052,0.028249
21053,-0.016566
21054,-0.056716
21055,-0.013174
21056,-0.033019
21057,-0.018436
21058,0.001225
21059,0.049505
21060,0.091816
21061,0.029794
21062,-0.020506
21063,-0.033715
21064,-0.082660
21065,-0.006684
21066,0.086129
21067,0.075484
21068,0.028820
21069,0.022794
21070,0.009878
21071,0.006003
21072,-0.007548
21073,-0.026768
21074,-0.020762
21075,-0.057980
21076,-0.066006
21077,0.004338
21078,0.035295
21079,0.025156
21080,0.020161
21081,0.036738
21082,0.046692
21083,-0.002840
21084,0.001532
21085,-0.046706
21086,-0.105714
21087,-0.090797
21088,-0.063916
21089,-0.000188
21090,0.040520
21091,0.024991
21092,0.043246
21093,0.023574
21094,0.023707
21095,0.023711
21096,0.060450
21097,0.054384
21098,-0.015880
21099,-0.048678
21100,-0.047809
21101,-0.029653
21102,0.024023
21103,0.027287
21104,0.005170
21105,-0.008643
21106,-0.007998
21107,0.032347
21108,0.022388
21109,-0.011425
21110,-0.025646
21111,-0.036756
21112,-0.025349
21113,-0.003839
21114,0.007651
21115,0.033213
21116,0.066337
21117,0.002805
21118,-0.041261
21119,-0.053946
21120,0.006152
21121,0.019630
21122,0.022300
21123,0.074112
21124,0.021998
21125,-0.018568
21126,0.008429
21127,-0.010222
21128,-0.079034
21129,-0.021550
21130,0.048234
21131,0.041526
21132,0.030899
21133,0.053033
21134,-0.006372
21135,-0.103445
21136,-0.060072
21137,-0.090264
21138,-0.076969
21139,-0.011166
21140,-0.000315
21141,0.025683
21142,0.045478
21143,0.003636
21144,0.017073
21145,0.045216
21146,0.065810
21147,0.029143
21148,0.025518
21149,-0.058240
21150,-0.071912
21151,-0.033189
21152,0.031687
21153,0.070981
21154,0.094915
21155,0.081290
21156,0.026537
21157,-0.053506
21158,-0.098668
21159,-0.030430
21160,-0.021035
21161,-0.023988
21162,-0.014177
21163,0.025776
21164,0.006230
21165,-0.037076
21166,-0.050763
21167,-0.018617
21168,0.015929
21169,0.013995
21170,0.005606
21171,0.026288
21172,0.004508
21173,-0.039529
21174,-0.086499
21175,-0.017085
21176,0.064619
21177,0.071429
21178,0.064951
21179,0.028810
21180,-0.011255
21181,-0.010963
21182,0.032151
21183,0.011629
21184,-0.030599
21185,-0.080314
21186,-0.065236
21187,0.002809
21188,-0.015409
21189,0.001184
21190,0.018307
21191,0.055880
21192,0.000372
21193,-0.058432
21194,-0.079132
21195,-0.084807
21196,-0.032349
21197,0.021991
21198,0.107521
21199,0.110674
21200,0.081336
21201,0.042448
21202,-0.004033
21203,-0.022647
21204,0.023612
21205,-0.033634
21206,-0.052023
21207,-0.022657
21208,-0.033051
21209,-0.059081
21210,-0.020981
21211,-0.015438
21212,-0.051332
21213,0.029850
21214,0.030811
21215,0.020821
21216,0.068626
21217,0.048992
21218,0.055225
21219,0.042799
21220,-0.011591
21221,-0.032266
21222,-0.039590
21223,-0.035042
21224,-0.017589
21225,0.012334
21226,-0.031963
21227,-0.036547
21228,-0.004988
21229,0.004126
21230,0.000541
21231,-0.009422
21232,-0.019524
21233,-0.027459
21234,0.056315
21235,0.095987
21236,0.048305
21237,0.011217
21238,-0.010581
21239,-0.067050
21240,-0.040928
21241,-0.024155
21242,-0.007613
21243,0.053514
21244,0.026267
21245,-0.005510
21246,-0.008736
21247,-0.038852
21248,-0.034107
21249,0.036452
21250,0.041220
21251,0.014492
21252,-0.016467
21253,-0.030173
21254,-0.021123
21255,-0.010836
21256,0.006123
21257,-0.033373
21258,0.020282
21259,0.069282
21260,-0.006891
21261,-0.026307
21262,0.012310
21263,0.024968
21264,0.020356
21265,-0.003210
21266,-0.008668
21267,-0.005692
21268,-0.057712
21269,-0.056040
21270,-0.054089
21271,-0.017390
21272,0.000761
21273,0.005776
21274,0.025439
21275,0.055486
21276,0.040582
21277,0.025061
21278,0.003403
21279,-0.017490
21280,-0.049249
21281,-0.069088
21282,-0.044095
21283,-0.014412
21284,0.010513
21285,0.070042
21286,0.134516
21287,0.063056
21288,-0.007663
21289,-0.007715
21290,-0.037263
21291,-0.016390
21292,0.021390
21293,-0.023403
21294,-0.037697
21295,-0.043633
21296,-0.004382
21297,0.005453
21298,0.017374
21299,0.035488
21300,0.029105
21301,0.007555
21302,0.026452
21303,0.034040
21304,-0.006932
21305,0.008799
21306,-0.002504
21307,-0.039235
21308,-0.019898
21309,-0.046183
21310,-0.065439
21311,-0.027645
21312,-0.002443
21313,-0.004729
21314,-0.000383
21315,-0.007756
21316,0.010466
21317,0.014086
21318,0.024074
21319,0.058694
21320,0.065824
21321,0.036707
21322,0.001153
21323,-0.012914
21324,-0.065380
21325,-0.099073
21326,-0.083909
21327,-0.054889
21328,0.000529
21329,0.052700
21330,0.076116
21331,0.054797
21332,0.014246
21333,-0.028054
21334,0.010073
21335,-0.003995
21336,0.010139
21337,0.047264
21338,0.004463
21339,-0.054980
21340,-0.075535
21341,-0.030058
21342,-0.002764
21343,-0.002713
21344,0.055049
21345,0.082352
21346,0.048598
21347,0.053312
21348,0.068742
21349,-0.001642
21350,-0.011474
21351,-0.055167
21352,-0.115292
21353,-0.135729
21354,-0.091626
21355,0.003649
21356,0.085976
21357,0.029457
21358,0.040474
21359,0.010167
21360,-0.026184
21361,-0.015084
21362,-0.007348
21363,-0.034076
21364,-0.044736
21365,0.065325
21366,0.072066
21367,0.063269
21368,0.006427
21369,-0.028278
21370,0.010227
21371,-0.024203
21372,-0.041577
21373,0.018023
21374,0.011839
21375,0.010502
21376,0.039840
21377,0.049832
21378,0.030018
21379,0.006602
21380,-0.058762
21381,-0.040035
21382,-0.048846
21383,-0.056790
21384,-0.044832
21385,0.021551
21386,0.024665
21387,-0.009640
21388,-0.049269
21389,-0.039586
21390,0.004768
21391,0.019024
21392,0.057997
21393,0.020381
21394,-0.009537
21395,0.045359
21396,0.069792
21397,0.056493
21398,0.038741
21399,-0.024014
21400,-0.054430
21401,-0.022686
21402,-0.020281
21403,-0.021910
21404,-0.021572
21405,0.021308
21406,0.056184
21407,0.038888
21408,-0.020073
21409,-0.056130
21410,-0.044990
21411,-0.059142
21412,-0.038206
21413,0.013236
21414,-0.005765
21415,-0.018558
21416,-0.035224
21417,0.026001
21418,0.063557
21419,0.104466
21420,0.105419
21421,0.065488
21422,-0.012087
21423,-0.049556
21424,-0.051174
21425,-0.073995
21426,-0.071487
21427,0.018689
21428,0.018690
21429,-0.025077
21430,-0.027461
21431,-0.026607
21432,0.049094
21433,0.105418
21434,0.054166
21435,-0.000300
21436,-0.022637
21437,-0.062799
21438,-0.051725
21439,-0.050110
21440,-0.031287
21441,0.010232
21442,0.050339
21443,0.051219
21444,0.020202
21445,-0.041021
21446,-0.073680
21447,-0.042001
21448,0.022580
21449,0.029914
21450,-0.042522
21451,-0.018177
21452,-0.019531
21453,0.039159
21454,0.065077
21455,0.058919
21456,0.075714
21457,0.034966
21458,0.009447
21459,-0.003807
21460,-0.033861
21461,-0.018903
21462,-0.022795
21463,-0.017772
21464,0.000655
21465,0.011238
21466,-0.009958
21467,0.007765
21468,-0.029723
21469,-0.049243
21470,-0.113976
21471,-0.079974
21472,-0.012506
21473,0.039192
21474,0.032450
21475,0.061955
21476,0.058262
21477,0.043159
21478,0.019297
21479,0.010385
21480,0.012981
21481,0.022683
21482,0.023796
21483,-0.028447
21484,-0.027855
21485,0.004954
21486,-0.037529
21487,-0.044950
21488,-0.049957
21489,-0.043296
21490,0.027420
21491,0.060510
21492,0.033303
21493,0.066959
21494,0.059608
21495,0.028068
21496,-0.007047
21497,-0.019707
21498,-0.079608
21499,-0.083574
21500,0.073375
21501,0.106512
21502,0.100098
21503,0.058295
21504,-0.018293
21505,-0.089072
21506,-0.047449
21507,-0.013398
21508,0.018680
21509,0.009857
21510,-0.007930
21511,-0.015263
21512,-0.037716
21513,-0.048380
21514,0.005549
21515,0.043051
21516,0.076117
21517,0.054465
21518,0.077516
21519,0.039180
21520,-0.023764
21521,-0.041778
21522,-0.071668
21523,-0.040619
21524,0.004680
21525,-0.022812
21526,0.004300
21527,0.019829
21528,0.001222
21529,0.000789
21530,0.013572
21531,-0.003515
21532,0.014345
21533,0.033154
21534,-0.025010
21535,-0.030696
21536,-0.026206
21537,0.027383
21538,0.008826
21539,0.032222
21540,0.014121
21541,-0.011452
21542,-0.067375
21543,-0.030330
21544,-0.016629
21545,-0.060229
21546,-0.030484
21547,0.004343
21548,0.029918
21549,0.025634
21550,0.011581
21551,0.011006
21552,-0.011302
21553,-0.010139
21554,0.014692
21555,0.059055
21556,0.060426
21557,0.053041
21558,0.017978
21559,-0.046858
21560,-0.110767
21561,-0.041576
21562,0.032103
21563,0.012517
21564,0.051162
21565,0.008576
21566,-0.002660
21567,0.013622
21568,-0.030153
21569,-0.056196
21570,-0.020386
21571,-0.005814
21572,-0.008891
21573,0.031948
21574,0.007385
21575,-0.051257
21576,-0.016567
21577,0.025348
21578,-0.011560
21579,0.046822
21580,0.102826
21581,0.102644
21582,0.041003
21583,-0.041559
21584,-0.092473
21585,-0.072946
21586,-0.051047
21587,-0.013491
21588,0.026176
21589,0.071854
21590,0.021671
21591,-0.016381
21592,-0.051574
21593,-0.065864
21594,-0.008164
21595,0.067445
21596,0.037401
21597,-0.037024
21598,-0.065304
21599,-0.005126
21600,0.021946
21601,-0.002820
21602,0.003934
21603,0.018305
21604,-0.011923
21605,-0.000780
21606,0.027716
21607,0.009004
21608,-0.011982
21609,-0.023547
21610,0.060453
21611,0.008952
21612,0.022890
21613,0.017900
21614,0.015517
21615,0.023159
21616,-0.010798
21617,-0.034967
21618,-0.011027
21619,-0.007532
21620,-0.009070
21621,0.015264
21622,-0.000507
21623,0.000339
21624,-0.021364
21625,-0.050555
21626,-0.009105
21627,0.020938
21628,0.045310
21629,0.014669
21630,-0.040032
21631,-0.026862
21632,-0.003996
21633,-0.011112
21634,-0.012116
21635,0.011958
21636,0.065619
21637,0.061393
21638,0.027463
21639,0.024494
21640,0.033182
21641,-0.025354
21642,-0.065336
21643,-0.081962
21644,-0.090749
21645,-0.017319
21646,0.007777
21647,0.021785
21648,-0.010746
21649,-0.029684
21650,-0.019684
21651,-0.043259
21652,-0.099424
21653,-0.038820
21654,0.004146
21655,0.004393
21656,0.015767
21657,0.007427
21658,0.002807
21659,-0.004502
21660,0.013410
21661,0.022224
21662,0.034049
21663,0.038742
21664,0.026550
21665,0.014032
21666,0.011325
21667,0.000124
21668,0.008419
21669,-0.023497
21670,-0.073762
21671,-0.065934
21672,-0.053787
21673,0.013077
21674,0.062857
21675,0.016129
21676,0.000196
21677,-0.022418
21678,-0.046296
21679,-0.013044
21680,0.090206
21681,0.096449
21682,0.022711
21683,0.002874
21684,-0.010048
21685,0.009684
21686,0.023343
21687,0.012924
21688,-0.047746
21689,-0.056694
21690,-0.044842
21691,-0.055185
21692,0.032552
21693,0.039686
21694,0.002157
21695,0.031707
21696,0.030155
21697,-0.023802
21698,-0.069459
21699,-0.051180
21700,-0.018796
21701,0.002853
21702,-0.017938
21703,0.014424
21704,-0.001771
21705,-0.043082
21706,-0.040546
21707,0.029839
21708,0.060336
21709,0.094867
21710,0.128503
21711,0.067904
21712,0.003553
21713,-0.039445
21714,-0.088224
21715,-0.135516
21716,-0.089210
21717,-0.056570
21718,-0.054035
21719,-0.025901
21720,0.055849
21721,0.098194
21722,0.059149
21723,0.004388
21724,0.017692
21725,0.027367
21726,0.020000
21727,0.029709
21728,0.008385
21729,0.048609
21730,0.007279
21731,-0.027049
21732,-0.015867
21733,0.035807
21734,-0.047986
21735,-0.086579
21736,-0.053943
21737,-0.039405
21738,0.032289
21739,0.061451
21740,0.054824
21741,0.043931
21742,0.013876
21743,-0.024692
21744,-0.049380
21745,-0.045664
21746,-0.025072
21747,-0.051214
21748,-0.065238
21749,-0.030369
21750,0.002164
21751,0.025635
21752,0.028171
21753,0.007741
21754,0.029981
21755,0.066443
21756,0.049655
21757,0.075763
21758,0.069639
21759,0.018607
21760,-0.051256
21761,-0.093928
21762,-0.101488
21763,-0.042724
21764,0.004067
21765,0.031660
21766,-0.014972
21767,0.002789
21768,0.000551
21769,0.015568
21770,0.033293
21771,0.010065
21772,0.047888
21773,0.055605
21774,0.031425
21775,0.040113
21776,-0.024966
21777,-0.086337
21778,-0.064770
21779,-0.062353
21780,-0.052162
21781,-0.009965
21782,0.024067
21783,0.049615
21784,0.052106
21785,0.066465
21786,0.043154
21787,0.010506
21788,-0.030052
21789,-0.086104
21790,-0.079212
21791,-0.046829
21792,-0.032931
21793,0.033278
21794,0.015918
21795,-0.008314
21796,0.022601
21797,-0.054739
21798,-0.033216
21799,0.028774
21800,0.048328
21801,0.086455
21802,0.101300
21803,0.036530
21804,0.015898
21805,-0.035881
21806,-0.035596
21807,-0.060826
21808,-0.085419
21809,-0.089234
21810,-0.000358
21811,0.052648
21812,0.113897
21813,0.089467
21814,0.040776
21815,0.012952
21816,-0.033324
21817,-0.059185
21818,-0.062232
21819,-0.048239
21820,-0.032211
21821,0.026514
21822,0.038579
21823,0.017514
21824,0.027692
21825,0.043294
21826,0.032339
21827,-0.038775
21828,-0.073052
21829,-0.091304
21830,-0.090628
21831,-0.061043
21832,0.008851
21833,0.045657
21834,0.039752
21835,0.039662
21836,0.058978
21837,0.106899
21838,0.063192
21839,-0.031242
21840,-0.031689
21841,-0.017305
21842,-0.032057
21843,0.031176
21844,0.008141
21845,-0.056363
21846,-0.083406
21847,-0.077676
21848,-0.015272
21849,0.016943
21850,0.083473
21851,0.084727
21852,0.057518
21853,0.048820
21854,-0.019263
21855,-0.057265
21856,-0.081473
21857,-0.062915
21858,-0.013485
21859,0.103738
21860,0.096677
21861,0.031790
21862,0.008634
21863,-0.031671
21864,-0.059211
21865,-0.067727
21866,-0.070731
21867,-0.109506
21868,-0.004513
21869,0.053441
21870,0.074148
21871,0.111851
21872,0.093803
21873,0.051075
21874,-0.029820
21875,-0.115187
21876,-0.143943
21877,-0.090475
21878,-0.039398
21879,0.015883
21880,0.011021
21881,-0.007185
21882,0.016016
21883,-0.014987
21884,-0.004422
21885,0.078889
21886,0.161799
21887,0.125627
21888,0.085268
21889,0.045271
21890,-0.035601
21891,-0.027249
21892,-0.049578
21893,-0.125720
21894,-0.115018
21895,-0.091682
21896,0.012348
21897,0.070650
21898,0.080794
21899,0.060083
21900,0.042763
21901,0.009829
21902,0.039126
21903,-0.010379
21904,-0.084255
21905,-0.054552
21906,-0.007902
21907,0.061808
21908,0.053909
21909,0.001879
21910,-0.014922
21911,-0.013540
21912,-0.112160
21913,-0.090120
21914,-0.030868
21915,-0.006994
21916,-0.012411
21917,0.019412
21918,0.020604
21919,0.030700
21920,0.019724
21921,-0.003365
21922,0.012787
21923,-0.011205
21924,0.031311
21925,0.054509
21926,-0.008935
21927,-0.062052
21928,-0.040599
21929,-0.018253
21930,0.008731
21931,-0.009427
21932,0.047864
21933,0.076842
21934,0.062038
21935,0.030120
21936,-0.030786
21937,-0.096305
21938,-0.058419
21939,-0.015818
21940,-0.011220
21941,-0.030915
21942,0.048818
21943,0.119284
21944,0.054969
21945,0.055598
21946,0.071425
21947,-0.015624
21948,-0.093430
21949,-0.076984
21950,-0.043534
21951,-0.010572
21952,-0.001874
21953,0.071672
21954,0.088320
21955,0.036136
21956,-0.018523
21957,-0.101757
21958,-0.123039
21959,-0.053622
21960,-0.019284
21961,0.040605
21962,0.076054
21963,0.066720
21964,0.049400
21965,0.045047
21966,0.032827
21967,-0.019763
21968,-0.029245
21969,0.008035
21970,-0.013699
21971,-0.023687
21972,-0.004087
21973,0.039682
21974,0.021267
21975,-0.028647
21976,-0.013271
21977,-0.013920
21978,-0.026652
21979,0.024181
21980,0.028259
21981,0.020687
21982,0.038794
21983,0.014386
21984,-0.043009
21985,-0.038631
21986,-0.023838
21987,-0.022893
21988,-0.010243
21989,-0.000912
21990,0.022257
21991,0.053160
21992,0.024393
21993,-0.074442
21994,-0.049271
21995,0.003871
21996,0.000654
21997,0.019967
21998,-0.019997
21999,-0.012696
22000,-0.020683
22001,-0.001191
22002,0.028432
22003,0.047505
22004,0.001719
22005,-0.021336
22006,0.013379
22007,0.015614
22008,0.023748
22009,-0.016348
22010,-0.036061
22011,-0.007981
22012,-0.005083
22013,-0.038445
22014,-0.007204
22015,0.008100
22016,0.014814
22017,0.030760
22018,0.008659
22019,-0.003573
22020,0.021154
22021,0.051499
22022,0.036402
22023,0.019732
22024,0.025769
22025,0.031587
22026,0.001392
22027,-0.029581
22028,-0.046587
22029,-0.007603
22030,-0.026212
22031,-0.029798
22032,-0.028983
22033,-0.060905
22034,-0.066034
22035,-0.025176
22036,-0.012420
22037,0.018658
22038,0.097484
22039,0.069714
22040,0.028197
22041,-0.021543
22042,-0.001804
22043,0.045829
22044,0.060679
22045,0.027391
22046,-0.016213
22047,-0.044674
22048,-0.073497
22049,-0.097415
22050,-0.113929
22051,-0.100372
22052,-0.025482
22053,0.037701
22054,0.060984
22055,0.121308
22056,0.092500
22057,0.021503
22058,-0.036052
22059,-0.016387
22060,-0.020081
22061,0.010816
22062,0.051896
22063,0.048162
22064,0.024872
22065,-0.023130
22066,-0.030164
22067,-0.046013
22068,-0.049349
22069,0.007287
22070,0.046596
22071,0.037549
22072,0.018264
22073,0.004146
22074,-0.021599
22075,-0.001327
22076,0.003286
22077,-0.035085
22078,-0.044022
22079,-0.017500
22080,-0.010479
22081,-0.005025
22082,0.016162
22083,-0.014982
22084,0.011227
22085,0.015905
22086,0.004799
22087,0.021680
22088,-0.002406
22089,0.009924
22090,0.012084
22091,-0.041008
22092,-0.031906
22093,-0.026691
22094,-0.055704
22095,-0.030623
22096,0.037657
22097,0.092177
22098,0.087939
22099,0.060134
22100,0.035708
22101,-0.024136
22102,-0.040408
22103,-0.016359
22104,-0.011749
22105,-0.015709
22106,-0.051356
22107,-0.098647
22108,-0.064165
22109,-0.007749
22110,0.090943
22111,0.052978
22112,0.038506
22113,0.011920
22114,-0.015325
22115,-0.005828
22116,0.050565
22117,0.067066
22118,0.018602
22119,-0.038489
22120,-0.086251
22121,-0.054438
22122,0.000912
22123,0.008039
22124,0.010604
22125,0.006866
22126,0.017329
22127,0.052690
22128,0.004099
22129,-0.060202
22130,-0.009253
22131,-0.037082
22132,-0.029437
22133,0.047217
22134,0.039269
22135,-0.021197
22136,0.024681
22137,0.023836
22138,-0.017754
22139,-0.022327
22140,-0.070802
22141,-0.022724
22142,0.039392
22143,0.055177
22144,0.091260
22145,0.075981
22146,0.030419
22147,0.011173
22148,-0.048494
22149,-0.064106
22150,-0.043034
22151,-0.031417
22152,-0.042521
22153,-0.032977
22154,-0.048673
22155,0.008786
22156,0.071192
22157,0.044282
22158,-0.012522
22159,-0.064430
22160,-0.041540
22161,-0.020729
22162,-0.007869
22163,0.021121
22164,0.047886
22165,0.017242
22166,0.000325
22167,0.021937
22168,0.041224
22169,0.015631
22170,-0.008442
22171,-0.011830
22172,-0.001263
22173,0.010405
22174,-0.027159
22175,-0.044717
22176,-0.039007
22177,0.007882
22178,0.029575
22179,0.029946
22180,0.029585
22181,0.048621
22182,0.064188
22183,0.005183
22184,-0.013677
22185,-0.033010
22186,-0.057034
22187,-0.037523
22188,-0.054614
22189,-0.068057
22190,-0.043476
22191,0.021707
22192,0.081014
22193,0.077407
22194,0.045391
22195,0.013389
22196,-0.014140
22197,-0.057713
22198,0.005174
22199,-0.042373
22200,-0.055471
22201,-0.034658
22202,0.009673
22203,0.006976
22204,-0.018729
22205,-0.043242
22206,0.016927
22207,0.056187
22208,0.090038
22209,0.056709
22210,0.047064
22211,-0.019386
22212,-0.053495
22213,0.016946
22214,-0.012080
22215,-0.010238
22216,0.029407
22217,-0.017114
22218,-0.092323
22219,-0.056491
22220,-0.036359
22221,0.008543
22222,0.098282
22223,0.118016
22224,0.077252
22225,0.019365
22226,-0.061528
22227,-0.066030
22228,-0.067783
22229,-0.033008
22230,-0.003216
22231,-0.019327
22232,0.012995
22233,0.091187
22234,0.077171
22235,0.034536
22236,0.019815
22237,-0.062823
22238,-0.110422
22239,-0.101581
22240,-0.048767
22241,0.019557
22242,0.061120
22243,0.095902
22244,0.089304
22245,0.040293
22246,-0.002233
22247,-0.038916
22248,-0.088382
22249,-0.048303
22250,-0.011195
22251,-0.013124
22252,-0.000761
22253,0.014807
22254,0.001268
22255,0.014594
22256,0.009489
22257,0.004691
22258,0.029360
22259,0.019361
22260,-0.023873
22261,-0.018745
22262,-0.034580
22263,-0.044912
22264,0.005674
22265,0.046925
22266,0.012475
22267,0.024868
22268,0.008058
22269,-0.019580
22270,-0.020613
22271,0.052830
22272,0.036007
22273,-0.024994
22274,-0.006579
22275,-0.069341
22276,-0.062723
22277,-0.038811
22278,0.009998
22279,0.059365
22280,0.021557
22281,0.062790
22282,0.067526
22283,0.031412
22284,0.003586
22285,-0.044623
22286,-0.043528
22287,-0.034629
22288,-0.009517
22289,0.018420
22290,0.028269
22291,0.023960
22292,-0.003829
22293,-0.035096
22294,-0.074242
22295,-0.068904
22296,0.011013
22297,0.010505
22298,0.013839
22299,0.051920
22300,0.032276
22301,-0.001215
22302,0.001447
22303,-0.001376
22304,-0.001864
22305,-0.053689
22306,-0.038079
22307,-0.011531
22308,0.003622
22309,0.045188
22310,0.096523
22311,0.039426
22312,0.015147
22313,-0.045283
22314,-0.051324
22315,-0.044821
22316,-0.052298
22317,-0.027941
22318,-0.006401
22319,0.026352
22320,0.089633
22321,0.079489
22322,0.073085
22323,0.050790
22324,0.010847
22325,-0.025869
22326,-0.023079
22327,-0.027062
22328,-0.040180
22329,-0.086227
22330,-0.076308
22331,-0.026754
22332,-0.014444
22333,-0.010028
22334,0.015567
22335,0.010381
22336,0.018787
22337,0.036123
22338,0.051237
22339,0.071976
22340,0.016489
22341,-0.050481
22342,-0.058394
22343,-0.043618
22344,-0.027418
22345,-0.027337
22346,-0.007066
22347,0.006318
22348,0.015671
22349,0.043834
22350,0.008136
22351,-0.005399
22352,-0.020827
22353,-0.013823
22354,0.020143
22355,0.026373
22356,0.030663
22357,0.048377
22358,0.040163
22359,0.027485
22360,0.001449
22361,-0.030277
22362,-0.094880
22363,-0.091899
22364,-0.054129
22365,0.028643
22366,0.080461
22367,0.103300
22368,0.097555
22369,0.072372
22370,0.001112
22371,-0.023221
22372,-0.075728
22373,-0.091288
22374,-0.054840
22375,-0.034916
22376,-0.034750
22377,-0.014250
22378,-0.033704
22379,-0.035494
22380,0.021912
22381,0.030739
22382,0.042475
22383,0.010968
22384,0.002991
22385,0.009687
22386,-0.010360
22387,-0.010860
22388,-0.000102
22389,0.023894
22390,0.030509
22391,0.040784
22392,0.041318
22393,0.061397
22394,-0.011567
22395,-0.022473
22396,-0.056081
22397,-0.112907
22398,-0.102247
22399,-0.065458
22400,-0.041259
22401,-0.028890
22402,0.046079
22403,0.113275
22404,0.092525
22405,0.052569
22406,0.012639
22407,-0.048611
22408,-0.060901
22409,-0.009698
22410,0.119494
22411,0.119766
22412,0.074481
22413,0.011746
22414,-0.032335
22415,-0.015116
22416,-0.080973
22417,-0.109712
22418,-0.103325
22419,-0.058839
22420,0.053136
22421,0.033566
22422,-0.008038
22423,0.048148
22424,0.086363
22425,0.029341
22426,0.022857
22427,0.017462
22428,0.001139
22429,-0.080601
22430,-0.087520
22431,-0.038517
22432,-0.063358
22433,0.020712
22434,0.081697
22435,0.077373
22436,0.056237
22437,-0.001809
22438,-0.010227
22439,-0.034215
22440,-0.062076
22441,-0.040758
22442,0.030498
22443,0.077255
22444,0.009944
22445,-0.024080
22446,-0.021027
22447,-0.018273
22448,-0.027929
22449,-0.002846
22450,-0.030290
22451,-0.023506
22452,0.036145
22453,-0.003004
22454,-0.010469
22455,0.017630
22456,-0.007864
22457,0.013141
22458,0.028056
22459,-0.003621
22460,-0.010037
22461,-0.024147
22462,-0.054152
22463,0.002591
22464,0.042360
22465,0.036371
22466,0.027140
22467,0.000716
22468,0.040016
22469,0.051537
22470,0.006663
22471,0.033435
22472,0.011582
22473,-0.028249
22474,-0.051989
22475,-0.036945
22476,-0.017978
22477,-0.042358
22478,-0.046056
22479,-0.053847
22480,-0.120270
22481,-0.029776
22482,0.056026
22483,0.064147
22484,0.083254
22485,0.052221
22486,0.039064
22487,0.085008
22488,0.051793
22489,-0.021554
22490,-0.042405
22491,-0.020527
22492,-0.049215
22493,-0.012934
22494,-0.007373
22495,-0.035689
22496,-0.042916
22497,-0.046343
22498,-0.036062
22499,-0.004992
22500,0.062473
22501,0.087099
22502,0.070255
22503,-0.014945
22504,-0.073576
22505,-0.057626
22506,-0.017322
22507,-0.003574
22508,-0.027460
22509,-0.051899
22510,-0.056432
22511,-0.028903
22512,0.030475
22513,0.033677
22514,0.071538
22515,0.081449
22516,0.010796
22517,-0.008803
22518,-0.024076
22519,-0.042663
22520,-0.042229
22521,-0.001329
22522,0.046384
22523,0.036944
22524,0.061558
22525,0.039100
22526,-0.050689
22527,-0.091061
22528,-0.087365
22529,-0.041573
22530,-0.006274
22531,0.036587
22532,0.071424
22533,0.062362
22534,0.061557
22535,0.015000
22536,0.022398
22537,0.019434
22538,-0.059575
22539,-0.096427
22540,-0.068388
22541,-0.023438
22542,-0.007652
22543,0.010633
22544,0.010637
22545,-0.007082
22546,0.001102
22547,0.077642
22548,0.110701
22549,0.078917
22550,0.066137
22551,0.008024
22552,-0.101416
22553,-0.119133
22554,-0.099716
22555,-0.036092
22556,0.028651
22557,0.058149
22558,0.034293
22559,0.000109
22560,-0.005581
22561,0.014955
22562,-0.023068
22563,-0.061293
22564,-0.042701
22565,-0.009548
22566,0.007014
22567,0.015743
22568,0.051279
22569,0.056857
22570,-0.023879
22571,-0.045036
22572,0.038804
22573,0.040214
22574,0.018578
22575,0.037124
22576,-0.027550
22577,-0.034847
22578,-0.052009
22579,-0.050387
22580,-0.010104
22581,-0.011142
22582,-0.003845
22583,-0.027559
22584,0.009897
22585,0.045554
22586,0.029887
22587,0.028446
22588,0.004523
22589,-0.022715
22590,-0.026729
22591,0.028123
22592,0.055808
22593,0.047506
22594,0.039845
22595,-0.021652
22596,-0.052855
22597,-0.076875
22598,-0.084139
22599,-0.020388
22600,0.028208
22601,0.065997
22602,0.091162
22603,0.033891
22604,-0.004545
22605,-0.026461
22606,-0.033326
22607,-0.030515
22608,-0.030204
22609,-0.075388
22610,-0.018307
22611,0.005687
22612,0.025554
22613,0.050183
22614,0.029775
22615,0.023865
22616,0.006746
22617,-0.021120
22618,-0.044235
22619,-0.022440
22620,-0.039728
22621,-0.064914
22622,0.002975
22623,0.022218
22624,0.051008
22625,0.098641
22626,0.106981
22627,0.036505
22628,0.027095
22629,0.036894
22630,-0.013709
22631,-0.034979
22632,-0.060429
22633,-0.060011
22634,-0.011905
22635,0.027359
22636,0.047822
22637,-0.028418
22638,-0.072302
22639,-0.038753
22640,-0.024483
22641,0.005401
22642,0.016295
22643,-0.008019
22644,-0.007108
22645,-0.024016
22646,-0.038147
22647,-0.017233
22648,-0.021760
22649,-0.015777
22650,0.062858
22651,0.102569
22652,0.095088
22653,0.052280
22654,-0.022953
22655,-0.027141
22656,-0.058894
22657,-0.043825
22658,-0.033876
22659,-0.043240
22660,-0.002013
22661,0.016361
22662,0.016053
22663,0.014157
22664,-0.021698
22665,0.022202
22666,0.060399
22667,-0.001313
22668,-0.066003
22669,-0.052794
22670,-0.018696
22671,-0.005501
22672,0.004311
22673,0.011782
22674,0.000230
22675,-0.032329
22676,-0.013404
22677,0.044793
22678,0.044828
22679,0.019736
22680,0.046282
22681,0.011609
22682,0.026502
22683,0.041265
22684,0.005334
22685,-0.002102
22686,-0.023838
22687,-0.013822
22688,-0.016464
22689,-0.048072
22690,-0.066753
22691,-0.037190
22692,-0.016179
22693,-0.022192
22694,0.018024
22695,0.067703
22696,0.062665
22697,0.071984
22698,0.053992
22699,0.013092
22700,-0.020998
22701,-0.060800
22702,-0.096197
22703,-0.068432
22704,-0.030963
22705,-0.035282
22706,-0.017227
22707,-0.018915
22708,0.011633
22709,0.075001
22710,0.068480
22711,0.051798
22712,0.017265
22713,-0.010946
22714,-0.017398
22715,0.057553
22716,0.075429
22717,0.028676
22718,0.008258
22719,-0.067880
22720,-0.124576
22721,-0.076379
22722,-0.064551
22723,0.001673
22724,0.071661
22725,0.047902
22726,0.010309
22727,0.001273
22728,-0.051235
22729,-0.055810
22730,-0.025315
22731,0.019187
22732,0.060269
22733,0.066974
22734,0.044574
22735,0.009021
22736,0.054981
22737,0.039267
22738,-0.037843
22739,-0.072628
22740,-0.046647
22741,-0.042418
22742,-0.035998
22743,-0.002368
22744,0.018951
22745,-0.019728
22746,0.013425
22747,0.048325
22748,-0.017040
22749,0.020895
22750,0.023637
22751,0.014703
22752,0.034631
22753,0.033625
22754,0.039257
22755,0.056746
22756,0.051303
22757,0.009081
22758,-0.064219
22759,-0.128414
22760,-0.073917
22761,0.009023
22762,0.091171
22763,0.142487
22764,0.073804
22765,0.000127
22766,-0.044330
22767,-0.068012
22768,-0.039803
22769,-0.039245
22770,-0.000277
22771,0.055655
22772,0.042862
22773,0.007999
22774,-0.009811
22775,0.009486
22776,-0.001871
22777,0.012235
22778,0.002218
22779,-0.049855
22780,-0.045196
22781,-0.013386
22782,-0.005147
22783,0.013460
22784,0.000887
22785,-0.004284
22786,0.006097
22787,-0.002986
22788,-0.041315
22789,-0.002114
22790,-0.037017
22791,-0.043440
22792,0.033705
22793,0.024368
22794,-0.002259
22795,-0.004493
22796,0.002263
22797,0.004544
22798,-0.019451
22799,0.041282
22800,0.032180
22801,0.025629
22802,0.023925
22803,0.040326
22804,-0.013707
22805,-0.015173
22806,0.012240
22807,0.032743
22808,0.008337
22809,-0.047510
22810,-0.027568
22811,-0.014264
22812,-0.018575
22813,-0.006081
22814,0.012663
22815,0.026452
22816,0.030906
22817,-0.012201
22818,-0.044489
22819,-0.064495
22820,-0.039736
22821,0.008215
22822,-0.004737
22823,0.005762
22824,0.026928
22825,0.028568
22826,-0.042556
22827,-0.023114
22828,0.040862
22829,0.054207
22830,0.064943
22831,0.028378
22832,-0.018114
22833,-0.026698
22834,0.022981
22835,0.007713
22836,-0.028830
22837,-0.043266
22838,-0.083197
22839,-0.036642
22840,-0.002975
22841,-0.006142
22842,0.021072
22843,0.047793
22844,0.076922
22845,0.095360
22846,0.024025
22847,-0.027493
22848,-0.075272
22849,-0.031729
22850,404.625336
22851,551.475586
22852,7.790349
22853,1413.300293
22854,1757.043823
22855,-7.716845
22856,-12.338174
22857,5.308187
22858,20.228975
22859,20.147163
22860,11.672201
22861,16.693419
22862,18.220783
22863,5.010179
22864,-31.795258
22865,-32.891853
22866,-24.238363
22867,-14.464972
22868,-7.737887
22869,-0.331028
22870,8.785847
22871,3.326619
22872,-0.327348
22873,2.391409
22874,1.050888
22875,9.896274
22876,26.833551
22877,48.302589
22878,22.333332
22879,2.489497
22880,-8.549999
22881,-46.141502
22882,-55.250904
22883,-26.745558
22884,4.533678
22885,21.907600
22886,21.757101
22887,4.896669
22888,-22.985929
22889,-24.485130
22890,-5.051425
22891,11.911594
22892,34.562111
22893,28.753042
22894,13.780038
22895,-6.131212
22896,-9.374933
22897,0.835126
22898,6.299224
22899,-2.012483
22900,-9.253372
22901,4.213021
22902,-3.279501
22903,-24.739393
22904,0.021293
22905,-0.023787
22906,-0.029397
22907,0.003866
22908,-0.025976
22909,-0.029336
22910,0.009180
22911,0.029908
22912,0.018992
22913,0.041846
22914,0.059203
22915,-0.000328
22916,-0.011337
22917,-0.054527
22918,-0.082097
22919,-0.043667
22920,-0.075102
22921,-0.050560
22922,-0.016407
22923,0.006658
22924,0.081961
22925,0.097374
22926,0.095200
22927,0.101266
22928,0.058324
22929,0.001564
22930,-0.080898
22931,-0.076700
22932,-0.086872
22933,-0.058366
22934,0.010217
22935,0.023845
22936,0.001280
22937,0.027380
22938,0.042155
22939,0.005418
22940,0.003874
22941,0.018039
22942,0.035955
22943,0.015969
22944,-0.010924
22945,-0.029417
22946,-0.030028
22947,-0.005098
22948,-0.012410
22949,0.001919
22950,0.006307
22951,0.015974
22952,-0.027082
22953,-0.047576
22954,402.283112
22955,543.451904
22956,7.743358
22957,1424.577759
22958,1743.732422
22959,-11.862584
22960,5.684265
22961,28.885395
22962,32.588860
22963,18.793524
22964,7.114668
22965,-6.239136
22966,-29.036301
22967,-51.866898
22968,-28.127726
22969,-6.678078
22970,-0.471950
22971,17.264765
22972,40.990456
22973,34.940407
22974,28.233322
22975,16.315689
22976,-13.431948
22977,-34.032822
22978,-39.921497
22979,-21.164175
22980,-18.516621
22981,-9.001743
22982,-0.419549
22983,9.470260
22984,36.363632
22985,54.055161
22986,55.321625
22987,15.857133
22988,-30.099722
22989,-56.614372
22990,-63.374187
22991,-44.012554
22992,7.737800
22993,58.335293
22994,57.089443
22995,22.818663
22996,-6.815571
22997,-15.358083
22998,-22.102289
22999,-20.603554
23000,-4.710932
23001,0.010816
23002,-4.306912
23003,0.885355
23004,-2.119001
23005,-14.507395
23006,3.627835
23007,28.605743
23008,32.759876
23009,-99.915268
23010,349.895569
23011,3.860571
23012,1530.306030
23013,492.424744
23014,896.995300
23015,1369.657837
23016,11.675820
23017,1360.022339
23018,1059.117432
23019,633.174561
23020,-288.298706
23021,863.812927
23022,-623.909790
23023,1201.489624
23024,-585.683594
23025,1759.509888
23026,-1999.828125
23027,-424.100677
23028,2182.245605
23029,209.234024
23030,-1003.696655
23031,1884.192261
23032,-328.990143
23033,-86.465233
23034,-1949.051147
23035,843.515198
23036,481.307861
23037,-1577.926514
23038,754.208496
23039,499.212616
23040,1536.693115
23041,-1516.450317
23042,-168.907623
23043,988.438782
23044,1351.387573
23045,-1170.981934
23046,1776.665161
23047,-311.181610
23048,908.202209
23049,-645.910278
23050,-1057.662354
23051,1461.996704
23052,-698.193542
23053,-880.901306
23054,1088.346191
23055,1089.176758
23056,-1299.553711
23057,-480.383240
23058,-1260.579224
23059,-1390.587158
23060,2266.445801
23061,945.508789
23062,777.384766
23063,-0.037611
23064,-0.007835
23065,0.049650
23066,0.064309
23067,0.023296
23068,-0.001761
23069,-0.001216
23070,-0.008431
23071,-0.047438
23072,-0.044749
23073,-0.035338
23074,-0.027237
23075,0.008676
23076,0.050251
23077,0.039705
23078,0.015887
23079,0.024553
23080,0.031014
23081,0.017312
23082,0.024277
23083,-0.004910
23084,-0.026898
23085,-0.088983
23086,-0.136081
23087,-0.085148
23088,-0.012089
23089,0.056352
23090,0.097684
23091,0.109748
23092,0.083760
23093,0.070636
23094,0.056291
23095,-0.002470
23096,-0.079838
23097,-0.126977
23098,-0.132738
23099,-0.036973
23100,0.042735
23101,0.066612
23102,0.054210
23103,0.033193
23104,-0.015807
23105,-0.074991
23106,-0.038538
23107,0.014440
23108,0.010006
23109,0.015800
23110,-0.014139
23111,-0.028442
23112,-0.026464
23113,0.013680
23114,0.015842
23115,0.044778
23116,0.071599
23117,0.036276
23118,-0.007475
23119,-0.029998
23120,-0.045361
23121,-0.075753
23122,-0.048647
23123,0.017136
23124,0.030231
23125,0.050152
23126,0.029169
23127,0.041630
23128,0.015094
23129,-0.025120
23130,-0.051633
23131,-0.035218
23132,0.000908
23133,-0.016297
23134,-0.008200
23135,0.009634
23136,0.015514
23137,0.051763
23138,0.030789
23139,-0.015697
23140,-0.090515
23141,-0.010262
23142,0.041229
23143,0.024599
23144,0.042168
23145,0.036225
23146,-0.028450
23147,-0.015026
23148,-0.040763
23149,-0.040291
23150,-0.039921
23151,0.001720
23152,0.013944
23153,0.033175
23154,0.026638
23155,-0.014970
23156,-0.034351
23157,-0.028900
23158,-0.021128
23159,-0.015473
23160,0.029461
23161,0.051120
23162,0.035296
23163,0.052244
23164,0.025324
23165,-0.038174
23166,-0.035534
23167,-0.044011
23168,-0.021082
23169,-0.021595
23170,0.020506
23171,0.044965
23172,0.023014
23173,0.044634
23174,0.017328
23175,-0.047701
23176,-0.033059
23177,-0.001139
23178,0.011060
23179,0.013099
23180,-0.030350
23181,-0.023984
23182,-0.017767
23183,-0.041878
23184,0.006617
23185,-0.002521
23186,-0.031242
23187,0.028300
23188,0.058637
23189,0.022385
23190,0.021845
23191,0.005199
23192,-0.010398
23193,-0.077901
23194,-0.018380
23195,0.012210
23196,0.001442
23197,-0.010210
23198,-0.002003
23199,-0.004935
23200,0.014616
23201,0.049002
23202,0.032293
23203,0.002830
23204,-0.025548
23205,-0.064586
23206,-0.044618
23207,0.018303
23208,0.008216
23209,0.011625
23210,0.017139
23211,0.025518
23212,0.021181
23213,0.005843
23214,0.002086
23215,-0.063741
23216,-0.052448
23217,-0.001073
23218,0.004203
23219,0.008051
23220,0.029956
23221,0.013906
23222,0.023763
23223,0.040472
23224,0.040455
23225,0.008090
23226,0.019613
23227,0.051178
23228,-0.025164
23229,-0.101271
23230,-0.123636
23231,-0.058085
23232,0.004519
23233,0.042512
23234,0.028229
23235,0.012254
23236,-0.019118
23237,0.003877
23238,0.050003
23239,0.082007
23240,0.072816
23241,0.022660
23242,-0.020128
23243,-0.041321
23244,-0.055657
23245,-0.045981
23246,-0.056102
23247,-0.039233
23248,-0.003169
23249,-0.069249
23250,-0.056593
23251,0.022153
23252,0.012352
23253,0.005577
23254,0.080450
23255,0.105175
23256,-0.007666
23257,0.000127
23258,0.004661
23259,-0.054194
23260,-0.037700
23261,0.036894
23262,0.031652
23263,0.029307
23264,-0.014882
23265,-0.032786
23266,0.002325
23267,0.042467
23268,0.052510
23269,0.005424
23270,-0.055826
23271,-0.060827
23272,-0.091900
23273,-0.077624
23274,-0.000903
23275,0.046368
23276,0.045754
23277,0.056585
23278,0.080754
23279,0.059812
23280,0.005337
23281,-0.043693
23282,-0.016062
23283,-0.017361
23284,-0.030252
23285,-0.006022
23286,0.033909
23287,0.014160
23288,-0.010247
23289,-0.006039
23290,-0.037819
23291,-0.003891
23292,-0.016738
23293,-0.018186
23294,0.000060
23295,0.018584
23296,-0.024644
23297,-0.031789
23298,-0.034657
23299,0.006330
23300,0.043714
23301,0.075100
23302,0.013742
23303,-0.036645
23304,-0.038823
23305,0.001064
23306,0.051997
23307,0.036085
23308,-0.003495
23309,0.037439
23310,-0.021152
23311,-0.008855
23312,-0.024257
23313,0.039631
23314,0.062345
23315,0.021870
23316,0.025972
23317,0.036270
23318,0.002192
23319,0.003577
23320,-0.001189
23321,-0.018866
23322,-0.058106
23323,-0.062495
23324,-0.043764
23325,-0.036758
23326,0.013207
23327,0.038145
23328,0.048670
23329,0.079473
23330,0.039489
23331,-0.016290
23332,-0.063181
23333,-0.032186
23334,-0.016291
23335,0.001987
23336,0.002085
23337,-0.038151
23338,-0.081113
23339,-0.022435
23340,0.059410
23341,0.081165
23342,0.075142
23343,0.032973
23344,-0.025157
23345,-0.085138
23346,-0.016380
23347,0.004564
23348,-0.010479
23349,-0.014715
23350,-0.033040
23351,-0.031780
23352,0.001456
23353,0.003154
23354,-0.016874
23355,0.033702
23356,0.001250
23357,0.034678
23358,0.046248
23359,0.029093
23360,0.036938
23361,0.008327
23362,78.821274
23363,1037.104736
23364,521.378174
23365,13.066755
23366,345.753082
23367,-0.335110
23368,-16.397137
23369,-21.056177
23370,-28.776836
23371,-13.136263
23372,1.945947
23373,7.513656
23374,10.598219
23375,15.933282
23376,40.315975
23377,45.128040
23378,14.723416
23379,-13.277300
23380,-48.186172
23381,-64.854042
23382,-47.888000
23383,-6.692443
23384,25.427122
23385,60.738968
23386,67.951538
23387,47.547310
23388,3.812807
23389,-35.072216
23390,-42.487926
23391,-28.418020
23392,-20.748138
23393,-41.446590
23394,-39.205837
23395,-14.047122
23396,31.689804
23397,62.326889
23398,57.925037
23399,36.452625
23400,7.201315
23401,-29.639168
23402,-38.687954
23403,-30.011574
23404,-0.952669
23405,7.375076
23406,14.452998
23407,-2.608776
23408,-16.938366
23409,-21.959188
23410,-33.620510
23411,-24.774286
23412,9.677262
23413,32.585537
23414,47.840057
23415,45.542412
23416,25.023056
23417,-185.550339
23418,0.007907
23419,772.090515
23420,173.450806
23421,189.924667
23422,339.892853
23423,-108.707787
23424,1625.881470
23425,-506.919342
23426,-362.270966
23427,-1220.344971
23428,1780.699463
23429,-411.535370
23430,-922.235229
23431,-1313.347168
23432,-47.810493
23433,-239.207520
23434,1460.852295
23435,1117.567993
23436,931.157227
23437,284.758911
23438,-1506.108887
23439,1516.265503
23440,-639.486938
23441,378.234314
23442,1083.489380
23443,-814.419434
23444,-1279.168701
23445,-129.282669
23446,-1439.867554
23447,377.464233
23448,702.419373
23449,-694.084961
23450,944.785522
23451,361.773865
23452,1890.332153
23453,-1256.745850
23454,814.803894
23455,1826.451050
23456,1597.222290
23457,61.527439
23458,1416.085693
23459,1482.625488
23460,298.980988
23461,-779.757813
23462,1454.509277
23463,-732.861389
23464,2278.224365
23465,177.893372
23466,-359.365173
23467,-746.213379
23468,72.879379
23469,-1048.291382
23470,770.276611
23471,-0.031884
23472,-0.027188
23473,0.004913
23474,-0.004064
23475,-0.045604
23476,-0.022119
23477,-0.012349
23478,-0.029867
23479,-0.030935
23480,0.010823
23481,0.075171
23482,0.103878
23483,0.071143
23484,0.062919
23485,0.018086
23486,-0.035452
23487,-0.092061
23488,-0.093804
23489,-0.040577
23490,-0.002034
23491,-0.002377
23492,-0.022900
23493,0.009860
23494,0.025670
23495,0.063186
23496,0.030848
23497,-0.030551
23498,-0.053391
23499,-0.041075
23500,-0.068754
23501,-0.015948
23502,0.024951
23503,0.026914
23504,0.027504
23505,0.006472
23506,-0.024307
23507,-0.072097
23508,0.000000
23509,0.025215
23510,0.055028
23511,0.023971
23512,0.033668
23513,0.031937
23514,-0.027166
23515,-0.080523
23516,-0.042365
23517,0.002000
23518,0.025936
23519,0.011451
23520,0.003237
23521,0.006478
23522,0.053558
23523,0.026399
23524,0.002106
23525,-0.010141
23526,-0.001281
23527,0.034499
23528,0.067266
23529,0.034553
23530,0.038165
23531,0.003284
23532,-0.036006
23533,-0.049696
23534,-0.104820
23535,-0.110440
23536,-0.058776
23537,0.000558
23538,0.051579
23539,0.059445
23540,0.093545
23541,0.087945
23542,0.068336
23543,-0.006226
23544,-0.049069
23545,-0.106566
23546,-0.104718
23547,-0.093176
23548,-0.079831
23549,0.001195
23550,0.089540
23551,0.135860
23552,0.090020
23553,0.067728
23554,0.021492
23555,-0.015133
23556,-0.060970
23557,-0.100640
23558,-0.117644
23559,-0.059619
23560,0.011492
23561,0.020204
23562,0.048232
23563,0.061389
23564,0.036161
23565,0.006266
23566,-0.012253
23567,0.021381
23568,0.050357
23569,0.021841
23570,-0.013836
23571,163.180923
23572,111.649567
23573,2.946395
23574,1800.348877
23575,667.640442
23576,26.217831
23577,20.892673
23578,-14.836546
23579,-43.167397
23580,-52.392918
23581,-37.369644
23582,-8.190253
23583,20.607738
23584,33.824833
23585,35.280941
23586,36.436665
23587,9.212147
23588,-11.512842
23589,-15.271814
23590,-14.103049
23591,-14.780621
23592,3.622804
23593,16.966454
23594,6.679654
23595,-16.550268
23596,-21.219368
23597,-12.839720
23598,17.495155
23599,18.316566
23600,-23.381783
23601,-42.923580
23602,-24.744555
23603,-17.764408
23604,-9.105868
23605,2.034082
23606,38.179619
23607,52.942463
23608,51.134186
23609,37.618675
23610,7.774529
23611,-20.305174
23612,-12.789659
23613,-12.243950
23614,-38.841476
23615,-52.393341
23616,-19.104012
23617,3.566559
23618,31.957684
23619,30.322378
23620,31.433109
23621,23.204857
23622,-10.399358
23623,-18.314171
23624,-31.918825
23625,3.631068
23626,0.126647
23627,1583.750000
23628,31.920967
23629,-84.270439
23630,1072.954468
23631,-2435.187988
23632,1266.136719
23633,398.546570
23634,293.154419
23635,-166.896149
23636,-1441.766235
23637,-1635.487915
23638,-385.568176
23639,1608.819092
23640,1407.861816
23641,1292.794189
23642,1115.094849
23643,-1168.986694
23644,1085.816895
23645,-173.537323
23646,438.579437
23647,290.695923
23648,945.674438
23649,-419.777405
23650,-326.916565
23651,533.063782
23652,601.441040
23653,-2091.531738
23654,-1465.246826
23655,905.159851
23656,-1170.479492
23657,111.884590
23658,557.313171
23659,873.418640
23660,-1198.540161
23661,318.975189
23662,867.153320
23663,767.610962
23664,-745.046082
23665,488.041779
23666,-660.474854
23667,535.791687
23668,720.118164
23669,1069.022339
23670,1513.196167
23671,-184.635727
23672,-996.191223
23673,-237.591263
23674,-164.665955
23675,-222.648071
23676,1438.290283
23677,-959.764282
23678,-550.520996
23679,413.518372
23680,-0.026639
23681,-0.027169
23682,-0.024657
23683,-0.041065
23684,0.009969
23685,0.033943
23686,0.051338
23687,0.023193
23688,-0.017146
23689,-0.015657
23690,0.007176
23691,0.026410
23692,0.000339
23693,-0.006970
23694,-0.025954
23695,-0.006262
23696,-0.024350
23697,-0.006598
23698,0.003199
23699,0.022605
23700,-0.013321
23701,-0.022243
23702,0.008367
23703,-0.015304
23704,-0.018002
23705,0.007298
23706,0.017197
23707,-0.012075
23708,0.017664
23709,-0.007624
23710,-0.058800
23711,0.013202
23712,0.024124
23713,0.013513
23714,0.045453
23715,0.029376
23716,-0.001432
23717,-0.012821
23718,-0.026406
23719,-0.021019
23720,-0.014950
23721,-0.073106
23722,-0.041632
23723,-0.006037
23724,0.031505
23725,0.081840
23726,0.060062
23727,0.011048
23728,-0.010633
23729,321.833466
23730,1255.144409
23731,202.115280
23732,424.288147
23733,1413.760132
23734,-22.035513
23735,-3.229800
23736,5.148816
23737,21.552826
23738,27.912937
23739,20.627609
23740,-11.534840
23741,-26.536070
23742,-18.357143
23743,7.588785
23744,10.531844
23745,18.230049
23746,9.379522
23747,-1.720914
23748,-21.910446
23749,-24.319056
23750,-15.297067
23751,-14.224496
23752,3.306942
23753,45.998405
23754,57.561302
23755,32.811474
23756,-21.212011
23757,-54.681629
23758,-39.871746
23759,-24.432789
23760,1.642674
23761,24.309790
23762,27.340542
23763,42.628738
23764,35.271084
23765,2.620759
23766,-25.728455
23767,-46.003208
23768,-53.084217
23769,-24.722605
23770,0.018896
23771,14.759857
23772,20.750404
23773,25.613237
23774,34.774376
23775,32.343914
23776,10.539702
23777,-11.673285
23778,-44.844257
23779,-69.142708
23780,-53.171776
23781,-10.813740
23782,37.692238
23783,61.435997
23784,-231.974304
23785,0.002963
23786,8.912744
23787,-318.076050
23788,2250.037842
23789,1719.277832
23790,1660.156128
23791,-1070.300903
23792,2060.881348
23793,2298.646484
23794,-1539.358765
23795,-659.252563
23796,-1044.399536
23797,801.444885
23798,4.809155
23799,-295.722717
23800,1667.066162
23801,-206.221191
23802,-466.413055
23803,655.020203
23804,-1361.274658
23805,392.314911
23806,-1138.417114
23807,-1580.428345
23808,-1468.608032
23809,-1604.365234
23810,-812.687378
23811,-1364.134399
23812,-2086.967773
23813,1354.754639
23814,436.381561
23815,-965.769897
23816,154.013306
23817,704.523560
23818,-1249.744263
23819,461.883636
23820,1056.899658
23821,1695.544067
23822,1618.770020
23823,-1162.668701
23824,-1503.677612
23825,-260.560791
23826,-447.584991
23827,-522.248108
23828,1570.374023
23829,1715.010254
23830,-408.457733
23831,-40.160770
23832,2080.247314
23833,1765.353638
23834,-42.691055
23835,-164.293640
23836,523.987976
23837,1318.310669
23838,800.781616
23839,800.781616
23840,800.781616
23841,800.781616
23842,800.781616
23843,800.781616
23844,800.781616
23845,800.781616
23846,800.781616
23847,800.781616
23848,800.781616
23849,800.781616
23850,800.781616
23851,800.781616
23852,800.781616
23853,800.781616
23854,800.781616
23855,800.781616
23856,800.781616
23857,800.781616
23858,800.781616
23859,800.781616
23860,800.781616
23861,800.781616
23862,800.781616
23863,800.781616
23864,800.781616
23865,800.781616
23866,800.781616
23867,800.781616
23868,800.781616
23869,800.781616
23870,800.781616
23871,800.781616
23872,800.781616
23873,800.781616
23874,800.781616
23875,800.781616
23876,800.781616
23877,800.781616
23878,800.781616
23879,800.781616
23880,800.781616
23881,800.781616
23882,800.781616
23883,800.781616
23884,800.781616
23885,800.781616
23886,800.781616
23887,800.781616
23888,800.781616
23889,800.781616
23890,800.781616
23891,800.781616
23892,800.781616
23893,800.781616
23894,800.781616
23895,800.781616
23896,800.781616
23897,800.781616
23898,800.781616
23899,800.781616
23900,800.781616
23901,800.781616
23902,800.781616
23903,800.781616
23904,800.781616
23905,800.781616
23906,800.781616
23907,800.781616
23908,800.781616
23909,800.781616
23910,800.781616
23911,800.781616
23912,800.781616
23913,800.781616
23914,800.781616
23915,800.781616
23916,800.781616
23917,800.781616
23918,800.781616
23919,800.781616
23920,800.781616
23921,800.781616
23922,800.781616
23923,800.781616
23924,800.781616
23925,800.781616
23926,800.781616
23927,800.781616
23928,800.781616
23929,800.781616
23930,800.781616
23931,800.781616
23932,800.781616
23933,800.781616
23934,800.781616
23935,800.781616
23936,800.781616
23937,800.781616
23938,800.781616
23939,800.781616
23940,800.781616
23941,800.781616
23942,800.781616
23943,800.781616
23944,800.781616
23945,800.781616
23946,800.781616
23947,800.781616
23948,800.781616
23949,800.781616
23950,800.781616
23951,800.781616
23952,800.781616
23953,800.781616
23954,800.781616
23955,800.781616
23956,800.781616
23957,800.781616
23958,800.781616
23959,800.781616
23960,800.781616
23961,800.781616
23962,800.781616
23963,800.781616
23964,800.781616
23965,800.781616
23966,800.781616
23967,800.781616
23968,800.781616
23969,800.781616
23970,800.781616
23971,800.781616
23972,800.781616
23973,800.781616
23974,800.781616
23975,800.781616
23976,800.781616
23977,800.781616
23978,800.781616
23979,800.781616
23980,800.781616
23981,800.781616
23982,800.781616
23983,800.781616
23984,800.781616
23985,800.781616
23986,800.781616
23987,800.781616
23988,800.781616
23989,800.781616
23990,800.781616
23991,800.781616
23992,800.781616
23993,800.781616
23994,800.781616
23995,800.781616
23996,800.781616
23997,800.781616
23998,800.781616
23999,800.781616
24000,800.781616
24001,800.781616
24002,800.781616
24003,800.781616
24004,800.781616
24005,800.781616
24006,800.781616
24007,800.781616
24008,800.781616
24009,800.781616
24010,800.781616
24011,800.781616
24012,800.781616
24013,800.781616
24014,800.781616
24015,800.781616
24016,800.781616
24017,800.781616
24018,800.781616
24019,800.781616
24020,800.781616
24021,800.781616
24022,800.781616
24023,800.781616
24024,800.781616
24025,800.781616
24026,800.781616
24027,800.781616
24028,800.781616
24029,800.781616
24030,800.781616
24031,800.781616
24032,800.781616
24033,800.781616
24034,800.781616
24035,800.781616
24036,800.781616
24037,800.781616
24038,800.781616
24039,800.781616
24040,800.781616
24041,800.781616
24042,800.781616
24043,800.781616
24044,800.781616
24045,800.781616
24046,800.781616
24047,800.781616
24048,800.781616
24049,800.781616
24050,800.781616
24051,800.781616
24052,800.781616
24053,800.781616
24054,800.781616
24055,800.781616
24056,800.781616
24057,800.781616
24058,800.781616
24059,800.781616
24060,800.781616
24061,800.781616
24062,800.781616
24063,800.781616
24064,800.781616
24065,800.781616
24066,800.781616
24067,800.781616
24068,800.781616
24069,800.781616
24070,800.781616
24071,800.781616
24072,800.781616
24073,800.781616
24074,800.781616
24075,800.781616
24076,800.781616
24077,800.781616
24078,800.781616
24079,800.781616
24080,800.781616
24081,800.781616
24082,800.781616
24083,800.781616
24084,800.781616
24085,800.781616
24086,800.781616
24087,800.781616
24088,800.781616
24089,800.781616
24090,800.781616
24091,800.781616
24092,800.781616
24093,800.781616
24094,800.781616
24095,800.781616
24096,800.781616
24097,800.781616
24098,800.781616
24099,800.781616
24100,800.781616
24101,800.781616
24102,800.781616
24103,800.781616
24104,800.781616
24105,800.781616
24106,800.781616
24107,800.781616
24108,800.781616
24109,800.781616
24110,800.781616
24111,800.781616
24112,800.781616
24113,800.781616
24114,800.781616
24115,800.781616
24116,800.781616
24117,800.781616
24118,800.781616
24119,800.781616
24120,800.781616
24121,800.781616
24122,800.781616
24123,800.781616
24124,800.781616
24125,800.781616
24126,800.781616
24127,800.781616
24128,800.781616
24129,800.781616
24130,800.781616
24131,800.781616
24132,800.781616
24133,800.781616
24134,800.781616
24135,800.781616
24136,800.781616
24137,800.781616
24138,800.781616
24139,800.781616
24140,800.781616
24141,800.781616
24142,800.781616
24143,800.781616
24144,800.781616
24145,800.781616
24146,800.781616
24147,800.781616
24148,800.781616
24149,800.781616
24150,800.781616
24151,800.781616
24152,800.781616
24153,800.781616
24154,800.781616
24155,800.781616
24156,800.781616
24157,800.781616
24158,800.781616
24159,800.781616
24160,800.781616
24161,800.781616
24162,800.781616
24163,800.781616
24164,800.781616
24165,800.781616
24166,800.781616
24167,800.781616
24168,800.781616
24169,800.781616
24170,800.781616
24171,800.781616
24172,800.781616
24173,800.781616
24174,800.781616
24175,800.781616
24176,800.781616
24177,800.781616
24178,800.781616
24179,800.781616
24180,800.781616
24181,800.781616
24182,800.781616
24183,800.781616
24184,800.781616
24185,800.781616
24186,800.781616
24187,800.781616
24188,800.781616
24189,800.781616
24190,800.781616
24191,800.781616
24192,800.781616
24193,800.781616
24194,800.781616
24195,800.781616
24196,800.781616
24197,800.781616
24198,800.781616
24199,800.781616
24200,800.781616
24201,800.781616
24202,800.781616
24203,800.781616
24204,800.781616
24205,800.781616
24206,800.781616
24207,800.781616
24208,800.781616
24209,800.781616
24210,800.781616
24211,800.781616
24212,800.781616
24213,800.781616
24214,800.781616
24215,800.781616
24216,800.781616
24217,800.781616
24218,800.781616
24219,800.781616
24220,800.781616
24221,800.781616
24222,800.781616
24223,800.781616
24224,800.781616
24225,800.781616
24226,800.781616
24227,800.781616
24228,800.781616
24229,800.781616
24230,800.781616
24231,800.781616
24232,800.781616
24233,800.781616
24234,800.781616
24235,800.781616
24236,800.781616
24237,800.781616
24238,800.781616
24239,800.781616
24240,800.781616
24241,800.781616
24242,800.781616
24243,800.781616
24244,800.781616
24245,800.781616
24246,800.781616
24247,800.781616
24248,800.781616
24249,800.781616
24250,800.781616
24251,800.781616
24252,800.781616
24253,800.781616
24254,800.781616
24255,800.781616
24256,800.781616
24257,800.781616
24258,800.781616
24259,800.781616
24260,800.781616
24261,800.781616
24262,800.781616
24263,800.781616
24264,800.781616
24265,800.781616
24266,800.781616
24267,800.781616
24268,800.781616
24269,800.781616
24270,800.781616
24271,800.781616
24272,800.781616
24273,800.781616
24274,800.781616
24275,800.781616
24276,800.781616
24277,800.781616
24278,800.781616
24279,800.781616
24280,800.781616
24281,800.781616
24282,800.781616
24283,800.781616
24284,800.781616
24285,800.781616
24286,800.781616
24287,800.781616
24288,800.781616
24289,800.781616
24290,800.781616
24291,800.781616
24292,800.781616
24293,800.781616
24294,800.781616
24295,800.781616
24296,800.781616
24297,800.781616
24298,800.781616
24299,800.781616
24300,800.781616
24301,800.781616
24302,800.781616
24303,800.781616
24304,800.781616
24305,800.781616
24306,800.781616
24307,800.781616
24308,800.781616
24309,800.781616
24310,800.781616
24311,800.781616
24312,800.781616
24313,800.781616
24314,800.781616
24315,800.781616
24316,800.781616
24317,800.781616
24318,800.781616
24319,800.781616
24320,800.781616
24321,800.781616
24322,800.781616
24323,800.781616
24324,800.781616
24325,800.781616
24326,800.781616
24327,800.781616
24328,800.781616
24329,800.781616
24330,800.781616
24331,800.781616
24332,800.781616
24333,800.781616
24334,800.781616
24335,800.781616
24336,800.781616
24337,800.781616
24338,800.781616
24339,800.781616
24340,800.781616
24341,800.781616
24342,800.781616
24343,800.781616
24344,800.781616
24345,800.781616
24346,800.781616
24347,800.781616
24348,800.781616
24349,800.781616
24350,800.781616
24351,800.781616
24352,800.781616
24353,800.781616
24354,800.781616
24355,800.781616
24356,800.781616
24357,800.781616
24358,800.781616
24359,800.781616
24360,800.781616
24361,800.781616
24362,800.781616
24363,800.781616
24364,800.781616
24365,800.781616
24366,800.781616
24367,800.781616
24368,800.781616
24369,800.781616
24370,800.781616
24371,800.781616
24372,800.781616
24373,800.781616
24374,800.781616
24375,800.781616
24376,800.781616
24377,800.781616
24378,800.781616
24379,800.781616
24380,800.781616
24381,800.781616
24382,800.781616
24383,800.781616
24384,800.781616
24385,800.781616
24386,800.781616
24387,800.781616
24388,800.781616
24389,800.781616
24390,800.781616
24391,800.781616
24392,800.781616
24393,800.781616
24394,800.781616
24395,800.781616
24396,800.781616
24397,800.781616
24398,800.781616
24399,800.781616
24400,800.781616
24401,800.781616
24402,800.781616
24403,800.781616
24404,800.781616
24405,800.781616
24406,800.781616
24407,800.781616
24408,800.781616
24409,800.781616
24410,800.781616
24411,800.781616
24412,800.781616
24413,800.781616
24414,800.781616
24415,800.781616
24416,800.781616
24417,800.781616
24418,800.781616
24419,800.781616
24420,800.781616
24421,800.781616
24422,800.781616
24423,800.781616
24424,800.781616
24425,800.781616
24426,800.781616
24427,800.781616
24428,800.781616
24429,800.781616
24430,800.781616
24431,800.781616
24432,800.781616
24433,800.781616
24434,800.781616
24435,800.781616
24436,800.781616
24437,800.781616
24438,800.781616
24439,800.781616
24440,800.781616
24441,800.781616
24442,800.781616
24443,800.781616
24444,800.781616
24445,800.781616
24446,800.781616
24447,800.781616
24448,800.781616
24449,800.781616
24450,800.781616
24451,800.781616
24452,800.781616
24453,800.781616
24454,800.781616
24455,800.781616
24456,800.781616
24457,800.781616
24458,800.781616
24459,800.781616
24460,800.781616
24461,800.781616
24462,800.781616
24463,800.781616
24464,800.781616
24465,800.781616
24466,800.781616
24467,800.781616
24468,800.781616
24469,800.781616
24470,800.781616
24471,800.781616
24472,800.781616
24473,800.781616
24474,800.781616
24475,800.781616
24476,800.781616
24477,800.781616
24478,800.781616
24479,800.781616
24480,800.781616
24481,800.781616
24482,800.781616
24483,800.781616
24484,800.781616
24485,800.781616
24486,800.781616
24487,800.781616
24488,800.781616
24489,800.781616
24490,800.781616
24491,800.781616
24492,800.781616
24493,800.781616
24494,800.781616
24495,800.781616
24496,800.781616
24497,800.781616
24498,800.781616
24499,800.781616
24500,800.781616
24501,800.781616
24502,800.781616
24503,800.781616
24504,800.781616
24505,800.781616
24506,800.781616
24507,800.781616
24508,800.781616
24509,800.781616
24510,800.781616
24511,800.781616
24512,800.781616
24513,800.781616
24514,800.781616
24515,800.781616
24516,800.781616
24517,800.781616
24518,800.781616
24519,800.781616
24520,800.781616
24521,800.781616
24522,800.781616
24523,800.781616
24524,800.781616
24525,800.781616
24526,800.781616
24527,800.781616
24528,800.781616
24529,800.781616
24530,800.781616
24531,800.781616
24532,800.781616
24533,800.781616
24534,800.781616
24535,800.781616
24536,800.781616
24537,800.781616
24538,800.781616
24539,800.781616
24540,800.781616
24541,800.781616
24542,800.781616
24543,800.781616
24544,800.781616
24545,800.781616
24546,800.781616
24547,800.781616
24548,800.781616
24549,800.781616
24550,800.781616
24551,800.781616
24552,800.781616
24553,800.781616
24554,800.781616
24555,800.781616
24556,800.781616
24557,800.781616
24558,800.781616
24559,800.781616
24560,800.781616
24561,800.781616
24562,800.781616
24563,800.781616
24564,800.781616
24565,800.781616
24566,800.781616
24567,800.781616
24568,800.781616
24569,800.781616
24570,800.781616
24571,800.781616
24572,800.781616
24573,800.781616
24574,800.781616
24575,800.781616
24576,800.781616
24577,800.781616
24578,800.781616
24579,800.781616
24580,800.781616
24581,800.781616
24582,800.781616
24583,800.781616
24584,800.781616
24585,800.781616
24586,800.781616
24587,800.781616
24588,800.781616
24589,800.781616
24590,800.781616
24591,800.781616
24592,800.781616
24593,800.781616
24594,800.781616
24595,800.781616
24596,800.781616
24597,800.781616
24598,800.781616
24599,800.781616
24600,800.781616
24601,800.781616
24602,800.781616
24603,800.781616
24604,800.781616
24605,800.781616
24606,800.781616
24607,800.781616
24608,800.781616
24609,800.781616
24610,800.781616
24611,800.781616
24612,800.781616
24613,800.781616
24614,800.781616
24615,800.781616
24616,800.781616
24617,800.781616
24618,800.781616
24619,800.781616
24620,800.781616
24621,800.781616
24622,800.781616
24623,800.781616
24624,800.781616
24625,800.781616
24626,800.781616
24627,800.781616
24628,800.781616
24629,800.781616
24630,800.781616
24631,800.781616
24632,800.781616
24633,800.781616
24634,800.781616
24635,800.781616
24636,800.781616
24637,800.781616
24638,800.781616
24639,800.781616
24640,800.781616
24641,800.781616
24642,800.781616
24643,800.781616
24644,800.781616
24645,800.781616
24646,800.781616
24647,800.781616
24648,800.781616
24649,800.781616
24650,800.781616
24651,800.781616
24652,800.781616
24653,800.781616
24654,800.781616
24655,800.781616
24656,800.781616
24657,800.781616
24658,800.781616
24659,800.781616
24660,800.781616
24661,800.781616
24662,800.781616
24663,800.781616
24664,800.781616
24665,800.781616
24666,800.781616
24667,800.781616
24668,800.781616
24669,800.781616
24670,800.781616
24671,800.781616
24672,800.781616
24673,800.781616
24674,800.781616
24675,800.781616
24676,800.781616
24677,800.781616
24678,800.781616
24679,800.781616
24680,800.781616
24681,800.781616
24682,800.781616
24683,800.781616
24684,800.781616
24685,800.781616
24686,800.781616
24687,800.781616
24688,800.781616
24689,800.781616
24690,800.781616
24691,800.781616
24692,800.781616
24693,800.781616
24694,800.781616
24695,800.781616
24696,800.781616
24697,800.781616
24698,800.781616
24699,800.781616
24700,800.781616
24701,800.781616
24702,800.781616
24703,800.781616
24704,800.781616
24705,800.781616
24706,800.781616
24707,800.781616
24708,800.781616
24709,800.781616
24710,800.781616
24711,800.781616
24712,800.781616
24713,800.781616
24714,800.781616
24715,800.781616
24716,800.781616
24717,800.781616
24718,800.781616
24719,800.781616
24720,800.781616
24721,800.781616
24722,800.781616
24723,800.781616
24724,800.781616
24725,800.781616
24726,800.781616
24727,800.781616
24728,800.781616
24729,800.781616
24730,800.781616
24731,800.781616
24732,800.781616
24733,800.781616
24734,800.781616
24735,800.781616
24736,800.781616
24737,800.781616
24738,800.781616
24739,800.781616
24740,800.781616
24741,800.781616
24742,800.781616
24743,800.781616
24744,800.781616
24745,800.781616
24746,800.781616
24747,800.781616
24748,800.781616
24749,800.781616
24750,800.781616
24751,800.781616
24752,800.781616
24753,800.781616
24754,800.781616
24755,800.781616
24756,800.781616
24757,800.781616
24758,800.781616
24759,800.781616
24760,800.781616
24761,800.781616
24762,800.781616
24763,800.781616
24764,800.781616
24765,800.781616
24766,800.781616
24767,800.781616
24768,800.781616
24769,800.781616
24770,800.781616
24771,800.781616
24772,800.781616
24773,800.781616
24774,800.781616
24775,800.781616
24776,800.781616
24777,800.781616
24778,800.781616
24779,800.781616
24780,800.781616
24781,800.781616
24782,800.781616
24783,800.781616
24784,800.781616
24785,800.781616
24786,800.781616
24787,800.781616
24788,800.781616
24789,800.781616
24790,800.781616
24791,800.781616
24792,800.781616
24793,800.781616
24794,800.781616
24795,800.781616
24796,800.781616
24797,800.781616
24798,800.781616
24799,800.781616
24800,800.781616
24801,800.781616
24802,800.781616
24803,800.781616
24804,800.781616
24805,800.781616
24806,800.781616
24807,800.781616
24808,800.781616
24809,800.781616
24810,800.781616
24811,800.781616
24812,800.781616
24813,800.781616
24814,800.781616
24815,800.781616
24816,800.781616
24817,800.781616
24818,800.781616
24819,800.781616
24820,800.781616
24821,800.781616
24822,800.781616
24823,800.781616
24824,800.781616
24825,800.781616
24826,800.781616
24827,800.781616
24828,800.781616
24829,800.781616
24830,800.781616
24831,800.781616
24832,800.781616
24833,800.781616
24834,800.781616
24835,800.781616
24836,800.781616
24837,800.781616
24838,800.781616
24839,800.781616
24840,800.781616
24841,800.781616
24842,800.781616
24843,800.781616
24844,800.781616
24845,800.781616
24846,800.781616
24847,800.781616
24848,800.781616
24849,800.781616
24850,800.781616
24851,800.781616
24852,800.781616
24853,800.781616
24854,800.781616
24855,800.781616
24856,800.781616
24857,800.781616
24858,800.781616
24859,800.781616
24860,800.781616
24861,800.781616
24862,800.781616
24863,800.781616
24864,800.781616
24865,800.781616
24866,800.781616
24867,800.781616
24868,800.781616
24869,800.781616
24870,800.781616
24871,800.781616
24872,800.781616
24873,800.781616
24874,800.781616
24875,800.781616
24876,800.781616
24877,800.781616
24878,800.781616
24879,800.781616
24880,800.781616
24881,800.781616
24882,800.781616
24883,800.781616
24884,800.781616
24885,800.781616
24886,800.781616
24887,800.781616
24888,800.781616
24889,800.781616
24890,800.781616
24891,800.781616
24892,800.781616
24893,800.781616
24894,800.781616
24895,800.781616
24896,800.781616
24897,800.781616
24898,800.781616
24899,800.781616
24900,800.781616
24901,800.781616
24902,800.781616
24903,800.781616
24904,800.781616
24905,800.781616
24906,800.781616
24907,800.781616
24908,800.781616
24909,800.781616
24910,800.781616
24911,800.781616
24912,800.781616
24913,800.781616
24914,800.781616
24915,800.781616
24916,800.781616
24917,800.781616
24918,800.781616
24919,800.781616
24920,800.781616
24921,800.781616
24922,800.781616
24923,800.781616
24924,800.781616
24925,800.781616
24926,800.781616
24927,800.781616
24928,800.781616
24929,800.781616
24930,800.781616
24931,800.781616
24932,800.781616
24933,800.781616
24934,800.781616
24935,800.781616
24936,800.781616
24937,800.781616
24938,800.781616
24939,800.781616
24940,800.781616
24941,800.781616
24942,800.781616
24943,800.781616
24944,800.781616
24945,800.781616
24946,800.781616
24947,800.781616
24948,800.781616
24949,800.781616
24950,800.781616
24951,800.781616
24952,800.781616
24953,800.781616
24954,800.781616
24955,800.781616
24956,800.781616
24957,800.781616
24958,800.781616
24959,800.781616
24960,800.781616
24961,800.781616
24962,800.781616
24963,800.781616
24964,800.781616
24965,800.781616
24966,800.781616
24967,800.781616
24968,800.781616
24969,800.781616
24970,800.781616
24971,800.781616
24972,800.781616
24973,800.781616
24974,800.781616
24975,800.781616
24976,800.781616
24977,800.781616
24978,800.781616
24979,800.781616
24980,800.781616
24981,800.781616
24982,800.781616
24983,800.781616
24984,800.781616
24985,800.781616
24986,800.781616
24987,800.781616
24988,800.781616
24989,800.781616
24990,800.781616
24991,800.781616
24992,800.781616
24993,800.781616
24994,800.781616
24995,800.781616
24996,800.781616
24997,800.781616
24998,800.781616
24999,800.781616
25000,800.781616
25001,800.781616
25002,800.781616
25003,800.781616
25004,800.781616
25005,800.781616
25006,800.781616
25007,800.781616
25008,800.781616
25009,800.781616
25010,800.781616
25011,800.781616
25012,800.781616
25013,800.781616
25014,800.781616
25015,800.781616
25016,800.781616
25017,800.781616
25018,800.781616
25019,800.781616
25020,800.781616
25021,800.781616
25022,800.781616
25023,800.781616
25024,800.781616
25025,800.781616
25026,800.781616
25027,800.781616
25028,800.781616
25029,800.781616
25030,800.781616
25031,800.781616
25032,800.781616
25033,800.781616
25034,800.781616
25035,800.781616
25036,800.781616
25037,800.781616
25038,800.781616
25039,800.781616
25040,800.781616
25041,800.781616
25042,800.781616
25043,800.781616
25044,800.781616
25045,800.781616
25046,800.781616
25047,800.781616
25048,800.781616
25049,800.781616
25050,800.781616
25051,800.781616
25052,800.781616
25053,800.781616
25054,800.781616
25055,800.781616
25056,800.781616
25057,800.781616
25058,800.781616
25059,800.781616
25060,800.781616
25061,800.781616
25062,800.781616
25063,800.781616
25064,800.781616
25065,800.781616
25066,800.781616
25067,800.781616
25068,800.781616
25069,800.781616
25070,800.781616
25071,800.781616
25072,800.781616
25073,800.781616
25074,800.781616
25075,800.781616
25076,800.781616
25077,800.781616
25078,800.781616
25079,800.781616
25080,800.781616
25081,800.781616
25082,800.781616
25083,800.781616
25084,800.781616
25085,800.781616
25086,800.781616
25087,800.781616
25088,800.781616
25089,800.781616
25090,800.781616
25091,800.781616
25092,800.781616
25093,800.781616
25094,800.781616
25095,800.781616
25096,800.781616
25097,800.781616
25098,800.781616
25099,800.781616
25100,800.781616
25101,800.781616
25102,800.781616
25103,800.781616
25104,800.781616
25105,800.781616
25106,800.781616
25107,800.781616
25108,800.781616
25109,800.781616
25110,800.781616
25111,800.781616
25112,800.781616
25113,800.781616
25114,800.781616
25115,800.781616
25116,800.781616
25117,800.781616
25118,800.781616
25119,800.781616
25120,800.781616
25121,800.781616
25122,800.781616
25123,800.781616
25124,800.781616
25125,800.781616
25126,800.781616
25127,800.781616
25128,800.781616
25129,800.781616
25130,800.781616
25131,800.781616
25132,800.781616
25133,800.781616
25134,800.781616
25135,800.781616
25136,800.781616
25137,800.781616
25138,800.781616
25139,800.781616
25140,800.781616
25141,800.781616
25142,800.781616
25143,800.781616
25144,800.781616
25145,800.781616
25146,800.781616
25147,800.781616
25148,800.781616
25149,800.781616
25150,800.781616
25151,800.781616
25152,800.781616
25153,800.781616
25154,800.781616
25155,800.781616
25156,800.781616
25157,800.781616
25158,800.781616
25159,800.781616
25160,800.781616
25161,800.781616
25162,800.781616
25163,800.781616
25164,800.781616
25165,800.781616
25166,800.781616
25167,800.781616
25168,800.781616
25169,800.781616
25170,800.781616
25171,800.781616
25172,800.781616
25173,800.781616
25174,800.781616
25175,800.781616
25176,800.781616
25177,800.781616
25178,800.781616
25179,800.781616
25180,800.781616
25181,800.781616
25182,800.781616
25183,800.781616
25184,800.781616
25185,800.781616
25186,800.781616
25187,800.781616
25188,800.781616
25189,800.781616
25190,800.781616
25191,800.781616
25192,800.781616
25193,800.781616
25194,800.781616
25195,800.781616
25196,800.781616
25197,800.781616
25198,800.781616
25199,800.781616
25200,800.781616
25201,800.781616
25202,800.781616
25203,800.781616
25204,800.781616
25205,800.781616
25206,800.781616
25207,800.781616
25208,800.781616
25209,800.781616
25210,800.781616
25211,800.781616
25212,800.781616
25213,800.781616
25214,800.781616
25215,800.781616
25216,800.781616
25217,800.781616
25218,800.781616
25219,800.781616
25220,800.781616
25221,800.781616
25222,800.781616
25223,800.781616
25224,800.781616
25225,800.781616
25226,800.781616
25227,800.781616
25228,800.781616
25229,800.781616
25230,800.781616
25231,800.781616
25232,800.781616
25233,800.781616
25234,800.781616
25235,800.781616
25236,800.781616
25237,800.781616
25238,800.781616
25239,800.781616
25240,800.781616
25241,800.781616
25242,800.781616
25243,800.781616
25244,800.781616
25245,800.781616
25246,800.781616
25247,800.781616
25248,800.781616
25249,800.781616
25250,800.781616
25251,800.781616
25252,800.781616
25253,800.781616
25254,800.781616
25255,800.781616
25256,800.781616
25257,800.781616
25258,800.781616
25259,800.781616
25260,800.781616
25261,800.781616
25262,800.781616
25263,800.781616
25264,800.781616
25265,800.781616
25266,800.781616
25267,800.781616
25268,800.781616
25269,800.781616
25270,800.781616
25271,800.781616
25272,800.781616
25273,800.781616
25274,800.781616
25275,800.781616
25276,800.781616
25277,800.781616
25278,800.781616
25279,800.781616
25280,800.781616
25281,800.781616
25282,800.781616
25283,800.781616
25284,800.781616
25285,800.781616
25286,800.781616
25287,800.781616
25288,800.781616
25289,800.781616
25290,800.781616
25291,800.781616
25292,800.781616
25293,800.781616
25294,800.781616
25295,800.781616
25296,800.781616
25297,800.781616
25298,800.781616
25299,800.781616
25300,800.781616
25301,800.781616
25302,800.781616
25303,800.781616
25304,800.781616
25305,800.781616
25306,800.781616
25307,800.781616
25308,800.781616
25309,800.781616
25310,800.781616
25311,800.781616
25312,800.781616
25313,800.781616
25314,800.781616
25315,800.781616
25316,800.781616
25317,800.781616
25318,800.781616
25319,800.781616
25320,800.781616
25321,800.781616
25322,800.781616
25323,800.781616
25324,800.781616
25325,800.781616
25326,800.781616
25327,800.781616
25328,800.781616
25329,800.781616
25330,800.781616
25331,800.781616
25332,800.781616
25333,800.781616
25334,800.781616
25335,800.781616
25336,800.781616
25337,800.781616
25338,800.781616
25339,800.781616
25340,800.781616
25341,800.781616
25342,800.781616
25343,800.781616
25344,800.781616
25345,800.781616
25346,800.781616
25347,800.781616
25348,800.781616
25349,800.781616
25350,800.781616
25351,800.781616
25352,800.781616
25353,800.781616
25354,800.781616
25355,800.781616
25356,800.781616
25357,800.781616
25358,800.781616
25359,800.781616
25360,800.781616
25361,800.781616
25362,800.781616
25363,800.781616
25364,800.781616
25365,800.781616
25366,800.781616
25367,800.781616
25368,800.781616
25369,800.781616
25370,800.781616
25371,800.781616
25372,800.781616
25373,800.781616
25374,800.781616
25375,800.781616
25376,800.781616
25377,800.781616
25378,800.781616
25379,800.781616
25380,800.781616
25381,800.781616
25382,800.781616
25383,800.781616
25384,800.781616
25385,800.781616
25386,800.781616
25387,800.781616
25388,800.781616
25389,800.781616
25390,800.781616
25391,800.781616
25392,800.781616
25393,800.781616
25394,800.781616
25395,800.781616
25396,800.781616
25397,800.781616
25398,800.781616
25399,800.781616
25400,800.781616
25401,800.781616
25402,800.781616
25403,800.781616
25404,800.781616
25405,800.781616
25406,800.781616
25407,800.781616
25408,800.781616
25409,800.781616
25410,800.781616
25411,800.781616
25412,800.781616
25413,800.781616
25414,800.781616
25415,800.781616
25416,800.781616
25417,800.781616
25418,800.781616
25419,800.781616
25420,800.781616
25421,800.781616
25422,800.781616
25423,800.781616
25424,800.781616
25425,800.781616
25426,800.781616
25427,800.781616
25428,800.781616
25429,800.781616
25430,800.781616
25431,800.781616
25432,800.781616
25433,800.781616
25434,800.781616
25435,800.781616
25436,800.781616
25437,800.781616
25438,800.781616
25439,800.781616
25440,800.781616
25441,800.781616
25442,800.781616
25443,800.781616
25444,800.781616
25445,800.781616
25446,800.781616
25447,800.781616
25448,800.781616
25449,800.781616
25450,800.781616
25451,800.781616
25452,800.781616
25453,800.781616
25454,800.781616
25455,800.781616
25456,800.781616
25457,800.781616
25458,800.781616
25459,800.781616
25460,800.781616
25461,800.781616
25462,800.781616
25463,800.781616
25464,800.781616
25465,800.781616
25466,800.781616
25467,800.781616
25468,800.781616
25469,800.781616
25470,800.781616
25471,800.781616
25472,800.781616
25473,800.781616
25474,800.781616
25475,800.781616
25476,800.781616
25477,800.781616
25478,800.781616
25479,800.781616
25480,800.781616
25481,800.781616
25482,800.781616
25483,800.781616
25484,800.781616
25485,800.781616
25486,800.781616
25487,800.781616
25488,800.781616
25489,800.781616
25490,800.781616
25491,800.781616
25492,800.781616
25493,800.781616
25494,800.781616
25495,800.781616
25496,800.781616
25497,800.781616
25498,800.781616
25499,800.781616
25500,800.781616
25501,800.781616
25502,800.781616
25503,800.781616
25504,800.781616
25505,800.781616
25506,800.781616
25507,800.781616
25508,800.781616
25509,800.781616
25510,800.781616
25511,800.781616
25512,800.781616
25513,800.781616
25514,800.781616
25515,800.781616
25516,800.781616
25517,800.781616
25518,800.781616
25519,800.781616
25520,800.781616
25521,800.781616
25522,800.781616
25523,800.781616
25524,800.781616
25525,800.781616
25526,800.781616
25527,800.781616
25528,800.781616
25529,800.781616
25530,800.781616
25531,800.781616
25532,800.781616
25533,800.781616
25534,800.781616
25535,800.781616
25536,800.781616
25537,800.781616
25538,800.781616
25539,800.781616
25540,800.781616
25541,800.781616
25542,800.781616
25543,800.781616
25544,800.781616
25545,800.781616
25546,800.781616
25547,800.781616
25548,800.781616
25549,800.781616
25550,800.781616
25551,800.781616
25552,800.781616
25553,800.781616
25554,800.781616
25555,800.781616
25556,800.781616
25557,800.781616
25558,800.781616
25559,800.781616
25560,800.781616
25561,800.781616
25562,800.781616
25563,800.781616
25564,800.781616
25565,800.781616
25566,800.781616
25567,800.781616
25568,800.781616
25569,800.781616
25570,800.781616
25571,800.781616
25572,800.781616
25573,800.781616
25574,800.781616
25575,800.781616
25576,800.781616
25577,800.781616
25578,800.781616
25579,800.781616
25580,800.781616
25581,800.781616
25582,800.781616
25583,800.781616
25584,800.781616
25585,800.781616
25586,800.781616
25587,800.781616
25588,800.781616
25589,800.781616
25590,800.781616
25591,800.781616
25592,800.781616
25593,800.781616
25594,800.781616
25595,800.781616
25596,800.781616
25597,800.781616
25598,800.781616
25599,800.781616
25600,800.781616
25601,800.781616
25602,800.781616
25603,800.781616
25604,800.781616
25605,800.781616
25606,800.781616
25607,800.781616
25608,800.781616
25609,800.781616
25610,800.781616
25611,800.781616
25612,800.781616
25613,800.781616
25614,800.781616
25615,800.781616
25616,800.781616
25617,800.781616
25618,800.781616
25619,800.781616
25620,800.781616
25621,800.781616
25622,800.781616
25623,800.781616
25624,800.781616
25625,800.781616
25626,800.781616
25627,800.781616
25628,800.781616
25629,800.781616
25630,800.781616
25631,800.781616
25632,800.781616
25633,800.781616
25634,800.781616
25635,800.781616
25636,800.781616
25637,800.781616
25638,800.781616
25639,800.781616
25640,800.781616
25641,800.781616
25642,800.781616
25643,800.781616
25644,800.781616
25645,800.781616
25646,800.781616
25647,800.781616
25648,800.781616
25649,800.781616
25650,800.781616
25651,800.781616
25652,800.781616
25653,800.781616
25654,800.781616
25655,800.781616
25656,800.781616
25657,800.781616
25658,800.781616
25659,800.781616
25660,800.781616
25661,800.781616
25662,800.781616
25663,800.781616
25664,800.781616
25665,800.781616
25666,800.781616
25667,800.781616
25668,800.781616
25669,800.781616
25670,800.781616
25671,800.781616
25672,800.781616
25673,800.781616
25674,800.781616
25675,800.781616
25676,800.781616
25677,800.781616
25678,800.781616
25679,800.781616
25680,800.781616
25681,800.781616
25682,800.781616
25683,800.781616
25684,800.781616
25685,800.781616
25686,800.781616
25687,800.781616
25688,800.781616
25689,800.781616
25690,800.781616
25691,800.781616
25692,800.781616
25693,800.781616
25694,800.781616
25695,800.781616
25696,800.781616
25697,800.781616
25698,800.781616
25699,800.781616
25700,800.781616
25701,800.781616
25702,800.781616
25703,800.781616
25704,800.781616
25705,800.781616
25706,800.781616
25707,800.781616
25708,800.781616
25709,800.781616
25710,800.781616
25711,800.781616
25712,800.781616
25713,800.781616
25714,800.781616
25715,800.781616
25716,800.781616
25717,800.781616
25718,800.781616
25719,800.781616
25720,800.781616
25721,800.781616
25722,800.781616
25723,800.781616
25724,800.781616
25725,800.781616
25726,800.781616
25727,800.781616
25728,800.781616
25729,800.781616
25730,800.781616
25731,800.781616
25732,800.781616
25733,800.781616
25734,800.781616
25735,800.781616
25736,800.781616
25737,800.781616
25738,800.781616
25739,800.781616
25740,800.781616
25741,800.781616
25742,800.781616
25743,800.781616
25744,800.781616
25745,800.781616
25746,800.781616
25747,800.781616
25748,800.781616
25749,800.781616
25750,800.781616
25751,800.781616
25752,800.781616
25753,800.781616
25754,800.781616
25755,800.781616
25756,800.781616
25757,800.781616
25758,800.781616
25759,800.781616
25760,800.781616
25761,800.781616
25762,800.781616
25763,800.781616
25764,800.781616
25765,800.781616
25766,800.781616
25767,800.781616
25768,800.781616
25769,800.781616
25770,800.781616
25771,800.781616
25772,800.781616
25773,800.781616
25774,800.781616
25775,800.781616
25776,800.781616
25777,800.781616
25778,800.781616
25779,800.781616
25780,800.781616
25781,800.781616
25782,800.781616
25783,800.781616
25784,800.781616
25785,800.781616
25786,800.781616
25787,800.781616
25788,800.781616
25789,800.781616
25790,800.781616
25791,800.781616
25792,800.781616
25793,800.781616
25794,800.781616
25795,800.781616
25796,800.781616
25797,800.781616
25798,800.781616
25799,800.781616
25800,800.781616
25801,800.781616
25802,800.781616
25803,800.781616
25804,800.781616
25805,800.781616
25806,800.781616
25807,800.781616
25808,800.781616
25809,800.781616
25810,800.781616
25811,800.781616
25812,800.781616
25813,800.781616
25814,800.781616
25815,800.781616
25816,800.781616
25817,800.781616
25818,800.781616
25819,800.781616
25820,800.781616
25821,800.781616
25822,800.781616
25823,800.781616
25824,800.781616
25825,800.781616
25826,800.781616
25827,800.781616
25828,800.781616
25829,800.781616
25830,800.781616
25831,800.781616
25832,800.781616
25833,800.781616
25834,800.781616
25835,800.781616
25836,800.781616
25837,800.781616
25838,800.781616
25839,800.781616
25840,800.781616
25841,800.781616
25842,800.781616
25843,800.781616
25844,800.781616
25845,800.781616
25846,800.781616
25847,800.781616
25848,800.781616
25849,800.781616
25850,800.781616
25851,800.781616
25852,800.781616
25853,800.781616
25854,800.781616
25855,800.781616
25856,800.781616
25857,800.781616
25858,800.781616
25859,800.781616
25860,800.781616
25861,800.781616
25862,800.781616
25863,800.781616
25864,800.781616
25865,800.781616
25866,800.781616
25867,800.781616
25868,800.781616
25869,800.781616
25870,800.781616
25871,800.781616
25872,800.781616
25873,800.781616
25874,800.781616
25875,800.781616
25876,800.781616
25877,800.781616
25878,800.781616
25879,800.781616
25880,800.781616
25881,800.781616
25882,800.781616
25883,800.781616
25884,800.781616
25885,800.781616
25886,800.781616
25887,800.781616
25888,800.781616
25889,800.781616
25890,800.781616
25891,800.781616
25892,800.781616
25893,800.781616
25894,800.781616
25895,800.781616
25896,800.781616
25897,800.781616
25898,800.781616
25899,800.781616
25900,800.781616
25901,800.781616
25902,800.781616
25903,800.781616
25904,800.781616
25905,800.781616
25906,800.781616
25907,800.781616
25908,800.781616
25909,800.781616
25910,800.781616
25911,800.781616
25912,800.781616
25913,800.781616
25914,800.781616
25915,800.781616
25916,800.781616
25917,800.781616
25918,800.781616
25919,800.781616
25920,800.781616
25921,800.781616
25922,800.781616
25923,800.781616
25924,800.781616
25925,800.781616
25926,800.781616
25927,800.781616
25928,800.781616
25929,800.781616
25930,800.781616
25931,800.781616
25932,800.781616
25933,800.781616
25934,800.781616
25935,800.781616
25936,800.781616
25937,800.781616
25938,800.781616
25939,800.781616
25940,800.781616
25941,800.781616
25942,800.781616
25943,800.781616
25944,800.781616
25945,800.781616
25946,800.781616
25947,800.781616
25948,800.781616
25949,800.781616
25950,800.781616
25951,800.781616
25952,800.781616
25953,800.781616
25954,800.781616
25955,800.781616
25956,800.781616
25957,800.781616
25958,800.781616
25959,800.781616
25960,800.781616
25961,800.781616
25962,800.781616
25963,800.781616
25964,800.781616
25965,800.781616
25966,800.781616
25967,800.781616
25968,800.781616
25969,800.781616
25970,800.781616
25971,800.781616
25972,800.781616
25973,800.781616
25974,800.781616
25975,800.781616
25976,800.781616
25977,800.781616
25978,800.781616
25979,800.781616
25980,800.781616
25981,800.781616
25982,800.781616
25983,800.781616
25984,800.781616
25985,800.781616
25986,800.781616
25987,800.781616
25988,800.781616
25989,800.781616
25990,800.781616
25991,800.781616
25992,800.781616
25993,800.781616
25994,800.781616
25995,800.781616
25996,800.781616
25997,800.781616
25998,800.781616
25999,800.781616
26000,800.781616
26001,800.781616
26002,800.781616
26003,800.781616
26004,800.781616
26005,800.781616
26006,800.781616
26007,800.781616
26008,800.781616
26009,800.781616
26010,800.781616
26011,800.781616
26012,800.781616
26013,800.781616
26014,800.781616
26015,800.781616
26016,800.781616
26017,800.781616
26018,800.781616
26019,800.781616
26020,800.781616
26021,800.781616
26022,800.781616
26023,800.781616
26024,800.781616
26025,800.781616
26026,800.781616
26027,800.781616
26028,800.781616
26029,800.781616
26030,800.781616
26031,800.781616
26032,800.781616
26033,800.781616
26034,800.781616
26035,800.781616
26036,800.781616
26037,800.781616
26038,800.781616
26039,800.781616
26040,800.781616
26041,800.781616
26042,800.781616
26043,800.781616
26044,800.781616
26045,800.781616
26046,800.781616
26047,800.781616
26048,800.781616
26049,800.781616
26050,800.781616
26051,800.781616
26052,800.781616
26053,800.781616
26054,800.781616
26055,800.781616
26056,800.781616
26057,800.781616
26058,800.781616
26059,800.781616
26060,800.781616
26061,800.781616
26062,800.781616
26063,800.781616
26064,800.781616
26065,800.781616
26066,800.781616
26067,800.781616
26068,800.781616
26069,800.781616
26070,800.781616
26071,800.781616
26072,800.781616
26073,800.781616
26074,800.781616
26075,800.781616
26076,800.781616
26077,800.781616
26078,800.781616
26079,800.781616
26080,800.781616
26081,800.781616
26082,800.781616
26083,800.781616
26084,800.781616
26085,800.781616
26086,800.781616
26087,800.781616
26088,800.781616
26089,800.781616
26090,800.781616
26091,800.781616
26092,800.781616
26093,800.781616
26094,800.781616
26095,800.781616
26096,800.781616
26097,800.781616
26098,800.781616
26099,800.781616
26100,800.781616
26101,800.781616
26102,800.781616
26103,800.781616
26104,800.781616
26105,800.781616
26106,800.781616
26107,800.781616
26108,800.781616
26109,800.781616
26110,800.781616
26111,800.781616
26112,800.781616
26113,800.781616
26114,800.781616
26115,800.781616
26116,800.781616
26117,800.781616
26118,800.781616
26119,800.781616
26120,800.781616
26121,800.781616
26122,800.781616
26123,800.781616
26124,800.781616
26125,800.781616
26126,800.781616
26127,800.781616
26128,800.781616
26129,800.781616
26130,800.781616
26131,800.781616
26132,800.781616
26133,800.781616
26134,800.781616
26135,800.781616
26136,800.781616
26137,800.781616
26138,800.781616
26139,800.781616
26140,800.781616
26141,800.781616
26142,800.781616
26143,800.781616
26144,800.781616
26145,800.781616
26146,800.781616
26147,800.781616
26148,800.781616
26149,800.781616
26150,800.781616
26151,800.781616
26152,800.781616
26153,800.781616
26154,800.781616
26155,800.781616
26156,800.781616
26157,800.781616
26158,800.781616
26159,800.781616
26160,800.781616
26161,800.781616
26162,800.781616
26163,800.781616
26164,800.781616
26165,800.781616
26166,800.781616
26167,800.781616
26168,800.781616
26169,800.781616
26170,800.781616
26171,800.781616
26172,800.781616
26173,800.781616
26174,800.781616
26175,800.781616
26176,800.781616
26177,800.781616
26178,800.781616
26179,800.781616
26180,800.781616
26181,800.781616
26182,800.781616
26183,800.781616
26184,800.781616
26185,800.781616
26186,800.781616
26187,800.781616
26188,800.781616
26189,800.781616
26190,800.781616
26191,800.781616
26192,800.781616
26193,800.781616
26194,800.781616
26195,800.781616
26196,800.781616
26197,800.781616
26198,800.781616
26199,800.781616
26200,800.781616
26201,800.781616
26202,800.781616
26203,800.781616
26204,800.781616
26205,800.781616
26206,800.781616
26207,800.781616
26208,800.781616
26209,800.781616
26210,800.781616
26211,800.781616
26212,800.781616
26213,800.781616
26214,800.781616
26215,800.781616
26216,800.781616
26217,800.781616
26218,800.781616
26219,800.781616
26220,800.781616
26221,800.781616
26222,800.781616
26223,800.781616
26224,800.781616
26225,800.781616
26226,800.781616
26227,800.781616
26228,800.781616
26229,800.781616
26230,800.781616
26231,800.781616
26232,800.781616
26233,800.781616
26234,800.781616
26235,800.781616
26236,800.781616
26237,800.781616
26238,800.781616
26239,800.781616
26240,800.781616
26241,800.781616
26242,800.781616
26243,800.781616
26244,800.781616
26245,800.781616
26246,800.781616
26247,800.781616
26248,800.781616
26249,800.781616
26250,800.781616
26251,800.781616
26252,800.781616
26253,800.781616
26254,800.781616
26255,800.781616
26256,800.781616
26257,800.781616
26258,800.781616
26259,800.781616
26260,800.781616
26261,800.781616
26262,800.781616
26263,800.781616
26264,800.781616
26265,800.781616
26266,800.781616
26267,800.781616
26268,800.781616
26269,800.781616
26270,800.781616
26271,800.781616
26272,800.781616
26273,800.781616
26274,800.781616
26275,800.781616
26276,800.781616
26277,800.781616
26278,800.781616
26279,800.781616
26280,800.781616
26281,800.781616
26282,800.781616
26283,800.781616
26284,800.781616
26285,800.781616
26286,800.781616
26287,800.781616
26288,800.781616
26289,800.781616
26290,800.781616
26291,800.781616
26292,800.781616
26293,800.781616
26294,800.781616
26295,800.781616
26296,800.781616
26297,800.781616
26298,800.781616
26299,800.781616
26300,800.781616
26301,800.781616
26302,800.781616
26303,800.781616
26304,800.781616
26305,800.781616
26306,800.781616
26307,800.781616
26308,800.781616
26309,800.781616
26310,800.781616
26311,800.781616
26312,800.781616
26313,800.781616
26314,800.781616
26315,800.781616
26316,800.781616
26317,800.781616
26318,800.781616
26319,800.781616
26320,800.781616
26321,800.781616
26322,800.781616
26323,800.781616
26324,800.781616
26325,800.781616
26326,800.781616
26327,800.781616
26328,800.781616
26329,800.781616
26330,800.781616
26331,800.781616
26332,800.781616
26333,800.781616
26334,800.781616
26335,800.781616
26336,800.781616
26337,800.781616
26338,800.781616
26339,800.781616
26340,800.781616
26341,800.781616
26342,800.781616
26343,800.781616
26344,800.781616
26345,800.781616
26346,800.781616
26347,800.781616
26348,800.781616
26349,800.781616
26350,800.781616
26351,800.781616
26352,800.781616
26353,800.781616
26354,800.781616
26355,800.781616
26356,800.781616
26357,800.781616
26358,800.781616
26359,800.781616
26360,800.781616
26361,800.781616
26362,800.781616
26363,800.781616
26364,800.781616
26365,800.781616
26366,800.781616
26367,800.781616
26368,800.781616
26369,800.781616
26370,800.781616
26371,800.781616
26372,800.781616
26373,800.781616
26374,800.781616
26375,800.781616
26376,800.781616
26377,800.781616
26378,800.781616
26379,800.781616
26380,800.781616
26381,800.781616
26382,800.781616
26383,800.781616
26384,800.781616
26385,800.781616
26386,800.781616
26387,800.781616
26388,800.781616
26389,800.781616
26390,800.781616
26391,800.781616
26392,800.781616
26393,800.781616
26394,800.781616
26395,800.781616
26396,800.781616
26397,800.781616
26398,800.781616
26399,800.781616
26400,800.781616
26401,800.781616
26402,800.781616
26403,800.781616
26404,800.781616
26405,800.781616
26406,800.781616
26407,800.781616
26408,800.781616
26409,800.781616
26410,800.781616
26411,800.781616
26412,800.781616
26413,800.781616
26414,800.781616
26415,800.781616
26416,800.781616
26417,800.781616
26418,800.781616
26419,800.781616
26420,800.781616
26421,800.781616
26422,800.781616
26423,800.781616
26424,800.781616
26425,800.781616
26426,800.781616
26427,800.781616
26428,800.781616
26429,800.781616
26430,800.781616
26431,800.781616
26432,800.781616
26433,800.781616
26434,800.781616
26435,800.781616
26436,800.781616
26437,800.781616
26438,800.781616
26439,800.781616
26440,800.781616
26441,800.781616
26442,800.781616
26443,800.781616
26444,800.781616
26445,800.781616
26446,800.781616
26447,800.781616
26448,800.781616
26449,800.781616
26450,800.781616
26451,800.781616
26452,800.781616
26453,800.781616
26454,800.781616
26455,800.781616
26456,800.781616
26457,800.781616
26458,800.781616
26459,800.781616
26460,800.781616
26461,800.781616
26462,800.781616
26463,800.781616
26464,800.781616
26465,800.781616
26466,800.781616
26467,800.781616
26468,800.781616
26469,800.781616
26470,800.781616
26471,800.781616
26472,800.781616
26473,800.781616
26474,800.781616
26475,800.781616
26476,800.781616
26477,800.781616
26478,800.781616
26479,800.781616
26480,800.781616
26481,800.781616
26482,800.781616
26483,800.781616
26484,800.781616
26485,800.781616
26486,800.781616
26487,800.781616
26488,800.781616
26489,800.781616
26490,800.781616
26491,800.781616
26492,800.781616
26493,800.781616
26494,800.781616
26495,800.781616
26496,800.781616
26497,800.781616
26498,800.781616
26499,800.781616
26500,800.781616
26501,800.781616
26502,800.781616
26503,800.781616
26504,800.781616
26505,800.781616
26506,800.781616
26507,800.781616
26508,800.781616
26509,800.781616
26510,800.781616
26511,800.781616
26512,800.781616
26513,800.781616
26514,800.781616
26515,800.781616
26516,800.781616
26517,800.781616
26518,800.781616
26519,800.781616
26520,800.781616
26521,800.781616
26522,800.781616
26523,800.781616
26524,800.781616
26525,800.781616
26526,800.781616
26527,800.781616
26528,800.781616
26529,800.781616
26530,800.781616
26531,800.781616
26532,800.781616
26533,800.781616
26534,800.781616
26535,800.781616
26536,800.781616
26537,800.781616
26538,800.781616
26539,800.781616
26540,800.781616
26541,800.781616
26542,800.781616
26543,800.781616
26544,800.781616
26545,800.781616
26546,800.781616
26547,800.781616
26548,800.781616
26549,800.781616
26550,800.781616
26551,800.781616
26552,800.781616
26553,800.781616
26554,800.781616
26555,800.781616
26556,800.781616
26557,800.781616
26558,800.781616
26559,800.781616
26560,800.781616
26561,800.781616
26562,800.781616
26563,800.781616
26564,800.781616
26565,800.781616
26566,800.781616
26567,800.781616
26568,800.781616
26569,800.781616
26570,800.781616
26571,800.781616
26572,800.781616
26573,800.781616
26574,800.781616
26575,800.781616
26576,800.781616
26577,800.781616
26578,800.781616
26579,800.781616
26580,800.781616
26581,800.781616
26582,800.781616
26583,800.781616
26584,800.781616
26585,800.781616
26586,800.781616
26587,800.781616
26588,800.781616
26589,800.781616
26590,800.781616
26591,800.781616
26592,800.781616
26593,800.781616
26594,800.781616
26595,800.781616
26596,800.781616
26597,800.781616
26598,800.781616
26599,800.781616
26600,800.781616
26601,800.781616
26602,800.781616
26603,800.781616
26604,800.781616
26605,800.781616
26606,800.781616
26607,800.781616
26608,800.781616
26609,800.781616
26610,800.781616
26611,800.781616
26612,800.781616
26613,800.781616
26614,800.781616
26615,800.781616
26616,800.781616
26617,800.781616
26618,800.781616
26619,800.781616
26620,800.781616
26621,800.781616
26622,800.781616
26623,800.781616
26624,800.781616
26625,800.781616
26626,800.781616
26627,800.781616
26628,800.781616
26629,800.781616
26630,800.781616
26631,800.781616
26632,800.781616
26633,800.781616
26634,800.781616
26635,800.781616
26636,800.781616
26637,800.781616
26638,800.781616
26639,800.781616
26640,800.781616
26641,800.781616
26642,800.781616
26643,800.781616
26644,800.781616
26645,800.781616
26646,800.781616
26647,800.781616
26648,800.781616
26649,800.781616
26650,800.781616
26651,800.781616
26652,800.781616
26653,800.781616
26654,800.781616
26655,800.781616
26656,800.781616
26657,800.781616
26658,800.781616
26659,800.781616
26660,800.781616
26661,800.781616
26662,800.781616
26663,800.781616
26664,800.781616
26665,800.781616
26666,800.781616
26667,800.781616
26668,800.781616
26669,800.781616
26670,800.781616
26671,800.781616
26672,800.781616
26673,800.781616
26674,800.781616
26675,800.781616
26676,800.781616
26677,800.781616
26678,800.781616
26679,800.781616
26680,800.781616
26681,800.781616
26682,800.781616
26683,800.781616
26684,800.781616
26685,800.781616
26686,800.781616
26687,800.781616
26688,800.781616
26689,800.781616
26690,800.781616
26691,800.781616
26692,800.781616
26693,800.781616
26694,800.781616
26695,800.781616
26696,800.781616
26697,800.781616
26698,800.781616
26699,800.781616
26700,800.781616
26701,800.781616
26702,800.781616
26703,800.781616
26704,800.781616
26705,800.781616
26706,800.781616
26707,800.781616
26708,800.781616
26709,800.781616
26710,800.781616
26711,800.781616
26712,800.781616
26713,800.781616
26714,800.781616
26715,800.781616
26716,800.781616
26717,800.781616
26718,800.781616
26719,800.781616
26720,800.781616
26721,800.781616
26722,800.781616
26723,800.781616
26724,800.781616
26725,800.781616
26726,800.781616
26727,800.781616
26728,800.781616
26729,800.781616
26730,800.781616
26731,800.781616
26732,800.781616
26733,800.781616
26734,800.781616
26735,800.781616
26736,800.781616
26737,800.781616
26738,800.781616
26739,800.781616
26740,800.781616
26741,800.781616
26742,800.781616
26743,800.781616
26744,800.781616
26745,800.781616
26746,800.781616
26747,800.781616
26748,800.781616
26749,800.781616
26750,800.781616
26751,800.781616
26752,800.781616
26753,800.781616
26754,800.781616
26755,800.781616
26756,800.781616
26757,800.781616
26758,800.781616
26759,800.781616
26760,800.781616
26761,800.781616
26762,800.781616
26763,800.781616
26764,800.781616
26765,800.781616
26766,800.781616
26767,800.781616
26768,800.781616
26769,800.781616
26770,800.781616
26771,800.781616
26772,800.781616
26773,800.781616
26774,800.781616
26775,800.781616
26776,800.781616
26777,800.781616
26778,800.781616
26779,800.781616
26780,800.781616
26781,800.781616
26782,800.781616
26783,800.781616
26784,800.781616
26785,800.781616
26786,800.781616
26787,800.781616
26788,800.781616
26789,800.781616
26790,800.781616
26791,800.781616
26792,800.781616
26793,800.781616
26794,800.781616
26795,800.781616
26796,800.781616
26797,800.781616
26798,800.781616
26799,800.781616
26800,800.781616
26801,800.781616
26802,800.781616
26803,800.781616
26804,800.781616
26805,800.781616
26806,800.781616
26807,800.781616
26808,800.781616
26809,800.781616
26810,800.781616
26811,800.781616
26812,800.781616
26813,800.781616
26814,800.781616
26815,800.781616
26816,800.781616
26817,800.781616
26818,800.781616
26819,800.781616
26820,800.781616
26821,800.781616
26822,800.781616
26823,800.781616
26824,800.781616
26825,800.781616
26826,800.781616
26827,800.781616
26828,800.781616
26829,800.781616
26830,800.781616
26831,800.781616
26832,800.781616
26833,800.781616
26834,800.781616
26835,800.781616
26836,800.781616
26837,800.781616
26838,800.781616
26839,800.781616
26840,800.781616
26841,800.781616
26842,800.781616
26843,800.781616
26844,800.781616
26845,800.781616
26846,800.781616
26847,800.781616
26848,800.781616
26849,800.781616
26850,800.781616
26851,800.781616
26852,800.781616
26853,800.781616
26854,800.781616
26855,800.781616
26856,800.781616
26857,800.781616
26858,800.781616
26859,800.781616
26860,800.781616
26861,800.781616
26862,800.781616
26863,800.781616
26864,800.781616
26865,800.781616
26866,800.781616
26867,800.781616
26868,800.781616
26869,800.781616
26870,800.781616
26871,800.781616
26872,800.781616
26873,800.781616
26874,800.781616
26875,800.781616
26876,800.781616
26877,800.781616
26878,800.781616
26879,800.781616
26880,800.781616
26881,800.781616
26882,800.781616
26883,800.781616
26884,800.781616
26885,800.781616
26886,800.781616
26887,800.781616
26888,800.781616
26889,800.781616
26890,800.781616
26891,800.781616
26892,800.781616
26893,800.781616
26894,800.781616
26895,800.781616
26896,800.781616
26897,800.781616
26898,800.781616
26899,800.781616
26900,800.781616
26901,800.781616
26902,800.781616
26903,800.781616
26904,800.781616
26905,800.781616
26906,800.781616
26907,800.781616
26908,800.781616
26909,800.781616
26910,800.781616
26911,800.781616
26912,800.781616
26913,800.781616
26914,800.781616
26915,800.781616
26916,800.781616
26917,800.781616
26918,800.781616
26919,800.781616
26920,800.781616
26921,800.781616
26922,800.781616
26923,800.781616
26924,800.781616
26925,800.781616
26926,800.781616
26927,800.781616
26928,800.781616
26929,800.781616
26930,800.781616
26931,800.781616
26932,800.781616
26933,800.781616
26934,800.781616
26935,800.781616
26936,800.781616
26937,800.781616
26938,800.781616
26939,800.781616
26940,800.781616
26941,800.781616
26942,800.781616
26943,800.781616
26944,800.781616
26945,800.781616
26946,800.781616
26947,800.781616
26948,800.781616
26949,800.781616
26950,800.781616
26951,800.781616
26952,800.781616
26953,800.781616
26954,800.781616
26955,800.781616
26956,800.781616
26957,800.781616
26958,800.781616
26959,800.781616
26960,800.781616
26961,800.781616
26962,800.781616
26963,800.781616
26964,800.781616
26965,800.781616
26966,800.781616
26967,800.781616
26968,800.781616
26969,800.781616
26970,800.781616
26971,800.781616
26972,800.781616
26973,800.781616
26974,800.781616
26975,800.781616
26976,800.781616
26977,800.781616
26978,800.781616
26979,800.781616
26980,800.781616
26981,800.781616
26982,800.781616
26983,800.781616
26984,800.781616
26985,800.781616
26986,800.781616
26987,800.781616
26988,800.781616
26989,800.781616
26990,800.781616
26991,800.781616
26992,800.781616
26993,800.781616
26994,800.781616
26995,800.781616
26996,800.781616
26997,800.781616
26998,800.781616
26999,800.781616
27000,800.781616
27001,800.781616
27002,800.781616
27003,800.781616
27004,800.781616
27005,800.781616
27006,800.781616
27007,800.781616
27008,800.781616
27009,800.781616
27010,800.781616
27011,800.781616
27012,800.781616
27013,800.781616
27014,800.781616
27015,800.781616
27016,800.781616
27017,800.781616
27018,800.781616
27019,800.781616
27020,800.781616
27021,800.781616
27022,800.781616
27023,800.781616
27024,800.781616
27025,800.781616
27026,800.781616
27027,800.781616
27028,800.781616
27029,800.781616
27030,800.781616
27031,800.781616
27032,800.781616
27033,800.781616
27034,800.781616
27035,800.781616
27036,800.781616
27037,800.781616
27038,800.781616
27039,800.781616
27040,800.781616
27041,800.781616
27042,800.781616
27043,800.781616
27044,800.781616
27045,800.781616
27046,800.781616
27047,800.781616
27048,800.781616
27049,800.781616
27050,800.781616
27051,800.781616
27052,800.781616
27053,800.781616
27054,800.781616
27055,800.781616
27056,800.781616
27057,800.781616
27058,800.781616
27059,800.781616
27060,800.781616
27061,800.781616
27062,800.781616
27063,800.781616
27064,800.781616
27065,800.781616
27066,800.781616
27067,800.781616
27068,800.781616
27069,800.781616
27070,800.781616
27071,800.781616
27072,800.781616
27073,800.781616
27074,800.781616
27075,800.781616
27076,800.781616
27077,800.781616
27078,800.781616
27079,800.781616
27080,800.781616
27081,800.781616
27082,800.781616
27083,800.781616
27084,800.781616
27085,800.781616
27086,800.781616
27087,800.781616
27088,800.781616
27089,800.781616
27090,800.781616
27091,800.781616
27092,800.781616
27093,800.781616
27094,800.781616
27095,800.781616
27096,800.781616
27097,800.781616
27098,800.781616
27099,800.781616
27100,800.781616
27101,800.781616
27102,800.781616
27103,800.781616
27104,800.781616
27105,800.781616
27106,800.781616
27107,800.781616
27108,800.781616
27109,800.781616
27110,800.781616
27111,800.781616
27112,800.781616
27113,800.781616
27114,800.781616
27115,800.781616
27116,800.781616
27117,800.781616
27118,800.781616
27119,800.781616
27120,800.781616
27121,800.781616
27122,800.781616
27123,800.781616
27124,800.781616
27125,800.781616
27126,800.781616
27127,800.781616
27128,800.781616
27129,800.781616
27130,800.781616
27131,800.781616
27132,800.781616
27133,800.781616
27134,800.781616
27135,800.781616
27136,800.781616
27137,800.781616
27138,800.781616
27139,800.781616
27140,800.781616
27141,800.781616
27142,800.781616
27143,800.781616
27144,800.781616
27145,800.781616
27146,800.781616
27147,800.781616
27148,800.781616
27149,800.781616
27150,800.781616
27151,800.781616
27152,800.781616
27153,800.781616
27154,800.781616
27155,800.781616
27156,800.781616
27157,800.781616
27158,800.781616
27159,800.781616
27160,800.781616
27161,800.781616
27162,800.781616
27163,800.781616
27164,800.781616
27165,800.781616
27166,800.781616
27167,800.781616
27168,800.781616
27169,800.781616
27170,800.781616
27171,800.781616
27172,800.781616
27173,800.781616
27174,800.781616
27175,800.781616
27176,800.781616
27177,800.781616
27178,800.781616
27179,800.781616
27180,800.781616
27181,800.781616
27182,800.781616
27183,800.781616
27184,800.781616
27185,800.781616
27186,800.781616
27187,800.781616
27188,800.781616
27189,800.781616
27190,800.781616
27191,800.781616
27192,800.781616
27193,800.781616
27194,800.781616
27195,800.781616
27196,800.781616
27197,800.781616
27198,800.781616
27199,800.781616
27200,800.781616
27201,800.781616
27202,800.781616
27203,800.781616
27204,800.781616
27205,800.781616
27206,800.781616
27207,800.781616
27208,800.781616
27209,800.781616
27210,800.781616
27211,800.781616
27212,800.781616
27213,800.781616
27214,800.781616
27215,800.781616
27216,800.781616
27217,800.781616
27218,800.781616
27219,800.781616
27220,800.781616
27221,800.781616
27222,800.781616
27223,800.781616
27224,800.781616
27225,800.781616
27226,800.781616
27227,800.781616
27228,800.781616
27229,800.781616
27230,800.781616
27231,800.781616
27232,800.781616
27233,800.781616
27234,800.781616
27235,800.781616
27236,800.781616
27237,800.781616
27238,800.781616
27239,800.781616
27240,800.781616
27241,800.781616
27242,800.781616
27243,800.781616
27244,800.781616
27245,800.781616
27246,800.781616
27247,800.781616
27248,800.781616
27249,800.781616
27250,800.781616
27251,800.781616
27252,800.781616
27253,800.781616
27254,800.781616
27255,800.781616
27256,800.781616
27257,800.781616
27258,800.781616
27259,800.781616
27260,800.781616
27261,800.781616
27262,800.781616
27263,800.781616
27264,800.781616
27265,800.781616
27266,800.781616
27267,800.781616
27268,800.781616
27269,800.781616
27270,800.781616
27271,800.781616
27272,800.781616
27273,800.781616
27274,800.781616
27275,800.781616
27276,800.781616
27277,800.781616
27278,800.781616
27279,800.781616
27280,800.781616
27281,800.781616
27282,800.781616
27283,800.781616
27284,800.781616
27285,800.781616
27286,800.781616
27287,800.781616
27288,800.781616
27289,800.781616
27290,800.781616
27291,800.781616
27292,800.781616
27293,800.781616
27294,800.781616
27295,800.781616
27296,800.781616
27297,800.781616
27298,800.781616
27299,800.781616
27300,800.781616
27301,800.781616
27302,800.781616
27303,800.781616
27304,800.781616
27305,800.781616
27306,800.781616
27307,800.781616
27308,800.781616
27309,800.781616
27310,800.781616
27311,800.781616
27312,800.781616
27313,800.781616
27314,800.781616
27315,800.781616
27316,800.781616
27317,800.781616
27318,800.781616
27319,800.781616
27320,800.781616
27321,800.781616
27322,800.781616
27323,800.781616
27324,800.781616
27325,800.781616
27326,800.781616
27327,800.781616
27328,800.781616
27329,800.781616
27330,800.781616
27331,800.781616
27332,800.781616
27333,800.781616
27334,800.781616
27335,800.781616
27336,800.781616
27337,800.781616
27338,800.781616
27339,800.781616
27340,800.781616
27341,800.781616
27342,800.781616
27343,800.781616
27344,800.781616
27345,800.781616
27346,800.781616
27347,800.781616
27348,800.781616
27349,800.781616
27350,800.781616
27351,800.781616
27352,800.781616
27353,800.781616
27354,800.781616
27355,800.781616
27356,800.781616
27357,800.781616
27358,800.781616
27359,800.781616
27360,800.781616
27361,800.781616
27362,800.781616
27363,800.781616
27364,800.781616
27365,800.781616
27366,800.781616
27367,800.781616
27368,800.781616
27369,800.781616
27370,800.781616
27371,800.781616
27372,800.781616
27373,800.781616
27374,800.781616
27375,800.781616
27376,800.781616
27377,800.781616
27378,800.781616
27379,800.781616
27380,800.781616
27381,800.781616
27382,800.781616
27383,800.781616
27384,800.781616
27385,800.781616
27386,800.781616
27387,800.781616
27388,800.781616
27389,800.781616
27390,800.781616
27391,800.781616
27392,800.781616
27393,800.781616
27394,800.781616
27395,800.781616
27396,800.781616
27397,800.781616
27398,800.781616
27399,800.781616
27400,800.781616
27401,800.781616
27402,800.781616
27403,800.781616
27404,800.781616
27405,800.781616
27406,800.781616
27407,800.781616
27408,800.781616
27409,800.781616
27410,800.781616
27411,800.781616
27412,800.781616
27413,800.781616
27414,800.781616
27415,800.781616
27416,800.781616
27417,800.781616
27418,800.781616
27419,800.781616
27420,800.781616
27421,800.781616
27422,800.781616
27423,800.781616
27424,800.781616
27425,800.781616
27426,800.781616
27427,800.781616
27428,800.781616
27429,800.781616
27430,800.781616
27431,800.781616
27432,800.781616
27433,800.781616
27434,800.781616
27435,800.781616
27436,800.781616
27437,800.781616
27438,800.781616
27439,800.781616
27440,800.781616
27441,800.781616
27442,800.781616
27443,800.781616
27444,800.781616
27445,800.781616
27446,800.781616
27447,800.781616
27448,800.781616
27449,800.781616
27450,800.781616
27451,800.781616
27452,800.781616
27453,800.781616
27454,800.781616
27455,800.781616
27456,800.781616
27457,800.781616
27458,800.781616
27459,800.781616
27460,800.781616
27461,800.781616
27462,800.781616
27463,800.781616
27464,800.781616
27465,800.781616
27466,800.781616
27467,800.781616
27468,800.781616
27469,800.781616
27470,800.781616
27471,800.781616
27472,800.781616
27473,800.781616
27474,800.781616
27475,800.781616
27476,800.781616
27477,800.781616
27478,800.781616
27479,800.781616
27480,800.781616
27481,800.781616
27482,800.781616
27483,800.781616
27484,800.781616
27485,800.781616
27486,800.781616
27487,800.781616
27488,800.781616
27489,800.781616
27490,800.781616
27491,800.781616
27492,800.781616
27493,800.781616
27494,800.781616
27495,800.781616
27496,800.781616
27497,800.781616
27498,800.781616
27499,800.781616
27500,800.781616
27501,800.781616
27502,800.781616
27503,800.781616
27504,800.781616
27505,800.781616
27506,800.781616
27507,800.781616
27508,800.781616
27509,800.781616
27510,800.781616
27511,800.781616
27512,800.781616
27513,800.781616
27514,800.781616
27515,800.781616
27516,800.781616
27517,800.781616
27518,800.781616
27519,800.781616
27520,800.781616
27521,800.781616
27522,800.781616
27523,800.781616
27524,800.781616
27525,800.781616
27526,800.781616
27527,800.781616
27528,800.781616
27529,800.781616
27530,800.781616
27531,800.781616
27532,800.781616
27533,800.781616
27534,800.781616
27535,800.781616
27536,800.781616
27537,800.781616
27538,800.781616
27539,800.781616
27540,800.781616
27541,800.781616
27542,800.781616
27543,800.781616
27544,800.781616
27545,800.781616
27546,800.781616
27547,800.781616
27548,800.781616
27549,800.781616
27550,800.781616
27551,800.781616
27552,800.781616
27553,800.781616
27554,800.781616
27555,800.781616
27556,800.781616
27557,800.781616
27558,800.781616
27559,800.781616
27560,800.781616
27561,800.781616
27562,800.781616
27563,800.781616
27564,800.781616
27565,800.781616
27566,800.781616
27567,800.781616
27568,800.781616
27569,800.781616
27570,800.781616
27571,800.781616
27572,800.781616
27573,800.781616
27574,800.781616
27575,800.781616
27576,800.781616
27577,800.781616
27578,800.781616
27579,800.781616
27580,800.781616
27581,800.781616
27582,800.781616
27583,800.781616
27584,800.781616
27585,800.781616
27586,800.781616
27587,800.781616
27588,800.781616
27589,800.781616
27590,800.781616
27591,800.781616
27592,800.781616
27593,800.781616
27594,800.781616
27595,800.781616
27596,800.781616
27597,800.781616
27598,800.781616
27599,800.781616
27600,800.781616
27601,800.781616
27602,800.781616
27603,800.781616
27604,800.781616
27605,800.781616
27606,800.781616
27607,800.781616
27608,800.781616
27609,800.781616
27610,800.781616
27611,800.781616
27612,800.781616
27613,800.781616
27614,800.781616
27615,800.781616
27616,800.781616
27617,800.781616
27618,800.781616
27619,800.781616
27620,800.781616
27621,800.781616
27622,800.781616
27623,800.781616
27624,800.781616
27625,800.781616
27626,800.781616
27627,800.781616
27628,800.781616
27629,800.781616
27630,800.781616
27631,800.781616
27632,800.781616
27633,800.781616
27634,800.781616
27635,800.781616
27636,800.781616
27637,800.781616
27638,800.781616
27639,800.781616
27640,800.781616
27641,800.781616
27642,800.781616
27643,800.781616
27644,800.781616
27645,800.781616
27646,800.781616
27647,800.781616
27648,800.781616
27649,800.781616
27650,800.781616
27651,800.781616
27652,800.781616
27653,800.781616
27654,800.781616
27655,800.781616
27656,800.781616
27657,800.781616
27658,800.781616
27659,800.781616
27660,800.781616
27661,800.781616
27662,800.781616
27663,800.781616
27664,800.781616
27665,800.781616
27666,800.781616
27667,800.781616
27668,800.781616
27669,800.781616
27670,800.781616
27671,800.781616
27672,800.781616
27673,800.781616
27674,800.781616
27675,800.781616
27676,800.781616
27677,800.781616
27678,800.781616
27679,800.781616
27680,800.781616
27681,800.781616
27682,800.781616
27683,800.781616
27684,800.781616
27685,800.781616
27686,800.781616
27687,800.781616
27688,800.781616
27689,800.781616
27690,800.781616
27691,800.781616
27692,800.781616
27693,800.781616
27694,800.781616
27695,800.781616
27696,800.781616
27697,800.781616
27698,800.781616
27699,800.781616
27700,800.781616
27701,800.781616
27702,800.781616
27703,800.781616
27704,800.781616
27705,800.781616
27706,800.781616
27707,800.781616
27708,800.781616
27709,800.781616
27710,800.781616
27711,800.781616
27712,800.781616
27713,800.781616
27714,800.781616
27715,800.781616
27716,800.781616
27717,800.781616
27718,800.781616
27719,800.781616
27720,800.781616
27721,800.781616
27722,800.781616
27723,800.781616
27724,800.781616
27725,800.781616
27726,800.781616
27727,800.781616
27728,800.781616
27729,800.781616
27730,800.781616
27731,800.781616
27732,800.781616
27733,800.781616
27734,800.781616
27735,800.781616
27736,800.781616
27737,800.781616
27738,800.781616
27739,800.781616
27740,800.781616
27741,800.781616
27742,800.781616
27743,800.781616
27744,800.781616
27745,800.781616
27746,800.781616
27747,800.781616
27748,800.781616
27749,800.781616
27750,800.781616
27751,800.781616
27752,800.781616
27753,800.781616
27754,800.781616
27755,800.781616
27756,800.781616
27757,800.781616
27758,800.781616
27759,800.781616
27760,800.781616
27761,800.781616
27762,800.781616
27763,800.781616
27764,800.781616
27765,800.781616
27766,800.781616
27767,800.781616
27768,800.781616
27769,800.781616
27770,800.781616
27771,800.781616
27772,800.781616
27773,800.781616
27774,800.781616
27775,800.781616
27776,800.781616
27777,800.781616
27778,800.781616
27779,800.781616
27780,800.781616
27781,800.781616
27782,800.781616
27783,800.781616
27784,800.781616
27785,800.781616
27786,800.781616
27787,800.781616
27788,800.781616
27789,800.781616
27790,800.781616
27791,800.781616
27792,800.781616
27793,800.781616
27794,800.781616
27795,800.781616
27796,800.781616
27797,800.781616
27798,800.781616
27799,800.781616
27800,800.781616
27801,800.781616
27802,800.781616
27803,800.781616
27804,800.781616
27805,800.781616
27806,800.781616
27807,800.781616
27808,800.781616
27809,800.781616
27810,800.781616
27811,800.781616
27812,800.781616
27813,800.781616
27814,800.781616
27815,800.781616
27816,800.781616
27817,800.781616
27818,800.781616
27819,800.781616
27820,800.781616
27821,800.781616
27822,800.781616
27823,800.781616
27824,800.781616
27825,800.781616
27826,800.781616
27827,800.781616
27828,800.781616
27829,800.781616
27830,800.781616
27831,800.781616
27832,800.781616
27833,800.781616
27834,800.781616
27835,800.781616
27836,800.781616
27837,800.781616
27838,800.781616
27839,800.781616
27840,800.781616
27841,800.781616
27842,800.781616
27843,800.781616
27844,800.781616
27845,800.781616
27846,800.781616
27847,800.781616
27848,800.781616
27849,800.781616
27850,800.781616
27851,800.781616
27852,800.781616
27853,800.781616
27854,800.781616
27855,800.781616
27856,800.781616
27857,800.781616
27858,800.781616
27859,800.781616
27860,800.781616
27861,800.781616
27862,800.781616
27863,800.781616
27864,800.781616
27865,800.781616
27866,800.781616
27867,800.781616
27868,800.781616
27869,800.781616
27870,800.781616
27871,800.781616
27872,800.781616
27873,800.781616
27874,800.781616
27875,800.781616
27876,800.781616
27877,800.781616
27878,800.781616
27879,800.781616
27880,800.781616
27881,800.781616
27882,800.781616
27883,800.781616
27884,800.781616
27885,800.781616
27886,800.781616
27887,800.781616
27888,800.781616
27889,800.781616
27890,800.781616
27891,800.781616
27892,800.781616
27893,800.781616
27894,800.781616
27895,800.781616
27896,800.781616
27897,800.781616
27898,800.781616
27899,800.781616
27900,800.781616
27901,800.781616
27902,800.781616
27903,800.781616
27904,800.781616
27905,800.781616
27906,800.781616
27907,800.781616
27908,800.781616
27909,800.781616
27910,800.781616
27911,800.781616
27912,800.781616
27913,800.781616
27914,800.781616
27915,800.781616
27916,800.781616
27917,800.781616
27918,800.781616
27919,800.781616
27920,800.781616
27921,800.781616
27922,800.781616
27923,800.781616
27924,800.781616
27925,800.781616
27926,800.781616
27927,800.781616
27928,800.781616
27929,800.781616
27930,800.781616
27931,800.781616
27932,800.781616
27933,800.781616
27934,800.781616
27935,800.781616
27936,800.781616
27937,800.781616
27938,800.781616
27939,800.781616
27940,800.781616
27941,800.781616
27942,800.781616
27943,800.781616
27944,800.781616
27945,800.781616
27946,800.781616
27947,800.781616
27948,800.781616
27949,800.781616
27950,800.781616
27951,800.781616
27952,800.781616
27953,800.781616
27954,800.781616
27955,800.781616
27956,800.781616
27957,800.781616
27958,800.781616
27959,800.781616
27960,800.781616
27961,800.781616
27962,800.781616
27963,800.781616
27964,800.781616
27965,800.781616
27966,800.781616
27967,800.781616
27968,800.781616
27969,800.781616
27970,800.781616
27971,800.781616
27972,800.781616
27973,800.781616
27974,800.781616
27975,800.781616
27976,800.781616
27977,800.781616
27978,800.781616
27979,800.781616
27980,800.781616
27981,800.781616
27982,800.781616
27983,800.781616
27984,800.781616
27985,800.781616
27986,800.781616
27987,800.781616
27988,800.781616
27989,800.781616
27990,800.781616
27991,800.781616
27992,800.781616
27993,800.781616
27994,800.781616
27995,800.781616
27996,800.781616
27997,800.781616
27998,800.781616
27999,800.781616
28000,800.781616
28001,800.781616
28002,800.781616
28003,800.781616
28004,800.781616
28005,800.781616
28006,800.781616
28007,800.781616
28008,800.781616
28009,800.781616
28010,800.781616
28011,800.781616
28012,800.781616
28013,800.781616
28014,800.781616
28015,800.781616
28016,800.781616
28017,800.781616
28018,800.781616
28019,800.781616
28020,800.781616
28021,800.781616
28022,800.781616
28023,800.781616
28024,800.781616
28025,800.781616
28026,800.781616
28027,800.781616
28028,800.781616
28029,800.781616
28030,800.781616
28031,800.781616
28032,800.781616
28033,800.781616
28034,800.781616
28035,800.781616
28036,800.781616
28037,800.781616
28038,800.781616
28039,800.781616
28040,800.781616
28041,800.781616
28042,800.781616
28043,800.781616
28044,800.781616
28045,800.781616
28046,800.781616
28047,800.781616
28048,800.781616
28049,800.781616
28050,800.781616
28051,800.781616
28052,800.781616
28053,800.781616
28054,800.781616
28055,800.781616
28056,800.781616
28057,800.781616
28058,800.781616
28059,800.781616
28060,800.781616
28061,800.781616
28062,800.781616
28063,800.781616
28064,800.781616
28065,800.781616
28066,800.781616
28067,800.781616
28068,800.781616
28069,800.781616
28070,800.781616
28071,800.781616
28072,800.781616
28073,800.781616
28074,800.781616
28075,800.781616
28076,800.781616
28077,800.781616
28078,800.781616
28079,800.781616
28080,800.781616
28081,800.781616
28082,800.781616
28083,800.781616
28084,800.781616
28085,800.781616
28086,800.781616
28087,800.781616
28088,800.781616
28089,800.781616
28090,800.781616
28091,800.781616
28092,800.781616
28093,800.781616
28094,800.781616
28095,800.781616
28096,800.781616
28097,800.781616
28098,800.781616
28099,800.781616
28100,800.781616
28101,800.781616
28102,800.781616
28103,800.781616
28104,800.781616
28105,800.781616
28106,800.781616
28107,800.781616
28108,800.781616
28109,800.781616
28110,800.781616
28111,800.781616
28112,800.781616
28113,800.781616
28114,800.781616
28115,800.781616
28116,800.781616
28117,800.781616
28118,800.781616
28119,800.781616
28120,800.781616
28121,800.781616
28122,800.781616
28123,800.781616
28124,800.781616
28125,800.781616
28126,800.781616
28127,800.781616
28128,800.781616
28129,800.781616
28130,800.781616
28131,800.781616
28132,800.781616
28133,800.781616
28134,800.781616
28135,800.781616
28136,800.781616
28137,800.781616
28138,800.781616
28139,800.781616
28140,800.781616
28141,800.781616
28142,800.781616
28143,800.781616
28144,800.781616
28145,800.781616
28146,800.781616
28147,800.781616
28148,800.781616
28149,800.781616
28150,800.781616
28151,800.781616
28152,800.781616
28153,800.781616
28154,800.781616
28155,800.781616
28156,800.781616
28157,800.781616
28158,800.781616
28159,800.781616
28160,800.781616
28161,800.781616
28162,800.781616
28163,800.781616
28164,800.781616
28165,800.781616
28166,800.781616
28167,800.781616
28168,800.781616
28169,800.781616
28170,800.781616
28171,800.781616
28172,800.781616
28173,800.781616
28174,800.781616
28175,800.781616
28176,800.781616
28177,800.781616
28178,800.781616
28179,800.781616
28180,800.781616
28181,800.781616
28182,800.781616
28183,800.781616
28184,800.781616
28185,800.781616
28186,800.781616
28187,800.781616
28188,800.781616
28189,800.781616
28190,800.781616
28191,800.781616
28192,800.781616
28193,800.781616
28194,800.781616
28195,800.781616
28196,800.781616
28197,800.781616
28198,800.781616
28199,800.781616
28200,800.781616
28201,800.781616
28202,800.781616
28203,800.781616
28204,800.781616
28205,800.781616
28206,800.781616
28207,800.781616
28208,800.781616
28209,800.781616
28210,800.781616
28211,800.781616
28212,800.781616
28213,800.781616
28214,800.781616
28215,800.781616
28216,800.781616
28217,800.781616
28218,800.781616
28219,800.781616
28220,800.781616
28221,800.781616
28222,800.781616
28223,800.781616
28224,800.781616
28225,800.781616
28226,800.781616
28227,800.781616
28228,800.781616
28229,800.781616
28230,800.781616
28231,800.781616
28232,800.781616
28233,800.781616
28234,800.781616
28235,800.781616
28236,800.781616
28237,800.781616
28238,800.781616
28239,800.781616
28240,800.781616
28241,800.781616
28242,800.781616
28243,800.781616
28244,800.781616
28245,800.781616
28246,800.781616
28247,800.781616
28248,800.781616
28249,800.781616
28250,800.781616
28251,800.781616
28252,800.781616
28253,800.781616
28254,800.781616
28255,800.781616
28256,800.781616
28257,800.781616
28258,800.781616
28259,800.781616
28260,800.781616
28261,800.781616
28262,800.781616
28263,800.781616
28264,800.781616
28265,800.781616
28266,800.781616
28267,800.781616
28268,800.781616
28269,800.781616
28270,800.781616
28271,800.781616
28272,800.781616
28273,800.781616
28274,800.781616
28275,800.781616
28276,800.781616
28277,800.781616
28278,800.781616
28279,800.781616
28280,800.781616
28281,800.781616
28282,800.781616
28283,800.781616
28284,800.781616
28285,800.781616
28286,800.781616
28287,800.781616
28288,800.781616
28289,800.781616
28290,800.781616
28291,800.781616
28292,800.781616
28293,800.781616
28294,800.781616
28295,800.781616
28296,800.781616
28297,800.781616
28298,800.781616
28299,800.781616
28300,800.781616
28301,800.781616
28302,800.781616
28303,800.781616
28304,800.781616
28305,800.781616
28306,800.781616
28307,800.781616
28308,800.781616
28309,800.781616
28310,800.781616
28311,800.781616
28312,800.781616
28313,800.781616
28314,800.781616
28315,800.781616
28316,800.781616
28317,800.781616
28318,800.781616
28319,800.781616
28320,800.781616
28321,800.781616
28322,800.781616
28323,800.781616
28324,800.781616
28325,800.781616
28326,800.781616
28327,800.781616
28328,800.781616
28329,800.781616
28330,800.781616
28331,800.781616
28332,800.781616
28333,800.781616
28334,800.781616
28335,800.781616
28336,800.781616
28337,800.781616
28338,800.781616
28339,800.781616
28340,800.781616
28341,800.781616
28342,800.781616
28343,800.781616
28344,800.781616
28345,800.781616
28346,800.781616
28347,800.781616
28348,800.781616
28349,800.781616
28350,800.781616
28351,800.781616
28352,800.781616
28353,800.781616
28354,800.781616
28355,800.781616
28356,800.781616
28357,800.781616
28358,800.781616
28359,800.781616
28360,800.781616
28361,800.781616
28362,800.781616
28363,800.781616
28364,800.781616
28365,800.781616
28366,800.781616
28367,800.781616
28368,800.781616
28369,800.781616
28370,800.781616
28371,800.781616
28372,800.781616
28373,800.781616
28374,800.781616
28375,800.781616
28376,800.781616
28377,800.781616
28378,800.781616
28379,800.781616
28380,800.781616
28381,800.781616
28382,800.781616
28383,800.781616
28384,800.781616
28385,800.781616
28386,800.781616
28387,800.781616
28388,800.781616
28389,800.781616
28390,800.781616
28391,800.781616
28392,800.781616
28393,800.781616
28394,800.781616
28395,800.781616
28396,800.781616
28397,800.781616
28398,800.781616
28399,800.781616
28400,800.781616
28401,800.781616
28402,800.781616
28403,800.781616
28404,800.781616
28405,800.781616
28406,800.781616
28407,800.781616
28408,800.781616
28409,800.781616
28410,800.781616
28411,800.781616
28412,800.781616
28413,800.781616
28414,800.781616
28415,800.781616
28416,800.781616
28417,800.781616
28418,800.781616
28419,800.781616
28420,800.781616
28421,800.781616
28422,800.781616
28423,800.781616
28424,800.781616
28425,800.781616
28426,800.781616
28427,800.781616
28428,800.781616
28429,800.781616
28430,800.781616
28431,800.781616
28432,800.781616
28433,800.781616
28434,800.781616
28435,800.781616
28436,800.781616
28437,800.781616
28438,800.781616
28439,800.781616
28440,800.781616
28441,800.781616
28442,800.781616
28443,800.781616
28444,800.781616
28445,800.781616
28446,800.781616
28447,800.781616
28448,800.781616
28449,800.781616
28450,800.781616
28451,800.781616
28452,800.781616
28453,800.781616
28454,800.781616
28455,800.781616
28456,800.781616
28457,800.781616
28458,800.781616
28459,800.781616
28460,800.781616
28461,800.781616
28462,800.781616
28463,800.781616
28464,800.781616
28465,800.781616
28466,800.781616
28467,800.781616
28468,800.781616
28469,800.781616
28470,800.781616
28471,800.781616
28472,800.781616
28473,800.781616
28474,800.781616
28475,800.781616
28476,800.781616
28477,800.781616
28478,800.781616
28479,800.781616
28480,800.781616
28481,800.781616
28482,800.781616
28483,800.781616
28484,800.781616
28485,800.781616
28486,800.781616
28487,800.781616
28488,800.781616
28489,800.781616
28490,800.781616
28491,800.781616
28492,800.781616
28493,800.781616
28494,800.781616
28495,800.781616
28496,800.781616
28497,800.781616
28498,800.781616
28499,800.781616
28500,800.781616
28501,800.781616
28502,800.781616
28503,800.781616
28504,800.781616
28505,800.781616
28506,800.781616
28507,800.781616
28508,800.781616
28509,800.781616
28510,800.781616
28511,800.781616
28512,800.781616
28513,800.781616
28514,800.781616
28515,800.781616
28516,800.781616
28517,800.781616
28518,800.781616
28519,800.781616
28520,800.781616
28521,800.781616
28522,800.781616
28523,800.781616
28524,800.781616
28525,800.781616
28526,800.781616
28527,800.781616
28528,800.781616
28529,800.781616
28530,800.781616
28531,800.781616
28532,800.781616
28533,800.781616
28534,800.781616
28535,800.781616
28536,800.781616
28537,800.781616
28538,800.781616
28539,800.781616
28540,800.781616
28541,800.781616
28542,800.781616
28543,800.781616
28544,800.781616
28545,800.781616
28546,800.781616
28547,800.781616
28548,800.781616
28549,800.781616
28550,800.781616
28551,800.781616
28552,800.781616
28553,800.781616
28554,800.781616
28555,800.781616
28556,800.781616
28557,800.781616
28558,800.781616
28559,800.781616
28560,800.781616
28561,800.781616
28562,800.781616
28563,800.781616
28564,800.781616
28565,800.781616
28566,800.781616
28567,800.781616
28568,800.781616
28569,800.781616
28570,800.781616
28571,800.781616
28572,800.781616
28573,800.781616
28574,800.781616
28575,800.781616
28576,800.781616
28577,800.781616
28578,800.781616
28579,800.781616
28580,800.781616
28581,800.781616
28582,800.781616
28583,800.781616
28584,800.781616
28585,800.781616
28586,800.781616
28587,800.781616
28588,800.781616
28589,800.781616
28590,800.781616
28591,800.781616
28592,800.781616
28593,800.781616
28594,800.781616
28595,800.781616
28596,800.781616
28597,800.781616
28598,800.781616
28599,800.781616
28600,800.781616
28601,800.781616
28602,800.781616
28603,800.781616
28604,800.781616
28605,800.781616
28606,800.781616
28607,800.781616
28608,800.781616
28609,800.781616
28610,800.781616
28611,800.781616
28612,800.781616
28613,800.781616
28614,800.781616
28615,800.781616
28616,800.781616
28617,800.781616
28618,800.781616
28619,800.781616
28620,800.781616
28621,800.781616
28622,800.781616
28623,800.781616
28624,800.781616
28625,800.781616
28626,800.781616
28627,800.781616
28628,800.781616
28629,800.781616
28630,800.781616
28631,800.781616
28632,800.781616
28633,800.781616
28634,800.781616
28635,800.781616
28636,800.781616
28637,800.781616
28638,800.781616
28639,800.781616
28640,800.781616
28641,800.781616
28642,800.781616
28643,800.781616
28644,800.781616
28645,800.781616
28646,800.781616
28647,800.781616
28648,800.781616
28649,800.781616
28650,800.781616
28651,800.781616
28652,800.781616
28653,800.781616
28654,800.781616
28655,800.781616
28656,800.781616
28657,800.781616
28658,800.781616
28659,800.781616
28660,800.781616
28661,800.781616
28662,800.781616
28663,800.781616
28664,800.781616
28665,800.781616
28666,800.781616
28667,800.781616
28668,800.781616
28669,800.781616
28670,800.781616
28671,800.781616
28672,800.781616
28673,800.781616
28674,800.781616
28675,800.781616
28676,800.781616
28677,800.781616
28678,800.781616
28679,800.781616
28680,800.781616
28681,800.781616
28682,800.781616
28683,800.781616
28684,800.781616
28685,800.781616
28686,800.781616
28687,800.781616
28688,800.781616
28689,800.781616
28690,800.781616
28691,800.781616
28692,800.781616
28693,800.781616
28694,800.781616
28695,800.781616
28696,800.781616
28697,800.781616
28698,800.781616
28699,800.781616
28700,800.781616
28701,800.781616
28702,800.781616
28703,800.781616
28704,800.781616
28705,800.781616
28706,800.781616
28707,800.781616
28708,800.781616
28709,800.781616
28710,800.781616
28711,800.781616
28712,800.781616
28713,800.781616
28714,800.781616
28715,800.781616
28716,800.781616
28717,800.781616
28718,800.781616
28719,800.781616
28720,800.781616
28721,800.781616
28722,800.781616
28723,800.781616
28724,800.781616
28725,800.781616
28726,800.781616
28727,800.781616
28728,800.781616
28729,800.781616
28730,800.781616
28731,800.781616
28732,800.781616
28733,800.781616
28734,800.781616
28735,800.781616
28736,800.781616
28737,800.781616
28738,800.781616
28739,800.781616
28740,800.781616
28741,800.781616
28742,800.781616
28743,800.781616
28744,800.781616
28745,800.781616
28746,800.781616
28747,800.781616
28748,800.781616
28749,800.781616
28750,800.781616
28751,800.781616
28752,800.781616
28753,800.781616
28754,800.781616
28755,800.781616
28756,800.781616
28757,800.781616
28758,800.781616
28759,800.781616
28760,800.781616
28761,800.781616
28762,800.781616
28763,800.781616
28764,800.781616
28765,800.781616
28766,800.781616
28767,800.781616
28768,800.781616
28769,800.781616
28770,800.781616
28771,800.781616
28772,800.781616
28773,800.781616
28774,800.781616
28775,800.781616
28776,800.781616
28777,800.781616
28778,800.781616
28779,800.781616
28780,800.781616
28781,800.781616
28782,800.781616
28783,800.781616
28784,800.781616
28785,800.781616
28786,800.781616
28787,800.781616
28788,800.781616
28789,800.781616
28790,800.781616
28791,800.781616
28792,800.781616
28793,800.781616
28794,800.781616
28795,800.781616
28796,800.781616
28797,800.781616
28798,800.781616
28799,800.781616
28800,800.781616
28801,800.781616
28802,800.781616
28803,800.781616
28804,800.781616
28805,800.781616
28806,800.781616
28807,800.781616
28808,800.781616
28809,800.781616
28810,800.781616
28811,800.781616
28812,800.781616
28813,800.781616
28814,800.781616
28815,800.781616
28816,800.781616
28817,800.781616
28818,800.781616
28819,800.781616
28820,800.781616
28821,800.781616
28822,800.781616
28823,800.781616
28824,800.781616
28825,800.781616
28826,800.781616
28827,800.781616
28828,800.781616
28829,800.781616
28830,800.781616
28831,800.781616
28832,800.781616
28833,800.781616
28834,800.781616
28835,800.781616
28836,800.781616
28837,800.781616
28838,800.781616
28839,800.781616
28840,800.781616
28841,800.781616
28842,800.781616
28843,800.781616
28844,800.781616
28845,800.781616
28846,800.781616
28847,800.781616
28848,800.781616
28849,800.781616
28850,800.781616
28851,800.781616
28852,800.781616
28853,800.781616
28854,800.781616
28855,800.781616
28856,800.781616
28857,800.781616
28858,800.781616
28859,800.781616
28860,800.781616
28861,800.781616
28862,800.781616
28863,800.781616
28864,800.781616
28865,800.781616
28866,800.781616
28867,800.781616
28868,800.781616
28869,800.781616
28870,800.781616
28871,800.781616
28872,800.781616
28873,800.781616
28874,800.781616
28875,800.781616
28876,800.781616
28877,800.781616
28878,800.781616
28879,800.781616
28880,800.781616
28881,800.781616
28882,800.781616
28883,800.781616
28884,800.781616
28885,800.781616
28886,800.781616
28887,800.781616
28888,800.781616
28889,800.781616
28890,800.781616
28891,800.781616
28892,800.781616
28893,800.781616
28894,800.781616
28895,800.781616
28896,800.781616
28897,800.781616
28898,800.781616
28899,800.781616
28900,800.781616
28901,800.781616
28902,800.781616
28903,800.781616
28904,800.781616
28905,800.781616
28906,800.781616
28907,800.781616
28908,800.781616
28909,800.781616
28910,800.781616
28911,800.781616
28912,800.781616
28913,800.781616
28914,800.781616
28915,800.781616
28916,800.781616
28917,800.781616
28918,800.781616
28919,800.781616
28920,800.781616
28921,800.781616
28922,800.781616
28923,800.781616
28924,800.781616
28925,800.781616
28926,800.781616
28927,800.781616
28928,800.781616
28929,800.781616
28930,800.781616
28931,800.781616
28932,800.781616
28933,800.781616
28934,800.781616
28935,800.781616
28936,800.781616
28937,800.781616
28938,800.781616
28939,800.781616
28940,800.781616
28941,800.781616
28942,800.781616
28943,800.781616
28944,800.781616
28945,800.781616
28946,800.781616
28947,800.781616
28948,800.781616
28949,800.781616
28950,800.781616
28951,800.781616
28952,800.781616
28953,800.781616
28954,800.781616
28955,800.781616
28956,800.781616
28957,800.781616
28958,800.781616
28959,800.781616
28960,800.781616
28961,800.781616
28962,800.781616
28963,800.781616
28964,800.781616
28965,800.781616
28966,800.781616
28967,800.781616
28968,800.781616
28969,800.781616
28970,800.781616
28971,800.781616
28972,800.781616
28973,800.781616
28974,800.781616
28975,800.781616
28976,800.781616
28977,800.781616
28978,800.781616
28979,800.781616
28980,800.781616
28981,800.781616
28982,800.781616
28983,800.781616
28984,800.781616
28985,800.781616
28986,800.781616
28987,800.781616
28988,800.781616
28989,800.781616
28990,800.781616
28991,800.781616
28992,800.781616
28993,800.781616
28994,800.781616
28995,800.781616
28996,800.781616
28997,800.781616
28998,800.781616
28999,800.781616
29000,800.781616
29001,800.781616
29002,800.781616
29003,800.781616
29004,800.781616
29005,800.781616
29006,800.781616
29007,800.781616
29008,800.781616
29009,800.781616
29010,800.781616
29011,800.781616
29012,800.781616
29013,800.781616
29014,800.781616
29015,800.781616
29016,800.781616
29017,800.781616
29018,800.781616
29019,800.781616
29020,800.781616
29021,800.781616
29022,800.781616
29023,800.781616
29024,800.781616
29025,800.781616
29026,800.781616
29027,800.781616
29028,800.781616
29029,800.781616
29030,800.781616
29031,800.781616
29032,800.781616
29033,800.781616
29034,800.781616
29035,800.781616
29036,800.781616
29037,800.781616
29038,800.781616
29039,800.781616
29040,800.781616
29041,800.781616
29042,800.781616
29043,800.781616
29044,800.781616
29045,800.781616
29046,800.781616
29047,800.781616
29048,800.781616
29049,800.781616
29050,800.781616
29051,800.781616
29052,800.781616
29053,800.781616
29054,800.781616
29055,800.781616
29056,800.781616
29057,800.781616
29058,800.781616
29059,800.781616
29060,800.781616
29061,800.781616
29062,800.781616
29063,800.781616
29064,800.781616
29065,800.781616
29066,800.781616
29067,800.781616
29068,800.781616
29069,800.781616
29070,800.781616
29071,800.781616
29072,800.781616
29073,800.781616
29074,800.781616
29075,800.781616
29076,800.781616
29077,800.781616
29078,800.781616
29079,800.781616
29080,800.781616
29081,800.781616
29082,800.781616
29083,800.781616
29084,800.781616
29085,800.781616
29086,800.781616
29087,800.781616
29088,800.781616
29089,800.781616
29090,800.781616
29091,800.781616
29092,800.781616
29093,800.781616
29094,800.781616
29095,800.781616
29096,800.781616
29097,800.781616
29098,800.781616
29099,800.781616
29100,800.781616
29101,800.781616
29102,800.781616
29103,800.781616
29104,800.781616
29105,800.781616
29106,800.781616
29107,800.781616
29108,800.781616
29109,800.781616
29110,800.781616
29111,800.781616
29112,800.781616
29113,800.781616
29114,800.781616
29115,800.781616
29116,800.781616
29117,800.781616
29118,800.781616
29119,800.781616
29120,800.781616
29121,800.781616
29122,800.781616
29123,800.781616
29124,800.781616
29125,800.781616
29126,800.781616
29127,800.781616
29128,800.781616
29129,800.781616
29130,800.781616
29131,800.781616
29132,800.781616
29133,800.781616
29134,800.781616
29135,800.781616
29136,800.781616
29137,800.781616
29138,800.781616
29139,800.781616
29140,800.781616
29141,800.781616
29142,800.781616
29143,800.781616
29144,800.781616
29145,800.781616
29146,800.781616
29147,800.781616
29148,800.781616
29149,800.781616
29150,800.781616
29151,800.781616
29152,800.781616
29153,800.781616
29154,800.781616
29155,800.781616
29156,800.781616
29157,800.781616
29158,800.781616
29159,800.781616
29160,800.781616
29161,800.781616
29162,800.781616
29163,800.781616
29164,800.781616
29165,800.781616
29166,800.781616
29167,800.781616
29168,800.781616
29169,800.781616
29170,800.781616
29171,800.781616
29172,800.781616
29173,800.781616
29174,800.781616
29175,800.781616
29176,800.781616
29177,800.781616
29178,800.781616
29179,800.781616
29180,800.781616
29181,800.781616
29182,800.781616
29183,800.781616
29184,800.781616
29185,800.781616
29186,800.781616
29187,800.781616
29188,800.781616
29189,800.781616
29190,800.781616
29191,800.781616
29192,800.781616
29193,800.781616
29194,800.781616
29195,800.781616
29196,800.781616
29197,800.781616
29198,800.781616
29199,800.781616
29200,800.781616
29201,800.781616
29202,800.781616
29203,800.781616
29204,800.781616
29205,800.781616
29206,800.781616
29207,800.781616
29208,800.781616
29209,800.781616
29210,800.781616
29211,800.781616
29212,800.781616
29213,800.781616
29214,800.781616
29215,800.781616
29216,800.781616
29217,800.781616
29218,800.781616
29219,800.781616
29220,800.781616
29221,800.781616
29222,800.781616
29223,800.781616
29224,800.781616
29225,800.781616
29226,800.781616
29227,800.781616
29228,800.781616
29229,800.781616
29230,800.781616
29231,800.781616
29232,800.781616
29233,800.781616
29234,800.781616
29235,800.781616
29236,800.781616
29237,800.781616
29238,800.781616
29239,800.781616
29240,800.781616
29241,800.781616
29242,800.781616
29243,800.781616
29244,800.781616
29245,800.781616
29246,800.781616
29247,800.781616
29248,800.781616
29249,800.781616
29250,800.781616
29251,800.781616
29252,800.781616
29253,800.781616
29254,800.781616
29255,800.781616
29256,800.781616
29257,800.781616
29258,800.781616
29259,800.781616
29260,800.781616
29261,800.781616
29262,800.781616
29263,800.781616
29264,800.781616
29265,800.781616
29266,800.781616
29267,800.781616
29268,800.781616
29269,800.781616
29270,800.781616
29271,800.781616
29272,800.781616
29273,800.781616
29274,800.781616
29275,800.781616
29276,800.781616
29277,800.781616
29278,800.781616
29279,800.781616
29280,800.781616
29281,800.781616
29282,800.781616
29283,800.781616
29284,800.781616
29285,800.781616
29286,800.781616
29287,800.781616
29288,800.781616
29289,800.781616
29290,800.781616
29291,800.781616
29292,800.781616
29293,800.781616
29294,800.781616
29295,800.781616
29296,800.781616
29297,800.781616
29298,800.781616
29299,800.781616
29300,800.781616
29301,800.781616
29302,800.781616
29303,800.781616
29304,800.781616
29305,800.781616
29306,800.781616
29307,800.781616
29308,800.781616
29309,800.781616
29310,800.781616
29311,800.781616
29312,800.781616
29313,800.781616
29314,800.781616
29315,800.781616
29316,800.781616
29317,800.781616
29318,800.781616
29319,800.781616
29320,800.781616
29321,800.781616
29322,800.781616
29323,800.781616
29324,800.781616
29325,800.781616
29326,800.781616
29327,800.781616
29328,800.781616
29329,800.781616
29330,800.781616
29331,800.781616
29332,800.781616
29333,800.781616
29334,800.781616
29335,800.781616
29336,800.781616
29337,800.781616
29338,800.781616
29339,800.781616
29340,800.781616
29341,800.781616
29342,800.781616
29343,800.781616
29344,800.781616
29345,800.781616
29346,800.781616
29347,800.781616
29348,800.781616
29349,800.781616
29350,800.781616
29351,800.781616
29352,800.781616
29353,800.781616
29354,800.781616
29355,800.781616
29356,800.781616
29357,800.781616
29358,800.781616
29359,800.781616
29360,800.781616
29361,800.781616
29362,800.781616
29363,800.781616
29364,800.781616
29365,800.781616
29366,800.781616
29367,800.781616
29368,800.781616
29369,800.781616
29370,800.781616
29371,800.781616
29372,800.781616
29373,800.781616
29374,800.781616
29375,800.781616
29376,800.781616
29377,800.781616
29378,800.781616
29379,800.781616
29380,800.781616
29381,800.781616
29382,800.781616
29383,800.781616
29384,800.781616
29385,800.781616
29386,800.781616
29387,800.781616
29388,800.781616
29389,800.781616
29390,800.781616
29391,800.781616
29392,800.781616
29393,800.781616
29394,800.781616
29395,800.781616
29396,800.781616
29397,800.781616
29398,800.781616
29399,800.781616
29400,800.781616
29401,800.781616
29402,800.781616
29403,800.781616
29404,800.781616
29405,800.781616
29406,800.781616
29407,800.781616
29408,800.781616
29409,800.781616
29410,800.781616
29411,800.781616
29412,800.781616
29413,800.781616
29414,800.781616
29415,800.781616
29416,800.781616
29417,800.781616
29418,800.781616
29419,800.781616
29420,800.781616
29421,800.781616
29422,800.781616
29423,800.781616
29424,800.781616
29425,800.781616
29426,800.781616
29427,800.781616
29428,800.781616
29429,800.781616
29430,800.781616
29431,800.781616
29432,800.781616
29433,800.781616
29434,800.781616
29435,800.781616
29436,800.781616
29437,800.781616
29438,800.781616
29439,800.781616
29440,800.781616
29441,800.781616
29442,800.781616
29443,800.781616
29444,800.781616
29445,800.781616
29446,800.781616
29447,800.781616
29448,800.781616
29449,800.781616
29450,800.781616
29451,800.781616
29452,800.781616
29453,800.781616
29454,800.781616
29455,800.781616
29456,800.781616
29457,800.781616
29458,800.781616
29459,800.781616
29460,800.781616
29461,800.781616
29462,800.781616
29463,800.781616
29464,800.781616
29465,800.781616
29466,800.781616
29467,800.781616
29468,800.781616
29469,800.781616
29470,800.781616
29471,800.781616
29472,800.781616
29473,800.781616
29474,800.781616
29475,800.781616
29476,800.781616
29477,800.781616
29478,800.781616
29479,800.781616
29480,800.781616
29481,800.781616
29482,800.781616
29483,800.781616
29484,800.781616
29485,800.781616
29486,800.781616
29487,800.781616
29488,800.781616
29489,800.781616
29490,800.781616
29491,800.781616
29492,800.781616
29493,800.781616
29494,800.781616
29495,800.781616
29496,800.781616
29497,800.781616
29498,800.781616
29499,800.781616
29500,800.781616
29501,800.781616
29502,800.781616
29503,800.781616
29504,800.781616
29505,800.781616
29506,800.781616
29507,800.781616
29508,800.781616
29509,800.781616
29510,800.781616
29511,800.781616
29512,800.781616
29513,800.781616
29514,800.781616
29515,800.781616
29516,800.781616
29517,800.781616
29518,800.781616
29519,800.781616
29520,800.781616
29521,800.781616
29522,800.781616
29523,800.781616
29524,800.781616
29525,800.781616
29526,800.781616
29527,800.781616
29528,800.781616
29529,800.781616
29530,800.781616
29531,800.781616
29532,800.781616
29533,800.781616
29534,800.781616
29535,800.781616
29536,800.781616
29537,800.781616
29538,800.781616
29539,800.781616
29540,800.781616
29541,800.781616
29542,800.781616
29543,800.781616
29544,800.781616
29545,800.781616
29546,800.781616
29547,800.781616
29548,800.781616
29549,800.781616
29550,800.781616
29551,800.781616
29552,800.781616
29553,800.781616
29554,800.781616
29555,800.781616
29556,800.781616
29557,800.781616
29558,800.781616
29559,800.781616
29560,800.781616
29561,800.781616
29562,800.781616
29563,800.781616
29564,800.781616
29565,800.781616
29566,800.781616
29567,800.781616
29568,800.781616
29569,800.781616
29570,800.781616
29571,800.781616
29572,800.781616
29573,800.781616
29574,800.781616
29575,800.781616
29576,800.781616
29577,800.781616
29578,800.781616
29579,800.781616
29580,800.781616
29581,800.781616
29582,800.781616
29583,800.781616
29584,800.781616
29585,800.781616
29586,800.781616
29587,800.781616
29588,800.781616
29589,800.781616
29590,800.781616
29591,800.781616
29592,800.781616
29593,800.781616
29594,800.781616
29595,800.781616
29596,800.781616
29597,800.781616
29598,800.781616
29599,800.781616
29600,800.781616
29601,800.781616
29602,800.781616
29603,800.781616
29604,800.781616
29605,800.781616
29606,800.781616
29607,800.781616
29608,800.781616
29609,800.781616
29610,800.781616
29611,800.781616
29612,800.781616
29613,800.781616
29614,800.781616
29615,800.781616
29616,800.781616
29617,800.781616
29618,800.781616
29619,800.781616
29620,800.781616
29621,800.781616
29622,800.781616
29623,800.781616
29624,800.781616
29625,800.781616
29626,800.781616
29627,800.781616
29628,800.781616
29629,800.781616
29630,800.781616
29631,800.781616
29632,800.781616
29633,800.781616
29634,800.781616
29635,800.781616
29636,800.781616
29637,800.781616
29638,800.781616
29639,800.781616
29640,800.781616
29641,800.781616
29642,800.781616
29643,800.781616
29644,800.781616
29645,800.781616
29646,800.781616
29647,800.781616
29648,800.781616
29649,800.781616
29650,800.781616
29651,800.781616
29652,800.781616
29653,800.781616
29654,800.781616
29655,800.781616
29656,800.781616
29657,800.781616
29658,800.781616
29659,800.781616
29660,800.781616
29661,800.781616
29662,800.781616
29663,800.781616
29664,800.781616
29665,800.781616
29666,800.781616
29667,800.781616
29668,800.781616
29669,800.781616
29670,800.781616
29671,800.781616
29672,800.781616
29673,800.781616
29674,800.781616
29675,800.781616
29676,800.781616
29677,800.781616
29678,800.781616
29679,800.781616
29680,800.781616
29681,800.781616
29682,800.781616
29683,800.781616
29684,800.781616
29685,800.781616
29686,800.781616
29687,800.781616
29688,800.781616
29689,800.781616
29690,800.781616
29691,800.781616
29692,800.781616
29693,800.781616
29694,800.781616
29695,800.781616
29696,800.781616
29697,800.781616
29698,800.781616
29699,800.781616
29700,800.781616
29701,800.781616
29702,800.781616
29703,800.781616
29704,800.781616
29705,800.781616
29706,800.781616
29707,800.781616
29708,800.781616
29709,800.781616
29710,800.781616
29711,800.781616
29712,800.781616
29713,800.781616
29714,800.781616
29715,800.781616
29716,800.781616
29717,800.781616
29718,800.781616
29719,800.781616
29720,800.781616
29721,800.781616
29722,800.781616
29723,800.781616
29724,800.781616
29725,800.781616
29726,800.781616
29727,800.781616
29728,800.781616
29729,800.781616
29730,800.781616
29731,800.781616
29732,800.781616
29733,800.781616
29734,800.781616
29735,800.781616
29736,800.781616
29737,800.781616
29738,800.781616
29739,800.781616
29740,800.781616
29741,800.781616
29742,800.781616
29743,800.781616
29744,800.781616
29745,800.781616
29746,800.781616
29747,800.781616
29748,800.781616
29749,800.781616
29750,800.781616
29751,800.781616
29752,800.781616
29753,800.781616
29754,800.781616
29755,800.781616
29756,800.781616
29757,800.781616
29758,800.781616
29759,800.781616
29760,800.781616
29761,800.781616
29762,800.781616
29763,800.781616
29764,800.781616
29765,800.781616
29766,800.781616
29767,800.781616
29768,800.781616
29769,800.781616
29770,800.781616
29771,800.781616
29772,800.781616
29773,800.781616
29774,800.781616
29775,800.781616
29776,800.781616
29777,800.781616
29778,800.781616
29779,800.781616
29780,800.781616
29781,800.781616
29782,800.781616
29783,800.781616
29784,800.781616
29785,800.781616
29786,800.781616
29787,800.781616
29788,800.781616
29789,800.781616
29790,800.781616
29791,800.781616
29792,800.781616
29793,800.781616
29794,800.781616
29795,800.781616
29796,800.781616
29797,800.781616
29798,800.781616
29799,800.781616
29800,800.781616
29801,800.781616
29802,800.781616
29803,800.781616
29804,800.781616
29805,800.781616
29806,800.781616
29807,800.781616
29808,800.781616
29809,800.781616
29810,800.781616
29811,800.781616
29812,800.781616
29813,800.781616
29814,800.781616
29815,800.781616
29816,800.781616
29817,800.781616
29818,800.781616
29819,800.781616
29820,800.781616
29821,800.781616
29822,800.781616
29823,800.781616
29824,800.781616
29825,800.781616
29826,800.781616
29827,800.781616
29828,800.781616
29829,800.781616
29830,800.781616
29831,800.781616
29832,800.781616
29833,800.781616
29834,800.781616
29835,800.781616
29836,800.781616
29837,800.781616
29838,800.781616
29839,800.781616
29840,800.781616
29841,800.781616
29842,800.781616
29843,800.781616
29844,800.781616
29845,800.781616
29846,800.781616
29847,800.781616
29848,800.781616
29849,800.781616
29850,800.781616
29851,800.781616
29852,800.781616
29853,800.781616
29854,800.781616
29855,800.781616
29856,800.781616
29857,800.781616
29858,800.781616
29859,800.781616
29860,800.781616
29861,800.781616
29862,800.781616
29863,800.781616
29864,800.781616
29865,800.781616
29866,800.781616
29867,800.781616
29868,800.781616
29869,800.781616
29870,800.781616
29871,800.781616
29872,800.781616
29873,800.781616
29874,800.781616
29875,800.781616
29876,800.781616
29877,800.781616
29878,800.781616
29879,800.781616
29880,800.781616
29881,800.781616
29882,800.781616
29883,800.781616
29884,800.781616
29885,800.781616
29886,800.781616
29887,800.781616
29888,800.781616
29889,800.781616
29890,800.781616
29891,800.781616
29892,800.781616
29893,800.781616
29894,800.781616
29895,800.781616
29896,800.781616
29897,800.781616
29898,800.781616
29899,800.781616
29900,800.781616
29901,800.781616
29902,800.781616
29903,800.781616
29904,800.781616
29905,800.781616
29906,800.781616
29907,800.781616
29908,800.781616
29909,800.781616
29910,800.781616
29911,800.781616
29912,800.781616
29913,800.781616
29914,800.781616
29915,800.781616
29916,800.781616
29917,800.781616
29918,800.781616
29919,800.781616
29920,800.781616
29921,800.781616
29922,800.781616
29923,800.781616
29924,800.781616
29925,800.781616
29926,800.781616
29927,800.781616
29928,800.781616
29929,800.781616
29930,800.781616
29931,800.781616
29932,800.781616
29933,800.781616
29934,800.781616
29935,800.781616
29936,800.781616
29937,800.781616
29938,800.781616
29939,800.781616
29940,800.781616
29941,800.781616
29942,800.781616
29943,800.781616
29944,800.781616
29945,800.781616
29946,800.781616
29947,800.781616
29948,800.781616
29949,800.781616
29950,800.781616
29951,800.781616
29952,800.781616
29953,800.781616
29954,800.781616
29955,800.781616
29956,800.781616
29957,800.781616
29958,800.781616
29959,800.781616
29960,800.781616
29961,800.781616
29962,800.781616
29963,800.781616
29964,800.781616
29965,800.781616
29966,800.781616
29967,800.781616
29968,800.781616
29969,800.781616
29970,800.781616
29971,800.781616
29972,800.781616
29973,800.781616
29974,800.781616
29975,800.781616
29976,800.781616
29977,800.781616
29978,800.781616
29979,800.781616
29980,800.781616
29981,800.781616
29982,800.781616
29983,800.781616
29984,800.781616
29985,800.781616
29986,800.781616
29987,800.781616
29988,800.781616
29989,800.781616
29990,800.781616
29991,800.781616
29992,800.781616
29993,800.781616
29994,800.781616
29995,800.781616
29996,800.781616
29997,800.781616
29998,800.781616
29999,800.781616
