Index,Voltage_mV
0,-0.089407
1,-0.062585
2,-0.023842
3,-0.022947
4,-0.032478
5,0.038453
6,0.054836
7,0.033673
8,0.030111
9,0.066455
10,-0.006562
11,-0.030100
12,-0.037257
13,-0.044538
14,0.040537
15,0.004155
16,-0.036950
17,-0.040991
18,0.013738
19,0.070920
20,0.016083
21,0.052326
22,0.048534
23,-0.024019
24,-0.020274
25,-0.020258
26,-0.031621
27,-0.026926
28,0.053352
29,0.069146
30,0.086055
31,-0.030164
32,-0.021509
33,-0.102300
34,-0.107809
35,-0.030838
36,-0.025018
37,0.017482
38,0.087355
39,0.057430
40,0.015897
41,0.112190
42,0.038760
43,0.070614
44,-0.073997
45,-0.060522
46,-0.063262
47,-0.107891
48,-0.134105
49,-0.085428
50,-0.022285
51,0.059413
52,0.084546
53,0.045492
54,-0.006650
55,-0.042851
56,0.053656
57,0.072493
58,0.092000
59,-0.007441
60,-0.028652
61,-0.114832
62,-0.076461
63,0.037834
64,0.075051
65,0.029321
66,0.028561
67,-0.009447
68,-0.007362
69,0.000220
70,0.017117
71,0.070019
72,0.041351
73,-0.005847
74,-0.050379
75,0.003327
76,-0.032576
77,-0.010767
78,-0.007453
79,-0.014678
80,-0.085227
81,-0.062026
82,0.002199
83,0.068312
84,0.053545
85,0.049496
86,0.068549
87,-0.074172
88,-0.121569
89,-0.145805
90,-0.010771
91,0.064859
92,0.090102
93,0.110347
94,0.035071
95,-0.050467
96,-0.118300
97,0.054628
98,0.047652
99,0.016536
100,-0.064036
101,-0.001592
102,0.015292
103,-0.053469
104,-0.033512
105,-0.043327
106,0.028194
107,0.026389
108,0.053842
109,0.015288
110,0.021204
111,0.041894
112,0.065477
113,0.006424
114,-0.027345
115,0.008211
116,-0.074837
117,-0.037933
118,-0.073075
119,0.054421
120,0.057948
121,0.026014
122,0.007381
123,-0.003109
124,-0.062651
125,-0.013482
126,0.070553
127,0.012822
128,0.011319
129,0.004057
130,0.034174
131,0.015050
132,-0.050342
133,-0.038381
134,-0.044832
135,0.013558
136,-0.022934
137,0.009096
138,-0.004209
139,-0.036046
140,-0.078113
141,-0.069389
142,-0.069044
143,0.008249
144,0.063595
145,0.058421
146,0.101937
147,0.015116
148,0.050300
149,-0.036883
150,-0.076535
151,-0.012935
152,-0.029949
153,-0.011930
154,-0.050299
155,0.087933
156,0.052602
157,0.003868
158,0.010238
159,-0.001916
160,0.041544
161,0.036142
162,0.041756
163,-0.044037
164,-0.088305
165,-0.065902
166,0.048621
167,0.118251
168,0.070942
169,0.052630
170,-0.024251
171,-0.037607
172,-0.069709
173,-0.041402
174,-0.072220
175,-0.055020
176,-0.004507
177,-0.022091
178,-0.022360
179,-0.052516
180,-0.059267
181,0.024545
182,0.072238
183,0.078396
184,0.061726
185,0.035515
186,-0.048592
187,-0.024439
188,-0.033961
189,0.010364
190,0.063988
191,-0.021598
192,0.020604
193,-0.005041
194,-0.014626
195,-0.020727
196,0.009899
197,0.006533
198,-0.017533
199,-0.014442
200,-0.081179
201,-0.059567
202,0.044375
203,0.079567
204,0.009859
205,-0.013411
206,-0.037213
207,-0.054183
208,0.065323
209,0.069231
210,0.082217
211,0.090883
212,0.110241
213,-0.000356
214,-0.069191
215,-0.013309
216,-0.090729
217,-0.110224
218,-0.056771
219,-0.091017
220,-0.039237
221,0.034232
222,0.055366
223,0.015411
224,0.042014
225,0.040447
226,0.005531
227,0.081137
228,-0.014076
229,-0.019656
230,-0.036476
231,-0.038130
232,0.049126
233,-0.017757
234,-0.006835
235,-0.036767
236,-0.037092
237,-0.023446
238,0.092117
239,0.167809
240,-0.070343
241,-0.005526
242,-0.030025
243,-0.104171
244,-0.024434
245,-0.017298
246,0.083550
247,-0.005635
248,0.018934
249,0.009327
250,-0.008676
251,-0.058733
252,-0.039352
253,0.020588
254,0.041456
255,0.041111
256,0.054099
257,0.050733
258,0.015044
259,-0.091360
260,-0.080736
261,0.002109
262,-0.129783
263,0.030174
264,0.066174
265,-0.050540
266,0.076190
267,0.046588
268,0.029627
269,0.118967
270,-0.022903
271,-0.111702
272,-0.092031
273,-0.012231
274,-0.015048
275,0.002665
276,0.075001
277,0.007700
278,0.009111
279,0.016257
280,-0.036498
281,-0.025795
282,-0.074787
283,0.012386
284,-0.014462
285,-0.053313
286,0.045359
287,0.022725
288,0.066460
289,0.090501
290,0.009416
291,0.020320
292,0.049985
293,-0.068311
294,-0.073791
295,-0.041463
296,0.004616
297,-0.000198
298,0.040246
299,0.003275
300,-0.029919
301,0.048659
302,-0.002213
303,0.041804
304,0.033219
305,-0.047025
306,-0.045868
307,-0.081679
308,-0.049903
309,-0.036897
310,0.001539
311,0.044186
312,-0.024511
313,-0.021950
314,0.117807
315,0.045191
316,-0.064977
317,-0.032259
318,0.068787
319,0.051262
320,0.094624
321,0.085470
322,-0.072540
323,-0.041463
324,-0.079681
325,-0.112430
326,-0.065810
327,-0.021654
328,0.035240
329,0.015416
330,0.013822
331,0.046113
332,0.076795
333,0.092159
334,0.043123
335,0.006181
336,-0.080298
337,-0.069028
338,-0.048814
339,-0.091940
340,-0.045738
341,-0.032635
342,-0.010695
343,0.093075
344,0.056039
345,0.045094
346,0.040487
347,0.095913
348,0.035934
349,0.025852
350,0.052886
351,0.030304
352,-0.086295
353,-0.022408
354,-0.079570
355,-0.086073
356,-0.047130
357,-0.076544
358,-0.083723
359,-0.011702
360,0.135705
361,0.075027
362,0.005870
363,-0.023947
364,-0.068648
365,-0.014768
366,0.076218
367,0.065104
368,0.040286
369,-0.035120
370,0.000695
371,0.030321
372,0.003802
373,0.012374
374,-0.058552
375,-0.105675
376,-0.052358
377,0.023602
378,0.085089
379,0.059715
380,0.004683
381,-0.015947
382,-0.043268
383,-0.051744
384,0.030988
385,0.013170
386,-0.033126
387,0.001561
388,-0.004614
389,-0.074452
390,0.008543
391,0.071657
392,0.031187
393,0.004252
394,-0.053945
395,-0.101273
396,-0.014588
397,0.080431
398,0.080638
399,0.081456
400,0.038451
401,-0.037815
402,-0.082809
403,-0.032002
404,0.035215
405,-0.017861
406,0.054078
407,0.075491
408,-0.052130
409,-0.056907
410,-0.053554
411,-0.061630
412,0.016369
413,0.076513
414,-0.019181
415,-0.051609
416,0.040188
417,0.099819
418,0.001979
419,0.015768
420,0.038325
421,-0.078785
422,-0.111717
423,-0.071848
424,-0.007656
425,0.033908
426,-0.005675
427,-0.031328
428,-0.022388
429,0.012679
430,0.072208
431,0.021320
432,-0.030215
433,0.063372
434,0.085960
435,0.064295
436,0.009018
437,-0.028340
438,-0.066799
439,-0.069474
440,-0.096288
441,-0.081457
442,0.007638
443,0.062485
444,0.038730
445,0.012640
446,0.062069
447,0.035630
448,-0.001443
449,-0.003533
450,-0.013833
451,0.001836
452,0.016427
453,0.011751
454,0.060214
455,0.032646
456,0.014560
457,-0.052681
458,-0.041917
459,0.006051
460,0.028774
461,-0.008308
462,0.008338
463,0.009344
464,-0.051494
465,-0.114902
466,-0.052589
467,-0.020937
468,-0.009927
469,0.018384
470,-0.011603
471,0.074468
472,-0.008388
473,-0.085623
474,0.032137
475,-0.009253
476,0.002881
477,0.014873
478,0.020827
479,0.018093
480,-0.013034
481,-0.085676
482,0.015013
483,0.058012
484,0.003461
485,-0.011027
486,-0.016785
487,0.025534
488,0.074550
489,0.128562
490,0.074015
491,0.008345
492,-0.010485
493,-0.044241
494,-0.106093
495,-0.091387
496,-0.027374
497,-0.046319
498,-0.032992
499,-0.019700
500,0.017628
501,0.011757
502,0.026778
503,0.039614
504,0.005162
505,0.022463
506,0.068836
507,0.027522
508,-0.068692
509,-0.023740
510,0.000908
511,0.029755
512,0.038085
513,0.032943
514,-0.033035
515,-0.025271
516,0.002551
517,-0.027649
518,-0.010134
519,0.008676
520,-0.024105
521,-0.065484
522,-0.064544
523,-0.020344
524,-0.037917
525,0.067899
526,0.074781
527,-0.053238
528,-0.078253
529,-0.047463
530,-0.025568
531,0.062524
532,0.028612
533,0.037260
534,-0.010854
535,-0.099471
536,0.060811
537,0.078308
538,0.018321
539,0.067418
540,-0.000475
541,0.028381
542,0.049561
543,0.038923
544,0.005147
545,0.019486
546,0.018672
547,-0.031482
548,-0.082936
549,-0.120686
550,456.439575
551,728.974426
552,8.829866
553,1163.824341
554,1482.944580
555,46.480247
556,9.194958
557,-46.862171
558,-77.509445
559,-9.319839
560,2.927563
561,2.646107
562,1.978986
563,6.825589
564,0.825335
565,9.099029
566,-1.879570
567,-21.460926
568,-31.060604
569,-17.268059
570,19.227875
571,24.113245
572,25.571487
573,19.855463
574,6.946437
575,2.269556
576,-2.374873
577,2.251240
578,-0.884946
579,-23.022802
580,-19.266029
581,13.946844
582,60.212078
583,40.859612
584,-19.911419
585,-68.271957
586,-80.392059
587,-56.194454
588,17.509253
589,47.746685
590,38.133011
591,43.120152
592,41.632442
593,13.927173
594,-11.547877
595,-18.137320
596,-41.064632
597,-38.024292
598,-18.419312
599,19.224628
600,35.134106
601,4.317876
602,24.409225
603,33.673809
604,-0.052681
605,0.003450
606,-0.018432
607,-0.004993
608,0.022054
609,0.024456
610,0.035194
611,0.017565
612,-0.011656
613,-0.065316
614,-0.051270
615,-0.044234
616,0.007080
617,0.028798
618,0.053902
619,0.024818
620,-0.025949
621,-0.023904
622,-0.042782
623,0.063447
624,0.113883
625,0.082459
626,0.068795
627,-0.010844
628,-0.032580
629,-0.063500
630,-0.083801
631,-0.073265
632,-0.033884
633,-0.003727
634,0.015409
635,-0.043805
636,0.006582
637,0.040703
638,0.016956
639,0.030323
640,-0.036840
641,-0.008400
642,0.022032
643,0.040753
644,0.072485
645,0.098622
646,0.051798
647,0.032511
648,-0.029241
649,-0.091125
650,-0.093505
651,-0.019874
652,-0.035977
653,-0.046621
654,-0.009453
655,0.000120
656,-0.056307
657,-0.078143
658,0.046706
659,0.085947
660,0.069976
661,-0.013858
662,-0.064008
663,-0.027679
664,-0.001779
665,0.026087
666,-0.027070
667,-0.021338
668,-0.056853
669,-0.007464
670,0.116923
671,0.038415
672,0.036176
673,0.079754
674,0.063442
675,0.027689
676,-0.062086
677,-0.089564
678,-0.079143
679,-0.095026
680,-0.015220
681,0.063465
682,0.072731
683,0.051269
684,-0.026094
685,-0.063071
686,-0.033569
687,0.032958
688,0.057919
689,0.079644
690,-0.021181
691,-0.088394
692,-0.018957
693,0.015179
694,-0.001306
695,0.025834
696,0.046243
697,0.005296
698,-0.018827
699,0.020989
700,0.058742
701,0.050952
702,-0.034305
703,-0.144561
704,452.971283
705,717.093140
706,8.760283
707,1180.523560
708,1470.945679
709,34.308605
710,22.371290
711,3.086098
712,-17.371830
713,12.029358
714,8.855415
715,-16.989656
716,-20.762993
717,-13.907387
718,-10.746435
719,23.045288
720,29.440613
721,22.628689
722,26.492180
723,14.040560
724,-27.622547
725,-49.736027
726,-31.285366
727,-17.500813
728,11.237902
729,33.431023
730,29.882168
731,13.256895
732,-7.875330
733,-8.458154
734,-17.266548
735,-0.956239
736,23.070309
737,-8.147845
738,-29.808432
739,-31.363104
740,5.207086
741,46.187740
742,42.186668
743,-5.069465
744,-21.227385
745,-27.085852
746,-26.094044
747,-8.388783
748,-0.463905
749,7.504785
750,54.086704
751,50.272854
752,-10.429150
753,-25.114910
754,-23.115856
755,-30.310631
756,-23.306915
757,-5.233398
758,-0.148532
759,-0.013447
760,0.060423
761,0.022107
762,0.030702
763,0.032171
764,-0.073577
765,-0.107064
766,-0.031573
767,0.014946
768,0.097807
769,0.118499
770,-0.018237
771,0.007382
772,0.039956
773,-0.005715
774,-0.024361
775,-0.039667
776,-0.020026
777,0.072151
778,0.052624
779,0.033628
780,0.003436
781,-0.023975
782,-0.008944
783,-0.061015
784,-0.016988
785,0.025577
786,-0.032794
787,-0.040159
788,-0.012078
789,-0.011796
790,0.036445
791,0.005011
792,0.008675
793,-0.008780
794,0.000291
795,0.009669
796,-0.022201
797,0.028370
798,-0.029003
799,-0.008900
800,0.023687
801,-0.026501
802,-0.036360
803,-0.071258
804,-0.051884
805,0.062802
806,0.161622
807,0.127279
808,0.055610
809,-0.016147
810,-0.092882
811,-0.075021
812,0.005824
813,-0.013954
814,-0.030029
815,0.023191
816,-0.111126
817,-0.119124
818,-0.032485
819,-0.045675
820,-0.026172
821,0.076115
822,0.117189
823,0.110248
824,0.051149
825,0.072537
826,0.037265
827,-0.000683
828,-0.053778
829,-0.081087
830,-0.074754
831,-0.067627
832,0.003016
833,0.005588
834,0.075364
835,0.098856
836,0.044467
837,0.024960
838,0.041327
839,0.006141
840,-0.019569
841,-0.092251
842,-0.089561
843,-0.065748
844,-0.047450
845,-0.004109
846,0.000432
847,-0.017740
848,-0.028340
849,0.005780
850,0.019808
851,0.058825
852,0.099052
853,0.090550
854,0.028512
855,-0.011878
856,-0.008659
857,-0.034494
858,-0.056076
859,-0.147891
860,-0.144362
861,-0.108924
862,0.019544
863,0.151798
864,0.173771
865,0.166575
866,0.053366
867,-0.055115
868,-0.080013
869,-0.080226
870,-0.099487
871,-0.039287
872,-0.043019
873,-0.051454
874,0.011033
875,0.053028
876,0.035132
877,0.075327
878,0.069996
879,0.057707
880,-0.018396
881,-0.037708
882,-0.014840
883,0.018263
884,0.044369
885,0.012687
886,-0.051962
887,-0.039983
888,-0.025127
889,-0.011911
890,0.017173
891,0.020767
892,0.048769
893,0.016921
894,-0.025861
895,0.001770
896,-0.016351
897,-0.020568
898,0.027575
899,0.031893
900,-0.008988
901,-0.033297
902,-0.045768
903,-0.072499
904,-0.066693
905,-0.020077
906,-0.024737
907,0.015876
908,-0.007150
909,-0.041046
910,0.075416
911,0.137902
912,0.057976
913,0.044352
914,0.032354
915,-0.042570
916,-0.044676
917,-0.070093
918,-0.043525
919,-0.065707
920,-0.100390
921,-0.113610
922,0.006192
923,0.054424
924,0.088252
925,0.134176
926,0.119990
927,0.123646
928,0.046663
929,-0.062245
930,-0.075379
931,-0.033614
932,-0.051370
933,-0.031539
934,-0.068206
935,-0.063025
936,-0.020003
937,0.071339
938,0.058361
939,0.030645
940,0.056968
941,0.048129
942,0.036799
943,-0.011409
944,-0.041034
945,-0.031266
946,-0.069935
947,-0.035631
948,-0.033317
949,-0.021995
950,0.006514
951,0.022813
952,0.067879
953,0.020286
954,0.005096
955,0.033846
956,-0.001790
957,-0.015616
958,-0.013236
959,-0.001102
960,-0.044527
961,-0.094046
962,-0.073450
963,-0.035087
964,-0.055170
965,-0.012858
966,0.087550
967,0.095233
968,0.067195
969,0.069189
970,-0.003761
971,-0.048320
972,-0.047725
973,0.024126
974,0.038788
975,0.022315
976,0.013840
977,-0.006709
978,-0.033889
979,-0.057740
980,0.026892
981,0.058050
982,0.064232
983,0.000375
984,-0.054191
985,-0.059361
986,-0.073939
987,-0.004573
988,0.038633
989,0.065840
990,0.051779
991,-0.023861
992,-0.054561
993,-0.091623
994,-0.073202
995,0.003658
996,0.076079
997,0.113487
998,0.063885
999,-0.027476
1000,-0.014916
1001,-0.038864
1002,-0.069721
1003,-0.021066
1004,0.026588
1005,0.030290
1006,-0.047005
1007,-0.067065
1008,446.124786
1009,693.639221
1010,8.622927
1011,1213.488159
1012,1446.383911
1013,4.501954
1014,26.302486
1015,31.732693
1016,17.524958
1017,-16.328541
1018,-33.156212
1019,-41.339233
1020,-21.456255
1021,7.598470
1022,23.266901
1023,32.573719
1024,39.683220
1025,4.117343
1026,-27.076941
1027,-23.627502
1028,-10.279662
1029,-6.334308
1030,-23.038448
1031,-23.205637
1032,27.667423
1033,48.018223
1034,15.883954
1035,-17.413969
1036,-22.388449
1037,-9.843185
1038,19.741634
1039,36.903454
1040,3.820791
1041,-22.924835
1042,-27.696674
1043,-24.227551
1044,1.494262
1045,4.118475
1046,-3.777663
1047,24.484915
1048,32.084774
1049,20.495321
1050,15.902489
1051,-15.177743
1052,-28.731186
1053,-18.055868
1054,-32.943916
1055,-39.590038
1056,1.448270
1057,21.794659
1058,25.373205
1059,20.155907
1060,3.855124
1061,-8.657333
1062,-0.033919
1063,0.002269
1064,0.029482
1065,0.062777
1066,0.078888
1067,0.061212
1068,-0.002189
1069,0.020335
1070,-0.041078
1071,-0.045949
1072,-0.008047
1073,-0.039420
1074,-0.064059
1075,-0.063720
1076,-0.015282
1077,-0.011669
1078,0.019218
1079,0.061382
1080,0.091041
1081,0.099661
1082,-0.002949
1083,0.004882
1084,0.015506
1085,0.031701
1086,0.018663
1087,-0.020991
1088,-0.113795
1089,-0.159796
1090,-0.134610
1091,-0.018821
1092,0.072806
1093,0.104393
1094,0.060945
1095,0.036903
1096,-0.027075
1097,-0.074006
1098,-0.036566
1099,-0.009440
1100,0.004664
1101,0.034889
1102,0.051255
1103,0.059873
1104,0.007244
1105,-0.018545
1106,0.000946
1107,-0.001461
1108,0.042537
1109,-0.044270
1110,-0.051196
1111,-0.017219
1112,443.782562
1113,685.615540
1114,8.575935
1115,1224.765625
1116,1438.060303
1117,0.281847
1118,21.788328
1119,27.211056
1120,22.897343
1121,21.011299
1122,10.119164
1123,5.798340
1124,-6.364786
1125,-46.313141
1126,-73.649734
1127,-64.444931
1128,-38.199036
1129,-1.153634
1130,45.578617
1131,81.867516
1132,77.647110
1133,33.711948
1134,-34.848167
1135,-68.807961
1136,-36.553986
1137,-12.443770
1138,-9.447081
1139,1.941028
1140,10.794977
1141,11.961281
1142,26.146933
1143,31.301250
1144,25.750023
1145,6.965879
1146,-3.474845
1147,-3.921195
1148,3.071282
1149,-18.140469
1150,-45.602554
1151,-65.805481
1152,-38.891602
1153,19.693115
1154,61.826050
1155,62.427113
1156,38.835403
1157,-2.971678
1158,-32.074318
1159,-28.824604
1160,-1.161785
1161,10.071089
1162,-1.852334
1163,-11.179935
1164,-0.412143
1165,16.505045
1166,-0.023784
1167,-0.036465
1168,0.033573
1169,0.102536
1170,0.054616
1171,0.021758
1172,-0.017263
1173,-0.028181
1174,-0.010100
1175,0.025814
1176,-0.016968
1177,-0.124267
1178,-0.070875
1179,-0.037019
1180,-0.046771
1181,-0.019897
1182,0.011683
1183,0.090333
1184,0.090352
1185,0.056667
1186,0.042850
1187,0.027463
1188,-0.011452
1189,0.032153
1190,0.019489
1191,0.007923
1192,-0.008009
1193,-0.081005
1194,-0.095701
1195,-0.060806
1196,-0.075072
1197,0.002044
1198,0.083069
1199,0.086916
1200,0.077420
1201,0.071703
1202,-0.039616
1203,-0.078908
1204,-0.148749
1205,-0.153142
1206,-0.085327
1207,-0.035156
1208,0.073206
1209,0.142881
1210,0.120181
1211,0.063890
1212,0.020925
1213,-0.037945
1214,-0.049020
1215,0.015475
1216,0.056123
1217,0.036532
1218,0.033057
1219,0.000560
1220,-0.001595
1221,0.010817
1222,-0.008763
1223,-0.003739
1224,0.026397
1225,-0.047037
1226,-0.066749
1227,-0.024643
1228,0.023021
1229,0.011236
1230,0.022667
1231,0.036641
1232,-0.020565
1233,-0.072375
1234,-0.066471
1235,-0.034098
1236,-0.060961
1237,0.002189
1238,0.036355
1239,-0.032127
1240,-0.010191
1241,0.061127
1242,0.108347
1243,0.069543
1244,0.050752
1245,0.084022
1246,0.010405
1247,-0.083856
1248,-0.112578
1249,-0.134501
1250,-0.123307
1251,-0.045782
1252,-0.010374
1253,0.041953
1254,0.111163
1255,0.099890
1256,0.064158
1257,-0.025331
1258,-0.064480
1259,-0.013738
1260,-0.009119
1261,-0.040939
1262,-0.021539
1263,-0.035905
1264,-0.035578
1265,-0.009475
1266,-0.075838
1267,-0.068282
1268,-0.004311
1269,-0.007678
1270,-0.020592
1271,-0.003153
1272,-0.026641
1273,0.015449
1274,0.028538
1275,0.043589
1276,0.025352
1277,-0.008944
1278,0.011655
1279,0.018332
1280,-0.024340
1281,-0.061141
1282,-0.011287
1283,-0.012638
1284,0.010433
1285,0.039299
1286,-0.028519
1287,-0.019472
1288,-0.020996
1289,-0.010566
1290,0.008191
1291,0.013118
1292,0.055703
1293,0.101352
1294,0.054007
1295,0.023592
1296,-0.070874
1297,-0.137466
1298,-0.107088
1299,-0.072797
1300,-0.063839
1301,0.010716
1302,0.010558
1303,0.070514
1304,0.076223
1305,0.059060
1306,0.036040
1307,0.001320
1308,-0.003251
1309,0.005418
1310,0.016078
1311,0.024849
1312,-0.024941
1313,-0.036976
1314,-0.033320
1315,-0.032120
1316,0.003428
1317,0.050664
1318,0.047814
1319,0.033454
1320,-0.005829
1321,0.002126
1322,-0.024911
1323,-0.018307
1324,-0.037760
1325,-0.031979
1326,0.031507
1327,0.045389
1328,0.017393
1329,-0.044612
1330,-0.018342
1331,0.009240
1332,-0.044007
1333,-0.069072
1334,-0.053783
1335,0.014974
1336,0.107109
1337,0.068797
1338,0.002817
1339,-0.033792
1340,-0.060170
1341,0.018281
1342,-0.018345
1343,-0.013429
1344,-0.044873
1345,-0.052625
1346,-0.012729
1347,-0.006279
1348,-0.005103
1349,0.017469
1350,0.037366
1351,0.008143
1352,0.007600
1353,0.039059
1354,0.091159
1355,0.064177
1356,0.061958
1357,0.014239
1358,0.009781
1359,-0.081314
1360,-0.053112
1361,0.023253
1362,-0.015077
1363,-0.026883
1364,-0.060959
1365,-0.013626
1366,0.025428
1367,0.013900
1368,0.027594
1369,0.002280
1370,-0.033917
1371,-0.004816
1372,-0.014068
1373,-0.008338
1374,-0.001176
1375,-0.043331
1376,-0.018762
1377,0.074704
1378,0.083057
1379,0.049287
1380,0.011736
1381,-0.041058
1382,-0.134894
1383,-0.140613
1384,-0.094417
1385,-0.032942
1386,0.096043
1387,0.071923
1388,0.044484
1389,0.074415
1390,0.090218
1391,0.071908
1392,-0.023336
1393,-0.100464
1394,-0.106000
1395,-0.101976
1396,-0.021109
1397,0.031738
1398,0.002605
1399,0.009822
1400,0.010589
1401,-0.017239
1402,0.127298
1403,0.049439
1404,0.007535
1405,0.062223
1406,-0.003518
1407,-0.049064
1408,-0.036639
1409,-0.108569
1410,-0.020728
1411,0.023418
1412,-0.015259
1413,-0.015766
1414,-0.005578
1415,0.055629
1416,0.041792
1417,-0.012966
1418,-0.043433
1419,0.022591
1420,0.047387
1421,0.068625
1422,0.074641
1423,0.039342
1424,-0.004652
1425,-0.081782
1426,-0.113143
1427,-0.084853
1428,-0.056625
1429,0.002512
1430,0.057136
1431,0.087068
1432,0.080311
1433,-0.003753
1434,-0.081579
1435,-0.070412
1436,-0.008626
1437,-0.020009
1438,0.006214
1439,0.015461
1440,0.073767
1441,0.043317
1442,-0.043453
1443,-0.032211
1444,-0.021981
1445,-0.060581
1446,-0.029687
1447,-0.018766
1448,-0.044747
1449,-0.005302
1450,0.123011
1451,0.173238
1452,0.123270
1453,0.012881
1454,-0.045630
1455,-0.037849
1456,-0.055617
1457,-0.058768
1458,-0.057736
1459,-0.035216
1460,0.018156
1461,0.056882
1462,0.032064
1463,0.000458
1464,-0.035298
1465,-0.024650
1466,0.014812
1467,-0.013538
1468,-0.044665
1469,-0.015314
1470,-0.001564
1471,-0.020695
1472,0.013491
1473,0.038949
1474,0.063018
1475,0.033853
1476,0.009031
1477,-0.022917
1478,-0.114561
1479,-0.065708
1480,-0.003334
1481,0.006159
1482,0.042541
1483,0.068280
1484,0.022287
1485,0.070183
1486,0.061903
1487,-0.036120
1488,-0.103552
1489,-0.072084
1490,-0.056592
1491,0.016560
1492,0.065512
1493,0.065096
1494,0.021843
1495,-0.010725
1496,-0.018193
1497,-0.011646
1498,-0.007116
1499,0.027612
1500,-0.050850
1501,-0.068983
1502,0.051919
1503,0.088863
1504,0.043199
1505,0.006077
1506,0.048002
1507,0.035958
1508,-0.088164
1509,-0.048252
1510,0.002114
1511,0.018132
1512,-0.000137
1513,-0.034316
1514,-0.053337
1515,-0.051188
1516,-0.074677
1517,-0.054168
1518,-0.001793
1519,0.053603
1520,0.050051
1521,-0.053365
1522,-0.057664
1523,-0.026159
1524,-0.040381
1525,-0.018968
1526,-0.021389
1527,-0.011930
1528,0.029724
1529,0.061876
1530,0.083153
1531,0.041758
1532,0.011714
1533,0.002101
1534,-0.035722
1535,-0.007619
1536,-0.064580
1537,-0.023499
1538,-0.028450
1539,0.007554
1540,0.053119
1541,0.084259
1542,0.089608
1543,0.040356
1544,0.009691
1545,-0.053931
1546,-0.102870
1547,-0.085575
1548,-0.073408
1549,-0.067899
1550,0.006736
1551,0.079485
1552,0.062577
1553,0.034831
1554,0.032264
1555,0.020319
1556,0.030563
1557,-0.002563
1558,0.024732
1559,0.045598
1560,0.003278
1561,0.006855
1562,-0.099115
1563,-0.132550
1564,-0.091943
1565,-0.015557
1566,0.025459
1567,0.025034
1568,0.026992
1569,-0.030276
1570,-0.062320
1571,-0.016922
1572,0.039476
1573,0.055789
1574,0.058248
1575,0.034494
1576,-0.024564
1577,-0.006981
1578,-0.007930
1579,0.060781
1580,0.029917
1581,-0.032750
1582,0.052444
1583,0.001530
1584,-0.017884
1585,-0.033533
1586,-0.013900
1587,0.088841
1588,0.090480
1589,0.041818
1590,-0.023535
1591,-0.083145
1592,-0.063574
1593,-0.046522
1594,-0.020974
1595,-0.057415
1596,-0.021424
1597,-0.008355
1598,-0.019323
1599,0.003098
1600,0.033724
1601,0.047796
1602,0.022661
1603,0.022884
1604,0.042834
1605,0.027367
1606,0.005225
1607,-0.001956
1608,-0.090306
1609,-0.012920
1610,0.010787
1611,-0.017429
1612,-0.002245
1613,-0.040897
1614,0.005130
1615,0.025793
1616,432.431763
1617,646.731384
1618,8.348212
1619,1279.417480
1620,1401.141235
1621,-10.604676
1622,-49.863865
1623,-61.649403
1624,-21.982574
1625,26.491213
1626,50.618229
1627,23.770487
1628,-20.613901
1629,-17.666464
1630,-5.723504
1631,26.917093
1632,24.144882
1633,4.507050
1634,-15.870226
1635,-46.938515
1636,-43.849323
1637,-19.611620
1638,2.530907
1639,22.520350
1640,41.744087
1641,37.908905
1642,36.540928
1643,41.119957
1644,19.296988
1645,-12.313207
1646,-48.864799
1647,-87.220886
1648,-59.192245
1649,4.136656
1650,37.155914
1651,28.593838
1652,15.545730
1653,7.710674
1654,7.326529
1655,16.619656
1656,24.933542
1657,9.538330
1658,-22.112518
1659,-51.355301
1660,-57.157742
1661,-31.789570
1662,23.953768
1663,49.455776
1664,58.701912
1665,49.076618
1666,39.228195
1667,-0.503031
1668,-63.307289
1669,-106.113213
1670,-0.000643
1671,-0.005541
1672,-0.050439
1673,-0.006175
1674,0.026940
1675,-0.020296
1676,-0.030052
1677,-0.022796
1678,0.002682
1679,0.011027
1680,0.005921
1681,0.007387
1682,0.048168
1683,0.029076
1684,0.035389
1685,0.044191
1686,0.021889
1687,-0.005356
1688,-0.037520
1689,-0.055583
1690,-0.039763
1691,-0.071159
1692,-0.008460
1693,0.035955
1694,0.075759
1695,0.068879
1696,0.039116
1697,0.017022
1698,-0.035504
1699,-0.084319
1700,-0.052415
1701,-0.056535
1702,-0.021058
1703,0.004457
1704,-0.005697
1705,0.059719
1706,0.074277
1707,0.069934
1708,0.063123
1709,0.023215
1710,-0.014893
1711,-0.061266
1712,-0.099890
1713,-0.061420
1714,-0.039935
1715,0.019092
1716,0.021518
1717,0.020837
1718,0.043888
1719,0.039844
1720,-0.003800
1721,-0.019363
1722,0.022419
1723,0.013977
1724,0.030768
1725,0.044775
1726,-0.035748
1727,-0.129385
1728,-0.088664
1729,-0.044515
1730,-0.022155
1731,0.039230
1732,0.020575
1733,0.036101
1734,-0.014076
1735,-0.040145
1736,-0.005796
1737,0.036714
1738,0.047022
1739,0.115562
1740,0.121916
1741,0.024044
1742,-0.031476
1743,-0.058145
1744,-0.084162
1745,-0.102165
1746,-0.062138
1747,0.016008
1748,-0.025387
1749,-0.020184
1750,-0.032268
1751,-0.006786
1752,0.053002
1753,0.047063
1754,0.076174
1755,0.054966
1756,0.002345
1757,-0.078368
1758,-0.119924
1759,-0.002437
1760,0.058246
1761,0.060391
1762,0.083712
1763,0.048491
1764,0.036113
1765,0.055643
1766,-0.019233
1767,-0.030064
1768,-0.032725
1769,-0.060500
1770,-0.043488
1771,-0.073669
1772,-0.067802
1773,-0.002458
1774,0.045686
1775,0.060508
1776,0.024796
1777,0.020488
1778,-0.004801
1779,-0.009584
1780,-0.028073
1781,-0.019563
1782,-0.042311
1783,-0.032729
1784,-0.000908
1785,0.060094
1786,0.080360
1787,0.035463
1788,-0.043506
1789,-0.041099
1790,-0.062412
1791,-0.017381
1792,0.029389
1793,0.023506
1794,0.029157
1795,0.003492
1796,-0.004010
1797,0.034892
1798,0.002267
1799,-0.046196
1800,-0.071311
1801,-0.044628
1802,0.021310
1803,0.020168
1804,0.005922
1805,0.043714
1806,0.057626
1807,0.067551
1808,0.031405
1809,0.031755
1810,-0.050365
1811,-0.156432
1812,-0.120679
1813,-0.029992
1814,0.031565
1815,0.022025
1816,0.072853
1817,0.060635
1818,0.006746
1819,-0.014508
1820,-0.047333
1821,-0.073041
1822,-0.061471
1823,-0.025775
1824,-0.060042
1825,-0.078145
1826,-0.077675
1827,-0.022652
1828,0.042347
1829,0.052098
1830,0.106731
1831,0.093172
1832,0.055585
1833,0.006278
1834,-0.023385
1835,-0.037800
1836,-0.037195
1837,-0.002706
1838,-0.020591
1839,0.000975
1840,0.014439
1841,0.003800
1842,-0.087619
1843,-0.097174
1844,-0.029754
1845,0.014192
1846,0.071383
1847,0.063088
1848,0.001010
1849,-0.027285
1850,-0.022750
1851,0.011611
1852,0.081499
1853,0.114617
1854,0.058966
1855,-0.029399
1856,-0.087232
1857,-0.137614
1858,-0.117020
1859,0.051586
1860,0.066321
1861,0.050086
1862,0.117045
1863,0.042595
1864,0.029434
1865,-0.010265
1866,-0.050664
1867,-0.042264
1868,-0.066860
1869,-0.044867
1870,-0.033336
1871,0.008014
1872,0.014994
1873,0.004993
1874,-0.040243
1875,0.009677
1876,0.075892
1877,0.015150
1878,-0.009013
1879,0.007816
1880,0.009038
1881,-0.000499
1882,0.005291
1883,0.006017
1884,0.010632
1885,0.058017
1886,0.024861
1887,-0.008294
1888,0.010182
1889,-0.066632
1890,-0.065610
1891,-0.049834
1892,-0.031433
1893,0.007208
1894,-0.032048
1895,-0.041811
1896,0.014253
1897,0.076066
1898,0.097634
1899,0.121190
1900,-0.000763
1901,-0.129702
1902,-0.056006
1903,0.017689
1904,0.035465
1905,0.001057
1906,0.007295
1907,-0.002074
1908,-0.022576
1909,0.011974
1910,-0.002682
1911,0.004759
1912,0.028698
1913,0.016716
1914,-0.013033
1915,-0.047303
1916,-0.038165
1917,-0.009649
1918,0.007230
1919,0.025675
1920,0.008535
1921,0.018991
1922,0.056309
1923,0.039769
1924,-0.000643
1925,-0.040050
1926,-0.060571
1927,-0.068568
1928,-0.129827
1929,-0.048993
1930,0.002160
1931,0.055591
1932,0.091878
1933,0.123319
1934,0.085535
1935,0.027456
1936,0.001201
1937,-0.053678
1938,-0.087770
1939,-0.018697
1940,0.000107
1941,-0.002522
1942,0.010503
1943,-0.055695
1944,-0.055491
1945,-0.017964
1946,0.047869
1947,0.116303
1948,0.083338
1949,0.035610
1950,-0.047194
1951,-0.106743
1952,-0.087263
1953,-0.099215
1954,0.012750
1955,0.078582
1956,0.042633
1957,0.047502
1958,0.005633
1959,-0.040076
1960,-0.016532
1961,0.046597
1962,0.055348
1963,-0.002451
1964,-0.002829
1965,-0.045279
1966,-0.023516
1967,-0.017745
1968,-0.009253
1969,0.006249
1970,-0.007421
1971,-0.012219
1972,-0.060889
1973,-0.017998
1974,0.059830
1975,0.064117
1976,0.068680
1977,-0.028699
1978,-0.025244
1979,-0.032365
1980,-0.004795
1981,0.054475
1982,0.032017
1983,0.031590
1984,0.042477
1985,0.013245
1986,0.000839
1987,-0.090351
1988,-0.106109
1989,-0.034640
1990,0.041425
1991,0.039874
1992,0.040332
1993,0.009236
1994,0.005543
1995,-0.005546
1996,0.027388
1997,0.036596
1998,0.038268
1999,-0.012158
2000,-0.079453
2001,-0.108481
2002,-0.120460
2003,-0.063354
2004,0.025876
2005,0.081184
2006,0.085087
2007,0.079217
2008,0.077630
2009,0.008216
2010,-0.015169
2011,-0.024264
2012,0.002150
2013,-0.004956
2014,-0.042947
2015,-0.071838
2016,-0.096457
2017,-0.030248
2018,0.001003
2019,0.096303
2020,0.014829
2021,0.030704
2022,0.013575
2023,-0.042953
2024,-0.058474
2025,0.016719
2026,0.042471
2027,0.075096
2028,0.028217
2029,0.035545
2030,-0.004303
2031,-0.062955
2032,-0.053413
2033,-0.057821
2034,-0.079981
2035,-0.093674
2036,-0.018300
2037,0.028572
2038,0.030763
2039,0.032068
2040,0.011063
2041,0.052626
2042,0.125371
2043,0.108198
2044,-0.013046
2045,-0.072294
2046,-0.064800
2047,-0.060037
2048,-0.051168
2049,-0.027978
2050,-0.021205
2051,-0.037585
2052,-0.035250
2053,-0.000286
2054,0.034266
2055,0.079001
2056,0.127206
2057,0.159053
2058,0.046915
2059,-0.037674
2060,-0.063392
2061,-0.057241
2062,-0.017989
2063,0.005417
2064,-0.020410
2065,-0.029381
2066,-0.055018
2067,-0.110006
2068,-0.075896
2069,0.035902
2070,0.081712
2071,0.091779
2072,0.038351
2073,-0.004676
2074,-0.079228
2075,-0.111354
2076,-0.039641
2077,0.024219
2078,0.048532
2079,0.101732
2080,0.023918
2081,-0.039071
2082,-0.074250
2083,-0.115465
2084,-0.072790
2085,0.009364
2086,0.063594
2087,0.120666
2088,0.113468
2089,0.076761
2090,0.043568
2091,-0.000527
2092,0.013662
2093,-0.053457
2094,-0.088533
2095,-0.074938
2096,-0.120223
2097,-0.091752
2098,0.005381
2099,0.124593
2100,0.159797
2101,0.057515
2102,-0.010365
2103,-0.025613
2104,0.015873
2105,0.011317
2106,-0.021380
2107,-0.065591
2108,-0.058143
2109,-0.011085
2110,0.003228
2111,0.004477
2112,-0.008471
2113,-0.009100
2114,-0.027418
2115,0.002900
2116,0.055939
2117,-0.008447
2118,-0.004733
2119,0.001990
2120,-0.045137
2121,-0.038274
2122,0.039028
2123,0.016897
2124,0.020833
2125,0.021938
2126,0.044055
2127,0.068843
2128,-0.003989
2129,-0.094575
2130,-0.113873
2131,-0.043756
2132,-0.005735
2133,0.043592
2134,0.075396
2135,0.083225
2136,0.034906
2137,-0.040697
2138,-0.012212
2139,0.002548
2140,-0.044626
2141,-0.027792
2142,-0.036464
2143,-0.033783
2144,0.026034
2145,0.005108
2146,0.032776
2147,0.067362
2148,0.007808
2149,0.025666
2150,-0.005665
2151,-0.070382
2152,-0.054227
2153,-0.031518
2154,0.029816
2155,0.060471
2156,0.029467
2157,0.004143
2158,-0.007204
2159,0.038247
2160,-0.005499
2161,-0.025880
2162,-0.013435
2163,-0.050008
2164,-0.107615
2165,-0.067243
2166,-0.015455
2167,0.021473
2168,0.036897
2169,0.056897
2170,0.069403
2171,0.060250
2172,0.022349
2173,-0.042488
2174,-0.031895
2175,-0.047023
2176,-0.003230
2177,0.020638
2178,-0.040434
2179,-0.012836
2180,0.038206
2181,0.037797
2182,0.023766
2183,-0.013445
2184,-0.016357
2185,0.021266
2186,0.053374
2187,0.034371
2188,-0.005513
2189,0.032606
2190,0.012817
2191,-0.028208
2192,-0.084925
2193,-0.099097
2194,-0.048458
2195,-0.031089
2196,-0.023072
2197,0.036937
2198,0.058901
2199,0.064487
2200,0.055408
2201,-0.007233
2202,-0.021474
2203,0.036015
2204,0.023394
2205,-0.036608
2206,-0.096816
2207,-0.083838
2208,-0.025388
2209,0.034181
2210,0.047881
2211,0.037472
2212,0.004612
2213,-0.008516
2214,0.026621
2215,0.021194
2216,-0.036252
2217,-0.051380
2218,-0.003045
2219,-0.038296
2220,-0.015633
2221,0.057964
2222,0.096626
2223,0.023774
2224,-0.063843
2225,-0.011340
2226,0.029305
2227,0.016468
2228,-0.011434
2229,-0.028029
2230,0.013833
2231,-0.026494
2232,0.036303
2233,0.049590
2234,0.001658
2235,0.052578
2236,0.076373
2237,-0.006049
2238,-0.116196
2239,-0.088855
2240,-0.052462
2241,0.036669
2242,0.051002
2243,-0.005065
2244,-0.030096
2245,-0.066842
2246,-0.066209
2247,-0.025084
2248,0.068480
2249,0.128417
2250,0.106994
2251,-0.008079
2252,-0.079987
2253,-0.086576
2254,-0.045987
2255,-0.030879
2256,0.005598
2257,0.036714
2258,0.001807
2259,-0.036638
2260,-0.016442
2261,0.033218
2262,0.081265
2263,0.074714
2264,0.066858
2265,0.045366
2266,-0.050831
2267,-0.116968
2268,-0.057810
2269,-0.040446
2270,0.079533
2271,0.093352
2272,-0.020028
2273,-0.017360
2274,-0.052841
2275,-0.108417
2276,-0.007231
2277,0.091301
2278,0.070776
2279,-0.024577
2280,-0.080646
2281,-0.098504
2282,-0.012594
2283,0.076174
2284,0.106982
2285,0.072731
2286,-0.024958
2287,-0.047746
2288,0.006695
2289,0.014284
2290,-0.025589
2291,-0.065220
2292,-0.134238
2293,-0.048787
2294,0.031264
2295,0.023214
2296,0.091318
2297,0.103169
2298,0.074489
2299,0.028603
2300,-0.082836
2301,-0.119418
2302,-0.078082
2303,-0.067497
2304,0.027470
2305,0.067971
2306,0.068202
2307,0.038124
2308,-0.005823
2309,-0.016345
2310,-0.000341
2311,0.041220
2312,0.034361
2313,-0.019908
2314,-0.059294
2315,0.002607
2316,0.073740
2317,0.107432
2318,0.103234
2319,0.022632
2320,-0.044071
2321,-0.120105
2322,-0.095833
2323,-0.090677
2324,-0.115523
2325,-0.080193
2326,0.016767
2327,0.076442
2328,0.035575
2329,0.002641
2330,-0.011287
2331,-0.010411
2332,0.053399
2333,0.076905
2334,0.102406
2335,0.068012
2336,-0.023918
2337,-0.071841
2338,-0.070643
2339,-0.073364
2340,-0.055066
2341,0.031331
2342,0.059032
2343,0.051815
2344,-0.008287
2345,-0.012735
2346,0.002419
2347,-0.020057
2348,-0.029719
2349,0.024594
2350,-0.029434
2351,-0.031135
2352,-0.013147
2353,-0.038603
2354,0.052138
2355,0.045121
2356,0.000421
2357,0.007424
2358,-0.029296
2359,-0.025466
2360,0.025476
2361,0.031551
2362,-0.038673
2363,-0.019220
2364,-0.010911
2365,0.001589
2366,0.049644
2367,-0.030930
2368,0.023712
2369,0.098442
2370,0.078147
2371,0.010139
2372,-0.062396
2373,-0.137641
2374,-0.084412
2375,0.049459
2376,0.088256
2377,0.060419
2378,-0.035317
2379,-0.024282
2380,-0.051189
2381,-0.069638
2382,-0.042261
2383,0.012320
2384,0.032605
2385,0.001500
2386,-0.008981
2387,0.002751
2388,-0.005476
2389,0.037174
2390,0.007910
2391,-0.044107
2392,-0.012773
2393,-0.028316
2394,-0.035293
2395,0.047501
2396,0.080145
2397,0.080727
2398,0.056045
2399,-0.021553
2400,-0.004506
2401,-0.008941
2402,0.006592
2403,-0.004567
2404,-0.042713
2405,-0.043500
2406,-0.056405
2407,-0.070907
2408,-0.063565
2409,-0.043385
2410,0.045623
2411,0.098829
2412,0.087415
2413,0.063849
2414,0.026626
2415,-0.033831
2416,-0.006325
2417,-0.050689
2418,-0.047745
2419,0.007200
2420,0.009111
2421,0.024444
2422,0.042762
2423,-0.007733
2424,-0.051251
2425,0.009818
2426,0.041921
2427,-0.006400
2428,-0.114479
2429,-0.085649
2430,-0.033582
2431,-0.006356
2432,0.089004
2433,0.070985
2434,0.055984
2435,0.039789
2436,-0.022300
2437,0.003098
2438,-0.003357
2439,-0.036748
2440,-0.003177
2441,-0.046203
2442,-0.021168
2443,0.071843
2444,0.047598
2445,0.040544
2446,0.059963
2447,0.003846
2448,0.016502
2449,-0.062500
2450,-0.095592
2451,-0.056912
2452,-0.055452
2453,-0.052227
2454,0.016607
2455,0.058334
2456,0.057121
2457,0.016691
2458,0.022562
2459,0.034087
2460,0.020734
2461,-0.024596
2462,-0.016460
2463,0.011078
2464,-0.037469
2465,-0.038717
2466,-0.012745
2467,0.020823
2468,-0.042362
2469,-0.046847
2470,413.198486
2471,580.844421
2472,7.962347
2473,1372.022217
2474,1349.049316
2475,-41.687717
2476,-57.820210
2477,-44.646248
2478,-23.275972
2479,-1.882288
2480,30.470621
2481,39.866188
2482,42.560745
2483,31.704010
2484,20.265278
2485,16.742050
2486,-14.256650
2487,-38.014450
2488,-11.958041
2489,14.151362
2490,3.646446
2491,-5.770266
2492,-2.070225
2493,-8.058398
2494,0.350580
2495,13.664110
2496,25.863052
2497,13.534609
2498,-6.656229
2499,-27.427624
2500,-35.696354
2501,-40.693581
2502,-40.654476
2503,0.070839
2504,49.173508
2505,58.202652
2506,37.115429
2507,27.778942
2508,8.071620
2509,-29.331573
2510,-57.756977
2511,-53.564003
2512,-34.829773
2513,0.560817
2514,20.144182
2515,33.610020
2516,32.453724
2517,33.493046
2518,19.625654
2519,11.960679
2520,-7.696567
2521,-24.402206
2522,-22.433416
2523,-28.253242
2524,-0.037059
2525,-0.009185
2526,0.047906
2527,0.112639
2528,0.032941
2529,0.042609
2530,0.040398
2531,-0.020679
2532,-0.008148
2533,-0.022888
2534,-0.032401
2535,-0.035889
2536,-0.118041
2537,-0.007749
2538,0.013148
2539,-0.034208
2540,-0.017768
2541,-0.008880
2542,-0.014815
2543,0.062344
2544,0.109875
2545,0.061396
2546,0.011303
2547,-0.001092
2548,-0.030446
2549,-0.079064
2550,-0.002999
2551,0.063287
2552,0.077886
2553,0.048134
2554,-0.003139
2555,-0.036931
2556,-0.053667
2557,-0.034903
2558,-0.002869
2559,-0.005282
2560,-0.034614
2561,0.055745
2562,0.044118
2563,-0.021351
2564,-0.007848
2565,-0.012352
2566,0.008238
2567,-0.001184
2568,-0.011287
2569,-0.038239
2570,-0.057152
2571,-0.025954
2572,-0.010912
2573,-0.016043
2574,410.856262
2575,572.820679
2576,7.915356
2577,1383.299561
2578,1339.517456
2579,-36.040745
2580,-32.073483
2581,1.953285
2582,45.341496
2583,65.208687
2584,56.731499
2585,31.325377
2586,-6.685872
2587,4.336803
2588,-11.568241
2589,-16.160299
2590,-20.223177
2591,-31.959126
2592,-43.986519
2593,-50.026402
2594,-15.162756
2595,32.316639
2596,55.451759
2597,42.097595
2598,23.147530
2599,-4.261653
2600,-31.016861
2601,-42.567028
2602,-27.339146
2603,19.116644
2604,44.948631
2605,50.916908
2606,22.877028
2607,-16.915043
2608,-33.844860
2609,-25.754293
2610,-3.837605
2611,-1.594625
2612,-8.877166
2613,-1.890391
2614,-17.365232
2615,-19.472963
2616,1.531367
2617,8.440465
2618,18.269468
2619,30.592064
2620,37.746849
2621,13.742502
2622,-11.833112
2623,-22.922907
2624,-36.706348
2625,-25.399490
2626,-7.493923
2627,21.277605
2628,0.038336
2629,0.032139
2630,0.031928
2631,0.008690
2632,-0.004431
2633,0.006383
2634,-0.012408
2635,0.007198
2636,-0.031138
2637,-0.009365
2638,0.013860
2639,0.028517
2640,0.039783
2641,0.052444
2642,-0.008553
2643,-0.026407
2644,-0.063383
2645,-0.037074
2646,-0.026590
2647,-0.000763
2648,0.014121
2649,-0.004332
2650,-0.075206
2651,-0.111796
2652,-0.025490
2653,0.073508
2654,0.090346
2655,0.057616
2656,0.040599
2657,0.037063
2658,0.028946
2659,0.001388
2660,-0.074482
2661,-0.075011
2662,-0.027978
2663,-0.020793
2664,-0.046015
2665,-0.043522
2666,0.000496
2667,0.074338
2668,0.167508
2669,0.098888
2670,-0.000225
2671,-0.071780
2672,-0.095143
2673,-0.047601
2674,-0.040483
2675,0.024315
2676,0.017334
2677,0.013324
2678,408.514038
2679,564.796997
2680,7.868365
2681,1394.577026
2682,1337.052490
2683,-36.175011
2684,-77.482338
2685,-92.521591
2686,-54.162582
2687,-8.632211
2688,24.567430
2689,39.510330
2690,42.264610
2691,16.610809
2692,2.706916
2693,10.616645
2694,0.832095
2695,5.085731
2696,11.223062
2697,5.718376
2698,-20.374224
2699,-32.242260
2700,-23.160847
2701,-11.587358
2702,12.959146
2703,30.493805
2704,29.799795
2705,14.252913
2706,-12.202819
2707,-14.986751
2708,-15.069070
2709,-36.599476
2710,-37.472809
2711,-17.665237
2712,19.637360
2713,28.619667
2714,39.500164
2715,14.234551
2716,-3.916676
2717,11.237012
2718,36.521755
2719,27.638992
2720,-17.063967
2721,-56.467686
2722,-60.569054
2723,-34.148579
2724,-7.818313
2725,24.752489
2726,52.948002
2727,57.373024
2728,40.990047
2729,7.732168
2730,-30.401583
2731,-51.520676
2732,-0.010247
2733,-0.032101
2734,0.013636
2735,-0.054961
2736,-0.036527
2737,0.044349
2738,0.032978
2739,0.035992
2740,-0.020817
2741,-0.027661
2742,0.024236
2743,0.027458
2744,-0.000942
2745,0.042100
2746,0.029937
2747,0.073065
2748,0.049690
2749,0.000645
2750,0.012517
2751,-0.024904
2752,-0.070041
2753,-0.095052
2754,-0.087910
2755,-0.058118
2756,-0.047110
2757,-0.030081
2758,0.020820
2759,0.053793
2760,0.102758
2761,0.100483
2762,0.027865
2763,-0.006760
2764,-0.028244
2765,-0.068501
2766,-0.034656
2767,-0.059150
2768,-0.039850
2769,0.033007
2770,0.007914
2771,0.020542
2772,0.015465
2773,-0.031505
2774,0.002580
2775,0.018229
2776,0.033486
2777,0.056633
2778,0.052858
2779,0.019849
2780,-0.055460
2781,-0.091666
2782,0.027108
2783,-0.004424
2784,0.009627
2785,0.019971
2786,0.006896
2787,0.005233
2788,0.029824
2789,-0.012568
2790,-0.007528
2791,0.030256
2792,-0.085174
2793,-0.075399
2794,-0.069709
2795,-0.035905
2796,0.082515
2797,0.120485
2798,0.050512
2799,0.019955
2800,-0.023645
2801,-0.068569
2802,-0.031828
2803,-0.020445
2804,0.001109
2805,0.013040
2806,0.000100
2807,-0.049616
2808,-0.053041
2809,0.038683
2810,0.051578
2811,0.066230
2812,0.064420
2813,0.020348
2814,-0.051974
2815,-0.058928
2816,-0.012735
2817,0.007203
2818,0.026088
2819,0.031193
2820,0.005181
2821,-0.037154
2822,-0.029316
2823,-0.002314
2824,-0.016493
2825,-0.057985
2826,-0.026790
2827,0.003611
2828,0.002754
2829,0.029588
2830,0.040152
2831,0.026412
2832,0.035177
2833,0.003720
2834,0.000279
2835,0.009323
2836,-0.000842
2837,0.054752
2838,0.030402
2839,0.042062
2840,0.025538
2841,0.006304
2842,-0.035669
2843,-0.052227
2844,-0.052358
2845,-0.047788
2846,-0.026437
2847,0.000055
2848,0.017590
2849,-0.019833
2850,0.027923
2851,0.035871
2852,-0.001446
2853,0.007091
2854,-0.028570
2855,-0.000959
2856,0.046576
2857,0.079146
2858,0.097198
2859,0.027988
2860,-0.058244
2861,-0.074869
2862,-0.088043
2863,-0.050253
2864,0.019077
2865,0.017202
2866,0.053784
2867,0.115850
2868,0.004486
2869,-0.097886
2870,-0.097527
2871,-0.038068
2872,-0.040179
2873,0.028103
2874,0.008748
2875,-0.017997
2876,-0.014305
2877,0.008765
2878,0.008031
2879,0.015949
2880,0.043573
2881,0.086219
2882,0.054727
2883,0.005586
2884,0.015065
2885,0.018337
2886,-0.011364
2887,-0.089306
2888,-0.055606
2889,-0.029875
2890,-0.062754
2891,-0.016713
2892,0.030065
2893,0.052546
2894,0.045986
2895,-0.005227
2896,0.028117
2897,0.021539
2898,0.012176
2899,0.015987
2900,0.030856
2901,-0.010630
2902,-0.026549
2903,-0.027687
2904,-0.048140
2905,-0.066192
2906,-0.080339
2907,-0.069835
2908,-0.074486
2909,0.058348
2910,0.123273
2911,0.066618
2912,0.079488
2913,0.063146
2914,-0.000949
2915,-0.029615
2916,-0.034895
2917,0.035558
2918,-0.012841
2919,-0.048974
2920,-0.005553
2921,-0.000504
2922,-0.010990
2923,-0.017267
2924,0.009042
2925,0.020949
2926,0.019641
2927,0.000418
2928,-0.028524
2929,-0.046359
2930,-0.049979
2931,-0.000722
2932,-0.007167
2933,-0.020308
2934,0.037313
2935,0.047174
2936,0.027525
2937,0.025785
2938,0.036817
2939,-0.020210
2940,-0.082788
2941,-0.074751
2942,-0.056738
2943,-0.029116
2944,0.076484
2945,0.116999
2946,0.065874
2947,0.008146
2948,-0.051071
2949,-0.012262
2950,0.006396
2951,-0.027948
2952,-0.039098
2953,0.004249
2954,-0.015460
2955,-0.003976
2956,-0.013225
2957,0.012134
2958,0.017000
2959,0.015356
2960,0.051249
2961,0.006653
2962,-0.017672
2963,-0.032634
2964,-0.032373
2965,0.014642
2966,0.020677
2967,0.068490
2968,0.057560
2969,-0.037230
2970,-0.040861
2971,-0.069544
2972,-0.007516
2973,0.021860
2974,0.001700
2975,0.004187
2976,-0.039523
2977,-0.100306
2978,-0.067176
2979,-0.008411
2980,0.047844
2981,0.083619
2982,0.066817
2983,0.086500
2984,0.034033
2985,-0.022659
2986,-0.059671
2987,-0.057418
2988,-0.064866
2989,-0.046522
2990,-0.062017
2991,0.002119
2992,0.082987
2993,0.083542
2994,0.053155
2995,-0.003868
2996,0.010281
2997,-0.030872
2998,-0.076028
2999,-0.046611
3000,-0.054583
3001,0.006186
3002,0.050873
3003,0.028879
3004,0.052749
3005,0.039700
3006,0.050400
3007,-0.043411
3008,-0.010556
3009,0.005912
3010,-0.044630
3011,-0.037562
3012,-0.026262
3013,-0.041027
3014,-0.028500
3015,0.009168
3016,0.038672
3017,0.005510
3018,-0.011285
3019,-0.020893
3020,0.015266
3021,0.011568
3022,0.008876
3023,-0.005094
3024,-0.004488
3025,-0.007714
3026,0.052128
3027,0.096729
3028,0.068537
3029,0.038731
3030,-0.032620
3031,-0.063191
3032,-0.093778
3033,-0.056508
3034,0.010194
3035,0.045534
3036,0.071909
3037,0.077113
3038,0.024374
3039,-0.024636
3040,-0.115838
3041,-0.108017
3042,-0.083493
3043,-0.037124
3044,-0.009848
3045,-0.032031
3046,-0.001798
3047,0.034805
3048,0.043052
3049,0.017381
3050,-0.015194
3051,0.001308
3052,0.001197
3053,-0.003818
3054,0.055497
3055,0.111419
3056,0.087693
3057,0.022897
3058,0.037551
3059,-0.016301
3060,-0.060103
3061,-0.063120
3062,-0.046677
3063,-0.039808
3064,-0.043374
3065,-0.104582
3066,-0.030128
3067,-0.028444
3068,0.024080
3069,0.066297
3070,0.076455
3071,0.031804
3072,-0.027766
3073,0.008159
3074,0.005411
3075,0.003369
3076,0.037047
3077,-0.029665
3078,-0.083239
3079,-0.021431
3080,0.017265
3081,0.042311
3082,0.037614
3083,-0.007200
3084,0.005986
3085,-0.015971
3086,-0.043755
3087,-0.007325
3088,0.041399
3089,0.088491
3090,0.001472
3091,-0.031135
3092,-0.061082
3093,-0.070707
3094,-0.032127
3095,-0.021241
3096,0.022530
3097,0.078702
3098,0.053615
3099,0.022146
3100,-0.014605
3101,-0.053767
3102,-0.025950
3103,0.009732
3104,0.022517
3105,0.055658
3106,0.048451
3107,0.027531
3108,0.003093
3109,-0.000025
3110,-0.031823
3111,0.022706
3112,0.031689
3113,-0.003184
3114,-0.031862
3115,-0.048920
3116,-0.067791
3117,-0.044080
3118,0.014476
3119,-0.002424
3120,-0.044397
3121,-0.042200
3122,-0.008198
3123,-0.008464
3124,0.017340
3125,0.021625
3126,-0.004805
3127,0.002191
3128,0.017873
3129,0.025082
3130,0.009019
3131,-0.030116
3132,0.011533
3133,0.018014
3134,0.010996
3135,-0.030430
3136,-0.004641
3137,0.019412
3138,0.048642
3139,0.005958
3140,-0.015221
3141,-0.012218
3142,-0.024089
3143,-0.001039
3144,-0.025907
3145,-0.040872
3146,0.025456
3147,0.049799
3148,0.056420
3149,0.065713
3150,-0.019907
3151,-0.051362
3152,-0.007046
3153,0.028736
3154,0.042101
3155,0.004960
3156,-0.016830
3157,0.013199
3158,-0.049707
3159,-0.045031
3160,0.007778
3161,-0.051152
3162,-0.061640
3163,-0.044285
3164,-0.063928
3165,-0.004764
3166,0.063366
3167,0.075002
3168,0.083768
3169,0.077640
3170,-0.012335
3171,-0.014792
3172,-0.028290
3173,-0.044996
3174,-0.023994
3175,0.007122
3176,-0.025351
3177,0.005772
3178,0.003504
3179,0.002308
3180,0.017971
3181,0.006881
3182,-0.013980
3183,-0.026103
3184,-0.004546
3185,-0.057139
3186,-0.068480
3187,-0.066574
3188,-0.000376
3189,0.015720
3190,0.034152
3191,0.037760
3192,0.067170
3193,0.077099
3194,0.067968
3195,0.098609
3196,0.067726
3197,-0.001409
3198,-0.068816
3199,-0.172703
3200,-0.174677
3201,-0.051323
3202,-0.005732
3203,0.029865
3204,0.046969
3205,0.029831
3206,0.027789
3207,0.016487
3208,0.001431
3209,0.012142
3210,0.057581
3211,0.065893
3212,0.031712
3213,0.041648
3214,0.052628
3215,0.033815
3216,0.026454
3217,-0.007155
3218,-0.078133
3219,-0.124468
3220,-0.121169
3221,-0.121194
3222,-0.061133
3223,-0.030494
3224,0.034820
3225,0.040777
3226,0.056653
3227,0.077640
3228,0.051075
3229,0.029101
3230,0.065437
3231,0.042860
3232,0.007587
3233,-0.098928
3234,-0.085613
3235,-0.045186
3236,-0.017654
3237,-0.006464
3238,0.005058
3239,0.021437
3240,-0.009638
3241,-0.024235
3242,0.062478
3243,0.074574
3244,0.046742
3245,0.030546
3246,0.017841
3247,-0.012564
3248,-0.008714
3249,-0.024877
3250,-0.057749
3251,-0.025879
3252,-0.014741
3253,-0.048072
3254,-0.045759
3255,-0.010434
3256,-0.012787
3257,0.007175
3258,-0.006717
3259,0.021241
3260,0.044853
3261,0.017146
3262,0.092408
3263,0.083512
3264,0.077857
3265,0.063184
3266,-0.004173
3267,-0.034193
3268,-0.087169
3269,-0.062531
3270,-0.049284
3271,-0.112583
3272,-0.071104
3273,0.010109
3274,0.033021
3275,0.048419
3276,0.024553
3277,-0.009191
3278,0.014949
3279,0.015961
3280,0.000432
3281,0.067854
3282,0.008453
3283,-0.035335
3284,-0.053021
3285,-0.037549
3286,-0.032653
3287,-0.028006
3288,-0.012704
3289,0.019354
3290,0.022491
3291,0.003997
3292,0.008417
3293,0.006462
3294,-0.012762
3295,0.005664
3296,-0.004346
3297,-0.015882
3298,-0.017044
3299,0.030378
3300,0.007963
3301,0.021607
3302,0.058815
3303,0.044098
3304,0.082340
3305,0.025607
3306,-0.041159
3307,0.011102
3308,-0.004340
3309,-0.076552
3310,-0.111559
3311,-0.083071
3312,-0.052095
3313,-0.040653
3314,0.006557
3315,0.022637
3316,0.076254
3317,0.036483
3318,0.004836
3319,-0.015095
3320,-0.022411
3321,0.041910
3322,0.079478
3323,0.064776
3324,0.063883
3325,-0.005444
3326,-0.041978
3327,0.018673
3328,-0.024975
3329,-0.075895
3330,-0.074109
3331,-0.047785
3332,0.032434
3333,0.005663
3334,-0.036308
3335,-0.015397
3336,-0.004613
3337,0.044706
3338,0.059808
3339,0.049571
3340,0.015450
3341,0.013114
3342,0.005803
3343,-0.064981
3344,-0.035749
3345,0.009546
3346,0.014518
3347,0.027806
3348,-0.076108
3349,-0.040991
3350,0.036999
3351,0.029118
3352,0.041615
3353,0.002562
3354,-0.029608
3355,-0.022640
3356,-0.058613
3357,-0.027394
3358,0.002921
3359,-0.040759
3360,-0.058999
3361,-0.028202
3362,0.030709
3363,0.048371
3364,0.061468
3365,0.035047
3366,-0.009569
3367,-0.009018
3368,-0.012542
3369,-0.012707
3370,0.005448
3371,-0.012437
3372,-0.029468
3373,-0.005121
3374,0.059390
3375,0.079256
3376,0.030004
3377,-0.006037
3378,-0.009092
3379,-0.004569
3380,0.005788
3381,0.041659
3382,0.033252
3383,0.001741
3384,-0.064694
3385,-0.060549
3386,-0.032480
3387,-0.004703
3388,-0.006677
3389,-0.015374
3390,0.024691
3391,0.043802
3392,0.047420
3393,0.016676
3394,-0.026015
3395,-0.069847
3396,-0.080719
3397,-0.058008
3398,-0.040103
3399,0.005343
3400,0.077766
3401,0.011990
3402,0.019218
3403,0.057378
3404,0.083833
3405,0.114125
3406,0.048177
3407,-0.060561
3408,-0.027516
3409,-0.080747
3410,-0.069194
3411,-0.035553
3412,-0.045300
3413,-0.062926
3414,-0.035581
3415,-0.012437
3416,-0.014667
3417,0.054469
3418,0.082515
3419,0.040968
3420,0.032472
3421,0.023763
3422,0.002942
3423,0.039595
3424,0.022816
3425,0.000771
3426,0.008677
3427,-0.016236
3428,-0.029257
3429,-0.015165
3430,0.012294
3431,-0.042335
3432,0.006299
3433,0.078300
3434,0.052823
3435,0.002528
3436,-0.076014
3437,-0.046311
3438,-0.006496
3439,-0.026652
3440,0.006805
3441,0.080194
3442,-0.002098
3443,-0.006283
3444,-0.009050
3445,-0.051065
3446,-0.039309
3447,-0.038583
3448,-0.090928
3449,-0.074931
3450,-0.005504
3451,0.074355
3452,0.104226
3453,0.080597
3454,0.074720
3455,0.017230
3456,-0.013485
3457,-0.025856
3458,-0.002328
3459,-0.014322
3460,0.007014
3461,0.000837
3462,-0.040136
3463,-0.043299
3464,-0.080100
3465,-0.016714
3466,0.076509
3467,0.036464
3468,0.026106
3469,0.013137
3470,0.028051
3471,0.020447
3472,-0.034202
3473,-0.046433
3474,-0.046680
3475,-0.065181
3476,0.011115
3477,0.052309
3478,0.058244
3479,0.041250
3480,0.048628
3481,0.009780
3482,390.406830
3483,502.767578
3484,7.505091
3485,1481.759888
3486,1271.051147
3487,-26.955149
3488,-23.253103
3489,-7.116218
3490,17.209202
3491,19.958769
3492,12.903288
3493,2.043006
3494,-11.595183
3495,-26.067270
3496,-6.227483
3497,11.737582
3498,22.529633
3499,19.372972
3500,6.532659
3501,3.246248
3502,8.221827
3503,-12.150942
3504,-15.100951
3505,-24.545702
3506,-14.589195
3507,-14.710023
3508,1.997025
3509,14.063619
3510,19.307030
3511,-23.921001
3512,-36.315159
3513,-12.601201
3514,-5.029355
3515,19.944605
3516,35.697937
3517,57.749741
3518,55.289368
3519,5.147345
3520,-41.544548
3521,-52.373409
3522,-38.199944
3523,0.831624
3524,6.319641
3525,10.173433
3526,11.519532
3527,21.483252
3528,9.685073
3529,-9.891473
3530,-22.165989
3531,-22.275646
3532,-13.378688
3533,-13.402403
3534,-2.024996
3535,5.770452
3536,29.523092
3537,-92.417679
3538,411.181519
3539,3.571761
3540,68.522797
3541,1508.996948
3542,-198.096161
3543,-354.931122
3544,-1730.152954
3545,-287.682007
3546,-1627.186279
3547,932.488647
3548,2022.750977
3549,1075.549561
3550,715.139771
3551,253.268234
3552,678.014221
3553,1353.237549
3554,-473.040894
3555,948.469421
3556,1437.430908
3557,684.788513
3558,775.842651
3559,-873.627075
3560,-964.604309
3561,1734.484375
3562,-620.910156
3563,602.305237
3564,1464.690918
3565,716.705750
3566,1554.634644
3567,-895.440613
3568,655.074890
3569,218.987946
3570,-279.166534
3571,-316.008606
3572,1615.403320
3573,235.687851
3574,-1317.433350
3575,875.061340
3576,-1451.137329
3577,-542.406189
3578,1894.425415
3579,-105.754906
3580,-1528.983398
3581,-659.050232
3582,1237.171997
3583,1071.837646
3584,-600.153076
3585,12.506522
3586,768.195618
3587,-1663.444702
3588,1882.464966
3589,-575.711670
3590,1249.964966
3591,-0.047674
3592,0.002187
3593,0.017100
3594,-0.012189
3595,-0.002671
3596,0.025238
3597,0.009551
3598,0.016604
3599,0.026262
3600,-0.004417
3601,-0.069597
3602,-0.127678
3603,-0.106870
3604,-0.087643
3605,-0.039364
3606,0.021438
3607,0.037842
3608,0.097579
3609,0.134522
3610,0.098775
3611,0.061753
3612,0.028146
3613,-0.031875
3614,-0.131730
3615,-0.107951
3616,-0.053467
3617,-0.054120
3618,-0.004052
3619,0.090893
3620,0.125190
3621,0.138671
3622,0.131344
3623,0.055929
3624,-0.035311
3625,-0.096580
3626,-0.106024
3627,-0.059310
3628,0.003348
3629,0.067585
3630,0.023008
3631,-0.004752
3632,-0.044102
3633,-0.048728
3634,0.010728
3635,0.021119
3636,0.013384
3637,-0.016284
3638,-0.063994
3639,-0.048170
3640,85.301941
3641,1058.245972
3642,512.837158
3643,13.337003
3644,295.893890
3645,-24.331453
3646,-5.103961
3647,11.480927
3648,24.707790
3649,37.969357
3650,44.837936
3651,36.872883
3652,13.186873
3653,-11.788689
3654,-50.936142
3655,-53.729145
3656,-13.664930
3657,22.124361
3658,33.248383
3659,25.228836
3660,6.598182
3661,-2.042287
3662,-24.289795
3663,-36.354053
3664,-28.116659
3665,-7.402345
3666,21.782986
3667,32.379093
3668,6.630613
3669,-20.622721
3670,-10.337895
3671,28.813217
3672,29.658590
3673,10.065361
3674,-17.920115
3675,-11.557864
3676,-4.826900
3677,17.060764
3678,7.242383
3679,-12.840688
3680,-16.496260
3681,4.326840
3682,2.236777
3683,-2.891147
3684,-0.945707
3685,-5.264581
3686,4.120428
3687,17.315102
3688,9.663781
3689,-2.675014
3690,-7.052864
3691,-21.710228
3692,-31.713902
3693,-45.001137
3694,-35.826107
3695,-189.789337
3696,0.007774
3697,740.011536
3698,28.731939
3699,-689.505554
3700,538.184875
3701,-952.270569
3702,863.614075
3703,-1114.746460
3704,580.191284
3705,1626.927490
3706,101.705574
3707,-2195.166016
3708,-1895.373901
3709,-597.165833
3710,-671.816772
3711,888.151550
3712,-1163.071289
3713,1512.230957
3714,-1974.074463
3715,1835.392822
3716,172.681610
3717,1211.645630
3718,-303.834991
3719,2088.396729
3720,-70.324677
3721,384.960297
3722,144.423264
3723,1577.227539
3724,1648.439087
3725,-1627.962036
3726,-447.226898
3727,-755.755737
3728,779.961975
3729,-1929.970337
3730,-1166.302246
3731,-437.241791
3732,425.115906
3733,1441.124268
3734,-867.908203
3735,-1077.765137
3736,-746.715454
3737,-1266.963989
3738,125.561432
3739,654.720581
3740,1140.854004
3741,-1374.579956
3742,-765.098267
3743,-1529.996460
3744,288.613525
3745,-169.140366
3746,-1109.563110
3747,-1572.288696
3748,-1249.033936
3749,0.003764
3750,-0.035632
3751,-0.047816
3752,-0.035926
3753,0.055809
3754,0.064657
3755,0.072136
3756,0.014227
3757,0.007023
3758,-0.002116
3759,-0.004437
3760,-0.038804
3761,-0.041382
3762,0.005718
3763,0.038420
3764,0.000071
3765,-0.030735
3766,-0.050370
3767,-0.040441
3768,-0.034294
3769,-0.033389
3770,-0.036696
3771,0.000665
3772,0.015002
3773,0.048414
3774,0.058637
3775,0.001281
3776,-0.009733
3777,0.030835
3778,0.042316
3779,0.018325
3780,0.009731
3781,0.020193
3782,-0.040547
3783,-0.005836
3784,0.030350
3785,-0.007642
3786,-0.020989
3787,0.003657
3788,0.043048
3789,0.012654
3790,0.014139
3791,0.015067
3792,-0.062322
3793,-0.067466
3794,-0.060283
3795,-0.040910
3796,0.006015
3797,0.042742
3798,0.047446
3799,158.061066
3800,118.753967
3801,2.843679
3802,1774.929810
3803,481.396362
3804,23.782162
3805,6.414669
3806,-10.394221
3807,-16.112268
3808,-22.986734
3809,4.481081
3810,19.414928
3811,18.748692
3812,2.962748
3813,-4.435545
3814,5.285554
3815,-0.590390
3816,-10.812663
3817,-30.628832
3818,-18.181818
3819,9.764682
3820,11.463828
3821,2.330377
3822,15.955532
3823,37.469360
3824,8.793324
3825,-6.668098
3826,1.042915
3827,7.391088
3828,5.190073
3829,-21.543325
3830,-41.394108
3831,-53.983990
3832,-14.314400
3833,16.066748
3834,38.545406
3835,54.508884
3836,48.795593
3837,40.928600
3838,26.709949
3839,3.736242
3840,-39.975342
3841,-67.018517
3842,-68.254875
3843,-44.411011
3844,-19.004040
3845,2.206261
3846,19.798277
3847,31.885330
3848,45.495544
3849,58.740589
3850,34.285851
3851,7.767212
3852,-14.093894
3853,4.948511
3854,0.125021
3855,1610.170410
3856,33.918701
3857,-392.557922
3858,-532.801270
3859,1405.862793
3860,-1643.631836
3861,1817.166870
3862,787.990234
3863,1164.976196
3864,-173.334869
3865,-708.522034
3866,123.870399
3867,-1498.149780
3868,-1916.638306
3869,647.920105
3870,2072.189697
3871,175.454147
3872,-1336.866577
3873,810.612427
3874,-974.104431
3875,1258.535889
3876,-729.758118
3877,682.000427
3878,2160.177490
3879,-240.428574
3880,-819.142578
3881,-43.978962
3882,957.707153
3883,-422.241058
3884,710.146057
3885,-107.816757
3886,732.205200
3887,-421.452179
3888,-1845.770508
3889,476.857666
3890,603.815735
3891,1268.054688
3892,1733.199219
3893,-598.908813
3894,2009.134277
3895,2.706762
3896,-245.025818
3897,923.078125
3898,547.372192
3899,491.908508
3900,554.862000
3901,-853.046570
3902,-1487.781860
3903,-1564.391602
3904,-185.143326
3905,1400.335938
3906,-807.789673
3907,1078.478638
3908,1403.459351
3909,0.768179
3910,-1758.097046
3911,1063.846313
3912,0.037609
3913,-0.014461
3914,-0.075886
3915,-0.068713
3916,-0.072407
3917,-0.016745
3918,0.036423
3919,0.029077
3920,-0.004493
3921,0.014886
3922,0.072192
3923,0.079855
3924,0.051015
3925,-0.037190
3926,-0.046386
3927,-0.026524
3928,-0.000650
3929,0.009989
3930,-0.015515
3931,-0.069431
3932,-0.029619
3933,0.014292
3934,0.030349
3935,0.048839
3936,0.035430
3937,0.021838
3938,-0.009261
3939,-0.010467
3940,0.042315
3941,0.002020
3942,-0.017093
3943,-0.004625
3944,-0.006393
3945,0.031290
3946,-0.016410
3947,-0.028030
3948,0.031529
3949,0.048185
3950,0.020806
3951,0.013599
3952,0.035566
3953,-0.023578
3954,-0.006348
3955,0.025305
3956,-0.022339
3957,-0.028991
3958,-0.048466
3959,-0.050856
3960,-0.064585
3961,-0.077728
3962,320.437988
3963,436.347931
3964,3.905632
3965,669.663574
3966,-16.589575
3967,-6.364486
3968,-13.417701
3969,-17.556360
3970,-14.258389
3971,7.947249
3972,22.389748
3973,12.351126
3974,15.300324
3975,16.452013
3976,-1.744588
3977,-26.708710
3978,-48.816589
3979,-29.126171
3980,17.262190
3981,15.399006
3982,-9.155231
3983,-5.203803
3984,-16.448185
3985,-5.734133
3986,-4.498467
3987,-13.783131
3988,-14.528160
3989,-2.575300
3990,29.491930
3991,39.916454
3992,28.628462
3993,24.161745
3994,17.887451
3995,-15.264063
3996,-24.397717
3997,-30.495308
3998,-12.529027
3999,10.711532
4000,-14.007940
4001,-28.236746
4002,-33.569962
4003,-26.617668
4004,1.070796
4005,34.885628
4006,68.117088
4007,83.016350
4008,53.947357
4009,-11.961450
4010,-56.340469
4011,-56.003994
4012,-47.773533
4013,-20.171574
4014,25.927866
4015,17.493080
4016,-0.063041
4017,0.019817
4018,0.030153
4019,0.000754
4020,0.011216
4021,0.017930
4022,-0.025450
4023,0.008913
4024,0.048438
4025,0.014359
4026,0.023658
4027,0.006915
4028,0.002699
4029,0.035398
4030,-0.023733
4031,-0.019439
4032,0.001901
4033,-0.036836
4034,-0.026897
4035,-0.007142
4036,-0.007968
4037,0.017885
4038,-0.000310
4039,0.081656
4040,0.045631
4041,-0.007881
4042,0.016439
4043,-0.021490
4044,-0.058012
4045,-0.015588
4046,-0.072344
4047,-0.058513
4048,-0.012680
4049,-0.058109
4050,-0.005297
4051,0.049210
4052,0.127663
4053,0.180932
4054,0.122234
4055,0.037147
4056,-0.033289
4057,-0.060466
4058,-0.104157
4059,-0.085837
4060,-0.027945
4061,-0.027682
4062,-0.005155
4063,0.019781
4064,-0.006453
4065,-0.023578
4066,328.365906
4067,439.598022
4068,4.006975
4069,658.354553
4070,-33.842949
4071,-43.868713
4072,-53.758244
4073,-37.506329
4074,3.854316
4075,45.152672
4076,48.906479
4077,27.294949
4078,4.759367
4079,-11.925784
4080,-35.596638
4081,-24.012867
4082,-12.461090
4083,-4.174056
4084,11.217283
4085,12.727130
4086,18.610836
4087,29.247810
4088,19.454493
4089,16.204262
4090,-14.967407
4091,-26.245419
4092,-21.184069
4093,-25.147665
4094,-6.734628
4095,6.684753
4096,7.827026
4097,26.707350
4098,23.761215
4099,21.710102
4100,26.513645
4101,8.588426
4102,-20.640701
4103,-36.861309
4104,-58.132084
4105,-29.112549
4106,3.795517
4107,4.636902
4108,14.652160
4109,41.723110
4110,35.511120
4111,27.858727
4112,8.421991
4113,-43.971439
4114,-78.530724
4115,-60.906788
4116,-22.716879
4117,26.415152
4118,67.349663
4119,49.464493
4120,-0.024956
4121,-0.041465
4122,-0.006789
4123,0.015129
4124,0.001967
4125,0.026278
4126,-0.009740
4127,-0.037693
4128,-0.000462
4129,0.029286
4130,0.045983
4131,0.056631
4132,0.039603
4133,-0.010033
4134,-0.011493
4135,0.009801
4136,-0.063468
4137,-0.052241
4138,-0.023225
4139,-0.010090
4140,-0.010379
4141,-0.014245
4142,-0.000398
4143,0.017682
4144,0.036740
4145,0.048919
4146,0.026026
4147,0.007283
4148,0.023442
4149,0.040409
4150,-0.011937
4151,-0.033353
4152,-0.035802
4153,-0.024759
4154,-0.007973
4155,-0.010394
4156,0.050583
4157,0.016683
4158,-0.043101
4159,-0.019633
4160,-0.028529
4161,-0.017465
4162,0.059062
4163,0.018444
4164,0.019622
4165,-0.000247
4166,-0.024400
4167,-0.053023
4168,0.016180
4169,-0.021722
4170,-0.035439
4171,-0.026708
4172,0.014157
4173,0.003898
4174,0.019343
4175,0.044733
4176,0.054555
4177,0.055712
4178,-0.013414
4179,-0.020739
4180,0.005716
4181,-0.000666
4182,-0.048992
4183,-0.046416
4184,-0.032526
4185,-0.019434
4186,-0.052217
4187,-0.084257
4188,-0.031603
4189,0.006140
4190,0.062593
4191,0.100623
4192,0.108218
4193,0.067430
4194,0.024389
4195,0.015661
4196,-0.029217
4197,-0.040503
4198,-0.032480
4199,0.031250
4200,0.007060
4201,-0.064401
4202,-0.071791
4203,-0.046021
4204,0.017834
4205,0.002176
4206,0.032968
4207,0.039600
4208,0.025380
4209,0.024587
4210,-0.001051
4211,0.013521
4212,0.033659
4213,-0.022213
4214,-0.045020
4215,-0.059514
4216,-0.058271
4217,-0.018369
4218,0.018980
4219,0.027828
4220,0.063115
4221,0.030943
4222,-0.003070
4223,-0.043500
4224,-0.098797
4225,-0.055298
4226,-0.037517
4227,-0.004405
4228,0.022066
4229,0.026718
4230,0.065702
4231,0.042726
4232,0.010873
4233,0.087354
4234,0.071144
4235,0.044446
4236,0.003050
4237,-0.031601
4238,-0.050644
4239,-0.071931
4240,-0.045041
4241,-0.016558
4242,-0.024519
4243,0.002913
4244,0.012968
4245,0.020469
4246,0.047931
4247,-0.007406
4248,-0.028882
4249,-0.001770
4250,0.025000
4251,0.007998
4252,0.000270
4253,-0.043262
4254,-0.074823
4255,-0.054507
4256,-0.013143
4257,0.087621
4258,0.092331
4259,0.002859
4260,-0.032079
4261,-0.028310
4262,-0.031121
4263,-0.020365
4264,0.025266
4265,0.033177
4266,-0.000457
4267,-0.032055
4268,-0.035363
4269,0.003524
4270,-0.035626
4271,-0.065357
4272,-0.051141
4273,-0.032334
4274,0.023025
4275,0.054439
4276,0.088184
4277,0.096691
4278,0.086825
4279,0.077918
4280,0.041617
4281,0.047427
4282,-0.008445
4283,-0.093321
4284,-0.128489
4285,-0.132791
4286,-0.044064
4287,0.018819
4288,0.029099
4289,-0.004604
4290,-0.013813
4291,0.019328
4292,0.005579
4293,0.045093
4294,0.029701
4295,-0.019884
4296,-0.018778
4297,-0.022312
4298,0.021320
4299,0.056322
4300,0.006693
4301,-0.075977
4302,-0.062145
4303,-0.035808
4304,-0.011811
4305,-0.002591
4306,0.063399
4307,0.114541
4308,0.074409
4309,0.021053
4310,-0.047863
4311,-0.066719
4312,-0.063703
4313,-0.004860
4314,-0.001630
4315,-0.001779
4316,-0.047088
4317,-0.033691
4318,0.020804
4319,0.024962
4320,-0.004532
4321,0.000629
4322,0.022482
4323,0.014490
4324,0.030294
4325,-0.037427
4326,-0.042271
4327,-0.063624
4328,-0.094202
4329,0.016166
4330,0.087422
4331,0.111984
4332,0.091125
4333,0.080124
4334,0.019972
4335,-0.055088
4336,-0.071098
4337,-0.078779
4338,-0.070914
4339,-0.029291
4340,-0.030800
4341,-0.013138
4342,0.044268
4343,0.032455
4344,0.023722
4345,0.012511
4346,0.025099
4347,-0.052982
4348,-0.051791
4349,-0.028150
4350,-0.022439
4351,0.040313
4352,0.003302
4353,-0.004947
4354,0.015017
4355,0.002781
4356,0.019038
4357,0.039536
4358,0.028473
4359,-0.005441
4360,-0.028914
4361,-0.080940
4362,-0.045286
4363,-0.003110
4364,-0.002752
4365,0.080233
4366,0.063731
4367,0.010661
4368,0.013113
4369,0.003411
4370,-0.033289
4371,-0.037990
4372,-0.025751
4373,-0.003038
4374,0.010580
4375,0.034990
4376,0.058999
4377,0.046212
4378,0.039293
4379,0.014868
4380,-0.025769
4381,-0.004504
4382,-0.034377
4383,-0.072283
4384,-0.037473
4385,-0.060445
4386,-0.061513
4387,-0.011021
4388,0.033023
4389,0.029352
4390,0.071969
4391,0.051593
4392,0.018578
4393,-0.033463
4394,-0.061453
4395,-0.027014
4396,-0.047022
4397,-0.019615
4398,0.027571
4399,0.045276
4400,0.034976
4401,0.074733
4402,0.038415
4403,0.017902
4404,-0.044811
4405,-0.086925
4406,-0.019831
4407,-0.067841
4408,-0.047253
4409,0.011050
4410,0.019651
4411,0.053376
4412,0.063106
4413,0.032834
4414,0.036018
4415,0.055121
4416,0.018523
4417,-0.045561
4418,-0.100682
4419,-0.121676
4420,-0.045470
4421,-0.014625
4422,-0.013911
4423,0.037883
4424,-0.011035
4425,0.000650
4426,0.032692
4427,0.072136
4428,0.053187
4429,0.050038
4430,0.074412
4431,0.039651
4432,-0.007357
4433,-0.004268
4434,-0.075729
4435,-0.088116
4436,-0.086097
4437,-0.085898
4438,-0.028059
4439,0.020532
4440,0.005133
4441,0.004421
4442,-0.004469
4443,-0.020813
4444,0.052353
4445,0.049786
4446,0.067918
4447,0.087237
4448,0.017281
4449,-0.001226
4450,-0.066234
4451,-0.101574
4452,-0.032378
4453,0.013583
4454,0.014729
4455,0.005597
4456,0.051498
4457,0.055077
4458,0.013757
4459,-0.025628
4460,0.013677
4461,-0.022943
4462,0.001447
4463,0.004459
4464,-0.043841
4465,-0.036574
4466,-0.003698
4467,0.010000
4468,-0.011896
4469,-0.017196
4470,359.175995
4471,452.223450
4472,0.000000
4473,0.000000
4474,1030.157227
4475,1440.608887
4476,947.290833
4477,2200.912842
4478,711.828918
4479,2024.985840
4480,1793.559082
4481,1870.373169
4482,2183.603271
4483,937.800232
4484,1837.272461
4485,929.368347
4486,2103.992432
4487,1362.942383
4488,1082.619385
4489,762.263000
4490,2207.383057
4491,838.244751
4492,879.988525
4493,2165.672852
4494,1093.501953
4495,2182.916992
4496,1998.749390
4497,979.409973
4498,1927.609741
4499,1729.815430
4500,-0.000164
4501,0.013932
4502,0.007456
4503,-0.008353
4504,-0.012471
4505,0.048584
4506,0.077793
4507,0.030986
4508,-0.017807
4509,-0.032660
4510,-0.053463
4511,-0.024227
4512,-0.017880
4513,-0.012868
4514,-0.008093
4515,-0.034157
4516,-0.016237
4517,0.034177
4518,0.006553
4519,-0.078721
4520,-0.051181
4521,0.055167
4522,0.100597
4523,0.067578
4524,-0.010843
4525,-0.073522
4526,-0.102561
4527,-0.060918
4528,-0.025821
4529,0.021101
4530,-0.005242
4531,-0.013418
4532,0.062736
4533,0.041378
4534,0.011340
4535,0.013751
4536,0.016112
4537,0.069375
4538,0.070145
4539,0.002981
4540,0.020472
4541,-0.038141
4542,-0.048367
4543,0.014086
4544,0.000665
4545,-0.040125
4546,-0.026497
4547,-0.027907
4548,-0.044471
4549,-0.010376
4550,-0.022960
4551,0.009946
4552,0.016071
4553,0.049501
4554,0.070974
4555,0.075036
4556,-0.005612
4557,-0.038121
4558,-0.038769
4559,-0.034027
4560,0.070436
4561,0.100264
4562,0.007977
4563,-0.057605
4564,-0.092037
4565,-0.078902
4566,-0.012173
4567,0.009563
4568,0.022462
4569,-0.004026
4570,-0.021382
4571,0.014858
4572,-0.005850
4573,-0.031607
4574,0.000461
4575,0.028912
4576,0.060895
4577,0.058528
4578,-0.013849
4579,-0.012409
4580,-0.055994
4581,-0.055845
4582,-0.003192
4583,-0.010890
4584,0.014678
4585,-0.004871
4586,-0.077604
4587,-0.021470
4588,0.017720
4589,0.006234
4590,0.050166
4591,0.086498
4592,0.068226
4593,0.005366
4594,0.008320
4595,-0.015667
4596,-0.017989
4597,0.016126
4598,0.002952
4599,-0.017175
4600,-0.041270
4601,-0.088568
4602,-0.057056
4603,-0.024949
4604,-0.014978
4605,0.029443
4606,0.004080
4607,0.019985
4608,0.047265
4609,0.050656
4610,0.015133
4611,0.016240
4612,-0.005956
4613,-0.075055
4614,-0.040395
4615,0.002923
4616,0.045919
4617,0.049552
4618,0.018431
4619,0.007944
4620,-0.001722
4621,-0.039489
4622,0.020681
4623,-0.003390
4624,-0.057019
4625,-0.056527
4626,-0.053527
4627,-0.009923
4628,0.027940
4629,0.017112
4630,0.049723
4631,0.033550
4632,-0.023190
4633,-0.037652
4634,-0.027276
4635,-0.003940
4636,0.022271
4637,0.027580
4638,0.019264
4639,0.051325
4640,0.040343
4641,0.026561
4642,-0.034736
4643,-0.052053
4644,-0.039813
4645,-0.027411
4646,0.021701
4647,0.050622
4648,0.051109
4649,0.019996
4650,0.007284
4651,-0.039602
4652,-0.052576
4653,-0.047138
4654,-0.005074
4655,0.021162
4656,0.006749
4657,-0.009045
4658,0.006267
4659,0.049147
4660,0.064607
4661,0.059612
4662,-0.037254
4663,-0.101586
4664,-0.114987
4665,-0.111978
4666,-0.053188
4667,0.025094
4668,0.064492
4669,0.082335
4670,0.088590
4671,0.056343
4672,0.038883
4673,-0.030208
4674,-0.019237
4675,-0.005986
4676,-0.033642
4677,-0.028404
4678,0.011058
4679,0.015628
4680,-0.007418
4681,-0.015066
4682,-0.019384
4683,-0.035906
4684,-0.029784
4685,0.016025
4686,-0.049104
4687,-0.028964
4688,-0.000322
4689,0.003750
4690,0.049796
4691,0.025408
4692,0.000648
4693,0.016549
4694,0.031688
4695,0.010048
4696,0.013348
4697,-0.029791
4698,-0.044154
4699,-0.068689
4700,-0.014314
4701,0.005372
4702,0.055040
4703,0.091685
4704,0.047823
4705,0.060332
4706,-0.008485
4707,-0.075366
4708,-0.068562
4709,-0.035971
4710,-0.007749
4711,0.017034
4712,0.030430
4713,0.048054
4714,0.070817
4715,0.033976
4716,0.016963
4717,0.006562
4718,0.003342
4719,-0.028440
4720,-0.095457
4721,-0.124077
4722,-0.016193
4723,0.019860
4724,0.033475
4725,0.052583
4726,-0.005400
4727,-0.043964
4728,-0.026622
4729,-0.026244
4730,0.023431
4731,0.021384
4732,0.007440
4733,-0.046598
4734,-0.055323
4735,-0.039481
4736,-0.026274
4737,0.034289
4738,0.068341
4739,0.063416
4740,0.025681
4741,-0.004862
4742,0.048885
4743,0.003014
4744,-0.039159
4745,0.018409
4746,-0.018918
4747,-0.073314
4748,-0.005322
4749,0.021491
4750,0.025235
4751,0.015263
4752,0.027158
4753,0.031317
4754,0.030044
4755,0.028381
4756,0.041952
4757,0.025668
4758,-0.022998
4759,-0.075711
4760,-0.090203
4761,-0.062571
4762,-0.028312
4763,0.035743
4764,0.061195
4765,0.064151
4766,0.029383
4767,-0.037315
4768,-0.021069
4769,-0.007185
4770,-0.005873
4771,-0.005154
4772,0.008900
4773,0.025769
4774,0.020452
4775,0.022819
4776,-0.021026
4777,-0.038604
4778,-0.002376
4779,-0.055574
4780,-0.026001
4781,-0.050585
4782,-0.036547
4783,-0.032756
4784,-0.018707
4785,0.022416
4786,0.020306
4787,0.035259
4788,0.040418
4789,0.022520
4790,0.002135
4791,-0.008516
4792,0.007646
4793,-0.012076
4794,-0.018347
4795,0.011428
4796,0.066803
4797,0.048056
4798,-0.006902
4799,0.003868
4800,-0.008917
4801,-0.001168
4802,0.017261
4803,0.016028
4804,-0.025157
4805,-0.014282
4806,0.019968
4807,0.032702
4808,0.025756
4809,-0.006340
4810,-0.053010
4811,-0.081878
4812,-0.058052
4813,-0.028103
4814,-0.030421
4815,-0.021347
4816,0.030106
4817,0.049992
4818,0.067995
4819,0.045526
4820,0.019092
4821,0.008981
4822,0.008539
4823,0.028975
4824,-0.024833
4825,-0.057854
4826,-0.018354
4827,-0.028759
4828,-0.019156
4829,-0.046015
4830,-0.063851
4831,-0.072889
4832,-0.001494
4833,0.053418
4834,0.079637
4835,0.081504
4836,0.028514
4837,-0.009048
4838,0.014973
4839,-0.005826
4840,-0.012483
4841,0.014010
4842,0.049450
4843,0.023800
4844,0.006992
4845,-0.008719
4846,-0.023419
4847,-0.018915
4848,-0.023987
4849,0.011704
4850,0.020023
4851,0.062768
4852,0.030040
4853,-0.030206
4854,-0.031385
4855,0.011172
4856,-0.010204
4857,-0.049021
4858,-0.055122
4859,-0.045059
4860,-0.002175
4861,0.002291
4862,0.020610
4863,0.036121
4864,0.059226
4865,0.049065
4866,0.065855
4867,0.019904
4868,-0.020477
4869,-0.066013
4870,-0.048266
4871,-0.056272
4872,-0.099142
4873,-0.069897
4874,-0.041578
4875,-0.012720
4876,0.035638
4877,0.061352
4878,0.081964
4879,0.066757
4880,0.037738
4881,0.000243
4882,-0.016983
4883,-0.052916
4884,-0.048356
4885,-0.022254
4886,-0.021717
4887,-0.013149
4888,-0.025921
4889,-0.006053
4890,0.024718
4891,0.084174
4892,0.121034
4893,0.040780
4894,-0.027840
4895,0.015295
4896,-0.014395
4897,0.030348
4898,0.061770
4899,-0.014799
4900,-0.027479
4901,-0.064769
4902,-0.062632
4903,-0.043044
4904,-0.035252
4905,-0.006680
4906,-0.008215
4907,0.002184
4908,-0.024663
4909,-0.031162
4910,-0.010402
4911,0.040473
4912,0.058182
4913,0.063060
4914,0.031027
4915,0.031010
4916,-0.028655
4917,-0.000756
4918,-0.000440
4919,-0.023752
4920,-0.015322
4921,-0.054420
4922,-0.062722
4923,-0.077562
4924,-0.021502
4925,0.061072
4926,0.112157
4927,0.060964
4928,0.024235
4929,-0.007459
4930,-0.036934
4931,-0.016063
4932,-0.007349
4933,-0.031908
4934,-0.034032
4935,-0.038577
4936,-0.016131
4937,-0.010465
4938,-0.026300
4939,0.012793
4940,0.098414
4941,0.096344
4942,0.070694
4943,0.019268
4944,0.032538
4945,-0.044664
4946,-0.063232
4947,-0.053023
4948,-0.053909
4949,-0.026367
4950,-0.027589
4951,-0.003594
4952,-0.005543
4953,0.011915
4954,0.019495
4955,0.014710
4956,-0.008419
4957,-0.020063
4958,-0.032426
4959,-0.017021
4960,0.011945
4961,0.053002
4962,0.078958
4963,0.053328
4964,0.007994
4965,0.012803
4966,0.015838
4967,-0.015262
4968,-0.008681
4969,-0.032020
4970,-0.030550
4971,0.011299
4972,0.012106
4973,-0.030016
4974,0.002613
4975,-0.015703
4976,-0.017004
4977,0.027856
4978,-0.001309
4979,-0.025120
4980,-0.002679
4981,-0.032918
4982,-0.026974
4983,-0.022056
4984,0.004395
4985,-0.014516
4986,-0.049699
4987,-0.029063
4988,-0.005581
4989,-0.012596
4990,0.083503
4991,0.127334
4992,0.045613
4993,-0.038961
4994,-0.035168
4995,-0.017218
4996,0.075992
4997,0.061991
4998,0.008940
4999,0.023693
5000,-0.033453
5001,-0.030995
5002,-0.052305
5003,-0.049321
5004,-0.023617
5005,-0.010804
5006,-0.029805
5007,-0.001630
5008,0.038822
5009,0.048951
5010,0.028532
5011,-0.002239
5012,-0.003797
5013,0.026533
5014,0.050511
5015,0.039402
5016,0.073543
5017,0.022313
5018,-0.057469
5019,-0.103650
5020,-0.087002
5021,-0.032081
5022,0.006731
5023,0.043536
5024,0.055962
5025,0.044629
5026,0.043820
5027,0.022189
5028,-0.002383
5029,0.013134
5030,-0.041520
5031,-0.069082
5032,-0.081887
5033,-0.060401
5034,-0.026787
5035,-0.000158
5036,-0.003947
5037,-0.012021
5038,-0.060776
5039,-0.037317
5040,0.027726
5041,0.049127
5042,0.077944
5043,0.057482
5044,0.041651
5045,0.040348
5046,-0.036286
5047,-0.063320
5048,-0.019600
5049,-0.020286
5050,-0.001045
5051,-0.001635
5052,0.051730
5053,0.102347
5054,0.031117
5055,-0.012255
5056,-0.034169
5057,-0.079235
5058,-0.081648
5059,-0.050478
5060,-0.036869
5061,-0.000740
5062,0.031843
5063,0.042651
5064,0.066004
5065,0.085749
5066,0.062331
5067,0.025540
5068,0.031292
5069,0.003086
5070,-0.023586
5071,-0.049407
5072,-0.078430
5073,-0.069633
5074,-0.067180
5075,-0.035660
5076,-0.002156
5077,0.040541
5078,0.032191
5079,0.055420
5080,0.055209
5081,-0.006790
5082,-0.034407
5083,-0.074019
5084,-0.068515
5085,-0.019866
5086,0.057727
5087,0.092340
5088,0.084641
5089,0.042291
5090,0.045056
5091,-0.039860
5092,-0.098233
5093,-0.083874
5094,-0.081928
5095,-0.012318
5096,0.051816
5097,0.025911
5098,0.025151
5099,0.024973
5100,-0.076333
5101,-0.020644
5102,0.072021
5103,0.071798
5104,0.042869
5105,0.093058
5106,0.023196
5107,-0.052471
5108,-0.037049
5109,-0.027332
5110,-0.052098
5111,-0.022517
5112,0.016481
5113,0.029684
5114,0.028584
5115,-0.019260
5116,0.005815
5117,0.025426
5118,0.016870
5119,0.034546
5120,0.007117
5121,-0.023115
5122,-0.025964
5123,-0.026458
5124,-0.025588
5125,-0.050439
5126,-0.025723
5127,-0.037718
5128,-0.057404
5129,0.014837
5130,0.035868
5131,0.049646
5132,0.043942
5133,0.011164
5134,0.054445
5135,0.059411
5136,0.025087
5137,0.054305
5138,0.013194
5139,-0.042533
5140,-0.059666
5141,-0.034938
5142,-0.028057
5143,-0.010703
5144,-0.013683
5145,-0.007485
5146,-0.044318
5147,0.025341
5148,0.057932
5149,0.028781
5150,352.841156
5151,374.079651
5152,6.751433
5153,1662.631714
5154,1128.932129
5155,-62.542858
5156,-44.817680
5157,1.518610
5158,32.341396
5159,36.863087
5160,48.377831
5161,38.441128
5162,5.246350
5163,-19.691475
5164,-51.155163
5165,-58.173981
5166,-14.198956
5167,15.946827
5168,13.672953
5169,13.816949
5170,11.904453
5171,13.987912
5172,26.571365
5173,23.866795
5174,3.804514
5175,-21.508699
5176,-25.249149
5177,-17.326609
5178,-20.518656
5179,-5.271552
5180,10.778409
5181,12.120507
5182,0.565888
5183,-7.847395
5184,-2.229684
5185,-12.003876
5186,-17.409014
5187,7.215291
5188,26.779484
5189,32.051086
5190,24.582521
5191,11.544173
5192,-0.661219
5193,-20.288286
5194,-36.286404
5195,-34.247810
5196,-16.794928
5197,3.152390
5198,3.512197
5199,22.741203
5200,18.551516
5201,-2.695256
5202,-0.686231
5203,8.069163
5204,-0.004074
5205,-0.038518
5206,-0.063573
5207,-0.025703
5208,-0.006460
5209,-0.018021
5210,-0.011595
5211,0.015136
5212,0.065294
5213,0.036046
5214,0.005091
5215,0.059466
5216,0.054241
5217,0.027632
5218,0.039092
5219,-0.008801
5220,-0.074312
5221,-0.072486
5222,-0.085620
5223,-0.031769
5224,0.004935
5225,0.006633
5226,0.027754
5227,0.018284
5228,0.022416
5229,0.013203
5230,0.020357
5231,0.041293
5232,0.033097
5233,-0.034169
5234,-0.076982
5235,-0.058969
5236,0.012375
5237,-0.021797
5238,-0.001050
5239,0.014461
5240,0.041718
5241,0.068446
5242,0.014078
5243,-0.040107
5244,-0.039960
5245,-0.038689
5246,-0.056493
5247,-0.048135
5248,-0.021891
5249,0.022094
5250,0.034243
5251,-0.005645
5252,0.000852
5253,0.000408
5254,0.012181
5255,0.038066
5256,-0.026484
5257,-0.038012
5258,0.009675
5259,0.043531
5260,0.054728
5261,0.066739
5262,0.062523
5263,0.018077
5264,-0.018383
5265,-0.044454
5266,-0.085644
5267,-0.076119
5268,0.002813
5269,0.007037
5270,0.012867
5271,0.062714
5272,0.078220
5273,0.078125
5274,0.023902
5275,-0.043910
5276,-0.042237
5277,-0.063321
5278,-0.038912
5279,0.042008
5280,-0.039046
5281,0.009631
5282,0.034357
5283,0.027407
5284,0.019501
5285,-0.006019
5286,-0.046933
5287,-0.046254
5288,-0.018138
5289,-0.041069
5290,-0.031279
5291,-0.016566
5292,-0.020390
5293,0.055326
5294,0.040759
5295,0.013551
5296,-0.011019
5297,-0.027578
5298,-0.031650
5299,0.013610
5300,0.044186
5301,0.067377
5302,0.014193
5303,0.010210
5304,0.021191
5305,-0.036163
5306,-0.059069
5307,-0.034476
5308,-0.025750
5309,-0.006258
5310,-0.032139
5311,-0.014664
5312,0.021840
5313,0.027036
5314,0.017000
5315,0.007059
5316,0.054323
5317,0.069873
5318,0.033906
5319,0.014793
5320,-0.041845
5321,-0.051886
5322,-0.004086
5323,0.011368
5324,-0.020296
5325,-0.052359
5326,-0.042379
5327,-0.025357
5328,-0.018617
5329,-0.010017
5330,0.017939
5331,0.062126
5332,0.061711
5333,0.023037
5334,0.026405
5335,-0.001649
5336,-0.006855
5337,-0.037841
5338,-0.036351
5339,0.031486
5340,-0.021344
5341,-0.014657
5342,-0.024262
5343,-0.038311
5344,-0.040836
5345,-0.048794
5346,-0.001626
5347,-0.008019
5348,0.047548
5349,0.090322
5350,0.071636
5351,0.047231
5352,0.011056
5353,-0.000735
5354,-0.008490
5355,0.013996
5356,-0.000372
5357,-0.034927
5358,-0.046993
5359,-0.095321
5360,-0.078833
5361,-0.014574
5362,-0.001652
5363,0.060906
5364,0.135549
5365,0.109237
5366,0.081411
5367,0.012256
5368,-0.058209
5369,-0.056721
5370,-0.045214
5371,-0.067381
5372,-0.050299
5373,-0.082819
5374,-0.097795
5375,-0.037381
5376,-0.043399
5377,0.046424
5378,0.101716
5379,0.108961
5380,0.068097
5381,-0.010062
5382,-0.042718
5383,-0.041610
5384,-0.011566
5385,0.031247
5386,0.007816
5387,0.016255
5388,-0.000252
5389,0.010822
5390,0.056722
5391,0.055536
5392,-0.048026
5393,-0.078255
5394,-0.023259
5395,-0.020223
5396,-0.043587
5397,-0.028163
5398,0.036969
5399,0.046355
5400,0.078401
5401,0.081991
5402,0.014739
5403,-0.045649
5404,-0.071838
5405,-0.080350
5406,-0.040233
5407,-0.023032
5408,-0.021038
5409,0.010293
5410,0.045075
5411,0.060406
5412,0.051120
5413,0.021900
5414,0.003290
5415,0.026467
5416,0.035254
5417,-0.018695
5418,-0.000919
5419,-0.042018
5420,-0.082614
5421,-0.089428
5422,-0.091798
5423,-0.018960
5424,0.033379
5425,0.125164
5426,0.119279
5427,0.012281
5428,0.005777
5429,0.031045
5430,-0.028535
5431,-0.052853
5432,-0.041650
5433,-0.028031
5434,0.008892
5435,0.003440
5436,0.012604
5437,0.003284
5438,-0.031572
5439,0.014478
5440,0.021541
5441,0.009876
5442,0.020811
5443,0.043949
5444,0.043800
5445,-0.007380
5446,-0.003494
5447,-0.049365
5448,-0.027369
5449,-0.027768
5450,-0.018534
5451,0.026480
5452,0.036605
5453,-0.039269
5454,-0.088188
5455,-0.056800
5456,-0.059794
5457,-0.078882
5458,-0.055615
5459,0.038264
5460,0.101495
5461,0.103983
5462,0.023178
5463,-0.047536
5464,-0.030364
5465,-0.020858
5466,0.053645
5467,0.093559
5468,-0.000588
5469,-0.026717
5470,0.033661
5471,0.033165
5472,-0.011052
5473,0.019148
5474,-0.031450
5475,-0.056071
5476,-0.004839
5477,0.003558
5478,0.007037
5479,0.074105
5480,0.048038
5481,0.033581
5482,-0.023268
5483,-0.056230
5484,-0.019559
5485,-0.065481
5486,-0.075879
5487,0.039564
5488,0.035933
5489,0.014820
5490,-0.013142
5491,-0.005771
5492,0.010221
5493,0.038441
5494,0.073467
5495,0.041888
5496,-0.003806
5497,-0.035009
5498,-0.017913
5499,-0.025630
5500,-0.046827
5501,-0.072167
5502,-0.071177
5503,0.009696
5504,-0.044211
5505,-0.030744
5506,0.042059
5507,0.020365
5508,0.003651
5509,0.022351
5510,0.009248
5511,0.019354
5512,0.030638
5513,-0.001813
5514,0.014518
5515,0.016532
5516,-0.068678
5517,-0.088729
5518,-0.020943
5519,0.010714
5520,0.082494
5521,0.101213
5522,0.034491
5523,0.002749
5524,0.009085
5525,-0.048263
5526,-0.033783
5527,-0.010364
5528,0.004390
5529,0.048950
5530,-0.021658
5531,-0.024143
5532,-0.018643
5533,-0.002665
5534,-0.001278
5535,-0.055147
5536,-0.046315
5537,0.029147
5538,0.080719
5539,0.056507
5540,0.052029
5541,0.035438
5542,-0.010840
5543,-0.032643
5544,-0.061977
5545,-0.059242
5546,-0.098621
5547,-0.058061
5548,-0.045898
5549,-0.049078
5550,0.037162
5551,0.048775
5552,0.051123
5553,0.063611
5554,0.029687
5555,0.043081
5556,0.056028
5557,0.019006
5558,0.017384
5559,-0.016163
5560,-0.025265
5561,-0.007613
5562,-0.022935
5563,-0.029803
5564,-0.034884
5565,-0.003142
5566,-0.005634
5567,0.003180
5568,0.059986
5569,0.029714
5570,-0.049386
5571,-0.062527
5572,-0.046151
5573,0.010584
5574,0.060172
5575,0.105598
5576,0.076766
5577,0.024664
5578,-0.061914
5579,-0.119225
5580,-0.099749
5581,-0.071467
5582,-0.016320
5583,0.032465
5584,0.017527
5585,0.066720
5586,0.118240
5587,0.083413
5588,0.024600
5589,0.023079
5590,-0.023096
5591,-0.012538
5592,-0.013969
5593,-0.061979
5594,-0.111415
5595,-0.090392
5596,-0.052802
5597,0.033301
5598,0.069429
5599,0.047392
5600,0.031030
5601,-0.002629
5602,-0.024546
5603,-0.042290
5604,-0.029798
5605,-0.006249
5606,-0.048079
5607,-0.046702
5608,-0.045005
5609,-0.015258
5610,0.042556
5611,0.070399
5612,0.069199
5613,0.017671
5614,-0.010849
5615,0.015913
5616,0.012401
5617,-0.031208
5618,-0.056959
5619,-0.033359
5620,0.030972
5621,-0.014241
5622,-0.003215
5623,0.000514
5624,-0.009938
5625,0.032354
5626,0.060704
5627,0.080002
5628,0.040655
5629,-0.039195
5630,-0.075722
5631,-0.060872
5632,-0.049754
5633,-0.039360
5634,-0.048943
5635,-0.013505
5636,0.053048
5637,0.037675
5638,0.044559
5639,0.038304
5640,0.038545
5641,0.044952
5642,0.011117
5643,-0.001230
5644,0.009277
5645,-0.018610
5646,-0.026854
5647,-0.048401
5648,-0.047293
5649,0.017375
5650,0.016133
5651,0.004898
5652,-0.013884
5653,0.030853
5654,341.490356
5655,335.195526
5656,6.523709
5657,1717.283691
5658,1115.643311
5659,16.793978
5660,-20.982428
5661,-41.979313
5662,-33.141087
5663,-9.083770
5664,-3.286289
5665,0.868203
5666,11.623323
5667,18.543383
5668,14.141377
5669,-12.487844
5670,-12.162893
5671,-9.440665
5672,18.762691
5673,13.201400
5674,16.826889
5675,9.514257
5676,1.427489
5677,-4.765698
5678,4.357346
5679,-0.132159
5680,-15.632728
5681,-41.618332
5682,-38.103798
5683,-16.056164
5684,-5.826666
5685,6.818209
5686,23.904633
5687,50.384197
5688,63.939957
5689,49.484207
5690,23.511320
5691,-15.908328
5692,-49.487457
5693,-49.414024
5694,-47.360878
5695,-34.823490
5696,-8.358754
5697,4.348755
5698,13.168951
5699,34.130566
5700,34.162838
5701,6.007584
5702,-10.011713
5703,-28.835857
5704,-20.668179
5705,-3.764109
5706,2.648004
5707,4.025309
5708,0.020911
5709,-0.006557
5710,0.020131
5711,0.013139
5712,-0.022905
5713,-0.039040
5714,-0.027248
5715,-0.015348
5716,-0.029802
5717,-0.040340
5718,-0.060627
5719,-0.030562
5720,0.071662
5721,0.068476
5722,0.049895
5723,0.016028
5724,-0.002810
5725,0.008254
5726,0.025760
5727,0.032689
5728,0.012759
5729,-0.058405
5730,-0.126368
5731,-0.088588
5732,-0.039244
5733,0.017380
5734,0.051485
5735,0.088335
5736,0.063921
5737,0.033125
5738,0.010665
5739,-0.026891
5740,-0.046466
5741,-0.037371
5742,0.000726
5743,0.012472
5744,0.010574
5745,-0.032047
5746,-0.021726
5747,-0.031174
5748,-0.027765
5749,0.038192
5750,0.037439
5751,0.069444
5752,0.061642
5753,0.034836
5754,0.037677
5755,-0.003383
5756,-0.044012
5757,-0.079744
5758,-0.063745
5759,-0.011612
5760,-0.002368
5761,-0.003583
5762,0.028782
5763,-0.010310
5764,-0.031891
5765,0.012114
5766,0.031056
5767,0.025408
5768,0.012889
5769,0.026839
5770,-0.014391
5771,-0.001168
5772,0.008901
5773,-0.000301
5774,-0.104008
5775,-0.075273
5776,-0.003292
5777,0.030242
5778,0.048518
5779,0.033991
5780,0.024378
5781,0.018263
5782,0.011034
5783,0.057246
5784,0.027416
5785,-0.039870
5786,-0.050613
5787,-0.047639
5788,0.049729
5789,0.068153
5790,0.051048
5791,0.050929
5792,0.013418
5793,-0.031896
5794,-0.108745
5795,-0.094785
5796,-0.053079
5797,-0.020279
5798,-0.027254
5799,-0.019574
5800,0.018209
5801,0.050285
5802,0.013676
5803,-0.019975
5804,0.008372
5805,0.046663
5806,-0.025331
5807,-0.073765
5808,-0.027012
5809,0.024744
5810,0.052597
5811,0.032706
5812,0.071184
5813,0.056264
5814,0.043023
5815,0.035270
5816,-0.042895
5817,-0.123199
5818,-0.133168
5819,-0.053252
5820,0.005967
5821,0.051305
5822,0.062868
5823,0.047663
5824,0.078151
5825,0.064254
5826,0.006860
5827,-0.002275
5828,-0.013012
5829,-0.025965
5830,-0.021406
5831,-0.073422
5832,-0.066796
5833,-0.011312
5834,-0.019322
5835,-0.022774
5836,0.032015
5837,0.032170
5838,0.035046
5839,0.073166
5840,0.062293
5841,0.037123
5842,0.002977
5843,-0.044172
5844,-0.065561
5845,-0.092102
5846,-0.111149
5847,-0.022255
5848,0.025586
5849,-0.037152
5850,0.025794
5851,0.026337
5852,-0.016478
5853,0.018764
5854,0.065980
5855,0.088107
5856,0.073902
5857,0.058083
5858,0.003682
5859,-0.047711
5860,-0.096689
5861,-0.055341
5862,-0.008586
5863,0.014912
5864,0.059430
5865,0.018144
5866,-0.026043
5867,-0.009985
5868,0.028646
5869,0.003696
5870,-0.004989
5871,-0.012863
5872,-0.011530
5873,-0.009731
5874,-0.024192
5875,0.002205
5876,-0.027863
5877,-0.042042
5878,0.016775
5879,0.031845
5880,0.058534
5881,0.042155
5882,-0.048876
5883,-0.032011
5884,-0.002333
5885,-0.004908
5886,0.001524
5887,-0.014341
5888,0.021266
5889,0.005659
5890,-0.005538
5891,-0.003266
5892,0.003549
5893,-0.009282
5894,-0.038455
5895,-0.013727
5896,-0.001655
5897,0.010950
5898,0.013377
5899,0.003287
5900,0.003594
5901,0.019647
5902,-0.029456
5903,-0.029637
5904,-0.028528
5905,-0.023966
5906,0.010417
5907,0.013120
5908,0.020517
5909,-0.017279
5910,0.012414
5911,-0.010709
5912,0.040434
5913,0.080976
5914,0.072916
5915,0.000328
5916,-0.022079
5917,-0.035404
5918,-0.056737
5919,-0.106414
5920,-0.072250
5921,-0.003560
5922,0.048873
5923,0.063352
5924,0.063656
5925,0.060455
5926,0.031888
5927,-0.016514
5928,-0.043025
5929,-0.042282
5930,-0.055488
5931,-0.053321
5932,-0.014664
5933,0.037219
5934,0.047929
5935,-0.010872
5936,-0.001468
5937,0.040368
5938,0.035903
5939,0.039693
5940,0.030339
5941,0.031897
5942,-0.013463
5943,-0.065669
5944,-0.089045
5945,-0.051623
5946,-0.062061
5947,0.000160
5948,0.027273
5949,0.029764
5950,-0.008379
5951,-0.012950
5952,-0.007263
5953,0.008891
5954,-0.033363
5955,-0.067387
5956,0.010772
5957,0.093741
5958,0.157458
5959,0.131901
5960,0.055509
5961,-0.011637
5962,-0.074228
5963,-0.096901
5964,-0.037149
5965,-0.043561
5966,-0.016056
5967,0.008931
5968,0.027062
5969,-0.002179
5970,0.043787
5971,0.010300
5972,-0.013713
5973,-0.014361
5974,-0.031014
5975,-0.019283
5976,0.016203
5977,0.015436
5978,0.000925
5979,-0.034202
5980,-0.029713
5981,-0.053515
5982,-0.051495
5983,-0.008953
5984,0.037370
5985,0.046089
5986,0.000533
5987,0.004411
5988,0.033966
5989,0.037317
5990,0.032991
5991,0.005613
5992,-0.073638
5993,-0.041014
5994,-0.061417
5995,-0.088631
5996,-0.041314
5997,0.031112
5998,0.030518
5999,0.111995
6000,0.128865
6001,0.086664
6002,0.050811
6003,0.016986
6004,-0.055797
6005,-0.140257
6006,-0.121820
6007,-0.035337
6008,0.058545
6009,0.083498
6010,0.055042
6011,0.058473
6012,-0.000225
6013,-0.044236
6014,-0.016587
6015,0.021049
6016,0.057739
6017,0.018269
6018,-0.025364
6019,-0.054618
6020,-0.077535
6021,-0.034244
6022,0.024095
6023,0.050434
6024,0.054035
6025,0.017159
6026,-0.017205
6027,0.006507
6028,0.010610
6029,-0.027771
6030,-0.013336
6031,0.018487
6032,-0.035835
6033,-0.098796
6034,-0.076973
6035,-0.024481
6036,0.008895
6037,0.075804
6038,0.123617
6039,0.063958
6040,0.022732
6041,0.011077
6042,-0.007013
6043,-0.027516
6044,-0.053698
6045,-0.070035
6046,-0.029262
6047,0.020041
6048,0.014368
6049,0.057272
6050,0.079888
6051,0.004908
6052,-0.071733
6053,-0.092156
6054,-0.129669
6055,-0.085002
6056,0.032331
6057,0.114157
6058,0.142204
6059,0.076513
6060,0.067949
6061,0.064341
6062,-0.034446
6063,-0.075332
6064,-0.069282
6065,-0.053366
6066,0.004207
6067,0.045125
6068,0.058975
6069,0.016867
6070,0.003848
6071,-0.031069
6072,-0.086729
6073,-0.065576
6074,-0.066384
6075,-0.065384
6076,-0.014211
6077,0.014977
6078,0.004593
6079,0.046475
6080,0.030219
6081,0.022964
6082,0.006975
6083,0.038501
6084,0.030663
6085,0.006700
6086,-0.002280
6087,-0.031843
6088,-0.023401
6089,-0.003744
6090,-0.021706
6091,-0.022441
6092,-0.015835
6093,0.017876
6094,0.086787
6095,0.049242
6096,0.015741
6097,-0.031445
6098,-0.018088
6099,-0.002989
6100,-0.026827
6101,-0.024233
6102,-0.019715
6103,-0.018419
6104,0.011766
6105,-0.002273
6106,0.024342
6107,0.062375
6108,0.058247
6109,0.007428
6110,-0.024769
6111,-0.023494
6112,-0.025920
6113,-0.031930
6114,-0.012046
6115,0.013656
6116,0.034681
6117,-0.025188
6118,-0.035458
6119,-0.057292
6120,-0.090374
6121,-0.042561
6122,0.013058
6123,0.021324
6124,0.038305
6125,0.059152
6126,0.054560
6127,0.035811
6128,0.075241
6129,0.090330
6130,-0.039651
6131,-0.126786
6132,-0.086376
6133,-0.016107
6134,0.049559
6135,0.048920
6136,-0.029121
6137,-0.040813
6138,-0.027035
6139,-0.035281
6140,-0.001378
6141,0.033007
6142,0.016872
6143,0.058752
6144,0.067226
6145,0.053041
6146,0.035727
6147,-0.026691
6148,-0.050890
6149,-0.084855
6150,-0.042097
6151,0.016183
6152,-0.005641
6153,0.041470
6154,0.000618
6155,-0.009524
6156,0.023177
6157,0.002715
6158,330.139587
6159,296.311401
6160,6.295986
6161,1771.935669
6162,1063.456055
6163,-13.140607
6164,-9.934735
6165,-8.780404
6166,3.623244
6167,4.278054
6168,0.590382
6169,14.602896
6170,12.030907
6171,10.747651
6172,-6.334321
6173,-29.524364
6174,-27.191805
6175,11.967141
6176,40.996670
6177,51.538975
6178,45.598866
6179,-8.557410
6180,-57.937183
6181,-60.056980
6182,-41.796726
6183,-18.994923
6184,15.643772
6185,27.882195
6186,43.559952
6187,33.051399
6188,-5.818722
6189,-19.611553
6190,-10.256447
6191,-8.530691
6192,-5.759983
6193,13.087459
6194,18.011585
6195,16.698343
6196,13.246392
6197,-5.123290
6198,-17.219088
6199,-27.280434
6200,-26.171345
6201,-14.291553
6202,-3.918293
6203,12.280673
6204,21.915335
6205,13.084599
6206,20.562557
6207,14.217961
6208,-13.757182
6209,-30.654539
6210,-33.019543
6211,-29.918659
6212,-0.010153
6213,-0.001217
6214,-0.021189
6215,-0.041612
6216,0.035473
6217,0.056335
6218,0.039895
6219,0.032910
6220,-0.010986
6221,-0.045401
6222,-0.070605
6223,-0.067806
6224,0.031326
6225,0.006316
6226,0.009764
6227,0.045699
6228,0.032246
6229,-0.003578
6230,-0.000386
6231,0.010262
6232,0.026262
6233,-0.027377
6234,-0.012250
6235,-0.002353
6236,-0.038913
6237,0.016338
6238,0.055553
6239,-0.018719
6240,0.010565
6241,0.029159
6242,-0.053965
6243,-0.104982
6244,-0.070448
6245,-0.045829
6246,-0.009412
6247,0.086735
6248,0.138116
6249,0.053590
6250,0.024401
6251,0.012945
6252,-0.016726
6253,-0.020921
6254,-0.035966
6255,-0.028203
6256,-0.083729
6257,-0.053447
6258,0.008941
6259,-0.008909
6260,-0.003077
6261,0.049366
6262,0.074223
6263,0.075020
6264,0.023100
6265,0.001831
6266,-0.033549
6267,-0.036990
6268,-0.013482
6269,-0.020355
6270,-0.031516
6271,0.021316
6272,0.061784
6273,-0.004774
6274,-0.049320
6275,-0.030923
6276,0.000893
6277,-0.046081
6278,0.018091
6279,0.033808
6280,-0.017103
6281,-0.030343
6282,-0.006150
6283,-0.036857
6284,-0.038762
6285,0.003406
6286,0.035984
6287,0.042835
6288,0.079792
6289,0.030210
6290,-0.041389
6291,-0.047686
6292,-0.031155
6293,-0.010024
6294,0.033475
6295,0.058015
6296,0.043164
6297,-0.006977
6298,-0.063283
6299,-0.074404
6300,0.005384
6301,0.011182
6302,0.006630
6303,0.035600
6304,0.061519
6305,0.089721
6306,0.029225
6307,-0.006996
6308,-0.075047
6309,-0.100930
6310,-0.102283
6311,-0.068206
6312,0.005003
6313,0.006949
6314,0.040169
6315,0.069094
6316,0.052122
6317,-0.007391
6318,-0.085187
6319,-0.061446
6320,0.010458
6321,0.069761
6322,0.081743
6323,0.080900
6324,0.019360
6325,-0.068015
6326,-0.103849
6327,-0.098317
6328,-0.081803
6329,-0.021243
6330,0.055378
6331,0.106080
6332,0.062457
6333,0.014454
6334,-0.031229
6335,-0.023005
6336,0.007200
6337,-0.000055
6338,0.027853
6339,0.054811
6340,-0.008685
6341,0.000879
6342,0.022541
6343,-0.014134
6344,-0.052864
6345,-0.024819
6346,-0.027020
6347,-0.032104
6348,-0.055290
6349,0.015734
6350,0.096881
6351,0.063129
6352,0.067378
6353,0.021559
6354,-0.050998
6355,-0.092430
6356,-0.067561
6357,-0.010573
6358,0.014736
6359,0.042643
6360,0.007157
6361,-0.056623
6362,-0.042822
6363,0.025819
6364,0.040843
6365,0.036278
6366,0.063685
6367,0.010342
6368,-0.060226
6369,-0.024321
6370,0.031361
6371,0.007882
6372,-0.014925
6373,0.026239
6374,0.023796
6375,0.031382
6376,0.023384
6377,0.043539
6378,-0.003855
6379,-0.041749
6380,-0.079150
6381,-0.120816
6382,-0.113211
6383,-0.074937
6384,0.012740
6385,0.044585
6386,0.095337
6387,0.123539
6388,0.062805
6389,-0.020047
6390,-0.064692
6391,-0.054899
6392,-0.039385
6393,-0.035123
6394,0.014560
6395,0.065511
6396,0.069109
6397,0.019263
6398,-0.007627
6399,-0.055032
6400,-0.079262
6401,-0.057756
6402,-0.009594
6403,0.023420
6404,0.030725
6405,0.055051
6406,0.037430
6407,-0.022172
6408,-0.039866
6409,-0.053920
6410,-0.035056
6411,-0.061050
6412,-0.055548
6413,-0.023242
6414,0.060980
6415,0.160368
6416,0.126412
6417,0.098859
6418,0.080364
6419,-0.003090
6420,-0.032264
6421,-0.026010
6422,-0.023060
6423,-0.040115
6424,-0.031363
6425,-0.073278
6426,-0.086608
6427,-0.032432
6428,0.001426
6429,0.043012
6430,0.075867
6431,0.042593
6432,0.032537
6433,-0.015999
6434,-0.058693
6435,-0.019321
6436,-0.061077
6437,-0.054151
6438,-0.007777
6439,-0.037167
6440,0.020710
6441,0.023385
6442,0.003142
6443,0.032220
6444,-0.007080
6445,0.020439
6446,0.063459
6447,0.024958
6448,0.026438
6449,-0.019531
6450,-0.004383
6451,-0.028923
6452,-0.025909
6453,-0.019504
6454,0.006009
6455,-0.011016
6456,-0.036166
6457,-0.031601
6458,0.003287
6459,0.098510
6460,0.060569
6461,0.040671
6462,0.038957
6463,-0.065866
6464,-0.089823
6465,-0.012671
6466,0.049246
6467,0.028437
6468,-0.024077
6469,-0.009871
6470,0.002674
6471,-0.000999
6472,0.012936
6473,-0.025685
6474,-0.028662
6475,-0.012377
6476,-0.000551
6477,0.013006
6478,-0.037366
6479,-0.042122
6480,0.015892
6481,0.028315
6482,0.040468
6483,0.002358
6484,-0.006042
6485,0.001430
6486,-0.001627
6487,0.013854
6488,0.016303
6489,0.008465
6490,0.051655
6491,0.001752
6492,0.011910
6493,0.048398
6494,-0.032667
6495,-0.049374
6496,-0.055035
6497,-0.052839
6498,-0.024071
6499,-0.063658
6500,0.018411
6501,0.074111
6502,0.056348
6503,0.020076
6504,-0.024905
6505,0.010680
6506,0.033206
6507,0.002243
6508,0.000156
6509,-0.037999
6510,-0.086538
6511,-0.090093
6512,322.166992
6513,268.999939
6514,6.136036
6515,1810.322144
6516,1039.135742
6517,-17.651812
6518,-45.526318
6519,-28.343142
6520,10.215350
6521,38.316071
6522,36.284344
6523,9.509311
6524,-2.666794
6525,-0.511388
6526,-2.267173
6527,9.460450
6528,-11.253777
6529,-23.709499
6530,-21.968346
6531,-32.269768
6532,-12.189108
6533,11.443019
6534,16.055918
6535,4.137282
6536,8.795753
6537,18.506840
6538,-0.638330
6539,16.730478
6540,35.274899
6541,34.356411
6542,-2.499682
6543,-62.199657
6544,-68.947868
6545,-46.243690
6546,5.461461
6547,34.773880
6548,37.926807
6549,40.096783
6550,32.515884
6551,-7.010743
6552,-25.723259
6553,-10.383323
6554,13.569476
6555,-3.474495
6556,-13.417922
6557,-11.546344
6558,-20.840305
6559,-29.703266
6560,-8.736693
6561,15.030021
6562,46.448742
6563,51.837093
6564,26.692245
6565,-5.142512
6566,-0.049705
6567,0.057172
6568,0.064461
6569,0.028654
6570,-0.020051
6571,-0.066008
6572,-0.029606
6573,-0.011965
6574,0.026172
6575,0.043818
6576,0.016836
6577,0.025464
6578,0.019812
6579,-0.038775
6580,0.034816
6581,0.091361
6582,0.073804
6583,0.013538
6584,-0.051979
6585,-0.046535
6586,0.016680
6587,0.023674
6588,0.028887
6589,-0.007032
6590,0.013846
6591,0.030083
6592,-0.027280
6593,-0.055483
6594,-0.045139
6595,-0.047474
6596,-0.089755
6597,-0.056204
6598,-0.000469
6599,0.109566
6600,0.064170
6601,-0.026471
6602,-0.038480
6603,-0.008278
6604,-0.001575
6605,0.028652
6606,0.012698
6607,0.011892
6608,-0.011496
6609,-0.052517
6610,-0.043456
6611,-0.063322
6612,-0.005919
6613,-0.010904
6614,0.001340
6615,0.042315
6616,0.061409
6617,0.051589
6618,0.081223
6619,0.066204
6620,-0.067512
6621,-0.085678
6622,-0.010561
6623,-0.001324
6624,0.031516
6625,0.066722
6626,0.011787
6627,-0.042908
6628,0.016206
6629,-0.056008
6630,-0.067551
6631,-0.032949
6632,0.039761
6633,0.079549
6634,0.020850
6635,0.026869
6636,0.023277
6637,-0.010639
6638,-0.002995
6639,0.017464
6640,-0.000695
6641,-0.054939
6642,-0.098669
6643,-0.060030
6644,-0.005465
6645,0.020685
6646,0.002480
6647,-0.003025
6648,-0.027917
6649,0.015822
6650,0.053759
6651,0.007413
6652,-0.031383
6653,0.009661
6654,0.062505
6655,0.011183
6656,-0.000493
6657,-0.032473
6658,-0.030710
6659,0.041426
6660,0.003880
6661,-0.014104
6662,-0.001885
6663,0.020414
6664,0.005465
6665,-0.004470
6666,0.024338
6667,0.014901
6668,-0.018181
6669,-0.032034
6670,0.061104
6671,0.066204
6672,-0.013209
6673,0.017540
6674,0.018171
6675,-0.065324
6676,-0.044786
6677,-0.038054
6678,-0.064657
6679,-0.069992
6680,-0.120693
6681,-0.051265
6682,0.002107
6683,0.025889
6684,0.075818
6685,0.077983
6686,0.091472
6687,0.075601
6688,0.040298
6689,-0.037770
6690,-0.065272
6691,-0.083906
6692,-0.078761
6693,-0.031123
6694,0.010315
6695,-0.038626
6696,-0.019841
6697,0.034344
6698,0.061598
6699,0.027852
6700,-0.025709
6701,-0.014118
6702,-0.004518
6703,0.039938
6704,0.070648
6705,0.062354
6706,0.003955
6707,-0.022364
6708,-0.100043
6709,-0.033495
6710,0.041454
6711,0.033388
6712,0.031492
6713,-0.003703
6714,-0.021766
6715,-0.014822
6716,-0.063025
6717,-0.045498
6718,0.074712
6719,0.107223
6720,0.102694
6721,0.060895
6722,0.044774
6723,-0.005957
6724,-0.116517
6725,-0.152030
6726,-0.128664
6727,-0.062390
6728,0.045239
6729,0.088599
6730,0.060496
6731,0.049248
6732,0.009198
6733,-0.026352
6734,-0.055557
6735,-0.042824
6736,0.007205
6737,0.022394
6738,0.030008
6739,-0.018180
6740,0.006866
6741,0.034698
6742,-0.021655
6743,0.008192
6744,-0.041179
6745,-0.122670
6746,-0.091972
6747,0.013632
6748,0.061568
6749,0.012135
6750,-0.017993
6751,-0.006687
6752,0.011870
6753,0.043871
6754,0.073371
6755,-0.000778
6756,-0.020717
6757,0.002698
6758,-0.047772
6759,0.011740
6760,0.007295
6761,0.022621
6762,0.061208
6763,0.070408
6764,0.054516
6765,-0.005536
6766,-0.005373
6767,-0.044486
6768,-0.053860
6769,-0.002469
6770,-0.005018
6771,-0.047657
6772,0.019064
6773,0.014671
6774,0.006412
6775,-0.048482
6776,-0.012838
6777,0.044244
6778,-0.023743
6779,-0.006694
6780,-0.007043
6781,-0.056556
6782,0.047263
6783,0.092558
6784,0.113588
6785,0.151529
6786,0.024665
6787,-0.078760
6788,-0.145257
6789,-0.166393
6790,-0.137330
6791,-0.088655
6792,-0.036326
6793,0.012309
6794,0.069732
6795,0.042873
6796,0.006672
6797,0.007340
6798,0.049321
6799,0.070954
6800,0.010175
6801,0.065793
6802,0.017424
6803,-0.027226
6804,-0.001536
6805,-0.026810
6806,-0.065178
6807,-0.038212
6808,-0.028039
6809,-0.026939
6810,-0.009568
6811,0.062264
6812,0.090042
6813,0.079022
6814,-0.017090
6815,-0.031070
6816,-0.016831
6817,0.039622
6818,0.076443
6819,0.045881
6820,0.003652
6821,0.032267
6822,-0.036262
6823,-0.067003
6824,-0.078787
6825,-0.059893
6826,-0.032156
6827,-0.002921
6828,0.013972
6829,-0.031343
6830,-0.014516
6831,-0.041620
6832,-0.028825
6833,0.019607
6834,0.015335
6835,0.036383
6836,0.079379
6837,0.069843
6838,0.063601
6839,-0.053339
6840,-0.084616
6841,-0.068279
6842,-0.033261
6843,0.010510
6844,0.019247
6845,0.050056
6846,0.107119
6847,0.078954
6848,0.038609
6849,-0.002737
6850,-0.073537
6851,-0.023679
6852,-0.118153
6853,-0.067265
6854,0.084009
6855,0.092884
6856,0.089944
6857,0.008651
6858,-0.092123
6859,-0.064610
6860,-0.036435
6861,0.008027
6862,0.071169
6863,0.018611
6864,0.006459
6865,-0.052738
6866,-0.076911
6867,-0.010815
6868,0.010894
6869,0.030743
6870,0.014589
6871,-0.016937
6872,-0.021363
6873,-0.016280
6874,-0.017481
6875,-0.038147
6876,0.004218
6877,-0.002626
6878,0.002266
6879,0.013094
6880,0.042086
6881,0.019366
6882,0.005265
6883,0.018245
6884,-0.006668
6885,-0.044352
6886,-0.056004
6887,-0.076526
6888,-0.006104
6889,-0.011563
6890,0.030197
6891,0.083368
6892,0.092609
6893,0.117282
6894,0.034418
6895,0.020168
6896,-0.038064
6897,-0.030891
6898,0.001344
6899,-0.065403
6900,0.001486
6901,0.024992
6902,0.029528
6903,0.031879
6904,-0.022128
6905,0.000727
6906,-0.048292
6907,-0.044301
6908,0.001088
6909,0.014557
6910,0.028446
6911,-0.044002
6912,-0.057378
6913,-0.086789
6914,-0.013273
6915,0.083437
6916,0.046561
6917,0.085409
6918,0.069887
6919,-0.047128
6920,-0.034720
6921,-0.081106
6922,-0.088376
6923,-0.117605
6924,-0.121385
6925,0.011744
6926,0.032492
6927,0.014490
6928,0.032964
6929,0.021370
6930,0.090241
6931,0.091212
6932,0.033958
6933,0.061419
6934,0.020604
6935,0.057280
6936,-0.001908
6937,-0.109616
6938,-0.072846
6939,-0.088529
6940,-0.047536
6941,0.003653
6942,0.005104
6943,0.119153
6944,-0.004097
6945,-0.006186
6946,0.042862
6947,-0.018063
6948,0.047053
6949,0.004844
6950,0.046701
6951,0.036506
6952,-0.020968
6953,0.037174
6954,-0.074281
6955,-0.042562
6956,0.042138
6957,0.018937
6958,0.003172
6959,-0.076901
6960,-0.052798
6961,-0.022027
6962,-0.015165
6963,0.042524
6964,0.024784
6965,0.051796
6966,0.044690
6967,-0.046163
6968,-0.015225
6969,-0.013474
6970,-0.059704
6971,-0.032908
6972,-0.034738
6973,-0.014609
6974,0.004070
6975,-0.045964
6976,-0.021860
6977,-0.000187
6978,0.070607
6979,0.065140
6980,0.036945
6981,0.090447
6982,0.037609
6983,0.017031
6984,-0.047551
6985,-0.075698
6986,-0.050976
6987,-0.013394
6988,0.044082
6989,0.000298
6990,-0.032910
6991,-0.045447
6992,-0.037876
6993,-0.048040
6994,-0.007190
6995,0.053105
6996,0.058830
6997,0.051708
6998,0.008184
6999,-0.008956
7000,0.030696
7001,-0.029550
7002,0.011375
7003,0.029247
7004,-0.069094
7005,-0.004447
7006,-0.012731
7007,-0.039377
7008,0.034504
7009,-0.002651
7010,0.011254
7011,0.027240
7012,-0.002977
7013,0.039074
7014,0.085164
7015,-0.012833
7016,-0.034055
7017,-0.047958
7018,-0.097223
7019,-0.054065
7020,-0.051982
7021,-0.049015
7022,0.019369
7023,0.029740
7024,0.068971
7025,0.053114
7026,-0.040611
7027,-0.052561
7028,0.005623
7029,0.036070
7030,0.028585
7031,0.025455
7032,0.016359
7033,0.001912
7034,-0.055044
7035,-0.034815
7036,-0.005033
7037,-0.005784
7038,-0.007466
7039,0.059662
7040,0.069976
7041,0.038410
7042,0.032707
7043,-0.016230
7044,-0.018206
7045,-0.078275
7046,-0.099586
7047,-0.013811
7048,-0.010701
7049,0.001285
7050,0.059272
7051,0.015001
7052,0.019559
7053,0.065666
7054,0.008948
7055,0.011336
7056,0.043599
7057,0.001781
7058,0.018038
7059,0.010299
7060,-0.031292
7061,-0.007887
7062,-0.052372
7063,-0.070827
7064,0.017735
7065,0.050287
7066,0.011011
7067,0.027387
7068,-0.025599
7069,-0.056771
7070,-0.066670
7071,-0.053713
7072,0.049721
7073,0.056392
7074,0.043436
7075,0.058448
7076,-0.035157
7077,0.003928
7078,0.035578
7079,-0.047447
7080,-0.065847
7081,-0.020924
7082,-0.015970
7083,0.032248
7084,0.013360
7085,-0.019755
7086,0.056470
7087,0.014925
7088,-0.012498
7089,0.010133
7090,0.030290
7091,0.076527
7092,0.041590
7093,-0.027261
7094,-0.085414
7095,-0.134802
7096,-0.139005
7097,-0.024543
7098,-0.004933
7099,-0.033656
7100,-0.035823
7101,-0.029418
7102,0.064016
7103,0.119392
7104,0.126946
7105,0.119433
7106,0.128773
7107,0.062950
7108,0.025253
7109,-0.024619
7110,-0.126467
7111,-0.141280
7112,-0.164349
7113,-0.068460
7114,0.066827
7115,0.073827
7116,0.077669
7117,0.023353
7118,-0.007466
7119,0.004546
7120,-0.010119
7121,-0.027328
7122,-0.051722
7123,-0.003709
7124,-0.047394
7125,-0.004548
7126,0.052205
7127,0.066797
7128,0.089664
7129,0.011827
7130,-0.039098
7131,-0.059643
7132,-0.093043
7133,-0.079455
7134,0.015969
7135,0.042747
7136,0.051526
7137,0.078553
7138,0.016115
7139,0.036738
7140,-0.001912
7141,-0.058541
7142,0.044915
7143,0.004980
7144,-0.105797
7145,-0.043040
7146,-0.055797
7147,-0.051808
7148,0.025820
7149,-0.004302
7150,0.046434
7151,0.023234
7152,0.006116
7153,0.074007
7154,0.023520
7155,-0.041471
7156,-0.005496
7157,-0.017409
7158,0.011965
7159,0.056619
7160,0.009651
7161,0.024496
7162,-0.025435
7163,-0.027826
7164,0.016578
7165,-0.030365
7166,-0.017763
7167,0.019443
7168,-0.021418
7169,-0.009450
7170,-0.010016
7171,-0.048187
7172,0.053225
7173,0.035025
7174,0.014830
7175,0.042446
7176,-0.035333
7177,-0.042709
7178,-0.034419
7179,-0.029111
7180,-0.024315
7181,-0.035267
7182,-0.040971
7183,0.013529
7184,-0.009609
7185,0.036869
7186,0.010982
7187,-0.006217
7188,0.062833
7189,0.054123
7190,0.013448
7191,0.050175
7192,0.014478
7193,0.006828
7194,-0.029020
7195,-0.066470
7196,-0.066319
7197,-0.034704
7198,-0.018554
7199,0.071125
7200,0.072753
7201,0.062121
7202,0.046798
7203,-0.058597
7204,-0.001058
7205,0.025428
7206,-0.031727
7207,-0.053123
7208,-0.028545
7209,0.056042
7210,0.050392
7211,0.012627
7212,-0.009525
7213,-0.096408
7214,-0.110180
7215,-0.071858
7216,-0.038258
7217,0.042495
7218,0.061027
7219,0.015349
7220,0.072395
7221,0.031335
7222,0.023701
7223,0.034256
7224,0.038172
7225,-0.028830
7226,-0.058043
7227,-0.018484
7228,-0.023967
7229,-0.065601
7230,-0.050314
7231,0.034764
7232,0.067905
7233,0.015429
7234,-0.022669
7235,0.056151
7236,0.011530
7237,-0.016928
7238,-0.006210
7239,0.035247
7240,0.000016
7241,0.011972
7242,0.034328
7243,-0.037029
7244,-0.019691
7245,-0.006166
7246,-0.012331
7247,0.027158
7248,-0.001598
7249,-0.079337
7250,-0.021916
7251,-0.037277
7252,-0.039369
7253,-0.020377
7254,0.000771
7255,0.056286
7256,0.056213
7257,0.081582
7258,0.050546
7259,-0.011997
7260,-0.041778
7261,-0.040544
7262,-0.024345
7263,0.036055
7264,0.033325
7265,0.020238
7266,0.001851
7267,-0.097878
7268,-0.036260
7269,0.030491
7270,0.053480
7271,0.028084
7272,-0.026442
7273,-0.044338
7274,-0.069195
7275,-0.019502
7276,0.001920
7277,-0.017813
7278,0.035976
7279,0.014603
7280,0.041620
7281,0.006679
7282,-0.015864
7283,0.047566
7284,-0.018373
7285,-0.017086
7286,-0.017456
7287,-0.002431
7288,0.070927
7289,0.010025
7290,0.000440
7291,-0.016260
7292,-0.049428
7293,-0.002120
7294,-0.033273
7295,0.055821
7296,0.119191
7297,0.003488
7298,-0.013452
7299,-0.090434
7300,-0.081324
7301,-0.060174
7302,-0.063251
7303,0.004142
7304,-0.007831
7305,0.011192
7306,0.055868
7307,0.053988
7308,0.032737
7309,0.034714
7310,0.058575
7311,0.045875
7312,0.014722
7313,-0.026515
7314,-0.061640
7315,-0.071348
7316,-0.062339
7317,-0.045692
7318,-0.047130
7319,0.051806
7320,0.079950
7321,0.073151
7322,0.043588
7323,0.001140
7324,-0.041459
7325,-0.049082
7326,-0.056985
7327,-0.043951
7328,-0.045331
7329,-0.017608
7330,0.046986
7331,0.052155
7332,0.006587
7333,-0.000298
7334,0.022809
7335,0.017801
7336,-0.017249
7337,-0.035227
7338,-0.012804
7339,0.008466
7340,-0.004957
7341,0.050139
7342,0.079817
7343,0.023543
7344,-0.040999
7345,-0.040953
7346,-0.045172
7347,-0.011276
7348,0.033221
7349,0.041303
7350,0.047610
7351,0.034203
7352,-0.010570
7353,-0.055638
7354,-0.023492
7355,-0.073378
7356,-0.041288
7357,-0.002765
7358,-0.034315
7359,0.033408
7360,0.057643
7361,0.033263
7362,0.029645
7363,0.009952
7364,-0.063349
7365,-0.098879
7366,-0.090524
7367,-0.023742
7368,0.060279
7369,0.103972
7370,0.147724
7371,0.050806
7372,-0.065254
7373,-0.069783
7374,-0.078385
7375,-0.069892
7376,-0.000636
7377,0.027428
7378,0.029461
7379,0.024520
7380,0.022994
7381,-0.012138
7382,-0.055014
7383,-0.034757
7384,0.044222
7385,0.052949
7386,0.032801
7387,0.099702
7388,0.016016
7389,-0.016509
7390,0.009246
7391,-0.029388
7392,-0.061316
7393,-0.151126
7394,-0.043603
7395,0.000961
7396,0.056248
7397,0.012052
7398,-0.016954
7399,0.011671
7400,-0.012484
7401,0.050774
7402,0.075514
7403,0.028614
7404,-0.016656
7405,-0.028870
7406,-0.009625
7407,-0.015597
7408,0.010938
7409,-0.027943
7410,0.014152
7411,-0.058534
7412,-0.050894
7413,0.017943
7414,0.043726
7415,0.068547
7416,0.018337
7417,0.043616
7418,-0.007493
7419,-0.036868
7420,-0.069877
7421,-0.007063
7422,0.016124
7423,0.024577
7424,0.060327
7425,0.023178
7426,0.057358
7427,-0.002714
7428,-0.010967
7429,-0.090269
7430,-0.129879
7431,-0.112120
7432,-0.025391
7433,0.064677
7434,0.060736
7435,0.052055
7436,0.021358
7437,0.014694
7438,-0.017194
7439,-0.042628
7440,-0.032714
7441,0.027844
7442,0.013618
7443,-0.063239
7444,-0.042152
7445,0.001496
7446,0.015558
7447,0.036645
7448,0.084447
7449,0.072801
7450,0.078433
7451,-0.015863
7452,-0.072313
7453,-0.055899
7454,-0.065218
7455,-0.037675
7456,-0.001026
7457,0.015873
7458,0.039789
7459,0.069878
7460,0.085315
7461,0.066279
7462,-0.004505
7463,-0.025236
7464,-0.050531
7465,-0.047180
7466,-0.012953
7467,-0.042971
7468,-0.019487
7469,-0.023759
7470,0.012880
7471,0.037291
7472,0.045991
7473,0.012439
7474,-0.010770
7475,-0.061583
7476,-0.055140
7477,-0.027091
7478,-0.028509
7479,-0.008270
7480,0.005542
7481,0.010128
7482,-0.004438
7483,0.024341
7484,0.048927
7485,-0.008784
7486,0.006963
7487,0.011135
7488,-0.004023
7489,-0.027712
7490,-0.032593
7491,-0.043588
7492,0.021405
7493,0.061951
7494,0.048725
7495,0.090666
7496,0.067729
7497,0.050997
7498,0.032562
7499,-0.058225
7500,-0.101291
7501,-0.100582
7502,-0.074468
7503,-0.045930
7504,0.022134
7505,0.064379
7506,0.110195
7507,0.032507
7508,0.042071
7509,0.035906
7510,-0.019406
7511,0.004734
7512,-0.036125
7513,-0.087216
7514,-0.055622
7515,-0.071723
7516,-0.041742
7517,-0.013904
7518,0.024132
7519,0.077934
7520,0.046999
7521,0.016519
7522,0.061775
7523,0.025506
7524,-0.073576
7525,-0.033081
7526,-0.057817
7527,-0.028503
7528,-0.048960
7529,0.007878
7530,0.022431
7531,-0.033493
7532,-0.029733
7533,0.017342
7534,0.036712
7535,0.035068
7536,0.021164
7537,0.046867
7538,0.018427
7539,-0.026107
7540,-0.041817
7541,0.030406
7542,0.052998
7543,0.034205
7544,0.001372
7545,-0.012432
7546,0.005680
7547,-0.010377
7548,-0.003176
7549,0.023336
7550,0.003394
7551,0.028166
7552,-0.052622
7553,-0.079485
7554,-0.055696
7555,-0.042674
7556,0.002907
7557,0.021355
7558,0.036033
7559,0.064808
7560,0.045686
7561,0.027505
7562,-0.011792
7563,-0.005936
7564,-0.013046
7565,-0.017532
7566,-0.031485
7567,-0.028844
7568,-0.065727
7569,-0.042367
7570,-0.021109
7571,-0.006852
7572,-0.043919
7573,-0.057346
7574,-0.052087
7575,0.003043
7576,0.043046
7577,0.062956
7578,0.091386
7579,0.106294
7580,0.025681
7581,-0.029664
7582,-0.028994
7583,0.007690
7584,0.004552
7585,0.016746
7586,-0.001254
7587,-0.005159
7588,-0.013419
7589,0.000442
7590,-0.012142
7591,0.038126
7592,0.041800
7593,0.034383
7594,0.016726
7595,0.017502
7596,0.008409
7597,-0.013670
7598,-0.050245
7599,-0.089657
7600,-0.037086
7601,-0.018107
7602,-0.011571
7603,-0.060777
7604,-0.032658
7605,0.032665
7606,0.023086
7607,0.055529
7608,0.072851
7609,0.059530
7610,0.036193
7611,0.025403
7612,0.002017
7613,-0.026072
7614,-0.062341
7615,-0.068275
7616,-0.112635
7617,-0.108469
7618,-0.038716
7619,0.061223
7620,0.134906
7621,0.110111
7622,0.064500
7623,0.029487
7624,0.013569
7625,-0.018582
7626,-0.099958
7627,-0.098201
7628,-0.070914
7629,-0.046534
7630,0.004489
7631,0.000086
7632,0.041046
7633,0.081796
7634,0.046179
7635,0.075712
7636,0.043712
7637,-0.038635
7638,-0.033443
7639,-0.047907
7640,-0.053859
7641,-0.004054
7642,0.021046
7643,0.007102
7644,0.067909
7645,0.114969
7646,0.073867
7647,-0.017198
7648,-0.010396
7649,-0.058101
7650,-0.040780
7651,-0.091113
7652,-0.044895
7653,0.002915
7654,0.003779
7655,-0.045666
7656,-0.077512
7657,-0.015114
7658,-0.023367
7659,0.023173
7660,0.035534
7661,0.026730
7662,0.062716
7663,0.078948
7664,0.009283
7665,0.014648
7666,0.004043
7667,-0.039976
7668,0.006689
7669,0.031469
7670,-0.008148
7671,-0.041278
7672,-0.063291
7673,-0.095193
7674,-0.100157
7675,-0.010776
7676,0.015317
7677,0.027158
7678,0.069538
7679,0.039304
7680,0.062969
7681,0.058512
7682,0.049655
7683,0.050893
7684,-0.011868
7685,-0.059816
7686,-0.091201
7687,-0.091860
7688,-0.057798
7689,-0.028486
7690,0.009099
7691,0.052233
7692,0.071044
7693,0.102016
7694,0.097865
7695,0.053421
7696,0.012108
7697,0.029314
7698,-0.018208
7699,-0.056218
7700,-0.113215
7701,-0.189920
7702,-0.110781
7703,-0.078918
7704,-0.015229
7705,0.017891
7706,0.035645
7707,0.110776
7708,0.126284
7709,0.072875
7710,0.054721
7711,-0.006126
7712,-0.055070
7713,-0.075655
7714,-0.051682
7715,-0.008284
7716,0.028167
7717,-0.023691
7718,-0.040421
7719,-0.041310
7720,-0.018335
7721,0.023755
7722,0.041871
7723,0.067641
7724,0.044623
7725,0.035226
7726,0.049615
7727,0.002967
7728,-0.027411
7729,-0.028902
7730,-0.025458
7731,0.031522
7732,0.032390
7733,-0.022968
7734,0.018692
7735,-0.035773
7736,-0.053908
7737,-0.002756
7738,-0.023801
7739,-0.025918
7740,-0.023120
7741,-0.028870
7742,0.019766
7743,-0.002332
7744,-0.003816
7745,0.004982
7746,-0.001943
7747,-0.027552
7748,-0.013389
7749,0.013504
7750,0.025627
7751,0.098801
7752,0.140757
7753,0.079123
7754,-0.012826
7755,-0.040327
7756,-0.083040
7757,-0.143074
7758,-0.100111
7759,-0.013595
7760,0.002577
7761,-0.023975
7762,0.008576
7763,0.046802
7764,0.054384
7765,0.037378
7766,0.068583
7767,0.023379
7768,-0.050496
7769,-0.047491
7770,-0.061841
7771,0.008065
7772,0.021064
7773,-0.021688
7774,-0.004570
7775,0.029701
7776,0.059406
7777,0.024836
7778,0.026955
7779,0.040531
7780,-0.008014
7781,0.023579
7782,-0.015223
7783,-0.040567
7784,-0.035818
7785,-0.037979
7786,0.016209
7787,0.016322
7788,0.022478
7789,0.010459
7790,-0.014792
7791,-0.026992
7792,-0.040895
7793,-0.014095
7794,-0.024760
7795,-0.033243
7796,0.026069
7797,0.029128
7798,0.024434
7799,0.030532
7800,0.003809
7801,-0.024582
7802,-0.036116
7803,0.015649
7804,-0.013840
7805,-0.046372
7806,-0.031234
7807,-0.011946
7808,0.013280
7809,0.001310
7810,0.024402
7811,0.101019
7812,0.101300
7813,0.049439
7814,-0.021972
7815,-0.054077
7816,-0.033995
7817,-0.036786
7818,-0.015064
7819,0.005174
7820,-0.068969
7821,-0.042895
7822,-0.008253
7823,-0.013780
7824,0.004521
7825,0.000396
7826,-0.003848
7827,0.039703
7828,0.036022
7829,0.062402
7830,0.059793
7831,-0.037443
7832,-0.038049
7833,-0.009144
7834,0.009911
7835,0.053087
7836,0.044116
7837,0.042666
7838,-0.016304
7839,-0.111381
7840,-0.080928
7841,0.033686
7842,0.081454
7843,0.055365
7844,0.011026
7845,-0.059356
7846,-0.080558
7847,-0.078022
7848,-0.043987
7849,-0.011860
7850,0.035180
7851,0.068439
7852,0.041632
7853,0.012817
7854,-0.045881
7855,-0.070748
7856,-0.004864
7857,-0.010803
7858,0.008729
7859,0.062331
7860,0.043553
7861,0.076893
7862,0.054795
7863,-0.059979
7864,-0.097341
7865,-0.026876
7866,291.673035
7867,164.537445
7868,5.524254
7869,1957.145020
7870,943.236023
7871,6.965530
7872,-21.335777
7873,-32.915279
7874,-5.793994
7875,5.206135
7876,9.300146
7877,15.133911
7878,11.328656
7879,-1.520450
7880,-11.417727
7881,-22.422014
7882,-22.277256
7883,-7.810397
7884,25.265434
7885,53.266563
7886,40.534359
7887,3.791911
7888,-32.257038
7889,-49.731678
7890,-53.905838
7891,-33.647694
7892,7.560148
7893,43.949066
7894,35.027267
7895,11.017950
7896,-6.919083
7897,-18.873985
7898,-7.648469
7899,11.575264
7900,42.173435
7901,36.345581
7902,1.457199
7903,-31.435278
7904,-52.869289
7905,-48.411942
7906,-23.786716
7907,24.110987
7908,69.013206
7909,76.592506
7910,19.492683
7911,-12.107342
7912,-33.239422
7913,-52.156826
7914,-33.356667
7915,-25.006090
7916,-13.397939
7917,5.540567
7918,-15.675441
7919,3.460244
7920,-0.032880
7921,-0.033785
7922,-0.036664
7923,-0.009688
7924,0.012838
7925,-0.020711
7926,0.033567
7927,0.062525
7928,0.023423
7929,-0.021774
7930,-0.027146
7931,0.004399
7932,0.036446
7933,0.039823
7934,0.033625
7935,0.021139
7936,-0.008553
7937,0.005539
7938,-0.020113
7939,0.011209
7940,0.006350
7941,0.025954
7942,0.006512
7943,0.025089
7944,0.043564
7945,-0.021552
7946,-0.068603
7947,-0.047089
7948,-0.017718
7949,0.058414
7950,0.080385
7951,0.017855
7952,-0.017250
7953,-0.033944
7954,-0.037195
7955,-0.073196
7956,-0.091849
7957,-0.052503
7958,-0.010197
7959,-0.008369
7960,0.006261
7961,0.043397
7962,0.092739
7963,0.024250
7964,0.065990
7965,0.017762
7966,0.001250
7967,-0.016725
7968,-0.021928
7969,-0.043048
7970,-0.016492
7971,-0.085019
7972,-0.085301
7973,-0.059156
7974,-0.014913
7975,-0.018693
7976,0.001455
7977,0.080352
7978,0.034533
7979,0.023318
7980,0.044284
7981,0.049089
7982,0.055200
7983,0.031833
7984,0.024073
7985,-0.012045
7986,-0.056869
7987,-0.005378
7988,0.002093
7989,-0.010697
7990,-0.008695
7991,-0.034690
7992,-0.026044
7993,-0.027839
7994,0.000175
7995,0.038858
7996,0.052631
7997,0.045122
7998,-0.002083
7999,-0.043422
8000,-0.068665
8001,-0.024168
8002,0.001312
8003,0.069384
8004,0.027765
8005,-0.027897
8006,0.000772
8007,-0.028050
8008,-0.060267
8009,-0.043053
8010,0.012527
8011,0.035733
8012,0.020022
8013,0.013050
8014,0.018127
8015,0.040952
8016,0.043738
8017,0.000753
8018,-0.049913
8019,-0.091443
8020,-0.064164
8021,-0.001913
8022,0.046428
8023,0.046178
8024,0.100910
8025,0.059082
8026,0.038572
8027,0.030843
8028,-0.011493
8029,0.025136
8030,0.044907
8031,-0.029068
8032,-0.046086
8033,-0.054167
8034,-0.036341
8035,-0.009252
8036,-0.046670
8037,-0.032375
8038,-0.005590
8039,0.007503
8040,0.003317
8041,0.090760
8042,0.115310
8043,0.064652
8044,-0.014251
8045,-0.078055
8046,-0.055480
8047,-0.029607
8048,-0.024387
8049,0.010773
8050,0.028867
8051,0.013607
8052,0.011511
8053,-0.011272
8054,-0.020738
8055,-0.010112
8056,-0.039779
8057,-0.059538
8058,-0.016498
8059,-0.034085
8060,0.075081
8061,0.112133
8062,0.070624
8063,0.010500
8064,-0.038661
8065,-0.048289
8066,-0.041978
8067,-0.052048
8068,-0.068645
8069,-0.047326
8070,-0.005631
8071,0.050064
8072,0.048985
8073,0.038423
8074,0.000670
8075,0.016264
8076,0.006035
8077,-0.004957
8078,0.040794
8079,0.017944
8080,0.054403
8081,0.020974
8082,-0.046345
8083,-0.007335
8084,-0.055527
8085,-0.058406
8086,-0.031768
8087,-0.014523
8088,0.036427
8089,0.078435
8090,0.033064
8091,-0.000564
8092,0.025278
8093,0.030316
8094,-0.022237
8095,-0.053006
8096,-0.061478
8097,-0.092205
8098,-0.053485
8099,0.015802
8100,0.020420
8101,0.007607
8102,-0.000880
8103,-0.037469
8104,-0.007891
8105,0.012354
8106,0.024815
8107,0.041469
8108,0.018357
8109,0.041760
8110,0.072531
8111,0.030224
8112,0.025384
8113,-0.051952
8114,-0.082241
8115,-0.079110
8116,-0.086228
8117,-0.013229
8118,0.055482
8119,0.109359
8120,0.076478
8121,0.048670
8122,0.004456
8123,-0.058346
8124,-0.002376
8125,0.047237
8126,0.043334
8127,0.023970
8128,-0.031436
8129,-0.075106
8130,-0.054260
8131,-0.040980
8132,-0.066813
8133,-0.007224
8134,0.022710
8135,0.068452
8136,0.085123
8137,0.030027
8138,0.017559
8139,-0.024375
8140,-0.029667
8141,-0.035007
8142,-0.031199
8143,-0.020613
8144,-0.025220
8145,-0.063852
8146,-0.072509
8147,-0.043462
8148,-0.044450
8149,-0.028373
8150,-0.021810
8151,0.013729
8152,0.072357
8153,0.095000
8154,0.119796
8155,0.092221
8156,0.053884
8157,0.039135
8158,-0.015298
8159,-0.099071
8160,-0.098154
8161,-0.035659
8162,-0.016458
8163,0.016863
8164,-0.008746
8165,-0.000607
8166,0.017831
8167,0.074385
8168,0.075598
8169,0.045925
8170,0.047360
8171,0.037609
8172,-0.009569
8173,-0.080783
8174,-0.061066
8175,-0.065186
8176,-0.075357
8177,-0.118445
8178,-0.041501
8179,0.023868
8180,0.006190
8181,0.037280
8182,0.020523
8183,-0.007370
8184,0.010172
8185,0.000514
8186,0.029270
8187,-0.034035
8188,0.000533
8189,0.093425
8190,0.058907
8191,-0.022692
8192,-0.024342
8193,0.008181
8194,-0.040098
8195,-0.033150
8196,-0.012175
8197,0.034212
8198,0.041325
8199,0.064456
8200,0.018918
8201,-0.045407
8202,-0.018349
8203,0.006999
8204,0.040279
8205,0.037280
8206,0.027646
8207,0.004061
8208,-0.030078
8209,-0.045002
8210,-0.069649
8211,-0.073864
8212,-0.013172
8213,0.000356
8214,0.002592
8215,-0.023635
8216,-0.003857
8217,0.023160
8218,0.038911
8219,-0.029439
8220,-0.014280
8221,0.005616
8222,0.010673
8223,0.024464
8224,0.044038
8225,0.058668
8226,0.018984
8227,-0.029342
8228,-0.048319
8229,-0.047013
8230,-0.033822
8231,-0.021790
8232,-0.006873
8233,0.011675
8234,0.007837
8235,-0.039847
8236,-0.032729
8237,-0.006669
8238,0.022897
8239,0.057241
8240,0.038512
8241,0.009736
8242,0.084891
8243,0.083398
8244,0.020482
8245,0.034686
8246,-0.028725
8247,-0.089699
8248,-0.089618
8249,-0.055913
8250,-0.018600
8251,0.001935
8252,-0.043647
8253,-0.008341
8254,0.044968
8255,0.034441
8256,0.036118
8257,0.059916
8258,-0.013123
8259,-0.050495
8260,-0.043363
8261,-0.034312
8262,-0.038445
8263,-0.014991
8264,0.000635
8265,0.005997
8266,-0.005226
8267,0.055683
8268,0.041480
8269,0.027389
8270,0.016362
8271,0.013499
8272,-0.004550
8273,-0.045510
8274,-0.083096
8275,-0.085415
8276,-0.010954
8277,0.023504
8278,0.033143
8279,0.030815
8280,-0.004571
8281,0.056019
8282,0.025886
8283,0.023925
8284,0.006347
8285,0.015207
8286,0.027933
8287,0.014272
8288,0.012133
8289,-0.000833
8290,0.013433
8291,-0.029202
8292,-0.099583
8293,-0.053938
8294,-0.005895
8295,-0.006594
8296,0.001104
8297,-0.005212
8298,0.021121
8299,0.035795
8300,0.015807
8301,0.046545
8302,0.035020
8303,0.005890
8304,-0.031334
8305,-0.073910
8306,-0.045145
8307,-0.000534
8308,0.012792
8309,0.038529
8310,0.029830
8311,0.041988
8312,0.063053
8313,0.017709
8314,0.019703
8315,0.003144
8316,-0.026887
8317,-0.010300
8318,-0.029135
8319,-0.103927
8320,-0.054130
8321,-0.041825
8322,0.014733
8323,0.058461
8324,0.098121
8325,0.048492
8326,-0.030145
8327,-0.042469
8328,-0.066430
8329,-0.060130
8330,-0.014854
8331,0.014975
8332,0.067054
8333,0.083024
8334,0.067302
8335,0.024983
8336,-0.020967
8337,-0.074531
8338,-0.069737
8339,0.001501
8340,0.023538
8341,-0.027550
8342,-0.032429
8343,0.015256
8344,0.049993
8345,0.046761
8346,0.007526
8347,-0.013547
8348,-0.023590
8349,-0.030732
8350,-0.055767
8351,-0.024287
8352,-0.049698
8353,-0.030710
8354,-0.002105
8355,0.063115
8356,0.045242
8357,0.060638
8358,0.109010
8359,0.053980
8360,-0.034358
8361,-0.049072
8362,-0.059187
8363,0.009468
8364,0.002763
8365,0.002334
8366,-0.003123
8367,-0.018532
8368,0.004166
8369,-0.010667
8370,0.013228
8371,0.030003
8372,0.038008
8373,0.031372
8374,0.014158
8375,-0.008104
8376,-0.021274
8377,-0.092588
8378,-0.072029
8379,-0.057188
8380,-0.026737
8381,0.001154
8382,0.025656
8383,0.064553
8384,0.043911
8385,0.017035
8386,0.012441
8387,0.015233
8388,0.035772
8389,0.013019
8390,-0.013116
8391,-0.049534
8392,-0.064213
8393,-0.084849
8394,-0.030470
8395,0.044485
8396,0.061522
8397,0.058033
8398,0.003645
8399,-0.052380
8400,-0.050831
8401,-0.018023
8402,0.033708
8403,0.059441
8404,0.096374
8405,0.035146
8406,-0.034593
8407,-0.044761
8408,-0.058392
8409,-0.034896
8410,0.052512
8411,0.068107
8412,-0.023453
8413,-0.033440
8414,-0.024031
8415,-0.009900
8416,0.021483
8417,0.047611
8418,0.100776
8419,0.113029
8420,0.021992
8421,-0.046139
8422,-0.092404
8423,-0.091476
8424,-0.064466
8425,-0.039252
8426,-0.027197
8427,0.006115
8428,0.047684
8429,0.040771
8430,0.041630
8431,0.051085
8432,0.012820
8433,-0.016461
8434,-0.019918
8435,-0.072371
8436,-0.103267
8437,-0.082492
8438,-0.013828
8439,0.027856
8440,0.045852
8441,0.062992
8442,0.093606
8443,0.048629
8444,0.008861
8445,-0.046987
8446,-0.055308
8447,-0.015794
8448,0.001616
8449,0.003340
8450,0.021760
8451,-0.018952
8452,0.011511
8453,0.021664
8454,0.033855
8455,0.054698
8456,-0.007810
8457,-0.051490
8458,-0.069634
8459,-0.018873
8460,0.034284
8461,0.027143
8462,0.009572
8463,0.036864
8464,-0.038874
8465,-0.000402
8466,0.070297
8467,0.010402
8468,-0.049480
8469,-0.024088
8470,-0.052754
8471,-0.033643
8472,-0.011242
8473,0.068582
8474,0.068071
8475,0.010299
8476,-0.002950
8477,-0.020835
8478,-0.073168
8479,-0.044930
8480,-0.014372
8481,0.032609
8482,0.034509
8483,0.019963
8484,-0.004849
8485,-0.054300
8486,-0.059504
8487,0.019068
8488,0.081324
8489,0.026334
8490,0.052460
8491,0.082418
8492,0.034906
8493,-0.007098
8494,-0.056091
8495,-0.109981
8496,-0.073616
8497,-0.028493
8498,0.024564
8499,0.058583
8500,0.045128
8501,-0.006103
8502,0.035989
8503,0.034553
8504,-0.037134
8505,-0.075609
8506,-0.103181
8507,-0.105247
8508,-0.049902
8509,0.027264
8510,0.050620
8511,0.092347
8512,0.096703
8513,0.046528
8514,-0.001979
8515,-0.026868
8516,-0.018102
8517,-0.021148
8518,-0.009509
8519,0.004084
8520,-0.000294
8521,0.017850
8522,0.043495
8523,0.020730
8524,0.010446
8525,-0.010600
8526,-0.064439
8527,-0.105189
8528,-0.014358
8529,-0.035132
8530,-0.015921
8531,0.014659
8532,0.014109
8533,0.058927
8534,0.064947
8535,0.050875
8536,0.021781
8537,0.021916
8538,0.031539
8539,0.023613
8540,-0.055436
8541,-0.058509
8542,-0.043155
8543,-0.059654
8544,-0.025124
8545,0.012284
8546,-0.010667
8547,0.007908
8548,0.009667
8549,0.036376
8550,0.021687
8551,0.006893
8552,0.005488
8553,0.024926
8554,-0.043987
8555,-0.023026
8556,0.005291
8557,-0.016484
8558,0.012757
8559,0.050245
8560,-0.002029
8561,-0.000939
8562,-0.036690
8563,-0.064543
8564,-0.021636
8565,-0.009303
8566,0.012387
8567,-0.010345
8568,-0.020182
8569,-0.008261
8570,0.009452
8571,-0.002938
8572,0.028909
8573,0.040380
8574,0.079745
8575,0.063090
8576,-0.009451
8577,0.003127
8578,-0.009201
8579,-0.046992
8580,-0.057990
8581,-0.054044
8582,-0.031371
8583,0.001500
8584,0.006601
8585,0.016361
8586,0.037902
8587,0.069396
8588,0.029725
8589,-0.044501
8590,-0.072850
8591,-0.085545
8592,-0.032686
8593,0.037986
8594,0.042233
8595,0.077495
8596,0.088223
8597,0.082165
8598,0.004765
8599,-0.016112
8600,-0.032911
8601,-0.023498
8602,-0.049658
8603,-0.032845
8604,-0.063281
8605,-0.074547
8606,-0.012280
8607,0.005212
8608,0.009756
8609,0.040360
8610,0.038959
8611,-0.000807
8612,-0.020961
8613,-0.078320
8614,-0.004157
8615,0.045045
8616,-0.004778
8617,-0.002424
8618,-0.025397
8619,0.042904
8620,0.075097
8621,0.072708
8622,0.061782
8623,-0.031596
8624,-0.077376
8625,-0.055132
8626,-0.058991
8627,-0.098166
8628,-0.027510
8629,0.056040
8630,0.039662
8631,0.096423
8632,0.059269
8633,0.041744
8634,-0.000872
8635,0.012001
8636,0.043545
8637,0.044703
8638,-0.011511
8639,-0.096695
8640,-0.033732
8641,-0.056486
8642,-0.047404
8643,0.000494
8644,0.007016
8645,0.010608
8646,0.045587
8647,0.041754
8648,0.022336
8649,-0.008708
8650,-0.006427
8651,-0.007869
8652,-0.055999
8653,-0.041391
8654,-0.015758
8655,-0.059354
8656,-0.046879
8657,0.035799
8658,0.017471
8659,0.046976
8660,0.118954
8661,0.060331
8662,-0.014521
8663,-0.063714
8664,-0.029273
8665,-0.035923
8666,-0.052383
8667,-0.046472
8668,-0.006238
8669,-0.028154
8670,-0.033375
8671,-0.002584
8672,-0.032421
8673,-0.006466
8674,0.042323
8675,0.085720
8676,0.029693
8677,-0.005808
8678,0.041071
8679,0.048561
8680,0.072296
8681,0.033054
8682,-0.031801
8683,-0.074678
8684,-0.100520
8685,-0.052944
8686,-0.005714
8687,0.043022
8688,0.067192
8689,0.047708
8690,-0.005625
8691,0.019324
8692,0.028884
8693,0.002910
8694,0.002852
8695,-0.004568
8696,-0.013359
8697,-0.048464
8698,-0.028263
8699,-0.070726
8700,-0.050878
8701,-0.023819
8702,-0.008845
8703,0.001278
8704,-0.016830
8705,0.027528
8706,0.075723
8707,0.075815
8708,0.054145
8709,0.042675
8710,-0.028678
8711,-0.043560
8712,-0.043231
8713,-0.028523
8714,-0.039267
8715,-0.053286
8716,-0.033470
8717,-0.013354
8718,-0.013732
8719,0.025036
8720,0.024426
8721,0.046048
8722,0.059362
8723,0.053866
8724,0.000028
8725,-0.024376
8726,-0.041354
8727,-0.032525
8728,0.041187
8729,0.058016
8730,0.055513
8731,0.028548
8732,0.027846
8733,0.003897
8734,0.015520
8735,-0.012552
8736,-0.033338
8737,-0.031747
8738,-0.021588
8739,-0.036408
8740,0.001786
8741,-0.048192
8742,-0.058109
8743,-0.045598
8744,-0.035039
8745,-0.036359
8746,-0.038519
8747,-0.012647
8748,0.022015
8749,0.014790
8750,0.046659
8751,0.081715
8752,0.081435
8753,0.075436
8754,0.046599
8755,0.005697
8756,-0.037920
8757,-0.051508
8758,-0.080599
8759,-0.095836
8760,-0.085602
8761,-0.053357
8762,-0.035027
8763,0.040200
8764,0.100430
8765,0.085169
8766,0.064656
8767,0.045052
8768,-0.004725
8769,-0.034383
8770,271.313690
8771,94.792900
8772,5.115797
8773,2055.171387
8774,895.015991
8775,31.400488
8776,3.778009
8777,13.672276
8778,22.232956
8779,0.162351
8780,-46.452007
8781,-51.141068
8782,-17.371386
8783,-1.279027
8784,23.973045
8785,30.427387
8786,15.470460
8787,-5.481418
8788,-34.611134
8789,-21.370951
8790,18.911961
8791,42.063972
8792,32.848419
8793,18.434752
8794,-7.469522
8795,2.265876
8796,-4.153727
8797,-14.206591
8798,-14.660852
8799,-13.035821
8800,8.560243
8801,-6.011658
8802,-30.995232
8803,-34.810596
8804,-25.454292
8805,-3.643061
8806,25.833057
8807,36.122387
8808,20.645222
8809,5.192605
8810,-2.474578
8811,-5.418756
8812,2.654510
8813,5.622454
8814,19.456486
8815,24.438263
8816,5.799148
8817,-15.794019
8818,-40.029026
8819,-59.620262
8820,-39.622089
8821,-4.040260
8822,34.735653
8823,46.036613
8824,-0.050331
8825,-0.033257
8826,-0.027610
8827,-0.019072
8828,0.009816
8829,-0.013679
8830,-0.011402
8831,0.045747
8832,0.049645
8833,0.038867
8834,0.039175
8835,0.014811
8836,0.010659
8837,0.009547
8838,-0.027876
8839,-0.040224
8840,-0.036819
8841,-0.077668
8842,-0.027198
8843,-0.003808
8844,0.040040
8845,0.066609
8846,0.008774
8847,0.042860
8848,-0.012546
8849,-0.008417
8850,0.018609
8851,-0.026288
8852,-0.044186
8853,-0.051045
8854,-0.067431
8855,-0.022414
8856,0.013629
8857,0.003815
8858,0.023394
8859,0.027352
8860,0.062377
8861,0.069330
8862,0.061045
8863,0.033558
8864,-0.013696
8865,-0.030914
8866,-0.026358
8867,-0.037500
8868,-0.019073
8869,-0.043755
8870,-0.028706
8871,-0.031569
8872,-0.019945
8873,-0.025878
8874,-0.031387
8875,0.015667
8876,0.024671
8877,0.004459
8878,0.028718
8879,0.005303
8880,0.019110
8881,0.025884
8882,0.057484
8883,0.060599
8884,0.049408
8885,0.039275
8886,-0.029534
8887,-0.077766
8888,-0.094374
8889,-0.099341
8890,-0.061223
8891,0.039244
8892,0.056527
8893,0.086612
8894,0.041879
8895,0.003593
8896,0.015061
8897,-0.057525
8898,-0.032839
8899,-0.012946
8900,-0.006461
8901,-0.040616
8902,-0.041425
8903,-0.026892
8904,0.006567
8905,0.052539
8906,0.074997
8907,0.021146
8908,-0.021178
8909,-0.034728
8910,-0.029561
8911,0.015493
8912,-0.009812
8913,-0.003006
8914,0.020317
8915,0.015095
8916,-0.041649
8917,-0.058357
8918,-0.044188
8919,0.044398
8920,0.104030
8921,0.084598
8922,0.071512
8923,0.038119
8924,-0.036150
8925,-0.065203
8926,-0.059142
8927,-0.057529
8928,-0.035896
8929,-0.025673
8930,-0.018667
8931,-0.014785
8932,0.005848
8933,0.049214
8934,0.053980
8935,0.045128
8936,0.035921
8937,-0.013463
8938,-0.025851
8939,-0.012567
8940,-0.057430
8941,-0.062515
8942,-0.009613
8943,0.030786
8944,0.085022
8945,0.059732
8946,0.044524
8947,0.016360
8948,-0.066711
8949,-0.054161
8950,-0.028997
8951,-0.074492
8952,-0.047604
8953,-0.041408
8954,0.053157
8955,0.109495
8956,0.088633
8957,0.108804
8958,0.024000
8959,-0.043804
8960,-0.055592
8961,-0.084519
8962,-0.067149
8963,-0.063335
8964,-0.048033
8965,-0.014233
8966,0.039525
8967,0.050201
8968,0.101094
8969,0.062695
8970,0.010652
8971,-0.023847
8972,-0.017229
8973,-0.004531
8974,-0.045980
8975,-0.080428
8976,-0.040503
8977,-0.024814
8978,-0.040957
8979,0.021497
8980,0.047963
8981,0.013124
8982,0.032901
8983,0.045370
8984,0.029128
8985,0.033106
8986,0.022412
8987,-0.015580
8988,-0.033486
8989,-0.023785
8990,-0.031927
8991,0.017019
8992,0.025796
8993,0.021861
8994,-0.004060
8995,-0.044716
8996,-0.020877
8997,-0.017449
8998,0.017807
8999,0.020594
9000,0.009641
9001,-0.053229
9002,-0.069766
9003,-0.021263
9004,0.002056
9005,0.062608
9006,0.083894
9007,0.093594
9008,0.084411
9009,0.031648
9010,-0.037134
9011,-0.100723
9012,-0.105208
9013,-0.033856
9014,-0.040334
9015,-0.074544
9016,-0.033186
9017,0.043952
9018,0.062941
9019,0.035912
9020,0.011658
9021,0.041997
9022,0.037883
9023,0.033415
9024,265.593231
9025,75.196541
9026,5.001031
9027,2082.714355
9028,875.451843
9029,29.667171
9030,-0.321425
9031,-29.878593
9032,-43.012863
9033,-26.275574
9034,14.689344
9035,42.260208
9036,21.936752
9037,0.172765
9038,-11.829497
9039,-14.278928
9040,-5.807220
9041,6.818913
9042,4.263115
9043,19.711653
9044,30.523449
9045,7.245485
9046,-41.929939
9047,-72.261475
9048,-47.111103
9049,4.175890
9050,35.017651
9051,36.625011
9052,19.186922
9053,5.340121
9054,5.476128
9055,5.684252
9056,19.581530
9057,20.633001
9058,-14.238877
9059,-45.165535
9060,-52.754520
9061,-36.574333
9062,-18.399145
9063,5.594862
9064,38.209873
9065,70.869171
9066,77.899330
9067,27.860918
9068,-22.330723
9069,-27.469671
9070,-40.719299
9071,-47.243965
9072,-43.543640
9073,-15.963727
9074,-2.485081
9075,11.582571
9076,22.733147
9077,33.723164
9078,-0.029333
9079,-0.064469
9080,-0.045928
9081,-0.018791
9082,0.010202
9083,0.056303
9084,0.076565
9085,0.052563
9086,0.040480
9087,-0.001121
9088,-0.047409
9089,-0.085925
9090,-0.019399
9091,0.009157
9092,-0.013141
9093,-0.037566
9094,-0.013033
9095,-0.024047
9096,0.028454
9097,0.069966
9098,0.038981
9099,0.030372
9100,0.042009
9101,-0.047105
9102,-0.047930
9103,-0.082303
9104,-0.062634
9105,-0.023681
9106,0.005533
9107,-0.024935
9108,0.020976
9109,0.033417
9110,0.040987
9111,0.061121
9112,0.084441
9113,0.045793
9114,-0.023789
9115,-0.024111
9116,-0.025660
9117,-0.060932
9118,-0.056861
9119,-0.056032
9120,-0.007844
9121,-0.039785
9122,-0.030551
9123,0.038020
9124,0.046501
9125,0.019450
9126,0.074925
9127,0.038553
9128,-0.003451
9129,-0.045195
9130,-0.041445
9131,-0.050444
9132,-0.014576
9133,0.012868
9134,0.040818
9135,0.044947
9136,-0.011819
9137,-0.035585
9138,-0.026113
9139,-0.034705
9140,-0.055422
9141,-0.033495
9142,0.036214
9143,0.028244
9144,0.054471
9145,0.039102
9146,-0.018521
9147,-0.000230
9148,0.068038
9149,0.043219
9150,-0.017353
9151,-0.060202
9152,-0.025610
9153,-0.028689
9154,-0.068015
9155,-0.045686
9156,-0.014144
9157,0.036054
9158,0.059972
9159,0.041525
9160,0.039184
9161,0.073945
9162,0.039269
9163,-0.003215
9164,-0.017610
9165,-0.006433
9166,-0.046305
9167,-0.011486
9168,-0.005464
9169,-0.034720
9170,-0.009211
9171,-0.022775
9172,-0.029561
9173,0.039910
9174,0.056343
9175,0.061058
9176,0.016949
9177,-0.025250
9178,-0.061329
9179,-0.058747
9180,-0.022386
9181,-0.007142
9182,0.002403
9183,0.027576
9184,0.024806
9185,0.039820
9186,0.043480
9187,0.023037
9188,-0.000273
9189,-0.049983
9190,-0.089715
9191,-0.084771
9192,-0.050340
9193,0.037885
9194,0.043917
9195,0.007262
9196,0.062232
9197,0.000458
9198,0.014007
9199,0.005149
9200,-0.004435
9201,-0.060037
9202,-0.095755
9203,-0.059816
9204,-0.005161
9205,0.006182
9206,0.042693
9207,0.117352
9208,0.094277
9209,0.016522
9210,0.020242
9211,0.006411
9212,0.008411
9213,0.034329
9214,0.011762
9215,-0.002717
9216,-0.012135
9217,-0.074267
9218,-0.088818
9219,-0.055271
9220,-0.055090
9221,-0.045845
9222,-0.022502
9223,0.075351
9224,0.127532
9225,0.113103
9226,0.052344
9227,-0.027195
9228,-0.089932
9229,-0.072157
9230,-0.015108
9231,0.012689
9232,0.024483
9233,0.053588
9234,0.083057
9235,0.033523
9236,-0.046272
9237,-0.076558
9238,-0.019227
9239,0.036471
9240,0.030442
9241,-0.014238
9242,-0.042385
9243,-0.052581
9244,-0.050075
9245,-0.017780
9246,0.008090
9247,0.083461
9248,0.057411
9249,-0.030386
9250,-0.002537
9251,-0.015382
9252,-0.012318
9253,0.034831
9254,0.002068
9255,-0.013100
9256,0.000468
9257,-0.026226
9258,-0.019178
9259,0.008433
9260,0.032343
9261,0.001630
9262,-0.025184
9263,-0.001048
9264,-0.029178
9265,-0.041244
9266,-0.044516
9267,0.024378
9268,0.076054
9269,0.036975
9270,-0.012772
9271,-0.041901
9272,-0.066974
9273,-0.021993
9274,0.017246
9275,0.055920
9276,0.064562
9277,0.001131
9278,-0.047662
9279,-0.027190
9280,0.031800
9281,0.033694
9282,0.065162
9283,0.002248
9284,-0.036423
9285,-0.014359
9286,0.035401
9287,-0.018425
9288,0.006987
9289,0.038391
9290,-0.008685
9291,-0.039394
9292,-0.079548
9293,-0.048039
9294,-0.007859
9295,0.020578
9296,0.032598
9297,0.046005
9298,0.022830
9299,-0.004853
9300,-0.008366
9301,0.010285
9302,0.038008
9303,0.049278
9304,0.024457
9305,-0.022848
9306,-0.096081
9307,-0.114553
9308,-0.088590
9309,-0.045342
9310,-0.000622
9311,0.032300
9312,0.061784
9313,0.090988
9314,0.020050
9315,0.022772
9316,0.042408
9317,0.045943
9318,0.003546
9319,-0.006449
9320,-0.043306
9321,-0.024393
9322,-0.022079
9323,-0.055251
9324,-0.008149
9325,-0.040434
9326,-0.022752
9327,0.032416
9328,0.010174
9329,0.019140
9330,0.014704
9331,0.031210
9332,0.067572
9333,0.016054
9334,-0.013510
9335,-0.038110
9336,-0.066079
9337,0.022769
9338,0.057676
9339,0.045326
9340,0.023102
9341,-0.043722
9342,-0.057177
9343,-0.050209
9344,-0.007460
9345,0.059977
9346,0.123585
9347,0.144454
9348,0.053021
9349,-0.069630
9350,-0.100480
9351,-0.113431
9352,-0.088899
9353,-0.069123
9354,0.006099
9355,0.047453
9356,0.043722
9357,0.023591
9358,-0.000947
9359,-0.049381
9360,-0.028179
9361,-0.009565
9362,-0.020602
9363,0.026209
9364,0.042660
9365,-0.001656
9366,-0.059770
9367,-0.025982
9368,-0.005300
9369,-0.021201
9370,-0.045262
9371,0.001680
9372,0.045066
9373,0.003811
9374,0.077876
9375,0.119042
9376,0.041134
9377,-0.031788
9378,257.620667
9379,47.885075
9380,4.841083
9381,2121.100830
9382,806.820007
9383,-37.893162
9384,-10.236653
9385,22.830996
9386,21.432537
9387,20.727749
9388,22.702618
9389,0.567837
9390,2.039321
9391,-15.564933
9392,-29.803417
9393,-17.578230
9394,-11.244461
9395,-1.201740
9396,7.674047
9397,8.317915
9398,7.764493
9399,3.592014
9400,-3.571645
9401,-0.627703
9402,-1.768739
9403,1.962061
9404,11.515359
9405,20.719358
9406,10.678604
9407,-7.171352
9408,-20.148916
9409,-23.430254
9410,-5.812041
9411,-16.874678
9412,-11.852835
9413,-3.569556
9414,22.566128
9415,31.634766
9416,22.100916
9417,3.626320
9418,-10.565640
9419,-6.096447
9420,-0.982720
9421,-6.947732
9422,5.781092
9423,15.266092
9424,4.029772
9425,-10.634544
9426,-21.551151
9427,-33.525608
9428,-45.090092
9429,-9.882795
9430,26.913370
9431,46.712154
9432,-0.020312
9433,-0.003613
9434,-0.031422
9435,-0.032048
9436,-0.030405
9437,-0.023695
9438,-0.017121
9439,0.021625
9440,0.057702
9441,0.039820
9442,0.012958
9443,-0.009131
9444,-0.010257
9445,-0.053794
9446,-0.013773
9447,0.031701
9448,0.045077
9449,0.040821
9450,0.002103
9451,-0.077771
9452,-0.078782
9453,-0.053652
9454,-0.033249
9455,-0.045032
9456,0.014789
9457,0.064937
9458,0.031518
9459,0.068295
9460,0.053648
9461,0.022311
9462,0.036836
9463,-0.003772
9464,-0.027815
9465,-0.088237
9466,-0.145274
9467,-0.108241
9468,-0.012555
9469,-0.034323
9470,0.009624
9471,0.071281
9472,0.041834
9473,0.038868
9474,0.093988
9475,0.064771
9476,-0.006759
9477,0.022778
9478,0.025796
9479,0.005170
9480,-0.001192
9481,0.009723
9482,-0.018125
9483,-0.081571
9484,-0.049641
9485,0.021836
9486,0.043087
9487,0.013350
9488,-0.014817
9489,0.019526
9490,-0.007071
9491,0.013065
9492,0.033682
9493,0.031930
9494,-0.006252
9495,-0.039925
9496,0.006979
9497,0.013532
9498,-0.029047
9499,-0.087231
9500,-0.101358
9501,-0.053397
9502,0.005940
9503,0.049998
9504,0.107297
9505,0.061423
9506,0.025751
9507,0.027286
9508,0.056800
9509,0.018373
9510,-0.022245
9511,-0.060643
9512,-0.069857
9513,-0.071089
9514,-0.022115
9515,0.033796
9516,0.033761
9517,0.016581
9518,-0.015285
9519,-0.007203
9520,-0.021603
9521,0.015205
9522,0.004685
9523,0.002653
9524,-0.004769
9525,0.011411
9526,0.018532
9527,-0.018984
9528,-0.040263
9529,-0.003773
9530,-0.033671
9531,-0.014885
9532,0.032194
9533,0.082572
9534,0.078537
9535,0.030079
9536,-0.012154
9537,-0.012517
9538,-0.034139
9539,-0.063516
9540,-0.001690
9541,-0.064581
9542,-0.034271
9543,0.009138
9544,0.030987
9545,0.048483
9546,0.038464
9547,0.035222
9548,0.032592
9549,-0.039374
9550,-0.053686
9551,-0.049278
9552,-0.064333
9553,-0.049970
9554,-0.000076
9555,0.029266
9556,0.022388
9557,0.082079
9558,0.102838
9559,0.005815
9560,-0.036971
9561,-0.045208
9562,-0.039742
9563,0.032287
9564,0.030657
9565,-0.021730
9566,-0.037072
9567,-0.032530
9568,0.013982
9569,0.035327
9570,0.030695
9571,0.080209
9572,0.029378
9573,-0.057345
9574,-0.091512
9575,-0.088887
9576,0.005853
9577,0.070436
9578,0.030415
9579,-0.017784
9580,0.002051
9581,-0.033154
9582,-0.045170
9583,0.008289
9584,0.019583
9585,0.011398
9586,-0.029632
9587,-0.053973
9588,-0.051219
9589,-0.054928
9590,0.036172
9591,0.061995
9592,0.073515
9593,0.077875
9594,0.042519
9595,-0.021017
9596,-0.009835
9597,-0.010937
9598,-0.024737
9599,-0.051748
9600,-0.010895
9601,-0.004482
9602,0.030710
9603,0.018507
9604,0.003921
9605,-0.038157
9606,-0.044330
9607,-0.024549
9608,-0.035698
9609,0.032749
9610,0.073190
9611,0.015937
9612,0.025290
9613,0.025780
9614,0.003382
9615,0.018598
9616,-0.024909
9617,-0.016992
9618,-0.034009
9619,-0.032876
9620,-0.034454
9621,0.011632
9622,0.057319
9623,0.080090
9624,0.061697
9625,0.039974
9626,-0.017624
9627,-0.048648
9628,-0.074175
9629,-0.032761
9630,-0.033588
9631,-0.019924
9632,-0.011212
9633,-0.004224
9634,-0.017191
9635,-0.028160
9636,-0.041311
9637,-0.043625
9638,-0.003741
9639,0.012984
9640,0.037712
9641,0.052475
9642,0.010915
9643,0.036450
9644,-0.014408
9645,-0.023956
9646,0.042239
9647,-0.027929
9648,0.006772
9649,0.070323
9650,-0.009435
9651,-0.017654
9652,-0.002722
9653,0.001716
9654,0.052164
9655,0.027803
9656,0.046956
9657,0.056905
9658,-0.023756
9659,-0.062272
9660,-0.070514
9661,-0.111410
9662,-0.058844
9663,-0.013031
9664,0.051988
9665,0.088513
9666,0.058676
9667,0.034565
9668,0.003582
9669,-0.004483
9670,-0.009809
9671,-0.009278
9672,-0.019975
9673,-0.050118
9674,-0.060008
9675,-0.083743
9676,-0.037437
9677,0.008128
9678,-0.006691
9679,0.043346
9680,0.025550
9681,-0.003099
9682,-0.016815
9683,-0.036463
9684,-0.008454
9685,0.012869
9686,-0.012711
9687,-0.002319
9688,0.073412
9689,0.088286
9690,0.075284
9691,-0.012868
9692,-0.030722
9693,-0.035383
9694,-0.064288
9695,-0.091434
9696,-0.005374
9697,0.016775
9698,0.000243
9699,0.027317
9700,0.046922
9701,0.005325
9702,0.000921
9703,0.035195
9704,0.029501
9705,0.015186
9706,0.016054
9707,-0.049299
9708,-0.063381
9709,0.008266
9710,0.021842
9711,-0.011348
9712,0.002324
9713,-0.014053
9714,-0.025766
9715,-0.047884
9716,-0.022741
9717,0.040803
9718,0.065097
9719,0.029122
9720,0.016971
9721,0.013117
9722,-0.056144
9723,-0.097110
9724,-0.047014
9725,-0.018216
9726,0.003456
9727,-0.038033
9728,-0.009531
9729,0.024873
9730,0.023214
9731,0.036985
9732,0.004703
9733,-0.034591
9734,-0.028486
9735,0.005572
9736,-0.007712
9737,-0.053837
9738,-0.004578
9739,0.028343
9740,0.040287
9741,-0.005273
9742,0.025392
9743,0.026956
9744,-0.033800
9745,-0.078431
9746,-0.041753
9747,-0.036525
9748,-0.029003
9749,0.005562
9750,0.049625
9751,0.059727
9752,-0.036630
9753,-0.056808
9754,0.001380
9755,-0.015857
9756,0.000502
9757,0.017325
9758,0.006839
9759,-0.009052
9760,0.019372
9761,0.021820
9762,-0.026301
9763,-0.035978
9764,0.011290
9765,-0.014348
9766,-0.015650
9767,0.003042
9768,-0.007257
9769,-0.028450
9770,0.057171
9771,0.078733
9772,0.063621
9773,0.082864
9774,0.009297
9775,-0.041231
9776,-0.063901
9777,-0.112728
9778,-0.053154
9779,-0.064828
9780,-0.027934
9781,0.043150
9782,0.107855
9783,0.071051
9784,0.026406
9785,0.018468
9786,0.013639
9787,0.009936
9788,0.013417
9789,-0.026141
9790,-0.020338
9791,-0.026592
9792,0.001177
9793,-0.007886
9794,-0.058643
9795,-0.001491
9796,-0.025722
9797,-0.039162
9798,-0.002704
9799,0.063364
9800,0.087869
9801,0.074055
9802,-0.014892
9803,-0.073205
9804,-0.079385
9805,-0.054186
9806,0.016084
9807,0.025573
9808,0.043609
9809,0.031715
9810,-0.030667
9811,-0.052413
9812,-0.040058
9813,-0.036389
9814,0.001537
9815,0.010898
9816,0.029338
9817,0.028843
9818,0.042168
9819,0.051907
9820,0.024309
9821,-0.016064
9822,-0.025156
9823,-0.010328
9824,-0.043292
9825,-0.051579
9826,0.025642
9827,0.038856
9828,-0.005989
9829,-0.008092
9830,-0.000515
9831,-0.019824
9832,-0.009500
9833,-0.009149
9834,-0.029952
9835,-0.016787
9836,0.010915
9837,0.071155
9838,0.068461
9839,0.017777
9840,-0.034957
9841,-0.022456
9842,-0.017318
9843,-0.031639
9844,0.028232
9845,0.033510
9846,0.010990
9847,-0.016282
9848,-0.036079
9849,-0.040229
9850,0.006951
9851,0.043856
9852,0.027054
9853,0.021414
9854,0.018736
9855,-0.007939
9856,-0.027920
9857,-0.062466
9858,-0.071232
9859,-0.065884
9860,-0.052301
9861,-0.024788
9862,0.007369
9863,0.054739
9864,0.054714
9865,0.062007
9866,0.010149
9867,0.050810
9868,0.008892
9869,0.006290
9870,-0.039413
9871,-0.080130
9872,-0.020278
9873,0.012547
9874,0.047224
9875,0.063444
9876,0.036414
9877,-0.032344
9878,-0.056143
9879,-0.073845
9880,-0.035306
9881,0.032967
9882,0.037754
9883,0.058693
9884,0.011942
9885,0.027340
9886,0.049445
9887,0.038803
9888,0.000214
9889,-0.015772
9890,-0.024628
9891,-0.057791
9892,-0.056198
9893,-0.051332
9894,-0.030515
9895,0.061789
9896,0.058843
9897,0.069062
9898,0.019453
9899,0.007452
9900,0.000782
9901,-0.030039
9902,-0.069904
9903,-0.060854
9904,-0.013746
9905,-0.008893
9906,-0.001167
9907,-0.000527
9908,-0.073858
9909,-0.020995
9910,0.042762
9911,0.038167
9912,0.072158
9913,0.047752
9914,0.012680
9915,0.001831
9916,0.011155
9917,0.011330
9918,0.073076
9919,0.057615
9920,-0.013762
9921,-0.063989
9922,-0.089300
9923,-0.137030
9924,-0.072617
9925,-0.066134
9926,0.009893
9927,0.044388
9928,0.039022
9929,0.053917
9930,0.071476
9931,0.069153
9932,0.062701
9933,0.037621
9934,-0.030330
9935,-0.066406
9936,-0.119114
9937,-0.128812
9938,-0.027947
9939,0.005636
9940,0.055028
9941,0.116784
9942,0.102708
9943,0.090914
9944,0.035439
9945,-0.016352
9946,-0.051784
9947,-0.081923
9948,-0.077764
9949,-0.041770
9950,-0.018049
9951,-0.025292
9952,-0.018332
9953,0.005942
9954,0.006456
9955,0.005332
9956,0.008363
9957,-0.012204
9958,0.003544
9959,0.029215
9960,0.031596
9961,0.066110
9962,0.040125
9963,-0.045543
9964,-0.045933
9965,-0.039332
9966,-0.014336
9967,0.006837
9968,0.086667
9969,0.086765
9970,0.001082
9971,-0.035451
9972,-0.026834
9973,-0.041103
9974,-0.038891
9975,-0.016997
9976,-0.001183
9977,-0.022030
9978,-0.010453
9979,0.064340
9980,0.058593
9981,0.027105
9982,-0.034251
9983,-0.088809
9984,-0.074072
9985,-0.022078
9986,0.014292
9987,0.072402
9988,0.064078
9989,0.053642
9990,0.010596
9991,-0.042316
9992,-0.044707
9993,-0.022355
9994,0.003429
9995,-0.025329
9996,-0.039932
9997,-0.039043
9998,-0.013262
9999,0.008940
10000,0.064224
10001,0.092985
10002,0.092235
10003,0.007154
10004,0.008344
10005,-0.035473
10006,-0.078525
10007,-0.066158
10008,-0.079718
10009,-0.050048
10010,0.009689
10011,0.016990
10012,0.033984
10013,0.052460
10014,0.055427
10015,0.020557
10016,0.006549
10017,-0.022632
10018,0.025189
10019,-0.010460
10020,-0.082254
10021,-0.036948
10022,-0.015779
10023,0.019663
10024,0.012661
10025,0.030397
10026,0.033382
10027,0.047355
10028,-0.030602
10029,-0.039635
10030,-0.020869
10031,-0.001777
10032,0.035782
10033,0.079267
10034,0.052240
10035,-0.065321
10036,-0.101203
10037,-0.101616
10038,-0.054175
10039,0.027487
10040,0.086155
10041,0.113562
10042,0.090513
10043,-0.008638
10044,0.018656
10045,0.019955
10046,-0.008220
10047,-0.009847
10048,-0.046505
10049,-0.101304
10050,-0.085073
10051,-0.116521
10052,-0.072310
10053,0.020950
10054,0.057974
10055,0.067713
10056,0.082059
10057,0.021469
10058,0.019502
10059,-0.021453
10060,0.016046
10061,0.052714
10062,0.023957
10063,-0.037602
10064,-0.053908
10065,-0.062094
10066,-0.108605
10067,-0.038062
10068,0.032895
10069,0.119473
10070,0.084352
10071,0.022900
10072,-0.002605
10073,-0.023225
10074,0.018990
10075,0.019281
10076,0.006766
10077,0.012450
10078,-0.031358
10079,-0.033677
10080,-0.053723
10081,-0.056288
10082,-0.019283
10083,0.006263
10084,0.013564
10085,0.013369
10086,0.021051
10087,0.067659
10088,0.032332
10089,-0.004631
10090,0.031794
10091,-0.018710
10092,0.017936
10093,0.022558
10094,-0.032305
10095,-0.090054
10096,-0.068197
10097,0.011646
10098,0.026143
10099,0.031632
10100,0.032404
10101,-0.019886
10102,0.011948
10103,0.000267
10104,-0.009948
10105,-0.005683
10106,-0.018493
10107,-0.018807
10108,-0.019893
10109,-0.037917
10110,-0.049982
10111,-0.027562
10112,0.034510
10113,0.062522
10114,0.038585
10115,0.051549
10116,0.031571
10117,0.015410
10118,-0.004436
10119,-0.039499
10120,-0.078535
10121,-0.032979
10122,0.011152
10123,0.019955
10124,0.021682
10125,0.052152
10126,0.028147
10127,-0.036691
10128,-0.022098
10129,-0.045350
10130,-0.058672
10131,0.000758
10132,0.034812
10133,0.102568
10134,0.049013
10135,-0.004150
10136,-0.007181
10137,-0.035140
10138,-0.022224
10139,0.005569
10140,-0.031796
10141,-0.057235
10142,-0.066349
10143,-0.042472
10144,-0.011792
10145,-0.008282
10146,0.039048
10147,0.069965
10148,0.079028
10149,0.131586
10150,0.075069
10151,-0.008026
10152,-0.097882
10153,-0.110707
10154,-0.028206
10155,0.009109
10156,-0.047837
10157,-0.057174
10158,-0.034320
10159,0.006568
10160,0.016997
10161,0.072492
10162,0.083403
10163,0.075877
10164,0.039573
10165,0.006763
10166,-0.007291
10167,-0.024142
10168,-0.046874
10169,-0.090455
10170,-0.035070
10171,-0.028888
10172,-0.013157
10173,0.051837
10174,0.096308
10175,0.057639
10176,-0.029338
10177,-0.073395
10178,-0.012954
10179,-0.007337
10180,-0.036272
10181,-0.057462
10182,-0.038998
10183,0.006726
10184,0.027211
10185,0.050521
10186,0.076503
10187,-0.029894
10188,-0.015014
10189,-0.017394
10190,0.052225
10191,0.068535
10192,0.012010
10193,-0.018315
10194,-0.019811
10195,-0.043706
10196,-0.064496
10197,-0.014329
10198,-0.026459
10199,-0.009465
10200,0.002778
10201,0.024384
10202,0.007026
10203,-0.013824
10204,-0.019189
10205,0.015546
10206,-0.008913
10207,-0.018105
10208,0.015789
10209,0.043254
10210,0.031961
10211,0.015021
10212,0.026024
10213,-0.009464
10214,-0.070653
10215,-0.043239
10216,0.012652
10217,0.055044
10218,0.057800
10219,0.064719
10220,0.103905
10221,0.010330
10222,-0.035339
10223,-0.035879
10224,-0.078998
10225,-0.043276
10226,-0.019246
10227,-0.043559
10228,-0.026966
10229,-0.028805
10230,-0.040714
10231,-0.031456
10232,0.083745
10233,0.100694
10234,0.056198
10235,-0.026174
10236,-0.066243
10237,-0.022902
10238,-0.022557
10239,-0.005889
10240,-0.000966
10241,-0.017785
10242,-0.051354
10243,-0.039695
10244,-0.050853
10245,-0.005388
10246,0.014500
10247,-0.002414
10248,0.005391
10249,0.015132
10250,0.017333
10251,-0.007194
10252,0.023236
10253,0.001516
10254,-0.011158
10255,0.065626
10256,0.050114
10257,0.019681
10258,-0.015270
10259,-0.049081
10260,-0.079181
10261,-0.087490
10262,-0.061190
10263,0.008447
10264,0.059567
10265,0.109244
10266,0.027828
10267,-0.024628
10268,-0.002378
10269,0.029419
10270,0.065557
10271,0.062472
10272,0.048440
10273,0.017233
10274,-0.035614
10275,-0.100986
10276,-0.106342
10277,-0.072225
10278,-0.036250
10279,0.044566
10280,0.031635
10281,0.030130
10282,0.045318
10283,0.046864
10284,0.053260
10285,0.077448
10286,0.026472
10287,-0.012967
10288,-0.016855
10289,-0.074622
10290,-0.060643
10291,-0.017281
10292,-0.014143
10293,0.003317
10294,0.043270
10295,0.034513
10296,0.013737
10297,-0.049785
10298,-0.100790
10299,-0.041607
10300,-0.034662
10301,-0.005949
10302,0.014007
10303,-0.001038
10304,0.035222
10305,0.030116
10306,0.025524
10307,0.029243
10308,0.003361
10309,0.030468
10310,0.017208
10311,-0.015814
10312,-0.029500
10313,-0.055381
10314,-0.042417
10315,0.003347
10316,0.041052
10317,0.073649
10318,0.073956
10319,-0.021632
10320,0.007470
10321,-0.026623
10322,-0.060614
10323,-0.030884
10324,-0.031620
10325,-0.034605
10326,-0.030938
10327,-0.010642
10328,0.020339
10329,-0.012101
10330,0.037169
10331,0.080437
10332,0.063599
10333,0.069782
10334,0.053609
10335,0.016466
10336,-0.007543
10337,-0.103225
10338,-0.115424
10339,-0.031035
10340,-0.024991
10341,-0.031107
10342,0.012013
10343,0.019664
10344,0.032916
10345,0.029623
10346,0.029124
10347,0.020605
10348,0.014981
10349,-0.071852
10350,-0.094053
10351,-0.046884
10352,-0.054493
10353,-0.012396
10354,-0.001370
10355,0.057820
10356,0.086554
10357,0.067721
10358,0.071020
10359,0.025152
10360,-0.044830
10361,-0.017248
10362,-0.015113
10363,0.006844
10364,-0.001712
10365,0.039113
10366,0.050233
10367,0.029647
10368,0.035631
10369,0.002700
10370,-0.071084
10371,-0.117874
10372,-0.102629
10373,-0.034540
10374,-0.045045
10375,0.030537
10376,0.059889
10377,0.064654
10378,0.088943
10379,0.084305
10380,0.039961
10381,0.001844
10382,-0.083218
10383,-0.128844
10384,-0.092032
10385,-0.076534
10386,-0.023885
10387,0.022513
10388,0.019917
10389,0.039753
10390,0.031556
10391,0.012650
10392,0.073118
10393,0.038135
10394,0.032081
10395,-0.019876
10396,-0.024677
10397,-0.017974
10398,-0.047303
10399,-0.017768
10400,-0.027096
10401,-0.011288
10402,-0.004924
10403,-0.025296
10404,0.006312
10405,0.068618
10406,0.078894
10407,0.086878
10408,0.012933
10409,-0.025382
10410,-0.054150
10411,-0.085425
10412,-0.092269
10413,-0.098987
10414,-0.053866
10415,0.061852
10416,0.061281
10417,0.101514
10418,0.101973
10419,0.079453
10420,0.060962
10421,0.018452
10422,-0.021814
10423,-0.022019
10424,-0.070158
10425,-0.090548
10426,-0.081081
10427,-0.018201
10428,0.045493
10429,0.032206
10430,0.004283
10431,-0.073760
10432,-0.079494
10433,-0.059798
10434,-0.067768
10435,0.034073
10436,0.099371
10437,0.076211
10438,0.064980
10439,0.004952
10440,-0.032247
10441,-0.080994
10442,0.023496
10443,0.004597
10444,-0.023802
10445,0.040059
10446,0.004247
10447,0.026702
10448,0.016631
10449,-0.021689
10450,-0.003826
10451,0.026537
10452,-0.016424
10453,0.046268
10454,0.024845
10455,0.009754
10456,0.048389
10457,0.012472
10458,-0.047686
10459,-0.067720
10460,-0.050693
10461,0.044435
10462,0.059310
10463,-0.002282
10464,0.034865
10465,0.008053
10466,-0.054134
10467,-0.033294
10468,-0.032661
10469,-0.050548
10470,-0.053848
10471,0.013717
10472,0.024356
10473,-0.017137
10474,0.036228
10475,0.077961
10476,0.095538
10477,0.054566
10478,0.028170
10479,0.023133
10480,-0.086617
10481,-0.120362
10482,0.066759
10483,0.059874
10484,0.067582
10485,0.065587
10486,0.074714
10487,-0.002921
10488,-0.059286
10489,-0.092387
10490,-0.049482
10491,-0.011491
10492,0.007661
10493,0.006700
10494,0.007519
10495,0.047482
10496,0.049990
10497,0.026511
10498,0.005492
10499,-0.008539
10500,0.015229
10501,-0.036866
10502,-0.026783
10503,0.003852
10504,-0.040410
10505,-0.037699
10506,-0.001905
10507,0.038570
10508,0.036783
10509,-0.005691
10510,0.047226
10511,0.021788
10512,-0.021722
10513,-0.001635
10514,-0.005192
10515,-0.007122
10516,-0.003271
10517,-0.015376
10518,-0.027153
10519,-0.023451
10520,-0.011109
10521,-0.018335
10522,-0.010466
10523,0.005349
10524,0.009992
10525,-0.009881
10526,-0.004831
10527,-0.021858
10528,-0.035024
10529,0.015566
10530,-0.000518
10531,0.023003
10532,231.630966
10533,16.667223
10534,4.319667
10535,2129.851807
10536,763.784973
10537,47.213409
10538,-2.980886
10539,-47.018116
10540,-36.593609
10541,-19.566313
10542,7.963907
10543,41.484463
10544,23.461622
10545,1.275939
10546,-20.359919
10547,-21.054379
10548,-16.955887
10549,-30.283955
10550,-32.841717
10551,-1.385539
10552,12.174767
10553,22.627935
10554,61.322594
10555,66.184990
10556,60.600471
10557,33.215652
10558,-17.609850
10559,-56.710651
10560,-83.032616
10561,-78.222519
10562,-47.791836
10563,-3.197937
10564,41.879185
10565,53.021862
10566,62.057167
10567,34.824139
10568,14.100437
10569,-2.867953
10570,-22.012993
10571,-33.227390
10572,-41.206734
10573,-33.717339
10574,-30.034605
10575,-25.386522
10576,12.406766
10577,46.988434
10578,54.400791
10579,26.392418
10580,4.126188
10581,-9.938904
10582,-19.183716
10583,-32.786671
10584,-9.890419
10585,20.314661
10586,0.037234
10587,0.004453
10588,-0.003348
10589,0.056353
10590,0.035777
10591,0.007047
10592,-0.007420
10593,-0.023060
10594,-0.027104
10595,-0.015760
10596,-0.009837
10597,0.015582
10598,0.008984
10599,0.005525
10600,0.018591
10601,0.020830
10602,-0.026937
10603,-0.001412
10604,0.000872
10605,-0.059071
10606,-0.090621
10607,-0.034037
10608,-0.036382
10609,0.010961
10610,0.079248
10611,0.102392
10612,0.089723
10613,0.049476
10614,-0.019287
10615,-0.026552
10616,-0.045410
10617,-0.045723
10618,0.008171
10619,-0.049767
10620,-0.038096
10621,-0.043147
10622,-0.040942
10623,-0.042020
10624,-0.030958
10625,0.022743
10626,0.067559
10627,0.032808
10628,0.012524
10629,0.011595
10630,-0.009155
10631,-0.015545
10632,-0.005465
10633,0.008637
10634,0.066807
10635,0.067822
10636,0.121402
10637,0.074527
10638,-0.028496
10639,-0.034158
10640,-0.043207
10641,-0.084037
10642,-0.044471
10643,-0.025051
10644,-0.065873
10645,-0.066488
10646,-0.063800
10647,0.001492
10648,0.028130
10649,0.030400
10650,0.057910
10651,0.028122
10652,-0.007975
10653,0.001157
10654,0.018113
10655,0.013763
10656,-0.041388
10657,-0.007853
10658,0.067483
10659,0.091365
10660,0.062412
10661,0.020709
10662,-0.024595
10663,-0.021648
10664,-0.026005
10665,-0.058453
10666,-0.012179
10667,-0.008464
10668,-0.043989
10669,0.014286
10670,0.019905
10671,-0.007541
10672,0.006638
10673,0.022647
10674,-0.017193
10675,-0.065090
10676,-0.073016
10677,-0.050569
10678,0.003874
10679,0.021599
10680,0.027849
10681,-0.017827
10682,-0.005695
10683,0.045717
10684,0.032991
10685,-0.003813
10686,-0.018885
10687,-0.002612
10688,-0.029472
10689,-0.044077
10690,0.002046
10691,0.027634
10692,0.036355
10693,0.075815
10694,0.072887
10695,0.011330
10696,-0.031811
10697,-0.048848
10698,-0.030073
10699,-0.057544
10700,-0.059442
10701,-0.018295
10702,0.008844
10703,0.020209
10704,0.021218
10705,-0.026271
10706,-0.025498
10707,0.017172
10708,0.026381
10709,0.072310
10710,0.038851
10711,0.042490
10712,0.043449
10713,0.044033
10714,0.066927
10715,0.045311
10716,0.047733
10717,-0.051104
10718,-0.051672
10719,-0.085526
10720,-0.113986
10721,-0.102668
10722,-0.047105
10723,0.016729
10724,0.030934
10725,0.010750
10726,-0.007301
10727,-0.018640
10728,-0.028036
10729,-0.027634
10730,-0.002967
10731,0.005495
10732,0.038089
10733,0.017682
10734,0.049127
10735,0.082813
10736,0.096368
10737,0.044116
10738,-0.035519
10739,-0.052738
10740,-0.086554
10741,-0.115886
10742,-0.034032
10743,-0.001909
10744,0.028087
10745,0.048476
10746,0.033699
10747,0.046771
10748,-0.013427
10749,-0.061933
10750,-0.035357
10751,-0.041418
10752,-0.015337
10753,0.054644
10754,0.080191
10755,0.076766
10756,0.056046
10757,-0.003120
10758,-0.029371
10759,-0.040591
10760,-0.058576
10761,-0.005944
10762,0.019184
10763,0.060073
10764,0.055412
10765,0.021843
10766,-0.055290
10767,-0.070872
10768,-0.085509
10769,-0.036003
10770,0.055549
10771,0.103733
10772,0.042359
10773,-0.007233
10774,-0.018734
10775,-0.041039
10776,0.001977
10777,-0.020729
10778,-0.047455
10779,-0.019000
10780,0.037925
10781,0.057954
10782,-0.001920
10783,-0.074296
10784,-0.043187
10785,-0.005691
10786,0.044623
10787,0.033137
10788,0.051685
10789,0.077953
10790,-0.004005
10791,-0.057182
10792,-0.062808
10793,-0.106238
10794,-0.079396
10795,-0.028991
10796,-0.009832
10797,0.016749
10798,0.015360
10799,0.018715
10800,0.095314
10801,0.132048
10802,0.109867
10803,0.086089
10804,0.039524
10805,0.007503
10806,-0.051380
10807,-0.129311
10808,-0.099825
10809,-0.024648
10810,-0.007588
10811,0.000158
10812,0.044638
10813,0.002331
10814,-0.033012
10815,-0.078271
10816,-0.040531
10817,0.001881
10818,0.028205
10819,0.026411
10820,0.030701
10821,-0.012162
10822,0.025898
10823,0.030639
10824,-0.004506
10825,-0.014667
10826,-0.025813
10827,-0.058388
10828,-0.053397
10829,-0.066150
10830,-0.034984
10831,0.024176
10832,0.083160
10833,0.108592
10834,0.070581
10835,0.024860
10836,0.049173
10837,0.038717
10838,0.002652
10839,-0.002822
10840,0.044180
10841,0.039402
10842,0.048187
10843,-0.032495
10844,-0.084762
10845,-0.055961
10846,-0.025832
10847,-0.061711
10848,-0.052740
10849,-0.042067
10850,0.021254
10851,0.074741
10852,0.104844
10853,0.070237
10854,0.034803
10855,-0.011685
10856,-0.078405
10857,-0.076030
10858,-0.028840
10859,-0.040211
10860,-0.001546
10861,0.017625
10862,-0.013123
10863,-0.001958
10864,0.011207
10865,0.011613
10866,-0.026048
10867,-0.076189
10868,-0.052259
10869,0.001425
10870,0.060026
10871,0.040919
10872,0.069053
10873,0.099948
10874,0.049280
10875,0.044117
10876,-0.007732
10877,-0.047509
10878,-0.064551
10879,-0.071499
10880,-0.040910
10881,-0.028864
10882,-0.016523
10883,0.036346
10884,0.044756
10885,0.065290
10886,0.041701
10887,0.035414
10888,-0.012646
10889,-0.048531
10890,-0.011860
10891,0.021576
10892,-0.006061
10893,-0.017458
10894,-0.036243
10895,-0.058337
10896,0.006760
10897,0.036288
10898,0.005025
10899,-0.026932
10900,-0.021379
10901,0.006090
10902,0.026009
10903,0.017091
10904,0.008514
10905,-0.004565
10906,-0.007153
10907,-0.009969
10908,0.019479
10909,0.052425
10910,0.017745
10911,-0.036606
10912,-0.076267
10913,-0.080802
10914,-0.024673
10915,0.038168
10916,0.022220
10917,0.050618
10918,0.023998
10919,0.060756
10920,0.038891
10921,-0.029420
10922,-0.018916
10923,0.016795
10924,0.020844
10925,0.047251
10926,-0.012760
10927,-0.057272
10928,-0.031465
10929,-0.051538
10930,-0.007239
10931,0.056792
10932,0.077180
10933,0.089967
10934,0.041360
10935,-0.041821
10936,222.532318
10937,29.292646
10938,4.137126
10939,2085.527588
10940,684.781067
10941,-24.438496
10942,2.591973
10943,40.080227
10944,51.972267
10945,53.573902
10946,50.422482
10947,22.488634
10948,-20.870392
10949,-61.447594
10950,-73.977074
10951,-44.571606
10952,18.232416
10953,68.130814
10954,60.132290
10955,13.354608
10956,-32.001896
10957,-35.279774
10958,-13.888151
10959,5.971193
10960,-7.555958
10961,-19.004826
10962,-19.118803
10963,-4.432554
10964,13.128719
10965,32.999973
10966,39.001282
10967,24.313318
10968,-1.725802
10969,-11.740218
10970,-27.157043
10971,-39.494240
10972,-1.823558
10973,15.848896
10974,19.984715
10975,21.701160
10976,0.366408
10977,-7.597865
10978,-5.746388
10979,-9.305998
10980,2.845305
10981,0.942856
10982,-2.435391
10983,1.825904
10984,-30.104336
10985,-57.844624
10986,-33.094376
10987,-8.561324
10988,22.099514
10989,68.365837
10990,-0.033411
10991,-0.013096
10992,-0.038379
10993,-0.063137
10994,-0.046064
10995,0.016134
10996,0.013116
10997,-0.013249
10998,0.005528
10999,0.002220
11000,-0.010371
11001,-0.040695
11002,-0.056506
11003,-0.018907
11004,-0.001564
11005,-0.009851
11006,-0.016968
11007,0.004387
11008,0.022828
11009,0.025157
11010,0.053115
11011,0.060624
11012,0.028322
11013,0.000562
11014,0.009109
11015,0.022089
11016,0.036427
11017,0.007955
11018,-0.073086
11019,-0.051858
11020,-0.028008
11021,-0.047327
11022,0.015724
11023,0.015630
11024,-0.017281
11025,-0.012311
11026,0.025420
11027,0.009312
11028,-0.059661
11029,-0.070491
11030,-0.031049
11031,0.003856
11032,0.044949
11033,0.087629
11034,0.103188
11035,0.071838
11036,0.049174
11037,0.020239
11038,-0.038111
11039,-0.072288
11040,-0.056135
11041,0.014392
11042,0.033066
11043,-0.006380
11044,-0.017877
11045,-0.032703
11046,-0.014468
11047,0.029598
11048,0.046637
11049,-0.000855
11050,-0.059418
11051,-0.056639
11052,-0.066248
11053,-0.024688
11054,0.039419
11055,0.051132
11056,0.032014
11057,0.020670
11058,-0.013211
11059,-0.007893
11060,0.004825
11061,0.027188
11062,0.039353
11063,-0.017405
11064,-0.065407
11065,-0.038914
11066,-0.025193
11067,-0.017202
11068,-0.015223
11069,-0.017835
11070,0.021569
11071,0.058631
11072,0.047938
11073,-0.016685
11074,-0.001855
11075,-0.027396
11076,-0.020679
11077,0.025266
11078,0.035205
11079,0.035077
11080,0.046781
11081,0.024381
11082,0.013436
11083,-0.006558
11084,-0.043041
11085,-0.050396
11086,-0.028617
11087,0.012368
11088,0.046960
11089,0.045690
11090,0.018128
11091,-0.044975
11092,-0.072645
11093,-0.075053
11094,-0.082189
11095,-0.070501
11096,-0.028195
11097,0.084053
11098,0.161522
11099,0.149889
11100,0.092835
11101,-0.024078
11102,-0.016673
11103,-0.008887
11104,-0.034765
11105,-0.064220
11106,-0.123408
11107,-0.137561
11108,-0.073548
11109,-0.024341
11110,0.047915
11111,0.075598
11112,0.028675
11113,0.007088
11114,0.033942
11115,0.041493
11116,0.071924
11117,0.053558
11118,0.051656
11119,0.027989
11120,-0.021963
11121,-0.057752
11122,-0.066721
11123,-0.063797
11124,-0.080731
11125,-0.049311
11126,0.010875
11127,-0.018163
11128,0.017813
11129,0.028526
11130,0.020105
11131,0.041380
11132,0.068900
11133,0.115966
11134,0.120202
11135,0.033122
11136,-0.019490
11137,-0.116674
11138,-0.150925
11139,-0.131558
11140,217.937958
11141,35.667858
11142,4.044952
11143,2064.192139
11144,711.359253
11145,41.364094
11146,32.008747
11147,8.977090
11148,-4.226781
11149,-17.686472
11150,-15.749232
11151,-47.369076
11152,-52.326324
11153,-36.345898
11154,6.526468
11155,31.278088
11156,39.991516
11157,30.122168
11158,15.326971
11159,7.144000
11160,3.065915
11161,-3.950842
11162,1.584299
11163,-0.247122
11164,-16.322237
11165,-18.485535
11166,3.090425
11167,2.511446
11168,2.464863
11169,22.754362
11170,14.963335
11171,9.988198
11172,-15.335891
11173,-23.991001
11174,-31.364445
11175,-13.338076
11176,-14.379333
11177,17.857452
11178,29.644943
11179,29.623608
11180,11.399758
11181,-11.389676
11182,-13.596831
11183,-16.722664
11184,-16.230322
11185,-16.103420
11186,-9.950864
11187,1.337475
11188,29.687611
11189,69.713692
11190,47.503952
11191,11.298356
11192,-14.967015
11193,-43.250793
11194,-0.101081
11195,-0.051805
11196,0.044354
11197,0.085313
11198,0.065877
11199,0.070613
11200,0.104713
11201,0.084057
11202,-0.004380
11203,-0.063123
11204,-0.063051
11205,-0.049102
11206,-0.071522
11207,-0.093244
11208,0.001778
11209,0.044486
11210,0.056791
11211,0.085262
11212,0.092396
11213,0.058312
11214,-0.002478
11215,-0.055559
11216,-0.055615
11217,-0.076553
11218,-0.099062
11219,-0.022010
11220,0.057345
11221,0.064616
11222,0.038907
11223,-0.003825
11224,-0.045275
11225,-0.078715
11226,-0.047143
11227,0.019814
11228,-0.009641
11229,-0.011893
11230,-0.013833
11231,0.014609
11232,0.099073
11233,0.125421
11234,0.112253
11235,0.117155
11236,0.027009
11237,-0.083548
11238,-0.088357
11239,-0.138536
11240,-0.133524
11241,-0.068438
11242,-0.008373
11243,0.041308
11244,0.091959
11245,0.055495
11246,0.033175
11247,0.025242
11248,-0.006891
11249,-0.050273
11250,-0.075866
11251,-0.099409
11252,-0.070594
11253,0.001140
11254,0.037495
11255,0.046979
11256,0.056494
11257,0.044705
11258,0.038927
11259,-0.000631
11260,0.011352
11261,-0.014826
11262,-0.027739
11263,-0.011701
11264,-0.027668
11265,-0.038751
11266,-0.014299
11267,-0.019347
11268,0.048571
11269,0.122696
11270,0.103009
11271,0.060165
11272,0.006757
11273,-0.016184
11274,-0.054538
11275,-0.047620
11276,-0.058448
11277,-0.047937
11278,-0.057662
11279,-0.074749
11280,-0.071329
11281,0.003232
11282,0.021274
11283,0.056542
11284,0.085594
11285,0.061406
11286,0.044323
11287,0.009472
11288,-0.004149
11289,0.003904
11290,-0.038272
11291,-0.072122
11292,-0.047621
11293,-0.017816
11294,-0.006521
11295,0.023426
11296,-0.024686
11297,-0.009910
11298,0.060545
11299,0.041236
11300,0.056519
11301,0.026032
11302,-0.005906
11303,0.004340
11304,-0.036333
11305,-0.061113
11306,-0.027391
11307,-0.018591
11308,-0.077100
11309,-0.030074
11310,0.012028
11311,0.055300
11312,0.097996
11313,0.033146
11314,-0.016449
11315,-0.003216
11316,0.034293
11317,0.034130
11318,0.003246
11319,-0.034362
11320,-0.014238
11321,0.006297
11322,-0.021062
11323,0.007867
11324,0.024912
11325,-0.022815
11326,-0.070143
11327,-0.057456
11328,-0.074862
11329,-0.032566
11330,0.026639
11331,0.088095
11332,0.095994
11333,0.086983
11334,0.047096
11335,-0.017883
11336,-0.057473
11337,-0.074683
11338,-0.060252
11339,-0.028552
11340,-0.024109
11341,0.005773
11342,0.067055
11343,0.033759
11344,213.343597
11345,42.043072
11346,3.952779
11347,2041.883423
11348,670.572693
11349,-14.130122
11350,-12.487968
11351,6.320023
11352,9.693981
11353,23.465267
11354,5.199876
11355,-0.269032
11356,-11.044862
11357,-11.680878
11358,4.103996
11359,2.306221
11360,-24.631226
11361,-33.396656
11362,-17.863688
11363,2.318218
11364,16.673719
11365,13.242355
11366,33.078362
11367,57.957321
11368,58.133587
11369,23.958881
11370,-33.442772
11371,-84.532242
11372,-74.484238
11373,-25.755554
11374,18.661985
11375,43.822239
11376,20.258144
11377,-7.927094
11378,-4.166294
11379,6.695419
11380,-6.214513
11381,-9.717563
11382,10.320777
11383,7.141319
11384,17.951384
11385,12.794902
11386,2.644020
11387,-8.521437
11388,-19.422405
11389,-16.953321
11390,-13.240153
11391,-2.485170
11392,14.628152
11393,12.726700
11394,14.090684
11395,-6.788707
11396,-44.192703
11397,-35.103180
11398,0.026004
11399,-0.010738
11400,0.013704
11401,0.025753
11402,-0.047623
11403,0.000246
11404,0.006279
11405,-0.036609
11406,-0.013893
11407,-0.017083
11408,-0.038481
11409,-0.007521
11410,0.061635
11411,0.057806
11412,0.053841
11413,0.065866
11414,0.034277
11415,0.003559
11416,-0.083654
11417,-0.030677
11418,0.012780
11419,-0.014955
11420,-0.037973
11421,-0.057947
11422,-0.051003
11423,-0.035298
11424,0.019582
11425,0.027334
11426,0.046492
11427,0.031442
11428,0.025119
11429,0.028546
11430,0.022904
11431,0.044298
11432,-0.006140
11433,-0.074056
11434,-0.055777
11435,-0.047766
11436,-0.018776
11437,-0.011046
11438,0.002980
11439,0.013527
11440,0.041727
11441,0.019431
11442,0.016960
11443,0.017307
11444,-0.000432
11445,0.023425
11446,0.025576
11447,-0.006051
11448,-0.021334
11449,-0.048297
11450,-0.045286
11451,-0.061566
11452,-0.065250
11453,-0.023216
11454,0.053928
11455,0.070923
11456,0.032430
11457,0.022042
11458,0.008891
11459,-0.007224
11460,-0.003061
11461,-0.010939
11462,0.003990
11463,0.033022
11464,0.036526
11465,0.026186
11466,-0.043718
11467,0.001298
11468,0.051773
11469,0.030824
11470,0.007600
11471,0.006192
11472,-0.021949
11473,-0.045911
11474,-0.050019
11475,-0.032392
11476,0.038661
11477,0.001576
11478,-0.061271
11479,-0.038590
11480,-0.025613
11481,-0.026248
11482,-0.019769
11483,-0.003861
11484,0.013571
11485,0.054977
11486,0.132741
11487,0.043189
11488,0.005319
11489,0.043369
11490,-0.026925
11491,-0.028716
11492,-0.043974
11493,-0.024553
11494,-0.017806
11495,0.001156
11496,0.031844
11497,-0.017743
11498,-0.086322
11499,-0.038796
11500,0.017122
11501,0.037149
11502,0.042454
11503,0.045499
11504,0.033176
11505,-0.007505
11506,0.001894
11507,0.007726
11508,0.005261
11509,-0.016819
11510,-0.058506
11511,-0.040494
11512,0.039301
11513,0.042036
11514,0.030218
11515,0.019082
11516,-0.008517
11517,-0.024905
11518,-0.050341
11519,-0.039878
11520,-0.030229
11521,-0.022297
11522,0.003359
11523,-0.009877
11524,-0.010168
11525,0.055483
11526,0.063771
11527,0.000613
11528,-0.066602
11529,-0.102921
11530,-0.013714
11531,0.038495
11532,0.048375
11533,0.035678
11534,-0.021447
11535,0.003323
11536,0.014843
11537,-0.025034
11538,-0.037333
11539,-0.033080
11540,0.004333
11541,-0.016623
11542,0.008478
11543,0.082528
11544,0.046121
11545,0.022188
11546,0.009414
11547,0.014949
11548,0.029109
11549,0.025290
11550,-0.032527
11551,-0.083834
11552,-0.063520
11553,-0.024423
11554,0.028272
11555,0.044945
11556,-0.000431
11557,-0.014863
11558,0.022586
11559,0.038236
11560,0.031828
11561,0.013290
11562,0.007790
11563,-0.012768
11564,-0.002765
11565,-0.025547
11566,-0.028018
11567,-0.034675
11568,-0.038261
11569,-0.001694
11570,0.016709
11571,0.013202
11572,-0.000045
11573,-0.035324
11574,-0.010970
11575,0.011123
11576,-0.011292
11577,0.021691
11578,0.050193
11579,0.038390
11580,0.008786
11581,0.031773
11582,0.009440
11583,-0.011355
11584,-0.013677
11585,-0.070239
11586,-0.097943
11587,-0.100046
11588,-0.032073
11589,0.049450
11590,0.081536
11591,0.032372
11592,0.026505
11593,0.019809
11594,-0.041045
11595,-0.044405
11596,-0.013028
11597,0.030717
11598,0.071954
11599,0.066508
11600,-0.017757
11601,-0.052999
11602,-0.018632
11603,-0.002745
11604,-0.025405
11605,0.039424
11606,0.036546
11607,0.013020
11608,-0.019428
11609,-0.008913
11610,-0.002527
11611,-0.010763
11612,0.015555
11613,0.000399
11614,-0.005731
11615,-0.030849
11616,-0.024078
11617,0.000114
11618,-0.032507
11619,-0.043754
11620,-0.012538
11621,-0.010842
11622,-0.004695
11623,0.046179
11624,0.030597
11625,0.018945
11626,0.010778
11627,0.003511
11628,-0.028694
11629,-0.072042
11630,-0.048852
11631,-0.022802
11632,0.021354
11633,0.055152
11634,0.026877
11635,0.042762
11636,0.011650
11637,0.013348
11638,0.008419
11639,0.033642
11640,0.069168
11641,0.017731
11642,-0.018233
11643,-0.007352
11644,-0.051836
11645,-0.068315
11646,-0.010098
11647,-0.014554
11648,-0.016709
11649,0.036128
11650,0.033156
11651,-0.003338
11652,-0.035115
11653,-0.000598
11654,0.019976
11655,-0.000067
11656,0.066426
11657,0.014794
11658,-0.040757
11659,-0.016124
11660,-0.021179
11661,0.011614
11662,0.040779
11663,0.021778
11664,0.048749
11665,0.024488
11666,0.036607
11667,0.019271
11668,-0.050716
11669,-0.069040
11670,-0.043213
11671,-0.067853
11672,-0.083221
11673,-0.028751
11674,0.004495
11675,-0.020589
11676,0.010042
11677,0.045619
11678,0.054690
11679,0.067578
11680,0.069265
11681,0.039824
11682,0.009871
11683,-0.053869
11684,-0.093208
11685,-0.035609
11686,-0.011566
11687,-0.003633
11688,0.040752
11689,0.021147
11690,0.039001
11691,0.011370
11692,-0.038679
11693,-0.098313
11694,-0.035681
11695,0.037238
11696,0.029213
11697,0.015289
11698,-0.016183
11699,0.005310
11700,0.018228
11701,-0.004813
11702,0.039726
11703,0.032732
11704,0.024619
11705,0.003401
11706,-0.058012
11707,-0.087503
11708,-0.057031
11709,-0.048517
11710,0.008190
11711,0.053292
11712,0.100322
11713,0.100980
11714,0.019691
11715,-0.000579
11716,0.001758
11717,-0.032414
11718,-0.087982
11719,-0.037655
11720,0.010767
11721,0.002362
11722,0.023451
11723,-0.026770
11724,-0.036903
11725,0.029726
11726,0.058877
11727,0.075658
11728,0.020413
11729,-0.069004
11730,-0.113710
11731,-0.067453
11732,0.007736
11733,0.070943
11734,0.055626
11735,0.015191
11736,-0.014500
11737,-0.011039
11738,-0.012291
11739,0.014655
11740,0.080836
11741,0.050387
11742,-0.041091
11743,-0.045466
11744,-0.042065
11745,-0.036911
11746,-0.034987
11747,0.023107
11748,0.084437
11749,0.022856
11750,-0.048899
11751,-0.030920
11752,-0.062616
11753,-0.026300
11754,0.007600
11755,0.026871
11756,0.040831
11757,0.000203
11758,-0.022717
11759,-0.041776
11760,-0.019866
11761,0.037463
11762,0.028366
11763,-0.008905
11764,-0.004786
11765,-0.037280
11766,-0.031028
11767,-0.018567
11768,-0.001942
11769,0.029691
11770,0.063952
11771,0.080165
11772,0.033105
11773,-0.005381
11774,-0.026772
11775,-0.020040
11776,0.000992
11777,0.073420
11778,0.041298
11779,-0.037071
11780,-0.082055
11781,-0.036516
11782,0.015704
11783,0.079259
11784,0.024179
11785,-0.031143
11786,-0.039211
11787,-0.055592
11788,-0.045601
11789,0.000696
11790,0.018282
11791,-0.023993
11792,-0.000444
11793,-0.012755
11794,0.027448
11795,0.027388
11796,0.029520
11797,-0.029082
11798,-0.013872
11799,0.002194
11800,-0.060740
11801,-0.050133
11802,0.023576
11803,0.068770
11804,0.028795
11805,0.045920
11806,0.053263
11807,0.027402
11808,-0.016984
11809,-0.041806
11810,-0.031102
11811,-0.046031
11812,-0.018239
11813,-0.004849
11814,-0.028877
11815,-0.017940
11816,0.025630
11817,0.004226
11818,-0.006408
11819,-0.028691
11820,0.005380
11821,0.029395
11822,0.006094
11823,0.027281
11824,0.019328
11825,0.015528
11826,0.035491
11827,-0.000026
11828,0.012405
11829,0.043978
11830,0.032204
11831,-0.047394
11832,-0.086402
11833,-0.025491
11834,0.029778
11835,0.025017
11836,-0.000073
11837,-0.012362
11838,-0.058614
11839,-0.050355
11840,-0.036356
11841,0.004179
11842,0.047472
11843,0.044448
11844,0.039084
11845,0.045585
11846,-0.045374
11847,-0.135423
11848,-0.134147
11849,-0.075409
11850,0.013806
11851,0.100163
11852,0.102641
11853,0.115251
11854,0.069458
11855,0.015798
11856,0.001335
11857,0.013909
11858,0.008218
11859,-0.029753
11860,-0.070995
11861,-0.032983
11862,-0.007288
11863,-0.016765
11864,0.026640
11865,0.059203
11866,0.011959
11867,-0.000703
11868,0.017082
11869,-0.016035
11870,-0.037539
11871,-0.085428
11872,-0.086738
11873,-0.027141
11874,0.006035
11875,0.015255
11876,0.035978
11877,0.045802
11878,0.035987
11879,0.021228
11880,0.042924
11881,0.013128
11882,-0.018420
11883,-0.072102
11884,-0.063764
11885,-0.047977
11886,-0.006405
11887,0.051783
11888,0.061755
11889,0.008560
11890,0.020337
11891,0.011757
11892,-0.024969
11893,-0.008920
11894,0.014692
11895,0.007679
11896,-0.009601
11897,0.016853
11898,-0.043768
11899,-0.076560
11900,0.021319
11901,0.024610
11902,0.037343
11903,0.073584
11904,0.032790
11905,-0.017201
11906,-0.028142
11907,0.002738
11908,-0.016940
11909,-0.030612
11910,-0.027676
11911,0.040150
11912,0.034540
11913,-0.010016
11914,0.006316
11915,-0.014023
11916,-0.032942
11917,-0.020434
11918,0.008661
11919,-0.010614
11920,-0.001421
11921,0.040501
11922,0.045581
11923,0.021406
11924,0.008677
11925,-0.008044
11926,-0.043588
11927,-0.109389
11928,-0.090925
11929,-0.022747
11930,-0.015272
11931,-0.001802
11932,0.055294
11933,0.077198
11934,0.061451
11935,0.066969
11936,0.015366
11937,0.027006
11938,-0.010399
11939,-0.053453
11940,-0.021756
11941,-0.037669
11942,-0.006797
11943,0.069898
11944,0.074365
11945,0.017608
11946,0.005296
11947,-0.018831
11948,-0.025738
11949,-0.013747
11950,-0.030746
11951,-0.067462
11952,-0.015118
11953,0.033670
11954,0.018768
11955,-0.021189
11956,-0.002391
11957,0.017940
11958,0.033317
11959,0.027115
11960,0.029305
11961,0.067960
11962,0.012773
11963,-0.033170
11964,-0.011719
11965,-0.044891
11966,-0.054884
11967,-0.005706
11968,-0.007038
11969,-0.020933
11970,-0.055269
11971,-0.021248
11972,0.016217
11973,0.056683
11974,0.036864
11975,0.042860
11976,0.028217
11977,-0.004169
11978,-0.002317
11979,0.006563
11980,0.014174
11981,0.022934
11982,0.014266
11983,-0.053188
11984,-0.065797
11985,-0.060518
11986,0.017198
11987,0.087428
11988,0.106458
11989,0.050212
11990,-0.047677
11991,-0.072542
11992,-0.061698
11993,-0.033916
11994,-0.025991
11995,0.045204
11996,0.033086
11997,-0.018479
11998,0.000774
11999,-0.009328
12000,-0.041902
12001,-0.068785
12002,-0.046189
12003,0.019761
12004,0.031353
12005,0.063808
12006,0.048393
12007,0.000088
12008,0.011032
12009,0.014210
12010,-0.022833
12011,-0.015760
12012,0.011980
12013,-0.000818
12014,-0.029940
12015,-0.016230
12016,0.029021
12017,-0.035025
12018,-0.070692
12019,-0.002542
12020,0.014531
12021,-0.004402
12022,-0.010006
12023,0.014416
12024,0.040654
12025,0.021409
12026,0.047814
12027,0.052224
12028,0.002350
12029,-0.040440
12030,-0.038541
12031,0.011611
12032,0.009287
12033,-0.002522
12034,0.076383
12035,0.050627
12036,0.006725
12037,-0.001465
12038,-0.015506
12039,-0.105333
12040,-0.178942
12041,-0.124116
12042,0.022879
12043,0.059198
12044,0.068409
12045,0.070750
12046,0.044193
12047,0.017370
12048,-0.052485
12049,-0.017631
12050,0.011993
12051,-0.005663
12052,0.000570
12053,0.014694
12054,0.012284
12055,0.010412
12056,-0.019439
12057,-0.041328
12058,-0.016896
12059,-0.001552
12060,-0.006564
12061,0.066013
12062,0.059470
12063,0.012940
12064,0.015379
12065,0.010883
12066,0.027258
12067,0.009414
12068,-0.020095
12069,-0.054723
12070,-0.088442
12071,-0.080381
12072,-0.003243
12073,0.069076
12074,0.106726
12075,0.068703
12076,-0.003263
12077,-0.003979
12078,-0.031997
12079,-0.037979
12080,0.029744
12081,0.005675
12082,0.018415
12083,-0.000789
12084,-0.077853
12085,-0.069952
12086,-0.024419
12087,0.011211
12088,0.053910
12089,0.043916
12090,0.030168
12091,0.056601
12092,0.029685
12093,-0.047677
12094,-0.068648
12095,-0.069559
12096,-0.065217
12097,-0.039366
12098,-0.027742
12099,0.062051
12100,0.081851
12101,0.090978
12102,0.040172
12103,0.017458
12104,-0.008195
12105,-0.000612
12106,0.005944
12107,-0.020800
12108,-0.063359
12109,-0.088700
12110,-0.011467
12111,0.035008
12112,0.055571
12113,0.053546
12114,-0.036206
12115,-0.019678
12116,0.009578
12117,-0.019600
12118,0.004927
12119,0.031445
12120,0.049146
12121,0.048749
12122,-0.006557
12123,-0.010784
12124,-0.072885
12125,-0.059582
12126,-0.044006
12127,-0.031921
12128,0.026281
12129,0.029784
12130,0.058744
12131,0.099684
12132,0.028306
12133,-0.035056
12134,-0.084039
12135,-0.057965
12136,-0.003525
12137,-0.019176
12138,-0.034324
12139,0.004249
12140,0.008303
12141,0.006334
12142,-0.003363
12143,-0.004747
12144,0.044917
12145,0.011534
12146,-0.011676
12147,0.024924
12148,0.000154
12149,-0.006217
12150,-0.010852
12151,-0.021288
12152,-0.019511
12153,-0.004466
12154,0.020468
12155,0.063140
12156,0.006680
12157,0.018165
12158,0.044644
12159,0.021691
12160,0.007674
12161,-0.016924
12162,0.020213
12163,-0.010972
12164,-0.039871
12165,-0.040522
12166,-0.060349
12167,-0.078645
12168,0.007235
12169,-0.010525
12170,-0.003568
12171,0.041044
12172,0.021691
12173,0.045098
12174,0.063465
12175,-0.003694
12176,-0.029723
12177,0.018277
12178,0.012206
12179,0.042033
12180,0.007504
12181,-0.051612
12182,-0.049141
12183,-0.021579
12184,-0.071122
12185,-0.046088
12186,0.011264
12187,0.031102
12188,0.044926
12189,0.021950
12190,0.021560
12191,0.047908
12192,0.054419
12193,-0.006927
12194,-0.049464
12195,-0.044798
12196,-0.030267
12197,-0.010683
12198,-0.047939
12199,-0.035376
12200,-0.012272
12201,0.017498
12202,0.053537
12203,0.082850
12204,0.057321
12205,0.043664
12206,0.023333
12207,0.010195
12208,0.027329
12209,-0.030317
12210,-0.076090
12211,-0.069798
12212,-0.123485
12213,-0.091305
12214,-0.005677
12215,0.052747
12216,0.079751
12217,0.074047
12218,0.054024
12219,0.019505
12220,-0.014337
12221,-0.038544
12222,-0.047220
12223,-0.014304
12224,0.019968
12225,0.059176
12226,0.079061
12227,0.045523
12228,-0.003510
12229,-0.007185
12230,0.004803
12231,-0.051538
12232,-0.077582
12233,-0.032648
12234,-0.023789
12235,-0.031648
12236,-0.006041
12237,0.021976
12238,0.078763
12239,0.043264
12240,0.001969
12241,-0.029268
12242,-0.039288
12243,-0.021761
12244,-0.002080
12245,0.027711
12246,0.045531
12247,0.046669
12248,-0.043084
12249,-0.032931
12250,-0.065781
12251,-0.032264
12252,-0.024787
12253,-0.084714
12254,-0.046428
12255,-0.014939
12256,0.016611
12257,0.066896
12258,0.093252
12259,0.053786
12260,0.035159
12261,0.036216
12262,-0.000646
12263,0.004588
12264,0.041650
12265,0.018887
12266,-0.033203
12267,-0.115235
12268,-0.147842
12269,-0.076480
12270,-0.001839
12271,0.060437
12272,0.102493
12273,0.073374
12274,0.018489
12275,0.016830
12276,-0.006382
12277,0.005183
12278,0.005355
12279,0.031903
12280,-0.006211
12281,-0.051236
12282,-0.010875
12283,-0.042556
12284,-0.026270
12285,-0.030066
12286,-0.040812
12287,-0.006845
12288,0.029460
12289,0.055393
12290,0.054930
12291,0.021734
12292,-0.016897
12293,0.020584
12294,0.065751
12295,-0.000298
12296,0.001554
12297,0.018961
12298,0.008774
12299,0.024314
12300,-0.020187
12301,-0.061847
12302,-0.087408
12303,-0.089026
12304,-0.078244
12305,-0.060110
12306,-0.004174
12307,0.037276
12308,0.057817
12309,0.085909
12310,0.090785
12311,0.088402
12312,0.011823
12313,-0.029142
12314,-0.039701
12315,-0.053095
12316,-0.047657
12317,-0.017912
12318,-0.017471
12319,-0.000090
12320,0.042034
12321,0.039685
12322,0.027343
12323,-0.012380
12324,0.029448
12325,0.012586
12326,-0.004182
12327,0.024922
12328,-0.040670
12329,-0.035095
12330,-0.039345
12331,-0.085778
12332,-0.002675
12333,0.060911
12334,0.006855
12335,0.010207
12336,0.001003
12337,0.010009
12338,0.005651
12339,-0.016017
12340,-0.024761
12341,0.001111
12342,0.043385
12343,0.042127
12344,-0.016431
12345,-0.011474
12346,-0.018274
12347,0.009870
12348,0.032736
12349,0.024848
12350,-0.026814
12351,-0.008221
12352,-0.050856
12353,-0.043494
12354,-0.022062
12355,0.031053
12356,0.089377
12357,0.020417
12358,-0.023064
12359,-0.046270
12360,-0.060625
12361,-0.013686
12362,-0.004854
12363,0.017900
12364,0.062710
12365,0.030469
12366,0.031975
12367,0.030136
12368,0.029830
12369,0.019795
12370,0.023449
12371,-0.008076
12372,-0.012732
12373,-0.062384
12374,-0.113472
12375,-0.073323
12376,-0.068348
12377,-0.011373
12378,0.024396
12379,0.046492
12380,0.014973
12381,0.006485
12382,-0.040389
12383,-0.009779
12384,0.059180
12385,0.084592
12386,0.121781
12387,0.096276
12388,-0.009057
12389,-0.082202
12390,-0.079728
12391,-0.080265
12392,-0.035450
12393,0.038896
12394,0.038281
12395,0.060177
12396,0.032409
12397,-0.031387
12398,-0.014335
12399,-0.067424
12400,-0.087672
12401,-0.044117
12402,0.010920
12403,-0.004229
12404,0.025664
12405,0.031530
12406,0.038188
12407,0.026607
12408,0.066052
12409,0.064215
12410,0.001194
12411,-0.019496
12412,-0.014634
12413,-0.022459
12414,-0.053716
12415,-0.019431
12416,0.023566
12417,0.020033
12418,0.060382
12419,0.095603
12420,0.041379
12421,-0.022386
12422,-0.087517
12423,-0.127744
12424,-0.077025
12425,-0.041363
12426,-0.044100
12427,0.033956
12428,0.007474
12429,0.027220
12430,0.038049
12431,0.086995
12432,0.045831
12433,0.021441
12434,0.003626
12435,0.005493
12436,-0.058302
12437,-0.014161
12438,-0.036118
12439,-0.086056
12440,-0.019555
12441,-0.010207
12442,-0.020676
12443,-0.021967
12444,-0.038717
12445,-0.026009
12446,0.062917
12447,0.095860
12448,0.083210
12449,0.057566
12450,0.015673
12451,-0.022900
12452,0.002806
12453,0.012570
12454,-0.023612
12455,0.014362
12456,0.025666
12457,-0.036909
12458,-0.100458
12459,-0.080661
12460,0.000509
12461,-0.012833
12462,0.054389
12463,0.062442
12464,0.039766
12465,0.017800
12466,0.027925
12467,0.052669
12468,0.012829
12469,-0.046271
12470,-0.047246
12471,-0.052763
12472,-0.040549
12473,0.021547
12474,-0.049586
12475,-0.051338
12476,0.024672
12477,0.019087
12478,0.023709
12479,0.032807
12480,0.006263
12481,-0.017194
12482,-0.033231
12483,-0.008097
12484,0.034242
12485,-0.003351
12486,0.014974
12487,0.029796
12488,-0.007980
12489,-0.031558
12490,-0.030490
12491,-0.081488
12492,0.039366
12493,0.025786
12494,-0.008121
12495,-0.037693
12496,-0.053088
12497,0.039705
12498,0.096598
12499,0.064187
12500,0.077113
12501,0.018326
12502,-0.034796
12503,-0.049992
12504,-0.050996
12505,-0.028900
12506,0.011593
12507,0.056029
12508,0.033562
12509,0.006140
12510,-0.044786
12511,-0.062207
12512,-0.032286
12513,0.014193
12514,0.011884
12515,0.009098
12516,0.007341
12517,-0.033710
12518,-0.026756
12519,-0.025963
12520,-0.003610
12521,0.033972
12522,0.027179
12523,0.023347
12524,0.011536
12525,-0.006913
12526,-0.018114
12527,-0.030220
12528,-0.001280
12529,0.013715
12530,-0.024050
12531,0.000392
12532,0.011957
12533,0.019900
12534,0.032390
12535,0.044485
12536,0.004747
12537,-0.001161
12538,0.023553
12539,0.059075
12540,0.038735
12541,-0.021914
12542,-0.058099
12543,-0.060416
12544,-0.080011
12545,-0.020954
12546,-0.027688
12547,-0.008277
12548,0.036154
12549,0.029331
12550,-0.041092
12551,-0.016115
12552,0.005520
12553,-0.003500
12554,0.039554
12555,0.013982
12556,0.033898
12557,0.030166
12558,0.063687
12559,0.058551
12560,0.022180
12561,-0.046948
12562,-0.059260
12563,-0.104086
12564,-0.073168
12565,-0.014068
12566,0.006419
12567,0.034355
12568,0.048739
12569,0.036230
12570,0.004675
12571,0.002256
12572,-0.028177
12573,-0.038091
12574,0.002762
12575,0.016191
12576,-0.077647
12577,-0.012250
12578,-0.032649
12579,-0.022526
12580,0.044448
12581,0.095839
12582,0.095362
12583,0.054412
12584,0.027817
12585,-0.003131
12586,-0.056147
12587,-0.039662
12588,-0.048366
12589,-0.041732
12590,-0.002793
12591,0.024348
12592,0.049615
12593,0.018587
12594,0.009616
12595,0.016496
12596,-0.006326
12597,-0.043384
12598,185.101761
12599,81.231880
12600,3.386180
12601,1905.042114
12602,581.204834
12603,-25.191694
12604,-31.067402
12605,-11.482327
12606,3.522513
12607,5.669147
12608,11.367702
12609,15.769601
12610,-0.087912
12611,-25.738323
12612,-31.021713
12613,-25.483454
12614,3.248257
12615,38.263195
12616,35.715458
12617,-4.059986
12618,-15.300197
12619,10.689503
12620,13.435454
12621,-1.467294
12622,-1.523105
12623,-10.356479
12624,-23.274269
12625,-11.186635
12626,5.287431
12627,-5.486726
12628,-21.614771
12629,-10.585996
12630,6.011050
12631,6.286150
12632,45.516136
12633,65.347275
12634,30.357613
12635,-21.165436
12636,-57.949043
12637,-78.308075
12638,-63.195313
12639,-4.829611
12640,48.175968
12641,66.518250
12642,58.396133
12643,26.771366
12644,13.799025
12645,-13.023101
12646,-32.402721
12647,-48.449440
12648,-72.328537
12649,-38.593800
12650,22.753353
12651,55.356449
12652,-0.101024
12653,-0.065817
12654,0.005311
12655,0.065901
12656,0.086543
12657,0.005429
12658,0.015490
12659,-0.000049
12660,-0.057983
12661,-0.056371
12662,-0.005867
12663,0.015735
12664,0.004808
12665,0.002942
12666,-0.027706
12667,0.037353
12668,0.065534
12669,0.036834
12670,0.024962
12671,0.009967
12672,-0.048356
12673,-0.056258
12674,-0.015265
12675,0.002942
12676,0.034869
12677,0.038297
12678,0.020811
12679,0.015049
12680,-0.050515
12681,-0.073274
12682,-0.078104
12683,-0.068054
12684,-0.020134
12685,0.029547
12686,0.045851
12687,0.036634
12688,0.008883
12689,0.016740
12690,0.013136
12691,-0.000092
12692,0.007365
12693,0.032340
12694,-0.035174
12695,-0.022123
12696,0.034144
12697,0.007704
12698,-0.002838
12699,0.060859
12700,0.047834
12701,-0.044211
12702,182.759537
12703,84.481995
12704,3.339189
12705,1893.598389
12706,600.153625
12707,21.246367
12708,13.833824
12709,6.052347
12710,-12.482636
12711,-33.286282
12712,-36.018772
12713,-21.024931
12714,22.483923
12715,34.195824
12716,20.569075
12717,2.801421
12718,-22.355894
12719,-39.144089
12720,-32.577816
12721,-35.525082
12722,1.327478
12723,37.967777
12724,58.752594
12725,47.907120
12726,5.965269
12727,-28.582769
12728,-20.231558
12729,-11.811858
12730,-5.881567
12731,-9.946761
12732,-5.533453
12733,7.309456
12734,10.802472
12735,9.033991
12736,7.974405
12737,-10.227947
12738,-20.753189
12739,-13.574335
12740,-0.624085
12741,1.843415
12742,6.389040
12743,23.601509
12744,15.828247
12745,13.496667
12746,22.335873
12747,10.065234
12748,-9.487930
12749,-30.086494
12750,-49.506588
12751,-24.372307
12752,-9.809718
12753,-21.699291
12754,-0.096886
12755,10.074821
12756,-0.073541
12757,-0.078114
12758,-0.044858
12759,-0.020841
12760,0.003629
12761,0.003331
12762,0.070391
12763,0.104108
12764,0.035302
12765,0.002264
12766,-0.033106
12767,-0.065515
12768,-0.032064
12769,0.029491
12770,0.077856
12771,0.046520
12772,0.012237
12773,0.015680
12774,0.014834
12775,0.005514
12776,-0.028824
12777,-0.067834
12778,-0.062518
12779,-0.031050
12780,0.011839
12781,0.060333
12782,-0.004628
12783,-0.054517
12784,-0.016412
12785,-0.041221
12786,-0.006747
12787,-0.006110
12788,-0.025987
12789,-0.002938
12790,-0.021402
12791,0.052917
12792,0.066409
12793,-0.003100
12794,0.009653
12795,0.023595
12796,-0.001131
12797,-0.045174
12798,-0.027432
12799,0.003624
12800,0.031221
12801,0.017481
12802,0.029004
12803,-0.003824
12804,0.015477
12805,0.015453
12806,0.073440
12807,0.031171
12808,-0.017285
12809,-0.027012
12810,-0.069552
12811,-0.114776
12812,-0.111773
12813,-0.067954
12814,-0.028505
12815,0.085880
12816,0.059679
12817,0.033560
12818,0.041174
12819,0.000752
12820,0.007535
12821,-0.029195
12822,-0.034648
12823,-0.025879
12824,0.013695
12825,0.043498
12826,0.062523
12827,0.042663
12828,0.037945
12829,0.016810
12830,0.028936
12831,-0.027270
12832,-0.042128
12833,-0.031163
12834,-0.037030
12835,-0.034230
12836,-0.004919
12837,0.040521
12838,0.039149
12839,-0.009114
12840,0.008043
12841,-0.011571
12842,-0.022088
12843,0.004973
12844,0.013908
12845,-0.034008
12846,-0.055280
12847,-0.058799
12848,-0.025002
12849,0.045852
12850,0.033168
12851,0.018991
12852,0.008618
12853,0.011323
12854,0.016244
12855,-0.018478
12856,-0.011112
12857,0.021117
12858,0.017923
12859,-0.024907
12860,-0.009917
12861,0.011666
12862,-0.008197
12863,-0.002850
12864,-0.020041
12865,-0.052453
12866,-0.049445
12867,0.010735
12868,0.015772
12869,-0.005022
12870,0.012614
12871,0.015232
12872,-0.018076
12873,0.016436
12874,0.007916
12875,0.050126
12876,0.055710
12877,-0.009159
12878,0.020446
12879,0.008326
12880,-0.010830
12881,-0.014904
12882,-0.003823
12883,0.042978
12884,0.055945
12885,0.006619
12886,-0.027503
12887,-0.062084
12888,-0.068048
12889,-0.053015
12890,-0.032173
12891,0.019921
12892,0.049637
12893,0.022228
12894,0.021391
12895,0.049221
12896,0.033401
12897,0.043407
12898,0.030681
12899,-0.009326
12900,-0.081029
12901,-0.143786
12902,-0.135515
12903,-0.117363
12904,-0.033414
12905,0.075787
12906,0.127049
12907,0.129425
12908,0.046138
12909,-0.012083
12910,-0.016432
12911,-0.012811
12912,-0.024818
12913,-0.010240
12914,0.025766
12915,0.035440
12916,0.004638
12917,-0.060107
12918,-0.000077
12919,0.025765
12920,0.023196
12921,-0.004618
12922,-0.042213
12923,-0.036214
12924,-0.003662
12925,0.006798
12926,-0.025448
12927,0.007938
12928,0.020937
12929,0.030639
12930,0.034941
12931,0.033260
12932,-0.004950
12933,-0.006644
12934,0.015572
12935,-0.003620
12936,0.009799
12937,0.027735
12938,0.009768
12939,-0.066895
12940,-0.064058
12941,-0.030451
12942,-0.045317
12943,-0.043222
12944,-0.038072
12945,0.020189
12946,-0.008593
12947,-0.008975
12948,0.051447
12949,0.066792
12950,0.023957
12951,0.011051
12952,0.001504
12953,-0.020710
12954,0.022280
12955,0.021796
12956,-0.008009
12957,-0.020304
12958,0.029106
12959,0.044445
12960,-0.048697
12961,-0.028037
12962,-0.016750
12963,-0.011336
12964,-0.033943
12965,-0.059393
12966,-0.022395
12967,0.029227
12968,0.045893
12969,0.066005
12970,0.051471
12971,0.041652
12972,-0.002359
12973,-0.025936
12974,0.036038
12975,0.074363
12976,0.051279
12977,0.004543
12978,-0.024438
12979,-0.062332
12980,-0.092131
12981,-0.067403
12982,-0.092554
12983,-0.092950
12984,-0.029131
12985,0.029981
12986,0.103804
12987,0.136011
12988,0.096488
12989,0.020287
12990,0.020987
12991,-0.059538
12992,-0.079485
12993,-0.109792
12994,-0.115187
12995,-0.098716
12996,0.002899
12997,0.023887
12998,0.040754
12999,0.073716
13000,0.048667
13001,-0.018285
13002,-0.012485
13003,0.009538
13004,0.068210
13005,0.127162
13006,0.095826
13007,0.057012
13008,-0.061042
13009,-0.146237
13010,-0.106738
13011,-0.066594
13012,-0.068951
13013,-0.013848
13014,0.061179
13015,0.077526
13016,0.047740
13017,0.046453
13018,-0.007655
13019,0.005302
13020,-0.023554
13021,-0.019164
13022,0.002980
13023,0.053467
13024,0.010179
13025,-0.051754
13026,-0.047840
13027,-0.009466
13028,-0.009094
13029,-0.008851
13030,-0.005541
13031,-0.024438
13032,-0.004161
13033,0.023342
13034,0.002498
13035,0.021008
13036,0.005912
13037,0.020612
13038,0.012545
13039,-0.019555
13040,0.031729
13041,0.022871
13042,0.010897
13043,0.012057
13044,-0.006155
13045,-0.001388
13046,-0.074392
13047,-0.083714
13048,-0.026393
13049,-0.022281
13050,-0.011853
13051,-0.006860
13052,0.018948
13053,0.067367
13054,0.051157
13055,0.029430
13056,0.008407
13057,-0.022242
13058,-0.045859
13059,-0.014374
13060,0.038640
13061,0.027306
13062,0.045014
13063,0.051969
13064,0.067764
13065,0.039670
13066,0.000517
13067,-0.035048
13068,-0.046119
13069,-0.048604
13070,-0.015960
13071,-0.011056
13072,0.005196
13073,-0.028105
13074,-0.042938
13075,-0.049312
13076,-0.046675
13077,-0.022351
13078,-0.000401
13079,-0.003735
13080,0.023869
13081,0.042138
13082,0.032496
13083,0.022876
13084,-0.014790
13085,-0.031197
13086,-0.012042
13087,-0.043371
13088,-0.022549
13089,0.027341
13090,-0.005088
13091,0.000350
13092,0.021181
13093,0.045530
13094,0.037484
13095,0.001699
13096,-0.028834
13097,-0.009080
13098,0.012458
13099,0.024539
13100,0.009798
13101,-0.024854
13102,0.002939
13103,-0.002312
13104,-0.001285
13105,0.012043
13106,-0.013013
13107,-0.016443
13108,-0.015735
13109,-0.015736
13110,0.001613
13111,-0.012245
13112,0.005378
13113,0.036618
13114,0.029094
13115,0.011418
13116,-0.013066
13117,-0.026450
13118,-0.001336
13119,0.036813
13120,0.019943
13121,0.008965
13122,0.047124
13123,0.035066
13124,-0.029057
13125,-0.071572
13126,-0.056054
13127,-0.050897
13128,-0.077989
13129,-0.062962
13130,-0.001564
13131,0.025210
13132,0.040177
13133,0.061698
13134,0.038040
13135,0.014213
13136,-0.005405
13137,-0.020570
13138,-0.040990
13139,0.000499
13140,0.020054
13141,-0.015446
13142,-0.028465
13143,0.034286
13144,0.063239
13145,0.104435
13146,0.057868
13147,-0.011267
13148,-0.003709
13149,-0.010060
13150,-0.007479
13151,-0.012873
13152,-0.062632
13153,-0.057319
13154,-0.044561
13155,-0.022889
13156,0.019678
13157,0.016046
13158,0.029324
13159,-0.008173
13160,-0.003419
13161,-0.021585
13162,-0.016373
13163,0.013303
13164,0.031666
13165,0.047830
13166,-0.037153
13167,-0.019791
13168,-0.035893
13169,-0.014141
13170,0.067760
13171,0.043950
13172,-0.041013
13173,-0.074169
13174,-0.073498
13175,-0.048484
13176,-0.083187
13177,0.002002
13178,0.101180
13179,0.063410
13180,0.019364
13181,0.064651
13182,0.036825
13183,0.022393
13184,0.031101
13185,0.014437
13186,0.037725
13187,-0.025814
13188,-0.042004
13189,-0.023086
13190,-0.014914
13191,0.011315
13192,0.040074
13193,0.020088
13194,0.002711
13195,-0.016284
13196,-0.015752
13197,-0.031125
13198,-0.033922
13199,-0.048637
13200,-0.030624
13201,0.024260
13202,0.018495
13203,-0.022579
13204,-0.033752
13205,0.001053
13206,0.011190
13207,0.026251
13208,0.030759
13209,0.067192
13210,-0.011286
13211,-0.059920
13212,0.001482
13213,0.037578
13214,0.006445
13215,0.021681
13216,-0.004760
13217,-0.030536
13218,-0.008083
13219,-0.007269
13220,-0.013532
13221,-0.041223
13222,-0.028064
13223,-0.006439
13224,-0.041896
13225,-0.006913
13226,0.061408
13227,0.057199
13228,0.028202
13229,0.005999
13230,-0.020256
13231,-0.019206
13232,-0.028094
13233,-0.047114
13234,0.007024
13235,0.009576
13236,0.055828
13237,0.092924
13238,0.039366
13239,0.014557
13240,-0.038614
13241,-0.061152
13242,-0.026392
13243,-0.053862
13244,-0.028850
13245,0.010303
13246,0.009858
13247,0.006560
13248,-0.033215
13249,0.034685
13250,0.041108
13251,0.004797
13252,0.038093
13253,-0.027625
13254,-0.012307
13255,-0.000935
13256,0.099719
13257,0.040355
13258,-0.022425
13259,-0.059675
13260,-0.058500
13261,-0.102245
13262,-0.072059
13263,-0.026350
13264,0.043516
13265,0.092041
13266,0.099411
13267,0.034478
13268,-0.004106
13269,-0.049214
13270,-0.019071
13271,-0.051346
13272,-0.052330
13273,-0.035914
13274,0.021861
13275,0.018519
13276,-0.029063
13277,-0.012420
13278,0.031651
13279,0.048660
13280,0.003225
13281,0.001290
13282,0.012603
13283,0.022997
13284,0.065643
13285,0.058223
13286,0.001240
13287,-0.037812
13288,-0.062373
13289,-0.081443
13290,-0.085365
13291,-0.043843
13292,-0.013068
13293,0.043718
13294,0.052378
13295,0.019250
13296,0.065534
13297,0.039679
13298,-0.025984
13299,-0.039484
13300,-0.029808
13301,-0.020060
13302,-0.022618
13303,0.003612
13304,0.050163
13305,0.093326
13306,0.079113
13307,0.032158
13308,0.006082
13309,-0.039322
13310,-0.077065
13311,-0.073385
13312,-0.030289
13313,-0.033021
13314,-0.056605
13315,-0.069202
13316,-0.038161
13317,-0.000568
13318,0.044197
13319,0.103650
13320,0.091510
13321,0.089550
13322,0.062400
13323,-0.076487
13324,-0.081861
13325,-0.044461
13326,-0.031988
13327,-0.029949
13328,-0.063178
13329,-0.067008
13330,-0.041527
13331,-0.018679
13332,0.058907
13333,0.097007
13334,0.092089
13335,0.073414
13336,0.111265
13337,0.057854
13338,-0.077895
13339,-0.101974
13340,-0.082942
13341,-0.018130
13342,-0.011520
13343,-0.013806
13344,0.007751
13345,0.002534
13346,-0.004885
13347,-0.070926
13348,-0.037339
13349,-0.001778
13350,0.043523
13351,0.094229
13352,0.131342
13353,0.049655
13354,-0.055452
13355,-0.063105
13356,-0.023349
13357,0.005392
13358,0.003843
13359,0.020762
13360,0.002670
13361,-0.001640
13362,-0.027235
13363,-0.067211
13364,-0.036206
13365,-0.032949
13366,0.033029
13367,0.026665
13368,-0.028665
13369,-0.019830
13370,0.025315
13371,0.030117
13372,0.014101
13373,0.064441
13374,0.004549
13375,0.048934
13376,0.040328
13377,0.008382
13378,-0.019359
13379,-0.060993
13380,-0.072783
13381,-0.019534
13382,0.005038
13383,-0.027451
13384,-0.024465
13385,-0.025666
13386,-0.020571
13387,0.072670
13388,0.081314
13389,0.055751
13390,0.017876
13391,-0.007674
13392,0.014850
13393,-0.016653
13394,-0.030841
13395,-0.012540
13396,-0.059032
13397,-0.045568
13398,-0.008223
13399,-0.035604
13400,-0.076532
13401,0.007943
13402,0.032497
13403,-0.004281
13404,0.003760
13405,0.026425
13406,166.904465
13407,106.482727
13408,3.021099
13409,1817.772583
13410,515.115784
13411,15.777841
13412,20.144098
13413,23.686707
13414,14.520044
13415,40.457840
13416,31.772911
13417,18.238825
13418,2.952324
13419,-16.649652
13420,-29.762915
13421,-36.321091
13422,-23.398470
13423,-3.192645
13424,7.812339
13425,8.592923
13426,-11.436863
13427,-6.406686
13428,-14.152810
13429,-6.777494
13430,3.255470
13431,-1.655548
13432,7.198755
13433,7.678843
13434,7.384725
13435,3.224463
13436,3.707522
13437,-0.689067
13438,18.234255
13439,30.286272
13440,14.376653
13441,-2.737608
13442,-27.898911
13443,-19.558205
13444,-14.153247
13445,0.249724
13446,5.156316
13447,-23.422449
13448,-24.936602
13449,-26.681013
13450,-2.570448
13451,23.862486
13452,19.957663
13453,29.701946
13454,31.329054
13455,20.602198
13456,10.950294
13457,-26.317249
13458,-27.041697
13459,-2.940418
13460,0.019800
13461,0.003427
13462,-0.064969
13463,-0.013100
13464,0.004786
13465,-0.006700
13466,0.004462
13467,0.007275
13468,-0.006648
13469,-0.016102
13470,-0.028683
13471,0.049194
13472,0.062583
13473,-0.002031
13474,0.016693
13475,0.044017
13476,0.050568
13477,0.034117
13478,0.023058
13479,-0.026487
13480,-0.052213
13481,-0.049512
13482,-0.036105
13483,0.006314
13484,0.004633
13485,0.002786
13486,0.008915
13487,-0.028025
13488,-0.006307
13489,-0.013931
13490,-0.034467
13491,-0.031071
13492,0.006458
13493,0.011567
13494,-0.020812
13495,-0.040976
13496,0.011597
13497,0.022925
13498,0.037483
13499,0.027023
13500,0.012502
13501,0.031449
13502,-0.018042
13503,-0.040453
13504,-0.095528
13505,-0.104646
13506,-0.038310
13507,0.016616
13508,0.026231
13509,0.072823
13510,0.099676
13511,0.070324
13512,0.043399
13513,0.023548
13514,-0.065479
13515,-0.102079
13516,-0.016612
13517,0.010823
13518,0.024457
13519,0.038403
13520,0.003065
13521,0.027761
13522,0.012788
13523,-0.044489
13524,-0.049971
13525,-0.031452
13526,-0.006989
13527,0.077938
13528,0.067215
13529,0.012307
13530,0.023640
13531,-0.032698
13532,-0.058912
13533,-0.010778
13534,0.011189
13535,0.051784
13536,0.014193
13537,-0.016961
13538,0.027569
13539,0.009490
13540,-0.019397
13541,-0.022442
13542,-0.070095
13543,-0.072179
13544,-0.053904
13545,-0.023828
13546,0.017296
13547,-0.005441
13548,-0.009066
13549,0.022337
13550,0.002035
13551,-0.017302
13552,0.016981
13553,0.052136
13554,0.036342
13555,0.009093
13556,-0.015555
13557,-0.031331
13558,0.001207
13559,-0.050437
13560,-0.033584
13561,0.006463
13562,0.020217
13563,0.021704
13564,-0.001542
13565,0.024096
13566,0.024588
13567,0.050809
13568,0.081085
13569,0.065471
13570,0.023523
13571,0.011123
13572,0.004597
13573,-0.060531
13574,-0.081672
13575,-0.098727
13576,-0.055491
13577,-0.018642
13578,-0.013919
13579,0.022544
13580,0.033698
13581,0.003789
13582,0.032612
13583,0.056437
13584,0.008008
13585,-0.007793
13586,0.009424
13587,-0.015000
13588,-0.023883
13589,-0.016644
13590,0.011038
13591,0.003729
13592,0.036379
13593,0.015153
13594,-0.004673
13595,-0.048236
13596,-0.097907
13597,-0.042220
13598,-0.052188
13599,-0.044626
13600,0.030757
13601,0.088127
13602,0.080976
13603,-0.001066
13604,-0.009331
13605,0.018247
13606,0.017784
13607,-0.008716
13608,-0.036497
13609,-0.047979
13610,-0.034698
13611,0.002877
13612,0.026311
13613,-0.024822
13614,0.000013
13615,-0.002561
13616,-0.014198
13617,0.047189
13618,0.027989
13619,-0.003383
13620,-0.006096
13621,0.007061
13622,0.066614
13623,0.085087
13624,0.015189
13625,-0.001999
13626,-0.075390
13627,-0.102805
13628,-0.047771
13629,-0.041786
13630,0.030662
13631,0.031752
13632,0.013533
13633,0.030532
13634,0.025333
13635,-0.005527
13636,-0.011948
13637,-0.046302
13638,-0.024693
13639,0.004227
13640,0.019089
13641,0.015170
13642,0.001407
13643,0.004491
13644,-0.036295
13645,-0.041986
13646,0.016384
13647,0.045011
13648,0.057293
13649,-0.008838
13650,0.015559
13651,-0.024038
13652,-0.020988
13653,-0.033450
13654,-0.044735
13655,-0.045313
13656,-0.029831
13657,-0.003690
13658,0.111242
13659,0.095015
13660,0.094916
13661,0.076295
13662,-0.067092
13663,-0.058390
13664,-0.047454
13665,-0.104712
13666,-0.025169
13667,-0.010937
13668,-0.021513
13669,-0.024807
13670,-0.008582
13671,0.030737
13672,0.046510
13673,0.047021
13674,0.030681
13675,0.048157
13676,0.026496
13677,-0.019994
13678,-0.085028
13679,-0.109515
13680,-0.057216
13681,-0.008598
13682,0.055979
13683,0.120707
13684,0.072655
13685,0.025740
13686,0.017221
13687,-0.049599
13688,-0.073596
13689,-0.013339
13690,-0.016047
13691,0.015465
13692,-0.033161
13693,-0.090915
13694,-0.028531
13695,-0.005102
13696,-0.011979
13697,-0.016672
13698,-0.039490
13699,0.050869
13700,0.043118
13701,0.027628
13702,0.028670
13703,0.040266
13704,0.009311
13705,0.047023
13706,0.013038
13707,-0.037320
13708,-0.008531
13709,0.041603
13710,160.057953
13711,115.983047
13712,2.883741
13713,1783.724487
13714,491.528717
13715,-9.991528
13716,-35.014549
13717,-27.194420
13718,-6.116479
13719,12.744991
13720,30.703964
13721,37.607605
13722,26.406113
13723,4.269300
13724,-12.403120
13725,-25.124182
13726,-40.216209
13727,-11.461307
13728,7.168264
13729,-3.921287
13730,-6.809831
13731,-22.914093
13732,-6.794253
13733,15.336095
13734,16.072226
13735,-7.074565
13736,-10.084940
13737,5.200364
13738,28.045948
13739,33.534733
13740,-3.328112
13741,-17.500919
13742,-28.866505
13743,-4.452310
13744,18.522610
13745,28.671406
13746,21.560051
13747,-7.896955
13748,1.553913
13749,2.937278
13750,-9.079447
13751,-17.261694
13752,-7.748256
13753,-22.337938
13754,-29.719843
13755,-10.136066
13756,1.236019
13757,26.725485
13758,36.056816
13759,20.530518
13760,12.797194
13761,-7.907570
13762,-9.144990
13763,-12.826706
13764,0.046162
13765,0.080464
13766,0.054174
13767,-0.040872
13768,-0.073558
13769,-0.079798
13770,-0.097996
13771,0.008219
13772,-0.000719
13773,0.008423
13774,0.009772
13775,-0.020030
13776,0.007913
13777,0.025199
13778,0.057472
13779,0.071793
13780,-0.009553
13781,-0.041676
13782,-0.043513
13783,-0.101964
13784,-0.017099
13785,-0.009232
13786,0.000281
13787,0.030407
13788,0.027311
13789,0.029843
13790,0.055843
13791,0.008205
13792,-0.058844
13793,-0.036369
13794,0.001880
13795,-0.063509
13796,-0.046041
13797,-0.009839
13798,-0.051824
13799,-0.036750
13800,0.025007
13801,0.045755
13802,0.024975
13803,0.023890
13804,-0.023037
13805,-0.016187
13806,0.029845
13807,0.050138
13808,0.069042
13809,0.029660
13810,0.009175
13811,-0.017810
13812,0.023093
13813,0.021586
13814,0.040519
13815,0.041135
13816,-0.028229
13817,-0.055319
13818,-0.061935
13819,-0.057274
13820,-0.031485
13821,0.036732
13822,0.080611
13823,0.050909
13824,0.036170
13825,0.013987
13826,-0.049117
13827,-0.064851
13828,-0.012446
13829,-0.056890
13830,-0.046538
13831,-0.009765
13832,-0.001604
13833,-0.006445
13834,0.022992
13835,0.065761
13836,0.062862
13837,0.037124
13838,-0.001987
13839,-0.034325
13840,-0.057399
13841,-0.024914
13842,-0.033034
13843,-0.014361
13844,-0.007634
13845,0.006212
13846,0.073016
13847,0.035875
13848,-0.027304
13849,0.004081
13850,0.004998
13851,-0.048463
13852,-0.043101
13853,-0.074998
13854,-0.076786
13855,0.012524
13856,0.096930
13857,0.095104
13858,0.101422
13859,0.055689
13860,-0.017113
13861,-0.038213
13862,-0.033869
13863,-0.053509
13864,-0.035972
13865,-0.014393
13866,0.012660
13867,0.103261
13868,0.069374
13869,0.050029
13870,0.052889
13871,-0.024102
13872,-0.039050
13873,-0.036937
13874,-0.066867
13875,-0.056144
13876,-0.008157
13877,0.056564
13878,0.023701
13879,0.008084
13880,-0.022948
13881,-0.039126
13882,-0.058343
13883,-0.066659
13884,-0.021068
13885,0.013588
13886,-0.027127
13887,0.005737
13888,-0.054198
13889,-0.039976
13890,0.014281
13891,0.058092
13892,0.100866
13893,0.089597
13894,0.017618
13895,-0.008740
13896,-0.029725
13897,-0.061769
13898,-0.043920
13899,-0.016860
13900,0.018429
13901,0.028355
13902,0.046317
13903,0.006506
13904,0.039117
13905,0.026506
13906,-0.019178
13907,0.013003
13908,-0.041753
13909,-0.094308
13910,0.001045
13911,0.034696
13912,0.005805
13913,0.047476
13914,0.017517
13915,-0.032668
13916,-0.043485
13917,0.009024
13918,0.094062
13919,0.055784
13920,0.049010
13921,0.032432
13922,-0.058309
13923,-0.065341
13924,-0.009948
13925,-0.012041
13926,-0.052662
13927,-0.066192
13928,-0.075128
13929,-0.013521
13930,0.009151
13931,0.025548
13932,0.055292
13933,-0.010493
13934,-0.030501
13935,-0.024517
13936,-0.029968
13937,0.032910
13938,0.079996
13939,0.048230
13940,0.007332
13941,-0.051421
13942,-0.023515
13943,0.000323
13944,-0.038114
13945,-0.035323
13946,0.008827
13947,0.010286
13948,0.042081
13949,0.046175
13950,0.068691
13951,0.021071
13952,0.002266
13953,0.013765
13954,-0.024057
13955,0.005210
13956,-0.030190
13957,-0.050742
13958,-0.012862
13959,-0.050619
13960,-0.065733
13961,-0.019529
13962,0.030056
13963,0.087359
13964,0.041242
13965,0.033217
13966,0.033895
13967,0.042493
13968,-0.019325
13969,-0.053069
13970,-0.052033
13971,-0.073261
13972,-0.020601
13973,0.008674
13974,-0.032498
13975,-0.062966
13976,0.012970
13977,0.048265
13978,0.058518
13979,0.051943
13980,-0.014936
13981,-0.005381
13982,0.016515
13983,-0.039947
13984,-0.001267
13985,-0.042706
13986,-0.102513
13987,0.014933
13988,0.047181
13989,0.011678
13990,0.023779
13991,-0.028544
13992,-0.021735
13993,-0.020500
13994,-0.040353
13995,0.006374
13996,0.054774
13997,0.065208
13998,0.046521
13999,0.044346
14000,0.029325
14001,0.043393
14002,0.059455
14003,-0.004355
14004,-0.010011
14005,-0.029635
14006,-0.086398
14007,-0.000475
14008,-0.030798
14009,-0.025091
14010,-0.036607
14011,-0.096133
14012,-0.020368
14013,0.058832
14014,0.004586
14015,0.006160
14016,0.008384
14017,-0.013178
14018,-0.010406
14019,0.017002
14020,0.040651
14021,-0.001587
14022,-0.094692
14023,-0.101776
14024,-0.040053
14025,0.050692
14026,0.070604
14027,0.095938
14028,0.093879
14029,0.030098
14030,0.004363
14031,-0.017805
14032,-0.008842
14033,-0.016178
14034,-0.082395
14035,-0.086254
14036,-0.029070
14037,-0.026797
14038,0.007018
14039,0.012617
14040,0.020747
14041,0.007318
14042,0.012149
14043,0.029887
14044,-0.009449
14045,-0.000606
14046,0.038909
14047,0.030413
14048,0.075603
14049,0.080883
14050,0.027196
14051,0.027025
14052,-0.022495
14053,-0.009242
14054,-0.075489
14055,-0.061985
14056,-0.077850
14057,-0.065462
14058,0.007650
14059,0.041719
14060,0.043152
14061,0.038074
14062,-0.015995
14063,-0.030854
14064,-0.016987
14065,-0.003324
14066,0.002951
14067,0.000394
14068,-0.035212
14069,-0.006659
14070,-0.037262
14071,-0.058982
14072,-0.051360
14073,-0.093320
14074,-0.034503
14075,0.058072
14076,0.078392
14077,0.090203
14078,0.059919
14079,0.039996
14080,0.037293
14081,-0.022126
14082,-0.045275
14083,-0.013132
14084,0.023754
14085,0.051312
14086,0.062478
14087,0.081347
14088,-0.007937
14089,-0.086041
14090,-0.039495
14091,-0.004057
14092,-0.002966
14093,0.014122
14094,-0.005741
14095,-0.042315
14096,-0.064005
14097,-0.100434
14098,-0.051196
14099,-0.014155
14100,0.015542
14101,0.054056
14102,0.061129
14103,0.026112
14104,0.041658
14105,0.038011
14106,0.049741
14107,0.036596
14108,0.011052
14109,-0.012864
14110,-0.051355
14111,-0.057605
14112,-0.088109
14113,-0.060890
14114,-0.022811
14115,0.008675
14116,0.070963
14117,0.047894
14118,0.038586
14119,0.082141
14120,0.034743
14121,-0.002987
14122,-0.001051
14123,-0.050224
14124,-0.076114
14125,-0.014817
14126,-0.016223
14127,-0.014982
14128,0.016616
14129,0.023409
14130,0.020298
14131,0.004142
14132,-0.048319
14133,-0.015861
14134,-0.004761
14135,0.001439
14136,0.002415
14137,-0.026925
14138,-0.068628
14139,-0.047157
14140,0.047477
14141,0.097031
14142,0.051482
14143,0.051040
14144,0.012600
14145,-0.032124
14146,-0.057206
14147,-0.012032
14148,0.044814
14149,0.058874
14150,0.024230
14151,0.032996
14152,0.009538
14153,-0.039426
14154,-0.071558
14155,-0.080915
14156,-0.114105
14157,-0.069253
14158,0.024804
14159,-0.002016
14160,-0.004316
14161,0.057815
14162,0.051719
14163,0.036721
14164,0.021396
14165,0.045473
14166,0.009053
14167,-0.057394
14168,-0.021493
14169,0.008531
14170,0.021174
14171,0.062139
14172,0.044042
14173,0.037326
14174,0.009630
14175,-0.065987
14176,-0.076962
14177,-0.057179
14178,-0.079132
14179,0.003893
14180,0.032840
14181,-0.015372
14182,-0.050794
14183,-0.020418
14184,-0.027338
14185,0.044833
14186,0.141450
14187,0.092844
14188,0.060254
14189,-0.024128
14190,-0.026198
14191,-0.046495
14192,-0.070054
14193,0.001360
14194,0.046078
14195,0.050241
14196,0.044759
14197,0.057173
14198,0.038729
14199,-0.081881
14200,-0.085100
14201,-0.068129
14202,-0.083447
14203,-0.044431
14204,-0.005950
14205,0.027603
14206,0.024758
14207,-0.012169
14208,-0.064412
14209,-0.064076
14210,0.015717
14211,0.097674
14212,0.081296
14213,0.057643
14214,0.022679
14215,-0.011193
14216,-0.049386
14217,-0.040665
14218,-0.055016
14219,-0.030691
14220,0.016304
14221,0.054724
14222,0.049796
14223,0.012026
14224,-0.000975
14225,-0.004151
14226,-0.017897
14227,-0.005076
14228,0.013019
14229,0.045597
14230,0.069050
14231,0.040541
14232,-0.000487
14233,0.011938
14234,-0.002878
14235,-0.017772
14236,0.018791
14237,0.000568
14238,-0.037740
14239,-0.094182
14240,-0.109958
14241,-0.038672
14242,0.013718
14243,0.060924
14244,0.051477
14245,0.044024
14246,0.014954
14247,-0.008804
14248,0.018115
14249,-0.015694
14250,-0.035904
14251,-0.006765
14252,-0.008102
14253,-0.038120
14254,-0.022959
14255,0.024317
14256,-0.008666
14257,-0.015304
14258,0.031502
14259,-0.003491
14260,-0.021629
14261,-0.025332
14262,-0.020862
14263,-0.023272
14264,-0.057391
14265,0.000583
14266,-0.018014
14267,-0.064142
14268,-0.015855
14269,0.067343
14270,0.058685
14271,-0.020529
14272,0.000578
14273,0.071026
14274,0.068550
14275,0.064212
14276,0.103029
14277,0.058893
14278,-0.028769
14279,-0.020509
14280,0.007154
14281,-0.036123
14282,-0.063264
14283,-0.029552
14284,0.033038
14285,-0.006088
14286,-0.019924
14287,0.029718
14288,0.004383
14289,-0.057282
14290,-0.014894
14291,-0.002980
14292,-0.014516
14293,-0.044695
14294,0.003797
14295,0.002742
14296,0.014321
14297,0.023312
14298,-0.057442
14299,-0.058112
14300,-0.067356
14301,-0.036509
14302,0.016189
14303,0.032130
14304,0.016999
14305,0.070199
14306,0.059524
14307,-0.034020
14308,-0.045678
14309,-0.038233
14310,0.016412
14311,0.005630
14312,-0.009689
14313,0.019313
14314,0.015652
14315,0.006663
14316,0.043904
14317,0.043092
14318,0.000068
14319,0.000751
14320,-0.029276
14321,-0.052036
14322,-0.009614
14323,-0.002715
14324,0.011812
14325,0.010527
14326,-0.004889
14327,0.010976
14328,0.077148
14329,0.030088
14330,0.021211
14331,0.037749
14332,0.016248
14333,-0.012904
14334,-0.023280
14335,-0.003393
14336,-0.038632
14337,-0.057278
14338,-0.041206
14339,-0.061455
14340,-0.030830
14341,0.049640
14342,0.040041
14343,0.038198
14344,0.029365
14345,-0.002294
14346,0.022365
14347,-0.029957
14348,-0.076372
14349,-0.074170
14350,-0.076558
14351,-0.006270
14352,-0.001602
14353,0.049510
14354,0.081082
14355,0.022603
14356,-0.008709
14357,-0.072848
14358,-0.042923
14359,-0.018167
14360,0.019204
14361,0.028100
14362,0.033349
14363,0.000282
14364,0.005259
14365,0.076327
14366,0.044288
14367,0.046656
14368,-0.046288
14369,-0.093036
14370,-0.033021
14371,-0.002516
14372,0.008270
14373,-0.010198
14374,0.019138
14375,0.067251
14376,0.042571
14377,0.038036
14378,0.056115
14379,0.021277
14380,-0.010906
14381,-0.050372
14382,-0.115185
14383,-0.091493
14384,-0.036919
14385,0.010477
14386,0.052531
14387,0.040589
14388,0.048048
14389,0.028988
14390,0.044740
14391,0.027075
14392,-0.016798
14393,-0.014181
14394,-0.009793
14395,-0.109319
14396,-0.088554
14397,0.007201
14398,-0.041339
14399,-0.020564
14400,0.017894
14401,0.008028
14402,0.019742
14403,0.020878
14404,0.026730
14405,0.064029
14406,0.042820
14407,0.009386
14408,0.051475
14409,0.057169
14410,0.018667
14411,-0.051812
14412,-0.084748
14413,-0.088833
14414,-0.090411
14415,-0.051260
14416,0.012494
14417,0.023527
14418,0.032103
14419,0.078866
14420,0.079919
14421,0.030953
14422,-0.010236
14423,-0.030750
14424,0.003374
14425,-0.010819
14426,0.012361
14427,0.005487
14428,-0.022201
14429,-0.013759
14430,-0.072269
14431,-0.099322
14432,-0.001500
14433,0.097448
14434,0.117714
14435,0.092741
14436,-0.047333
14437,-0.092314
14438,-0.147944
14439,-0.093556
14440,0.005093
14441,0.042118
14442,0.064273
14443,0.092354
14444,0.077652
14445,0.016092
14446,-0.006128
14447,-0.041160
14448,-0.010395
14449,0.048911
14450,0.049696
14451,-0.046170
14452,-0.063150
14453,-0.077819
14454,-0.046446
14455,0.016888
14456,0.039977
14457,0.028402
14458,-0.009059
14459,-0.045598
14460,-0.047665
14461,-0.008952
14462,0.024416
14463,0.044828
14464,0.107962
14465,0.072979
14466,0.034202
14467,-0.003211
14468,-0.079458
14469,-0.045213
14470,-0.049282
14471,-0.048508
14472,-0.029587
14473,-0.035437
14474,-0.037735
14475,0.000779
14476,0.056880
14477,0.027107
14478,0.041884
14479,0.042982
14480,0.016858
14481,0.003010
14482,0.047499
14483,0.060781
14484,0.022358
14485,-0.050203
14486,-0.120189
14487,-0.076729
14488,-0.041346
14489,-0.055895
14490,-0.026457
14491,-0.004536
14492,0.018166
14493,0.059035
14494,0.042224
14495,0.066429
14496,0.032543
14497,0.010167
14498,0.046924
14499,0.018627
14500,-0.004084
14501,0.000268
14502,0.014335
14503,-0.013757
14504,-0.041346
14505,-0.072359
14506,-0.082630
14507,-0.020630
14508,0.021346
14509,0.016599
14510,0.005598
14511,-0.051103
14512,-0.039657
14513,-0.041445
14514,0.002318
14515,0.113431
14516,0.117772
14517,0.111461
14518,0.081409
14519,-0.021762
14520,-0.068754
14521,-0.082026
14522,-0.088006
14523,-0.036501
14524,-0.012861
14525,-0.023761
14526,-0.029724
14527,-0.012231
14528,0.024840
14529,0.024904
14530,0.019728
14531,0.024342
14532,0.055068
14533,0.070337
14534,0.046069
14535,-0.003656
14536,-0.023292
14537,-0.043444
14538,-0.086201
14539,-0.076249
14540,-0.024470
14541,-0.000540
14542,-0.054238
14543,0.056944
14544,0.093608
14545,0.065484
14546,0.091466
14547,0.032579
14548,-0.012763
14549,-0.082729
14550,-0.077049
14551,-0.060766
14552,-0.046540
14553,-0.038292
14554,-0.022368
14555,0.006535
14556,0.037362
14557,0.050253
14558,0.063350
14559,0.055925
14560,0.035188
14561,-0.002186
14562,-0.018489
14563,-0.045619
14564,140.824677
14565,142.671432
14566,2.497876
14567,1691.822754
14568,417.077301
14569,-47.737549
14570,-55.779034
14571,-34.624676
14572,-35.884266
14573,-10.504017
14574,5.787389
14575,15.125823
14576,29.485683
14577,23.092611
14578,-1.969302
14579,7.162359
14580,5.109704
14581,8.932441
14582,16.779854
14583,-6.893785
14584,-18.891346
14585,-5.006645
14586,0.569410
14587,-7.077307
14588,-0.371015
14589,-0.564251
14590,3.724017
14591,12.851229
14592,13.722448
14593,-7.955797
14594,-23.084370
14595,-18.224916
14596,-12.096235
14597,4.287194
14598,33.087620
14599,26.933735
14600,3.405703
14601,5.437059
14602,16.979717
14603,-7.509867
14604,-27.985182
14605,-38.111645
14606,-19.708111
14607,16.979296
14608,48.424038
14609,29.658316
14610,-0.795013
14611,-37.739773
14612,-50.448624
14613,-39.803371
14614,1.073108
14615,33.933224
14616,41.295784
14617,31.819477
14618,-0.058435
14619,-0.024274
14620,0.001617
14621,0.022056
14622,0.019587
14623,0.032323
14624,-0.033102
14625,-0.009363
14626,0.045985
14627,0.009550
14628,0.006311
14629,-0.058266
14630,-0.082494
14631,-0.049387
14632,-0.030376
14633,-0.051464
14634,0.029069
14635,0.090997
14636,0.104285
14637,0.113124
14638,0.044687
14639,-0.028927
14640,-0.037031
14641,-0.052106
14642,-0.056593
14643,-0.051605
14644,-0.039865
14645,-0.030089
14646,-0.038004
14647,-0.010381
14648,0.044633
14649,0.032692
14650,0.058793
14651,0.041043
14652,-0.054221
14653,-0.085661
14654,-0.032038
14655,0.034515
14656,0.062508
14657,0.008308
14658,0.016982
14659,0.006681
14660,-0.029303
14661,-0.009391
14662,0.039872
14663,0.040026
14664,0.012578
14665,0.009606
14666,0.025848
14667,0.005214
14668,-0.031272
14669,-0.021370
14670,-0.026780
14671,0.026128
14672,-0.001398
14673,-0.019226
14674,0.010452
14675,-0.005310
14676,-0.026108
14677,-0.042980
14678,-0.041130
14679,-0.013166
14680,0.007701
14681,0.013836
14682,0.018643
14683,0.072687
14684,0.076780
14685,0.059089
14686,0.025300
14687,-0.019707
14688,-0.100905
14689,-0.097111
14690,-0.011198
14691,0.021340
14692,0.011805
14693,-0.011516
14694,-0.066027
14695,0.000754
14696,-0.000826
14697,-0.007827
14698,0.034947
14699,0.034779
14700,0.059186
14701,0.065361
14702,-0.016815
14703,-0.021985
14704,-0.003707
14705,-0.003120
14706,-0.012158
14707,-0.017252
14708,-0.044897
14709,-0.022944
14710,-0.003919
14711,-0.024785
14712,-0.001295
14713,0.035867
14714,0.043107
14715,0.048752
14716,0.017826
14717,-0.022104
14718,-0.009981
14719,-0.019459
14720,-0.031884
14721,-0.034364
14722,-0.046206
14723,0.001479
14724,0.055884
14725,0.057237
14726,0.019091
14727,0.008502
14728,-0.003636
14729,-0.037009
14730,-0.027357
14731,-0.001339
14732,0.032686
14733,0.064671
14734,0.026965
14735,-0.018821
14736,-0.065926
14737,-0.067628
14738,-0.029643
14739,0.019616
14740,0.039513
14741,0.006145
14742,0.004226
14743,0.018571
14744,-0.031262
14745,0.009304
14746,0.029019
14747,0.015603
14748,-0.009727
14749,-0.016298
14750,-0.013423
14751,-0.055450
14752,-0.007577
14753,-0.034500
14754,-0.005657
14755,0.029344
14756,0.021768
14757,-0.006565
14758,-0.046376
14759,-0.021514
14760,-0.007132
14761,0.054382
14762,0.045391
14763,0.000226
14764,-0.018051
14765,-0.012290
14766,-0.047099
14767,-0.016143
14768,0.046409
14769,0.054455
14770,-0.022991
14771,-0.055107
14772,-0.085055
14773,-0.079643
14774,-0.027958
14775,0.005209
14776,0.045487
14777,0.087934
14778,0.057624
14779,0.060870
14780,0.005731
14781,-0.044717
14782,-0.025734
14783,0.012344
14784,0.077227
14785,0.055008
14786,0.026538
14787,0.032748
14788,0.011321
14789,-0.037976
14790,-0.100852
14791,-0.160989
14792,-0.123269
14793,-0.027667
14794,0.005834
14795,-0.041662
14796,-0.005471
14797,0.058602
14798,0.140973
14799,0.201429
14800,0.080239
14801,0.045921
14802,0.013661
14803,-0.067498
14804,-0.068348
14805,-0.100848
14806,-0.026108
14807,-0.004777
14808,-0.032175
14809,0.001083
14810,-0.027117
14811,-0.054933
14812,-0.010861
14813,0.030354
14814,0.043644
14815,0.026513
14816,0.040034
14817,0.046666
14818,-0.008195
14819,-0.008926
14820,0.012796
14821,-0.028206
14822,-0.062069
14823,-0.060641
14824,-0.035782
14825,0.004067
14826,0.028800
14827,0.018601
14828,0.017980
14829,0.036831
14830,-0.004185
14831,-0.029851
14832,0.002649
14833,0.003795
14834,-0.053528
14835,-0.010738
14836,0.028773
14837,0.046092
14838,0.017987
14839,-0.010330
14840,-0.009344
14841,-0.020614
14842,0.038546
14843,0.049260
14844,0.020615
14845,0.033119
14846,-0.002401
14847,-0.032357
14848,-0.046406
14849,-0.026118
14850,-0.031401
14851,0.002952
14852,0.009271
14853,-0.001353
14854,0.002219
14855,-0.007390
14856,-0.093204
14857,-0.060328
14858,-0.020751
14859,-0.004418
14860,0.040245
14861,0.058187
14862,0.049518
14863,0.090680
14864,0.035385
14865,-0.048602
14866,-0.037744
14867,-0.058038
14868,-0.067955
14869,0.022549
14870,0.023926
14871,0.036554
14872,0.041219
14873,0.045502
14874,0.019620
14875,-0.019111
14876,-0.028468
14877,-0.035719
14878,-0.043606
14879,-0.010626
14880,0.021906
14881,0.028906
14882,0.015629
14883,0.011966
14884,0.051177
14885,-0.019879
14886,-0.056223
14887,-0.023135
14888,0.014878
14889,0.036961
14890,0.008016
14891,-0.034705
14892,-0.056618
14893,-0.034847
14894,0.019975
14895,0.046904
14896,0.059705
14897,0.069981
14898,-0.027997
14899,-0.018203
14900,-0.045151
14901,-0.035074
14902,-0.051915
14903,-0.071593
14904,-0.028772
14905,0.002648
14906,-0.009779
14907,0.032205
14908,0.042564
14909,0.048405
14910,0.056634
14911,0.024125
14912,-0.005242
14913,-0.037290
14914,-0.056629
14915,-0.029042
14916,0.033960
14917,0.033765
14918,0.032778
14919,0.052481
14920,0.030517
14921,0.000186
14922,-0.068916
14923,-0.087403
14924,-0.064690
14925,-0.007462
14926,0.013523
14927,0.027984
14928,0.035083
14929,0.018442
14930,0.063156
14931,0.030598
14932,0.003290
14933,-0.035391
14934,-0.035329
14935,-0.003487
14936,-0.012317
14937,0.012889
14938,0.007426
14939,0.004530
14940,0.025659
14941,0.067248
14942,0.016179
14943,-0.068729
14944,-0.090943
14945,-0.100819
14946,-0.031244
14947,0.010207
14948,0.024251
14949,0.044208
14950,0.002012
14951,0.002966
14952,0.023165
14953,0.027665
14954,0.019508
14955,0.038086
14956,-0.010516
14957,-0.056647
14958,-0.025885
14959,0.009820
14960,0.002368
14961,0.036565
14962,0.022228
14963,-0.024510
14964,-0.026462
14965,-0.017082
14966,-0.009547
14967,0.016068
14968,0.086828
14969,0.062246
14970,0.001975
14971,-0.021759
14972,-0.016831
14973,-0.030211
14974,-0.056566
14975,-0.017105
14976,0.053403
14977,0.013807
14978,0.000810
14979,0.031294
14980,0.017524
14981,-0.042986
14982,-0.028765
14983,-0.035623
14984,0.021589
14985,0.029819
14986,0.004848
14987,0.011336
14988,-0.052660
14989,-0.051711
14990,-0.030474
14991,0.007587
14992,0.045825
14993,0.014677
14994,0.040454
14995,0.023697
14996,-0.016762
14997,-0.029432
14998,-0.006706
14999,0.002905
15000,0.008791
15001,-0.012069
15002,-0.039639
15003,-0.076072
15004,-0.073238
15005,-0.040829
15006,-0.052304
15007,0.009920
15008,0.037177
15009,0.016095
15010,0.030031
15011,0.063193
15012,0.084410
15013,0.030394
15014,0.035691
15015,0.011159
15016,-0.011326
15017,0.026900
15018,0.019358
15019,-0.015745
15020,-0.047159
15021,-0.035251
15022,-0.046930
15023,0.019772
15024,0.025390
15025,0.012318
15026,0.048215
15027,0.028898
15028,0.011830
15029,-0.005241
15030,-0.066729
15031,-0.040074
15032,-0.008481
15033,0.002585
15034,-0.018656
15035,-0.032076
15036,0.035948
15037,0.019477
15038,-0.016116
15039,-0.043497
15040,-0.010158
15041,0.008284
15042,0.017328
15043,0.012763
15044,-0.000248
15045,0.003158
15046,0.017597
15047,-0.000555
15048,-0.039808
15049,0.015006
15050,0.029744
15051,-0.018602
15052,-0.051263
15053,-0.042473
15054,-0.046636
15055,-0.017412
15056,0.037303
15057,0.033207
15058,0.059415
15059,0.024004
15060,-0.017461
15061,-0.031329
15062,-0.031689
15063,0.011551
15064,0.001819
15065,0.002868
15066,0.027418
15067,0.011873
15068,0.013211
15069,0.031957
15070,0.011144
15071,0.011541
15072,-0.043935
15073,-0.022000
15074,-0.043009
15075,-0.025260
15076,0.007914
15077,0.061318
15078,0.089034
15079,0.013572
15080,-0.056794
15081,-0.021248
15082,-0.000533
15083,-0.025610
15084,0.000106
15085,0.040718
15086,0.007567
15087,-0.011111
15088,-0.002771
15089,-0.066016
15090,-0.019394
15091,0.016098
15092,-0.017757
15093,-0.002767
15094,0.012821
15095,0.003916
15096,0.000821
15097,0.002940
15098,-0.036029
15099,-0.051598
15100,-0.017737
15101,0.039260
15102,0.085478
15103,0.081356
15104,0.047878
15105,0.013717
15106,-0.028899
15107,-0.016543
15108,-0.023842
15109,-0.042891
15110,-0.020041
15111,-0.014110
15112,-0.056763
15113,-0.047274
15114,-0.012619
15115,-0.003007
15116,-0.045858
15117,-0.009327
15118,128.347824
15119,159.984512
15120,2.247560
15121,1628.316040
15122,397.297455
15123,32.006042
15124,48.059891
15125,48.638752
15126,30.183956
15127,8.398304
15128,-2.154176
15129,-24.547962
15130,-29.149878
15131,-36.720787
15132,-34.110130
15133,-15.768701
15134,-4.369618
15135,4.461076
15136,7.095531
15137,21.238424
15138,23.385628
15139,17.018257
15140,-2.618763
15141,-35.827503
15142,-17.977459
15143,29.081306
15144,21.094179
15145,4.285783
15146,6.032324
15147,3.163444
15148,11.080751
15149,-3.715765
15150,-24.162008
15151,-1.944348
15152,26.051144
15153,19.706261
15154,-3.446819
15155,-31.028166
15156,-50.762043
15157,-40.321629
15158,8.939808
15159,38.904415
15160,37.365761
15161,15.972443
15162,5.009509
15163,-8.913031
15164,-37.598801
15165,-29.981329
15166,8.371861
15167,23.389400
15168,28.447359
15169,18.065176
15170,8.166265
15171,-11.081038
15172,0.064075
15173,0.077074
15174,0.047477
15175,0.070828
15176,0.032849
15177,-0.036646
15178,-0.055177
15179,-0.003088
15180,-0.002032
15181,0.003861
15182,0.044756
15183,0.004506
15184,-0.075173
15185,-0.049626
15186,-0.033003
15187,-0.009391
15188,0.035271
15189,0.032592
15190,0.006296
15191,0.013122
15192,-0.064849
15193,-0.032181
15194,0.013390
15195,-0.004881
15196,0.015076
15197,-0.017619
15198,0.008093
15199,-0.016379
15200,0.004423
15201,0.048329
15202,0.118009
15203,0.072669
15204,-0.012403
15205,-0.000927
15206,0.005611
15207,-0.052722
15208,-0.028948
15209,-0.059940
15210,-0.049086
15211,-0.009186
15212,-0.008765
15213,0.019763
15214,0.018620
15215,0.018206
15216,0.003330
15217,0.004198
15218,-0.013963
15219,-0.048188
15220,-0.035718
15221,-0.026756
15222,126.005600
15223,163.234619
15224,2.200569
15225,1616.707642
15226,362.216278
15227,-22.697632
15228,-9.606362
15229,3.466559
15230,18.387928
15231,27.426964
15232,3.701837
15233,-12.175942
15234,-15.541932
15235,-24.690722
15236,-30.939936
15237,2.684408
15238,28.544989
15239,31.098923
15240,14.257663
15241,-4.668970
15242,-18.080385
15243,-18.311403
15244,-19.201799
15245,4.850011
15246,36.582417
15247,10.190160
15248,2.041811
15249,15.927389
15250,9.093276
15251,-11.023315
15252,-24.646709
15253,-31.098684
15254,-12.038859
15255,10.164927
15256,16.582674
15257,10.235996
15258,5.433095
15259,-7.974996
15260,-12.178737
15261,-26.803299
15262,-25.815975
15263,16.311178
15264,42.771320
15265,46.141808
15266,37.422760
15267,6.533653
15268,-22.250895
15269,-24.598009
15270,-22.432251
15271,-25.677612
15272,-20.695440
15273,-0.212188
15274,4.451827
15275,-6.661577
15276,12.631783
15277,0.114840
15278,1775.588257
15279,46.426510
15280,70.450195
15281,2066.253906
15282,194.348648
15283,-1596.050659
15284,43.503353
15285,55.534065
15286,-1445.059692
15287,1766.565186
15288,292.214203
15289,1072.721680
15290,-285.085938
15291,1644.473389
15292,258.236176
15293,1056.498291
15294,335.476135
15295,260.046814
15296,-1490.484619
15297,109.914543
15298,-2312.777588
15299,-331.989807
15300,1359.289429
15301,-1596.335449
15302,-1900.578979
15303,-92.538979
15304,-1571.516968
15305,690.754211
15306,154.398621
15307,-870.875793
15308,-166.628555
15309,-1978.889038
15310,1515.241821
15311,780.475830
15312,119.932663
15313,-1444.088379
15314,-1137.050049
15315,-199.010208
15316,836.886414
15317,253.974960
15318,-366.551392
15319,-751.766968
15320,594.514954
15321,247.324539
15322,756.354126
15323,55.747032
15324,-157.001282
15325,991.007141
15326,1532.564941
15327,363.588104
15328,-12.267092
15329,-1128.335693
15330,155.028854
15331,0.044145
15332,0.044565
15333,-0.018239
15334,0.023734
15335,0.001805
15336,-0.026881
15337,0.002637
15338,-0.053252
15339,-0.036886
15340,-0.006268
15341,0.006945
15342,0.066157
15343,0.086345
15344,0.067058
15345,0.020152
15346,-0.032088
15347,-0.053066
15348,-0.040330
15349,-0.028142
15350,-0.025464
15351,-0.039797
15352,-0.003509
15353,0.056525
15354,0.042039
15355,0.056149
15356,0.014227
15357,-0.005173
15358,0.019686
15359,-0.021989
15360,0.022634
15361,0.023549
15362,-0.049878
15363,-0.054403
15364,-0.034095
15365,-0.045459
15366,-0.035995
15367,-0.061497
15368,-0.081778
15369,-0.029468
15370,0.033357
15371,0.076057
15372,0.067848
15373,0.103495
15374,0.116274
15375,0.010312
15376,-0.096090
15377,-0.136129
15378,-0.056439
15379,0.036057
15380,0.097237
15381,0.111209
15382,0.080286
15383,-0.010131
15384,-0.045460
15385,-0.085155
15386,-0.119600
15387,-0.102256
15388,-0.059552
15389,0.025879
15390,0.068893
15391,0.051631
15392,0.082900
15393,0.071934
15394,0.085405
15395,0.074720
15396,-0.004403
15397,-0.055267
15398,-0.084926
15399,-0.100869
15400,-0.048837
15401,-0.048695
15402,-0.055062
15403,0.017011
15404,-0.000628
15405,-0.002513
15406,0.008660
15407,0.031360
15408,0.084712
15409,0.037444
15410,0.021345
15411,-0.026022
15412,-0.073032
15413,-0.052277
15414,0.011390
15415,0.039202
15416,0.045573
15417,0.057325
15418,0.016165
15419,-0.039516
15420,-0.102468
15421,-0.073544
15422,-0.041249
15423,-0.009815
15424,0.024562
15425,0.020816
15426,0.014807
15427,0.025049
15428,0.078482
15429,0.091501
15430,0.055473
15431,0.064631
15432,-0.004972
15433,-0.048971
15434,-0.067871
15435,-0.109883
15436,-0.054164
15437,-0.004887
15438,0.058658
15439,0.089164
15440,0.076082
15441,0.040892
15442,0.039030
15443,-0.007411
15444,-0.041652
15445,-0.067998
15446,-0.062980
15447,-0.062781
15448,-0.052516
15449,-0.040889
15450,0.025208
15451,0.014525
15452,0.020847
15453,0.052128
15454,0.062883
15455,0.074667
15456,-0.004108
15457,-0.095806
15458,-0.131629
15459,-0.065050
15460,-0.067825
15461,0.085441
15462,0.113579
15463,0.074308
15464,0.025780
15465,-0.036662
15466,-0.048860
15467,-0.049116
15468,-0.038885
15469,0.000939
15470,-0.010908
15471,-0.005449
15472,0.042866
15473,0.066352
15474,0.087802
15475,-0.031050
15476,-0.063433
15477,-0.048638
15478,-0.047082
15479,-0.013362
15480,-0.001022
15481,0.063894
15482,0.114527
15483,0.079861
15484,0.012738
15485,0.018200
15486,0.063087
15487,0.047973
15488,-0.013350
15489,-0.094011
15490,-0.091183
15491,-0.094654
15492,-0.052780
15493,-0.017443
15494,-0.001662
15495,0.033510
15496,0.088785
15497,0.074784
15498,0.026384
15499,-0.037916
15500,-0.055045
15501,-0.043675
15502,-0.048777
15503,0.020434
15504,0.033838
15505,0.041691
15506,0.044255
15507,0.011515
15508,0.026597
15509,-0.043045
15510,-0.088835
15511,-0.031121
15512,-0.028555
15513,-0.033174
15514,-0.010804
15515,0.032053
15516,0.009835
15517,0.048742
15518,0.078709
15519,0.001220
15520,0.000723
15521,-0.004483
15522,-0.066059
15523,-0.069749
15524,0.011471
15525,0.024884
15526,0.067099
15527,0.031993
15528,0.011532
15529,0.005436
15530,-0.041139
15531,-0.013132
15532,0.010992
15533,0.006435
15534,-0.031507
15535,-0.020252
15536,-0.005000
15537,0.029522
15538,0.053397
15539,0.040641
15540,0.024551
15541,-0.027140
15542,-0.107181
15543,-0.044077
15544,0.009169
15545,-0.001070
15546,0.041920
15547,0.059726
15548,0.027163
15549,0.015137
15550,-0.021651
15551,-0.026079
15552,-0.063840
15553,-0.088432
15554,-0.011592
15555,0.035531
15556,-0.002616
15557,0.029339
15558,0.054707
15559,0.002685
15560,0.002851
15561,0.013113
15562,0.022858
15563,0.025958
15564,-0.085946
15565,-0.088632
15566,-0.029857
15567,-0.004123
15568,0.041844
15569,0.047310
15570,0.016417
15571,0.013909
15572,0.047142
15573,0.051744
15574,0.051692
15575,0.024398
15576,-0.018618
15577,-0.010368
15578,-0.037312
15579,-0.081913
15580,-0.010127
15581,-0.001241
15582,0.003231
15583,0.076330
15584,0.111604
15585,0.111904
15586,0.033380
15587,-0.008010
15588,-0.069457
15589,-0.053206
15590,-0.022251
15591,0.010268
15592,0.031711
15593,0.011214
15594,0.016553
15595,-0.041353
15596,-0.027112
15597,0.062512
15598,0.057973
15599,-0.012982
15600,-0.048286
15601,-0.089587
15602,-0.096505
15603,-0.045166
15604,-0.006360
15605,0.017141
15606,-0.015741
15607,-0.022750
15608,0.028878
15609,0.032477
15610,0.003758
15611,0.034125
15612,0.044827
15613,-0.008522
15614,-0.017550
15615,-0.026672
15616,-0.007283
15617,0.018547
15618,-0.003118
15619,-0.002436
15620,0.019861
15621,-0.041830
15622,-0.044926
15623,-0.037904
15624,0.024651
15625,0.039461
15626,0.069447
15627,0.045987
15628,0.043743
15629,0.032339
15630,0.028570
15631,-0.031895
15632,-0.041778
15633,-0.038890
15634,-0.000115
15635,0.051225
15636,-0.006183
15637,-0.038613
15638,-0.027916
15639,-0.056746
15640,-0.077421
15641,-0.065198
15642,-0.041444
15643,-0.001670
15644,0.068783
15645,0.086470
15646,0.136775
15647,0.090490
15648,0.007740
15649,-0.067210
15650,-0.082643
15651,-0.048993
15652,-0.042604
15653,-0.054247
15654,0.004812
15655,0.064044
15656,0.077470
15657,-0.003533
15658,-0.055333
15659,-0.045119
15660,-0.012641
15661,0.012072
15662,0.021163
15663,0.012406
15664,-0.037589
15665,-0.068804
15666,-0.050500
15667,-0.026797
15668,0.057241
15669,0.115412
15670,0.063110
15671,0.061402
15672,0.043788
15673,0.034131
15674,0.038526
15675,-0.009939
15676,-0.045348
15677,-0.038197
15678,-0.006470
15679,-0.028713
15680,-0.044432
15681,-0.036688
15682,-0.024593
15683,0.001549
15684,0.018090
15685,0.001747
15686,0.008479
15687,-0.015886
15688,0.021051
15689,0.002037
15690,0.006677
15691,-0.036211
15692,-0.044873
15693,-0.037490
15694,-0.001442
15695,0.031070
15696,0.043511
15697,0.026744
15698,-0.001439
15699,0.000649
15700,0.010155
15701,0.056322
15702,0.001798
15703,-0.084931
15704,-0.101498
15705,-0.072253
15706,-0.034131
15707,0.008215
15708,0.049596
15709,0.097457
15710,0.051031
15711,0.042661
15712,0.013540
15713,-0.000426
15714,-0.011538
15715,-0.007194
15716,-0.005857
15717,-0.037165
15718,-0.007556
15719,-0.026611
15720,-0.065972
15721,-0.007785
15722,0.011544
15723,0.050579
15724,0.022902
15725,0.051867
15726,0.057941
15727,0.032861
15728,0.014198
15729,-0.029889
15730,-0.007280
15731,-0.001494
15732,-0.007634
15733,-0.030110
15734,-0.054030
15735,-0.036856
15736,0.014074
15737,0.036979
15738,0.003542
15739,-0.011235
15740,-0.039516
15741,-0.058778
15742,-0.073351
15743,-0.054547
15744,-0.007812
15745,0.060831
15746,0.053124
15747,0.044234
15748,0.009332
15749,0.020250
15750,0.048221
15751,0.054834
15752,-0.029207
15753,-0.028165
15754,-0.009147
15755,-0.051468
15756,-0.065736
15757,-0.013655
15758,0.051478
15759,0.079620
15760,0.016244
15761,-0.020821
15762,-0.018728
15763,-0.021467
15764,0.014035
15765,0.062405
15766,0.049813
15767,0.007068
15768,-0.022512
15769,-0.057908
15770,-0.012786
15771,-0.008509
15772,0.056390
15773,0.063128
15774,-0.020782
15775,-0.030386
15776,-0.036875
15777,-0.040856
15778,-0.006632
15779,0.032139
15780,0.014352
15781,0.014168
15782,0.021413
15783,-0.027329
15784,-0.025351
15785,0.018581
15786,0.002290
15787,0.032743
15788,-0.004280
15789,-0.089266
15790,-0.118472
15791,-0.088138
15792,-0.056589
15793,0.009369
15794,0.039324
15795,0.073624
15796,0.072385
15797,0.048198
15798,0.047611
15799,0.052392
15800,0.032255
15801,0.009976
15802,0.023514
15803,-0.040902
15804,-0.082663
15805,-0.042897
15806,-0.055077
15807,-0.052519
15808,-0.033709
15809,0.002366
15810,0.009001
15811,0.021725
15812,0.027147
15813,0.037669
15814,0.034231
15815,0.023683
15816,0.032243
15817,0.025262
15818,0.013522
15819,0.014402
15820,-0.010911
15821,0.002169
15822,-0.004542
15823,0.015528
15824,0.024294
15825,0.011739
15826,-0.007443
15827,-0.030590
15828,0.001404
15829,-0.010852
15830,-0.036133
15831,-0.074828
15832,-0.067602
15833,-0.016466
15834,0.030797
15835,0.076541
15836,0.057504
15837,0.008115
15838,-0.004751
15839,-0.027721
15840,-0.056937
15841,-0.037930
15842,-0.010504
15843,-0.019997
15844,-0.004099
15845,-0.017033
15846,0.000050
15847,-0.012292
15848,0.025163
15849,0.039704
15850,0.040420
15851,-0.024383
15852,-0.068106
15853,0.000341
15854,0.043421
15855,0.053122
15856,0.100609
15857,0.108178
15858,0.036168
15859,-0.044967
15860,-0.076685
15861,-0.092119
15862,-0.137214
15863,-0.010531
15864,0.022825
15865,0.016268
15866,0.019946
15867,0.028543
15868,0.001245
15869,-0.009187
15870,0.014730
15871,0.054090
15872,-0.003348
15873,-0.033793
15874,-0.021806
15875,0.010271
15876,0.024659
15877,0.001371
15878,0.005030
15879,0.046350
15880,0.066328
15881,0.057064
15882,0.003778
15883,-0.093404
15884,-0.065616
15885,-0.030519
15886,-0.022193
15887,-0.018075
15888,-0.032665
15889,0.000345
15890,0.041862
15891,0.013231
15892,0.014430
15893,-0.045273
15894,-0.039824
15895,-0.009201
15896,-0.052474
15897,-0.069107
15898,-0.027806
15899,-0.006983
15900,0.059977
15901,0.096804
15902,0.069530
15903,0.113019
15904,0.077166
15905,0.023552
15906,-0.007029
15907,-0.034557
15908,-0.071938
15909,-0.079463
15910,-0.025115
15911,-0.002628
15912,0.009646
15913,-0.003084
15914,-0.013373
15915,0.003988
15916,0.027716
15917,0.023392
15918,-0.003175
15919,0.032585
15920,0.046997
15921,0.043515
15922,0.004152
15923,0.009593
15924,0.012428
15925,0.011678
15926,-0.019609
15927,-0.024338
15928,-0.051212
15929,-0.068545
15930,-0.052121
15931,-0.021418
15932,0.025711
15933,0.024711
15934,-0.062851
15935,-0.004720
15936,0.028438
15937,0.009057
15938,0.000336
15939,-0.001458
15940,0.029425
15941,0.024054
15942,-0.024512
15943,-0.043805
15944,0.044029
15945,0.041337
15946,0.032609
15947,-0.012034
15948,-0.012140
15949,-0.000494
15950,-0.052386
15951,-0.080161
15952,-0.053385
15953,-0.038327
15954,-0.001577
15955,0.052843
15956,0.063759
15957,0.071551
15958,0.094271
15959,0.093089
15960,0.047237
15961,0.013752
15962,-0.040661
15963,-0.073397
15964,-0.068977
15965,-0.046978
15966,-0.013155
15967,-0.003286
15968,0.011815
15969,-0.001721
15970,0.020233
15971,0.055181
15972,0.058427
15973,0.053745
15974,-0.010395
15975,-0.056935
15976,-0.088746
15977,-0.088358
15978,-0.039478
15979,-0.018253
15980,0.051450
15981,0.068267
15982,0.027900
15983,0.007068
15984,0.011735
15985,-0.010716
15986,-0.023071
15987,-0.058517
15988,-0.067062
15989,-0.009808
15990,0.002263
15991,-0.002658
15992,0.021335
15993,0.052157
15994,0.029510
15995,0.025513
15996,0.010789
15997,0.029116
15998,0.030161
15999,0.008941
16000,-0.015080
16001,-0.018093
16002,-0.086965
16003,-0.068752
16004,-0.041125
16005,-0.025896
16006,0.022656
16007,0.046558
16008,0.101816
16009,0.121827
16010,0.051179
16011,0.021766
16012,0.036176
16013,-0.040070
16014,-0.042657
16015,0.038152
16016,0.006538
16017,-0.029604
16018,-0.001405
16019,-0.038153
16020,-0.098164
16021,-0.067116
16022,-0.010103
16023,-0.033142
16024,-0.033129
16025,-0.022986
16026,0.023266
16027,0.078111
16028,0.052359
16029,0.039893
16030,0.018930
16031,-0.026846
16032,0.028420
16033,0.009615
16034,-0.031791
16035,-0.054819
16036,-0.034844
16037,-0.013141
16038,-0.040327
16039,-0.019196
16040,0.006982
16041,0.039320
16042,0.054162
16043,0.027767
16044,-0.002646
16045,-0.001122
16046,-0.042746
16047,-0.076307
16048,-0.067412
16049,-0.001497
16050,0.033698
16051,0.050357
16052,0.063291
16053,0.042303
16054,0.001445
16055,-0.024282
16056,-0.046118
16057,0.011441
16058,0.037793
16059,0.037967
16060,0.032381
16061,0.018857
16062,0.024980
16063,0.006277
16064,0.011999
16065,-0.026070
16066,-0.084111
16067,-0.107412
16068,-0.078293
16069,-0.030889
16070,0.006646
16071,0.087167
16072,0.102206
16073,0.063699
16074,-0.017951
16075,-0.026022
16076,-0.028018
16077,-0.057201
16078,-0.023865
16079,-0.005894
16080,0.005938
16081,0.017571
16082,0.007561
16083,-0.020769
16084,-0.039085
16085,-0.021588
16086,-0.003732
16087,0.029336
16088,0.046531
16089,0.046981
16090,0.014751
16091,-0.025142
16092,-0.069275
16093,-0.051973
16094,0.008380
16095,0.000647
16096,0.016972
16097,0.075440
16098,0.091711
16099,0.059475
16100,0.009244
16101,0.001424
16102,-0.024666
16103,-0.066875
16104,-0.116369
16105,-0.000564
16106,0.059367
16107,0.059742
16108,0.090459
16109,0.023290
16110,-0.023742
16111,-0.025655
16112,-0.055458
16113,-0.065624
16114,-0.075490
16115,-0.055388
16116,-0.018654
16117,0.001644
16118,0.087203
16119,0.096235
16120,0.042790
16121,0.009185
16122,-0.008913
16123,0.000728
16124,-0.057341
16125,-0.007964
16126,-0.000489
16127,-0.043996
16128,-0.096665
16129,-0.044953
16130,-0.011487
16131,0.060608
16132,0.048966
16133,0.035040
16134,0.023992
16135,-0.000241
16136,0.026700
16137,-0.004150
16138,-0.036447
16139,-0.070749
16140,-0.028945
16141,-0.011158
16142,0.002314
16143,0.035959
16144,0.023996
16145,0.031159
16146,0.026819
16147,0.036929
16148,0.029270
16149,-0.016709
16150,-0.009678
16151,-0.018957
16152,-0.020267
16153,0.020701
16154,-0.013961
16155,0.022789
16156,0.028712
16157,-0.014770
16158,-0.042100
16159,0.013551
16160,0.042205
16161,0.029221
16162,0.006860
16163,0.007306
16164,0.006773
16165,0.021740
16166,-0.012547
16167,-0.039308
16168,-0.083781
16169,-0.063802
16170,-0.038857
16171,-0.015334
16172,0.015414
16173,0.033096
16174,0.024505
16175,0.004707
16176,0.015493
16177,-0.003809
16178,-0.038568
16179,-0.034231
16180,-142.152786
16181,1066.113281
16182,131.456757
16183,0.000000
16184,0.029664
16185,2262.536133
16186,1026.510010
16187,1951.505371
16188,2270.848145
16189,1226.155884
16190,2020.562378
16191,728.404358
16192,2175.851074
16193,1922.432251
16194,1767.839966
16195,1093.518188
16196,712.118286
16197,2029.042725
16198,977.973938
16199,1067.140503
16200,1874.408936
16201,1570.046387
16202,1013.252991
16203,1123.146362
16204,954.718384
16205,1442.642212
16206,2077.542480
16207,1627.881592
16208,753.352356
16209,1051.372803
16210,931.975281
16211,-0.001835
16212,-0.021934
16213,0.043902
16214,0.067661
16215,0.041723
16216,0.039653
16217,-0.002838
16218,-0.051165
16219,-0.078286
16220,-0.071702
16221,-0.050929
16222,-0.024756
16223,0.056674
16224,0.118866
16225,0.058748
16226,0.019580
16227,0.016243
16228,0.007275
16229,0.012649
16230,-0.013316
16231,0.002591
16232,0.013468
16233,-0.001703
16234,-0.009986
16235,-0.045319
16236,-0.045085
16237,-0.005216
16238,-0.001653
16239,-0.019091
16240,0.055643
16241,0.032681
16242,-0.054654
16243,-0.080580
16244,-0.073738
16245,-0.089242
16246,-0.031615
16247,0.011548
16248,0.002795
16249,0.035036
16250,0.075326
16251,0.135189
16252,0.076215
16253,0.037009
16254,-0.002167
16255,-0.014736
16256,-0.042963
16257,-0.104111
16258,-0.092812
16259,-0.044979
16260,-0.015027
16261,0.029621
16262,0.004196
16263,0.009488
16264,-0.000864
16265,0.032366
16266,0.062859
16267,0.083210
16268,0.086562
16269,0.068892
16270,0.028525
16271,-0.034566
16272,-0.130476
16273,-0.119732
16274,0.006495
16275,0.036657
16276,0.039393
16277,0.019698
16278,0.001261
16279,-0.008078
16280,-0.091759
16281,-0.081881
16282,0.034860
16283,0.045037
16284,0.062227
16285,0.044798
16286,-0.036181
16287,-0.037202
16288,-0.012038
16289,-0.023464
16290,-0.056216
16291,-0.015112
16292,-0.010848
16293,-0.022087
16294,0.032306
16295,0.037309
16296,0.010144
16297,-0.021001
16298,-0.034581
16299,-0.017142
16300,0.006262
16301,0.033709
16302,0.023892
16303,0.036489
16304,0.034833
16305,0.022521
16306,0.006626
16307,0.020747
16308,0.015208
16309,-0.001288
16310,-0.023170
16311,-0.120905
16312,-0.086669
16313,0.013754
16314,0.033409
16315,0.075635
16316,0.116873
16317,0.076652
16318,-0.011736
16319,-0.041162
16320,-0.042307
16321,-0.021240
16322,-0.004751
16323,-0.041333
16324,-0.014033
16325,-0.014502
16326,-0.027698
16327,-0.044065
16328,-0.067062
16329,-0.030410
16330,0.007754
16331,0.050233
16332,0.020986
16333,0.002821
16334,-0.005926
16335,0.015442
16336,0.023082
16337,0.028770
16338,0.052553
16339,0.047862
16340,0.009494
16341,-0.028567
16342,-0.016419
16343,-0.008274
16344,-0.047130
16345,-0.013655
16346,-0.039970
16347,-0.042496
16348,-0.010554
16349,0.028204
16350,0.043590
16351,0.077807
16352,0.079874
16353,0.029304
16354,0.005147
16355,-0.049074
16356,-0.038019
16357,-0.027773
16358,-0.004417
16359,-0.000242
16360,-0.024437
16361,503.339935
16362,511.329590
16363,6.243661
16364,411.750671
16365,-8.164392
16366,-18.505749
16367,-32.144016
16368,-31.710670
16369,-14.361979
16370,-3.577932
16371,5.896226
16372,-1.141714
16373,-8.076467
16374,10.032974
16375,16.827980
16376,10.490786
16377,-11.570509
16378,-16.490767
16379,-25.838892
16380,-15.579409
16381,28.154448
16382,59.552116
16383,38.485817
16384,-2.173449
16385,-25.847862
16386,-28.274902
16387,-15.124847
16388,2.285344
16389,7.040427
16390,13.212623
16391,6.499904
16392,-7.500780
16393,-20.926720
16394,-15.715555
16395,-4.603511
16396,14.739923
16397,24.908318
16398,16.554878
16399,-1.291052
16400,-6.114552
16401,-20.706741
16402,-14.705924
16403,-4.127547
16404,-8.186032
16405,-6.394049
16406,2.731771
16407,2.253954
16408,16.410738
16409,-4.743903
16410,-20.679895
16411,8.258033
16412,24.030884
16413,19.867311
16414,18.389618
16415,-0.016414
16416,0.035360
16417,0.075184
16418,0.024335
16419,-0.043486
16420,-0.036416
16421,-0.049562
16422,-0.043655
16423,-0.037592
16424,-0.034348
16425,0.016632
16426,0.066747
16427,0.022704
16428,0.031016
16429,0.015496
16430,-0.007058
16431,0.008611
16432,-0.012788
16433,-0.029335
16434,-0.047724
16435,-0.069336
16436,-0.036054
16437,-0.013106
16438,0.034416
16439,0.023326
16440,0.072634
16441,0.081001
16442,0.030698
16443,-0.032501
16444,-0.009239
16445,-0.000079
16446,-0.004980
16447,-0.007415
16448,0.021834
16449,0.057373
16450,0.032096
16451,-0.011959
16452,0.030520
16453,-0.005632
16454,0.018499
16455,-0.006473
16456,-0.000433
16457,-0.027529
16458,-0.025043
16459,-0.011956
16460,-0.013313
16461,-0.017519
16462,-0.004067
16463,0.028385
16464,-0.008342
16465,0.004699
16466,-0.010254
16467,-0.006475
16468,-0.055307
16469,-0.059447
16470,-0.014586
16471,0.004024
16472,-0.015640
16473,-0.043249
16474,-0.043579
16475,-0.001542
16476,0.052231
16477,0.102044
16478,0.082546
16479,0.042328
16480,0.015070
16481,0.005196
16482,-0.025659
16483,-0.045413
16484,-0.029736
16485,0.009544
16486,0.004438
16487,0.023915
16488,-0.009027
16489,-0.036122
16490,0.005322
16491,0.004669
16492,0.018425
16493,0.021736
16494,0.007190
16495,-0.047671
16496,0.006207
16497,-0.018229
16498,0.002842
16499,0.053704
16500,0.007495
16501,-0.023602
16502,0.003801
16503,0.054237
16504,0.059197
16505,0.001034
16506,-0.005085
16507,-0.053206
16508,-0.092117
16509,-0.060382
16510,-0.030256
16511,-0.038182
16512,0.057891
16513,0.096904
16514,0.072056
16515,0.067086
16516,0.012380
16517,-0.025724
16518,-0.070576
16519,-0.044219
16520,-0.049561
16521,-0.054739
16522,-0.054591
16523,-0.040046
16524,-0.066902
16525,-0.031510
16526,-0.012388
16527,0.027414
16528,0.083555
16529,0.095289
16530,0.059608
16531,0.004202
16532,-0.014937
16533,-0.033657
16534,-0.010755
16535,0.000638
16536,0.031086
16537,0.034530
16538,0.036158
16539,-0.011028
16540,-0.027281
16541,-0.004359
16542,-0.015250
16543,-0.022900
16544,0.016117
16545,0.051179
16546,0.052298
16547,0.037913
16548,0.055882
16549,0.003594
16550,-0.032977
16551,-0.044436
16552,-0.079140
16553,-0.094154
16554,-0.037725
16555,-0.026314
16556,0.011898
16557,0.020788
16558,0.033164
16559,0.029275
16560,0.019265
16561,0.023684
16562,0.013718
16563,0.009026
16564,0.029493
16565,-0.021144
16566,-0.039610
16567,-0.033632
16568,-0.037108
16569,-0.012191
16570,-0.010438
16571,-0.025081
16572,0.036734
16573,0.039164
16574,0.012132
16575,-0.005969
16576,-0.038942
16577,-0.032164
16578,-0.005549
16579,0.020349
16580,0.060587
16581,0.033360
16582,0.011169
16583,0.016467
16584,-0.016718
16585,-0.036377
16586,-0.069171
16587,-0.065057
16588,0.000158
16589,-0.006508
16590,0.002963
16591,0.019785
16592,0.013808
16593,0.020243
16594,0.045057
16595,0.081985
16596,0.097231
16597,0.043398
16598,0.024312
16599,-0.011026
16600,-0.049371
16601,-0.047848
16602,-0.044996
16603,-0.102950
16604,-0.108801
16605,-0.076174
16606,-0.035856
16607,0.016905
16608,0.052977
16609,0.087451
16610,0.096544
16611,0.037736
16612,-0.003259
16613,-0.002117
16614,0.031113
16615,0.095950
16616,0.105889
16617,0.007808
16618,-0.078605
16619,-0.107116
16620,-0.078295
16621,-0.059577
16622,-0.032028
16623,-0.080050
16624,-0.069384
16625,0.009783
16626,0.028090
16627,0.050220
16628,0.094633
16629,0.076416
16630,0.026911
16631,-0.006160
16632,0.005205
16633,-0.029069
16634,-0.032605
16635,-0.010033
16636,-0.019369
16637,-0.008454
16638,-0.010581
16639,0.064439
16640,0.095322
16641,-0.005289
16642,-0.053648
16643,-0.010630
16644,-0.040707
16645,-0.009261
16646,0.033520
16647,-0.029764
16648,-0.055089
16649,-0.036351
16650,-0.035870
16651,0.017463
16652,0.074100
16653,0.075898
16654,0.086030
16655,0.032903
16656,-0.036943
16657,-0.028018
16658,-0.001689
16659,0.018378
16660,-0.001581
16661,-0.001091
16662,0.002684
16663,-0.020062
16664,-0.042418
16665,-0.040332
16666,-0.021358
16667,-0.035961
16668,-0.003673
16669,0.035765
16670,0.047884
16671,0.049471
16672,0.018225
16673,0.011225
16674,-0.032691
16675,-0.053941
16676,-0.050164
16677,-0.049666
16678,-0.049771
16679,-0.001970
16680,0.026168
16681,0.024537
16682,0.037554
16683,0.035948
16684,0.018665
16685,0.002465
16686,-0.040953
16687,-0.007442
16688,0.011870
16689,0.015574
16690,-0.026550
16691,0.014922
16692,0.041810
16693,-0.003385
16694,0.035847
16695,0.040780
16696,-0.068661
16697,-0.081645
16698,-0.058702
16699,-0.019753
16700,-0.006062
16701,-0.007549
16702,0.015375
16703,0.002574
16704,-0.007159
16705,-0.009902
16706,0.001125
16707,0.008463
16708,0.027682
16709,0.038347
16710,0.052660
16711,0.058451
16712,0.073555
16713,0.007394
16714,-0.070753
16715,-0.074764
16716,-0.035909
16717,0.033488
16718,0.074082
16719,0.006798
16720,-0.006747
16721,-0.026854
16722,-0.042153
16723,-0.036552
16724,-0.031482
16725,0.008445
16726,0.034202
16727,0.026733
16728,0.025673
16729,-0.007799
16730,-0.002169
16731,0.018912
16732,-0.010789
16733,-0.015114
16734,-0.048705
16735,-0.030757
16736,-0.023776
16737,-0.043292
16738,-0.009414
16739,0.007674
16740,-0.016396
16741,-0.007762
16742,0.018913
16743,0.077749
16744,0.083696
16745,0.051731
16746,0.018392
16747,-0.024603
16748,-0.013724
16749,-0.015445
16750,-0.032783
16751,-0.081096
16752,-0.103032
16753,-0.113357
16754,-0.027688
16755,0.063626
16756,0.154158
16757,0.130114
16758,0.076067
16759,0.027618
16760,-0.030188
16761,-0.027494
16762,-0.070274
16763,-0.086532
16764,-0.067927
16765,-0.061945
16766,-0.049698
16767,0.040149
16768,0.067988
16769,0.041517
16770,0.067052
16771,0.053234
16772,-0.000143
16773,0.002581
16774,-0.006441
16775,-0.007682
16776,0.004664
16777,-0.003740
16778,-0.063293
16779,-0.115027
16780,-0.050721
16781,0.031890
16782,0.054312
16783,0.071334
16784,0.085654
16785,0.056039
16786,-0.023860
16787,-0.088265
16788,-0.110817
16789,-0.096775
16790,-0.016906
16791,0.074499
16792,0.073269
16793,-0.011073
16794,-0.029216
16795,-0.012520
16796,0.017905
16797,0.041951
16798,0.019348
16799,0.059991
16800,0.064456
16801,0.032979
16802,0.010525
16803,-0.014692
16804,-0.055020
16805,-0.088070
16806,-0.046950
16807,-0.056008
16808,-0.081024
16809,-0.074531
16810,-0.048082
16811,-0.021082
16812,0.016081
16813,0.073697
16814,0.084960
16815,0.081881
16816,0.117150
16817,0.101647
16818,0.007348
16819,-0.059050
16820,-0.062050
16821,-0.067321
16822,-0.045973
16823,-0.011244
16824,0.018629
16825,0.022458
16826,0.030644
16827,0.023866
16828,0.004499
16829,0.025361
16830,-0.018813
16831,-0.025682
16832,-0.040348
16833,-0.049318
16834,-0.016256
16835,0.001430
16836,0.005833
16837,0.062075
16838,0.107193
16839,0.027322
16840,-0.049925
16841,-0.097751
16842,-0.127993
16843,-0.094776
16844,-0.013280
16845,0.048998
16846,0.075951
16847,0.099564
16848,0.060099
16849,0.043879
16850,0.041059
16851,-0.005380
16852,-0.024457
16853,-0.019107
16854,-0.009242
16855,0.000774
16856,0.032689
16857,0.012729
16858,-0.027999
16859,-0.069363
16860,-0.060079
16861,-0.023363
16862,0.015082
16863,0.050773
16864,0.098618
16865,0.036813
16866,-0.022767
16867,-0.096965
16868,-0.108100
16869,-0.040536
16870,0.015781
16871,0.054498
16872,0.045152
16873,0.014473
16874,0.019530
16875,0.026915
16876,-0.049203
16877,-0.015604
16878,0.052221
16879,0.059061
16880,0.045319
16881,0.003804
16882,-0.016797
16883,-0.050869
16884,-0.058444
16885,-0.062863
16886,0.009818
16887,-0.034585
16888,-0.032876
16889,0.024140
16890,0.027294
16891,0.052887
16892,-0.019524
16893,-0.054734
16894,-0.016932
16895,-0.004120
16896,0.007810
16897,0.038271
16898,0.052307
16899,0.037757
16900,0.058135
16901,0.018975
16902,-0.043362
16903,-0.063099
16904,-0.085064
16905,-0.086926
16906,0.014636
16907,0.056896
16908,0.003279
16909,0.045230
16910,0.022354
16911,0.014680
16912,0.004897
16913,-0.002546
16914,0.012013
16915,0.020973
16916,0.046764
16917,0.021038
16918,-0.015060
16919,-0.048065
16920,-0.085873
16921,-0.091382
16922,-0.039936
16923,-0.006453
16924,0.039890
16925,0.054711
16926,0.064948
16927,0.024707
16928,-0.034872
16929,-0.019071
16930,-0.019618
16931,0.024849
16932,0.029883
16933,0.001272
16934,0.012443
16935,-0.054175
16936,-0.062072
16937,0.007853
16938,-0.003236
16939,0.019378
16940,0.050790
16941,0.032904
16942,-0.061837
16943,-0.051471
16944,-0.008498
16945,-0.017426
16946,0.014567
16947,0.008787
16948,0.025494
16949,-0.013171
16950,-0.017497
16951,0.013618
16952,0.012108
16953,0.043160
16954,0.034844
16955,0.062960
16956,0.052394
16957,0.000013
16958,-0.014429
16959,-0.046246
16960,-0.077704
16961,-0.082817
16962,-0.029477
16963,-0.011706
16964,0.015846
16965,0.040079
16966,0.047600
16967,0.024755
16968,-0.018503
16969,-0.018252
16970,-0.010476
16971,-0.018459
16972,0.034520
16973,0.032240
16974,-0.005878
16975,0.006125
16976,0.061802
16977,0.002792
16978,-0.029588
16979,-0.048662
16980,-0.024050
16981,-0.037998
16982,-0.039901
16983,0.035256
16984,0.035857
16985,0.038767
16986,0.057686
16987,0.003911
16988,-0.028271
16989,-0.007821
16990,-0.039668
16991,-0.025848
16992,0.000986
16993,-0.003306
16994,-0.015837
16995,-0.017929
16996,0.043446
16997,0.006262
16998,-0.028134
16999,-0.002265
17000,0.014216
17001,0.032706
17002,-0.059624
17003,-0.050882
17004,0.005501
17005,-0.032407
17006,0.048760
17007,0.095635
17008,0.027199
17009,0.007137
17010,-0.054876
17011,-0.047418
17012,-0.034855
17013,-0.026543
17014,0.024811
17015,0.052930
17016,-0.004872
17017,-0.035611
17018,-0.001309
17019,0.012235
17020,0.018769
17021,0.029381
17022,0.038280
17023,0.018132
17024,0.022403
17025,-0.005548
17026,-0.062512
17027,-0.066629
17028,-0.059269
17029,0.026062
17030,0.118287
17031,0.092065
17032,0.023417
17033,-0.005787
17034,-0.059765
17035,-0.082265
17036,-0.065653
17037,-0.062204
17038,0.019474
17039,0.063074
17040,0.026985
17041,0.030596
17042,0.008695
17043,-0.014382
17044,-0.007533
17045,0.054084
17046,-0.018727
17047,-0.038786
17048,-0.039730
17049,-0.025757
17050,-0.000971
17051,-0.017728
17052,0.040167
17053,0.077243
17054,0.012891
17055,-0.016212
17056,-0.065547
17057,-0.045632
17058,-0.049779
17059,-0.004102
17060,0.037718
17061,0.030047
17062,0.002514
17063,0.004226
17064,0.003751
17065,0.051403
17066,0.025050
17067,-0.015024
17068,0.001251
17069,-0.019230
17070,-0.007508
17071,-0.038547
17072,0.006599
17073,0.024082
17074,0.054001
17075,0.042174
17076,-0.042639
17077,-0.029994
17078,0.002625
17079,0.029794
17080,0.065087
17081,0.040758
17082,-0.039003
17083,-0.036291
17084,-0.030132
17085,-0.037060
17086,-0.059945
17087,-0.076608
17088,-0.016648
17089,0.026718
17090,0.063490
17091,0.016705
17092,-0.009065
17093,0.006866
17094,-0.031757
17095,-0.016373
17096,-0.000615
17097,-0.018833
17098,0.000928
17099,-0.017274
17100,0.024808
17101,0.018369
17102,0.000997
17103,-0.040166
17104,-0.002228
17105,0.051134
17106,0.050064
17107,0.020990
17108,-0.001156
17109,0.004544
17110,-0.054054
17111,-0.093519
17112,0.046919
17113,0.049138
17114,0.015380
17115,0.001762
17116,-0.004551
17117,-0.000606
17118,-0.005870
17119,-0.022943
17120,-0.042651
17121,-0.024846
17122,0.006152
17123,0.067174
17124,0.077188
17125,0.050113
17126,0.049686
17127,0.009248
17128,-0.004255
17129,-0.003358
17130,-0.024728
17131,-0.047675
17132,-0.031757
17133,-0.045818
17134,-0.014312
17135,0.019214
17136,0.010942
17137,-0.053789
17138,-0.082511
17139,-0.061567
17140,-0.025717
17141,0.011239
17142,-0.013538
17143,-0.028631
17144,0.058673
17145,0.079315
17146,0.088007
17147,0.079530
17148,0.040143
17149,-0.022852
17150,-0.100060
17151,-0.080434
17152,-0.044832
17153,-0.005634
17154,0.029855
17155,0.062678
17156,0.084086
17157,0.035826
17158,-0.020191
17159,-0.021480
17160,0.002815
17161,-0.008069
17162,0.017004
17163,-0.007615
17164,-0.021320
17165,-0.004878
17166,0.013453
17167,0.004463
17168,0.004159
17169,0.009745
17170,-0.016960
17171,-0.002807
17172,-0.028493
17173,0.000405
17174,0.000531
17175,-0.041896
17176,-0.046748
17177,-0.021222
17178,-0.008418
17179,0.051986
17180,-0.018326
17181,0.020255
17182,0.080378
17183,0.046472
17184,0.008122
17185,-0.020162
17186,-0.028946
17187,-0.024168
17188,-0.052848
17189,-0.048872
17190,-0.070772
17191,-0.077965
17192,-0.036239
17193,0.037627
17194,0.050737
17195,0.025865
17196,0.098331
17197,0.072007
17198,0.010891
17199,-0.007045
17200,-0.006503
17201,-0.019038
17202,-0.009555
17203,-0.005555
17204,0.043851
17205,0.053708
17206,-0.003152
17207,0.017989
17208,0.005316
17209,-0.008150
17210,0.006051
17211,-0.004970
17212,-0.012421
17213,0.020413
17214,-0.006710
17215,-0.019064
17216,-0.060021
17217,-0.080509
17218,-0.039203
17219,0.026197
17220,0.025879
17221,0.021540
17222,0.008229
17223,0.011847
17224,-0.003006
17225,-0.033213
17226,0.006200
17227,0.015958
17228,-0.008959
17229,-0.050323
17230,-0.037248
17231,-0.037420
17232,-0.003188
17233,0.019327
17234,0.014666
17235,-0.046866
17236,-0.023046
17237,0.008333
17238,0.023923
17239,0.039006
17240,-0.024868
17241,0.015873
17242,0.059492
17243,0.034524
17244,0.045958
17245,-0.007630
17246,-0.056411
17247,-0.013634
17248,0.008543
17249,0.000942
17250,0.020202
17251,0.009678
17252,0.025758
17253,0.022928
17254,0.028517
17255,0.054874
17256,0.000956
17257,0.015545
17258,-0.006494
17259,-0.029094
17260,-0.029186
17261,-0.019151
17262,-0.045500
17263,-0.017050
17264,-0.017621
17265,-0.020086
17266,0.027007
17267,-0.003407
17268,-0.005017
17269,-0.006825
17270,-0.029342
17271,-0.028800
17272,-0.020564
17273,-0.003116
17274,-0.025035
17275,-0.014141
17276,0.036959
17277,0.061253
17278,0.019096
17279,0.002292
17280,-0.037672
17281,-0.043154
17282,-0.009229
17283,-0.030102
17284,-0.015166
17285,-0.002469
17286,0.016501
17287,0.062827
17288,0.055412
17289,0.003601
17290,0.017816
17291,-0.017136
17292,-0.037067
17293,0.004487
17294,-0.008059
17295,-0.051697
17296,-0.008192
17297,0.021744
17298,0.045042
17299,0.069755
17300,0.037893
17301,0.018288
17302,-0.014706
17303,-0.027378
17304,-0.011828
17305,-0.024331
17306,0.007031
17307,0.000367
17308,0.039988
17309,0.011140
17310,-0.006138
17311,-0.036291
17312,-0.032521
17313,-0.020159
17314,-0.026324
17315,-0.055788
17316,-0.065311
17317,-0.033124
17318,0.013569
17319,0.064015
17320,0.022336
17321,0.021915
17322,-0.009170
17323,-0.017264
17324,0.013644
17325,0.034559
17326,0.049630
17327,0.043809
17328,0.080681
17329,0.031292
17330,-0.020603
17331,-0.030178
17332,-0.083088
17333,-0.080903
17334,-0.032126
17335,0.017413
17336,-0.001749
17337,-0.012862
17338,-0.016854
17339,-0.001233
17340,-0.015320
17341,0.002569
17342,0.008224
17343,0.020256
17344,0.034806
17345,-0.018463
17346,-0.053039
17347,0.044145
17348,0.050568
17349,-0.023370
17350,-0.031676
17351,-0.012307
17352,-0.010917
17353,-0.015488
17354,0.026050
17355,0.078644
17356,0.060673
17357,0.081944
17358,0.079797
17359,-0.026239
17360,-0.132208
17361,-0.125039
17362,-0.037387
17363,-0.007907
17364,0.006492
17365,0.005554
17366,0.014853
17367,-0.014650
17368,0.032900
17369,0.107587
17370,0.125336
17371,0.058406
17372,-0.011282
17373,-0.058715
17374,-0.059836
17375,0.001146
17376,0.020944
17377,-0.003320
17378,-0.062738
17379,-0.070437
17380,-0.048606
17381,-0.008093
17382,0.021146
17383,0.022224
17384,0.013934
17385,-0.014338
17386,-0.067685
17387,-0.037014
17388,-0.033183
17389,-0.017599
17390,0.039896
17391,0.039915
17392,0.009304
17393,0.013432
17394,0.026291
17395,0.064544
17396,0.085293
17397,0.084173
17398,-0.002421
17399,-0.044954
17400,-0.072578
17401,-0.071321
17402,0.001192
17403,-0.023466
17404,-0.002553
17405,-0.014193
17406,-0.023197
17407,0.002903
17408,-0.014868
17409,0.011933
17410,0.012566
17411,0.069807
17412,0.068906
17413,0.067282
17414,0.043883
17415,583.686707
17416,544.268188
17417,7.270730
17418,298.404266
17419,-28.279398
17420,-9.659821
17421,11.240723
17422,21.699722
17423,5.508859
17424,-0.185428
17425,-7.628895
17426,-13.193816
17427,8.526846
17428,30.081621
17429,35.406570
17430,4.800413
17431,-26.165751
17432,-41.908394
17433,-41.500843
17434,-22.889071
17435,-23.836403
17436,7.007838
17437,31.147484
17438,24.345268
17439,24.336300
17440,24.179743
17441,32.439102
17442,37.209190
17443,22.707121
17444,-21.773413
17445,-27.400402
17446,-12.928170
17447,-16.873953
17448,-34.798504
17449,-43.865971
17450,-42.641232
17451,-6.357400
17452,12.593879
17453,18.296787
17454,16.769415
17455,12.138871
17456,23.645355
17457,55.239399
17458,44.922375
17459,6.827934
17460,-5.860434
17461,0.186520
17462,-14.586637
17463,-29.917988
17464,-26.125090
17465,-23.100130
17466,-22.543631
17467,-24.534245
17468,-3.829378
17469,-0.035949
17470,-0.077674
17471,-0.060324
17472,-0.049416
17473,-0.030646
17474,0.026784
17475,0.009250
17476,-0.018640
17477,-0.047709
17478,-0.045660
17479,-0.083800
17480,-0.017977
17481,0.054832
17482,0.094088
17483,0.103162
17484,0.029654
17485,0.011769
17486,-0.001476
17487,-0.033932
17488,-0.036212
17489,-0.033801
17490,0.022075
17491,0.061874
17492,0.029285
17493,-0.032145
17494,-0.033419
17495,-0.023801
17496,-0.041056
17497,-0.022800
17498,0.028832
17499,0.064857
17500,0.071340
17501,0.081544
17502,-0.018594
17503,-0.081732
17504,-0.106027
17505,-0.072935
17506,0.003366
17507,0.018474
17508,0.038194
17509,0.048457
17510,-0.005969
17511,-0.004398
17512,-0.024187
17513,-0.002264
17514,0.022577
17515,0.015226
17516,0.021246
17517,0.055614
17518,-0.020081
17519,-0.054307
17520,-0.073378
17521,-0.085207
17522,-0.024511
17523,0.024438
17524,-0.000029
17525,0.038268
17526,0.062245
17527,0.074615
17528,0.058757
17529,0.017106
17530,-0.019331
17531,-0.034389
17532,-0.014005
17533,0.001951
17534,-0.014828
17535,-0.011451
17536,-0.013484
17537,-0.050936
17538,-0.039174
17539,-0.021273
17540,0.053626
17541,0.044087
17542,-0.017907
17543,0.016865
17544,-0.026556
17545,-0.026401
17546,-0.021944
17547,-0.044596
17548,0.018895
17549,0.056729
17550,0.041443
17551,0.057823
17552,0.061612
17553,0.079103
17554,0.012061
17555,-0.052426
17556,-0.116499
17557,-0.112380
17558,-0.044518
17559,0.035897
17560,0.072688
17561,0.087255
17562,0.049515
17563,0.021294
17564,-0.021569
17565,-0.048522
17566,-0.029134
17567,-0.029835
17568,-0.031800
17569,-0.008190
17570,-0.014734
17571,-0.025194
17572,0.002834
17573,-0.029106
17574,-0.040586
17575,0.012264
17576,0.039556
17577,0.015501
17578,0.025136
17579,0.040074
17580,0.070689
17581,0.072751
17582,0.006779
17583,-0.033893
17584,-0.109680
17585,-0.121358
17586,-0.079639
17587,-0.054013
17588,0.045553
17589,0.099211
17590,0.100039
17591,0.058595
17592,0.028188
17593,-0.032695
17594,-0.066170
17595,-0.092682
17596,-0.094344
17597,-0.040606
17598,0.013076
17599,0.041276
17600,0.032949
17601,0.044454
17602,0.068438
17603,0.087666
17604,0.050896
17605,0.031087
17606,-0.011579
17607,-0.001331
17608,-0.048221
17609,-0.067547
17610,-0.017922
17611,-0.009043
17612,0.028046
17613,0.013386
17614,0.018051
17615,0.016987
17616,-0.002935
17617,-0.022153
17618,-0.031150
17619,-0.013028
17620,-0.029491
17621,-0.071609
17622,-0.017791
17623,0.036561
17624,0.052526
17625,0.058627
17626,0.050467
17627,0.031997
17628,-0.000390
17629,-0.038507
17630,-0.039249
17631,-0.074604
17632,-0.012146
17633,0.019608
17634,0.000843
17635,0.016581
17636,0.025497
17637,-0.024049
17638,-0.035502
17639,0.018513
17640,0.040059
17641,0.000793
17642,-0.029186
17643,-0.036573
17644,0.013197
17645,0.042433
17646,0.057746
17647,0.085225
17648,0.001277
17649,-0.041862
17650,-0.030067
17651,-0.042418
17652,-0.071545
17653,-0.045014
17654,0.007506
17655,0.030608
17656,0.017954
17657,0.041686
17658,0.002598
17659,-0.019752
17660,0.015232
17661,0.002930
17662,0.020208
17663,0.020143
17664,-0.033238
17665,-0.037273
17666,-0.075430
17667,-0.020522
17668,0.056840
17669,0.054032
17670,0.033977
17671,-0.012092
17672,-0.008753
17673,-0.057536
17674,-0.047150
17675,-0.011165
17676,-0.007893
17677,0.039157
17678,0.064072
17679,-0.017634
17680,0.027686
17681,0.001565
17682,-0.007598
17683,-0.001487
17684,0.013051
17685,0.007819
17686,0.000564
17687,-0.038856
17688,-0.031246
17689,-0.046242
17690,0.034511
17691,0.087344
17692,0.027922
17693,0.002338
17694,-0.027213
17695,-0.017326
17696,0.002164
17697,-0.054560
17698,-0.028916
17699,0.020116
17700,0.040559
17701,-0.001790
17702,0.024645
17703,0.021681
17704,-0.021057
17705,0.028378
17706,-0.001515
17707,-0.030625
17708,0.016059
17709,0.022838
17710,-0.045992
17711,-0.037536
17712,0.003694
17713,-0.015730
17714,-0.049761
17715,-0.026913
17716,-0.050748
17717,-0.004697
17718,0.023264
17719,0.003367
17720,0.001022
17721,-0.006572
17722,0.007436
17723,0.053562
17724,0.032135
17725,0.034842
17726,0.017069
17727,-0.014935
17728,-0.045205
17729,-0.002723
17730,-0.033195
17731,-0.016782
17732,0.019399
17733,0.029850
17734,0.081753
17735,0.059355
17736,0.000589
17737,-0.068402
17738,-0.029194
17739,-0.060508
17740,-0.039254
17741,0.018035
17742,0.054568
17743,0.057104
17744,-0.016687
17745,-0.043799
17746,-0.043272
17747,-0.057054
17748,-0.068073
17749,0.013917
17750,0.046242
17751,0.060935
17752,0.083503
17753,0.049297
17754,-0.015530
17755,-0.039333
17756,-0.033849
17757,-0.032541
17758,-0.043427
17759,0.014362
17760,0.023468
17761,0.034033
17762,0.049243
17763,-0.015384
17764,-0.040322
17765,-0.077668
17766,-0.045864
17767,-0.019282
17768,-0.022752
17769,0.036325
17770,0.017689
17771,0.001643
17772,-0.010098
17773,-0.013845
17774,-0.009402
17775,0.001721
17776,-0.004172
17777,0.058810
17778,0.048511
17779,0.052999
17780,0.102556
17781,0.049381
17782,-0.033914
17783,-0.041287
17784,-0.059646
17785,-0.100052
17786,-0.076514
17787,0.013290
17788,0.091400
17789,0.034727
17790,0.010637
17791,-0.009823
17792,0.006979
17793,-0.000852
17794,-0.015155
17795,0.028958
17796,0.032949
17797,-0.027651
17798,-0.017925
17799,0.002769
17800,-0.016904
17801,-0.015613
17802,-0.022522
17803,-0.021763
17804,-0.002410
17805,-0.007356
17806,0.020669
17807,-0.012586
17808,-0.039952
17809,0.015404
17810,0.010446
17811,0.049798
17812,0.054548
17813,0.061155
17814,0.032362
17815,-0.008673
17816,-0.047953
17817,-0.069223
17818,-0.068551
17819,614.483765
17820,556.893616
17821,7.664408
17822,248.049332
17823,-8.052060
17824,-47.172199
17825,-48.755630
17826,-26.508783
17827,4.519107
17828,25.038374
17829,23.384029
17830,1.544209
17831,-9.328882
17832,-0.308538
17833,15.127222
17834,20.650881
17835,16.458809
17836,2.936130
17837,-9.414284
17838,-11.172195
17839,-0.855325
17840,1.029474
17841,-8.492197
17842,-16.477566
17843,-8.374644
17844,-3.602558
17845,-3.660218
17846,-13.794529
17847,-15.733426
17848,-10.028547
17849,8.084741
17850,22.393026
17851,29.473164
17852,12.335391
17853,-6.907125
17854,-11.038097
17855,-20.466026
17856,-6.142017
17857,21.087202
17858,21.738382
17859,14.770521
17860,9.888043
17861,-3.007179
17862,-16.592194
17863,-17.796379
17864,-20.589334
17865,-14.626423
17866,-11.258241
17867,-15.436638
17868,-10.286287
17869,1.557575
17870,25.491114
17871,33.166733
17872,28.457644
17873,-0.011968
17874,-0.011090
17875,0.005409
17876,0.020762
17877,0.021936
17878,0.024677
17879,-0.016581
17880,0.012266
17881,0.043144
17882,0.024862
17883,-0.023366
17884,-0.060226
17885,-0.032653
17886,-0.024690
17887,-0.033173
17888,-0.027799
17889,0.021619
17890,0.032043
17891,0.030658
17892,0.013395
17893,-0.012140
17894,-0.027732
17895,-0.027120
17896,0.035482
17897,0.030554
17898,0.038241
17899,0.056847
17900,0.012258
17901,-0.041613
17902,-0.042367
17903,-0.066630
17904,-0.055276
17905,-0.017855
17906,0.035977
17907,0.044612
17908,0.020755
17909,-0.026952
17910,-0.047608
17911,-0.059395
17912,-0.008729
17913,0.069457
17914,0.052424
17915,-0.019234
17916,0.008605
17917,0.019054
17918,0.031373
17919,0.045704
17920,0.053003
17921,0.049368
17922,-0.038543
17923,-0.036135
17924,-0.022442
17925,-0.058941
17926,-0.040866
17927,0.005348
17928,0.003770
17929,0.026142
17930,0.025928
17931,0.012563
17932,-0.016947
17933,-0.017231
17934,0.000606
17935,-0.048332
17936,-0.032132
17937,0.023021
17938,0.042162
17939,0.008355
17940,0.013700
17941,0.031993
17942,0.008574
17943,0.024829
17944,-0.021281
17945,-0.047643
17946,-0.087197
17947,-0.080691
17948,-0.018417
17949,0.053221
17950,0.072741
17951,0.088269
17952,0.046581
17953,0.002626
17954,-0.080141
17955,-0.042999
17956,-0.008116
17957,0.001304
17958,0.017687
17959,0.013697
17960,0.017230
17961,0.010743
17962,-0.008298
17963,-0.025084
17964,-0.063246
17965,-0.062850
17966,-0.016689
17967,0.033636
17968,0.085076
17969,0.073686
17970,0.016396
17971,-0.019149
17972,0.003421
17973,-0.006716
17974,-0.010552
17975,-0.024314
17976,-0.019496
17977,0.000181
17978,-0.016237
17979,-0.034092
17980,-0.015479
17981,-0.013743
17982,-0.076609
17983,-0.034360
17984,0.033388
17985,0.081959
17986,0.073344
17987,0.062056
17988,0.010711
17989,-0.027301
17990,-0.050298
17991,-0.062826
17992,-0.028226
17993,0.005244
17994,0.048961
17995,0.077787
17996,0.046973
17997,0.034513
17998,-0.013826
17999,-0.052690
18000,-0.071079
18001,-0.049232
18002,-0.005780
18003,0.008943
18004,-0.000212
18005,-0.001781
18006,0.055678
18007,0.048098
18008,0.053470
18009,0.030630
18010,-0.005280
18011,-0.061887
18012,-0.087680
18013,-0.078923
18014,-0.053149
18015,-0.015839
18016,0.041925
18017,0.042839
18018,0.002228
18019,0.019885
18020,0.087640
18021,0.024571
18022,-0.045997
18023,-0.080338
18024,-0.064362
18025,-0.031236
18026,0.010037
18027,0.090859
18028,0.074808
18029,0.045076
18030,0.066601
18031,0.020531
18032,-0.024335
18033,-0.053965
18034,-0.039880
18035,-0.023331
18036,-0.049102
18037,-0.058755
18038,-0.043722
18039,-0.040552
18040,-0.057618
18041,0.012659
18042,0.055658
18043,0.079453
18044,0.079752
18045,0.013284
18046,-0.003061
18047,0.048421
18048,0.016886
18049,0.007197
18050,0.029969
18051,-0.012943
18052,-0.006493
18053,-0.056516
18054,-0.047527
18055,0.003527
18056,-0.030763
18057,-0.019687
18058,0.018449
18059,0.027222
18060,0.040952
18061,0.034592
18062,0.004826
18063,-0.001321
18064,-0.071295
18065,-0.069093
18066,-0.060585
18067,-0.009619
18068,0.030890
18069,0.034576
18070,0.029758
18071,0.030109
18072,0.002474
18073,-0.008815
18074,0.010941
18075,-0.017469
18076,0.020821
18077,0.020918
18078,-0.008752
18079,0.014943
18080,0.032399
18081,0.072941
18082,0.061220
18083,-0.008489
18084,-0.056538
18085,-0.118214
18086,-0.102147
18087,-0.097967
18088,-0.018352
18089,0.029668
18090,0.026001
18091,0.027445
18092,0.055047
18093,0.082639
18094,0.043781
18095,0.021195
18096,0.001433
18097,0.008239
18098,-0.015528
18099,-0.015633
18100,-0.054545
18101,-0.068711
18102,-0.003254
18103,0.055969
18104,0.079293
18105,0.014477
18106,-0.006235
18107,-0.018566
18108,-0.030374
18109,-0.004042
18110,0.014054
18111,-0.012317
18112,0.005466
18113,-0.004909
18114,0.015949
18115,0.039059
18116,-0.017873
18117,-0.017899
18118,-0.045785
18119,-0.068465
18120,-0.018666
18121,-0.059237
18122,-0.072811
18123,-0.007091
18124,0.056699
18125,0.030408
18126,0.013159
18127,-0.007422
18128,-0.008521
18129,0.018305
18130,-0.015430
18131,-0.016349
18132,0.087073
18133,0.071577
18134,0.057983
18135,-0.003682
18136,-0.090873
18137,-0.066357
18138,-0.023288
18139,0.003788
18140,-0.016496
18141,-0.039780
18142,0.013430
18143,0.015603
18144,-0.015724
18145,0.005948
18146,0.029874
18147,0.026667
18148,0.009702
18149,-0.002032
18150,0.007220
18151,-0.029573
18152,-0.020179
18153,0.015156
18154,-0.005122
18155,-0.006643
18156,0.017237
18157,0.059103
18158,0.019410
18159,0.037498
18160,0.071923
18161,0.058427
18162,-0.023768
18163,-0.069002
18164,-0.108822
18165,-0.103767
18166,-0.125088
18167,-0.059428
18168,0.076209
18169,0.092454
18170,0.096421
18171,0.073772
18172,0.012308
18173,0.006665
18174,-0.023107
18175,-0.021775
18176,0.000757
18177,-0.056554
18178,-0.061964
18179,-0.001722
18180,-0.024735
18181,-0.061704
18182,-0.020509
18183,0.021852
18184,0.031806
18185,0.027367
18186,0.059470
18187,0.017250
18188,0.023658
18189,0.086373
18190,0.059407
18191,-0.010092
18192,-0.097022
18193,-0.108002
18194,-0.036460
18195,-0.033120
18196,-0.039241
18197,-0.002519
18198,0.036517
18199,0.012180
18200,0.013837
18201,-0.010399
18202,0.001112
18203,0.040439
18204,0.081922
18205,0.078525
18206,0.014273
18207,-0.059401
18208,-0.092369
18209,-0.031796
18210,-0.005432
18211,-0.019472
18212,-0.007191
18213,0.023639
18214,0.025470
18215,0.007961
18216,-0.013546
18217,-0.063976
18218,-0.038642
18219,-0.008402
18220,0.013416
18221,0.074115
18222,0.071433
18223,0.043856
18224,0.071275
18225,0.027409
18226,0.016550
18227,-0.017355
18228,-0.096692
18229,-0.086633
18230,-0.121818
18231,-0.092114
18232,0.009085
18233,-0.041913
18234,-0.036859
18235,0.029399
18236,0.019889
18237,0.111149
18238,0.158216
18239,0.100249
18240,0.020358
18241,0.002008
18242,-0.088393
18243,-0.076904
18244,-0.009235
18245,0.008870
18246,0.028501
18247,0.076961
18248,0.025942
18249,-0.058785
18250,-0.099171
18251,-0.074091
18252,-0.048239
18253,-0.004059
18254,0.027688
18255,0.034320
18256,0.021433
18257,0.016783
18258,0.054161
18259,0.013328
18260,0.008746
18261,0.019113
18262,0.042657
18263,-0.035235
18264,-0.083513
18265,-0.094648
18266,-0.073489
18267,-0.058956
18268,0.052321
18269,0.127502
18270,0.094919
18271,0.103074
18272,0.068827
18273,-0.045748
18274,-0.079109
18275,-0.144171
18276,-0.127903
18277,-0.068616
18278,-0.070695
18279,-0.017987
18280,0.070456
18281,0.096294
18282,0.119890
18283,0.097491
18284,0.030315
18285,0.004011
18286,-0.011223
18287,-0.021583
18288,-0.070294
18289,-0.033349
18290,-0.036853
18291,-0.004260
18292,0.018292
18293,0.078722
18294,0.068929
18295,0.034112
18296,-0.020936
18297,-0.054091
18298,-0.028407
18299,-0.036032
18300,-0.052472
18301,-0.034014
18302,0.007631
18303,0.013491
18304,0.018225
18305,-0.003397
18306,0.002911
18307,0.059032
18308,0.002747
18309,0.046452
18310,0.008910
18311,-0.070577
18312,-0.024162
18313,-0.037436
18314,-0.093976
18315,-0.063890
18316,-0.007541
18317,0.051976
18318,0.129462
18319,0.052775
18320,-0.019940
18321,-0.062335
18322,-0.034000
18323,-0.024085
18324,-0.005765
18325,0.043394
18326,0.012624
18327,-0.037615
18328,-0.056399
18329,-0.037058
18330,0.084359
18331,0.083201
18332,0.019993
18333,0.043511
18334,-0.018431
18335,-0.026124
18336,-0.001565
18337,-0.009662
18338,-0.013885
18339,-0.031418
18340,-0.020238
18341,0.013335
18342,-0.003379
18343,0.054995
18344,0.090256
18345,0.032720
18346,-0.014162
18347,-0.069644
18348,-0.034568
18349,0.024047
18350,-0.005997
18351,-0.021258
18352,-0.049605
18353,-0.000145
18354,0.044568
18355,-0.002529
18356,-0.016016
18357,-0.034904
18358,0.011693
18359,0.014219
18360,0.002751
18361,0.051363
18362,0.041125
18363,-0.001485
18364,-0.049044
18365,-0.042872
18366,-0.050755
18367,-0.061347
18368,-0.024577
18369,-0.050455
18370,-0.066874
18371,-0.027612
18372,-0.009443
18373,0.046347
18374,0.064889
18375,0.080464
18376,0.047378
18377,0.059110
18378,-0.001474
18379,0.002900
18380,0.010923
18381,0.025647
18382,0.011123
18383,0.019411
18384,-0.024806
18385,-0.076255
18386,-0.062980
18387,-0.040896
18388,0.015044
18389,0.089120
18390,0.040617
18391,0.009818
18392,0.042553
18393,0.021479
18394,0.069910
18395,0.002721
18396,-0.082906
18397,-0.101335
18398,-0.054445
18399,0.023705
18400,0.021076
18401,0.010526
18402,0.028789
18403,0.012484
18404,0.032693
18405,0.039650
18406,-0.029902
18407,-0.012754
18408,-0.009279
18409,-0.041706
18410,-0.037906
18411,-0.033989
18412,-0.107804
18413,-0.043055
18414,-0.003767
18415,0.003321
18416,0.048097
18417,0.049565
18418,0.054272
18419,0.027450
18420,0.038986
18421,0.036657
18422,0.015395
18423,660.526855
18424,575.769226
18425,8.252975
18426,172.181259
18427,32.684059
18428,12.995023
18429,-4.408275
18430,-3.583067
18431,7.746851
18432,4.562052
18433,-12.452715
18434,-16.105629
18435,-17.173229
18436,-37.047672
18437,-51.906372
18438,-12.668550
18439,39.968506
18440,65.820450
18441,69.721756
18442,36.060158
18443,-8.948235
18444,-41.209335
18445,-58.717987
18446,-30.723789
18447,10.569580
18448,5.407814
18449,-10.020533
18450,-4.845797
18451,12.986216
18452,20.792389
18453,21.704451
18454,19.491703
18455,7.371350
18456,1.843318
18457,6.531929
18458,-29.757631
18459,-71.904076
18460,-61.969063
18461,-24.572754
18462,12.037704
18463,42.417381
18464,42.806152
18465,40.588383
18466,29.764832
18467,10.977410
18468,11.227245
18469,6.201577
18470,-13.066318
18471,-22.691252
18472,-30.623856
18473,-27.540020
18474,-14.521353
18475,-8.869702
18476,-4.393773
18477,0.001111
18478,-0.045640
18479,-0.086372
18480,-0.023269
18481,0.026317
18482,-0.036361
18483,-0.009819
18484,0.011912
18485,0.024782
18486,0.083421
18487,0.046083
18488,-0.005290
18489,-0.028428
18490,-0.016644
18491,0.010329
18492,-0.032890
18493,-0.019857
18494,-0.005470
18495,-0.011483
18496,0.024539
18497,0.046357
18498,0.075711
18499,0.078403
18500,0.006891
18501,-0.007429
18502,-0.034724
18503,-0.082308
18504,-0.074163
18505,-0.057638
18506,-0.030030
18507,-0.054823
18508,-0.111653
18509,-0.009259
18510,0.014797
18511,0.024450
18512,0.042250
18513,0.065895
18514,0.087573
18515,0.055779
18516,-0.037924
18517,-0.030929
18518,0.007804
18519,0.009703
18520,0.016269
18521,-0.006207
18522,0.018523
18523,0.002394
18524,0.016684
18525,0.030169
18526,0.040387
18527,-0.009886
18528,-0.027940
18529,-0.013827
18530,-0.016071
18531,-0.041363
18532,0.004074
18533,-0.005233
18534,0.028036
18535,0.023730
18536,-0.030122
18537,-0.061869
18538,-0.044834
18539,-0.034751
18540,-0.003415
18541,0.000761
18542,0.015848
18543,0.030048
18544,0.051677
18545,0.024673
18546,0.002070
18547,-0.009501
18548,0.020917
18549,0.000348
18550,0.005628
18551,0.020635
18552,0.035649
18553,-0.009857
18554,-0.020944
18555,-0.015707
18556,-0.034220
18557,-0.057395
18558,-0.027209
18559,-0.047344
18560,-0.030553
18561,0.025621
18562,0.083883
18563,0.069320
18564,0.027591
18565,-0.033161
18566,-0.078890
18567,-0.019889
18568,0.013368
18569,0.009153
18570,0.027801
18571,0.035081
18572,0.004065
18573,0.023204
18574,0.012814
18575,-0.007706
18576,-0.002680
18577,-0.009361
18578,0.030022
18579,0.013535
18580,0.016441
18581,0.029406
18582,-0.009624
18583,0.018219
18584,-0.013293
18585,-0.054585
18586,-0.074268
18587,-0.054111
18588,-0.074019
18589,-0.021219
18590,-0.003152
18591,-0.000707
18592,0.032493
18593,0.097942
18594,0.080400
18595,0.068982
18596,0.056933
18597,0.003552
18598,-0.036575
18599,-0.046741
18600,-0.086466
18601,-0.059025
18602,-0.057828
18603,-0.090589
18604,-0.050345
18605,0.014028
18606,0.079423
18607,0.128904
18608,0.086194
18609,0.026936
18610,-0.031094
18611,-0.012468
18612,-0.085862
18613,-0.043230
18614,0.000018
18615,-0.016126
18616,-0.020269
18617,-0.022054
18618,-0.006065
18619,0.033960
18620,-0.000216
18621,-0.022028
18622,-0.015846
18623,0.021572
18624,0.079074
18625,0.105489
18626,0.092922
18627,0.048881
18628,-0.036773
18629,-0.063697
18630,-0.056338
18631,-0.037463
18632,-0.069465
18633,-0.065303
18634,-0.030148
18635,-0.010505
18636,0.065532
18637,0.080182
18638,0.068002
18639,0.065234
18640,-0.004901
18641,-0.050569
18642,-0.034111
18643,-0.044510
18644,-0.034197
18645,-0.023921
18646,-0.031519
18647,-0.022931
18648,-0.060628
18649,-0.040658
18650,0.022378
18651,0.055637
18652,0.103940
18653,0.046033
18654,0.017263
18655,0.004494
18656,-0.028021
18657,0.002866
18658,0.012817
18659,0.013128
18660,-0.005561
18661,0.035737
18662,0.056346
18663,-0.035638
18664,-0.123082
18665,-0.060946
18666,-0.097911
18667,-0.041225
18668,-0.022610
18669,-0.005919
18670,0.046020
18671,0.085791
18672,0.092665
18673,0.089128
18674,0.040700
18675,0.030276
18676,0.040590
18677,-0.007888
18678,-0.006995
18679,-0.032535
18680,-0.057171
18681,-0.021515
18682,-0.067202
18683,-0.063213
18684,-0.038633
18685,0.008350
18686,-0.011573
18687,-0.018132
18688,-0.031561
18689,0.020202
18690,-0.015416
18691,0.010244
18692,0.052288
18693,0.040633
18694,0.038704
18695,0.043395
18696,0.019993
18697,-0.005857
18698,-0.039394
18699,-0.069463
18700,-0.024237
18701,0.007681
18702,-0.034390
18703,-0.065698
18704,-0.023401
18705,0.073731
18706,0.097211
18707,0.079558
18708,0.073525
18709,-0.003244
18710,-0.065815
18711,-0.073222
18712,-0.064381
18713,0.042067
18714,0.059736
18715,0.043680
18716,0.012797
18717,-0.035296
18718,-0.068454
18719,-0.038062
18720,-0.022740
18721,0.013485
18722,-0.025610
18723,0.004226
18724,0.019689
18725,0.001230
18726,0.059254
18727,0.027114
18728,0.045823
18729,0.012222
18730,-0.039207
18731,-0.082359
18732,-0.066898
18733,-0.009789
18734,0.055764
18735,0.052157
18736,-0.011491
18737,0.006030
18738,-0.036254
18739,-0.006276
18740,0.045401
18741,0.095792
18742,0.061640
18743,-0.001141
18744,-0.072160
18745,-0.059514
18746,-0.008181
18747,-0.026562
18748,0.016297
18749,-0.026747
18750,-0.049099
18751,-0.040437
18752,-0.008680
18753,-0.000855
18754,0.029802
18755,0.064405
18756,0.013945
18757,0.076857
18758,0.010501
18759,-0.003987
18760,-0.006079
18761,-0.051992
18762,-0.055518
18763,-0.081232
18764,-0.059606
18765,-0.060780
18766,0.012677
18767,0.041397
18768,0.086275
18769,0.080345
18770,0.090391
18771,0.045995
18772,0.039197
18773,-0.010196
18774,-0.046108
18775,-0.040817
18776,-0.114339
18777,-0.035079
18778,-0.036716
18779,-0.017846
18780,0.015563
18781,0.048723
18782,0.071997
18783,0.047666
18784,0.040707
18785,-0.011250
18786,-0.002919
18787,-0.017321
18788,-0.037352
18789,-0.047731
18790,-0.033821
18791,0.010949
18792,0.071402
18793,0.057138
18794,0.013469
18795,0.015046
18796,-0.059929
18797,-0.036038
18798,-0.009854
18799,-0.029968
18800,-0.045501
18801,-0.051321
18802,-0.027004
18803,0.037753
18804,0.068941
18805,0.061858
18806,0.054964
18807,-0.003869
18808,0.000370
18809,-0.021873
18810,-0.027739
18811,-0.008752
18812,0.003112
18813,0.005945
18814,-0.098100
18815,-0.040365
18816,0.020927
18817,0.020477
18818,0.042663
18819,0.059120
18820,0.016322
18821,-0.033983
18822,-0.030784
18823,-0.059438
18824,-0.020861
18825,-0.025214
18826,0.084766
18827,0.086453
18828,0.016711
18829,0.042750
18830,-0.012347
18831,-0.059071
18832,-0.037033
18833,-0.033461
18834,-0.138239
18835,-0.041683
18836,-0.031164
18837,0.042985
18838,0.028649
18839,0.008131
18840,0.087308
18841,0.018146
18842,-0.001397
18843,0.012558
18844,0.031286
18845,0.014156
18846,0.003748
18847,-0.044829
18848,0.012380
18849,-0.004824
18850,0.029292
18851,-0.002041
18852,-0.059776
18853,-0.038517
18854,-0.030771
18855,-0.006835
18856,0.050944
18857,0.049442
18858,0.047489
18859,0.013946
18860,0.015333
18861,0.047905
18862,-0.075029
18863,-0.067282
18864,-0.009973
18865,0.003342
18866,0.022487
18867,0.005061
18868,0.022723
18869,0.075037
18870,0.062102
18871,-0.049559
18872,-0.079165
18873,-0.060043
18874,-0.038138
18875,-0.017918
18876,-0.008777
18877,-0.051257
18878,0.022686
18879,0.050780
18880,0.003743
18881,0.006556
18882,0.013511
18883,-0.007051
18884,-0.000879
18885,-0.042053
18886,0.001289
18887,-0.017451
18888,0.006176
18889,-0.021094
18890,0.011375
18891,0.017450
18892,0.050517
18893,0.009562
18894,-0.021128
18895,-0.014696
18896,0.025254
18897,0.045127
18898,0.000979
18899,-0.008241
18900,0.046645
18901,0.042548
18902,0.045149
18903,0.040646
18904,-0.009100
18905,-0.067569
18906,-0.118602
18907,-0.076775
18908,-0.049900
18909,-0.016399
18910,0.040343
18911,0.045633
18912,0.030978
18913,-0.004269
18914,0.004620
18915,0.018531
18916,0.048511
18917,0.060741
18918,0.010439
18919,-0.035127
18920,-0.046604
18921,-0.052946
18922,-0.125047
18923,-0.079919
18924,-0.006319
18925,0.027150
18926,0.101703
18927,0.125904
18928,0.086533
18929,0.018753
18930,0.022518
18931,0.033526
18932,-0.005514
18933,-0.066215
18934,-0.039369
18935,-0.064505
18936,-0.084439
18937,-0.049281
18938,-0.031859
18939,0.007320
18940,0.007330
18941,0.029880
18942,0.087331
18943,0.034439
18944,-0.025677
18945,0.055069
18946,0.006323
18947,-0.005560
18948,0.063433
18949,0.088418
18950,0.038849
18951,-0.074830
18952,-0.133355
18953,-0.087808
18954,-0.081471
18955,-0.056237
18956,-0.001381
18957,0.049754
18958,0.028371
18959,0.030386
18960,0.014611
18961,-0.002558
18962,0.020638
18963,0.080207
18964,0.047336
18965,-0.028518
18966,-0.003529
18967,-0.086986
18968,-0.157015
18969,-0.092781
18970,0.020476
18971,0.085301
18972,0.091295
18973,0.103628
18974,0.081727
18975,0.013822
18976,-0.019046
18977,0.011130
18978,-0.000392
18979,-0.011465
18980,-0.079987
18981,-0.071658
18982,-0.074783
18983,-0.078599
18984,0.055665
18985,0.104930
18986,0.008550
18987,0.013196
18988,-0.024436
18989,-0.066807
18990,-0.031906
18991,-0.003892
18992,0.088022
18993,0.092219
18994,0.006088
18995,0.005095
18996,-0.047858
18997,-0.073271
18998,-0.026898
18999,0.059410
19000,0.092715
19001,0.031665
19002,0.015185
19003,-0.040237
19004,-0.095103
19005,-0.065894
19006,-0.065206
19007,-0.024925
19008,-0.007941
19009,0.005764
19010,0.043660
19011,0.047519
19012,0.024195
19013,0.046198
19014,0.043117
19015,0.012603
19016,0.027003
19017,-0.004030
19018,-0.012985
19019,-0.001677
19020,0.015712
19021,0.004427
19022,-0.070469
19023,-0.056860
19024,-0.082080
19025,-0.041366
19026,-0.012568
19027,-0.039739
19028,0.059650
19029,0.067181
19030,0.047378
19031,0.029927
19032,0.083221
19033,0.079406
19034,-0.030090
19035,-0.026046
19036,0.042438
19037,-0.014047
19038,-0.016526
19039,0.011370
19040,-0.027767
19041,-0.054787
19042,-0.054494
19043,-0.066065
19044,-0.026482
19045,-0.043213
19046,0.031901
19047,0.111688
19048,0.129654
19049,0.034334
19050,0.003606
19051,-0.024785
19052,-0.106655
19053,-0.097889
19054,-0.054576
19055,-0.034384
19056,-0.001150
19057,0.036786
19058,0.037344
19059,0.012094
19060,0.006934
19061,0.015254
19062,0.044899
19063,-0.004420
19064,-0.018702
19065,-0.009190
19066,-0.017722
19067,-0.014392
19068,-0.000991
19069,0.047594
19070,0.025567
19071,0.016483
19072,0.011169
19073,-0.044667
19074,-0.067897
19075,-0.062968
19076,-0.027327
19077,0.043976
19078,0.059723
19079,0.033453
19080,0.046451
19081,0.046784
19082,0.090375
19083,0.028767
19084,-0.101914
19085,-0.078525
19086,-0.056502
19087,-0.029864
19088,0.045622
19089,0.018072
19090,0.036711
19091,0.024085
19092,-0.025183
19093,0.022297
19094,-0.027827
19095,0.023497
19096,0.028360
19097,-0.032592
19098,-0.006484
19099,-0.048927
19100,-0.084348
19101,-0.001706
19102,-0.003958
19103,0.012871
19104,0.015573
19105,0.012423
19106,-0.006277
19107,0.003390
19108,0.007743
19109,0.021302
19110,0.018935
19111,0.008983
19112,0.022472
19113,0.047250
19114,0.043311
19115,-0.011818
19116,-0.028246
19117,-0.027677
19118,-0.025845
19119,-0.078657
19120,0.016630
19121,0.038466
19122,0.057923
19123,0.079864
19124,-0.014565
19125,-0.052186
19126,-0.061912
19127,-0.068143
19128,-0.062120
19129,-0.029336
19130,-0.020939
19131,0.001219
19132,0.029118
19133,0.064791
19134,0.063582
19135,-0.002233
19136,-0.039185
19137,-0.022437
19138,-0.017110
19139,0.034244
19140,0.046036
19141,-0.005237
19142,0.013121
19143,0.067711
19144,0.017220
19145,0.043634
19146,0.017023
19147,-0.002687
19148,-0.060403
19149,-0.140318
19150,-0.141157
19151,-0.105622
19152,0.005397
19153,0.083341
19154,0.085877
19155,0.052471
19156,0.034838
19157,-0.058953
19158,-0.052987
19159,0.038142
19160,0.058448
19161,0.040523
19162,-0.024195
19163,-0.026936
19164,0.039025
19165,0.042445
19166,-0.078318
19167,-0.032297
19168,0.030623
19169,0.092151
19170,0.051353
19171,0.008517
19172,-0.024395
19173,-0.027424
19174,0.005490
19175,-0.036699
19176,-0.021638
19177,-0.038980
19178,0.039952
19179,-0.012947
19180,-0.015881
19181,-0.055639
19182,-0.057902
19183,-0.034111
19184,-0.035751
19185,0.000453
19186,0.058621
19187,0.058139
19188,0.045739
19189,-0.004946
19190,-0.008272
19191,-0.060713
19192,-0.119983
19193,-0.044494
19194,-0.021968
19195,0.034389
19196,0.042499
19197,0.077781
19198,0.133526
19199,0.055445
19200,-0.015903
19201,-0.032526
19202,-0.058891
19203,-0.040146
19204,-0.027085
19205,-0.014983
19206,0.044808
19207,0.023463
19208,-0.007607
19209,-0.002389
19210,0.024344
19211,-0.003768
19212,-0.004663
19213,-0.009011
19214,-0.016455
19215,-0.035573
19216,0.007901
19217,0.002133
19218,0.017555
19219,0.019350
19220,0.036022
19221,0.058646
19222,0.053867
19223,-0.019842
19224,0.011567
19225,-0.017320
19226,-0.069713
19227,-0.095824
19228,-0.043469
19229,-0.034319
19230,0.005376
19231,0.043352
19232,0.061828
19233,0.033146
19234,0.017686
19235,-0.010186
19236,-0.061284
19237,-0.052928
19238,0.000100
19239,-0.005458
19240,-0.006511
19241,-0.007428
19242,-0.012691
19243,0.009717
19244,-0.001113
19245,0.026645
19246,-0.012428
19247,0.005079
19248,0.028055
19249,0.059321
19250,0.070762
19251,0.043984
19252,-0.004699
19253,0.007010
19254,-0.061950
19255,-0.034485
19256,-0.074381
19257,-0.092996
19258,-0.043976
19259,0.002109
19260,0.035929
19261,0.012709
19262,0.037718
19263,0.039000
19264,0.026732
19265,-0.012313
19266,0.040677
19267,0.005286
19268,-0.059721
19269,-0.060440
19270,-0.033396
19271,-0.000928
19272,0.043500
19273,0.040555
19274,0.037568
19275,0.096110
19276,0.028748
19277,-0.019893
19278,-0.085054
19279,-0.080293
19280,-0.013908
19281,0.011216
19282,0.001109
19283,-0.006515
19284,0.011804
19285,0.043852
19286,0.078040
19287,0.075442
19288,0.042872
19289,-0.022632
19290,-0.090478
19291,-0.095867
19292,0.028021
19293,-0.001087
19294,0.022149
19295,0.049048
19296,-0.033042
19297,-0.046150
19298,0.016214
19299,0.022593
19300,0.059292
19301,-0.051105
19302,-0.125579
19303,-0.071620
19304,-0.035947
19305,-0.019754
19306,0.053600
19307,0.028642
19308,0.009815
19309,-0.045130
19310,-0.028939
19311,0.002344
19312,0.071364
19313,0.087546
19314,0.099840
19315,0.093954
19316,0.023263
19317,-0.041208
19318,-0.038093
19319,-0.040097
19320,-0.010487
19321,-0.018172
19322,-0.056160
19323,-0.035830
19324,-0.020640
19325,-0.050389
19326,-0.029497
19327,0.012989
19328,0.030566
19329,0.067074
19330,0.034475
19331,0.029921
19332,0.070174
19333,0.044624
19334,0.056515
19335,-0.010118
19336,-0.078175
19337,-0.075799
19338,-0.091981
19339,-0.070802
19340,0.024094
19341,-0.021620
19342,0.028080
19343,0.040663
19344,0.010299
19345,-0.004972
19346,-0.012673
19347,0.021775
19348,0.039123
19349,0.064440
19350,0.000176
19351,-0.020704
19352,-0.041559
19353,-0.060008
19354,-0.051472
19355,-0.034888
19356,0.041736
19357,0.063870
19358,0.021435
19359,0.011849
19360,0.036714
19361,0.015586
19362,-0.053788
19363,-0.040538
19364,-0.046094
19365,0.009381
19366,0.001309
19367,0.010956
19368,0.044685
19369,0.022937
19370,-0.016391
19371,-0.011623
19372,-0.039346
19373,-0.047657
19374,-0.004061
19375,0.046362
19376,0.098377
19377,0.082990
19378,0.046768
19379,-0.010390
19380,-0.043195
19381,-0.024983
19382,-0.039389
19383,-0.063232
19384,-0.046606
19385,-0.043028
19386,-0.002731
19387,-0.021506
19388,-0.003834
19389,0.028995
19390,0.022850
19391,0.035750
19392,0.113843
19393,0.062526
19394,0.050276
19395,-0.019107
19396,-0.079556
19397,-0.054143
19398,-0.032052
19399,-0.024843
19400,0.008828
19401,0.000222
19402,-0.028352
19403,0.002331
19404,0.016235
19405,-0.020400
19406,-0.001065
19407,0.030925
19408,0.026499
19409,0.017218
19410,-0.050899
19411,-0.064794
19412,-0.083009
19413,-0.035409
19414,-0.002325
19415,-0.007990
19416,0.049856
19417,0.103048
19418,0.081565
19419,0.048893
19420,0.004599
19421,-0.013586
19422,-0.042978
19423,-0.047168
19424,-0.023912
19425,0.007427
19426,0.026532
19427,-0.061972
19428,-0.029291
19429,-0.016549
19430,-0.007264
19431,-0.032788
19432,-0.005770
19433,0.001322
19434,-0.026817
19435,0.001226
19436,0.009016
19437,0.003972
19438,0.008988
19439,0.020197
19440,0.009520
19441,0.009175
19442,-0.037848
19443,-0.053644
19444,-0.032758
19445,-0.004429
19446,0.010414
19447,0.046309
19448,0.058538
19449,0.053779
19450,-0.008256
19451,-0.019267
19452,-0.039666
19453,-0.040607
19454,-0.046912
19455,-0.030772
19456,-0.042497
19457,0.013351
19458,0.074924
19459,0.065763
19460,0.065356
19461,0.018693
19462,-0.019662
19463,-0.052598
19464,-0.073327
19465,0.022670
19466,-0.008988
19467,-0.012175
19468,-0.020740
19469,-0.057162
19470,-0.029019
19471,-0.027451
19472,0.025888
19473,0.066569
19474,0.080380
19475,0.034476
19476,0.017675
19477,-0.006389
19478,-0.009993
19479,-0.027496
19480,0.003077
19481,-0.010895
19482,-0.000331
19483,0.014290
19484,-0.003788
19485,-0.013810
19486,0.052253
19487,0.047993
19488,-0.029691
19489,-0.088332
19490,-0.030404
19491,-0.040001
19492,-0.011288
19493,0.005727
19494,-0.035341
19495,-0.025024
19496,0.005878
19497,0.049487
19498,0.024871
19499,-0.002466
19500,0.037477
19501,0.085770
19502,0.023345
19503,-0.043410
19504,-0.138040
19505,-0.107623
19506,0.011267
19507,0.043843
19508,0.065998
19509,0.104793
19510,0.110247
19511,0.033198
19512,-0.030057
19513,-0.038764
19514,0.000438
19515,0.020879
19516,-0.004603
19517,-0.043668
19518,-0.068363
19519,-0.049927
19520,-0.028710
19521,-0.011793
19522,0.001483
19523,0.054013
19524,0.039699
19525,-0.005904
19526,-0.042586
19527,-0.096876
19528,-0.091031
19529,-0.027789
19530,0.033018
19531,0.027239
19532,0.020927
19533,0.048777
19534,0.114898
19535,0.056631
19536,0.064049
19537,0.052050
19538,0.020502
19539,0.007981
19540,-0.100695
19541,-0.170155
19542,-0.104171
19543,-0.049696
19544,-0.081055
19545,-0.052133
19546,0.043081
19547,0.081795
19548,0.085613
19549,0.063498
19550,0.034872
19551,0.006423
19552,0.028410
19553,0.027063
19554,0.047803
19555,0.020951
19556,-0.016643
19557,0.011335
19558,0.016168
19559,0.015456
19560,0.006940
19561,-0.028271
19562,-0.033367
19563,-0.029517
19564,-0.026317
19565,-0.033275
19566,0.027149
19567,0.054911
19568,0.002562
19569,0.002233
19570,0.035173
19571,0.027309
19572,-0.020669
19573,-0.060209
19574,-0.088576
19575,-0.090729
19576,-0.061815
19577,0.003451
19578,-0.006243
19579,-0.013689
19580,0.018098
19581,0.048359
19582,0.097645
19583,0.108431
19584,0.081508
19585,-0.007567
19586,-0.055687
19587,-0.085116
19588,-0.098409
19589,-0.075163
19590,-0.041803
19591,-0.006693
19592,0.046426
19593,0.109043
19594,0.089224
19595,0.024693
19596,-0.021241
19597,-0.020196
19598,0.024771
19599,0.010872
19600,-0.005781
19601,0.029506
19602,0.019662
19603,-0.082820
19604,-0.102425
19605,-0.032509
19606,0.014883
19607,0.012657
19608,0.016176
19609,0.039514
19610,0.017005
19611,0.086327
19612,0.045448
19613,0.049149
19614,0.050389
19615,0.011238
19616,-0.058151
19617,-0.078800
19618,-0.099122
19619,-0.080248
19620,-0.072318
19621,-0.013851
19622,0.055983
19623,0.022269
19624,-0.028044
19625,-0.015577
19626,0.008398
19627,752.308228
19628,613.395508
19629,9.426212
19630,56.340187
19631,5.216508
19632,4.694900
19633,-3.820586
19634,-10.076316
19635,-23.956923
19636,-28.470356
19637,-0.154811
19638,6.185324
19639,11.892576
19640,16.256996
19641,33.145107
19642,50.281761
19643,39.871319
19644,4.770802
19645,-23.894562
19646,-51.197857
19647,-67.995171
19648,-53.890739
19649,-1.158532
19650,32.690460
19651,30.041603
19652,14.039201
19653,4.938327
19654,-11.495541
19655,-11.194331
19656,0.335628
19657,13.391719
19658,32.856892
19659,51.929104
19660,34.037704
19661,-9.872622
19662,-51.244831
19663,-39.252693
19664,-29.343229
19665,-26.588858
19666,-6.888083
19667,3.300925
19668,5.437550
19669,12.190075
19670,13.671694
19671,27.418226
19672,24.360247
19673,17.211845
19674,11.254272
19675,9.667960
19676,-35.684177
19677,-52.207439
19678,-24.654627
19679,-11.710198
19680,-4.401436
19681,0.050734
19682,0.027484
19683,0.004122
19684,0.019022
19685,-0.027602
19686,-0.006423
19687,0.009430
19688,-0.029482
19689,-0.030544
19690,0.053701
19691,0.040359
19692,-0.002224
19693,-0.027952
19694,-0.048585
19695,-0.043584
19696,0.042283
19697,0.057120
19698,0.002365
19699,0.026916
19700,0.060120
19701,0.044523
19702,0.032492
19703,-0.022857
19704,-0.084563
19705,-0.059956
19706,-0.055749
19707,-0.055493
19708,-0.055946
19709,-0.067153
19710,-0.004012
19711,0.046393
19712,0.114772
19713,0.101601
19714,0.052388
19715,0.022624
19716,0.024089
19717,0.042250
19718,0.023623
19719,-0.049750
19720,-0.089186
19721,-0.038040
19722,0.023797
19723,-0.005196
19724,-0.043723
19725,-0.066875
19726,-0.077559
19727,0.011854
19728,0.006420
19729,0.015594
19730,0.023032
19731,-0.029584
19732,0.058113
19733,0.112392
19734,0.052681
19735,0.059985
19736,-0.030574
19737,-0.079901
19738,-0.043132
19739,-0.057407
19740,0.001483
19741,0.023324
19742,-0.003385
19743,0.027747
19744,0.052054
19745,0.026327
19746,0.093017
19747,0.074474
19748,-0.006581
19749,-0.008736
19750,-0.028577
19751,-0.060287
19752,-0.054553
19753,-0.030181
19754,0.004520
19755,0.029970
19756,0.001232
19757,-0.030071
19758,-0.067708
19759,-0.018027
19760,-0.017760
19761,-0.073072
19762,-0.023614
19763,0.042326
19764,0.044462
19765,0.064851
19766,0.037939
19767,0.050685
19768,0.018054
19769,0.013330
19770,0.048732
19771,0.031113
19772,0.036521
19773,-0.013959
19774,0.004132
19775,-0.063254
19776,-0.043989
19777,-0.026279
19778,-0.068483
19779,-0.034225
19780,0.031660
19781,-0.020116
19782,-0.001532
19783,-0.033921
19784,-0.043149
19785,0.007825
19786,0.002140
19787,0.047715
19788,-0.036793
19789,-0.007005
19790,0.052786
19791,0.078222
19792,0.011745
19793,0.017431
19794,0.002264
19795,0.062135
19796,0.003784
19797,-0.072310
19798,-0.032063
19799,-0.030258
19800,0.015758
19801,0.026070
19802,-0.024872
19803,0.013364
19804,-0.012976
19805,0.008271
19806,0.001073
19807,-0.048308
19808,0.012430
19809,0.009864
19810,-0.040101
19811,0.001457
19812,0.021441
19813,0.005842
19814,-0.044160
19815,-0.059819
19816,0.013912
19817,0.013894
19818,-0.007274
19819,0.035074
19820,0.048908
19821,0.073918
19822,-0.033425
19823,-0.094563
19824,-0.014820
19825,0.013468
19826,0.021997
19827,0.049559
19828,-0.007200
19829,-0.000864
19830,-0.022789
19831,0.000940
19832,0.007553
19833,0.006137
19834,-0.002286
19835,-0.011516
19836,-0.031229
19837,-0.066258
19838,-0.062619
19839,0.006115
19840,0.022425
19841,0.044207
19842,0.095748
19843,0.050476
19844,-0.020120
19845,0.030655
19846,0.018407
19847,0.010567
19848,0.053606
19849,0.023371
19850,-0.008265
19851,-0.060096
19852,-0.134213
19853,-0.109859
19854,-0.074312
19855,-0.001891
19856,0.028578
19857,0.052400
19858,0.092933
19859,0.047535
19860,-0.019721
19861,-0.011085
19862,-0.013382
19863,-0.010753
19864,0.051324
19865,0.069544
19866,0.023961
19867,-0.000382
19868,0.035618
19869,-0.030672
19870,-0.117886
19871,-0.111409
19872,-0.109101
19873,-0.028467
19874,0.038314
19875,0.031576
19876,0.067212
19877,0.086449
19878,0.075636
19879,0.064567
19880,-0.048611
19881,0.018461
19882,0.013604
19883,0.016734
19884,-0.034444
19885,-0.017306
19886,-0.059190
19887,-0.050644
19888,0.004422
19889,0.027847
19890,0.036356
19891,0.040560
19892,0.035194
19893,0.009129
19894,-0.017797
19895,-0.008824
19896,0.004480
19897,-0.031867
19898,0.002622
19899,0.006509
19900,0.080923
19901,0.067006
19902,-0.022512
19903,-0.035187
19904,-0.060951
19905,-0.100857
19906,-0.113475
19907,-0.088779
19908,0.008166
19909,0.043205
19910,0.055415
19911,0.063149
19912,0.033805
19913,0.027440
19914,0.089332
19915,0.082906
19916,0.046236
19917,0.040332
19918,-0.007331
19919,-0.102660
19920,-0.114228
19921,-0.063638
19922,-0.025774
19923,-0.003165
19924,-0.015810
19925,-0.023454
19926,-0.000642
19927,-0.003909
19928,0.016330
19929,0.038691
19930,0.072375
19931,0.037434
19932,-0.019985
19933,0.021006
19934,-0.035652
19935,-0.031467
19936,0.004733
19937,-0.002038
19938,-0.021754
19939,0.006416
19940,0.034845
19941,0.060295
19942,0.088800
19943,0.076336
19944,0.023042
19945,-0.075491
19946,-0.101599
19947,-0.110882
19948,-0.049819
19949,-0.034984
19950,0.004695
19951,0.048578
19952,0.011648
19953,0.054479
19954,0.055455
19955,0.053810
19956,-0.022253
19957,-0.093588
19958,-0.078684
19959,-0.061523
19960,-0.102193
19961,-0.016177
19962,0.089623
19963,0.121137
19964,0.098973
19965,0.040098
19966,0.018793
19967,-0.037101
19968,-0.006592
19969,-0.023107
19970,0.006814
19971,-0.023638
19972,-0.081650
19973,-0.005255
19974,0.035160
19975,0.051713
19976,0.010453
19977,-0.053916
19978,-0.053649
19979,-0.053651
19980,0.012190
19981,0.011177
19982,0.062264
19983,0.070205
19984,-0.025008
19985,-0.041291
19986,-0.005664
19987,-0.026222
19988,0.011011
19989,0.025029
19990,0.063174
19991,0.065128
19992,0.039344
19993,-0.020555
19994,-0.051558
19995,-0.034575
19996,0.037546
19997,0.060650
19998,-0.000595
19999,-0.028908
20000,-0.026822
20001,-0.068696
20002,-0.081358
20003,-0.025626
20004,0.038446
20005,0.033675
20006,0.016982
20007,-0.031755
20008,-0.072720
20009,-0.027388
20010,0.043506
20011,0.009229
20012,0.032201
20013,0.058558
20014,0.012490
20015,0.001366
20016,0.050074
20017,0.043494
20018,0.009226
20019,-0.001492
20020,0.005344
20021,-0.036377
20022,-0.023871
20023,-0.073619
20024,-0.032732
20025,0.057827
20026,0.031241
20027,-0.007440
20028,0.025000
20029,-0.020129
20030,-0.016374
20031,0.020589
20032,0.016699
20033,0.030713
20034,0.013404
20035,0.027894
20036,0.001745
20037,-0.051880
20038,-0.056631
20039,-0.063772
20040,-0.010629
20041,0.045297
20042,-0.005363
20043,-0.007870
20044,0.003867
20045,-0.021763
20046,-0.025292
20047,0.002281
20048,0.022975
20049,0.044867
20050,0.056002
20051,0.021700
20052,-0.031909
20053,-0.031107
20054,0.003238
20055,-0.045190
20056,-0.025042
20057,-0.010415
20058,0.000272
20059,-0.010440
20060,-0.067071
20061,-0.027004
20062,0.056669
20063,0.064627
20064,0.055979
20065,0.033663
20066,0.013674
20067,-0.012269
20068,-0.053935
20069,-0.055022
20070,-0.015418
20071,0.014434
20072,0.008670
20073,0.071964
20074,0.104780
20075,0.003096
20076,-0.079954
20077,-0.109090
20078,-0.075923
20079,-0.044699
20080,-0.006817
20081,0.008907
20082,0.003302
20083,0.039286
20084,0.072091
20085,0.045531
20086,0.007164
20087,-0.028593
20088,-0.037147
20089,-0.019728
20090,-0.006813
20091,0.024419
20092,0.078031
20093,0.039280
20094,0.036355
20095,0.017234
20096,0.008844
20097,-0.035228
20098,-0.064960
20099,-0.043496
20100,0.028883
20101,-0.008264
20102,-0.006205
20103,0.015070
20104,0.000070
20105,0.019155
20106,-0.007586
20107,-0.051664
20108,-0.053492
20109,-0.021120
20110,-0.037490
20111,0.007899
20112,0.031365
20113,0.069737
20114,0.078565
20115,0.034076
20116,-0.006815
20117,0.020125
20118,-0.012336
20119,-0.042823
20120,-0.088642
20121,-0.040833
20122,0.022507
20123,0.069498
20124,0.014429
20125,-0.054012
20126,-0.104727
20127,-0.044044
20128,0.068645
20129,0.065399
20130,0.048290
20131,0.000400
20132,-0.074437
20133,-0.063232
20134,-0.041385
20135,-0.017401
20136,0.018902
20137,0.039596
20138,-0.031601
20139,0.010311
20140,0.046909
20141,0.046038
20142,0.036338
20143,0.006545
20144,-0.028070
20145,-0.020451
20146,0.024749
20147,0.037413
20148,0.007582
20149,0.001272
20150,-0.007473
20151,0.003843
20152,0.008888
20153,-0.027785
20154,-0.038882
20155,-0.022761
20156,-0.020566
20157,-0.016590
20158,-0.065381
20159,-0.077069
20160,-0.005567
20161,0.012938
20162,0.017770
20163,0.034639
20164,0.053152
20165,-0.017414
20166,-0.040099
20167,0.052269
20168,0.035435
20169,0.041991
20170,0.017110
20171,-0.002469
20172,0.039894
20173,0.009063
20174,-0.007916
20175,0.016323
20176,-0.062099
20177,-0.113668
20178,-0.044735
20179,-0.030634
20180,0.009851
20181,-0.002086
20182,0.033055
20183,0.078993
20184,0.072312
20185,0.070447
20186,0.101036
20187,-0.014409
20188,-0.100737
20189,-0.098168
20190,-0.035226
20191,-0.047637
20192,-0.069393
20193,-0.016656
20194,0.039814
20195,0.083914
20196,0.078727
20197,0.054018
20198,0.039906
20199,0.021214
20200,-0.050739
20201,-0.059125
20202,-0.035934
20203,-0.050451
20204,-0.042154
20205,0.033039
20206,0.032583
20207,0.013437
20208,-0.035468
20209,-0.045545
20210,-0.005600
20211,0.009042
20212,-0.012019
20213,0.001543
20214,0.073679
20215,0.059154
20216,0.007649
20217,-0.036093
20218,-0.051247
20219,-0.071883
20220,-0.066562
20221,0.044669
20222,0.075314
20223,0.083690
20224,0.000211
20225,-0.001694
20226,-0.006780
20227,0.025265
20228,0.018740
20229,-0.031700
20230,5.381387
20231,798.351318
20232,617.834595
20233,10.014780
20234,22.849075
20235,-75.864235
20236,-65.606789
20237,-12.609962
20238,33.707008
20239,66.016716
20240,71.330345
20241,35.920143
20242,-24.408966
20243,-47.298794
20244,-57.726372
20245,-52.367874
20246,-21.755583
20247,38.257515
20248,94.387947
20249,75.339622
20250,21.416441
20251,-23.489042
20252,-41.843266
20253,-36.703495
20254,-41.995064
20255,-13.436339
20256,-3.485499
20257,-13.922585
20258,-0.568893
20259,-8.298994
20260,4.739450
20261,15.118964
20262,26.922886
20263,15.378262
20264,17.800283
20265,14.364182
20266,33.097336
20267,24.443754
20268,-5.468539
20269,-24.160791
20270,-25.102961
20271,-1.170363
20272,4.776354
20273,10.343532
20274,5.479049
20275,-5.738593
20276,-16.477379
20277,-25.369097
20278,-21.332838
20279,-16.512604
20280,-18.981432
20281,-24.192459
20282,-10.112599
20283,40.126823
20284,79.419525
20285,-0.020342
20286,-0.054627
20287,-0.017949
20288,-0.010868
20289,0.014143
20290,-0.040808
20291,-0.070258
20292,-0.040784
20293,0.062471
20294,0.078183
20295,0.073576
20296,0.038422
20297,-0.019764
20298,-0.027040
20299,-0.019193
20300,0.001885
20301,-0.038182
20302,-0.026276
20303,0.008327
20304,0.030164
20305,0.008984
20306,0.000982
20307,-0.028392
20308,-0.014630
20309,-0.019654
20310,-0.000343
20311,0.063576
20312,0.087209
20313,0.068560
20314,0.046473
20315,0.011676
20316,-0.034573
20317,-0.162002
20318,-0.156110
20319,-0.037932
20320,0.012748
20321,0.030070
20322,0.081082
20323,0.067469
20324,0.028051
20325,-0.023709
20326,-0.021302
20327,-0.008017
20328,0.013181
20329,-0.009985
20330,-0.018155
20331,0.014761
20332,0.061274
20333,0.028992
20334,-0.012196
20335,-0.032746
20336,0.025265
20337,0.055499
20338,0.049123
20339,0.043386
20340,-0.033817
20341,-0.101760
20342,-0.079801
20343,-0.038702
20344,-0.037715
20345,-0.011664
20346,0.010494
20347,0.040215
20348,0.056904
20349,0.030017
20350,0.013814
20351,-0.002254
20352,-0.029578
20353,-0.022547
20354,0.004209
20355,-0.022223
20356,-0.020021
20357,0.001751
20358,-0.014197
20359,0.039075
20360,0.008514
20361,0.009763
20362,-0.006020
20363,-0.018732
20364,-0.023001
20365,0.009128
20366,-0.030611
20367,0.003891
20368,0.081384
20369,0.026591
20370,0.001645
20371,-0.015443
20372,-0.012643
20373,-0.005288
20374,-0.017338
20375,0.004475
20376,-0.032467
20377,-0.071158
20378,-0.053209
20379,0.046009
20380,0.097479
20381,0.153505
20382,0.088844
20383,0.018982
20384,-0.004075
20385,-0.110001
20386,-0.107665
20387,-0.117971
20388,-0.127056
20389,-0.042180
20390,0.027330
20391,0.053381
20392,0.109830
20393,0.089710
20394,0.064967
20395,0.024456
20396,0.008740
20397,-0.015090
20398,-0.039061
20399,0.004876
20400,-0.028313
20401,-0.085724
20402,-0.086367
20403,-0.056643
20404,-0.024434
20405,0.005034
20406,0.046418
20407,0.054182
20408,0.080630
20409,0.021565
20410,0.039008
20411,0.036770
20412,-0.041607
20413,-0.085857
20414,-0.025292
20415,0.016677
20416,-0.002850
20417,-0.005811
20418,0.079193
20419,0.052210
20420,-0.018851
20421,0.006741
20422,0.006338
20423,-0.009729
20424,0.058559
20425,0.022355
20426,0.003881
20427,-0.011371
20428,-0.058787
20429,-0.030859
20430,-0.034852
20431,0.008601
20432,-0.001236
20433,-0.047165
20434,-0.051966
20435,-0.023970
20436,-0.018185
20437,0.011625
20438,0.035311
20439,0.045974
20440,0.026700
20441,-0.027304
20442,-0.054998
20443,0.009762
20444,0.033186
20445,0.013033
20446,-0.016396
20447,0.014358
20448,0.083319
20449,0.049609
20450,0.012916
20451,0.003011
20452,-0.061404
20453,-0.119778
20454,-0.087422
20455,-0.022553
20456,0.002376
20457,-0.021119
20458,-0.048757
20459,-0.002307
20460,0.027966
20461,0.033718
20462,0.094298
20463,0.100092
20464,0.049271
20465,0.068680
20466,0.006908
20467,-0.011108
20468,0.013977
20469,-0.001142
20470,-0.024743
20471,-0.043760
20472,-0.032503
20473,-0.049769
20474,-0.036700
20475,0.012588
20476,0.022004
20477,0.019626
20478,0.028255
20479,0.021272
20480,0.005925
20481,-0.015908
20482,-0.005034
20483,-0.027560
20484,-0.131486
20485,-0.121217
20486,-0.024208
20487,0.049592
20488,0.023348
20489,0.016006
20490,0.062210
20491,0.062004
20492,-0.003745
20493,-0.003091
20494,0.029655
20495,-0.022081
20496,-0.067338
20497,-0.040022
20498,0.021277
20499,0.035569
20500,-0.018991
20501,0.000327
20502,0.017179
20503,-0.046316
20504,-0.008803
20505,0.033993
20506,0.061314
20507,0.090362
20508,-0.003830
20509,-0.101858
20510,-0.048621
20511,0.047156
20512,0.026784
20513,0.030334
20514,0.001274
20515,-0.046071
20516,-0.022563
20517,-0.017175
20518,0.030607
20519,0.022973
20520,-0.048017
20521,-0.033868
20522,0.010090
20523,0.034791
20524,0.038979
20525,0.019921
20526,-0.007670
20527,0.003324
20528,-0.048702
20529,-0.030130
20530,-0.019577
20531,-0.049174
20532,-0.018800
20533,-0.028976
20534,12.536030
20535,821.525330
20536,608.472290
20537,10.311012
20538,61.383415
20539,11.541059
20540,-28.924059
20541,-43.963257
20542,-29.506519
20543,-19.284445
20544,3.132470
20545,28.091520
20546,41.179096
20547,26.776693
20548,7.671986
20549,-2.087091
20550,-24.330429
20551,-25.358046
20552,-14.899884
20553,-5.953053
20554,19.543112
20555,45.034611
20556,42.858963
20557,-12.832494
20558,-40.994434
20559,-20.980000
20560,-6.244978
20561,-10.312034
20562,3.238313
20563,28.965424
20564,7.210044
20565,-17.888788
20566,-34.965813
20567,-14.488995
20568,8.995080
20569,21.078863
20570,34.260139
20571,40.102303
20572,12.035663
20573,-20.688749
20574,-48.892418
20575,-69.455452
20576,-39.129070
20577,28.148588
20578,63.977516
20579,64.515388
20580,38.338665
20581,-3.136143
20582,-35.254772
20583,-31.702368
20584,-31.123842
20585,-7.149753
20586,-0.967501
20587,-9.083655
20588,-6.071714
20589,0.024562
20590,0.047081
20591,0.103628
20592,0.082707
20593,0.058990
20594,-0.010305
20595,-0.103805
20596,-0.112310
20597,-0.097889
20598,-0.074299
20599,-0.003234
20600,0.009960
20601,0.030491
20602,0.046080
20603,0.024708
20604,0.078399
20605,0.044176
20606,0.025395
20607,0.061431
20608,0.027286
20609,-0.036590
20610,-0.037223
20611,-0.021093
20612,0.006816
20613,0.065631
20614,0.001683
20615,-0.057329
20616,-0.091227
20617,-0.061430
20618,-0.072051
20619,-0.041256
20620,-0.001883
20621,-0.029203
20622,-0.026946
20623,0.042783
20624,0.087209
20625,0.074850
20626,0.066637
20627,0.046748
20628,-0.025201
20629,-0.056825
20630,-0.136523
20631,-0.105684
20632,-0.039798
20633,0.039966
20634,0.052249
20635,0.046610
20636,0.079149
20637,0.067398
20638,0.022158
20639,-0.048084
20640,-0.041568
20641,-0.062249
20642,-0.050596
20643,-0.022287
20644,0.050635
20645,0.049986
20646,0.065613
20647,0.067276
20648,0.066472
20649,-0.014224
20650,-0.040723
20651,-0.054233
20652,-0.095727
20653,-0.073267
20654,-0.012401
20655,0.012405
20656,0.039765
20657,0.074886
20658,0.016438
20659,-0.004608
20660,0.009453
20661,-0.014029
20662,0.025968
20663,0.057476
20664,0.059332
20665,-0.033358
20666,-0.038167
20667,-0.073315
20668,-0.105886
20669,-0.023657
20670,-0.011533
20671,0.001395
20672,0.008210
20673,0.019052
20674,0.017397
20675,0.039647
20676,0.007298
20677,0.025825
20678,0.015350
20679,-0.003892
20680,-0.024862
20681,-0.011745
20682,-0.003432
20683,-0.069504
20684,-0.014681
20685,0.016938
20686,-0.001697
20687,0.021314
20688,0.017227
20689,-0.039498
20690,0.028108
20691,0.063972
20692,0.090821
20693,0.035898
20694,0.034438
20695,0.015508
20696,-0.063809
20697,-0.006903
20698,-0.008106
20699,-0.066766
20700,-0.081816
20701,-0.063612
20702,-0.007079
20703,-0.002229
20704,-0.007918
20705,0.016831
20706,-0.012958
20707,0.006786
20708,0.030329
20709,-0.011498
20710,-0.021214
20711,-0.011146
20712,0.068393
20713,0.126883
20714,0.083872
20715,0.046247
20716,0.043423
20717,-0.022362
20718,-0.000787
20719,-0.004656
20720,-0.085667
20721,-0.114813
20722,-0.097027
20723,-0.028261
20724,0.012113
20725,0.030339
20726,0.029174
20727,0.016721
20728,0.003485
20729,0.007967
20730,0.008628
20731,0.009457
20732,-0.031612
20733,-0.018689
20734,-0.046507
20735,-0.008432
20736,0.052882
20737,0.031771
20738,0.008665
20739,0.005088
20740,-0.009426
20741,-0.020840
20742,0.024549
20743,0.057841
20744,0.043413
20745,0.056073
20746,-0.012371
20747,-0.060197
20748,-0.029903
20749,-0.034433
20750,-0.048000
20751,-0.047322
20752,-0.018681
20753,-0.021697
20754,-0.010858
20755,0.014348
20756,-0.038956
20757,-0.022467
20758,-0.023699
20759,0.017661
20760,0.045726
20761,0.092354
20762,0.069648
20763,0.014488
20764,0.064865
20765,0.036664
20766,-0.011289
20767,-0.018615
20768,-0.035590
20769,-0.040508
20770,-0.002648
20771,-0.034552
20772,-0.049414
20773,-0.011550
20774,-0.001894
20775,-0.000112
20776,-0.003733
20777,-0.002621
20778,-0.056710
20779,0.008866
20780,0.027393
20781,-0.003840
20782,0.009604
20783,0.065536
20784,0.022381
20785,-0.014861
20786,0.010645
20787,-0.035734
20788,0.000316
20789,0.028292
20790,-0.063976
20791,-0.010115
20792,-0.022973
20793,0.021959
20794,0.044725
20795,0.016020
20796,-0.022353
20797,-0.038182
20798,-0.027526
20799,-0.004972
20800,0.048447
20801,-0.028911
20802,-0.030905
20803,0.027337
20804,-0.038377
20805,-0.014472
20806,0.001382
20807,0.018477
20808,0.053677
20809,0.024495
20810,0.014498
20811,0.019733
20812,0.002219
20813,-0.024497
20814,-0.085257
20815,-0.072098
20816,-0.004343
20817,0.017606
20818,0.055321
20819,0.012962
20820,0.021259
20821,0.089713
20822,0.026992
20823,0.004386
20824,0.014400
20825,-0.084770
20826,-0.117192
20827,-0.068491
20828,-0.045160
20829,0.009960
20830,0.107661
20831,0.068175
20832,0.063467
20833,0.015012
20834,-0.018191
20835,-0.011947
20836,-0.082923
20837,-0.024695
20838,-0.024640
20839,-0.037446
20840,0.032620
20841,0.065827
20842,-0.001628
20843,0.012090
20844,0.007476
20845,0.010616
20846,0.015412
20847,0.000763
20848,0.028515
20849,0.008125
20850,0.000063
20851,-0.050281
20852,-0.060256
20853,-0.007812
20854,-0.028470
20855,-0.007707
20856,0.004304
20857,0.011146
20858,0.006173
20859,0.033066
20860,0.034009
20861,0.020397
20862,0.046864
20863,0.028078
20864,-0.054732
20865,-0.051514
20866,-0.046818
20867,0.012180
20868,0.033535
20869,0.018069
20870,0.039364
20871,-0.007596
20872,-0.005882
20873,-0.011944
20874,-0.007024
20875,-0.032103
20876,-0.071439
20877,-0.045064
20878,-0.024697
20879,-0.029077
20880,-0.003591
20881,0.018390
20882,0.024298
20883,0.057405
20884,0.058602
20885,0.047171
20886,-0.018025
20887,-0.063996
20888,-0.032385
20889,-0.028977
20890,-0.021653
20891,0.019502
20892,0.042591
20893,0.011201
20894,-0.003656
20895,0.002562
20896,0.036657
20897,0.031569
20898,-0.009865
20899,-0.049035
20900,-0.072446
20901,-0.069493
20902,-0.039847
20903,0.018227
20904,0.086051
20905,0.043948
20906,0.031620
20907,0.028663
20908,0.035885
20909,0.060553
20910,0.016416
20911,-0.065350
20912,-0.071578
20913,-0.039959
20914,0.016568
20915,-0.032470
20916,-0.066804
20917,0.007973
20918,-0.001559
20919,0.015639
20920,0.044096
20921,-0.011012
20922,-0.015727
20923,0.044177
20924,0.072726
20925,0.024835
20926,-0.012790
20927,-0.009190
20928,-0.085573
20929,-0.126092
20930,-0.044390
20931,0.067374
20932,0.126291
20933,0.060295
20934,-0.066668
20935,-0.086849
20936,-0.113515
20937,-0.016996
20938,22.113955
20939,852.322388
20940,596.030273
20941,10.704690
20942,85.980934
20943,-13.557284
20944,14.662854
20945,4.860703
20946,-9.420082
20947,-35.256084
20948,-24.264711
20949,18.920454
20950,32.893574
20951,22.616066
20952,17.383991
20953,4.764945
20954,5.543766
20955,-3.739765
20956,-23.491535
20957,-20.219383
20958,-8.765269
20959,-4.384490
20960,-9.535376
20961,-9.789365
20962,-13.386811
20963,-12.928926
20964,11.979404
20965,25.441999
20966,26.660025
20967,14.166078
20968,-2.327377
20969,0.369679
20970,11.324063
20971,11.818905
20972,9.854679
20973,5.717763
20974,-18.939219
20975,-39.926220
20976,-44.133171
20977,-13.286015
20978,20.842833
20979,60.073242
20980,34.426243
20981,-2.920796
20982,-3.667390
20983,-4.656160
20984,-38.895443
20985,-45.500484
20986,-27.437025
20987,-11.659595
20988,6.072804
20989,11.896663
20990,18.006313
20991,21.504496
20992,2.035241
20993,0.096551
20994,0.069843
20995,0.054469
20996,-0.002558
20997,-0.019506
20998,-0.051645
20999,-0.108778
21000,-0.018640
21001,0.022276
21002,-0.000804
21003,0.001369
21004,0.011629
21005,0.007473
21006,0.002639
21007,0.014994
21008,0.037578
21009,0.021562
21010,0.003278
21011,0.004283
21012,0.048661
21013,-0.011198
21014,-0.097231
21015,-0.094918
21016,-0.020094
21017,0.024605
21018,0.060903
21019,0.078635
21020,0.058483
21021,0.061130
21022,-0.043845
21023,-0.057206
21024,-0.052261
21025,-0.044692
21026,0.024286
21027,0.006415
21028,-0.045344
21029,-0.051834
21030,-0.002581
21031,-0.003240
21032,-0.006433
21033,-0.010400
21034,0.012086
21035,0.052565
21036,0.064453
21037,0.005814
21038,0.012985
21039,0.002392
21040,-0.010214
21041,0.018605
21042,-0.031486
21043,-0.064137
21044,-0.067929
21045,-0.075306
21046,-0.037693
21047,-0.004544
21048,0.060181
21049,0.111321
21050,0.039998
21051,0.043393
21052,0.008282
21053,-0.034077
21054,-0.015512
21055,-0.011197
21056,0.014605
21057,0.026647
21058,0.026459
21059,0.017692
21060,0.005708
21061,0.008726
21062,-0.028272
21063,-0.088044
21064,-0.013321
21065,0.020876
21066,0.038242
21067,0.024108
21068,-0.012112
21069,-0.031133
21070,-0.048760
21071,0.001991
21072,0.012144
21073,-0.015911
21074,0.021704
21075,0.001248
21076,0.022955
21077,-0.012229
21078,-0.065469
21079,-0.030203
21080,0.003044
21081,0.079818
21082,0.071031
21083,0.014500
21084,0.006046
21085,-0.044511
21086,-0.024904
21087,0.018614
21088,0.058609
21089,0.000090
21090,-0.094267
21091,-0.120329
21092,-0.068462
21093,-0.019283
21094,0.049210
21095,0.080377
21096,0.083299
21097,0.081900
21098,0.020547
21099,-0.012244
21100,-0.046664
21101,0.014227
21102,-0.003201
21103,-0.036693
21104,-0.022340
21105,0.013672
21106,0.010895
21107,-0.002913
21108,0.024850
21109,0.020167
21110,-0.011838
21111,-0.072288
21112,-0.095483
21113,-0.072382
21114,0.007651
21115,0.015830
21116,0.042785
21117,0.056099
21118,0.029352
21119,0.044784
21120,0.082674
21121,0.084528
21122,0.004710
21123,-0.055233
21124,-0.053721
21125,-0.060378
21126,-0.076248
21127,-0.064483
21128,-0.010412
21129,0.053763
21130,0.060162
21131,0.037304
21132,0.032912
21133,0.054579
21134,-0.047855
21135,-0.071068
21136,-0.035546
21137,-0.019575
21138,0.018720
21139,0.021287
21140,-0.009144
21141,-0.041012
21142,-0.057076
21143,-0.041663
21144,0.017050
21145,0.047599
21146,-0.023565
21147,-0.053884
21148,-0.040214
21149,0.008511
21150,0.039714
21151,0.092333
21152,0.090679
21153,0.062929
21154,0.023824
21155,-0.037925
21156,-0.088883
21157,-0.050059
21158,-0.017670
21159,0.002955
21160,0.043283
21161,0.040247
21162,0.012940
21163,0.058309
21164,0.008652
21165,0.005993
21166,0.020633
21167,-0.002713
21168,-0.025905
21169,-0.057666
21170,-0.055633
21171,-0.023899
21172,-0.029256
21173,-0.013915
21174,0.044320
21175,-0.041888
21176,-0.036341
21177,-0.025735
21178,0.023547
21179,0.071426
21180,0.041037
21181,0.022464
21182,0.017524
21183,-0.013677
21184,-0.027842
21185,-0.081222
21186,-0.114307
21187,-0.064535
21188,-0.037096
21189,0.058166
21190,0.099259
21191,0.050205
21192,28.034838
21193,871.684937
21194,588.207825
21195,10.952200
21196,102.477013
21197,11.806413
21198,15.477775
21199,-10.345802
21200,-3.215224
21201,-2.887841
21202,-0.496321
21203,-1.371824
21204,-5.874932
21205,-2.367947
21206,7.948978
21207,14.434669
21208,20.246422
21209,11.270103
21210,-14.891296
21211,-21.912813
21212,-15.711913
21213,18.512848
21214,22.803133
21215,-11.696625
21216,-39.165489
21217,-20.800232
21218,31.546921
21219,44.862633
21220,17.950201
21221,3.529037
21222,-6.523931
21223,-11.401283
21224,-29.720774
21225,-48.142750
21226,-43.729347
21227,-38.490074
21228,-19.374491
21229,23.077250
21230,41.300858
21231,22.002293
21232,1.231939
21233,6.285799
21234,19.002794
21235,10.915974
21236,28.883045
21237,32.878349
21238,32.133240
21239,37.234608
21240,18.893990
21241,-19.600760
21242,-55.814579
21243,-65.585403
21244,-57.576328
21245,-25.371572
21246,4.075388
21247,-0.039060
21248,-0.062994
21249,-0.037086
21250,0.014472
21251,0.009612
21252,0.014454
21253,-0.011959
21254,-0.062421
21255,-0.069861
21256,-0.013888
21257,-0.016154
21258,-0.028787
21259,0.028511
21260,0.110975
21261,0.093328
21262,0.064991
21263,0.053389
21264,-0.062549
21265,-0.078099
21266,-0.113653
21267,-0.075391
21268,-0.028208
21269,-0.000024
21270,0.029991
21271,0.050441
21272,0.069377
21273,0.027234
21274,0.014182
21275,-0.056135
21276,-0.061608
21277,-0.069820
21278,-0.041678
21279,-0.015445
21280,0.034955
21281,0.055127
21282,0.029294
21283,0.047019
21284,0.049822
21285,-0.013820
21286,-0.004620
21287,0.035937
21288,-0.030810
21289,-0.039440
21290,-0.057807
21291,-0.050235
21292,-0.004662
21293,0.019294
21294,0.068376
21295,0.059022
21296,0.035297
21297,0.022213
21298,0.005601
21299,-0.029838
21300,-0.021041
21301,0.003316
21302,-0.019120
21303,0.014875
21304,-0.022307
21305,-0.035294
21306,0.056359
21307,0.046179
21308,0.028415
21309,0.001688
21310,-0.026309
21311,-0.023187
21312,-0.091744
21313,-0.070841
21314,-0.002650
21315,-0.043676
21316,-0.009971
21317,0.022077
21318,0.010175
21319,0.007973
21320,0.024708
21321,0.006995
21322,0.059797
21323,0.048674
21324,0.008799
21325,-0.035437
21326,-0.073345
21327,-0.037804
21328,-0.017456
21329,0.083631
21330,0.081880
21331,0.043491
21332,0.018578
21333,-0.050704
21334,-0.043789
21335,-0.012972
21336,-0.010727
21337,-0.011911
21338,-0.018415
21339,-0.022804
21340,0.014560
21341,-0.009079
21342,-0.005897
21343,-0.029997
21344,0.041543
21345,0.025120
21346,-0.005460
21347,-0.022711
21348,-0.045202
21349,-0.035328
21350,0.006923
21351,0.058896
21352,0.114676
21353,0.140296
21354,0.046419
21355,-0.059619
21356,-0.086432
21357,-0.108149
21358,-0.029341
21359,0.026708
21360,0.007734
21361,-0.008979
21362,-0.049085
21363,-0.035133
21364,-0.048964
21365,-0.026800
21366,0.016336
21367,-0.063176
21368,-0.060358
21369,0.033764
21370,0.061046
21371,0.024742
21372,0.043018
21373,0.083984
21374,0.107037
21375,0.098203
21376,0.000410
21377,0.009803
21378,-0.048320
21379,-0.118495
21380,-0.108736
21381,-0.086587
21382,-0.023681
21383,0.007698
21384,-0.014633
21385,0.000629
21386,-0.010744
21387,0.001575
21388,0.093563
21389,0.068416
21390,0.047681
21391,0.056738
21392,-0.008279
21393,-0.053857
21394,-0.062134
21395,-0.041532
21396,-0.035140
21397,-0.022685
21398,0.019705
21399,0.019229
21400,-0.020530
21401,0.039712
21402,0.017834
21403,0.053728
21404,0.068169
21405,0.023328
21406,-0.019423
21407,-0.025445
21408,-0.076898
21409,-0.035217
21410,-0.045976
21411,-0.044242
21412,-0.018341
21413,-0.037005
21414,0.003112
21415,-0.015330
21416,-0.007028
21417,-0.008726
21418,-0.013071
21419,0.019399
21420,0.082170
21421,0.037897
21422,0.005313
21423,0.020866
21424,-0.025295
21425,0.038399
21426,0.033743
21427,-0.033293
21428,-0.060924
21429,0.004004
21430,0.048321
21431,0.049136
21432,0.077738
21433,0.026304
21434,-0.014415
21435,-0.041008
21436,-0.072390
21437,-0.014383
21438,0.011797
21439,0.009020
21440,0.004574
21441,-0.046791
21442,-0.039582
21443,-0.043782
21444,-0.046249
21445,-0.013797
21446,33.919540
21447,891.047424
21448,580.385376
21449,11.199710
21450,119.572540
21451,-14.606288
21452,-16.760607
21453,-8.348940
21454,-25.854282
21455,-26.241302
21456,-0.203330
21457,24.008017
21458,15.327036
21459,19.232403
21460,43.407402
21461,42.208435
21462,17.110670
21463,3.153875
21464,-17.764904
21465,-49.746658
21466,-50.591824
21467,-37.914955
21468,-16.528559
21469,4.379745
21470,31.788778
21471,31.519772
21472,34.807045
21473,-4.798401
21474,-17.110878
21475,-9.515713
21476,-0.737152
21477,-17.416853
21478,-46.850426
21479,-45.266556
21480,-25.039406
21481,13.210352
21482,67.359398
21483,77.941406
21484,64.700935
21485,13.428216
21486,-38.221542
21487,-29.505527
21488,-17.156265
21489,3.472159
21490,5.770836
21491,-8.363129
21492,-9.103934
21493,5.389640
21494,-3.147376
21495,-21.176268
21496,-25.488689
21497,-5.246864
21498,22.859013
21499,32.236118
21500,4.516733
21501,0.012606
21502,0.007404
21503,0.007431
21504,0.071855
21505,0.057425
21506,0.029443
21507,-0.024186
21508,-0.050221
21509,-0.011418
21510,-0.005695
21511,0.007553
21512,-0.059084
21513,-0.001898
21514,0.055771
21515,0.068473
21516,0.079733
21517,0.021185
21518,-0.050403
21519,-0.113251
21520,-0.129339
21521,-0.095170
21522,0.002634
21523,0.009642
21524,0.066820
21525,0.039793
21526,0.000159
21527,0.017670
21528,0.042699
21529,0.063756
21530,0.035076
21531,0.049219
21532,0.045581
21533,-0.020260
21534,-0.060612
21535,-0.050630
21536,-0.024508
21537,0.013927
21538,0.022856
21539,0.040887
21540,0.046329
21541,0.032977
21542,0.041676
21543,0.000104
21544,-0.103120
21545,-0.084092
21546,-0.060820
21547,-0.039378
21548,-0.007320
21549,-0.066997
21550,36.306072
21551,898.975342
21552,577.182495
21553,11.301053
21554,127.038490
21555,-24.785730
21556,-25.379715
21557,-18.434307
21558,5.717186
21559,7.518796
21560,6.661823
21561,5.863586
21562,14.621091
21563,28.220440
21564,16.018019
21565,-3.744108
21566,-17.676588
21567,-11.369725
21568,-1.415478
21569,-12.437061
21570,-25.128555
21571,1.786543
21572,23.337456
21573,21.104399
21574,16.878412
21575,6.987671
21576,-15.045708
21577,-23.791883
21578,-23.533072
21579,0.446103
21580,25.598587
21581,8.309971
21582,-10.460248
21583,-32.300259
21584,-33.701794
21585,-14.278481
21586,22.956741
21587,52.657482
21588,43.197723
21589,16.982267
21590,-8.076900
21591,-42.168415
21592,-36.514809
21593,-0.335483
21594,22.629894
21595,8.339991
21596,11.572003
21597,17.672663
21598,3.906368
21599,-15.445120
21600,-26.071424
21601,-21.693542
21602,-19.260130
21603,-8.550477
21604,9.259460
21605,-0.047183
21606,-0.012840
21607,0.065156
21608,0.040809
21609,0.020293
21610,0.091701
21611,0.137235
21612,0.058634
21613,-0.028044
21614,-0.052471
21615,-0.026311
21616,-0.021551
21617,-0.044070
21618,-0.046700
21619,-0.034102
21620,0.002448
21621,0.035364
21622,0.099580
21623,0.045679
21624,0.013925
21625,-0.034512
21626,-0.085440
21627,-0.028957
21628,0.027266
21629,0.034819
21630,0.063473
21631,0.056613
21632,-0.021008
21633,-0.069223
21634,-0.066111
21635,-0.028480
21636,-0.050504
21637,-0.014250
21638,0.049931
21639,0.048091
21640,0.024953
21641,0.024407
21642,-0.006531
21643,-0.013387
21644,-0.024899
21645,-0.027829
21646,-0.010273
21647,-0.008846
21648,-0.040212
21649,-0.040705
21650,-0.027917
21651,0.025855
21652,0.023778
21653,0.010790
21654,0.018005
21655,-0.004695
21656,0.015444
21657,0.008593
21658,0.012854
21659,0.056895
21660,0.058918
21661,-0.002108
21662,-0.010330
21663,-0.045847
21664,-0.040554
21665,-0.066906
21666,-0.006109
21667,0.007177
21668,0.007055
21669,0.082106
21670,0.079296
21671,0.039833
21672,0.074307
21673,0.024493
21674,-0.060883
21675,-0.089376
21676,-0.082950
21677,-0.086807
21678,-0.024875
21679,0.005748
21680,-0.019802
21681,-0.018009
21682,-0.062954
21683,-0.010968
21684,0.009299
21685,0.035917
21686,0.062581
21687,0.116936
21688,0.138335
21689,0.036498
21690,-0.053233
21691,-0.066790
21692,-0.114594
21693,-0.071757
21694,-0.016033
21695,-0.002057
21696,0.047691
21697,0.044890
21698,0.024084
21699,0.057104
21700,0.029106
21701,-0.018803
21702,-0.057671
21703,-0.098849
21704,-0.067809
21705,-0.029309
21706,0.010816
21707,0.020353
21708,0.017868
21709,0.073068
21710,0.057753
21711,0.034632
21712,0.054139
21713,0.001482
21714,-0.049838
21715,-0.011962
21716,0.009058
21717,-0.022409
21718,-0.011872
21719,-0.045953
21720,-0.078982
21721,-0.029456
21722,-0.000271
21723,-0.017676
21724,0.013957
21725,0.066727
21726,0.052977
21727,-0.001379
21728,0.020479
21729,0.005145
21730,-0.035321
21731,0.004558
21732,0.039903
21733,0.007402
21734,-0.035127
21735,-0.020209
21736,-0.006870
21737,0.053428
21738,0.073224
21739,-0.008870
21740,-0.070670
21741,-0.024129
21742,-0.003434
21743,0.042816
21744,0.070200
21745,0.019135
21746,-0.042630
21747,-0.091839
21748,-0.125691
21749,-0.103411
21750,0.035842
21751,0.088951
21752,0.121500
21753,0.068878
21754,41.162434
21755,914.526367
21756,570.899902
21757,11.499841
21758,140.837616
21759,24.223137
21760,8.245575
21761,-0.386401
21762,3.628232
21763,2.818560
21764,-0.920317
21765,-11.655598
21766,-6.966501
21767,2.696891
21768,-8.510452
21769,-26.304470
21770,-18.596968
21771,-15.492324
21772,-12.057491
21773,6.515561
21774,26.495863
21775,44.794533
21776,43.913349
21777,31.445845
21778,4.618893
21779,-26.111279
21780,-56.481293
21781,-53.455772
21782,-3.354813
21783,33.572613
21784,34.046967
21785,-5.865403
21786,-14.292994
21787,-6.581217
21788,18.396782
21789,24.660612
21790,14.880914
21791,-12.884627
21792,-29.171513
21793,-3.719414
21794,15.997297
21795,4.827582
21796,-7.303607
21797,-10.768894
21798,-11.951002
21799,4.474500
21800,28.842319
21801,22.405033
21802,-12.409097
21803,-25.411142
21804,-30.919437
21805,-33.888588
21806,-30.208696
21807,-9.077752
21808,31.711967
21809,-0.007408
21810,-0.022846
21811,0.043057
21812,0.077978
21813,0.038531
21814,0.039909
21815,0.006126
21816,-0.035139
21817,-0.045408
21818,-0.045625
21819,-0.043619
21820,0.013821
21821,0.054755
21822,0.048545
21823,0.002169
21824,0.044642
21825,-0.054027
21826,-0.058917
21827,-0.011155
21828,-0.030002
21829,-0.042449
21830,-0.041340
21831,0.018549
21832,0.011154
21833,0.004835
21834,-0.014666
21835,0.011056
21836,0.057449
21837,0.067925
21838,0.020852
21839,0.004506
21840,0.008557
21841,0.020250
21842,0.024935
21843,-0.011217
21844,-0.023240
21845,-0.054872
21846,-0.068816
21847,-0.051095
21848,-0.019634
21849,0.040673
21850,0.065913
21851,0.044880
21852,-0.039096
21853,0.007365
21854,0.014056
21855,-0.006945
21856,-0.019150
21857,0.001838
21858,0.027496
21859,-0.032289
21860,-0.086122
21861,-0.055982
21862,0.042725
21863,0.070915
21864,0.037551
21865,0.027691
21866,-0.005082
21867,0.006717
21868,0.021800
21869,0.039303
21870,-0.007755
21871,-0.016058
21872,-0.051948
21873,-0.090655
21874,-0.104076
21875,-0.047599
21876,0.016496
21877,0.071790
21878,0.041432
21879,0.026880
21880,0.053553
21881,0.047262
21882,-0.014471
21883,-0.083265
21884,-0.065550
21885,-0.009702
21886,0.038951
21887,0.034348
21888,0.010772
21889,-0.008908
21890,0.003683
21891,-0.038590
21892,0.047346
21893,0.081312
21894,0.063325
21895,0.046174
21896,-0.018655
21897,-0.059408
21898,-0.047946
21899,-0.007141
21900,0.025741
21901,-0.015532
21902,-0.117704
21903,-0.120927
21904,-0.055986
21905,0.030145
21906,0.117791
21907,0.100596
21908,0.065040
21909,0.026880
21910,-0.060011
21911,-0.104499
21912,-0.040166
21913,-0.025832
21914,-0.007939
21915,0.081330
21916,0.102762
21917,0.046292
21918,-0.044206
21919,-0.062202
21920,-0.047157
21921,-0.055695
21922,-0.074334
21923,0.026520
21924,0.060155
21925,0.063760
21926,0.031879
21927,-0.012950
21928,-0.000165
21929,0.025065
21930,0.022777
21931,0.009662
21932,-0.025004
21933,-0.028808
21934,-0.010527
21935,-0.035258
21936,-0.021976
21937,-0.008005
21938,-0.024334
21939,-0.028908
21940,-0.023671
21941,-0.026889
21942,0.092964
21943,0.119330
21944,0.051661
21945,0.003727
21946,-0.075666
21947,-0.064907
21948,-0.042851
21949,0.017788
21950,0.079412
21951,0.062228
21952,0.013273
21953,-0.009095
21954,-0.032298
21955,-0.062714
21956,-0.086307
21957,-0.033565
21958,0.015181
21959,-0.004607
21960,-0.023976
21961,-0.016835
21962,-0.020073
21963,-0.016014
21964,0.040103
21965,0.055916
21966,0.032661
21967,-0.013250
21968,0.008033
21969,0.029150
21970,0.024858
21971,0.058561
21972,0.046872
21973,-0.000308
21974,0.011421
21975,0.010188
21976,0.018715
21977,-0.057059
21978,-0.056519
21979,-0.043670
21980,-0.082830
21981,-0.032857
21982,0.000668
21983,0.002134
21984,0.049931
21985,-0.000645
21986,-0.002096
21987,0.028963
21988,0.023878
21989,0.007091
21990,0.023397
21991,0.000424
21992,0.025002
21993,0.014547
21994,-0.032361
21995,-0.071288
21996,-0.048943
21997,0.006198
21998,0.059991
21999,0.058949
22000,0.006586
22001,-0.010908
22002,-0.058561
22003,-0.043984
22004,0.001938
22005,0.015025
22006,0.020562
22007,0.016693
22008,-0.017408
22009,0.005859
22010,-0.001399
22011,-0.081128
22012,-0.073032
22013,-0.008558
22014,0.015963
22015,0.062767
22016,0.054208
22017,0.062462
22018,0.029096
22019,0.005781
22020,-0.009510
22021,-0.033053
22022,-0.033944
22023,0.031122
22024,-0.005107
22025,-0.008082
22026,0.019611
22027,-0.017962
22028,0.019574
22029,0.042902
22030,0.022308
22031,-0.022637
22032,-0.036631
22033,-0.038622
22034,-0.022230
22035,-0.041048
22036,-0.064815
22037,-0.043114
22038,-0.019774
22039,-0.007618
22040,0.033470
22041,0.038292
22042,0.041726
22043,0.079037
22044,0.083307
22045,0.082488
22046,0.028717
22047,-0.006288
22048,-0.011707
22049,-0.000009
22050,0.032905
22051,0.005918
22052,-0.066789
22053,-0.082773
22054,-0.029853
22055,-0.043815
22056,-0.044149
22057,0.000341
22058,-0.012035
22059,-0.006263
22060,-0.050718
22061,-0.062350
22062,0.005580
22063,0.017371
22064,0.039568
22065,0.039236
22066,0.090465
22067,0.066738
22068,0.032156
22069,-0.030610
22070,-0.060045
22071,-0.028151
22072,-0.001243
22073,-0.016323
22074,-0.033204
22075,-0.011600
22076,0.030735
22077,0.022555
22078,0.042772
22079,0.041115
22080,0.032876
22081,-0.011918
22082,-0.107270
22083,-0.102023
22084,-0.053835
22085,-0.023529
22086,-0.006883
22087,0.030274
22088,0.048708
22089,-0.011656
22090,0.025199
22091,0.009427
22092,-0.020297
22093,-0.007561
22094,0.039166
22095,0.057208
22096,0.023719
22097,0.030115
22098,0.001825
22099,-0.009254
22100,0.005351
22101,0.001427
22102,0.028313
22103,0.013780
22104,0.035370
22105,0.028743
22106,-0.020267
22107,-0.074493
22108,-0.129563
22109,-0.104555
22110,-0.038649
22111,-0.016258
22112,0.063827
22113,0.047708
22114,0.078597
22115,0.107537
22116,0.050314
22117,0.037111
22118,-0.013981
22119,-0.070413
22120,-0.102434
22121,-0.027372
22122,0.030758
22123,-0.010710
22124,0.019899
22125,-0.025020
22126,-0.009050
22127,0.050398
22128,0.046916
22129,0.040091
22130,0.040129
22131,-0.036736
22132,-0.103617
22133,-0.081408
22134,-0.080363
22135,-0.019376
22136,0.044712
22137,0.072703
22138,0.035567
22139,0.015951
22140,0.027303
22141,-0.007440
22142,-0.008919
22143,-0.026588
22144,-0.006791
22145,-0.025439
22146,-0.015100
22147,0.029824
22148,0.041987
22149,0.069565
22150,0.087939
22151,-0.020782
22152,-0.011921
22153,-0.056379
22154,-0.087897
22155,-0.008271
22156,0.036791
22157,0.042868
22158,0.023345
22159,0.032340
22160,-0.059000
22161,-0.047611
22162,-0.029439
22163,0.011531
22164,0.015119
22165,-0.001986
22166,-0.070935
22167,-0.084514
22168,-0.052215
22169,-0.012301
22170,0.042860
22171,0.078327
22172,0.099605
22173,0.053748
22174,0.034863
22175,0.035165
22176,-0.065770
22177,-0.100833
22178,-0.049400
22179,-0.001177
22180,0.042134
22181,0.062680
22182,-0.015791
22183,-0.019855
22184,-0.000065
22185,0.005514
22186,0.014389
22187,-0.004969
22188,-0.015567
22189,-0.007904
22190,-0.048337
22191,-0.030466
22192,0.039043
22193,0.100187
22194,0.071454
22195,-0.028379
22196,-0.057620
22197,-0.062929
22198,-0.035814
22199,-0.014460
22200,0.024921
22201,0.040128
22202,0.021402
22203,0.029823
22204,0.038792
22205,0.002807
22206,-0.021340
22207,-0.068143
22208,51.732834
22209,949.134949
22210,556.918030
22211,11.942241
22212,187.240997
22213,7.853035
22214,22.101185
22215,16.407761
22216,6.020538
22217,-0.946138
22218,4.841092
22219,4.462941
22220,2.085420
22221,-4.408364
22222,-11.893908
22223,-24.558311
22224,8.919462
22225,33.676258
22226,29.014704
22227,-4.268240
22228,-28.501348
22229,-28.787346
22230,-15.925756
22231,1.734621
22232,3.199079
22233,7.378222
22234,0.508913
22235,14.982594
22236,32.007336
22237,8.783507
22238,-12.195954
22239,-16.297840
22240,-28.712467
22241,-24.556389
22242,-13.041538
22243,24.871395
22244,23.325788
22245,-2.505867
22246,-13.938182
22247,6.322790
22248,7.107558
22249,14.182054
22250,17.489466
22251,16.577768
22252,8.648046
22253,11.604196
22254,4.211294
22255,-21.344297
22256,-46.749462
22257,-57.552998
22258,-43.566170
22259,-12.144526
22260,11.067913
22261,27.189192
22262,38.021343
22263,-0.074146
22264,-0.082714
22265,0.021556
22266,0.050759
22267,0.056171
22268,0.055988
22269,0.034092
22270,0.009010
22271,-0.014163
22272,0.011880
22273,0.001565
22274,0.027730
22275,0.024315
22276,-0.014686
22277,-0.040734
22278,-0.006281
22279,-0.010369
22280,0.038011
22281,0.039695
22282,0.023136
22283,0.011398
22284,-0.024114
22285,-0.040846
22286,-0.073927
22287,-0.039230
22288,0.002461
22289,-0.015052
22290,-0.018131
22291,0.042552
22292,0.046898
22293,0.004394
22294,-0.010524
22295,-0.025698
22296,-0.015320
22297,-0.004541
22298,-0.008608
22299,-0.031804
22300,0.029488
22301,0.051073
22302,0.038922
22303,0.069347
22304,0.008015
22305,-0.024163
22306,-0.040553
22307,-0.131291
22308,-0.123437
22309,-0.026634
22310,0.034978
22311,0.103256
22312,0.054899
22313,0.018801
22314,0.035477
22315,0.019072
22316,0.011121
22317,0.027927
22318,-0.020365
22319,-0.015095
22320,-0.008174
22321,-0.056401
22322,-0.003859
22323,0.067528
22324,0.045113
22325,0.013321
22326,-0.045854
22327,-0.021556
22328,0.029568
22329,0.028107
22330,-0.009566
22331,-0.017766
22332,-0.046302
22333,-0.089755
22334,-0.053067
22335,-0.001518
22336,0.023400
22337,0.026855
22338,0.023513
22339,-0.003721
22340,-0.026642
22341,-0.030309
22342,0.038929
22343,0.025169
22344,0.011693
22345,0.037705
22346,0.019851
22347,-0.000176
22348,-0.001243
22349,-0.035102
22350,-0.045159
22351,-0.014359
22352,0.003103
22353,-0.009694
22354,0.004770
22355,0.009921
22356,-0.008989
22357,0.025451
22358,0.023662
22359,0.004996
22360,0.074371
22361,0.041536
22362,-0.029059
22363,-0.074392
22364,-0.070629
22365,-0.022380
22366,0.037103
22367,0.045656
22368,0.029920
22369,0.038960
22370,0.048626
22371,-0.000649
22372,-0.020872
22373,-0.024549
22374,-0.015583
22375,-0.017583
22376,-0.043946
22377,-0.067341
22378,-0.009312
22379,0.033620
22380,0.058505
22381,0.017058
22382,-0.001597
22383,-0.031935
22384,-0.089399
22385,-0.049610
22386,-0.009177
22387,-0.004501
22388,-0.004149
22389,0.039044
22390,0.039647
22391,0.045999
22392,0.059513
22393,0.013310
22394,-0.003591
22395,-0.022987
22396,-0.037424
22397,0.008432
22398,0.066411
22399,0.034762
22400,-0.033451
22401,-0.057161
22402,-0.038945
22403,-0.039988
22404,-0.057426
22405,-0.040451
22406,0.021295
22407,0.023207
22408,0.021044
22409,0.065490
22410,0.032113
22411,0.045008
22412,56.640785
22413,964.685913
22414,550.635437
22415,12.141028
22416,201.049103
22417,31.360960
22418,12.799873
22419,-13.553022
22420,4.225813
22421,-4.883363
22422,-8.155037
22423,3.426247
22424,15.274930
22425,4.188805
22426,-9.960643
22427,-21.458963
22428,-17.830111
22429,0.823847
22430,0.884479
22431,-5.433542
22432,-12.416671
22433,-15.655083
22434,-5.538543
22435,6.993085
22436,12.993285
22437,20.021664
22438,9.625955
22439,-17.697849
22440,-5.918032
22441,24.460136
22442,34.763252
22443,24.095394
22444,19.524261
22445,-16.203119
22446,-52.234863
22447,-48.151348
22448,-25.945065
22449,-0.608531
22450,13.868966
22451,35.605934
22452,31.430964
22453,16.833031
22454,-16.140093
22455,-33.413757
22456,-16.621254
22457,10.891983
22458,30.023560
22459,21.688536
22460,-2.144522
22461,-4.117201
22462,-6.996005
22463,-5.266793
22464,0.321811
22465,-15.960887
22466,-22.530888
22467,0.043151
22468,0.000431
22469,-0.094883
22470,-0.040778
22471,0.010784
22472,-0.033265
22473,-0.011927
22474,-0.013033
22475,0.006504
22476,0.006011
22477,-0.006078
22478,-0.000185
22479,-0.023823
22480,-0.014347
22481,0.018086
22482,0.005130
22483,-0.039385
22484,0.032128
22485,0.023220
22486,0.016902
22487,0.016137
22488,0.011214
22489,-0.034629
22490,-0.104306
22491,-0.103455
22492,-0.048400
22493,0.014407
22494,0.086054
22495,0.086424
22496,0.099166
22497,0.095145
22498,0.000970
22499,-0.063963
22500,-0.089258
22501,-0.061391
22502,-0.029280
22503,-0.017584
22504,-0.029620
22505,-0.023878
22506,0.001566
22507,0.043407
22508,0.077232
22509,0.107887
22510,0.108393
22511,0.046102
22512,0.004901
22513,-0.038425
22514,-0.097327
22515,-0.134591
22516,-0.068288
22517,0.010845
22518,0.010433
22519,0.026156
22520,0.011846
22521,0.013751
22522,0.042679
22523,0.007617
22524,-0.028735
22525,-0.044228
22526,-0.043063
22527,-0.011272
22528,0.023373
22529,0.074685
22530,0.048269
22531,0.038279
22532,0.033114
22533,-0.014103
22534,-0.072130
22535,-0.050135
22536,-0.060893
22537,-0.048666
22538,-0.046956
22539,0.008789
22540,0.040286
22541,0.019190
22542,0.011883
22543,0.005269
22544,0.025917
22545,0.021864
22546,0.037860
22547,0.017438
22548,-0.032601
22549,-0.062386
22550,-0.022188
22551,-0.001494
22552,0.045933
22553,0.114299
22554,0.095212
22555,0.027261
22556,0.019846
22557,0.016877
22558,-0.045540
22559,-0.100851
22560,-0.078662
22561,-0.078777
22562,-0.072581
22563,-0.058630
22564,-0.053628
22565,0.022828
22566,0.081470
22567,0.123382
22568,0.113637
22569,0.071545
22570,-0.006203
22571,-0.047692
22572,-0.080104
22573,-0.064993
22574,-0.039708
22575,-0.033487
22576,0.016197
22577,-0.018162
22578,-0.037187
22579,-0.024625
22580,-0.019227
22581,-0.008758
22582,0.057282
22583,0.116208
22584,0.104430
22585,0.055692
22586,0.002568
22587,-0.057971
22588,-0.068443
22589,-0.031407
22590,-0.057373
22591,-0.084518
22592,-0.040697
22593,0.000841
22594,0.059308
22595,0.070861
22596,0.039281
22597,0.019588
22598,0.004736
22599,-0.006878
22600,0.008609
22601,-0.004707
22602,-0.006904
22603,-0.007096
22604,-0.039684
22605,-0.033516
22606,0.006557
22607,-0.004923
22608,-0.016223
22609,0.001154
22610,0.030504
22611,0.067205
22612,0.071484
22613,0.063965
22614,0.043501
22615,-0.007776
22616,-0.031329
22617,-0.074158
22618,-0.061510
22619,-0.081658
22620,-0.012322
22621,0.062264
22622,0.052262
22623,-0.005150
22624,-0.026353
22625,-0.020032
22626,-0.017385
22627,-0.022086
22628,-0.023917
22629,-0.032174
22630,0.051345
22631,0.092795
22632,0.098150
22633,0.021156
22634,-0.047304
22635,-0.082316
22636,-0.085064
22637,-0.031138
22638,0.038108
22639,0.037177
22640,0.028368
22641,0.005921
22642,-0.080294
22643,-0.086869
22644,-0.008207
22645,0.066571
22646,0.099991
22647,0.063746
22648,0.045807
22649,0.008319
22650,-0.047458
22651,-0.050396
22652,-0.054617
22653,-0.042161
22654,0.022447
22655,0.016443
22656,-0.009956
22657,0.017791
22658,-0.010944
22659,0.018543
22660,0.023404
22661,0.032830
22662,0.059449
22663,-0.031227
22664,-0.029428
22665,0.023494
22666,62.534477
22667,984.048401
22668,542.812988
22669,12.388538
22670,218.120117
22671,-44.172749
22672,-35.209457
22673,-3.975269
22674,20.100086
22675,32.062836
22676,29.993158
22677,29.587049
22678,23.402418
22679,-6.793466
22680,-28.137024
22681,-19.494633
22682,1.629815
22683,-2.713493
22684,-0.295232
22685,-10.177922
22686,-12.192483
22687,-3.692715
22688,-14.541673
22689,-12.873455
22690,10.597044
22691,12.722154
22692,23.971140
22693,37.715679
22694,15.674950
22695,7.481459
22696,4.703606
22697,-16.617359
22698,-36.530579
22699,-40.054947
22700,-45.783619
22701,-17.524694
22702,10.184229
22703,27.984781
22704,33.404545
22705,31.571333
22706,28.936630
22707,25.662798
22708,3.515440
22709,0.247161
22710,-19.274807
22711,-45.613060
22712,-41.580101
22713,-13.587237
22714,15.295362
22715,15.232936
22716,-3.907126
22717,10.257016
22718,-0.383319
22719,-10.237416
22720,6.198329
22721,-0.009396
22722,-0.050825
22723,-0.054160
22724,-0.063710
22725,-0.022895
22726,0.026172
22727,0.010187
22728,0.004769
22729,0.021024
22730,0.045300
22731,0.048443
22732,0.003582
22733,-0.058199
22734,-0.043537
22735,-0.027902
22736,0.026800
22737,0.029850
22738,0.025866
22739,0.036269
22740,0.018243
22741,-0.029461
22742,-0.057694
22743,-0.036319
22744,-0.012575
22745,-0.003587
22746,0.080584
22747,0.033413
22748,-0.022859
22749,-0.008509
22750,-0.047065
22751,-0.035411
22752,0.012566
22753,0.002030
22754,0.049201
22755,0.052398
22756,0.002283
22757,-0.052004
22758,-0.078565
22759,-0.010305
22760,0.032845
22761,0.048024
22762,0.057097
22763,0.051070
22764,0.041410
22765,-0.005155
22766,-0.053014
22767,-0.063941
22768,-0.029559
22769,-0.034302
22770,-0.002714
22771,-0.013935
22772,0.021526
22773,0.034052
22774,0.001738
22775,-0.008468
22776,-0.024421
22777,0.022335
22778,0.041143
22779,-0.023571
22780,-0.061764
22781,-0.034750
22782,-0.021263
22783,0.006185
22784,0.015478
22785,0.025635
22786,0.017991
22787,-0.008678
22788,-0.017619
22789,0.000322
22790,0.015248
22791,0.051918
22792,-0.018251
22793,-0.028567
22794,-0.011218
22795,-0.047386
22796,-0.015410
22797,0.004828
22798,-0.001538
22799,0.029242
22800,0.089461
22801,0.049813
22802,-0.015347
22803,-0.003567
22804,-0.002264
22805,-0.011421
22806,0.008099
22807,-0.011177
22808,-0.037556
22809,-0.053065
22810,-0.036315
22811,0.033169
22812,-0.022641
22813,-0.002530
22814,0.066272
22815,0.023448
22816,-0.023779
22817,-0.033118
22818,-0.055612
22819,-0.026723
22820,0.042870
22821,0.053697
22822,0.057201
22823,-0.016349
22824,-0.012071
22825,0.009806
22826,-0.001114
22827,0.025657
22828,0.023766
22829,-0.018517
22830,-0.014072
22831,-0.044300
22832,-0.051632
22833,-0.060765
22834,-0.044061
22835,-0.018033
22836,0.010048
22837,0.043678
22838,0.109075
22839,0.064936
22840,-0.005998
22841,-0.018296
22842,-0.026054
22843,-0.052597
22844,-0.060542
22845,-0.053290
22846,0.016596
22847,0.025437
22848,0.016821
22849,0.004699
22850,0.021070
22851,0.045873
22852,-0.022057
22853,0.013027
22854,0.052625
22855,0.066968
22856,0.040531
22857,0.025225
22858,0.018645
22859,-0.031206
22860,-0.102221
22861,-0.102353
22862,-0.062196
22863,0.002846
22864,0.038198
22865,0.056380
22866,0.036525
22867,0.024888
22868,0.015627
22869,0.023173
22870,-0.003807
22871,-0.029935
22872,-0.013772
22873,0.047424
22874,0.066839
22875,0.056278
22876,0.040527
22877,0.018335
22878,0.011912
22879,-0.034686
22880,-0.027949
22881,-0.012850
22882,-0.030648
22883,-0.044526
22884,-0.020134
22885,-0.045982
22886,0.000163
22887,0.042213
22888,0.042657
22889,0.029604
22890,0.044423
22891,0.060376
22892,-0.004217
22893,-0.032525
22894,-0.010423
22895,-0.003067
22896,-0.000088
22897,-0.002253
22898,0.018538
22899,-0.023928
22900,-0.028547
22901,-0.006411
22902,-0.006355
22903,0.005442
22904,0.039465
22905,0.070190
22906,0.044338
22907,-0.012876
22908,-0.032642
22909,-0.021921
22910,-0.031364
22911,-0.039256
22912,-0.019970
22913,-0.014134
22914,-0.035697
22915,-0.003334
22916,-0.038818
22917,-0.004165
22918,0.047105
22919,0.007852
22920,-0.010056
22921,-0.029407
22922,-0.032144
22923,0.035002
22924,0.055695
22925,0.053709
22926,0.048302
22927,-0.026641
22928,-0.026908
22929,-0.011138
22930,-0.020502
22931,-0.008501
22932,-0.043463
22933,-0.046247
22934,-0.029237
22935,0.009868
22936,0.015566
22937,0.026367
22938,0.006563
22939,0.066352
22940,0.054951
22941,0.035605
22942,0.031159
22943,-0.037608
22944,-0.096682
22945,-0.053022
22946,0.028653
22947,0.078154
22948,0.084214
22949,0.060754
22950,0.005350
22951,-0.085847
22952,-0.105912
22953,-0.128221
22954,-0.088404
22955,-0.033073
22956,-0.035216
22957,0.016710
22958,0.065209
22959,0.084915
22960,0.100709
22961,0.048603
22962,0.041072
22963,0.022682
22964,-0.048201
22965,-0.000444
22966,0.022172
22967,-0.027261
22968,-0.032021
22969,-0.050920
22970,-0.038707
22971,0.005695
22972,-0.042472
22973,-0.036665
22974,-0.044240
22975,-0.041940
22976,0.026085
22977,0.074347
22978,0.083072
22979,0.082440
22980,0.011322
22981,-0.020799
22982,-0.059221
22983,-0.075839
22984,-0.007567
22985,0.027140
22986,-0.013918
22987,0.019314
22988,0.034454
22989,-0.008019
22990,0.011303
22991,0.023050
22992,0.034228
22993,0.000974
22994,-0.028368
22995,-0.074023
22996,-0.009661
22997,0.047608
22998,0.077546
22999,0.043169
23000,0.017657
23001,-0.008286
23002,-0.062693
23003,-0.113266
23004,-0.045187
23005,-0.025085
23006,0.003146
23007,0.072730
23008,0.021452
23009,-0.016041
23010,-0.015049
23011,-0.009285
23012,-0.012938
23013,0.020151
23014,0.034376
23015,0.019830
23016,-0.035959
23017,-0.060746
23018,-0.101688
23019,-0.061411
23020,0.019795
23021,0.037689
23022,0.029750
23023,0.043498
23024,0.029848
23025,-0.026414
23026,-0.012177
23027,0.013356
23028,0.012482
23029,-0.000731
23030,-0.040270
23031,-0.066374
23032,-0.021717
23033,0.029632
23034,0.070905
23035,0.094165
23036,0.089805
23037,0.043623
23038,-0.007659
23039,-0.040854
23040,-0.037098
23041,-0.020279
23042,0.020569
23043,0.048889
23044,-0.001206
23045,-0.014291
23046,-0.028326
23047,-0.018770
23048,0.009633
23049,-0.009279
23050,-0.000470
23051,-0.032797
23052,-0.060544
23053,-0.053971
23054,-0.062419
23055,-0.015079
23056,0.032310
23057,0.038563
23058,0.086879
23059,0.012725
23060,-0.007131
23061,-0.007202
23062,-0.017438
23063,-0.020019
23064,0.005290
23065,0.016951
23066,0.001238
23067,-0.009346
23068,-0.017858
23069,0.005952
23070,72.026260
23071,1014.845459
23072,530.370972
23073,12.782216
23074,260.709564
23075,-7.987582
23076,-8.146172
23077,9.598582
23078,23.346224
23079,24.922007
23080,19.953377
23081,12.196954
23082,-9.573191
23083,-29.524420
23084,-51.236477
23085,-47.733257
23086,-13.156230
23087,-1.912552
23088,11.003122
23089,7.157695
23090,22.728615
23091,24.964529
23092,14.635070
23093,9.732126
23094,21.818001
23095,29.842659
23096,33.917831
23097,12.867598
23098,-30.024797
23099,-55.727596
23100,-64.507133
23101,-45.022793
23102,1.345023
23103,26.213558
23104,31.545519
23105,40.440491
23106,23.440771
23107,5.451380
23108,-24.122223
23109,-24.359936
23110,-8.285832
23111,-20.572695
23112,-10.777608
23113,7.307544
23114,5.275544
23115,15.800554
23116,26.000395
23117,13.449236
23118,-7.795493
23119,-14.513786
23120,-31.053080
23121,-32.791328
23122,2.325741
23123,27.179083
23124,48.291039
23125,0.049574
23126,-0.009483
23127,-0.087502
23128,-0.089701
23129,-0.034063
23130,0.016018
23131,0.024980
23132,0.047178
23133,0.061834
23134,0.014234
23135,0.040852
23136,0.028208
23137,0.007094
23138,0.033274
23139,0.041283
23140,-0.007680
23141,-0.002138
23142,-0.033387
23143,-0.036554
23144,0.005539
23145,-0.024856
23146,-0.079111
23147,-0.089523
23148,-0.044440
23149,0.022731
23150,0.021719
23151,0.067673
23152,0.066830
23153,-0.001976
23154,0.041692
23155,0.023529
23156,-0.010555
23157,-0.031967
23158,-0.057708
23159,-0.106636
23160,-0.041404
23161,0.013245
23162,0.042274
23163,0.012503
23164,-0.019239
23165,0.029328
23166,-0.010458
23167,-0.004555
23168,0.053659
23169,0.061763
23170,0.026520
23171,0.028101
23172,0.026170
23173,0.006453
23174,-0.018184
23175,-0.024452
23176,-0.007921
23177,-0.035862
23178,-0.044526
23179,-0.033149
23180,-0.022853
23181,-0.051057
23182,-0.053344
23183,0.037953
23184,0.050180
23185,-0.006111
23186,-0.028676
23187,-0.030301
23188,-0.010465
23189,0.029688
23190,0.029006
23191,0.064075
23192,0.071941
23193,0.024212
23194,-0.040459
23195,-0.045330
23196,-0.027352
23197,-0.003420
23198,0.009440
23199,0.022096
23200,-0.013745
23201,0.010975
23202,0.011001
23203,-0.007372
23204,-0.010312
23205,-0.044849
23206,-0.026483
23207,-0.009171
23208,-0.050380
23209,-0.022974
23210,0.010241
23211,0.023822
23212,0.023975
23213,0.030063
23214,0.024502
23215,0.010825
23216,-0.003272
23217,0.011340
23218,0.008485
23219,-0.015613
23220,-0.023259
23221,-0.053629
23222,0.014648
23223,0.030669
23224,0.038109
23225,0.024587
23226,-0.023708
23227,-0.030889
23228,-0.041203
23229,-0.015011
23230,0.042033
23231,0.024336
23232,0.003955
23233,-0.045486
23234,-0.037503
23235,-0.016882
23236,-0.014042
23237,0.030517
23238,0.055384
23239,0.055101
23240,-0.012683
23241,-0.067090
23242,-0.034039
23243,0.041285
23244,0.076188
23245,0.055138
23246,0.042134
23247,0.034667
23248,-0.030819
23249,-0.056609
23250,-0.086893
23251,-0.087211
23252,-0.030991
23253,0.041684
23254,0.005324
23255,0.008726
23256,0.011088
23257,-0.004022
23258,-0.001741
23259,-0.001857
23260,0.003819
23261,-0.013777
23262,0.008150
23263,0.014487
23264,0.002640
23265,-0.009504
23266,-0.034668
23267,-0.046141
23268,-0.004806
23269,0.057811
23270,0.066161
23271,0.095532
23272,0.041436
23273,-0.059018
23274,-0.093546
23275,-0.065401
23276,-0.014654
23277,-0.008320
23278,0.057230
23279,0.062139
23280,0.065996
23281,0.028668
23282,-0.043329
23283,-0.015306
23284,-0.045090
23285,-0.011670
23286,-0.022715
23287,-0.005797
23288,0.006851
23289,0.026475
23290,0.032413
23291,0.002171
23292,0.025452
23293,-0.020121
23294,-0.017751
23295,0.038728
23296,0.018176
23297,0.006986
23298,-0.035167
23299,-0.008480
23300,0.020494
23301,0.052050
23302,0.007929
23303,-0.085996
23304,-0.105633
23305,-0.113347
23306,-0.066699
23307,-0.002694
23308,0.044067
23309,0.022372
23310,0.023213
23311,0.001402
23312,-0.002296
23313,0.036147
23314,0.070160
23315,0.067878
23316,-0.027111
23317,-0.014722
23318,0.012600
23319,0.037051
23320,-0.009180
23321,-0.032888
23322,-0.014259
23323,0.003568
23324,0.021978
23325,-0.053251
23326,-0.059651
23327,-0.073121
23328,-0.048379
23329,-0.066061
23330,-0.022306
23331,0.013808
23332,0.032584
23333,0.040034
23334,0.051360
23335,0.058213
23336,0.006654
23337,0.008148
23338,0.020161
23339,0.004866
23340,-0.024694
23341,-0.035765
23342,-0.033181
23343,-0.021758
23344,-0.051124
23345,-0.026309
23346,0.050404
23347,0.014589
23348,0.012165
23349,-0.003984
23350,-0.013010
23351,0.018096
23352,0.045661
23353,0.050952
23354,0.032331
23355,0.008529
23356,0.007096
23357,-0.051114
23358,-0.074738
23359,-0.045695
23360,-0.001045
23361,0.034284
23362,0.010964
23363,0.015432
23364,0.011949
23365,-0.019060
23366,0.013116
23367,0.003184
23368,0.007859
23369,-0.008256
23370,-0.032615
23371,-0.046821
23372,-0.063577
23373,-0.010788
23374,0.022810
23375,0.031142
23376,0.034745
23377,-0.022782
23378,-0.000354
23379,0.036283
23380,0.005201
23381,0.018902
23382,0.018651
23383,-0.003850
23384,-0.049660
23385,-0.026109
23386,0.005448
23387,0.016749
23388,-0.037561
23389,-0.038445
23390,-0.032490
23391,-0.013768
23392,0.011330
23393,0.004542
23394,0.001416
23395,0.022888
23396,0.031506
23397,0.053997
23398,0.055972
23399,0.019002
23400,-0.017285
23401,-0.042172
23402,-0.109109
23403,-0.071314
23404,-0.016733
23405,0.018238
23406,0.032231
23407,0.042694
23408,0.034622
23409,-0.010739
23410,0.008017
23411,-0.005098
23412,-0.002849
23413,0.000050
23414,-0.013368
23415,-0.002024
23416,-0.019572
23417,-0.064260
23418,-0.020059
23419,0.025263
23420,0.059769
23421,0.061733
23422,0.044271
23423,0.031888
23424,0.032580
23425,-0.010236
23426,-0.008115
23427,-0.014160
23428,-0.013530
23429,-0.005723
23430,-0.024452
23431,0.019616
23432,-0.024900
23433,-0.077758
23434,-0.032240
23435,-0.024311
23436,-0.031461
23437,0.012317
23438,0.051046
23439,0.045440
23440,0.053843
23441,0.001320
23442,0.015957
23443,0.002759
23444,-0.041508
23445,-0.012011
23446,-0.032155
23447,-0.026021
23448,0.008088
23449,0.000042
23450,0.042476
23451,0.054219
23452,0.014323
23453,-0.001935
23454,-0.011750
23455,-0.030572
23456,-0.030913
23457,-0.042358
23458,-0.065016
23459,-0.024171
23460,0.044250
23461,0.060682
23462,0.036890
23463,-0.011588
23464,-0.018374
23465,-0.006583
23466,0.029286
23467,-0.004937
23468,-0.019149
23469,-0.016276
23470,0.030842
23471,-0.006529
23472,0.011685
23473,0.019375
23474,0.034789
23475,0.035921
23476,0.007929
23477,0.023142
23478,-0.011896
23479,-0.083702
23480,-0.074541
23481,-0.020045
23482,0.013570
23483,0.043870
23484,0.052919
23485,0.028467
23486,-0.033860
23487,-0.021153
23488,-0.027737
23489,-0.043005
23490,-0.011530
23491,-0.008541
23492,-0.005454
23493,-0.003002
23494,-0.006048
23495,0.009411
23496,-0.035380
23497,-0.035541
23498,0.042452
23499,0.091106
23500,0.072277
23501,0.001429
23502,-0.017260
23503,-0.060112
23504,-0.033600
23505,-0.014236
23506,0.024560
23507,0.083911
23508,0.107748
23509,0.072000
23510,-0.003202
23511,-0.035690
23512,-0.085910
23513,-0.148472
23514,-0.088329
23515,-0.028657
23516,0.017420
23517,0.032043
23518,0.050289
23519,0.040767
23520,0.010295
23521,-0.003446
23522,-0.004274
23523,-0.023904
23524,-0.070405
23525,-0.043384
23526,0.008129
23527,0.049926
23528,0.086619
23529,0.088644
23530,0.081640
23531,0.011846
23532,-0.052034
23533,-0.069202
23534,-0.036439
23535,0.001008
23536,0.007031
23537,-0.009325
23538,-0.075196
23539,-0.063972
23540,0.009850
23541,-0.018387
23542,0.001727
23543,0.019564
23544,-0.024661
23545,-0.034659
23546,-0.018767
23547,0.020726
23548,0.046045
23549,0.056470
23550,-0.009643
23551,0.007415
23552,0.030345
23553,0.037263
23554,0.054439
23555,0.042852
23556,0.010257
23557,-0.033327
23558,-0.003307
23559,0.033136
23560,-0.005180
23561,0.002209
23562,-0.005022
23563,-0.031755
23564,-0.053553
23565,-0.075858
23566,-0.039358
23567,-0.005886
23568,-0.027537
23569,-0.019712
23570,-0.021958
23571,-0.038445
23572,-0.042360
23573,0.013745
23574,0.093968
23575,0.121868
23576,0.054255
23577,0.007478
23578,-0.016043
23579,-0.008448
23580,0.001828
23581,0.005527
23582,-0.004703
23583,-0.074326
23584,-0.015087
23585,-0.013563
23586,-0.019702
23587,0.007355
23588,-0.043816
23589,-0.009185
23590,0.019477
23591,-0.010315
23592,0.066233
23593,0.084331
23594,0.076351
23595,0.031538
23596,-0.062955
23597,-0.096035
23598,-0.075609
23599,-0.072908
23600,-0.020354
23601,-0.000215
23602,-0.041790
23603,-0.035855
23604,0.012094
23605,0.047149
23606,0.082895
23607,0.096210
23608,0.069762
23609,0.054713
23610,0.016615
23611,-0.021611
23612,0.002248
23613,-0.009732
23614,-0.002671
23615,0.011610
23616,0.003773
23617,-0.056068
23618,-0.112315
23619,-0.035819
23620,0.030347
23621,-0.010486
23622,0.002978
23623,0.015005
23624,0.032246
23625,0.019722
23626,0.006432
23627,-0.055978
23628,-0.072233
23629,-0.017782
23630,0.031292
23631,0.046029
23632,0.029886
23633,0.023353
23634,0.029967
23635,-0.023936
23636,0.017881
23637,-0.006246
23638,-0.023224
23639,-0.108713
23640,-0.046856
23641,0.075107
23642,0.088292
23643,0.059962
23644,-0.017873
23645,-0.077255
23646,-0.050475
23647,-0.059244
23648,-0.017871
23649,0.011343
23650,0.053630
23651,0.055020
23652,0.053097
23653,-0.012305
23654,-0.034661
23655,-0.013403
23656,-0.036228
23657,-0.037326
23658,0.005670
23659,0.062550
23660,0.065573
23661,0.063544
23662,0.025134
23663,0.000319
23664,-0.004022
23665,-0.024036
23666,0.014906
23667,-0.030265
23668,-0.063788
23669,-0.076309
23670,-0.033411
23671,-0.022439
23672,-0.009283
23673,0.078511
23674,0.086529
23675,0.032700
23676,0.015587
23677,-0.004196
23678,-0.039579
23679,-0.052593
23680,-0.021083
23681,-0.033501
23682,-0.029545
23683,-0.003137
23684,-0.003811
23685,0.021661
23686,-0.021540
23687,-0.062054
23688,-0.056161
23689,-0.029984
23690,0.047379
23691,0.078248
23692,0.032618
23693,0.077113
23694,0.040720
23695,-0.046582
23696,-0.062561
23697,-0.022160
23698,-0.006109
23699,0.054156
23700,0.050324
23701,0.034480
23702,0.038964
23703,-0.017445
23704,-0.015839
23705,-0.006798
23706,-0.012694
23707,-0.046615
23708,-0.075808
23709,-0.061220
23710,-0.021993
23711,0.006078
23712,0.032679
23713,0.060277
23714,0.032501
23715,0.035848
23716,0.038767
23717,-0.004218
23718,-0.024105
23719,-0.007822
23720,0.016537
23721,-0.019143
23722,0.003022
23723,-0.029549
23724,-0.033824
23725,0.000526
23726,0.025445
23727,-0.027450
23728,0.014280
23729,0.031373
23730,0.016413
23731,0.030505
23732,-0.019116
23733,-0.084919
23734,-0.069955
23735,-0.052577
23736,-0.007522
23737,0.017984
23738,0.056326
23739,0.006227
23740,-0.014610
23741,-0.006611
23742,-0.015049
23743,-0.012708
23744,-0.014771
23745,-0.016376
23746,0.013839
23747,0.027902
23748,0.021998
23749,0.038668
23750,0.020097
23751,-0.019968
23752,-0.015199
23753,0.019897
23754,0.035179
23755,0.004137
23756,0.037824
23757,-0.016866
23758,-0.049156
23759,-0.061343
23760,-0.050567
23761,-0.043963
23762,-0.019333
23763,-0.000244
23764,0.005052
23765,0.036277
23766,0.046863
23767,0.026794
23768,0.034890
23769,-0.020201
23770,0.005545
23771,-0.047183
23772,-0.025153
23773,0.034087
23774,0.004065
23775,0.006058
23776,0.029833
23777,-0.026008
23778,-0.035329
23779,-0.051745
23780,-0.009509
23781,0.032868
23782,0.004253
23783,0.003778
23784,0.001096
23785,0.043525
23786,0.076816
23787,0.029139
23788,0.016583
23789,-0.001818
23790,-0.035619
23791,-0.032001
23792,-0.056978
23793,-0.083888
23794,-0.039770
23795,-0.003782
23796,0.026138
23797,0.101249
23798,0.094046
23799,0.079569
23800,0.051408
23801,0.060914
23802,0.026333
23803,-0.098983
23804,-0.144610
23805,-0.159432
23806,-0.128835
23807,-0.040967
23808,0.047924
23809,0.103052
23810,0.086396
23811,0.034754
23812,0.020833
23813,0.002812
23814,-0.020858
23815,-0.018091
23816,-0.071532
23817,-0.080521
23818,-0.052885
23819,-0.032472
23820,0.008915
23821,0.069629
23822,0.051444
23823,0.061994
23824,0.092874
23825,0.061019
23826,0.051343
23827,0.022521
23828,-0.015275
23829,-0.037541
23830,-0.063536
23831,-0.024981
23832,0.003517
23833,-0.006991
23834,-0.019102
23835,-0.053338
23836,-0.037876
23837,0.001606
23838,-0.034242
23839,0.050349
23840,0.110973
23841,0.130490
23842,0.093171
23843,0.010574
23844,-0.092683
23845,-0.145160
23846,-0.091148
23847,-0.022855
23848,-0.014420
23849,0.008255
23850,-0.015044
23851,-0.025493
23852,-0.043120
23853,0.001982
23854,0.055425
23855,0.035820
23856,-0.009592
23857,-0.037602
23858,-0.036114
23859,0.001563
23860,0.012052
23861,0.024234
23862,0.028306
23863,0.010387
23864,-0.006587
23865,-0.021255
23866,-0.045627
23867,-0.040129
23868,-0.039023
23869,-0.015128
23870,0.024726
23871,0.085558
23872,0.102731
23873,0.064789
23874,0.037553
23875,0.047920
23876,0.049463
23877,0.026214
23878,-0.032219
23879,-0.080181
23880,-0.089131
23881,-0.097054
23882,-0.076960
23883,-0.017325
23884,0.031653
23885,0.085953
23886,0.084111
23887,0.015656
23888,-0.041086
23889,-0.053007
23890,-0.044643
23891,0.020351
23892,0.010579
23893,0.021617
23894,0.036564
23895,0.008701
23896,-0.024028
23897,-0.032727
23898,-0.019172
23899,-0.002536
23900,0.011811
23901,0.023581
23902,-0.014145
23903,0.003243
23904,0.032310
23905,0.000352
23906,0.013239
23907,-0.008937
23908,-0.038921
23909,-0.021085
23910,-0.009255
23911,0.019915
23912,-0.024030
23913,-0.007825
23914,0.024216
23915,-0.033121
23916,-0.033679
23917,-0.041305
23918,-0.001180
23919,-0.015123
23920,0.051464
23921,0.074517
23922,0.071489
23923,0.022990
23924,91.996918
23925,1079.946167
23926,504.070251
23927,13.614396
23928,330.096802
23929,-10.041119
23930,5.487041
23931,14.380109
23932,17.519789
23933,19.163527
23934,24.705473
23935,10.699448
23936,-22.082146
23937,-52.880493
23938,-51.012066
23939,-38.010658
23940,-9.923928
23941,36.861584
23942,57.106216
23943,65.152336
23944,50.358349
23945,4.530447
23946,-42.342094
23947,-66.949364
23948,-42.277149
23949,12.141822
23950,42.380848
23951,37.950638
23952,-7.370875
23953,-37.783630
23954,-49.241364
23955,-37.064911
23956,-18.961273
23957,5.035009
23958,39.722431
23959,58.868721
23960,27.711903
23961,25.775698
23962,26.690115
23963,-9.254132
23964,-31.256294
23965,-45.056568
23966,-39.737549
23967,-15.721666
23968,13.406050
23969,26.069899
23970,26.111021
23971,9.751252
23972,-6.457568
23973,-12.413557
23974,-26.355883
23975,-3.731117
23976,16.763304
23977,16.378780
23978,-1.469455
23979,-0.001513
23980,-0.043836
23981,-0.095067
23982,-0.019687
23983,-0.024356
23984,-0.040420
23985,0.012744
23986,0.035710
23987,0.045801
23988,0.068190
23989,0.088599
23990,0.092266
23991,0.087895
23992,-0.030386
23993,-0.079808
23994,-0.089645
23995,-0.105678
23996,-0.059490
23997,-0.027388
23998,-0.006975
23999,0.036150
24000,0.038445
24001,0.036359
24002,0.039335
24003,-0.011681
24004,0.018479
24005,0.005960
24006,-0.010851
24007,-0.038357
24008,-0.039336
24009,-0.032273
24010,-0.040595
24011,-0.036438
24012,-0.001739
24013,-0.007047
24014,0.070758
24015,0.045220
24016,-0.000747
24017,-0.054610
24018,-0.028841
24019,0.003502
24020,0.029036
24021,0.066561
24022,0.063080
24023,0.014839
24024,-0.001807
24025,-0.028026
24026,-0.020534
24027,0.023525
24028,0.019380
24029,0.002375
24030,-0.030040
24031,-0.019621
24032,-0.018723
24033,-0.015748
24034,-0.048463
24035,-0.011591
24036,-0.000123
24037,0.005413
24038,0.068173
24039,0.071733
24040,-0.017575
24041,-0.049510
24042,-0.041574
24043,-0.022135
24044,0.039131
24045,0.029743
24046,0.009406
24047,-0.028717
24048,-0.053476
24049,-0.019519
24050,-0.034431
24051,-0.048185
24052,0.032515
24053,0.034080
24054,-0.014635
24055,-0.014121
24056,-0.078363
24057,0.007027
24058,0.073408
24059,0.055801
24060,0.080959
24061,0.093603
24062,0.093118
24063,0.043136
24064,-0.027226
24065,-0.065129
24066,-0.059554
24067,-0.070030
24068,-0.098828
24069,-0.075512
24070,-0.038329
24071,-0.038533
24072,0.012306
24073,0.035112
24074,0.061581
24075,0.067175
24076,0.016782
24077,0.020389
24078,0.005351
24079,-0.039527
24080,-0.039528
24081,-0.056615
24082,-0.028342
24083,-0.018435
24084,-0.006789
24085,0.029781
24086,0.061723
24087,0.082843
24088,0.069090
24089,0.022068
24090,0.049736
24091,0.000195
24092,-0.048301
24093,-0.051158
24094,-0.056850
24095,-0.062826
24096,-0.058850
24097,-0.026447
24098,0.044196
24099,0.046320
24100,0.027968
24101,0.026685
24102,0.023238
24103,-0.020641
24104,-0.051031
24105,-0.034689
24106,0.009659
24107,0.005383
24108,0.020147
24109,0.037326
24110,0.019701
24111,-0.005908
24112,0.003727
24113,-0.013867
24114,0.025857
24115,0.003141
24116,-0.014340
24117,0.014708
24118,0.010002
24119,0.013217
24120,-0.021228
24121,-0.001964
24122,-0.058135
24123,-0.044783
24124,-0.000138
24125,-0.025563
24126,-0.011685
24127,0.007016
24128,-0.035540
24129,0.008956
24130,0.006624
24131,-0.031669
24132,0.010887
24133,0.073489
24134,0.057901
24135,0.013628
24136,-0.028693
24137,0.003083
24138,-0.024952
24139,-0.025032
24140,0.000842
24141,-0.008200
24142,-0.006148
24143,0.014781
24144,0.032031
24145,0.011020
24146,0.026648
24147,0.024844
24148,-0.014917
24149,-0.029425
24150,0.008879
24151,0.026059
24152,-0.013277
24153,-0.045630
24154,-0.076758
24155,-0.079288
24156,-0.069652
24157,-0.061942
24158,-0.028385
24159,0.059830
24160,0.118121
24161,0.143625
24162,0.103440
24163,0.093543
24164,0.067082
24165,0.010245
24166,-0.044343
24167,-0.082578
24168,-0.070990
24169,-0.029141
24170,-0.034154
24171,-0.050548
24172,-0.030012
24173,-0.018909
24174,0.003491
24175,0.006876
24176,0.033556
24177,0.024257
24178,0.011254
24179,-0.045244
24180,-0.032011
24181,-0.017101
24182,-0.062018
24183,-0.024310
24184,0.037855
24185,0.027283
24186,0.021486
24187,0.056968
24188,0.048304
24189,0.013981
24190,-0.038516
24191,-0.042060
24192,-0.036950
24193,-0.064883
24194,-0.046552
24195,0.022535
24196,0.066642
24197,0.108629
24198,0.043691
24199,0.035083
24200,-0.047244
24201,-0.074954
24202,-0.060866
24203,-0.002060
24204,0.041193
24205,0.017940
24206,0.028529
24207,0.003455
24208,-0.040438
24209,-0.032531
24210,-0.029880
24211,0.010055
24212,0.027654
24213,0.049050
24214,0.034287
24215,0.024492
24216,-0.010515
24217,-0.046703
24218,-0.034173
24219,0.000045
24220,0.040726
24221,0.034478
24222,-0.009378
24223,0.002160
24224,-0.017772
24225,-0.029695
24226,-0.001476
24227,-0.027232
24228,-0.112459
24229,-0.067085
24230,-0.023790
24231,0.025453
24232,0.066363
24233,0.080324
24234,0.085319
24235,0.053955
24236,-0.061490
24237,-0.098479
24238,-0.096783
24239,-0.075610
24240,-0.048948
24241,0.017420
24242,0.095367
24243,0.078348
24244,0.089246
24245,0.075482
24246,0.006028
24247,-0.022237
24248,0.007305
24249,-0.023797
24250,-0.026478
24251,0.012030
24252,-0.025806
24253,-0.048030
24254,-0.025313
24255,-0.024444
24256,-0.005154
24257,0.023060
24258,-0.010331
24259,-0.015516
24260,0.058655
24261,0.085626
24262,0.027173
24263,-0.034850
24264,-0.080026
24265,-0.063956
24266,-0.032286
24267,0.054964
24268,0.077340
24269,0.021084
24270,0.008053
24271,-0.027953
24272,-0.070664
24273,-0.052124
24274,-0.024631
24275,-0.004517
24276,0.028565
24277,0.033889
24278,0.021613
24279,-0.006211
24280,0.017347
24281,0.016566
24282,0.013177
24283,0.002684
24284,-0.013474
24285,-0.039595
24286,-0.026991
24287,0.015796
24288,0.022545
24289,0.057434
24290,0.020748
24291,0.001748
24292,0.020974
24293,0.013998
24294,-0.020167
24295,-0.037761
24296,-0.027469
24297,-0.071144
24298,-0.018093
24299,-0.034033
24300,-0.028963
24301,-0.080050
24302,-0.049447
24303,0.032336
24304,0.026154
24305,0.031825
24306,0.057944
24307,0.097564
24308,0.101243
24309,0.012885
24310,-0.020171
24311,-0.070514
24312,-0.077971
24313,-0.087701
24314,-0.069479
24315,-0.005581
24316,0.009153
24317,0.052266
24318,0.077245
24319,0.070709
24320,0.065477
24321,0.018800
24322,0.013314
24323,0.013303
24324,0.023391
24325,-0.006752
24326,-0.069505
24327,-0.048031
24328,-0.017768
24329,0.018359
24330,0.073541
24331,0.045092
24332,0.006850
24333,-0.061369
24334,-0.076889
24335,-0.055208
24336,-0.059336
24337,0.012818
24338,0.017586
24339,-0.001226
24340,-0.007007
24341,0.036433
24342,-0.000063
24343,-0.012219
24344,-0.030150
24345,-0.038091
24346,0.038275
24347,0.096624
24348,0.091674
24349,0.042635
24350,-0.027463
24351,-0.077875
24352,-0.049458
24353,-0.029219
24354,0.023289
24355,0.018717
24356,-0.000649
24357,0.028189
24358,0.039721
24359,-0.004961
24360,-0.049801
24361,-0.036311
24362,0.015400
24363,-0.007765
24364,0.000424
24365,0.072822
24366,0.040948
24367,-0.017094
24368,-0.030019
24369,-0.053066
24370,-0.005029
24371,-0.008605
24372,0.014752
24373,0.015768
24374,-0.016177
24375,-0.037774
24376,-0.048754
24377,-0.002574
24378,0.010688
24379,-0.066634
24380,-0.056128
24381,-0.029099
24382,0.036130
24383,0.034473
24384,0.029187
24385,0.034994
24386,0.007030
24387,0.014317
24388,0.056581
24389,0.073946
24390,0.071714
24391,0.059724
24392,-0.001903
24393,-0.072666
24394,-0.066577
24395,-0.059464
24396,-0.024719
24397,-0.022409
24398,-0.039315
24399,-0.031686
24400,0.006223
24401,0.012337
24402,0.007014
24403,0.109405
24404,0.086554
24405,0.055072
24406,0.018240
24407,0.008710
24408,-0.019181
24409,-0.065896
24410,-0.033199
24411,-0.042381
24412,-0.088487
24413,-0.114213
24414,-0.085929
24415,0.021015
24416,0.101057
24417,0.063576
24418,0.025668
24419,-0.003591
24420,-0.016109
24421,-0.034200
24422,-0.039511
24423,0.004089
24424,-0.039914
24425,0.021184
24426,-0.000475
24427,-0.026695
24428,0.011906
24429,0.025272
24430,0.006822
24431,-0.000608
24432,-0.001824
24433,0.034611
24434,0.073839
24435,0.070457
24436,0.035309
24437,0.009985
24438,-0.002747
24439,-0.010247
24440,-0.074008
24441,-0.069141
24442,-0.031659
24443,0.050829
24444,0.070996
24445,0.039487
24446,0.049138
24447,-0.018616
24448,-0.058842
24449,-0.028389
24450,-0.032952
24451,-0.048595
24452,-0.022546
24453,-0.011458
24454,-0.023541
24455,-0.024175
24456,0.017127
24457,0.016205
24458,0.006192
24459,-0.019068
24460,-0.006993
24461,0.039674
24462,-0.018074
24463,0.012149
24464,-0.011527
24465,-0.029152
24466,0.000070
24467,-0.013627
24468,-0.004577
24469,-0.013646
24470,-0.003289
24471,0.012897
24472,0.019207
24473,0.018854
24474,0.040552
24475,0.032692
24476,-0.000996
24477,-0.009067
24478,0.010965
24479,0.004882
24480,0.000155
24481,-0.003052
24482,-0.005488
24483,-0.002775
24484,0.037435
24485,0.007047
24486,-0.007563
24487,-0.029898
24488,-0.029875
24489,-0.028057
24490,-0.049722
24491,-0.011050
24492,0.043572
24493,0.019872
24494,0.025345
24495,0.008459
24496,-0.023987
24497,0.025217
24498,0.030562
24499,0.017628
24500,-0.011839
24501,-0.017746
24502,0.023433
24503,-0.000728
24504,-0.056584
24505,-0.043190
24506,0.012416
24507,-0.005547
24508,0.052034
24509,0.045288
24510,0.008674
24511,-0.001834
24512,-0.019303
24513,-0.013917
24514,-0.049498
24515,-0.091955
24516,-0.050692
24517,-0.018831
24518,0.028784
24519,0.014212
24520,0.035345
24521,0.069362
24522,0.047745
24523,0.038527
24524,0.029798
24525,-0.000250
24526,-0.049398
24527,-0.047228
24528,-0.007760
24529,-0.022930
24530,0.001099
24531,0.031141
24532,0.000076
24533,0.049662
24534,0.081454
24535,0.038313
24536,0.016083
24537,-0.099416
24538,-0.127180
24539,-0.098678
24540,-0.054871
24541,0.023673
24542,0.083444
24543,0.094717
24544,0.045856
24545,-0.009293
24546,-0.003480
24547,0.010783
24548,-0.047509
24549,-0.051202
24550,0.012777
24551,0.011163
24552,0.000923
24553,0.004904
24554,-0.011573
24555,-0.023570
24556,-0.010193
24557,0.017261
24558,-0.010420
24559,0.037956
24560,0.072797
24561,0.024461
24562,0.038257
24563,0.029880
24564,0.025355
24565,-0.023386
24566,-0.058945
24567,-0.080716
24568,-0.061027
24569,-0.032009
24570,-0.022939
24571,-0.031348
24572,-0.022897
24573,-0.022185
24574,0.021843
24575,0.042107
24576,0.098267
24577,0.099923
24578,0.045578
24579,-0.004638
24580,0.029992
24581,0.044449
24582,-0.033036
24583,-0.039084
24584,0.002316
24585,-0.044340
24586,-0.020012
24587,0.051322
24588,0.030307
24589,0.009302
24590,0.003937
24591,-0.010978
24592,0.021972
24593,-0.002939
24594,-0.036145
24595,-0.032171
24596,-0.052195
24597,-0.033786
24598,0.031109
24599,0.074223
24600,0.064083
24601,0.048157
24602,0.007470
24603,-0.071839
24604,-0.076143
24605,0.000230
24606,-0.026752
24607,-0.042283
24608,-0.001953
24609,-0.012578
24610,-0.053417
24611,-0.002445
24612,0.021846
24613,0.044978
24614,0.068867
24615,0.036508
24616,0.040302
24617,0.033423
24618,0.021481
24619,0.035294
24620,0.018521
24621,-0.023972
24622,-0.088538
24623,-0.100802
24624,-0.141492
24625,-0.085384
24626,0.004791
24627,0.052421
24628,108.515968
24629,1133.612305
24630,482.389130
24631,14.300408
24632,375.236084
24633,0.602790
24634,-22.138075
24635,-47.958401
24636,-44.192635
24637,-16.548836
24638,4.159352
24639,37.623501
24640,31.087090
24641,12.144512
24642,12.279229
24643,14.424992
24644,6.240885
24645,0.963948
24646,0.008465
24647,0.068361
24648,0.141856
24649,0.135321
24650,0.082476
24651,0.045434
24652,-0.012290
24653,-0.062499
24654,-0.068330
24655,-0.073270
24656,-0.101050
24657,-0.052629
24658,0.004071
24659,0.009652
24660,0.006308
24661,-0.003001
24662,0.026594
24663,-0.013129
24664,-0.017098
24665,0.001907
24666,-0.024418
24667,-0.033497
24668,-0.000040
24669,0.012699
24670,0.041782
24671,0.025111
24672,0.053508
24673,0.048508
24674,-0.037070
24675,-0.060338
24676,-0.030788
24677,0.019877
24678,0.045742
24679,0.046083
24680,0.027729
24681,0.005420
24682,-0.041540
24683,-0.055474
24684,-0.081409
24685,-0.057366
24686,-0.001910
24687,0.039121
24688,0.053365
24689,0.019314
24690,-0.012550
24691,-0.006017
24692,0.025210
24693,-0.004501
24694,0.040646
24695,0.053076
24696,376.441833
24697,459.307007
24698,4.621528
24699,583.280273
24700,-62.789593
24701,-22.478632
24702,12.753901
24703,24.211763
24704,20.338957
24705,28.695496
24706,19.926142
24707,19.905909
24708,10.055877
24709,-9.342647
24710,-14.469995
24711,-15.844099
24712,-18.344221
24713,-26.897131
24714,-24.750872
24715,1.699446
24716,23.126356
24717,26.020203
24718,-2.510163
24719,-0.902786
24720,7.833687
24721,8.807762
24722,-3.826916
24723,-22.174665
24724,-26.096313
24725,4.587375
24726,22.280550
24727,17.541918
24728,22.325489
24729,41.405476
24730,38.517998
24731,5.175038
24732,-30.389170
24733,-46.142113
24734,-64.176941
24735,-71.941467
24736,-32.071815
24737,29.976805
24738,73.501396
24739,56.696804
24740,25.599667
24741,-7.043012
24742,-22.897200
24743,-27.454395
24744,-19.878328
24745,8.156375
24746,24.522711
24747,22.459614
24748,-5.317520
24749,-9.827943
24750,-0.049218
24751,-0.025750
24752,-0.050263
24753,-0.075630
24754,-0.039898
24755,-0.006813
24756,0.030492
24757,0.070238
24758,0.069949
24759,0.079615
24760,0.041214
24761,-0.045647
24762,-0.052792
24763,-0.014872
24764,0.028712
24765,0.028265
24766,-0.016320
24767,-0.042831
24768,-0.064176
24769,-0.028949
24770,0.024323
24771,0.022342
24772,0.077435
24773,0.053581
24774,-0.003521
24775,-0.030356
24776,-0.047360
24777,-0.045887
24778,-0.004655
24779,-0.074501
24780,-0.051937
24781,0.001114
24782,-0.015296
24783,-0.031694
24784,-0.038703
24785,0.021646
24786,0.082257
24787,0.065446
24788,0.051961
24789,0.020283
24790,-0.047118
24791,-0.058915
24792,-0.037702
24793,0.035300
24794,0.036755
24795,0.041761
24796,0.042771
24797,0.054502
24798,0.022581
24799,-0.075179
24800,-0.091494
24801,-0.078921
24802,-0.014575
24803,0.014054
24804,-0.001179
24805,0.034022
24806,0.040846
24807,0.086046
24808,0.098756
24809,0.053428
24810,0.058684
24811,0.017611
24812,-0.090253
24813,-0.107554
24814,-0.095423
24815,-0.095741
24816,-0.040110
24817,-0.002403
24818,0.045590
24819,0.060310
24820,0.024481
24821,0.041157
24822,0.066852
24823,0.036874
24824,0.010331
24825,-0.043439
24826,-0.045382
24827,-0.028209
24828,-0.067436
24829,-0.076576
24830,-0.061471
24831,-0.001346
24832,0.049099
24833,0.057081
24834,0.038455
24835,0.011328
24836,-0.036215
24837,-0.022746
24838,-0.028043
24839,-0.017679
24840,0.013888
24841,0.026188
24842,0.009185
24843,-0.003576
24844,0.029834
24845,0.040583
24846,0.024681
24847,0.056714
24848,0.035808
24849,-0.021699
24850,-0.098378
24851,-0.095984
24852,0.005715
24853,0.054693
24854,0.052834
24855,0.042251
24856,0.075983
24857,0.051353
24858,0.004688
24859,-0.036798
24860,-0.079719
24861,-0.058139
24862,-0.099983
24863,-0.052852
24864,0.002408
24865,0.020604
24866,0.005349
24867,0.004104
24868,0.033244
24869,0.025898
24870,-0.001150
24871,0.014053
24872,0.025161
24873,0.023429
24874,-0.002056
24875,-0.012968
24876,-0.010285
24877,-0.020262
24878,-0.035654
24879,-0.019970
24880,-0.003017
24881,-0.003473
24882,-0.011204
24883,0.027848
24884,0.023883
24885,-0.001755
24886,-0.002167
24887,-0.013486
24888,-0.030981
24889,-0.049850
24890,-0.029008
24891,-0.034412
24892,0.030043
24893,0.060201
24894,0.010650
24895,0.060451
24896,0.036099
24897,-0.003865
24898,-0.015577
24899,-0.028931
24900,-0.039059
24901,0.009618
24902,0.065940
24903,0.088934
24904,0.020160
24905,-0.019214
24906,-0.033615
24907,-0.041966
24908,-0.020201
24909,0.058668
24910,0.000117
24911,-0.053239
24912,-0.029812
24913,-0.038409
24914,-0.037589
24915,-0.001035
24916,0.001753
24917,0.016191
24918,-0.008164
24919,-0.022910
24920,0.006308
24921,0.016789
24922,0.000197
24923,0.036099
24924,0.052704
24925,0.037920
24926,0.026676
24927,-0.038221
24928,-0.043493
24929,-0.007106
24930,-0.038547
24931,-0.052515
24932,-0.015615
24933,0.013602
24934,-0.001416
24935,-0.035359
24936,-0.035380
24937,-0.008378
24938,0.020843
24939,0.067580
24940,0.114602
24941,0.100465
24942,0.042211
24943,-0.060110
24944,-0.054628
24945,-0.066718
24946,-0.075864
24947,-0.019167
24948,-0.021184
24949,0.016873
24950,0.038339
24951,0.047328
24952,0.007754
24953,-0.010264
24954,-0.012798
24955,-0.002065
24956,-0.020286
24957,0.010228
24958,0.070851
24959,0.030815
24960,0.004995
24961,-0.022247
24962,-0.032218
24963,-0.017049
24964,-0.050799
24965,-0.032448
24966,-0.015417
24967,-0.010383
24968,0.059629
24969,0.124331
24970,0.046355
24971,-0.014780
24972,-0.007763
24973,-0.093270
24974,-0.093652
24975,-0.066933
24976,-0.036816
24977,0.006682
24978,0.029576
24979,0.061742
24980,0.100438
24981,0.048757
24982,0.026942
24983,0.058420
24984,-0.031790
24985,-0.098855
24986,-0.078106
24987,-0.016169
24988,-0.050586
24989,-0.026009
24990,-0.001345
24991,0.039708
24992,0.024589
24993,0.029577
24994,0.037553
24995,0.006036
24996,-0.007154
24997,0.024957
24998,0.059827
24999,0.053868
25000,-0.011028
25001,-0.071750
25002,-0.055952
25003,-0.016685
25004,-0.000521
25005,-0.010654
25006,0.000598
25007,-0.005887
25008,-0.001558
25009,0.015649
25010,-0.012149
25011,-0.032261
25012,0.010073
25013,0.038591
25014,0.049852
25015,0.032320
25016,0.010652
25017,-0.009032
25018,-0.061463
25019,-0.024420
25020,-0.028352
25021,-0.076908
25022,-0.040982
25023,-0.019222
25024,0.012426
25025,-0.015156
25026,0.005467
25027,0.054183
25028,0.050401
25029,-0.003310
25030,0.001567
25031,0.020947
25032,0.021588
25033,-0.016348
25034,-0.027762
25035,0.009104
25036,0.022795
25037,0.029379
25038,0.046332
25039,0.029411
25040,0.035194
25041,0.028652
25042,-0.002965
25043,-0.020426
25044,-0.023555
25045,-0.051126
25046,-0.041840
25047,-0.057334
25048,-0.093206
25049,-0.057872
25050,0.011909
25051,0.063080
25052,0.077947
25053,0.034638
25054,0.001765
25055,-0.006480
25056,-0.004823
25057,-0.030118
25058,0.009901
25059,0.058109
25060,0.018638
25061,-0.001174
25062,-0.050056
25063,-0.075385
25064,-0.025046
25065,-0.057860
25066,0.020655
25067,0.083255
25068,0.023977
25069,0.032770
25070,0.025155
25071,-0.021574
25072,0.017722
25073,-0.047419
25074,-0.018602
25075,0.020624
25076,-0.021565
25077,0.000940
25078,0.000875
25079,-0.001431
25080,-0.051574
25081,-0.083813
25082,-0.002942
25083,0.006741
25084,-0.018381
25085,0.023295
25086,0.074537
25087,0.079065
25088,0.049847
25089,0.002948
25090,-0.023842
25091,-0.025215
25092,0.027722
25093,-0.003941
25094,0.008300
25095,0.034436
25096,0.003087
25097,-0.022781
25098,-0.005119
25099,-0.045645
25100,407.238892
25101,471.932434
25102,5.015205
25103,548.392700
25104,-4.191313
25105,3.756168
25106,13.909709
25107,2.192217
25108,-2.245081
25109,7.449117
25110,20.693466
25111,15.514728
25112,22.190645
25113,13.402724
25114,-29.268194
25115,-54.808449
25116,-62.829079
25117,-26.806198
25118,10.476264
25119,32.541122
25120,34.188164
25121,21.879650
25122,9.571726
25123,-12.135701
25124,-14.354088
25125,5.943759
25126,28.527521
25127,35.287960
25128,14.935374
25129,-15.725263
25130,-14.208941
25131,-21.791273
25132,-19.293871
25133,-11.046584
25134,-9.887482
25135,-12.310272
25136,-1.600965
25137,-8.183062
25138,-1.392922
25139,15.931828
25140,21.896904
25141,16.423897
25142,10.441374
25143,8.721653
25144,13.457883
25145,5.013637
25146,-16.536869
25147,-29.094034
25148,-17.228104
25149,2.168451
25150,-2.620676
25151,-8.411127
25152,-12.220990
25153,-7.353930
25154,-0.039972
25155,-0.051905
25156,-0.066384
25157,-0.000342
25158,0.023161
25159,0.022020
25160,0.004490
25161,-0.005460
25162,0.002527
25163,0.009948
25164,0.068336
25165,0.062250
25166,0.031320
25167,-0.011861
25168,-0.063000
25169,-0.012795
25170,-0.044734
25171,-0.023267
25172,-0.005077
25173,-0.021468
25174,0.002132
25175,-0.014626
25176,-0.002486
25177,-0.012149
25178,0.002126
25179,0.046179
25180,0.025644
25181,0.011340
25182,0.033875
25183,0.055255
25184,0.038909
25185,0.023693
25186,-0.021404
25187,-0.048345
25188,-0.017029
25189,-0.012826
25190,-0.027518
25191,-0.052498
25192,-0.064390
25193,-0.012967
25194,0.020881
25195,0.018476
25196,0.023544
25197,0.001287
25198,0.041359
25199,0.061309
25200,0.039440
25201,0.026584
25202,-0.005539
25203,0.000549
25204,415.166748
25205,475.182556
25206,5.116548
25207,536.405518
25208,-3.074363
25209,-13.990909
25210,-14.204991
25211,-13.776205
25212,-14.846339
25213,6.629179
25214,11.009501
25215,16.057686
25216,8.428798
25217,-2.936032
25218,-5.599301
25219,-0.424219
25220,2.609637
25221,-4.262604
25222,-0.743314
25223,-5.951216
25224,-14.550388
25225,-14.677287
25226,-14.188341
25227,-4.367661
25228,15.840730
25229,17.345922
25230,24.529104
25231,19.781830
25232,-2.663994
25233,1.775488
25234,5.691848
25235,1.562361
25236,-9.711112
25237,-10.576104
25238,-7.455358
25239,-13.864399
25240,-13.989433
25241,-16.312742
25242,-5.477534
25243,13.596128
25244,11.854369
25245,4.179694
25246,-8.677794
25247,2.079748
25248,14.107825
25249,10.388355
25250,21.595272
25251,14.729653
25252,-5.264581
25253,-3.527925
25254,-17.289394
25255,-12.076022
25256,1.182130
25257,-16.595428
25258,-0.031625
25259,-0.029683
25260,-0.056091
25261,-0.011030
25262,0.079572
25263,0.066545
25264,0.057078
25265,0.013486
25266,-0.069300
25267,-0.041647
25268,0.048643
25269,0.079617
25270,0.034894
25271,-0.019517
25272,-0.056188
25273,-0.062151
25274,-0.042303
25275,0.002997
25276,0.056980
25277,0.055523
25278,0.040903
25279,0.023183
25280,-0.015906
25281,-0.050239
25282,-0.039440
25283,-0.070837
25284,-0.043318
25285,0.013858
25286,0.030395
25287,0.069208
25288,0.035916
25289,0.040741
25290,0.038344
25291,-0.026837
25292,-0.073234
25293,-0.064531
25294,-0.001140
25295,0.009274
25296,0.026033
25297,-0.014258
25298,-0.016720
25299,0.000134
25300,-0.018851
25301,-0.023050
25302,0.049153
25303,0.051248
25304,0.030119
25305,-0.040397
25306,-0.051831
25307,-0.023304
25308,-0.020114
25309,0.030292
25310,0.002644
25311,0.008252
25312,0.004405
25313,-0.001798
25314,0.032656
25315,0.031861
25316,-0.028689
25317,-0.019074
25318,-0.015865
25319,-0.036035
25320,-0.001067
25321,0.053768
25322,0.068201
25323,0.021570
25324,0.016321
25325,-0.054873
25326,-0.068952
25327,-0.000412
25328,0.013609
25329,0.025380
25330,-0.004108
25331,-0.082572
25332,-0.033021
25333,-0.056079
25334,-0.015872
25335,0.089540
25336,0.073270
25337,0.057120
25338,0.013324
25339,-0.047473
25340,-0.007427
25341,-0.011341
25342,-0.042932
25343,-0.099051
25344,-0.078018
25345,-0.058553
25346,0.022358
25347,0.108646
25348,0.109693
25349,0.086003
25350,0.076780
25351,0.053015
25352,-0.031746
25353,-0.055080
25354,-0.086671
25355,-0.083448
25356,-0.021814
25357,-0.019898
25358,426.906311
25359,479.995209
25360,5.266613
25361,518.272949
25362,27.787802
25363,-4.120975
25364,-25.848734
25365,-31.412008
25366,-5.830685
25367,27.640030
25368,10.635112
25369,1.371826
25370,10.970134
25371,9.309762
25372,3.749631
25373,-17.257174
25374,-20.998293
25375,-14.123459
25376,6.335066
25377,25.333679
25378,27.270164
25379,10.143909
25380,-23.825012
25381,-57.811852
25382,-49.127762
25383,-30.976292
25384,2.802495
25385,25.077770
25386,55.259140
25387,80.461655
25388,51.329346
25389,4.666878
25390,-15.976789
25391,-39.288216
25392,-29.011757
25393,-22.162577
25394,-17.189522
25395,-21.729296
25396,-21.976585
25397,-3.821888
25398,5.963100
25399,13.840408
25400,35.213039
25401,29.688196
25402,21.141741
25403,3.897804
25404,-28.055540
25405,-34.862423
25406,-14.592174
25407,17.618595
25408,61.925278
25409,49.192078
25410,-9.894377
25411,-48.134201
25412,-0.010604
25413,0.018248
25414,-0.011644
25415,0.034849
25416,0.014845
25417,0.022917
25418,0.047045
25419,0.034557
25420,-0.007025
25421,0.006384
25422,-0.000504
25423,-0.009994
25424,-0.011437
25425,-0.072656
25426,-0.082060
25427,-0.029905
25428,-0.037883
25429,-0.021557
25430,0.061436
25431,0.069864
25432,0.041803
25433,0.012200
25434,0.041458
25435,0.006843
25436,-0.013857
25437,0.054057
25438,0.005719
25439,-0.016810
25440,-0.013150
25441,-0.064979
25442,-0.060635
25443,-0.026818
25444,-0.014923
25445,-0.006429
25446,0.019147
25447,0.076396
25448,0.056199
25449,-0.002529
25450,0.026031
25451,0.027841
25452,0.002112
25453,0.001626
25454,-0.072609
25455,-0.080439
25456,-0.065645
25457,-0.063330
25458,-0.027193
25459,0.040467
25460,0.047282
25461,0.043314
25462,0.004306
25463,0.013577
25464,0.002644
25465,-0.000446
25466,0.035355
25467,-0.003324
25468,-0.060014
25469,-0.043289
25470,0.000801
25471,0.006292
25472,-0.008637
25473,0.031103
25474,0.017497
25475,-0.019840
25476,0.006205
25477,0.033500
25478,0.045900
25479,0.019575
25480,0.025167
25481,-0.008179
25482,0.014218
25483,0.034542
25484,-0.022805
25485,-0.049357
25486,-0.081155
25487,-0.074419
25488,-0.079257
25489,-0.025610
25490,0.050360
25491,0.035247
25492,0.039129
25493,0.068836
25494,0.064802
25495,0.051480
25496,0.050893
25497,-0.041058
25498,-0.074820
25499,-0.054523
25500,-0.047676
25501,0.008683
25502,-0.005104
25503,0.026933
25504,0.056214
25505,0.052881
25506,0.070165
25507,0.005478
25508,-0.040891
25509,-0.058230
25510,-0.076431
25511,-0.081999
25512,-0.015562
25513,0.025326
25514,0.026546
25515,0.037139
25516,0.038990
25517,-0.020472
25518,-0.059174
25519,-0.033114
25520,0.031457
25521,-0.001908
25522,0.013921
25523,0.051616
25524,0.003711
25525,-0.021881
25526,-0.032422
25527,0.000409
25528,0.023815
25529,0.019603
25530,0.031768
25531,0.029314
25532,0.014451
25533,-0.010014
25534,-0.024974
25535,0.023597
25536,0.028033
25537,0.007623
25538,0.012705
25539,-0.017564
25540,-0.048036
25541,-0.040504
25542,-0.051508
25543,-0.061036
25544,-0.012629
25545,-0.011387
25546,-0.047695
25547,0.054751
25548,0.102943
25549,0.128713
25550,0.065771
25551,0.015035
25552,-0.027034
25553,-0.065301
25554,-0.036276
25555,-0.036193
25556,-0.033743
25557,-0.010363
25558,0.005098
25559,-0.073689
25560,-0.116425
25561,-0.057343
25562,0.033570
25563,0.100042
25564,0.096565
25565,0.069203
25566,0.016871
25567,-0.025704
25568,-0.028904
25569,-0.076313
25570,-0.044351
25571,0.005264
25572,-0.010406
25573,0.003418
25574,-0.002722
25575,0.011215
25576,0.042491
25577,0.031321
25578,0.052651
25579,0.059071
25580,0.010237
25581,-0.013338
25582,-0.030910
25583,-0.007834
25584,-0.012503
25585,-0.026462
25586,-0.030228
25587,-0.030867
25588,-0.004798
25589,0.072672
25590,0.066505
25591,0.034621
25592,-0.009670
25593,-0.052644
25594,-0.040982
25595,-0.060171
25596,-0.028280
25597,0.008963
25598,0.020373
25599,0.055480
25600,0.100755
25601,0.020775
25602,-0.047674
25603,-0.062824
25604,-0.062765
25605,-0.054299
25606,-0.047939
25607,-0.048514
25608,0.013523
25609,0.074513
25610,0.084641
25611,0.042754
25612,0.056421
25613,-0.017157
25614,-0.079279
25615,-0.045835
25616,-0.058718
25617,0.033268
25618,0.097838
25619,0.027312
25620,0.041663
25621,0.026035
25622,-0.050506
25623,-0.037170
25624,-0.024038
25625,-0.019604
25626,-0.026122
25627,-0.025213
25628,-0.033837
25629,0.020721
25630,-0.017604
25631,0.005439
25632,0.044750
25633,0.046848
25634,0.065858
25635,0.030610
25636,-0.002192
25637,-0.002682
25638,-0.005718
25639,0.005292
25640,-0.020075
25641,0.021096
25642,0.026476
25643,-0.033459
25644,-0.031521
25645,-0.031937
25646,-0.053332
25647,-0.022328
25648,0.001688
25649,-0.044532
25650,-0.028339
25651,-0.012012
25652,-0.047114
25653,-0.025667
25654,0.020502
25655,0.064815
25656,0.058337
25657,-0.009558
25658,-0.005174
25659,-0.039437
25660,-0.023988
25661,-0.015781
25662,0.007284
25663,0.030427
25664,0.053996
25665,0.059381
25666,0.023608
25667,0.022814
25668,-0.001650
25669,0.010320
25670,-0.001165
25671,-0.009259
25672,-0.005005
25673,-0.011205
25674,-0.031251
25675,-0.093314
25676,-0.109192
25677,-0.018423
25678,0.021587
25679,0.017466
25680,0.048960
25681,0.038059
25682,0.030716
25683,0.007212
25684,-0.046116
25685,-0.039153
25686,0.054621
25687,0.087437
25688,0.050190
25689,0.040118
25690,0.021109
25691,-0.029788
25692,-0.032205
25693,-0.071939
25694,-0.040188
25695,-0.027784
25696,-0.010362
25697,0.035349
25698,0.019588
25699,0.022739
25700,0.035644
25701,0.006027
25702,-0.008348
25703,-0.024617
25704,-0.027556
25705,-0.029161
25706,-0.013587
25707,0.040884
25708,0.055643
25709,0.017185
25710,-0.039248
25711,-0.078000
25712,-0.024867
25713,0.031335
25714,0.040021
25715,0.054284
25716,0.036356
25717,-0.023996
25718,-0.048108
25719,-0.024412
25720,-0.053010
25721,-0.039714
25722,-0.015275
25723,0.024269
25724,-0.031558
25725,-0.036695
25726,-0.002086
25727,-0.002636
25728,0.039136
25729,0.055010
25730,0.047457
25731,0.016924
25732,-0.002042
25733,0.005432
25734,0.034137
25735,0.000872
25736,-0.022962
25737,-0.034385
25738,-0.034620
25739,-0.032275
25740,-0.000417
25741,0.007837
25742,-0.014060
25743,-0.011566
25744,0.021990
25745,0.028376
25746,0.040493
25747,0.035338
25748,0.046320
25749,-0.012710
25750,-0.048413
25751,-0.019986
25752,-0.033476
25753,-0.012602
25754,0.055278
25755,0.006297
25756,-0.010625
25757,0.014865
25758,0.002587
25759,-0.009953
25760,-0.038273
25761,-0.009235
25762,0.010042
25763,-0.024426
25764,-0.020320
25765,-0.008843
25766,-0.047316
25767,-0.025476
25768,-0.030192
25769,-0.002401
25770,0.020340
25771,0.041422
25772,0.090903
25773,0.076605
25774,0.069196
25775,0.009945
25776,-0.041352
25777,-0.077331
25778,-0.106083
25779,-0.060857
25780,0.022710
25781,0.012975
25782,0.007127
25783,0.011140
25784,0.003899
25785,-0.008390
25786,0.007079
25787,0.028438
25788,0.054437
25789,0.007419
25790,-0.012742
25791,0.005175
25792,0.025844
25793,0.008275
25794,-0.044670
25795,-0.010740
25796,-0.028044
25797,-0.033860
25798,-0.017298
25799,0.002330
25800,0.020413
25801,0.046826
25802,0.026263
25803,0.021935
25804,-0.037819
25805,-0.009229
25806,-0.007277
25807,0.029563
25808,0.023070
25809,-0.041925
25810,-0.067142
25811,-0.079238
25812,461.514893
25813,494.183197
25814,5.709013
25815,463.130920
25816,-32.676853
25817,-4.127794
25818,10.588389
25819,39.999088
25820,43.046883
25821,17.261276
25822,-3.063676
25823,-16.368277
25824,-3.362364
25825,6.518200
25826,-2.706067
25827,-27.209471
25828,-35.036568
25829,-11.808379
25830,8.347396
25831,22.477448
25832,26.661808
25833,10.191605
25834,6.374115
25835,13.866714
25836,11.599630
25837,-4.967248
25838,-18.806215
25839,-34.123814
25840,-24.993607
25841,-6.436810
25842,-4.237523
25843,13.627714
25844,15.491159
25845,12.435914
25846,6.278146
25847,-6.820324
25848,2.077904
25849,21.197239
25850,34.061676
25851,4.429892
25852,-2.013706
25853,7.394031
25854,-13.425033
25855,-25.142937
25856,-33.030769
25857,-24.456808
25858,-20.360014
25859,-13.888959
25860,-2.978282
25861,-11.099716
25862,-11.004586
25863,11.887269
25864,51.973499
25865,61.113598
25866,-0.049150
25867,-0.002502
25868,0.044133
25869,0.054370
25870,0.044698
25871,0.060461
25872,0.033490
25873,0.009172
25874,-0.019016
25875,-0.028912
25876,-0.014215
25877,-0.026708
25878,-0.014886
25879,-0.008203
25880,0.012709
25881,0.010852
25882,-0.044529
25883,-0.081940
25884,-0.052643
25885,-0.037316
25886,0.007282
25887,0.052811
25888,0.051455
25889,0.070440
25890,0.052748
25891,0.052156
25892,0.041276
25893,-0.004946
25894,-0.007504
25895,-0.044779
25896,-0.091088
25897,-0.092410
25898,-0.024142
25899,0.035141
25900,0.074310
25901,0.052445
25902,0.041844
25903,-0.007454
25904,-0.015253
25905,-0.050573
25906,-0.070999
25907,-0.024100
25908,-0.010133
25909,0.010431
25910,0.013166
25911,-0.011366
25912,0.006085
25913,0.053852
25914,0.037602
25915,-0.015477
25916,469.442841
25917,497.433289
25918,5.810356
25919,451.058838
25920,39.237267
25921,15.381284
25922,-10.058384
25923,-18.439596
25924,-25.256243
25925,-22.005466
25926,-12.390704
25927,-7.040142
25928,22.792593
25929,14.247434
25930,-35.593761
25931,-42.237408
25932,-13.502512
25933,10.295385
25934,25.727167
25935,35.706795
25936,26.744642
25937,15.957288
25938,3.853046
25939,-4.990381
25940,-18.576136
25941,-43.917892
25942,-41.953255
25943,-33.739944
25944,5.488195
25945,37.174706
25946,38.408550
25947,20.979301
25948,18.025291
25949,9.342587
25950,-3.877683
25951,-26.852850
25952,-29.366434
25953,-36.306946
25954,-16.297268
25955,-4.251769
25956,27.770372
25957,59.209080
25958,62.759899
25959,25.878859
25960,-6.187305
25961,-12.876390
25962,-30.526014
25963,-55.310204
25964,-49.962154
25965,-17.756014
25966,-2.585020
25967,-0.188867
25968,11.107506
25969,23.052124
25970,-0.037538
25971,-0.054277
25972,-0.031836
25973,0.025798
25974,0.052677
25975,0.101432
25976,0.015915
25977,0.014763
25978,0.030672
25979,-0.009631
25980,-0.034150
25981,-0.050361
25982,-0.049006
25983,-0.058642
25984,-0.065492
25985,-0.013548
25986,0.033333
25987,0.062465
25988,0.044412
25989,0.037669
25990,0.011100
25991,-0.039393
25992,-0.000752
25993,0.046964
25994,0.025749
25995,0.016986
25996,0.008225
25997,0.010253
25998,-0.002861
25999,0.002325
26000,-0.040562
26001,-0.053167
26002,-0.041901
26003,-0.022707
26004,-0.023309
26005,-0.038561
26006,-0.040352
26007,0.025764
26008,0.055988
26009,0.047748
26010,0.052949
26011,0.038626
26012,0.040198
26013,0.024902
26014,0.011343
26015,-0.026790
26016,-0.096027
26017,-0.036692
26018,-0.044411
26019,-0.039928
26020,-0.000417
26021,-0.023636
26022,-0.039871
26023,-0.014478
26024,0.027677
26025,0.077209
26026,0.088546
26027,0.079750
26028,0.069014
26029,0.003284
26030,-0.038038
26031,-0.086171
26032,-0.126011
26033,-0.077924
26034,-0.033417
26035,0.031942
26036,0.079420
26037,0.066858
26038,0.058025
26039,0.035340
26040,-0.017425
26041,-0.001462
26042,-0.011327
26043,-0.079196
26044,-0.087897
26045,-0.046080
26046,-0.048703
26047,-0.036330
26048,-0.004844
26049,0.033828
26050,0.067348
26051,0.095022
26052,0.065130
26053,0.079138
26054,0.055695
26055,-0.003962
26056,-0.006609
26057,-0.036872
26058,-0.062348
26059,-0.078173
26060,-0.039727
26061,-0.005400
26062,-0.020258
26063,-0.037809
26064,0.004780
26065,0.040023
26066,0.063171
26067,0.026897
26068,-0.016221
26069,-0.010953
26070,0.005753
26071,0.001378
26072,-0.008446
26073,-0.024875
26074,-0.035490
26075,-0.061142
26076,-0.022278
26077,0.017969
26078,0.050849
26079,0.092493
26080,0.060555
26081,0.029025
26082,-0.014708
26083,-0.011269
26084,0.012944
26085,0.002138
26086,0.001373
26087,0.008384
26088,-0.033121
26089,-0.057902
26090,-0.053758
26091,0.009304
26092,-0.005025
26093,-0.046100
26094,0.014501
26095,0.011667
26096,0.028821
26097,0.027462
26098,0.042901
26099,0.042050
26100,0.035819
26101,0.001692
26102,-0.012648
26103,-0.043538
26104,-0.062626
26105,-0.029046
26106,-0.029145
26107,-0.016079
26108,-0.000042
26109,0.000679
26110,0.012914
26111,0.001606
26112,0.012145
26113,-0.014696
26114,0.003835
26115,-0.011460
26116,-0.010004
26117,0.006267
26118,0.010960
26119,-0.016338
26120,-0.017762
26121,0.056967
26122,0.049113
26123,-0.004313
26124,-0.037065
26125,-0.040572
26126,-0.057749
26127,-0.037927
26128,-0.010320
26129,0.040263
26130,0.053168
26131,0.064192
26132,0.079164
26133,0.022365
26134,0.026970
26135,0.037121
26136,-0.037277
26137,-0.061752
26138,-0.062579
26139,-0.066428
26140,-0.023049
26141,-0.008497
26142,-0.035239
26143,0.020563
26144,0.064370
26145,0.069855
26146,0.016033
26147,-0.035425
26148,-0.080559
26149,-0.023148
26150,0.047730
26151,0.010238
26152,0.011117
26153,0.072408
26154,0.055110
26155,0.017306
26156,-0.049705
26157,-0.079731
26158,-0.052129
26159,-0.056338
26160,-0.017875
26161,0.025889
26162,0.015580
26163,-0.033750
26164,-0.016728
26165,-0.023389
26166,-0.064196
26167,0.009189
26168,0.075262
26169,0.100484
26170,0.077933
26171,0.036898
26172,0.036477
26173,0.018335
26174,-0.030687
26175,-0.045948
26176,-0.061266
26177,-0.055125
26178,-0.042009
26179,-0.043170
26180,0.016915
26181,0.077313
26182,0.066887
26183,0.033926
26184,-0.028852
26185,-0.048521
26186,-0.036745
26187,-0.003676
26188,0.018343
26189,0.039722
26190,0.025445
26191,-0.025788
26192,-0.021252
26193,-0.019994
26194,-0.008273
26195,-0.023973
26196,-0.000206
26197,0.034430
26198,0.059030
26199,0.013951
26200,-0.071173
26201,-0.154228
26202,-0.071987
26203,-0.004605
26204,0.070536
26205,0.098641
26206,0.117740
26207,0.102627
26208,0.008395
26209,-0.023729
26210,-0.029638
26211,-0.036506
26212,-0.047840
26213,-0.055772
26214,-0.058707
26215,-0.052444
26216,0.034326
26217,0.059863
26218,0.047556
26219,0.016795
26220,492.616882
26221,506.933624
26222,6.106588
26223,414.175232
26224,-13.459735
26225,-28.251965
26226,-27.228586
26227,-23.104031
26228,-4.331589
26229,24.661882
26230,42.694691
26231,27.898159
26232,1.799404
26233,-5.804083
26234,-27.183208
26235,-30.266502
26236,-39.855251
26237,-18.134398
26238,25.794573
26239,29.007898
26240,14.050061
26241,9.688340
26242,19.567877
26243,16.070864
26244,4.564735
26245,-5.922333
26246,-13.164760
26247,-37.053963
26248,-45.152386
26249,-32.501575
26250,5.021606
26251,40.546864
26252,41.750153
26253,7.359404
26254,-2.592209
26255,13.887293
26256,10.367437
26257,12.696342
26258,10.256057
26259,-1.373454
26260,-38.266697
26261,-50.056946
26262,-32.714874
26263,4.089820
26264,27.036497
26265,42.333969
26266,23.595648
26267,12.568810
26268,-4.026820
26269,2.667272
26270,12.322678
26271,19.322958
26272,-0.625248
26273,-24.325672
26274,0.027038
26275,0.001743
26276,-0.026718
26277,-0.017376
26278,0.021863
26279,0.018754
26280,-0.003904
26281,-0.018687
26282,-0.023229
26283,-0.027434
26284,-0.046440
26285,-0.017460
26286,-0.004352
26287,-0.012317
26288,0.002676
26289,0.013137
26290,0.029115
26291,0.024530
26292,-0.027757
26293,-0.019870
26294,-0.015678
26295,-0.032959
26296,0.026723
26297,0.051679
26298,-0.001915
26299,-0.002031
26300,-0.041621
26301,-0.034697
26302,0.030288
26303,-0.010217
26304,0.024970
26305,0.056009
26306,0.027555
26307,0.066345
26308,0.054876
26309,-0.021827
26310,-0.058319
26311,-0.072388
26312,-0.000523
26313,0.037952
26314,-0.009081
26315,0.011968
26316,0.006618
26317,0.012174
26318,0.015088
26319,-0.017874
26320,0.003244
26321,-0.013469
26322,-0.061068
26323,-0.084260
26324,-0.087891
26325,-0.019750
26326,0.068536
26327,0.097459
26328,0.061555
26329,0.014423
26330,0.012324
26331,-0.006282
26332,-0.028888
26333,-0.031292
26334,-0.029771
26335,0.020582
26336,0.002874
26337,-0.061825
26338,-0.070714
26339,0.000637
26340,0.021363
26341,0.027640
26342,0.005161
26343,0.008232
26344,-0.007033
26345,0.022443
26346,0.023146
26347,0.023624
26348,0.024154
26349,0.020912
26350,0.004421
26351,-0.066210
26352,-0.037586
26353,-0.000416
26354,0.033810
26355,0.025953
26356,0.011782
26357,0.039279
26358,0.018225
26359,-0.009051
26360,0.009998
26361,-0.009211
26362,-0.037401
26363,-0.070984
26364,-0.081617
26365,-0.052234
26366,-0.024761
26367,0.035553
26368,0.068802
26369,0.062936
26370,0.025707
26371,0.054546
26372,0.051664
26373,-0.031607
26374,-0.061575
26375,-0.008415
26376,0.011416
26377,0.013111
26378,0.019351
26379,0.004498
26380,-0.073097
26381,-0.065264
26382,-0.023081
26383,0.005637
26384,0.058084
26385,0.074456
26386,0.067922
26387,-0.032771
26388,-0.090885
26389,-0.032239
26390,-0.022764
26391,0.027758
26392,0.013069
26393,0.010573
26394,0.003258
26395,-0.032847
26396,-0.037743
26397,-0.021120
26398,-0.014866
26399,0.027263
26400,0.067257
26401,0.037802
26402,0.040104
26403,0.008406
26404,-0.052857
26405,-0.065351
26406,-0.092205
26407,-0.042156
26408,0.014017
26409,0.077883
26410,0.094683
26411,0.106074
26412,0.112857
26413,0.076464
26414,0.065959
26415,0.006631
26416,-0.072434
26417,-0.131237
26418,-0.137936
26419,-0.159043
26420,-0.123950
26421,-0.027395
26422,0.034768
26423,0.053476
26424,0.086918
26425,0.067823
26426,0.059414
26427,0.035518
26428,0.018275
26429,0.002512
26430,-0.002671
26431,0.025559
26432,0.010792
26433,-0.015807
26434,-0.081791
26435,-0.109312
26436,-0.049235
26437,-0.018454
26438,0.029021
26439,0.056784
26440,-0.000308
26441,0.020377
26442,0.025696
26443,0.055564
26444,0.041541
26445,-0.031347
26446,-0.031053
26447,-0.002760
26448,-0.001643
26449,0.000321
26450,-0.002749
26451,-0.014113
26452,-0.027477
26453,-0.055394
26454,-0.018190
26455,-0.042659
26456,0.005517
26457,0.081565
26458,0.066049
26459,0.053911
26460,0.039895
26461,0.011747
26462,0.027335
26463,-0.013966
26464,-0.038936
26465,-0.025861
26466,-0.018099
26467,-0.034763
26468,-0.063462
26469,-0.060884
26470,-0.034798
26471,0.006907
26472,0.059117
26473,0.072417
26474,0.020703
26475,0.017935
26476,0.009378
26477,0.000120
26478,-0.021428
26479,-0.017541
26480,-0.029912
26481,-0.022307
26482,-0.003615
26483,-0.016178
26484,0.012389
26485,-0.020652
26486,0.023858
26487,0.008669
26488,-0.052969
26489,-0.019682
26490,0.030074
26491,0.011868
26492,0.014654
26493,0.020182
26494,-0.005744
26495,0.026602
26496,0.062721
26497,0.035623
26498,0.026606
26499,0.020623
26500,0.041455
26501,0.037586
26502,-0.025933
26503,-0.107452
26504,-0.084680
26505,-0.032580
26506,-0.022302
26507,-0.006405
26508,0.072834
26509,0.034639
26510,-0.002425
26511,-0.041758
26512,-0.040822
26513,-0.022445
26514,-0.024944
26515,-0.051344
26516,-0.038033
26517,0.011921
26518,0.011819
26519,0.001942
26520,0.059112
26521,0.015782
26522,-0.017383
26523,-0.048176
26524,-0.030339
26525,-0.013785
26526,0.033394
26527,0.042069
26528,0.104447
26529,0.105394
26530,0.049282
26531,-0.059110
26532,-0.058699
26533,-0.043153
26534,-0.025589
26535,-0.042369
26536,-0.080036
26537,-0.019126
26538,0.015325
26539,0.004293
26540,0.062197
26541,0.083314
26542,0.080522
26543,0.056970
26544,0.025663
26545,0.031962
26546,-0.005855
26547,-0.047992
26548,-0.032696
26549,-0.056191
26550,-0.092356
26551,-0.098235
26552,-0.053004
26553,0.021121
26554,0.040309
26555,0.077067
26556,0.058506
26557,-0.006953
26558,-0.040057
26559,-0.060461
26560,-0.089398
26561,-0.079289
26562,-0.052410
26563,0.019910
26564,0.051642
26565,0.029721
26566,-0.001468
26567,0.008341
26568,0.098408
26569,0.135958
26570,0.067682
26571,0.054768
26572,0.045109
26573,-0.078973
26574,519.602417
26575,517.996460
26576,6.451544
26577,387.104370
26578,7.147460
26579,-4.666419
26580,-6.024156
26581,-8.018925
26582,-9.159407
26583,-12.460381
26584,-1.397625
26585,14.099590
26586,23.310343
26587,21.340895
26588,-3.054047
26589,-19.204578
26590,-25.812803
26591,-0.295962
26592,13.639911
26593,2.672040
26594,-11.579215
26595,-6.034000
26596,1.024583
26597,12.196397
26598,17.436834
26599,12.379491
26600,6.521459
26601,3.384095
26602,-7.428561
26603,-13.613716
26604,-32.497730
26605,-40.388050
26606,-14.142044
26607,4.619465
26608,3.751628
26609,13.099167
26610,18.106247
26611,20.798637
26612,16.710222
26613,15.839684
26614,23.487871
26615,35.995514
26616,44.256760
26617,13.387418
26618,-21.846905
26619,-64.335556
26620,-97.377686
26621,-77.083839
26622,-38.442001
26623,6.447779
26624,53.382816
26625,71.783279
26626,72.319595
26627,32.277241
26628,-0.066002
26629,-0.025010
26630,-0.026715
26631,-0.060603
26632,-0.064902
26633,0.016442
26634,-0.010801
26635,-0.033122
26636,0.025101
26637,0.059847
26638,0.059507
26639,0.055046
26640,0.053372
26641,-0.003143
26642,-0.009531
26643,-0.047063
26644,-0.015330
26645,0.010290
26646,-0.013920
26647,-0.014145
26648,-0.029509
26649,-0.052982
26650,-0.044422
26651,-0.012177
26652,-0.005483
26653,0.081980
26654,0.093481
26655,0.040598
26656,-0.043901
26657,-0.089303
26658,-0.067761
26659,-0.004382
26660,0.016388
26661,0.016788
26662,0.022647
26663,-0.002382
26664,-0.040033
26665,-0.086128
26666,-0.062187
26667,-0.009586
26668,0.022651
26669,0.078880
26670,0.082347
26671,0.031290
26672,0.008044
26673,0.007798
26674,0.009734
26675,0.029953
26676,0.035945
26677,-0.029520
26678,-0.033082
26679,-0.047745
26680,-0.048370
26681,-0.016840
26682,-0.048903
26683,-0.063918
26684,0.030618
26685,0.041311
26686,0.060003
26687,0.057313
26688,0.017079
26689,0.065017
26690,0.086034
26691,0.053467
26692,-0.017129
26693,-0.107083
26694,-0.102788
26695,-0.104777
26696,-0.109087
26697,0.022916
26698,0.052973
26699,0.065660
26700,0.038731
26701,-0.005955
26702,-0.017174
26703,0.010251
26704,0.039337
26705,0.041674
26706,0.022632
26707,0.004663
26708,-0.018436
26709,-0.064245
26710,-0.065957
26711,-0.038641
26712,0.006873
26713,-0.009113
26714,-0.025460
26715,-0.027298
26716,-0.010640
26717,0.010027
26718,0.027493
26719,0.025581
26720,0.045297
26721,0.014905
26722,-0.004513
26723,0.043252
26724,-0.013906
26725,-0.030750
26726,0.018410
26727,-0.026807
26728,0.002225
26729,0.029309
26730,-0.009116
26731,-0.034356
26732,-0.033868
26733,-0.003772
26734,0.011130
26735,-0.003090
26736,0.023218
26737,0.045951
26738,0.005633
26739,-0.009725
26740,-0.004538
26741,0.006701
26742,0.040746
26743,0.002135
26744,-0.025363
26745,0.010737
26746,-0.002625
26747,-0.015267
26748,0.009074
26749,0.025179
26750,-0.036337
26751,-0.042554
26752,-0.045613
26753,-0.069060
26754,-0.012691
26755,0.047932
26756,0.061107
26757,0.025025
26758,0.003585
26759,0.020950
26760,0.013243
26761,0.018003
26762,-0.008133
26763,-0.024061
26764,0.007315
26765,-0.007145
26766,-0.051182
26767,-0.001746
26768,-0.006419
26769,-0.019860
26770,-0.015873
26771,0.001086
26772,0.015016
26773,0.031571
26774,0.040781
26775,0.040982
26776,0.039809
26777,-0.010784
26778,-0.056387
26779,-0.055440
26780,-0.050947
26781,-0.050404
26782,-0.006551
26783,0.053409
26784,0.010437
26785,-0.024725
26786,-0.042788
26787,-0.045448
26788,-0.029682
26789,0.027296
26790,0.046744
26791,0.082785
26792,0.040834
26793,-0.010510
26794,0.022348
26795,0.035967
26796,-0.006878
26797,-0.014184
26798,-0.032317
26799,0.004566
26800,0.050134
26801,0.044082
26802,-0.028633
26803,-0.050486
26804,-0.058247
26805,-0.029272
26806,-0.001788
26807,0.014584
26808,0.039187
26809,0.025268
26810,0.008348
26811,-0.059246
26812,-0.062864
26813,-0.014205
26814,0.001729
26815,-0.011338
26816,0.013905
26817,0.041743
26818,0.055453
26819,0.068579
26820,0.058945
26821,0.034156
26822,-0.009788
26823,-0.087944
26824,-0.049489
26825,-0.069421
26826,-0.088554
26827,-0.105901
26828,538.964905
26829,525.934265
26830,6.699054
26831,356.427948
26832,3.075252
26833,-8.506012
26834,-24.409468
26835,-36.611847
26836,-30.105995
26837,10.274594
26838,54.406048
26839,66.034241
26840,62.777962
26841,43.905315
26842,-2.396006
26843,-28.258104
26844,-58.454514
26845,-59.556885
26846,-27.177404
26847,6.508244
26848,36.204060
26849,27.371059
26850,3.075880
26851,-32.232410
26852,-38.141449
26853,-19.913033
26854,1.674812
26855,29.998182
26856,37.782955
26857,30.322371
26858,6.235072
26859,-13.448303
26860,-18.990322
26861,-10.410919
26862,4.529059
26863,3.909929
26864,-8.273038
26865,-3.766560
26866,5.877239
26867,3.030599
26868,-5.330951
26869,-4.727741
26870,5.231394
26871,27.982113
26872,22.841497
26873,-9.524444
26874,-29.950384
26875,-41.716385
26876,-28.366751
26877,-11.748507
26878,-3.957869
26879,-3.566938
26880,18.583561
26881,31.641928
26882,-0.027074
26883,-0.007404
26884,0.028952
26885,0.065385
26886,0.100015
26887,0.113216
26888,0.056816
26889,0.031219
26890,-0.043434
26891,-0.115838
26892,-0.057732
26893,-0.010379
26894,0.004459
26895,0.041168
26896,-0.006865
26897,0.009410
26898,0.040498
26899,0.022315
26900,0.016463
26901,0.043063
26902,0.058115
26903,0.031457
26904,-0.046889
26905,-0.030203
26906,-0.041454
26907,-0.116030
26908,-0.037443
26909,-0.024653
26910,-0.020145
26911,0.031049
26912,0.012116
26913,0.021086
26914,0.035690
26915,0.042573
26916,0.024654
26917,-0.028631
26918,-0.010205
26919,0.007016
26920,-0.011188
26921,-0.026340
26922,-0.031350
26923,0.029208
26924,0.021904
26925,0.004724
26926,0.051231
26927,0.041419
26928,-0.037530
26929,-0.048486
26930,-0.021121
26931,-0.008892
26932,0.019999
26933,0.029224
26934,0.021724
26935,0.032436
26936,-0.012693
26937,-0.004744
26938,-0.011325
26939,-0.017373
26940,0.009456
26941,-0.050283
26942,-0.027361
26943,-0.026110
26944,-0.043180
26945,-0.009271
26946,0.022869
26947,0.013523
26948,0.019526
26949,0.044416
26950,0.053982
26951,0.001976
26952,-0.036604
26953,-0.048304
26954,-0.073055
26955,-0.030431
26956,-0.024153
26957,-0.042203
26958,0.038551
26959,0.045855
26960,0.082775
26961,0.062249
26962,-0.008532
26963,-0.060051
26964,-0.067172
26965,-0.069793
26966,-0.016441
26967,0.018305
26968,0.055476
26969,0.059966
26970,-0.005816
26971,-0.005355
26972,-0.027093
26973,-0.011538
26974,0.009522
26975,0.042225
26976,0.056437
26977,0.084078
26978,0.049958
26979,-0.030262
26980,-0.043002
26981,-0.066881
26982,-0.025966
26983,0.024811
26984,0.024494
26985,0.017808
26986,0.020963
26987,-0.048479
26988,-0.059066
26989,-0.030254
26990,0.003651
26991,0.002985
26992,0.011836
26993,0.000091
26994,-0.012617
26995,-0.054998
26996,-0.026705
26997,0.003294
26998,0.004545
26999,-0.000998
27000,-0.045286
27001,-0.006165
27002,0.061764
27003,0.020902
27004,0.034587
27005,0.021948
27006,0.005789
27007,-0.016943
27008,0.007652
27009,0.040804
27010,-0.014361
27011,-0.035547
27012,-0.005523
27013,-0.000503
27014,-0.021785
27015,-0.079582
27016,-0.031110
27017,-0.012460
27018,-0.020192
27019,-0.023620
27020,0.070542
27021,0.138194
27022,0.093809
27023,0.026089
27024,0.009965
27025,-0.031525
27026,-0.059750
27027,-0.039431
27028,0.016754
27029,0.036633
27030,-0.012656
27031,-0.014063
27032,-0.024831
27033,-0.053885
27034,0.000383
27035,0.042364
27036,-0.014068
27037,-0.003764
27038,-0.010211
27039,-0.034242
27040,-0.032399
27041,-0.035637
27042,-0.005221
27043,0.037730
27044,0.011552
27045,0.034185
27046,0.081692
27047,0.028085
27048,-0.007561
27049,-0.027644
27050,-0.058661
27051,-0.035312
27052,-0.046242
27053,-0.095497
27054,-0.069656
27055,0.005009
27056,0.022878
27057,0.018450
27058,0.097085
27059,0.059077
27060,-0.004154
27061,0.002105
27062,-0.043814
27063,-0.050741
27064,-0.014176
27065,0.028236
27066,0.008887
27067,0.024419
27068,0.051864
27069,0.060189
27070,-0.009254
27071,0.036067
27072,0.040110
27073,0.006723
27074,-0.033054
27075,-0.097682
27076,-0.060302
27077,-0.056320
27078,0.026501
27079,0.075922
27080,0.033971
27081,-0.024281
27082,0.006804
27083,0.035663
27084,-0.023961
27085,-0.021308
27086,0.035047
27087,0.034030
27088,-0.023453
27089,-0.040520
27090,-0.045977
27091,0.004852
27092,0.025824
27093,-0.011880
27094,-0.035744
27095,-0.037123
27096,-0.051971
27097,0.013379
27098,0.063804
27099,0.028688
27100,0.041150
27101,0.037901
27102,-0.015751
27103,-0.019184
27104,-0.017450
27105,-0.040496
27106,-0.003464
27107,0.002532
27108,-0.035000
27109,-0.019916
27110,-0.005126
27111,-0.012659
27112,0.047130
27113,0.097402
27114,0.113782
27115,0.084403
27116,0.006671
27117,-0.077237
27118,-0.090392
27119,-0.097058
27120,-0.050674
27121,-0.001387
27122,-0.025369
27123,-0.031456
27124,-0.000173
27125,0.043424
27126,0.000969
27127,0.019061
27128,0.027911
27129,0.018604
27130,0.025838
27131,0.020870
27132,0.004066
27133,-0.012514
27134,-0.007086
27135,-0.003154
27136,-0.014858
27137,-0.011836
27138,0.006892
27139,0.036826
27140,0.036743
27141,0.029674
27142,0.000596
27143,-0.063480
27144,-0.059306
27145,-0.059008
27146,-0.043065
27147,-0.027967
27148,0.009878
27149,0.026996
27150,0.014255
27151,-0.025338
27152,0.042073
27153,0.074846
27154,0.028133
27155,0.026482
27156,0.023326
27157,-0.025773
27158,-0.025754
27159,0.021068
27160,-0.023309
27161,-0.016502
27162,-0.006293
27163,-0.041234
27164,-0.019451
27165,-0.023544
27166,-0.011451
27167,0.016560
27168,0.017685
27169,0.011761
27170,0.030393
27171,-0.019718
27172,-0.049673
27173,-0.003081
27174,0.040663
27175,0.034858
27176,0.033477
27177,0.010096
27178,-0.033554
27179,-0.043687
27180,-0.018806
27181,-0.000341
27182,565.950562
27183,536.997131
27184,7.044009
27185,312.398651
27186,-10.716070
27187,8.480758
27188,12.540689
27189,0.115774
27190,-15.853141
27191,-22.366447
27192,-7.474844
27193,19.036526
27194,36.053062
27195,45.210857
27196,38.807053
27197,24.059181
27198,6.155670
27199,-34.858910
27200,-62.131218
27201,-62.838497
27202,-14.142206
27203,14.623707
27204,17.724367
27205,14.810002
27206,34.791233
27207,45.132557
27208,5.759370
27209,-21.220858
27210,-31.447945
27211,-27.199373
27212,-34.261253
27213,-27.732965
27214,-5.308372
27215,15.585423
27216,18.433264
27217,24.591293
27218,39.982094
27219,24.940845
27220,-2.849817
27221,-22.932941
27222,-14.758950
27223,-12.535619
27224,-1.464559
27225,10.897041
27226,14.466996
27227,5.450866
27228,12.618834
27229,-9.449540
27230,-38.509373
27231,-31.367390
27232,-7.922112
27233,-2.536671
27234,-6.415648
27235,-13.514872
27236,0.017438
27237,0.029460
27238,0.001516
27239,-0.016617
27240,-0.059584
27241,-0.039082
27242,-0.006924
27243,0.014202
27244,0.003719
27245,-0.004995
27246,0.005019
27247,0.011831
27248,-0.000018
27249,0.035640
27250,0.064640
27251,0.004971
27252,0.007516
27253,0.028862
27254,-0.006361
27255,-0.042377
27256,-0.023992
27257,-0.018439
27258,0.033540
27259,0.012211
27260,-0.052342
27261,-0.071760
27262,-0.083325
27263,0.011985
27264,0.074990
27265,0.075400
27266,0.091626
27267,0.045822
27268,-0.014627
27269,-0.036832
27270,-0.068303
27271,-0.036372
27272,-0.018586
27273,0.018505
27274,0.035114
27275,0.047888
27276,0.004146
27277,-0.003171
27278,-0.076926
27279,-0.114291
27280,-0.045287
27281,-0.011675
27282,0.034095
27283,0.056190
27284,0.031212
27285,0.042353
27286,0.009156
27287,0.008143
27288,-0.029017
27289,0.007640
27290,0.032178
27291,0.000469
27292,0.011167
27293,-0.001746
27294,-0.031780
27295,0.001594
27296,0.012469
27297,-0.015908
27298,-0.042796
27299,0.013767
27300,0.026198
27301,0.057956
27302,0.006181
27303,-0.079851
27304,-0.069341
27305,-0.031454
27306,-0.008518
27307,0.031493
27308,0.024501
27309,0.033928
27310,0.046773
27311,0.052965
27312,0.043182
27313,0.019304
27314,-0.000893
27315,-0.040192
27316,-0.091333
27317,-0.113129
27318,-0.111866
27319,-0.028106
27320,0.035111
27321,0.033435
27322,0.047369
27323,0.028772
27324,0.001695
27325,0.001345
27326,0.055078
27327,0.062765
27328,0.053865
27329,0.048716
27330,0.027410
27331,0.006477
27332,-0.005026
27333,-0.039498
27334,-0.064204
27335,-0.032323
27336,-0.038128
27337,-0.014342
27338,0.039110
27339,0.007624
27340,-0.013053
27341,-0.018466
27342,-0.023732
27343,0.010815
27344,0.012392
27345,-0.007815
27346,-0.007469
27347,-0.046605
27348,-0.066242
27349,-0.056649
27350,-0.012351
27351,0.047879
27352,0.136126
27353,0.093705
27354,0.048014
27355,-0.050776
27356,-0.089794
27357,-0.038620
27358,-0.029878
27359,-0.011492
27360,0.037988
27361,0.032292
27362,-0.030228
27363,0.006450
27364,0.051385
27365,0.013428
27366,-0.006339
27367,0.023669
27368,-0.013850
27369,-0.041292
27370,-0.036753
27371,-0.039853
27372,0.026650
27373,0.005795
27374,0.027157
27375,0.034844
27376,-0.013589
27377,-0.017432
27378,-0.031776
27379,0.053436
27380,0.064632
27381,0.022951
27382,-0.009155
27383,0.001061
27384,0.008111
27385,0.004835
27386,-0.001319
27387,0.032383
27388,0.001953
27389,-0.040542
27390,-0.067580
27391,-0.062831
27392,-0.028544
27393,-0.001320
27394,0.032389
27395,0.010657
27396,-0.004920
27397,-0.025818
27398,-0.015387
27399,0.014776
27400,-0.000412
27401,0.001888
27402,0.002423
27403,-0.065280
27404,-0.048336
27405,-0.037447
27406,0.020088
27407,0.053286
27408,0.073040
27409,0.092784
27410,0.072163
27411,0.025384
27412,-0.033364
27413,-0.121576
27414,-0.093647
27415,-0.026000
27416,0.004626
27417,0.038339
27418,0.011791
27419,-0.015209
27420,-0.029816
27421,-0.002315
27422,0.032783
27423,0.087257
27424,0.070252
27425,0.031750
27426,0.006984
27427,-0.037972
27428,-0.051592
27429,-0.069636
27430,-0.040948
27431,-0.046473
27432,-0.070273
27433,-0.048861
27434,0.005008
27435,0.078365
27436,0.062137
27437,0.061424
27438,0.045841
27439,0.022516
27440,0.011394
27441,0.051118
27442,-0.022748
27443,-0.006292
27444,-0.013609
27445,-0.033880
27446,-0.001392
27447,-0.016126
27448,-0.014608
27449,-0.011805
27450,0.018606
27451,-0.006013
27452,-0.010003
27453,-0.028973
27454,-0.089269
27455,-0.051177
27456,-0.022266
27457,0.033354
27458,0.122599
27459,0.078499
27460,0.059401
27461,0.003224
27462,-0.047831
27463,-0.027691
27464,-0.064594
27465,-0.054617
27466,-0.009056
27467,-0.010876
27468,0.048354
27469,0.075623
27470,0.060843
27471,0.044364
27472,-0.002732
27473,-0.051398
27474,-0.090018
27475,-0.101849
27476,-0.075211
27477,-0.027444
27478,0.034325
27479,0.082308
27480,0.115208
27481,0.132256
27482,0.034259
27483,-0.014256
27484,-0.037240
27485,-0.069921
27486,589.124451
27487,546.497437
27488,7.340241
27489,276.016479
27490,6.614273
27491,16.527084
27492,30.514986
27493,26.200661
27494,14.514808
27495,23.183559
27496,7.297205
27497,-11.892229
27498,-25.701307
27499,-50.516384
27500,-50.248981
27501,-25.367012
27502,12.266145
27503,41.000092
27504,47.111141
27505,28.673220
27506,9.966083
27507,3.450791
27508,-17.821331
27509,-24.861418
27510,-5.568757
27511,-3.452508
27512,6.811896
27513,7.209566
27514,5.827007
27515,5.063343
27516,4.312932
27517,-2.531294
27518,-5.620832
27519,-9.925541
27520,-1.038447
27521,-15.716763
27522,-41.336903
27523,-60.931519
27524,-11.751295
27525,37.034889
27526,63.059841
27527,67.547646
27528,27.468792
27529,12.062954
27530,6.020617
27531,-10.013313
27532,-57.051624
27533,-61.315704
27534,-25.079697
27535,-5.791335
27536,25.620844
27537,39.602348
27538,27.805950
27539,8.273007
27540,-0.047215
27541,-0.041274
27542,-0.054063
27543,-0.033295
27544,-0.019812
27545,0.032832
27546,0.046177
27547,0.022298
27548,0.017516
27549,0.025222
27550,0.044670
27551,0.007917
27552,-0.053307
27553,-0.039764
27554,-0.014716
27555,0.013785
27556,0.046346
27557,0.025873
27558,-0.029298
27559,-0.009035
27560,-0.048901
27561,-0.046920
27562,0.000070
27563,0.017992
27564,0.040943
27565,-0.009740
27566,-0.041554
27567,-0.040101
27568,-0.029013
27569,0.012684
27570,0.046670
27571,0.061224
27572,0.013425
27573,-0.037540
27574,-0.020858
27575,0.004904
27576,0.058512
27577,0.033403
27578,-0.014650
27579,-0.037904
27580,-0.070004
27581,-0.047733
27582,0.012864
27583,-0.003842
27584,0.000143
27585,0.012018
27586,0.029186
27587,0.039227
27588,0.052742
27589,0.051095
27590,-0.055839
27591,-0.053697
27592,-0.056812
27593,0.005497
27594,-0.010510
27595,-0.052262
27596,-0.017958
27597,-0.019754
27598,-0.011443
27599,-0.047994
27600,0.000973
27601,0.048614
27602,0.058913
27603,0.037784
27604,-0.010313
27605,-0.006057
27606,0.002796
27607,0.038581
27608,0.043090
27609,-0.029313
27610,-0.022148
27611,-0.003723
27612,0.007706
27613,-0.029293
27614,-0.056979
27615,-0.043229
27616,0.006938
27617,0.041410
27618,0.108168
27619,0.159379
27620,0.034864
27621,-0.047365
27622,-0.068377
27623,-0.111561
27624,-0.030289
27625,0.002520
27626,-0.005905
27627,-0.022463
27628,-0.093291
27629,-0.067026
27630,-0.065624
27631,-0.013285
27632,0.089072
27633,0.121719
27634,0.112957
27635,0.104324
27636,0.048132
27637,-0.017506
27638,-0.072610
27639,-0.145728
27640,-0.096941
27641,-0.055136
27642,0.019058
27643,0.089143
27644,0.054392
27645,0.037463
27646,0.025060
27647,0.001612
27648,0.008388
27649,-0.006260
27650,-0.028192
27651,-0.024367
27652,-0.002766
27653,-0.013185
27654,-0.007506
27655,-0.021213
27656,-0.013324
27657,0.036566
27658,0.079020
27659,0.034481
27660,-0.018586
27661,-0.043515
27662,0.004620
27663,0.025893
27664,0.021682
27665,-0.049516
27666,-0.024522
27667,0.032193
27668,0.004376
27669,0.005217
27670,0.022805
27671,0.022796
27672,-0.016539
27673,-0.005614
27674,-0.008504
27675,0.017973
27676,0.010229
27677,-0.020326
27678,-0.072917
27679,-0.069551
27680,-0.040650
27681,-0.003926
27682,-0.013084
27683,-0.002638
27684,-0.021384
27685,-0.002480
27686,0.040988
27687,0.011170
27688,0.016045
27689,0.054801
27690,0.064786
27691,0.075480
27692,0.056372
27693,-0.026172
27694,-0.032324
27695,-0.064240
27696,-0.079406
27697,-0.022656
27698,-0.025279
27699,0.012462
27700,0.018116
27701,0.023324
27702,0.031321
27703,0.028372
27704,-0.007695
27705,0.022074
27706,0.013608
27707,-0.076212
27708,-0.073028
27709,-0.048616
27710,0.019379
27711,0.030211
27712,0.053372
27713,0.033166
27714,-0.000034
27715,0.024865
27716,-0.021059
27717,-0.011935
27718,0.006191
27719,0.013414
27720,0.007905
27721,0.031798
27722,0.019380
27723,-0.012377
27724,-0.029632
27725,-0.022724
27726,-0.006665
27727,-0.041453
27728,-0.040382
27729,-0.026266
27730,0.024651
27731,0.038322
27732,0.030676
27733,0.049534
27734,0.063615
27735,-0.035504
27736,-0.040618
27737,-0.058751
27738,-0.045987
27739,-0.007388
27740,608.486816
27741,554.435181
27742,7.587751
27743,260.703217
27744,-4.090865
27745,5.908879
27746,16.589577
27747,5.279784
27748,-4.103824
27749,-3.858869
27750,-2.001382
27751,-2.944745
27752,6.872468
27753,12.364913
27754,16.323801
27755,3.535646
27756,1.226997
27757,-10.908663
27758,-15.253776
27759,-15.230389
27760,-22.957972
27761,-16.270163
27762,-3.179832
27763,0.687121
27764,8.022622
27765,21.893517
27766,19.510515
27767,11.979165
27768,12.384849
27769,-7.176123
27770,-23.571701
27771,-9.428760
27772,-10.918329
27773,1.990151
27774,11.927614
27775,12.596604
27776,23.231537
27777,6.586373
27778,-2.412188
27779,-9.053945
27780,-9.829466
27781,-16.658617
27782,-13.956537
27783,0.501456
27784,-2.055526
27785,5.511735
27786,8.629345
27787,7.586158
27788,3.780194
27789,1.065765
27790,-5.237569
27791,-7.223440
27792,-6.955108
27793,-12.774496
27794,0.022014
27795,-0.006364
27796,-0.000939
27797,0.021898
27798,0.005198
27799,0.050071
27800,0.038232
27801,-0.006887
27802,-0.046506
27803,-0.009531
27804,0.002559
27805,0.012297
27806,0.033792
27807,0.010402
27808,0.009685
27809,-0.051812
27810,-0.045585
27811,-0.019782
27812,0.015465
27813,0.033183
27814,0.028265
27815,-0.027079
27816,-0.036899
27817,-0.024915
27818,0.004398
27819,0.046341
27820,0.023756
27821,-0.022833
27822,-0.029312
27823,0.000596
27824,0.002982
27825,0.000965
27826,0.004496
27827,0.026641
27828,0.043447
27829,0.012195
27830,-0.006440
27831,0.002320
27832,0.011310
27833,0.016665
27834,0.004261
27835,0.001610
27836,-0.017253
27837,-0.062367
27838,-0.026373
27839,0.009626
27840,-0.004203
27841,0.031764
27842,0.022241
27843,-0.020085
27844,-0.054042
27845,-0.051013
27846,-0.026393
27847,0.024964
27848,0.060408
27849,0.039721
27850,0.063671
27851,0.028583
27852,0.010698
27853,-0.017857
27854,-0.034550
27855,-0.052110
27856,-0.080360
27857,-0.010782
27858,-0.020863
27859,-0.021319
27860,-0.008910
27861,0.004247
27862,0.060193
27863,0.063404
27864,0.039600
27865,0.020441
27866,0.002199
27867,-0.006045
27868,-0.039232
27869,0.005939
27870,-0.004607
27871,-0.076071
27872,-0.077004
27873,0.006223
27874,0.015447
27875,-0.043738
27876,-0.025389
27877,0.027399
27878,0.009302
27879,0.046579
27880,0.054438
27881,0.020743
27882,0.030192
27883,0.014262
27884,0.001530
27885,0.021816
27886,0.018452
27887,0.005614
27888,0.015052
27889,-0.010666
27890,-0.002625
27891,-0.053924
27892,-0.049795
27893,0.016108
27894,0.033653
27895,0.029615
27896,0.025909
27897,-0.025490
27898,-0.026614
27899,-0.038537
27900,-0.032382
27901,0.014690
27902,0.055137
27903,0.018609
27904,0.007625
27905,-0.016009
27906,-0.019157
27907,-0.017359
27908,-0.032861
27909,-0.025977
27910,0.018026
27911,0.020408
27912,0.026652
27913,0.031958
27914,-0.024730
27915,-0.042331
27916,0.003148
27917,0.029031
27918,0.020514
27919,0.008757
27920,-0.092125
27921,-0.076964
27922,-0.030917
27923,-0.004384
27924,-0.005927
27925,0.004292
27926,0.022602
27927,-0.023893
27928,0.000051
27929,0.007862
27930,0.009825
27931,0.009280
27932,0.069266
27933,0.082112
27934,0.072099
27935,0.055688
27936,0.030810
27937,-0.027869
27938,-0.037455
27939,-0.007416
27940,-0.029614
27941,-0.047680
27942,-0.033089
27943,0.021118
27944,0.022695
27945,0.020617
27946,0.058912
27947,-0.022098
27948,-0.055941
27949,-0.062875
27950,-0.046930
27951,-0.017774
27952,0.026632
27953,0.006879
27954,-0.011051
27955,0.009273
27956,-0.036304
27957,-0.075588
27958,-0.046784
27959,0.008777
27960,0.083171
27961,0.085404
27962,0.085657
27963,0.026407
27964,-0.020105
27965,0.013623
27966,0.003257
27967,-0.058363
27968,-0.015762
27969,-0.028592
27970,-0.018996
27971,0.008461
27972,-0.003951
27973,0.019978
27974,0.015263
27975,-0.020439
27976,-0.024791
27977,-0.017352
27978,-0.052860
27979,-0.078257
27980,-0.031084
27981,0.032463
27982,0.068838
27983,0.039744
27984,-0.007909
27985,-0.023282
27986,-0.007078
27987,-0.018367
27988,0.060784
27989,0.095153
27990,0.045014
27991,-0.024907
27992,-0.059248
27993,-0.025461
27994,0.019550
27995,0.017703
27996,0.062105
27997,0.047240
27998,-0.043927
27999,-0.103354
28000,-0.115155
28001,-0.048784
28002,-0.024732
28003,0.022534
28004,0.034212
28005,0.057255
28006,0.090007
28007,0.102101
28008,0.048267
28009,-0.031456
28010,-0.074454
28011,-0.090716
28012,-0.050714
28013,-0.023954
28014,-0.022579
28015,0.013487
28016,0.068278
28017,0.112929
28018,0.030293
28019,-0.017462
28020,-0.039766
28021,-0.053392
28022,-0.005118
28023,-0.026332
28024,-0.008208
28025,0.037707
28026,-0.013470
28027,-0.008689
28028,-0.001684
28029,-0.000104
28030,-0.017374
28031,-0.046526
28032,-0.019604
28033,0.040113
28034,0.070457
28035,0.040502
28036,0.043111
28037,0.004314
28038,0.002580
28039,-0.039889
28040,-0.011897
28041,-0.029210
28042,-0.061736
28043,-0.024353
28044,0.013499
28045,0.008783
28046,-0.033588
28047,-0.012343
28048,0.009875
28049,0.021837
28050,0.051766
28051,0.046679
28052,0.038051
28053,0.074849
28054,0.039638
28055,-0.023677
28056,-0.058356
28057,-0.063916
28058,-0.046518
28059,-0.073945
28060,-0.047269
28061,0.056926
28062,0.088101
28063,0.024362
28064,-0.007528
28065,0.018671
28066,-0.006083
28067,-0.047433
28068,0.015665
28069,-0.022166
28070,-0.041394
28071,-0.034897
28072,-0.039971
28073,-0.032557
28074,-0.042431
28075,-0.034876
28076,-0.013743
28077,0.065166
28078,0.118578
28079,0.062320
28080,0.052997
28081,0.016175
28082,-0.012166
28083,-0.063845
28084,-0.035979
28085,-0.023789
28086,-0.048698
28087,-0.043971
28088,-0.031534
28089,-0.018205
28090,-0.002675
28091,0.030326
28092,0.047864
28093,0.070149
28094,0.033258
28095,-0.021799
28096,-0.070518
28097,-0.032238
28098,0.021812
28099,0.013980
28100,0.056273
28101,0.093029
28102,0.051790
28103,-0.005329
28104,-0.048270
28105,-0.073261
28106,-0.105427
28107,-0.077353
28108,-0.030012
28109,0.006164
28110,-0.012769
28111,0.015169
28112,0.035431
28113,0.056906
28114,0.079598
28115,0.081967
28116,0.044720
28117,0.011844
28118,-0.024857
28119,-0.008187
28120,-0.042485
28121,-0.052172
28122,-0.053729
28123,-0.024718
28124,0.015963
28125,0.002263
28126,0.067355
28127,0.046515
28128,-0.043640
28129,-0.082778
28130,-0.055538
28131,-0.008263
28132,0.003262
28133,0.029640
28134,0.012093
28135,-0.001005
28136,-0.008653
28137,-0.003881
28138,-0.005960
28139,0.017590
28140,0.039544
28141,0.053069
28142,0.032542
28143,0.003789
28144,639.284058
28145,567.060608
28146,7.981429
28147,210.174469
28148,-49.133194
28149,-24.496977
28150,0.979438
28151,45.736721
28152,82.394058
28153,51.021797
28154,14.854536
28155,-7.174053
28156,-15.060695
28157,-3.092932
28158,14.090432
28159,-2.289384
28160,-28.450933
28161,-40.838936
28162,-34.505520
28163,-16.134590
28164,-1.803230
28165,13.633963
28166,38.773373
28167,45.233578
28168,13.568435
28169,-22.140505
28170,-34.058571
28171,-15.563509
28172,-5.676043
28173,9.915899
28174,30.334835
28175,29.158945
28176,15.743332
28177,-9.306370
28178,-21.414524
28179,-25.898506
28180,-23.710609
28181,-12.942503
28182,-4.723827
28183,-12.318530
28184,-22.465994
28185,-10.797709
28186,4.843035
28187,25.075373
28188,44.217442
28189,54.896099
28190,25.178165
28191,-7.267539
28192,-12.365412
28193,-9.329337
28194,-36.247635
28195,-48.300659
28196,-34.817753
28197,-6.842587
28198,0.009998
28199,0.018176
28200,-0.016770
28201,-0.049398
28202,-0.043139
28203,-0.009713
28204,0.004677
28205,0.053538
28206,0.003705
28207,-0.046051
28208,-0.067049
28209,-0.060111
28210,-0.019441
28211,-0.017179
28212,0.022335
28213,0.053149
28214,0.042697
28215,0.078243
28216,0.049955
28217,0.015680
28218,0.040037
28219,0.024028
28220,0.016269
28221,0.030928
28222,-0.004123
28223,-0.029287
28224,-0.062822
28225,-0.113566
28226,-0.109334
28227,-0.033130
28228,-0.047564
28229,-0.020601
28230,0.049360
28231,0.077794
28232,0.075083
28233,0.057449
28234,0.008380
28235,-0.034423
28236,-0.090983
28237,0.003881
28238,0.050366
28239,0.035439
28240,-0.043641
28241,-0.093098
28242,-0.101354
28243,0.001553
28244,0.141994
28245,0.115068
28246,0.061900
28247,0.041606
28248,-0.052987
28249,-0.083137
28250,-0.051785
28251,-0.043697
28252,-0.007768
28253,0.008387
28254,0.017418
28255,0.016682
28256,-0.008870
28257,0.009213
28258,0.031390
28259,0.007503
28260,-0.012051
28261,-0.023402
28262,0.014749
28263,0.070218
28264,0.058040
28265,0.013666
28266,-0.034178
28267,-0.064425
28268,-0.020610
28269,-0.010677
28270,-0.003764
28271,0.023691
28272,0.011821
28273,-0.026152
28274,-0.026370
28275,-0.022809
28276,-0.017367
28277,-0.002286
28278,-0.029732
28279,-0.010549
28280,0.013404
28281,-0.001574
28282,0.000822
28283,-0.022045
28284,-0.005838
28285,0.013198
28286,-0.004870
28287,0.042211
28288,0.071171
28289,0.009655
28290,-0.058149
28291,-0.034677
28292,-0.064344
28293,-0.038436
28294,-0.003656
28295,0.046838
28296,0.046568
28297,0.028845
28298,651.023499
28299,571.873291
28300,8.131495
28301,192.551620
28302,36.584499
28303,55.613167
28304,32.962887
28305,16.909302
28306,-12.006514
28307,-16.380003
28308,5.960791
28309,13.288041
28310,7.526398
28311,-21.600597
28312,-42.827511
28313,-19.524681
28314,-5.961030
28315,19.330566
28316,19.322712
28317,-0.581461
28318,-12.822448
28319,-6.520393
28320,-6.538669
28321,8.806998
28322,9.683071
28323,-13.401600
28324,-14.471742
28325,-16.541960
28326,-6.475320
28327,17.100136
28328,40.122940
28329,44.206516
28330,16.773451
28331,-5.740989
28332,-5.232846
28333,-4.673408
28334,-29.208990
28335,-38.566711
28336,-24.521467
28337,-7.901206
28338,2.504903
28339,-7.269643
28340,-13.020552
28341,-0.454610
28342,21.143927
28343,38.988152
28344,26.098249
28345,4.057617
28346,-7.047058
28347,-22.263239
28348,-6.749911
28349,16.280352
28350,22.046534
28351,20.346189
28352,0.044775
28353,0.042751
28354,0.065690
28355,0.045655
28356,-0.013957
28357,-0.029945
28358,-0.031079
28359,-0.085453
28360,-0.065965
28361,0.008658
28362,0.051341
28363,0.033601
28364,-0.007548
28365,0.016677
28366,-0.007377
28367,0.004574
28368,0.055280
28369,-0.011203
28370,-0.052216
28371,-0.069921
28372,-0.055224
28373,-0.025247
28374,0.014493
28375,0.011824
28376,0.009532
28377,0.031526
28378,0.061204
28379,0.017138
28380,-0.015040
28381,-0.020219
28382,-0.050491
28383,-0.024859
28384,0.021014
28385,0.034541
28386,0.054865
28387,0.065864
28388,0.035827
28389,-0.027883
28390,-0.090359
28391,-0.070504
28392,-0.050744
28393,0.000091
28394,0.028485
28395,-0.053696
28396,-0.080701
28397,0.022501
28398,0.079084
28399,0.050640
28400,0.067371
28401,0.052724
28402,-0.007382
28403,-0.017607
28404,-0.013433
28405,0.025503
28406,-0.030824
28407,-0.100619
28408,-0.072247
28409,-0.021823
28410,0.048864
28411,0.068503
28412,0.028279
28413,0.024887
28414,-0.005786
28415,0.020676
28416,0.032252
28417,0.023881
28418,-0.012845
28419,-0.036853
28420,-0.045300
28421,-0.042028
28422,0.030935
28423,0.057135
28424,0.002771
28425,-0.020655
28426,-0.007136
28427,-0.033908
28428,-0.023190
28429,-0.017630
28430,-0.026235
28431,-0.006083
28432,0.005579
28433,0.028594
28434,0.071041
28435,0.001964
28436,-0.027907
28437,-0.034701
28438,0.007652
28439,0.021470
28440,-0.006267
28441,-0.032179
28442,0.015517
28443,0.012203
28444,-0.028611
28445,-0.076464
28446,-0.050531
28447,-0.014498
28448,0.051258
28449,0.074667
28450,0.062429
28451,0.035286
28452,0.069649
28453,-0.003788
28454,-0.020108
28455,-0.043690
28456,-0.027905
28457,0.005502
28458,-0.011671
28459,0.013296
28460,-0.022822
28461,-0.021549
28462,-0.022454
28463,-0.020219
28464,-0.045036
28465,-0.024158
28466,-0.030503
28467,-0.022739
28468,-0.008412
28469,0.041419
28470,0.104651
28471,0.026423
28472,0.015594
28473,-0.009792
28474,-0.008496
28475,-0.000250
28476,0.068168
28477,0.080875
28478,0.031875
28479,0.013427
28480,-0.089460
28481,-0.127108
28482,-0.104209
28483,-0.049866
28484,0.016337
28485,0.042053
28486,0.059551
28487,0.032471
28488,-0.000656
28489,0.017263
28490,-0.015143
28491,-0.049828
28492,-0.019339
28493,-0.029046
28494,-0.018402
28495,0.017776
28496,0.020363
28497,0.003726
28498,0.060608
28499,0.076629
28500,0.032953
28501,0.025475
28502,-0.031421
28503,-0.072211
28504,-0.048359
28505,-0.026419
28506,0.013204
28507,0.058800
28508,0.015385
28509,-0.002505
28510,-0.066218
28511,-0.060891
28512,-0.012852
28513,-0.021853
28514,-0.039174
28515,-0.002541
28516,-0.005846
28517,0.058125
28518,0.020050
28519,0.041427
28520,0.044453
28521,0.037905
28522,0.012772
28523,-0.037281
28524,-0.045768
28525,0.009408
28526,-0.004703
28527,0.010013
28528,0.019631
28529,-0.019284
28530,0.024242
28531,0.063151
28532,0.073345
28533,0.051452
28534,-0.025850
28535,-0.063188
28536,-0.105403
28537,-0.148358
28538,-0.093533
28539,-0.014184
28540,0.089924
28541,0.149971
28542,0.098273
28543,0.076907
28544,-0.017258
28545,-0.063701
28546,-0.066464
28547,-0.077676
28548,-0.042896
28549,-0.021566
28550,-0.028467
28551,0.052484
28552,0.044550
28553,0.000837
28554,-0.008012
28555,0.002903
28556,-0.001573
28557,-0.035438
28558,-0.011213
28559,-0.006020
28560,-0.005006
28561,0.085795
28562,0.092053
28563,0.068993
28564,0.020234
28565,-0.033544
28566,-0.055943
28567,-0.037062
28568,-0.041848
28569,-0.078635
28570,-0.045214
28571,0.000214
28572,0.035039
28573,-0.009199
28574,-0.019367
28575,0.057460
28576,0.034010
28577,-0.015672
28578,0.006943
28579,0.066301
28580,0.102856
28581,0.058139
28582,0.028433
28583,0.019643
28584,-0.048470
28585,-0.049523
28586,-0.043129
28587,-0.103529
28588,-0.098638
28589,-0.042229
28590,-0.031582
28591,-0.012357
28592,0.024281
28593,0.047379
28594,0.021891
28595,-0.004753
28596,0.053566
28597,0.038047
28598,0.002547
28599,-0.021639
28600,-0.029547
28601,-0.067409
28602,0.002976
28603,0.100176
28604,0.089271
28605,0.043268
28606,-0.012939
28607,-0.028012
28608,-0.049424
28609,-0.082540
28610,-0.057154
28611,-0.036566
28612,-0.057762
28613,-0.015090
28614,0.017909
28615,0.041705
28616,0.050141
28617,0.023208
28618,0.054209
28619,0.045218
28620,-0.003638
28621,0.012590
28622,0.015634
28623,-0.016353
28624,-0.011724
28625,0.011409
28626,-0.029685
28627,-0.018585
28628,0.075289
28629,0.029076
28630,0.014883
28631,0.005760
28632,-0.010956
28633,-0.055268
28634,-0.033522
28635,0.034225
28636,0.013255
28637,-0.038399
28638,-0.085857
28639,-0.050286
28640,-0.035513
28641,-0.015939
28642,0.028191
28643,0.002884
28644,0.003317
28645,0.033632
28646,0.006387
28647,0.048174
28648,0.074586
28649,0.050265
28650,0.021271
28651,-0.038110
28652,-0.089441
28653,-0.044251
28654,-0.038088
28655,-0.032134
28656,-0.018153
28657,-0.003358
28658,0.068984
28659,0.061956
28660,0.022636
28661,0.010112
28662,0.011820
28663,0.019154
28664,0.000676
28665,-0.010709
28666,0.018050
28667,-0.018777
28668,-0.051856
28669,-0.038761
28670,-0.030997
28671,0.021184
28672,0.040104
28673,0.067541
28674,0.025752
28675,-0.045126
28676,0.005968
28677,0.043381
28678,0.055961
28679,0.020853
28680,-0.009823
28681,0.001798
28682,-0.043522
28683,-0.101191
28684,-0.035016
28685,0.004475
28686,-0.012065
28687,0.012859
28688,-0.019438
28689,-0.062737
28690,-0.018089
28691,-0.012470
28692,0.040063
28693,0.071578
28694,0.015796
28695,0.011467
28696,-0.003706
28697,0.011074
28698,0.049065
28699,-0.056684
28700,-0.044338
28701,-0.058003
28702,-0.072751
28703,-0.020309
28704,-0.005659
28705,0.027802
28706,0.061243
28707,0.087965
28708,0.054722
28709,0.012200
28710,0.016642
28711,0.000440
28712,-0.013441
28713,-0.035198
28714,-0.039502
28715,-0.010485
28716,-0.056265
28717,-0.064885
28718,0.046991
28719,0.095398
28720,0.079503
28721,0.072451
28722,0.057531
28723,0.012421
28724,-0.074880
28725,-0.139463
28726,-0.125858
28727,-0.044347
28728,0.002303
28729,-0.010014
28730,-0.060302
28731,0.000037
28732,0.057255
28733,0.109046
28734,0.107830
28735,0.070818
28736,0.026143
28737,-0.026152
28738,-0.095145
28739,-0.068325
28740,-0.084118
28741,-0.033559
28742,0.040858
28743,0.056014
28744,0.034387
28745,0.028611
28746,-0.008400
28747,0.041217
28748,0.038298
28749,-0.008531
28750,0.021905
28751,0.003760
28752,-0.009685
28753,0.010021
28754,0.002032
28755,0.010860
28756,0.008230
28757,-0.024109
28758,-0.074360
28759,-0.068594
28760,-0.047366
28761,-0.068588
28762,-0.056294
28763,-0.006543
28764,0.035937
28765,0.047651
28766,0.054730
28767,0.065665
28768,0.057282
28769,0.065363
28770,0.018149
28771,0.006337
28772,-0.039031
28773,-0.017688
28774,-0.008560
28775,-0.011854
28776,-0.027778
28777,-0.077269
28778,-0.079986
28779,-0.018835
28780,0.076752
28781,0.068049
28782,0.005617
28783,0.013627
28784,0.030075
28785,-0.006879
28786,-0.049209
28787,-0.057130
28788,-0.029161
28789,0.005421
28790,0.024097
28791,0.012425
28792,0.025833
28793,0.008252
28794,0.001214
28795,0.011755
28796,0.005674
28797,0.019056
28798,0.051187
28799,0.034106
28800,-0.019157
28801,-0.045510
28802,-0.018094
28803,-0.015780
28804,-0.037459
28805,-0.034860
28806,-0.035036
28807,-0.018854
28808,0.046339
28809,0.014021
28810,-0.022473
28811,-0.022812
28812,-0.009456
28813,-0.011527
28814,0.043563
28815,0.034380
28816,0.046347
28817,0.077607
28818,0.011212
28819,0.009008
28820,-0.015050
28821,0.002313
28822,-0.031239
28823,-0.065758
28824,-0.042370
28825,-0.013936
28826,-0.011571
28827,-0.011676
28828,-0.021426
28829,0.023238
28830,0.091145
28831,0.068835
28832,0.036215
28833,0.013875
28834,-0.053003
28835,-0.079593
28836,-0.056070
28837,-0.001874
28838,0.028028
28839,-0.010624
28840,-0.027490
28841,-0.022372
28842,0.032677
28843,0.041964
28844,0.007280
28845,-0.035912
28846,-0.013743
28847,-0.028307
28848,-0.010656
28849,0.060727
28850,0.076804
28851,0.006579
28852,-0.015292
28853,-0.013225
28854,-0.003811
28855,0.025169
28856,0.020734
28857,0.001021
28858,-0.023544
28859,-0.022741
28860,-0.028429
28861,-0.017506
28862,0.002343
28863,0.002147
28864,0.005416
28865,0.018528
28866,-0.019897
28867,-0.018944
28868,0.022965
28869,0.050085
28870,0.018977
28871,-0.058226
28872,-0.066625
28873,-0.052339
28874,0.016782
28875,-0.003643
28876,0.013438
28877,0.020820
28878,0.004144
28879,0.003691
28880,-0.007679
28881,0.012676
28882,0.072384
28883,0.043831
28884,-0.007617
28885,-0.010100
28886,-0.032219
28887,-0.042733
28888,-0.022815
28889,-0.033115
28890,-0.052550
28891,-0.024039
28892,-0.016852
28893,-0.001290
28894,0.039278
28895,0.053825
28896,0.028541
28897,0.007495
28898,-0.008380
28899,-0.047326
28900,-0.020009
28901,0.056026
28902,0.023351
28903,0.089921
28904,0.081402
28905,0.019300
28906,0.004558
28907,-0.015242
28908,-0.019149
28909,-0.023945
28910,-0.005022
28911,0.036695
28912,-0.031662
28913,-0.063042
28914,-0.054829
28915,-0.018641
28916,0.033278
28917,0.030487
28918,0.075472
28919,0.091509
28920,0.006453
28921,-0.032840
28922,-0.013232
28923,0.020105
28924,-0.009809
28925,-0.080208
28926,-0.070426
28927,-0.036652
28928,-0.050393
28929,-0.043190
28930,0.016783
28931,0.049093
28932,0.085276
28933,0.056493
28934,0.070967
28935,0.055103
28936,0.006525
28937,-0.032179
28938,-0.074449
28939,-0.035773
28940,0.010596
28941,-0.007496
28942,0.025303
28943,0.017540
28944,-0.041446
28945,-0.028078
28946,-0.017528
28947,-0.013113
28948,-0.033922
28949,-0.077897
28950,-0.068558
28951,0.016426
28952,700.878113
28953,592.311462
28954,8.768785
28955,128.403275
28956,-7.185953
28957,-13.970810
28958,-7.715380
28959,2.785941
28960,19.820530
28961,42.346317
28962,11.893244
28963,-20.381952
28964,-37.087177
28965,-22.337200
28966,7.438522
28967,25.766720
28968,17.912966
28969,3.206024
28970,-10.899665
28971,-20.342264
28972,-43.687038
28973,-23.728008
28974,8.455259
28975,18.938599
28976,18.537674
28977,23.745768
28978,31.643318
28979,32.730106
28980,7.646780
28981,-13.262176
28982,-17.104362
28983,-5.092408
28984,10.376982
28985,2.045666
28986,-27.534077
28987,-49.784771
28988,-36.651340
28989,-6.900331
28990,28.727892
28991,40.525631
28992,40.236755
28993,-7.114674
28994,-27.958967
28995,-20.199659
28996,-8.278868
28997,10.718602
28998,-3.646818
28999,-15.808398
29000,-11.562347
29001,9.984137
29002,17.857607
29003,36.488720
29004,25.370398
29005,10.542368
29006,0.077595
29007,0.102609
29008,0.057508
29009,0.012538
29010,0.025666
29011,0.009320
29012,0.016454
29013,0.024161
29014,-0.019317
29015,-0.042173
29016,-0.045033
29017,-0.054920
29018,-0.066156
29019,-0.058640
29020,0.013898
29021,0.052865
29022,0.058227
29023,0.068400
29024,0.032386
29025,-0.004892
29026,-0.029929
29027,0.008181
29028,-0.018205
29029,-0.029035
29030,-0.012047
29031,-0.012580
29032,0.012133
29033,0.002750
29034,0.025920
29035,0.011354
29036,-0.014285
29037,0.004960
29038,-0.019008
29039,-0.050929
29040,-0.117556
29041,-0.031506
29042,0.058078
29043,0.034915
29044,0.016921
29045,0.039197
29046,0.043589
29047,0.015142
29048,-0.018854
29049,-0.005321
29050,0.008582
29051,0.043499
29052,0.003118
29053,0.023506
29054,0.000301
29055,-0.032726
29056,0.004460
29057,0.005456
29058,-0.017652
29059,-0.028070
29060,0.007996
29061,0.011157
29062,-0.037817
29063,-0.083345
29064,-0.080578
29065,-0.051362
29066,0.018971
29067,0.090853
29068,0.055467
29069,0.062176
29070,0.076138
29071,0.009984
29072,-0.016886
29073,-0.027697
29074,-0.044664
29075,-0.025722
29076,-0.039417
29077,-0.026623
29078,0.001349
29079,0.032515
29080,0.053720
29081,0.090022
29082,0.087465
29083,-0.003374
29084,-0.047546
29085,-0.040182
29086,-0.010352
29087,-0.005405
29088,0.008938
29089,0.059144
29090,-0.012761
29091,-0.070050
29092,-0.097832
29093,-0.063261
29094,-0.033755
29095,0.015027
29096,0.060607
29097,0.033302
29098,-0.028481
29099,-0.038987
29100,-0.053072
29101,-0.001944
29102,0.049239
29103,0.085817
29104,0.106312
29105,0.038327
29106,0.016474
29107,-0.002039
29108,-0.048560
29109,-0.028525
29110,-0.032302
29111,0.013134
29112,0.032369
29113,-0.044700
29114,-0.092192
29115,-0.116484
29116,-0.050442
29117,0.049735
29118,0.121962
29119,0.120313
29120,0.078596
29121,0.021067
29122,-0.058868
29123,-0.101069
29124,-0.068223
29125,-0.000032
29126,-0.002966
29127,-0.026692
29128,0.023283
29129,0.039676
29130,0.052413
29131,0.018890
29132,-0.003461
29133,0.004536
29134,0.038677
29135,0.003243
29136,-0.057148
29137,-0.068458
29138,-0.075808
29139,-0.077839
29140,-0.012860
29141,-0.002328
29142,0.043137
29143,0.049603
29144,0.063754
29145,0.068206
29146,-0.013875
29147,-0.003926
29148,0.001446
29149,-0.026842
29150,-0.026485
29151,-0.008446
29152,-0.020336
29153,-0.010377
29154,0.019611
29155,0.039608
29156,0.025016
29157,0.008047
29158,-0.024889
29159,-0.049226
29160,-0.022710
29161,0.013434
29162,0.027165
29163,0.064981
29164,0.022987
29165,0.011262
29166,-0.016304
29167,-0.033615
29168,-0.028448
29169,0.003629
29170,-0.006858
29171,-0.014753
29172,-0.035606
29173,-0.071322
29174,-0.034685
29175,0.010059
29176,0.029434
29177,0.032979
29178,0.031542
29179,0.047891
29180,0.016391
29181,0.003607
29182,0.020937
29183,0.039965
29184,0.043293
29185,0.034203
29186,-0.036717
29187,-0.070309
29188,-0.049722
29189,-0.058542
29190,-0.044468
29191,-0.012938
29192,0.016847
29193,0.076837
29194,0.025045
29195,-0.005017
29196,-0.026787
29197,0.012073
29198,0.066191
29199,0.010157
29200,-0.021052
29201,0.007561
29202,0.000736
29203,-0.038958
29204,-0.016467
29205,-0.023854
29206,-0.036382
29207,-0.058118
29208,-0.008932
29209,0.056491
29210,0.044001
29211,0.059731
29212,0.037083
29213,-0.000659
29214,-0.052198
29215,-0.031620
29216,0.053467
29217,0.053531
29218,-0.000098
29219,-0.011171
29220,-0.007161
29221,-0.058788
29222,-0.074623
29223,-0.047654
29224,-0.004108
29225,0.000175
29226,-0.014628
29227,0.030464
29228,0.034091
29229,0.010431
29230,-0.005571
29231,-0.012253
29232,0.011211
29233,0.013994
29234,0.023043
29235,0.021065
29236,-0.022925
29237,-0.024026
29238,-0.044912
29239,-0.043266
29240,0.036669
29241,0.080879
29242,0.094381
29243,0.019290
29244,-0.002576
29245,-0.007519
29246,-0.063793
29247,-0.059674
29248,-0.050898
29249,-0.051744
29250,0.009416
29251,0.058719
29252,0.002918
29253,0.055635
29254,0.036445
29255,-0.034920
29256,724.052307
29257,601.811768
29258,9.065017
29259,90.082611
29260,10.108772
29261,12.094139
29262,18.289654
29263,11.827398
29264,-5.039751
29265,-28.068039
29266,-47.132771
29267,-47.693390
29268,-30.180815
29269,-1.459682
29270,19.896456
29271,20.918428
29272,36.261921
29273,37.991356
29274,16.408796
29275,-11.586254
29276,-21.858047
29277,-24.506357
29278,-9.714513
29279,-0.787670
29280,-0.584699
29281,-13.604075
29282,-17.112610
29283,5.108035
29284,22.703024
29285,11.027130
29286,-10.319628
29287,-24.068928
29288,-20.988400
29289,0.255535
29290,22.721617
29291,35.107361
29292,22.801861
29293,13.662004
29294,18.712545
29295,2.481691
29296,21.032719
29297,18.726833
29298,18.998611
29299,2.754700
29300,-15.407531
29301,-32.160805
29302,-55.657978
29303,-56.573402
29304,-16.260824
29305,10.248415
29306,29.461567
29307,33.735390
29308,5.051827
29309,-31.364725
29310,-122.780663
29311,0.009209
29312,1247.105713
29313,169.752914
29314,1074.743408
29315,2359.721924
29316,2278.965332
29317,1983.312744
29318,-1666.386719
29319,-1519.453491
29320,908.504333
29321,-1040.124023
29322,-518.087463
29323,940.527161
29324,-574.655945
29325,-485.660431
29326,-1161.638794
29327,1049.308594
29328,-1026.365479
29329,-2061.871338
29330,-2272.158936
29331,-1615.914673
29332,-1467.480713
29333,2319.779297
29334,817.738953
29335,923.804932
29336,313.687927
29337,-2075.757080
29338,-98.896820
29339,-1041.407227
29340,-286.869263
29341,-179.383606
29342,185.493835
29343,-1736.359375
29344,-1737.172607
29345,1192.312988
29346,172.877838
29347,-1306.711304
29348,875.904968
29349,-459.569031
29350,-1292.373535
29351,-980.992676
29352,-719.440979
29353,-1624.827393
29354,-227.099625
29355,1751.626831
29356,-820.270264
29357,1089.361328
29358,-111.052383
29359,-2121.248047
29360,-1134.837769
29361,1514.765259
29362,236.921677
29363,-1334.680664
29364,42.550510
29365,74.208519
29366,9.166296
29367,-60.847404
29368,242.138092
29369,0.003602
29370,0.023967
29371,0.047108
29372,0.045179
29373,0.065090
29374,0.006910
29375,-0.125023
29376,-0.149094
29377,-0.060408
29378,0.075792
29379,0.150021
29380,0.149597
29381,0.096688
29382,-0.008055
29383,-0.180490
29384,-0.205172
29385,-0.116832
29386,0.026637
29387,0.094373
29388,0.108857
29389,0.077008
29390,0.028870
29391,0.039157
29392,0.046988
29393,0.018821
29394,-0.031673
29395,-0.075327
29396,-0.118631
29397,-0.081943
29398,-0.011271
29399,0.051966
29400,0.017208
29401,-0.066806
29402,-0.027418
29403,0.037009
29404,0.125814
29405,0.074748
29406,-0.015124
29407,-0.006770
29408,0.076694
29409,0.042164
29410,0.026753
29411,-0.046273
29412,-0.208583
29413,-0.205135
29414,-0.036206
29415,0.121552
29416,0.176600
29417,0.090311
29418,-0.024936
29419,0.003360
29420,0.030448
29421,0.022304
29422,-0.003221
29423,-0.075613
29424,-0.105583
29425,-0.042068
29426,0.009169
29427,0.053175
29428,0.068073
29429,0.031189
29430,0.032950
29431,0.048766
29432,0.038821
29433,0.020330
29434,-0.051869
29435,-0.071988
29436,-0.031458
29437,0.003628
29438,0.016228
29439,0.047648
29440,0.035359
29441,0.028451
29442,0.014115
29443,0.017625
29444,-0.055135
29445,-0.045266
29446,-0.033437
29447,-0.004582
29448,0.031950
29449,0.038046
29450,0.046187
29451,0.054804
29452,0.041274
29453,0.027348
29454,-0.022114
29455,-0.022129
29456,-0.001562
29457,-0.016423
29458,-0.020889
29459,-0.075151
29460,-0.135948
29461,-0.114775
29462,-0.004146
29463,-0.053128
29464,0.026331
29465,0.068907
29466,0.045264
29467,0.074951
29468,0.056268
29469,0.027505
29470,0.014416
29471,-0.032734
29472,-0.010620
29473,0.041190
29474,-0.026571
29475,-0.022391
29476,-0.064781
29477,-0.058143
29478,-0.019771
29479,0.031056
29480,0.051624
29481,0.074058
29482,0.087835
29483,0.057574
29484,0.014384
29485,0.006220
29486,-0.031789
29487,-0.024392
29488,-0.028967
29489,-0.085118
29490,-0.113153
29491,-0.019967
29492,0.046195
29493,0.107164
29494,0.066543
29495,0.005825
29496,-0.026329
29497,-0.028602
29498,-0.038036
29499,-0.002995
29500,-0.020572
29501,-0.052699
29502,-0.006136
29503,0.018386
29504,0.048908
29505,0.063516
29506,0.038561
29507,0.034007
29508,-0.007456
29509,-0.039804
29510,-0.012166
29511,-0.005728
29512,-0.037308
29513,-0.042086
29514,-0.019354
29515,-0.063839
29516,-0.058008
29517,-0.018068
29518,-0.057558
29519,-0.058677
29520,0.015679
29521,0.037969
29522,0.058852
29523,0.058661
29524,0.038402
29525,0.051532
29526,0.070376
29527,0.028671
29528,0.017685
29529,0.019112
29530,-0.030875
29531,-0.072092
29532,-0.051310
29533,-0.022089
29534,0.000745
29535,0.070224
29536,0.050359
29537,0.003152
29538,-0.001531
29539,-0.010246
29540,0.018155
29541,0.052161
29542,0.008056
29543,0.011053
29544,-0.019107
29545,-0.061535
29546,-0.025040
29547,-0.044794
29548,-0.037014
29549,-0.005857
29550,0.069202
29551,0.039749
29552,-0.010018
29553,-0.057497
29554,-0.029120
29555,-0.020120
29556,0.006226
29557,0.003701
29558,0.030173
29559,0.041451
29560,0.026380
29561,0.009654
29562,-0.052490
29563,-0.044821
29564,0.012076
29565,0.012303
29566,-0.006180
29567,-0.030225
29568,-0.021661
29569,0.013575
29570,-0.041687
29571,-0.012552
29572,0.040417
29573,0.037633
29574,0.034948
29575,0.035933
29576,-0.002270
29577,-0.045726
29578,-0.029071
29579,-0.032451
29580,-0.020480
29581,0.048452
29582,0.065876
29583,0.041661
29584,0.046068
29585,-0.025399
29586,-0.012204
29587,0.007616
29588,-0.004548
29589,-0.050959
29590,-0.076981
29591,-0.081464
29592,-0.028410
29593,0.012006
29594,-0.018107
29595,-0.022213
29596,0.016128
29597,0.016123
29598,0.008702
29599,0.025576
29600,0.068320
29601,0.099887
29602,0.050501
29603,-0.043305
29604,-0.062071
29605,-0.061247
29606,-0.020596
29607,-0.009192
29608,0.009427
29609,0.100450
29610,0.078495
29611,0.033106
29612,0.008931
29613,-0.011789
29614,-0.060240
29615,-0.070339
29616,-0.058236
29617,-0.065880
29618,-0.039423
29619,0.015140
29620,0.001056
29621,-0.015188
29622,0.027969
29623,0.007269
29624,0.037152
29625,0.030969
29626,-0.006331
29627,-0.026254
29628,0.005607
29629,0.033787
29630,0.017683
29631,0.035516
29632,0.056637
29633,0.038690
29634,-0.000596
29635,-0.046269
29636,-0.063237
29637,-0.013453
29638,0.004270
29639,0.016727
29640,0.010681
29641,-0.030589
29642,-0.045629
29643,-0.052027
29644,-0.019173
29645,0.020258
29646,0.038501
29647,0.023565
29648,0.012718
29649,-0.035005
29650,-0.044047
29651,-0.013157
29652,0.021507
29653,0.064947
29654,0.099088
29655,0.022289
29656,-0.009436
29657,-0.077280
29658,-0.092616
29659,-0.070617
29660,-0.044299
29661,-0.007935
29662,0.025948
29663,0.039324
29664,0.028141
29665,0.026916
29666,0.058025
29667,0.049197
29668,0.041638
29669,0.014228
29670,0.013689
29671,-0.023949
29672,-0.082500
29673,-0.088160
29674,-0.026631
29675,-0.042635
29676,-0.006249
29677,0.022213
29678,0.020959
29679,0.013170
29680,-0.014305
29681,0.014503
29682,0.047348
29683,0.024877
29684,0.010378
29685,0.036577
29686,-0.003720
29687,-0.027740
29688,-0.036173
29689,-0.097648
29690,-0.080647
29691,-0.016305
29692,0.000005
29693,0.064734
29694,0.046042
29695,0.050171
29696,0.048208
29697,0.060897
29698,0.049669
29699,0.005041
29700,-0.029490
29701,-0.044205
29702,-0.089472
29703,-0.050666
29704,-0.048481
29705,0.007214
29706,0.106163
29707,0.102986
29708,0.066893
29709,-0.035361
29710,-0.085229
29711,-0.051161
29712,-0.061128
29713,-0.060660
29714,-0.032203
29715,0.024036
29716,0.023362
29717,-0.016429
29718,-0.019634
29719,0.043321
29720,0.080929
29721,0.110397
29722,0.039747
29723,0.002078
29724,-0.045023
29725,-0.054608
29726,-0.038460
29727,-0.055706
29728,-0.041071
29729,-0.021655
29730,-0.010309
29731,0.030775
29732,0.063866
29733,0.082899
29734,0.092075
29735,0.008872
29736,-0.051197
29737,-0.032931
29738,-0.020421
29739,-0.057271
29740,-0.000910
29741,-0.019964
29742,-0.050939
29743,-0.025912
29744,-0.009751
29745,0.005492
29746,0.049632
29747,0.043311
29748,0.067912
29749,0.064302
29750,0.022947
29751,-0.029981
29752,-0.102739
29753,-0.092761
29754,0.012938
29755,0.020171
29756,0.058863
29757,0.026677
29758,-0.020980
29759,0.003257
29760,-0.026399
29761,-0.003945
29762,-0.005571
29763,-0.045152
29764,-0.010842
29765,-0.010084
29766,-0.005725
29767,-0.007627
29768,-0.014895
29769,-0.029467
29770,0.001099
29771,0.062255
29772,0.062612
29773,-0.002138
29774,0.010344
29775,0.037990
29776,0.001735
29777,-0.021401
29778,-0.031385
29779,-0.026783
29780,-0.022334
29781,-0.062289
29782,-0.009410
29783,-0.010529
29784,0.013575
29785,-0.003873
29786,0.002371
29787,0.075866
29788,0.043669
29789,0.086506
29790,0.060173
29791,0.035620
29792,0.023873
29793,-0.064475
29794,-0.097636
29795,-0.110938
29796,-0.116325
29797,-0.053939
29798,0.003507
29799,-0.014457
29800,-0.010879
29801,0.021183
29802,0.024688
29803,0.060350
29804,0.103853
29805,0.085342
29806,0.063568
29807,0.032384
29808,-0.009187
29809,-0.026172
29810,-0.062534
29811,-0.087577
29812,-0.116920
29813,-0.061143
29814,-0.003835
29815,0.070004
29816,0.076902
29817,0.040003
29818,0.005960
29819,-0.018322
29820,-0.003417
29821,-0.021224
29822,-0.055838
29823,-0.063761
29824,-0.036427
29825,0.040832
29826,0.098384
29827,0.092349
29828,0.070304
29829,0.008025
29830,-0.060019
29831,-0.089823
29832,-0.099063
29833,-0.061531
29834,-0.006734
29835,0.020793
29836,0.055365
29837,0.089390
29838,0.057218
29839,0.012677
29840,-0.036799
29841,-0.050415
29842,-0.085987
29843,-0.055986
29844,0.002993
29845,0.013384
29846,0.061994
29847,0.054012
29848,-0.019327
29849,-0.024534
29850,-0.005934
29851,0.037337
29852,0.075996
29853,0.048354
29854,0.027630
29855,0.016709
29856,-0.030679
29857,-0.044105
29858,-0.045514
29859,-0.002551
29860,0.016505
29861,0.031909
29862,-0.031815
29863,-0.043495
29864,-0.016142
29865,-0.000352
29866,-0.009434
29867,-0.015189
29868,0.018295
29869,0.014085
29870,-0.005133
29871,-0.028238
29872,-0.030406
29873,-0.006064
29874,0.004601
29875,-0.037777
29876,0.053759
29877,0.078442
29878,0.048355
29879,0.029594
29880,0.025499
29881,0.048950
29882,-0.016529
29883,-0.077940
29884,-0.079833
29885,-0.083104
29886,-0.037190
29887,-0.038745
29888,0.005469
29889,-0.007369
29890,-0.034064
29891,-0.000124
29892,0.022659
29893,0.016100
29894,0.026449
29895,-0.052589
29896,-0.009392
29897,0.030027
29898,0.042837
29899,0.052114
29900,0.036890
29901,0.038189
29902,-0.042745
29903,-0.058245
29904,0.027546
29905,0.003660
29906,0.015946
29907,0.042917
29908,0.010606
29909,0.006869
29910,0.011602
29911,0.038420
29912,-0.006072
29913,-0.076816
29914,-0.046392
29915,-0.047349
29916,-0.032985
29917,-0.011601
29918,0.032996
29919,0.059062
29920,0.001878
29921,-0.014255
29922,-0.021881
29923,-0.000956
29924,0.013541
29925,-0.004096
29926,-0.049267
29927,-0.042979
29928,0.018002
29929,0.019373
29930,0.070422
29931,0.063216
29932,-0.006075
29933,-0.014953
29934,-0.009541
29935,-0.028921
29936,0.018708
29937,0.006299
29938,-0.050620
29939,-0.061106
29940,-0.049810
29941,-0.026572
29942,-0.002425
29943,0.015177
29944,0.053471
29945,0.045652
29946,-0.015330
29947,-0.006265
29948,-0.039014
29949,-0.040248
29950,-0.023417
29951,0.018126
29952,0.021445
29953,0.058367
29954,0.070844
29955,0.003923
29956,0.036031
29957,0.088170
29958,0.049830
29959,-0.021720
29960,-0.021027
29961,-0.034546
29962,-0.068835
29963,-0.048601
29964,-0.029636
29965,-0.019393
29966,0.025900
29967,0.071803
29968,0.045616
29969,0.000939
29970,-0.080157
29971,-0.059924
29972,-0.091492
29973,-0.043850
29974,-0.025928
29975,-0.034874
29976,-0.017306
29977,0.069982
29978,0.151528
29979,0.144552
29980,0.073348
29981,-0.008614
29982,-0.053477
29983,-0.089999
29984,-0.055003
29985,-0.023254
29986,-0.034280
29987,-0.000608
29988,0.017735
29989,0.021156
29990,-0.003126
29991,0.007448
29992,0.041574
29993,0.019971
29994,0.000002
29995,-0.019667
29996,-0.080611
29997,-0.092387
29998,-0.034274
29999,0.030994
