Index,Voltage_mV
0,-0.035763
1,0.004322
2,-0.006557
3,-0.017731
4,-0.020264
5,0.021917
6,0.070636
7,0.058856
8,-0.008058
9,-0.062442
10,-0.109669
11,-0.088800
12,-0.034558
13,0.030117
14,0.069153
15,0.084037
16,0.047066
17,-0.008369
18,-0.079881
19,-0.094316
20,-0.045305
21,-0.032614
22,0.013721
23,0.047999
24,0.090622
25,0.123981
26,0.093862
27,0.057179
28,-0.027466
29,-0.063926
30,-0.025913
31,-0.009100
32,-0.037557
33,-0.043382
34,-0.066401
35,0.020322
36,0.033025
37,-0.020402
38,0.003329
39,0.001431
40,-0.040799
41,-0.010854
42,-0.014579
43,-0.006706
44,-0.016993
45,0.000799
46,0.065576
47,0.050907
48,-0.003346
49,-0.022168
50,0.023478
51,-0.043247
52,-0.035982
53,0.034154
54,0.044644
55,0.003690
56,-0.029244
57,-0.049341
58,-0.059612
59,-0.062742
60,-0.023471
61,0.017192
62,0.076370
63,0.085452
64,0.059294
65,0.044205
66,-0.022941
67,-0.009215
68,0.024475
69,-0.046975
70,-0.107569
71,-0.086393
72,-0.051485
73,-0.041034
74,-0.024063
75,0.018061
76,0.035225
77,0.045764
78,0.078829
79,0.130217
80,0.008740
81,-0.092448
82,-0.096479
83,-0.048304
84,0.011857
85,-0.016547
86,-0.027045
87,0.040394
88,0.062493
89,0.033133
90,0.006119
91,0.012448
92,0.043300
93,-0.005066
94,0.013864
95,-0.004016
96,-0.020093
97,-0.043772
98,-0.042037
99,-0.046922
100,-0.021054
101,0.008859
102,0.044152
103,0.066441
104,0.042858
105,0.015648
106,-0.075198
107,-0.080367
108,-0.012143
109,-0.007073
110,0.012922
111,0.054641
112,0.084505
113,0.020412
114,-0.026109
115,-0.014110
116,-0.033025
117,0.014266
118,0.018654
119,-0.017617
120,-0.005438
121,-0.045372
122,-0.033448
123,-0.068939
124,-0.022325
125,0.046065
126,0.031875
127,0.027399
128,0.038812
129,0.048559
130,0.034787
131,0.014850
132,0.003119
133,-0.040022
134,-0.055142
135,-0.050978
136,-0.016712
137,-0.003482
138,0.011598
139,0.035463
140,0.065996
141,-0.005977
142,-0.030977
143,-0.012151
144,0.002873
145,-0.037266
146,-0.024307
147,0.009881
148,-0.016652
149,0.041056
150,-0.021232
151,0.008392
152,-0.008193
153,0.036010
154,0.035031
155,-0.012728
156,0.015171
157,0.067160
158,0.012515
159,0.002568
160,-0.057862
161,-0.112735
162,0.016095
163,0.064715
164,0.078365
165,0.060030
166,0.027649
167,-0.002161
168,-0.034834
169,-0.018932
170,-0.058206
171,-0.022959
172,0.046106
173,0.028839
174,0.056725
175,-0.007931
176,-0.083225
177,-0.064765
178,-0.054980
179,-0.065110
180,-0.025676
181,-0.005250
182,0.039843
183,0.004713
184,0.004684
185,0.069014
186,0.097078
187,0.090858
188,0.049663
189,-0.013131
190,-0.112595
191,-0.130022
192,-0.072443
193,-0.030189
194,-0.005257
195,0.023233
196,0.065553
197,0.053392
198,0.038826
199,0.058450
200,0.061405
201,0.055304
202,-0.012135
203,-0.137181
204,-0.125398
205,-0.037373
206,0.008578
207,0.071437
208,0.067527
209,0.039960
210,0.044057
211,0.011441
212,-0.002987
213,-0.000501
214,-0.043924
215,-0.042433
216,-0.057948
217,-0.032155
218,0.014172
219,0.001993
220,-0.017285
221,-0.013755
222,-0.000530
223,0.024464
224,-0.004131
225,-0.030336
226,-0.003336
227,-0.004487
228,0.052988
229,0.050851
230,-0.006683
231,-0.053483
232,-0.043328
233,-0.005087
234,0.001044
235,0.006555
236,0.039586
237,0.089951
238,0.046783
239,0.001884
240,-0.025220
241,-0.080833
242,-0.098662
243,-0.065587
244,-0.014908
245,0.033772
246,0.069332
247,0.065186
248,0.037003
249,0.044807
250,-0.000089
251,-0.017904
252,-0.034574
253,-0.057530
254,-0.088033
255,-0.034518
256,-0.001242
257,0.037903
258,0.094823
259,0.064410
260,0.096664
261,0.068229
262,0.011731
263,-0.044923
264,-0.082400
265,-0.070814
266,-0.029341
267,-0.078317
268,-0.088869
269,-0.048932
270,-0.039601
271,0.046549
272,0.071945
273,0.110456
274,0.149828
275,0.104254
276,0.032225
277,-0.007968
278,-0.027095
279,-0.031938
280,-0.072510
281,-0.124821
282,-0.071063
283,-0.003482
284,-0.027845
285,0.018425
286,0.032382
287,0.036956
288,0.053554
289,0.013611
290,-0.059099
291,-0.029513
292,-0.037725
293,-0.060526
294,0.012482
295,0.026318
296,0.031749
297,0.047365
298,0.028495
299,0.047724
300,0.050871
301,-0.023381
302,0.024368
303,0.066468
304,-0.011856
305,-0.105946
306,-0.122076
307,-0.067920
308,0.002893
309,0.034700
310,0.060053
311,0.016848
312,0.035395
313,0.019627
314,-0.037116
315,0.029510
316,-0.037625
317,-0.063061
318,-0.003609
319,-0.016811
320,-0.001824
321,0.019101
322,0.038262
323,0.067911
324,0.068286
325,0.053047
326,-0.038691
327,-0.090147
328,-0.083969
329,-0.084711
330,-0.028682
331,0.006258
332,0.000491
333,0.039175
334,0.051185
335,0.039379
336,0.014077
337,-0.008445
338,-0.019952
339,-0.052088
340,-0.023355
341,0.042368
342,0.039227
343,0.041527
344,0.037624
345,0.009033
346,0.040228
347,0.036244
348,-0.009773
349,-0.057508
350,-0.036783
351,-0.026341
352,-0.015904
353,-0.038112
354,-0.090826
355,-0.020747
356,0.025337
357,0.039722
358,0.052713
359,0.037352
360,-0.006868
361,-0.038064
362,-0.070367
363,-0.020356
364,0.047115
365,0.060953
366,0.015048
367,0.001657
368,-0.043678
369,-0.019848
370,-0.009626
371,0.026668
372,0.025159
373,-0.015598
374,0.004072
375,0.006467
376,-0.016884
377,-0.008764
378,0.044546
379,0.034632
380,0.026865
381,-0.001208
382,-0.043304
383,-0.053043
384,-0.049598
385,-0.026970
386,0.012420
387,0.018667
388,0.074462
389,0.068574
390,-0.047529
391,-0.038332
392,-0.002559
393,-0.025155
394,-0.021114
395,-0.020507
396,0.011564
397,0.078060
398,0.062039
399,0.015879
400,459.817810
401,740.547058
402,8.897641
403,1147.558838
404,1664.837036
405,-5.419781
406,2.318648
407,12.578996
408,44.164803
409,57.113823
410,43.963921
411,-2.961179
412,-36.846870
413,-61.379120
414,-46.049164
415,-16.808491
416,18.219732
417,19.486647
418,-2.617958
419,8.524788
420,23.290483
421,33.703041
422,33.279282
423,15.005740
424,-16.899536
425,-34.912029
426,-20.554249
427,-31.177631
428,-51.413071
429,-37.099068
430,-1.791785
431,47.090122
432,81.116463
433,74.105797
434,25.774891
435,-39.265377
436,-74.206039
437,-57.816212
438,-18.162912
439,24.134563
440,45.405128
441,45.987335
442,13.383580
443,-10.736975
444,-26.677555
445,-43.270050
446,-28.882570
447,7.575139
448,44.146240
449,23.846357
450,-6.525919
451,-30.357817
452,-11.763786
453,-7.118330
454,9.323245
455,-136.487518
456,52.995697
457,5.259713
458,-1584.615234
459,-2337.122559
460,1128.534058
461,-379.509216
462,242.817352
463,601.487427
464,935.188110
465,-1023.561951
466,-480.469513
467,773.171692
468,1239.945313
469,-1463.633545
470,1957.256226
471,1174.953125
472,-1762.594360
473,-2027.620850
474,877.890747
475,-104.247269
476,-1602.956909
477,464.244965
478,-277.880157
479,-1470.515137
480,-1253.436646
481,813.240479
482,2032.893188
483,1001.089844
484,414.392181
485,-1123.659424
486,1751.928955
487,-38.396152
488,-1313.325195
489,1800.959229
490,2147.215332
491,-262.139618
492,-114.642151
493,486.282593
494,679.002258
495,-754.371033
496,-1344.732788
497,1247.282349
498,-2035.118774
499,-850.603455
500,178.220200
501,1245.655640
502,1216.093750
503,840.511841
504,-1649.192505
505,883.044006
506,-164.651276
507,149.065567
508,-418.772675
509,0.011642
510,-0.039618
511,-0.023289
512,-0.053537
513,0.002430
514,0.026225
515,0.006225
516,0.000942
517,-0.053680
518,-0.051748
519,-0.039277
520,-0.011549
521,0.032295
522,0.030981
523,0.007311
524,0.012457
525,0.004658
526,0.051087
527,0.070944
528,0.047919
529,0.044515
530,0.006951
531,-0.061678
532,-0.077256
533,-0.087529
534,-0.084722
535,-0.045851
536,-0.015382
537,0.035256
538,0.045894
539,0.054868
540,0.022988
541,0.040173
542,0.030792
543,-0.020405
544,-0.009091
545,-0.055605
546,-0.086242
547,-0.008782
548,0.015044
549,0.006343
550,0.032006
551,0.031168
552,0.009292
553,-0.003981
554,-0.042011
555,-0.000763
556,0.051053
557,0.019659
558,0.019417
559,0.050140
560,0.027744
561,0.014628
562,-0.002791
563,-0.021539
564,-0.052931
565,-0.098966
566,-0.094099
567,-0.027694
568,0.000764
569,0.035494
570,0.071109
571,0.074910
572,0.059000
573,0.047039
574,-0.029141
575,-0.060722
576,-0.034748
577,0.023615
578,0.002860
579,-0.016310
580,-0.023297
581,-0.021158
582,-0.011430
583,0.029677
584,-0.000755
585,0.010061
586,-0.020166
587,-0.059219
588,0.000508
589,0.012219
590,0.005697
591,0.033401
592,0.053473
593,0.005640
594,-0.041059
595,-0.035655
596,0.014692
597,0.039446
598,0.021760
599,0.005507
600,-0.010437
601,-0.025462
602,-0.018461
603,0.019663
604,0.026669
605,-0.000501
606,-0.026000
607,-0.008335
608,0.029947
609,0.031756
610,-0.031269
611,-0.066282
612,-0.019147
613,0.024803
614,0.010688
615,-0.001449
616,-0.021709
617,0.030104
618,0.035705
619,-0.025113
620,-0.040508
621,-0.005525
622,-0.007653
623,0.005632
624,0.035279
625,0.008410
626,-0.018580
627,-0.026263
628,-0.023645
629,-0.008307
630,-0.002131
631,0.035860
632,0.054902
633,0.076026
634,0.033498
635,-0.011424
636,-0.082596
637,-0.091170
638,-0.080485
639,-0.078012
640,0.008416
641,0.039255
642,0.079755
643,0.077111
644,0.018988
645,0.003956
646,0.006970
647,0.007888
648,0.046751
649,0.042463
650,0.027874
651,-0.034883
652,-0.043120
653,-0.016120
654,-0.073323
655,-0.055379
656,-0.009136
657,0.000141
658,0.024912
659,0.020487
660,-0.012012
661,-0.006257
662,-0.036284
663,0.013387
664,0.018068
665,0.041822
666,0.003418
667,-0.021080
668,-0.008604
669,-0.071509
670,-0.090814
671,-0.024573
672,0.009562
673,0.056750
674,0.068931
675,0.044981
676,0.050722
677,0.022842
678,-0.009597
679,-0.043427
680,-0.032156
681,0.007200
682,0.002746
683,0.005096
684,0.004066
685,0.046508
686,0.029373
687,-0.001046
688,-0.015755
689,-0.002579
690,-0.032855
691,-0.033234
692,-0.019843
693,0.003712
694,-0.000331
695,-0.034153
696,-0.061844
697,-0.039104
698,-0.014319
699,0.015283
700,0.033964
701,0.068912
702,0.113154
703,0.022530
704,-0.017359
705,-0.026117
706,-0.033126
707,-0.005723
708,16.600456
709,834.738586
710,603.134155
711,10.479918
712,68.807060
713,40.089348
714,37.746498
715,21.688910
716,5.437867
717,-9.952212
718,-31.702974
719,-20.883869
720,5.879833
721,16.004507
722,6.201018
723,1.576723
724,-9.420359
725,-17.844315
726,-8.507700
727,-4.054915
728,-8.118164
729,-14.094006
730,2.733286
731,36.858810
732,60.221962
733,41.988605
734,-1.011720
735,-6.847056
736,-20.514948
737,-30.803059
738,-60.522530
739,-67.598946
740,-39.956547
741,21.710207
742,53.502270
743,61.355576
744,48.333939
745,17.001459
746,-14.702683
747,-34.049099
748,-36.475266
749,-27.058380
750,-8.902834
751,7.222610
752,22.369635
753,27.021959
754,18.679285
755,9.017025
756,7.457929
757,-4.889215
758,-10.609160
759,-1.093095
760,-3.127597
761,-30.823164
762,-46.600716
763,0.004564
764,0.029734
765,0.029688
766,-0.007174
767,0.004583
768,0.057943
769,0.028863
770,-0.019520
771,-0.033747
772,-0.104721
773,-0.090253
774,-0.046488
775,-0.035006
776,-0.002782
777,0.058848
778,0.017394
779,-0.015381
780,0.014035
781,0.048922
782,0.090304
783,0.068933
784,-0.017952
785,-0.030545
786,-0.071127
787,-0.055315
788,-0.007178
789,0.007004
790,-0.019732
791,-0.002404
792,-0.012659
793,-0.007285
794,-0.012396
795,0.023292
796,0.075341
797,0.050754
798,0.007247
799,0.031691
800,0.009942
801,-0.067867
802,-0.096679
803,-0.070170
804,0.001292
805,0.058193
806,0.068077
807,0.024853
808,0.001966
809,-0.059119
810,-0.101831
811,-0.086129
812,19.000387
813,842.666382
814,599.931274
815,10.581260
816,75.692490
817,-4.527190
818,1.638536
819,11.078750
820,20.246742
821,29.589842
822,25.698488
823,14.323645
824,2.155943
825,4.119874
826,-2.572042
827,-13.891530
828,-19.056536
829,-30.323195
830,-26.825317
831,-2.636578
832,12.890385
833,11.313791
834,20.526255
835,12.129807
836,-4.982470
837,-12.271529
838,-13.480660
839,-1.881359
840,-6.990501
841,-1.152977
842,-2.067981
843,0.910682
844,-7.880134
845,-0.898351
846,15.487932
847,9.791668
848,3.015085
849,6.271064
850,-8.480183
851,-11.529614
852,-12.518834
853,-3.491232
854,11.374846
855,17.294338
856,17.950750
857,19.747057
858,10.353828
859,-8.959964
860,-28.395542
861,-36.810863
862,-29.004511
863,-8.135056
864,-3.885857
865,16.243473
866,18.176563
867,0.035671
868,0.062054
869,0.004646
870,-0.038315
871,-0.007761
872,0.057483
873,0.081152
874,0.058308
875,0.032157
876,-0.040005
877,-0.067714
878,-0.052157
879,-0.077565
880,-0.046464
881,0.009159
882,-0.002695
883,0.033502
884,0.018871
885,-0.003694
886,0.025375
887,0.058190
888,0.023015
889,-0.009914
890,-0.011034
891,-0.014332
892,-0.027080
893,0.014633
894,0.044430
895,-0.033767
896,-0.070974
897,-0.060310
898,-0.029082
899,-0.005724
900,0.038168
901,0.056677
902,0.031907
903,0.027335
904,0.045197
905,-0.010614
906,-0.060404
907,-0.034979
908,-0.035058
909,-0.013628
910,0.079154
911,0.089053
912,0.012094
913,-0.037526
914,-0.097139
915,-0.079354
916,-0.075723
917,-0.037354
918,-0.020670
919,0.006460
920,0.060403
921,0.059989
922,0.073474
923,0.062005
924,0.012407
925,0.015340
926,-0.011899
927,-0.079452
928,-0.066270
929,0.014346
930,0.070112
931,0.034094
932,-0.002044
933,0.048395
934,0.069251
935,0.009794
936,0.023782
937,-0.021294
938,-0.101776
939,-0.108871
940,-0.084748
941,-0.040167
942,-0.015594
943,0.053076
944,0.102807
945,0.065663
946,0.028838
947,0.028551
948,-0.014716
949,-0.009650
950,-0.042219
951,-0.059632
952,-0.057164
953,-0.013346
954,0.026680
955,0.010139
956,0.031479
957,0.041889
958,0.039070
959,0.020804
960,0.012741
961,-0.071803
962,-0.066997
963,-0.010899
964,0.046779
965,0.059518
966,0.047234
967,-0.025620
968,-0.010315
969,0.018430
970,0.052513
971,-0.011668
972,-0.014976
973,-0.023860
974,-0.064302
975,0.025604
976,0.027862
977,0.021254
978,0.005620
979,0.028698
980,0.017070
981,-0.052839
982,-0.047431
983,-0.041937
984,-0.038997
985,0.043494
986,0.052303
987,0.010254
988,-0.017226
989,-0.025663
990,-0.052948
991,-0.014302
992,0.028820
993,0.029934
994,0.002745
995,-0.007969
996,-0.019479
997,0.039007
998,0.064374
999,0.024155
1000,0.030860
1001,0.025480
1002,-0.018673
1003,-0.055613
1004,-0.048128
1005,-0.036332
1006,-0.010328
1007,-0.013697
1008,-0.006554
1009,0.034953
1010,0.024486
1011,0.000763
1012,0.003298
1013,-0.004617
1014,0.005779
1015,-0.001741
1016,0.002632
1017,0.019187
1018,0.018259
1019,0.001696
1020,0.059325
1021,0.035477
1022,0.035599
1023,-0.042248
1024,-0.015531
1025,0.018482
1026,0.007810
1027,0.052259
1028,0.035902
1029,0.003489
1030,-0.007906
1031,-0.036171
1032,-0.043994
1033,0.033645
1034,0.033168
1035,-0.003792
1036,-0.003150
1037,-0.032230
1038,-0.030708
1039,-0.050387
1040,-0.058826
1041,-0.037415
1042,-0.029237
1043,-0.003125
1044,0.026931
1045,0.027334
1046,0.036253
1047,0.026018
1048,0.037258
1049,-0.028998
1050,-0.027170
1051,-0.010578
1052,-0.019435
1053,0.025018
1054,0.011639
1055,0.003394
1056,-0.003560
1057,0.022526
1058,0.017438
1059,-0.019540
1060,-0.027976
1061,0.022350
1062,0.051429
1063,0.034298
1064,0.008151
1065,-0.010317
1066,-0.019007
1067,0.011476
1068,-0.026945
1069,-0.029973
1070,-0.058344
1071,-0.024082
1072,-0.028749
1073,-0.013442
1074,0.022840
1075,0.051164
1076,0.056576
1077,0.038074
1078,-0.038559
1079,-0.025120
1080,-0.014668
1081,-0.011341
1082,0.037592
1083,0.069047
1084,0.098980
1085,0.014720
1086,-0.053155
1087,-0.095261
1088,-0.135023
1089,-0.057162
1090,-0.015968
1091,-0.006139
1092,0.008058
1093,0.037942
1094,-0.001041
1095,-0.002510
1096,0.006071
1097,0.038170
1098,0.052590
1099,0.024788
1100,-0.024882
1101,-0.057256
1102,-0.023274
1103,-0.055065
1104,-0.021603
1105,0.008383
1106,-0.004311
1107,0.067978
1108,0.102223
1109,0.072950
1110,0.045515
1111,0.024835
1112,-0.072239
1113,-0.125167
1114,-0.069155
1115,-0.060038
1116,26.107075
1117,865.840576
1118,590.568970
1119,10.877492
1120,113.254753
1121,22.581306
1122,9.250719
1123,2.532214
1124,-6.868362
1125,2.102376
1126,-1.159448
1127,-15.853883
1128,-31.558544
1129,-46.005550
1130,-14.779691
1131,18.645296
1132,48.911591
1133,74.252808
1134,50.739395
1135,-9.750110
1136,-61.848694
1137,-50.895035
1138,-27.388704
1139,-9.421194
1140,-15.215599
1141,-13.027099
1142,9.778477
1143,17.126921
1144,27.890776
1145,24.052397
1146,14.760556
1147,30.516232
1148,19.083843
1149,-15.110149
1150,-30.381126
1151,-22.741680
1152,-25.768133
1153,-25.399147
1154,-10.069608
1155,0.283500
1156,15.402103
1157,45.065144
1158,43.596329
1159,15.694582
1160,-33.498581
1161,-77.445518
1162,-44.740322
1163,1.318472
1164,23.790392
1165,37.015896
1166,51.919529
1167,31.762905
1168,17.538052
1169,-7.368210
1170,-12.499382
1171,0.042810
1172,0.095753
1173,0.067994
1174,0.062991
1175,0.007030
1176,-0.026086
1177,-0.009309
1178,-0.012306
1179,-0.001972
1180,0.009501
1181,-0.001192
1182,-0.036765
1183,-0.068013
1184,-0.066687
1185,-0.033411
1186,0.026522
1187,0.003763
1188,0.011694
1189,0.007546
1190,0.038101
1191,0.058072
1192,0.059492
1193,0.019623
1194,0.035821
1195,-0.007706
1196,-0.031879
1197,-0.020634
1198,-0.058452
1199,-0.082016
1200,-0.052345
1201,-0.035262
1202,-0.037927
1203,0.055435
1204,0.056922
1205,0.080755
1206,0.098515
1207,0.050610
1208,0.039949
1209,0.030925
1210,-0.042275
1211,-0.035935
1212,-0.061601
1213,-0.058886
1214,-0.059415
1215,-0.067557
1216,-0.057921
1217,-0.007425
1218,-0.003236
1219,0.046251
1220,0.043536
1221,0.016887
1222,0.031208
1223,0.014254
1224,0.020278
1225,0.035657
1226,0.046291
1227,0.029860
1228,0.008031
1229,-0.024878
1230,-0.063414
1231,-0.060666
1232,-0.056322
1233,-0.035501
1234,0.018750
1235,-0.002508
1236,-0.002285
1237,0.021110
1238,0.075766
1239,0.057830
1240,0.007617
1241,-0.022474
1242,-0.047932
1243,-0.026208
1244,-0.047705
1245,-0.049507
1246,-0.051861
1247,0.017768
1248,0.028201
1249,0.042188
1250,0.103340
1251,0.085309
1252,0.014395
1253,-0.054617
1254,-0.056439
1255,-0.038251
1256,0.020909
1257,0.040490
1258,-0.014271
1259,-0.035818
1260,-0.018843
1261,0.014027
1262,-0.042345
1263,-0.095142
1264,-0.018418
1265,0.071601
1266,0.048562
1267,0.049026
1268,0.062091
1269,0.022713
1270,0.023478
1271,-0.022881
1272,-0.034831
1273,-0.036061
1274,-0.032594
1275,-0.006193
1276,-0.020817
1277,-0.014098
1278,0.024304
1279,0.001551
1280,0.030606
1281,-0.002368
1282,-0.005632
1283,0.018905
1284,0.029332
1285,0.019776
1286,0.025045
1287,-0.007412
1288,-0.053846
1289,-0.039200
1290,-0.027005
1291,-0.016477
1292,0.004885
1293,0.043048
1294,0.085527
1295,0.085518
1296,-0.017401
1297,-0.071923
1298,-0.054871
1299,-0.079249
1300,-0.065486
1301,0.004219
1302,0.019823
1303,0.081047
1304,0.082061
1305,0.016365
1306,0.003295
1307,-0.025603
1308,0.018066
1309,-0.043154
1310,-0.073554
1311,0.019739
1312,0.094405
1313,0.042488
1314,0.011843
1315,-0.001399
1316,-0.073298
1317,-0.060317
1318,0.015379
1319,0.024338
1320,30.941622
1321,881.391602
1322,584.286316
1323,11.076280
1324,128.894165
1325,29.203049
1326,25.371727
1327,22.633081
1328,3.398375
1329,-1.033001
1330,9.565869
1331,27.412180
1332,20.437334
1333,-15.719106
1334,-67.892311
1335,-82.341057
1336,-50.759243
1337,-21.191786
1338,16.752445
1339,60.500900
1340,82.610245
1341,64.402588
1342,36.706268
1343,1.022385
1344,-16.234692
1345,-29.572016
1346,-35.196030
1347,-30.184050
1348,-25.831320
1349,-29.252085
1350,-22.874357
1351,6.204350
1352,48.182743
1353,48.297867
1354,7.535786
1355,-9.580358
1356,-6.768494
1357,-21.048683
1358,-13.444038
1359,-6.993035
1360,2.420977
1361,23.877335
1362,32.662292
1363,24.403963
1364,2.950700
1365,-16.089840
1366,-25.457891
1367,-20.025532
1368,-23.688459
1369,-16.689373
1370,-8.935093
1371,-8.798388
1372,10.758663
1373,31.344954
1374,18.473127
1375,-0.015456
1376,0.019593
1377,0.047475
1378,-0.027776
1379,-0.084012
1380,-0.041219
1381,-0.002121
1382,0.019485
1383,0.034222
1384,0.025208
1385,0.028042
1386,0.006409
1387,-0.018188
1388,-0.002046
1389,0.009466
1390,-0.031347
1391,-0.047571
1392,-0.052646
1393,-0.047823
1394,0.005272
1395,0.045421
1396,0.044676
1397,0.084907
1398,0.030916
1399,-0.038423
1400,-0.044537
1401,-0.018509
1402,0.022437
1403,-0.010734
1404,-0.001192
1405,-0.021608
1406,-0.018885
1407,0.014972
1408,0.012845
1409,0.002308
1410,0.005099
1411,-0.016002
1412,-0.039844
1413,0.000756
1414,0.000831
1415,0.014976
1416,0.026643
1417,0.077095
1418,0.051102
1419,0.030230
1420,-0.009156
1421,-0.109745
1422,-0.113170
1423,-0.062204
1424,33.348885
1425,889.319519
1426,581.083435
1427,11.177623
1428,136.898209
1429,22.376074
1430,20.446701
1431,7.039453
1432,-15.032249
1433,-36.481293
1434,-52.758587
1435,-43.189819
1436,-8.524096
1437,22.033361
1438,56.646061
1439,61.684395
1440,33.984337
1441,-5.503458
1442,-37.100700
1443,-41.859020
1444,-16.320293
1445,24.961323
1446,53.683361
1447,35.972878
1448,-2.096893
1449,-26.394058
1450,-32.738228
1451,-40.972549
1452,-26.933636
1453,-1.211553
1454,0.231499
1455,19.033325
1456,27.779171
1457,13.009415
1458,-10.853035
1459,-15.974246
1460,-0.229935
1461,5.661108
1462,-0.548872
1463,-16.624901
1464,6.403504
1465,33.722439
1466,16.072828
1467,-4.385823
1468,-24.642521
1469,-14.259930
1470,11.119598
1471,13.576801
1472,-3.437198
1473,-3.257273
1474,-2.236213
1475,-14.922634
1476,-9.890323
1477,11.753533
1478,21.479029
1479,0.045992
1480,0.051824
1481,0.024968
1482,0.021954
1483,-0.017845
1484,-0.019778
1485,0.021484
1486,-0.004205
1487,0.021893
1488,0.041073
1489,0.029619
1490,0.033623
1491,0.019529
1492,-0.025812
1493,-0.057018
1494,-0.054823
1495,-0.046166
1496,-0.008088
1497,-0.005609
1498,-0.016692
1499,0.031671
1500,0.027113
1501,-0.025743
1502,-0.058814
1503,0.010497
1504,0.065585
1505,0.036902
1506,0.030119
1507,0.002127
1508,-0.022988
1509,0.004181
1510,0.003852
1511,-0.010536
1512,-0.004358
1513,0.001328
1514,0.031373
1515,0.071905
1516,0.063947
1517,-0.018427
1518,-0.059517
1519,-0.077648
1520,-0.024724
1521,0.024975
1522,0.044007
1523,-0.001622
1524,-0.048033
1525,-0.064282
1526,-0.021970
1527,-0.000959
1528,0.031971
1529,0.047568
1530,0.004837
1531,-0.010420
1532,-0.032692
1533,-0.044029
1534,0.002216
1535,0.003820
1536,-0.028545
1537,0.019061
1538,0.001766
1539,-0.031980
1540,-0.024299
1541,0.048319
1542,0.074754
1543,0.007631
1544,0.030751
1545,0.086429
1546,0.025684
1547,-0.027947
1548,-0.041679
1549,-0.045199
1550,-0.085348
1551,-0.071529
1552,-0.036597
1553,0.006211
1554,0.024693
1555,0.038935
1556,0.051733
1557,0.040014
1558,0.030375
1559,0.025444
1560,0.004853
1561,-0.010300
1562,-0.004843
1563,0.003870
1564,-0.031107
1565,-0.040174
1566,0.008077
1567,0.000543
1568,-0.004025
1569,-0.068455
1570,-0.023834
1571,0.036340
1572,-0.004175
1573,-0.033960
1574,0.011028
1575,0.038819
1576,0.019579
1577,-0.009899
1578,37.043789
1579,901.059021
1580,576.340698
1581,11.327688
1582,148.336380
1583,-26.424204
1584,-6.096268
1585,7.774954
1586,0.764272
1587,-26.921011
1588,-22.415579
1589,10.452380
1590,33.558533
1591,49.676041
1592,46.803490
1593,31.354353
1594,-12.166797
1595,-60.793911
1596,-71.079803
1597,-36.225304
1598,-13.385918
1599,4.059971
1600,27.301048
1601,29.165314
1602,27.127132
1603,28.125095
1604,21.249685
1605,11.525992
1606,-8.531924
1607,-18.297894
1608,-23.502285
1609,-35.495808
1610,-21.566633
1611,0.794066
1612,27.491570
1613,29.481478
1614,11.997394
1615,-9.633509
1616,-32.245625
1617,-33.294968
1618,-6.827489
1619,16.983763
1620,29.257442
1621,25.630913
1622,4.410175
1623,-0.789204
1624,-6.557676
1625,-14.568166
1626,-28.157736
1627,-8.701962
1628,26.208813
1629,42.728058
1630,33.940315
1631,-6.965110
1632,-28.372187
1633,0.037742
1634,0.032528
1635,0.039257
1636,0.006302
1637,-0.034317
1638,-0.100209
1639,-0.086517
1640,-0.057694
1641,-0.052817
1642,-0.025632
1643,0.049069
1644,0.053228
1645,0.077263
1646,0.070124
1647,0.034267
1648,0.033020
1649,-0.024299
1650,-0.101414
1651,-0.080231
1652,-0.029988
1653,0.049028
1654,0.076343
1655,0.083376
1656,0.073942
1657,0.026362
1658,0.001963
1659,-0.046177
1660,-0.112627
1661,-0.067513
1662,0.029376
1663,0.015452
1664,-0.029007
1665,-0.030275
1666,-0.028287
1667,-0.008791
1668,0.008767
1669,-0.000324
1670,-0.025279
1671,0.010905
1672,0.048857
1673,0.075599
1674,0.062139
1675,0.042186
1676,-0.051823
1677,-0.056286
1678,-0.008339
1679,0.003431
1680,-0.043744
1681,-0.076864
1682,-0.049798
1683,-0.026506
1684,-0.030436
1685,0.006419
1686,0.070161
1687,0.090005
1688,0.078315
1689,0.034132
1690,-0.017155
1691,-0.040001
1692,-0.028692
1693,-0.006830
1694,0.035197
1695,0.004311
1696,-0.043099
1697,-0.070620
1698,-0.067013
1699,0.006289
1700,0.075978
1701,0.064398
1702,0.100504
1703,0.069672
1704,0.015230
1705,-0.049468
1706,-0.102698
1707,-0.082109
1708,-0.029304
1709,-0.029657
1710,-0.003344
1711,0.010442
1712,-0.000326
1713,0.043953
1714,0.049012
1715,-0.020275
1716,-0.028828
1717,0.044782
1718,0.028061
1719,-0.010017
1720,-0.017903
1721,-0.033803
1722,0.004954
1723,-0.021426
1724,-0.042011
1725,-0.045115
1726,-0.052691
1727,0.013999
1728,0.042636
1729,0.046700
1730,0.051155
1731,0.005636
1732,0.001065
1733,-0.005003
1734,0.011683
1735,0.046102
1736,0.042398
1737,0.049272
1738,0.031759
1739,0.015290
1740,-0.018090
1741,-0.039891
1742,-0.084268
1743,-0.116872
1744,-0.071186
1745,-0.023280
1746,0.045855
1747,0.090679
1748,0.058711
1749,0.041966
1750,0.002008
1751,-0.025207
1752,-0.074029
1753,-0.073722
1754,-0.024846
1755,-0.005581
1756,0.014573
1757,0.044526
1758,0.041553
1759,0.013344
1760,-0.037873
1761,-0.013961
1762,-0.013093
1763,-0.040198
1764,-0.020529
1765,0.007030
1766,0.052865
1767,0.072859
1768,0.070016
1769,0.032286
1770,-0.036710
1771,-0.028224
1772,-0.022835
1773,0.010649
1774,0.031026
1775,0.010319
1776,0.073891
1777,0.000167
1778,-0.024564
1779,-0.039162
1780,-0.091103
1781,-0.034823
1782,0.001257
1783,-0.016475
1784,-0.004690
1785,0.038445
1786,0.000452
1787,-0.029596
1788,0.019749
1789,0.008976
1790,-0.051260
1791,-0.040347
1792,0.008181
1793,0.040087
1794,0.074505
1795,0.072687
1796,-0.024371
1797,-0.075462
1798,-0.032813
1799,-0.016016
1800,0.032425
1801,0.016036
1802,-0.007872
1803,-0.011115
1804,-0.021528
1805,0.005902
1806,0.040991
1807,0.025328
1808,-0.040406
1809,-0.030279
1810,-0.017176
1811,-0.016558
1812,-0.029318
1813,0.011484
1814,0.009699
1815,0.038373
1816,0.039775
1817,-0.016512
1818,-0.041263
1819,-0.023015
1820,-0.046275
1821,-0.020641
1822,0.064538
1823,0.054937
1824,0.020892
1825,0.029039
1826,-0.000220
1827,-0.008425
1828,-0.003147
1829,-0.023516
1830,-0.036988
1831,-0.045211
1832,-0.009787
1833,0.031523
1834,0.034877
1835,0.021533
1836,0.013418
1837,-0.014159
1838,-0.041920
1839,-0.004193
1840,0.033788
1841,0.039191
1842,0.028461
1843,0.048029
1844,-0.013113
1845,-0.030795
1846,-0.039651
1847,-0.092604
1848,-0.071506
1849,-0.052619
1850,-0.024269
1851,0.030541
1852,0.061034
1853,0.059670
1854,0.038167
1855,-0.008280
1856,-0.085683
1857,-0.065199
1858,-0.028369
1859,0.024381
1860,0.067741
1861,0.085276
1862,0.086288
1863,0.041306
1864,0.000788
1865,-0.012345
1866,-0.063546
1867,-0.071867
1868,0.010161
1869,-0.021151
1870,-0.062240
1871,-0.047322
1872,-0.037749
1873,0.000316
1874,-0.020248
1875,0.031618
1876,0.066784
1877,0.021596
1878,0.023715
1879,0.086131
1880,0.073177
1881,0.000068
1882,44.081043
1883,924.233032
1884,566.978394
1885,11.623920
1886,170.115936
1887,-16.066692
1888,-10.472583
1889,8.223338
1890,10.065286
1891,-2.561048
1892,-3.874820
1893,-8.233761
1894,-3.481776
1895,-14.085551
1896,-37.503330
1897,-33.095211
1898,-5.084210
1899,28.273340
1900,44.499989
1901,59.301861
1902,39.957993
1903,16.679882
1904,-5.874373
1905,-45.704189
1906,-55.306248
1907,-62.961273
1908,-49.130428
1909,9.465275
1910,34.447128
1911,44.115875
1912,37.644863
1913,25.983057
1914,-7.940085
1915,-25.141602
1916,-27.801926
1917,-5.444566
1918,7.777792
1919,0.245565
1920,-1.146261
1921,1.150032
1922,16.024302
1923,18.953182
1924,3.214974
1925,11.691556
1926,2.818573
1927,-8.342961
1928,-4.089874
1929,-7.648304
1930,-21.738634
1931,-7.849371
1932,-7.236855
1933,7.531397
1934,21.965448
1935,5.511664
1936,-13.027457
1937,-0.031932
1938,-0.081264
1939,-0.095048
1940,-0.052025
1941,0.004815
1942,0.042401
1943,0.065439
1944,0.085980
1945,0.069750
1946,0.004064
1947,-0.023435
1948,-0.062182
1949,-0.051797
1950,-0.022903
1951,-0.028240
1952,-0.033473
1953,-0.024918
1954,0.004006
1955,0.010736
1956,0.040197
1957,0.047123
1958,0.025624
1959,0.040866
1960,0.042612
1961,-0.013245
1962,-0.024432
1963,0.001875
1964,-0.011947
1965,-0.039576
1966,0.004562
1967,-0.008164
1968,-0.001337
1969,0.034937
1970,-0.005435
1971,-0.023770
1972,-0.020249
1973,-0.071491
1974,-0.066041
1975,-0.033735
1976,-0.013296
1977,0.055173
1978,0.053107
1979,0.040508
1980,0.085627
1981,0.048529
1982,0.038260
1983,0.033747
1984,-0.037901
1985,-0.066148
1986,-0.083420
1987,-0.025739
1988,-0.042553
1989,-0.028566
1990,0.051669
1991,0.068963
1992,0.042685
1993,0.029264
1994,0.012198
1995,-0.015081
1996,0.040087
1997,-0.006134
1998,-0.020413
1999,-0.048875
2000,-0.030607
2001,-0.011802
2002,-0.026435
2003,-0.031653
2004,-0.037280
2005,0.004770
2006,0.023425
2007,-0.010326
2008,-0.019156
2009,0.036131
2010,0.061505
2011,0.020621
2012,0.013298
2013,0.018949
2014,0.024146
2015,0.007318
2016,-0.010574
2017,0.008286
2018,0.006751
2019,-0.025574
2020,-0.018616
2021,-0.082988
2022,-0.082875
2023,-0.012963
2024,-0.003920
2025,0.024100
2026,0.056658
2027,0.081741
2028,0.058759
2029,0.017767
2030,-0.046394
2031,-0.079791
2032,-0.073188
2033,-0.029998
2034,0.017326
2035,0.005633
2036,47.759968
2037,935.972473
2038,562.235657
2039,11.773986
2040,180.810532
2041,26.337769
2042,13.599985
2043,-3.838798
2044,3.182169
2045,24.792698
2046,28.363541
2047,-12.024590
2048,-32.102116
2049,-35.051426
2050,-23.630415
2051,-13.284276
2052,-11.526262
2053,9.199760
2054,16.136374
2055,8.257526
2056,3.324134
2057,1.603261
2058,0.815579
2059,-20.436003
2060,-34.808025
2061,-27.017675
2062,7.445421
2063,33.122200
2064,52.722382
2065,60.590672
2066,34.005993
2067,-17.389383
2068,-62.763165
2069,-65.430191
2070,-24.679201
2071,1.184144
2072,14.455987
2073,13.284904
2074,31.307648
2075,38.925667
2076,22.569830
2077,17.143267
2078,7.802402
2079,-24.912066
2080,-55.236523
2081,-56.105019
2082,-50.968483
2083,-13.270705
2084,37.044392
2085,52.269150
2086,21.400204
2087,22.622475
2088,10.492477
2089,4.541132
2090,-9.835871
2091,0.009477
2092,0.011690
2093,0.062751
2094,0.066130
2095,0.046087
2096,0.010938
2097,-0.038044
2098,-0.070869
2099,-0.060318
2100,-0.040831
2101,-0.004628
2102,-0.010951
2103,0.039455
2104,0.021066
2105,0.014235
2106,0.004454
2107,-0.009334
2108,-0.021723
2109,0.010037
2110,-0.020874
2111,0.021781
2112,-0.022954
2113,-0.032757
2114,-0.032048
2115,-0.047632
2116,-0.049792
2117,0.017258
2118,0.063199
2119,0.070042
2120,0.078818
2121,0.044469
2122,0.007117
2123,0.007405
2124,-0.075928
2125,-0.073779
2126,-0.047164
2127,0.016989
2128,0.020031
2129,0.017553
2130,-0.011335
2131,-0.043331
2132,-0.010738
2133,0.036383
2134,0.025113
2135,0.046167
2136,0.066436
2137,0.010377
2138,-0.059364
2139,-0.072814
2140,-0.034941
2141,-0.034157
2142,0.022809
2143,0.079189
2144,0.074472
2145,0.044853
2146,0.015355
2147,-0.040260
2148,-0.039239
2149,0.006890
2150,-0.028678
2151,0.010400
2152,0.013362
2153,-0.029142
2154,-0.004998
2155,-0.045829
2156,-0.038896
2157,0.013183
2158,0.054281
2159,0.032811
2160,0.013828
2161,0.026524
2162,-0.031437
2163,-0.069544
2164,-0.071452
2165,-0.035311
2166,-0.009153
2167,0.054010
2168,0.046722
2169,0.022776
2170,0.051410
2171,0.000625
2172,-0.032361
2173,-0.037512
2174,-0.053236
2175,0.015253
2176,0.060296
2177,0.037211
2178,0.013119
2179,0.010336
2180,-0.002362
2181,-0.024819
2182,-0.003441
2183,0.018352
2184,-0.033028
2185,-0.037397
2186,-0.003055
2187,0.011013
2188,-0.023861
2189,-0.076244
2190,51.262825
2191,947.711975
2192,557.492920
2193,11.924051
2194,192.369141
2195,9.127350
2196,2.766035
2197,-34.512394
2198,-50.570656
2199,-51.405025
2200,-30.311077
2201,0.136614
2202,29.209415
2203,35.696510
2204,32.385384
2205,16.675528
2206,13.856239
2207,0.003950
2208,0.474091
2209,-6.773079
2210,-8.010329
2211,-10.230208
2212,-10.295028
2213,-3.957571
2214,-13.850894
2215,-9.421017
2216,10.815567
2217,19.289242
2218,11.658012
2219,-11.586892
2220,-38.857777
2221,-57.276054
2222,-30.789259
2223,24.652334
2224,62.976830
2225,62.538990
2226,22.909264
2227,-16.698011
2228,-14.647532
2229,-8.215664
2230,0.985741
2231,17.201399
2232,14.784675
2233,0.544835
2234,-9.854809
2235,-15.720453
2236,-19.081841
2237,-25.167816
2238,-16.752279
2239,-2.131602
2240,0.273726
2241,-6.606979
2242,5.790095
2243,24.313908
2244,23.360394
2245,0.003832
2246,0.101103
2247,0.078998
2248,0.024555
2249,-0.001151
2250,-0.005767
2251,-0.029852
2252,-0.069974
2253,-0.041428
2254,-0.019003
2255,-0.027155
2256,0.080816
2257,0.066152
2258,0.030845
2259,0.021929
2260,0.048694
2261,0.043279
2262,-0.002925
2263,-0.034269
2264,-0.048246
2265,-0.050827
2266,-0.032796
2267,-0.074649
2268,-0.031848
2269,0.026920
2270,0.036832
2271,0.029248
2272,0.009138
2273,-0.017549
2274,-0.007824
2275,-0.023380
2276,0.066415
2277,0.053709
2278,-0.012766
2279,-0.016741
2280,-0.043132
2281,-0.042413
2282,-0.010101
2283,0.017762
2284,0.016146
2285,-0.011593
2286,0.046816
2287,0.072973
2288,0.037269
2289,0.010776
2290,-0.020161
2291,-0.049348
2292,-0.013824
2293,-0.064014
2294,-0.057134
2295,-0.030105
2296,-0.031747
2297,-0.022014
2298,0.005310
2299,0.004419
2300,0.032537
2301,0.058564
2302,0.064322
2303,-0.012604
2304,-0.022732
2305,-0.003854
2306,-0.012311
2307,-0.022879
2308,0.007451
2309,0.011990
2310,0.039456
2311,0.057770
2312,0.008520
2313,-0.042272
2314,0.005625
2315,0.008601
2316,0.015315
2317,0.006726
2318,0.055816
2319,0.074316
2320,0.022626
2321,-0.066719
2322,-0.122451
2323,-0.129505
2324,-0.081659
2325,-0.031224
2326,0.006002
2327,0.010088
2328,0.062853
2329,0.103438
2330,0.009794
2331,-0.001716
2332,0.041063
2333,0.010814
2334,0.024707
2335,0.003827
2336,-0.061305
2337,-0.022839
2338,-0.043318
2339,-0.025428
2340,-0.022092
2341,0.003894
2342,0.060018
2343,0.051239
2344,0.013597
2345,-0.019317
2346,0.005274
2347,-0.021102
2348,-0.046005
2349,-0.012597
2350,-0.015372
2351,-0.027629
2352,-0.046842
2353,-0.047973
2354,-0.004399
2355,0.027665
2356,0.065078
2357,0.093826
2358,0.057880
2359,0.025690
2360,0.031637
2361,-0.000654
2362,-0.014364
2363,-0.035784
2364,-0.035690
2365,-0.028025
2366,-0.047892
2367,-0.055283
2368,-0.059162
2369,-0.009677
2370,0.015694
2371,0.021599
2372,0.050466
2373,0.072248
2374,0.050376
2375,0.022678
2376,0.040171
2377,-0.027682
2378,-0.067284
2379,-0.064713
2380,-0.075777
2381,-0.058185
2382,-0.025011
2383,0.006458
2384,0.078950
2385,0.061016
2386,0.001365
2387,0.019360
2388,0.035229
2389,0.049991
2390,0.027161
2391,-0.044635
2392,-0.073488
2393,-0.062673
2394,-0.039264
2395,0.021853
2396,0.008166
2397,0.019426
2398,0.022577
2399,0.043577
2400,0.039613
2401,0.047452
2402,0.033365
2403,0.020152
2404,0.018830
2405,-0.045209
2406,-0.057911
2407,-0.058749
2408,-0.069006
2409,-0.050181
2410,-0.066803
2411,-0.004543
2412,0.022033
2413,0.033297
2414,-0.001542
2415,0.021408
2416,0.064199
2417,0.075737
2418,0.018388
2419,-0.021383
2420,-0.029142
2421,-0.062475
2422,-0.060617
2423,-0.043891
2424,-0.047106
2425,0.007555
2426,0.067163
2427,0.013498
2428,0.002495
2429,0.012679
2430,0.004016
2431,-0.009505
2432,0.002827
2433,-0.001844
2434,0.054553
2435,0.103335
2436,0.091350
2437,0.051483
2438,-0.035150
2439,-0.066379
2440,-0.011413
2441,-0.032306
2442,-0.038397
2443,-0.065829
2444,-0.070079
2445,-0.035908
2446,0.013235
2447,0.032607
2448,0.112294
2449,0.088850
2450,0.024381
2451,-0.021592
2452,-0.004400
2453,-0.040278
2454,-0.049194
2455,-0.063581
2456,-0.057320
2457,0.004016
2458,-0.003754
2459,0.003738
2460,0.008558
2461,0.009897
2462,0.026667
2463,0.089800
2464,0.084476
2465,0.026221
2466,-0.035653
2467,-0.081584
2468,-0.077723
2469,-0.030568
2470,-0.034865
2471,-0.035440
2472,0.001597
2473,0.004871
2474,0.031341
2475,0.048200
2476,0.016712
2477,0.033895
2478,0.059191
2479,0.049854
2480,0.016216
2481,-0.015150
2482,-0.055376
2483,-0.086981
2484,-0.082484
2485,-0.045314
2486,-0.003733
2487,0.044128
2488,0.068732
2489,0.092569
2490,0.045766
2491,-0.003204
2492,0.002845
2493,-0.063848
2494,58.410336
2495,970.885986
2496,548.130615
2497,12.220284
2498,231.518051
2499,-4.377079
2500,-36.402077
2501,-45.194988
2502,-45.079208
2503,-21.781046
2504,10.511953
2505,37.939381
2506,45.060673
2507,29.399376
2508,11.966856
2509,-2.987967
2510,-17.786980
2511,-22.849829
2512,-6.557853
2513,13.490446
2514,25.935215
2515,4.132431
2516,-33.155666
2517,-46.497074
2518,-36.823338
2519,-2.730858
2520,31.541307
2521,27.208698
2522,16.261093
2523,11.155234
2524,19.771305
2525,0.056029
2526,-12.142181
2527,-26.653742
2528,-11.194508
2529,-8.110302
2530,-4.229563
2531,-5.292429
2532,-3.888901
2533,9.385095
2534,28.134909
2535,40.573326
2536,34.344154
2537,23.296982
2538,-13.975655
2539,-38.560043
2540,-33.984779
2541,-14.745961
2542,-5.899464
2543,-11.211565
2544,-5.325778
2545,13.822965
2546,2.661552
2547,-1.665080
2548,1.191228
2549,-0.008870
2550,-0.009809
2551,-0.030546
2552,-0.028807
2553,0.007898
2554,0.039739
2555,0.043111
2556,0.036195
2557,0.037031
2558,0.050733
2559,0.005259
2560,-0.009615
2561,0.002502
2562,-0.030162
2563,-0.027315
2564,-0.049770
2565,-0.048921
2566,-0.017412
2567,0.017966
2568,-0.005783
2569,-0.019217
2570,-0.047026
2571,0.006752
2572,0.030083
2573,-0.020752
2574,-0.031399
2575,0.044190
2576,0.025508
2577,-0.008243
2578,0.008441
2579,-0.018817
2580,-0.023765
2581,-0.014464
2582,-0.039454
2583,0.003441
2584,0.059250
2585,0.040953
2586,0.041387
2587,0.029661
2588,0.002072
2589,-0.003765
2590,0.012976
2591,-0.011820
2592,-0.014664
2593,-0.010012
2594,-0.038744
2595,-0.069208
2596,-0.052403
2597,0.039534
2598,60.969215
2599,978.813965
2600,544.927673
2601,12.321627
2602,239.559891
2603,2.685734
2604,-1.426839
2605,-3.592528
2606,-16.744743
2607,-19.614662
2608,-0.341940
2609,23.729256
2610,41.842316
2611,33.757961
2612,19.420454
2613,6.957506
2614,-11.150606
2615,-32.187981
2616,-49.228256
2617,-52.509033
2618,-29.562979
2619,9.412337
2620,31.182905
2621,59.034351
2622,56.420467
2623,23.135723
2624,-12.096663
2625,-33.592072
2626,-29.251068
2627,3.800784
2628,15.617496
2629,3.748151
2630,-29.971046
2631,-48.394630
2632,-31.001438
2633,-4.484113
2634,43.442860
2635,61.440861
2636,48.477711
2637,9.374194
2638,-33.947144
2639,-46.550709
2640,-48.130478
2641,-30.078369
2642,2.789006
2643,45.186825
2644,50.321415
2645,17.556831
2646,-17.234238
2647,-22.373482
2648,-4.760521
2649,0.724231
2650,2.554343
2651,-1.514435
2652,-1.247247
2653,0.041845
2654,-0.056139
2655,-0.054027
2656,-0.014550
2657,0.001581
2658,-0.018990
2659,-0.013271
2660,0.005539
2661,0.026320
2662,0.050325
2663,0.018627
2664,0.023999
2665,0.031580
2666,0.018020
2667,-0.017018
2668,-0.072956
2669,-0.073322
2670,0.013895
2671,0.082220
2672,0.078676
2673,0.051962
2674,0.021547
2675,-0.071544
2676,-0.106420
2677,-0.082858
2678,-0.016977
2679,0.024342
2680,0.039217
2681,-0.006062
2682,0.001810
2683,-0.010198
2684,-0.016049
2685,-0.009908
2686,0.000542
2687,0.041396
2688,0.003839
2689,0.022371
2690,0.012527
2691,-0.004561
2692,-0.055719
2693,-0.041695
2694,-0.044554
2695,-0.005575
2696,0.024073
2697,0.033700
2698,0.014267
2699,0.006349
2700,0.039704
2701,0.109035
2702,0.110205
2703,0.012061
2704,-0.071953
2705,-0.084071
2706,-0.098928
2707,-0.099255
2708,-0.053204
2709,-0.010940
2710,0.012429
2711,0.045188
2712,0.055397
2713,0.023438
2714,0.038556
2715,0.028502
2716,-0.002517
2717,-0.012436
2718,-0.027676
2719,-0.034922
2720,-0.040257
2721,-0.008871
2722,0.048714
2723,0.064910
2724,0.065958
2725,0.032352
2726,-0.032565
2727,-0.057627
2728,-0.015253
2729,0.036902
2730,0.036545
2731,-0.016667
2732,-0.038026
2733,-0.018720
2734,0.001050
2735,-0.024251
2736,0.018947
2737,0.048575
2738,0.007887
2739,-0.082968
2740,-0.084765
2741,-0.055388
2742,0.017475
2743,0.039906
2744,0.047105
2745,0.019319
2746,0.005849
2747,-0.018992
2748,0.006213
2749,-0.009309
2750,-0.016652
2751,0.028916
2752,-0.001673
2753,0.000013
2754,0.021004
2755,0.027941
2756,0.051794
2757,0.037876
2758,0.006649
2759,0.000529
2760,-0.090683
2761,-0.069517
2762,-0.033881
2763,-0.006235
2764,0.024678
2765,0.080726
2766,0.047528
2767,-0.009734
2768,-0.066527
2769,-0.057216
2770,-0.016773
2771,-0.058147
2772,0.016792
2773,0.028530
2774,0.036607
2775,0.051922
2776,0.037080
2777,0.034132
2778,0.065450
2779,0.045306
2780,-0.006289
2781,-0.019592
2782,-0.065412
2783,-0.079769
2784,-0.030191
2785,-0.079656
2786,-0.069026
2787,0.016684
2788,0.049595
2789,0.069713
2790,0.040982
2791,0.034643
2792,-0.036714
2793,-0.072218
2794,-0.042744
2795,-0.001233
2796,0.036029
2797,0.024059
2798,0.029866
2799,0.037516
2800,-0.025493
2801,-0.078190
2802,-0.081380
2803,0.024839
2804,0.107924
2805,0.113543
2806,0.012178
2807,-0.012815
2808,-0.060421
2809,-0.042393
2810,0.027236
2811,0.047892
2812,0.073193
2813,0.056479
2814,-0.044121
2815,-0.119067
2816,-0.108519
2817,-0.056460
2818,-0.007799
2819,-0.011874
2820,-0.012739
2821,0.047570
2822,0.041959
2823,-0.003685
2824,0.031626
2825,0.012975
2826,-0.031947
2827,0.028994
2828,0.073166
2829,0.097189
2830,0.052615
2831,-0.037502
2832,-0.076083
2833,-0.092000
2834,-0.052695
2835,0.012592
2836,0.052190
2837,0.023085
2838,0.048761
2839,0.012933
2840,-0.005618
2841,-0.021636
2842,-0.069491
2843,-0.055342
2844,-0.077359
2845,-0.034775
2846,-0.036100
2847,0.001086
2848,0.035161
2849,0.062204
2850,0.031083
2851,0.034587
2852,66.896477
2853,998.176453
2854,537.105225
2855,12.569137
2856,257.245453
2857,-14.130871
2858,13.329890
2859,17.482378
2860,7.432299
2861,5.679445
2862,31.445747
2863,27.593706
2864,4.409370
2865,-27.142485
2866,-43.246361
2867,-21.928698
2868,-0.259365
2869,15.945230
2870,12.987026
2871,4.434692
2872,-5.598989
2873,7.267986
2874,5.558948
2875,5.104533
2876,3.172950
2877,-0.066256
2878,-7.886993
2879,9.741470
2880,22.896721
2881,17.755848
2882,-8.557880
2883,-22.864107
2884,-23.878864
2885,-20.874714
2886,-1.922410
2887,7.120872
2888,5.850675
2889,27.971155
2890,21.014799
2891,-18.090734
2892,-51.849121
2893,-43.130604
2894,-7.314538
2895,33.560688
2896,63.105755
2897,39.896103
2898,2.711170
2899,-12.315193
2900,-14.174175
2901,-19.488623
2902,-28.321228
2903,-28.135588
2904,8.719031
2905,33.698086
2906,31.041208
2907,0.013240
2908,0.027971
2909,0.012387
2910,0.014879
2911,0.004557
2912,-0.002034
2913,-0.020946
2914,-0.036223
2915,-0.002249
2916,0.009835
2917,-0.013356
2918,-0.062764
2919,-0.000809
2920,0.053822
2921,0.030541
2922,-0.000429
2923,-0.003819
2924,-0.000793
2925,0.017070
2926,-0.039208
2927,-0.033825
2928,-0.004520
2929,0.024046
2930,0.041232
2931,0.072664
2932,0.035014
2933,-0.023746
2934,-0.059151
2935,-0.031069
2936,-0.028512
2937,-0.054467
2938,-0.068495
2939,-0.023617
2940,0.033703
2941,0.049717
2942,0.063321
2943,0.062954
2944,0.031895
2945,-0.008925
2946,-0.017514
2947,-0.031256
2948,0.022659
2949,-0.015981
2950,-0.051842
2951,-0.014410
2952,0.002756
2953,0.041996
2954,0.037088
2955,-0.002920
2956,-0.003794
2957,-0.029256
2958,-0.063489
2959,-0.062275
2960,-0.047650
2961,-0.004865
2962,0.086272
2963,0.078816
2964,0.041203
2965,-0.019237
2966,-0.030110
2967,0.012900
2968,0.037995
2969,0.026778
2970,0.000454
2971,-0.011790
2972,-0.080402
2973,-0.093877
2974,-0.069639
2975,0.014253
2976,0.064600
2977,0.074433
2978,0.069585
2979,0.037722
2980,-0.016576
2981,-0.053518
2982,-0.061129
2983,-0.030618
2984,-0.026511
2985,-0.010026
2986,0.000943
2987,0.005844
2988,0.036380
2989,-0.017294
2990,-0.011621
2991,0.035732
2992,0.022727
2993,0.027708
2994,0.046525
2995,0.002030
2996,-0.010613
2997,-0.005124
2998,-0.043421
2999,-0.028879
3000,-0.034288
3001,-0.036106
3002,0.041876
3003,0.077470
3004,0.049469
3005,0.040557
3006,0.014944
3007,0.039687
3008,0.040307
3009,0.017413
3010,-0.018467
3011,-0.082556
3012,-0.070224
3013,-0.092552
3014,-0.083169
3015,-0.085444
3016,-0.062426
3017,-0.003088
3018,0.025545
3019,0.064986
3020,0.083857
3021,0.051975
3022,0.062546
3023,0.062606
3024,0.040374
3025,0.009731
3026,-0.020369
3027,-0.083761
3028,-0.081020
3029,-0.067149
3030,-0.099973
3031,-0.019094
3032,0.059461
3033,0.065401
3034,0.084628
3035,0.130372
3036,0.055934
3037,-0.018550
3038,-0.036917
3039,-0.075474
3040,-0.056884
3041,-0.034572
3042,0.021275
3043,0.030943
3044,0.022281
3045,0.005609
3046,-0.013444
3047,-0.038137
3048,-0.073754
3049,-0.058529
3050,-0.026106
3051,-0.005784
3052,-0.026570
3053,-0.020469
3054,0.007957
3055,0.087370
3056,0.073897
3057,0.043374
3058,0.047102
3059,-0.001208
3060,-0.006602
3061,-0.045245
3062,-0.066914
3063,-0.002631
3064,0.006503
3065,0.055895
3066,0.066605
3067,0.008384
3068,-0.003448
3069,0.035116
3070,-0.010065
3071,-0.018532
3072,-0.123396
3073,-0.130162
3074,-0.047044
3075,-0.010053
3076,0.014786
3077,0.053163
3078,0.065770
3079,0.026972
3080,0.040830
3081,0.025247
3082,-0.011077
3083,-0.019232
3084,0.003398
3085,0.038217
3086,0.007598
3087,-0.001004
3088,-0.033692
3089,-0.041595
3090,0.035492
3091,0.026394
3092,0.008615
3093,-0.002759
3094,0.009138
3095,0.035752
3096,0.037138
3097,-0.002062
3098,-0.046630
3099,-0.076170
3100,-0.031131
3101,-0.035011
3102,-0.023617
3103,-0.000432
3104,0.037454
3105,0.011445
3106,-0.029996
3107,0.026399
3108,0.034253
3109,0.029339
3110,0.031585
3111,0.019795
3112,0.007370
3113,-0.024168
3114,-0.038343
3115,0.021658
3116,0.004049
3117,-0.013088
3118,0.011553
3119,-0.026903
3120,-0.025244
3121,0.018747
3122,-0.032156
3123,-0.039507
3124,0.004433
3125,0.032913
3126,0.079451
3127,0.061065
3128,0.007350
3129,-0.072537
3130,-0.057438
3131,-0.058997
3132,-0.014822
3133,0.004742
3134,0.019109
3135,0.033984
3136,0.027505
3137,0.025557
3138,-0.023362
3139,0.039385
3140,0.059706
3141,-0.010658
3142,-0.048888
3143,-0.068537
3144,-0.043917
3145,0.024933
3146,0.016040
3147,0.105847
3148,0.081984
3149,0.007077
3150,-0.016757
3151,-0.040572
3152,-0.071921
3153,-0.049203
3154,-0.020534
3155,-0.006370
3156,-0.020249
3157,-0.045339
3158,-0.014383
3159,0.019976
3160,0.007622
3161,0.031344
3162,0.070518
3163,0.018826
3164,0.001214
3165,-0.039577
3166,-0.051410
3167,0.002375
3168,-0.009413
3169,0.052398
3170,0.093802
3171,0.018600
3172,-0.028783
3173,-0.067987
3174,-0.046061
3175,-0.038975
3176,0.017911
3177,0.030272
3178,0.040628
3179,0.000517
3180,0.006380
3181,0.021763
3182,0.015727
3183,-0.013162
3184,-0.022819
3185,-0.012124
3186,0.014347
3187,-0.006560
3188,-0.016353
3189,-0.023173
3190,-0.057232
3191,-0.013418
3192,0.024752
3193,0.062288
3194,0.073734
3195,0.026651
3196,-0.045525
3197,-0.041444
3198,-0.072026
3199,-0.046821
3200,-0.037396
3201,-0.017046
3202,0.031555
3203,0.038960
3204,0.050751
3205,0.069682
3206,0.050653
3207,0.066937
3208,0.009988
3209,-0.049260
3210,-0.066202
3211,-0.122269
3212,-0.087329
3213,-0.030011
3214,0.012910
3215,0.066247
3216,0.062335
3217,0.040866
3218,0.060163
3219,0.045326
3220,0.040195
3221,0.016471
3222,-0.056543
3223,-0.066893
3224,-0.043502
3225,-0.067963
3226,-0.054663
3227,-0.004504
3228,0.026554
3229,0.054492
3230,0.052645
3231,0.047381
3232,0.033854
3233,0.030672
3234,-0.027925
3235,-0.038108
3236,-0.047535
3237,-0.062729
3238,-0.008379
3239,-0.022780
3240,-0.002168
3241,0.014252
3242,0.047988
3243,0.083974
3244,-0.010151
3245,-0.055782
3246,-0.015045
3247,0.005024
3248,0.019629
3249,0.006416
3250,-0.008427
3251,-0.023690
3252,-0.037522
3253,-0.034531
3254,-0.008637
3255,0.029497
3256,76.376625
3257,1028.973511
3258,524.663208
3259,12.962814
3260,287.081940
3261,11.468608
3262,-15.316853
3263,-18.966185
3264,12.259336
3265,28.765162
3266,8.857642
3267,3.168810
3268,4.821399
3269,-0.670722
3270,-9.334556
3271,-12.382739
3272,-16.504885
3273,0.496680
3274,-5.051190
3275,2.871851
3276,35.364922
3277,34.219494
3278,7.194335
3279,-14.703932
3280,-31.147165
3281,-28.341743
3282,-23.092325
3283,-10.544382
3284,8.909358
3285,13.875566
3286,19.523041
3287,15.945436
3288,4.321056
3289,-18.245981
3290,-2.331728
3291,12.052029
3292,1.022301
3293,-7.288805
3294,-1.244943
3295,15.333335
3296,4.409828
3297,-8.742315
3298,-2.812225
3299,11.591197
3300,9.056845
3301,-4.004679
3302,-25.165421
3303,-12.879299
3304,12.551923
3305,8.455165
3306,-14.247802
3307,-20.034674
3308,-27.625059
3309,-19.229424
3310,-0.686123
3311,-183.919952
3312,0.007957
3313,784.428589
3314,497.191559
3315,1222.286011
3316,-1063.696045
3317,431.208405
3318,955.128662
3319,849.392090
3320,1802.828857
3321,-118.011116
3322,1188.950928
3323,-2395.853760
3324,-1032.450806
3325,-969.490417
3326,-567.633789
3327,-103.133728
3328,324.857544
3329,-1165.113770
3330,1976.304810
3331,1900.881226
3332,-1901.053833
3333,-1308.600342
3334,1761.023071
3335,-1419.532959
3336,1731.765869
3337,383.908112
3338,-1250.140137
3339,1399.338867
3340,-2285.077393
3341,-507.539185
3342,1001.952515
3343,-506.724457
3344,-1740.537231
3345,-601.006104
3346,564.608765
3347,-1386.194702
3348,-2082.006348
3349,634.037476
3350,-1497.390625
3351,1536.475830
3352,274.978241
3353,668.989258
3354,831.222778
3355,-2337.708008
3356,1431.075562
3357,737.302673
3358,-1424.329468
3359,1224.210449
3360,-322.330475
3361,613.416992
3362,2085.886230
3363,937.063660
3364,1595.752197
3365,0.097224
3366,0.035253
3367,-0.043828
3368,-0.039129
3369,-0.031790
3370,-0.054150
3371,-0.073612
3372,-0.009012
3373,0.049980
3374,0.085088
3375,0.118114
3376,0.036499
3377,0.000689
3378,-0.051123
3379,-0.058357
3380,0.005595
3381,0.030132
3382,-0.006789
3383,-0.033984
3384,-0.030293
3385,-0.024931
3386,-0.042838
3387,-0.048592
3388,-0.029501
3389,0.022197
3390,0.037622
3391,0.059612
3392,0.083859
3393,0.021668
3394,-0.016048
3395,-0.038030
3396,-0.073224
3397,-0.102208
3398,-0.062112
3399,-0.008126
3400,0.083751
3401,0.077668
3402,0.043783
3403,0.035075
3404,0.025789
3405,-0.019201
3406,-0.053125
3407,-0.050686
3408,0.004428
3409,0.078577
3410,0.064173
3411,0.051452
3412,0.011116
3413,-0.035745
3414,-0.067302
3415,-0.088088
3416,-0.048495
3417,0.009423
3418,0.022312
3419,-0.021054
3420,0.028677
3421,0.016662
3422,-0.034987
3423,-0.007206
3424,0.021189
3425,0.024540
3426,0.055195
3427,0.029527
3428,-0.022258
3429,-0.042460
3430,-0.009672
3431,0.040610
3432,0.043518
3433,0.019349
3434,0.040636
3435,0.049142
3436,-0.007054
3437,-0.044759
3438,-0.052004
3439,-0.009541
3440,-0.019974
3441,-0.032020
3442,-0.035452
3443,-0.058266
3444,-0.057489
3445,-0.017576
3446,0.008691
3447,0.051912
3448,0.047211
3449,0.016129
3450,-0.016946
3451,-0.040945
3452,-0.028536
3453,-0.010502
3454,-0.002054
3455,0.010361
3456,0.051947
3457,0.068177
3458,0.064370
3459,0.067194
3460,0.028520
3461,-0.025567
3462,-0.085189
3463,-0.082574
3464,-0.021782
3465,-0.043334
3466,-0.025701
3467,-0.057187
3468,-0.035434
3469,0.059604
3470,0.080840
3471,0.063861
3472,0.031226
3473,0.039405
3474,-0.016048
3475,-0.088859
3476,-0.100408
3477,-0.099294
3478,-0.039767
3479,0.010276
3480,0.023766
3481,0.053112
3482,0.033701
3483,0.006808
3484,0.003355
3485,-0.014278
3486,0.026193
3487,-0.004939
3488,-0.067748
3489,-0.041023
3490,-0.013637
3491,0.093086
3492,0.091063
3493,-0.001252
3494,-0.032481
3495,-0.058165
3496,-0.046161
3497,0.009475
3498,0.031732
3499,0.015014
3500,0.016086
3501,0.012047
3502,-0.005580
3503,-0.004009
3504,-0.049613
3505,-0.003450
3506,0.018501
3507,-0.005082
3508,-0.010629
3509,-0.018574
3510,0.011220
3511,0.005437
3512,-0.019331
3513,-0.023399
3514,0.000697
3515,0.017309
3516,-0.000101
3517,0.012114
3518,0.046119
3519,0.032247
3520,0.006413
3521,-0.008219
3522,-0.038664
3523,0.005554
3524,-0.032200
3525,-0.075196
3526,-0.065743
3527,-0.008059
3528,0.040232
3529,0.104912
3530,0.085111
3531,0.067591
3532,0.045280
3533,0.004222
3534,-0.076299
3535,-0.115013
3536,-0.094399
3537,-0.041606
3538,0.012955
3539,0.018592
3540,0.038680
3541,0.058270
3542,-0.003757
3543,-0.021761
3544,-0.012302
3545,-0.005478
3546,-0.010837
3547,0.029360
3548,0.045521
3549,0.037935
3550,0.011762
3551,0.029745
3552,-0.014011
3553,-0.027477
3554,-0.026929
3555,0.011242
3556,-0.007385
3557,-0.073010
3558,-0.050991
3559,-0.013305
3560,0.006134
3561,0.055155
3562,0.027957
3563,0.048876
3564,0.004164
3565,-0.070751
3566,-0.100110
3567,-0.038888
3568,-0.026801
3569,0.005095
3570,0.052325
3571,0.013837
3572,-0.049887
3573,-0.041615
3574,0.042035
3575,0.057154
3576,0.060033
3577,0.087077
3578,0.071341
3579,0.055274
3580,0.030573
3581,0.005541
3582,-0.029589
3583,-0.061246
3584,-0.100174
3585,-0.129544
3586,-0.072502
3587,-0.014754
3588,0.029556
3589,0.085448
3590,0.091492
3591,0.001006
3592,-0.002918
3593,-0.004619
3594,-0.009779
3595,0.049098
3596,0.034502
3597,-0.039229
3598,-0.026429
3599,-0.001180
3600,-0.020987
3601,-0.006986
3602,-0.010904
3603,-0.025546
3604,0.007338
3605,0.004754
3606,0.020290
3607,0.035428
3608,0.006813
3609,-0.049761
3610,-0.010154
3611,0.022476
3612,0.014148
3613,0.007390
3614,0.021583
3615,0.030093
3616,-0.013382
3617,-0.033176
3618,-0.016757
3619,-0.026281
3620,-0.023921
3621,-0.009274
3622,-0.003520
3623,0.015234
3624,0.019062
3625,-0.014767
3626,-0.034633
3627,-0.001248
3628,0.019309
3629,0.076530
3630,0.073889
3631,0.039289
3632,-0.009909
3633,-0.079974
3634,-0.076186
3635,-0.042646
3636,-0.019968
3637,0.035046
3638,0.087834
3639,0.061650
3640,0.038497
3641,-0.018948
3642,-0.028229
3643,0.010059
3644,0.012298
3645,-0.013450
3646,-0.002302
3647,0.002283
3648,-0.066658
3649,-0.081773
3650,-0.064737
3651,-0.085783
3652,-0.030969
3653,0.035249
3654,0.025595
3655,0.024960
3656,0.049623
3657,0.061131
3658,0.022537
3659,0.050156
3660,0.063849
3661,0.024340
3662,-0.043151
3663,-0.052674
3664,-0.032571
3665,-0.005455
3666,-0.035266
3667,-0.013922
3668,0.032430
3669,0.052156
3670,0.032957
3671,-0.021545
3672,-0.034077
3673,-0.012299
3674,0.044996
3675,0.055631
3676,0.030250
3677,0.007293
3678,0.027901
3679,-0.049507
3680,-0.083828
3681,-0.006278
3682,-0.014242
3683,-0.002479
3684,0.011882
3685,0.002729
3686,0.001380
3687,0.020658
3688,0.043761
3689,0.016061
3690,0.021733
3691,0.027246
3692,-0.020302
3693,-0.071504
3694,-0.049402
3695,-0.027305
3696,0.022932
3697,0.003215
3698,-0.001143
3699,-0.026014
3700,-0.015214
3701,-0.006108
3702,0.019704
3703,0.003190
3704,-0.039593
3705,-0.011257
3706,0.020741
3707,0.019314
3708,0.071393
3709,0.050994
3710,0.019581
3711,0.010961
3712,-0.018795
3713,-0.032297
3714,-0.044963
3715,-0.041953
3716,-0.004808
3717,-0.021543
3718,-0.006134
3719,0.021266
3720,0.035521
3721,0.055277
3722,0.047786
3723,-0.008382
3724,-0.034398
3725,-0.032672
3726,-0.024520
3727,-0.027852
3728,-0.046573
3729,0.006660
3730,0.023396
3731,-0.023771
3732,-0.007309
3733,0.059020
3734,0.103506
3735,0.075130
3736,0.032098
3737,-0.015702
3738,-0.102681
3739,-0.083410
3740,-0.036402
3741,-0.018611
3742,-0.032790
3743,-0.008216
3744,0.020844
3745,0.009110
3746,0.001976
3747,-0.003858
3748,-0.001361
3749,0.046639
3750,0.056792
3751,0.071526
3752,0.046081
3753,0.043121
3754,0.015955
3755,-0.034704
3756,-0.056665
3757,-0.045999
3758,-0.036827
3759,-0.033937
3760,-0.038474
3761,0.014146
3762,0.041133
3763,0.083783
3764,0.107033
3765,0.059122
3766,-0.013221
3767,-0.099955
3768,-0.106537
3769,-0.080839
3770,-0.043270
3771,-0.052965
3772,0.014443
3773,0.030781
3774,-0.006112
3775,0.047733
3776,0.048993
3777,0.013411
3778,0.051111
3779,0.072698
3780,0.056810
3781,0.035410
3782,-0.013483
3783,-0.027833
3784,-0.050108
3785,-0.072009
3786,-0.047953
3787,-0.009670
3788,-0.012178
3789,-0.023155
3790,-0.074685
3791,-0.037607
3792,0.007198
3793,0.019289
3794,-0.003832
3795,0.055702
3796,0.041207
3797,0.016369
3798,0.037268
3799,0.029973
3800,-0.001478
3801,-0.013625
3802,-0.040571
3803,-0.017340
3804,0.012106
3805,0.032701
3806,0.099129
3807,0.037726
3808,-0.010558
3809,-0.016044
3810,-0.053900
3811,-0.044645
3812,-0.002867
3813,-0.031516
3814,-0.009521
3815,0.006735
3816,-0.000771
3817,-0.004844
3818,0.040331
3819,-0.006086
3820,-0.020185
3821,-0.047587
3822,-0.021411
3823,0.041280
3824,0.051794
3825,0.023280
3826,-0.023103
3827,-0.092071
3828,-0.044034
3829,0.021625
3830,0.024038
3831,-0.018034
3832,-0.032908
3833,-0.009417
3834,0.004155
3835,0.080257
3836,0.074476
3837,0.026340
3838,0.022228
3839,0.019688
3840,0.039237
3841,0.018641
3842,-0.030587
3843,-0.048625
3844,-0.019221
3845,-0.054561
3846,-0.052108
3847,-0.029595
3848,0.018041
3849,-0.004839
3850,0.021128
3851,0.085745
3852,0.107262
3853,0.067594
3854,0.002440
3855,-0.047025
3856,-0.084486
3857,-0.115143
3858,-0.034604
3859,0.007665
3860,0.031664
3861,0.005737
3862,-0.015304
3863,-0.020489
3864,-0.006464
3865,0.041977
3866,0.059592
3867,0.050604
3868,-0.017013
3869,-0.082031
3870,-0.032053
3871,-0.020126
3872,-0.030101
3873,-0.032820
3874,-0.018510
3875,-0.056466
3876,-0.007714
3877,0.023228
3878,0.029942
3879,0.010078
3880,0.056663
3881,0.133742
3882,0.118659
3883,0.007803
3884,-0.024007
3885,-0.063471
3886,-0.073842
3887,-0.083404
3888,-0.076344
3889,-0.021871
3890,0.040797
3891,0.091709
3892,0.069096
3893,0.017579
3894,-0.022698
3895,-0.042915
3896,0.004757
3897,0.003804
3898,0.020733
3899,-0.004355
3900,-0.022577
3901,-0.026283
3902,-0.010366
3903,0.003234
3904,-0.026887
3905,-0.011972
3906,-0.021153
3907,-0.029127
3908,-0.000171
3909,0.012838
3910,0.047646
3911,0.019424
3912,0.015445
3913,0.017687
3914,-0.006687
3915,-0.022118
3916,0.003464
3917,-0.015716
3918,-0.026002
3919,-0.031314
3920,0.017537
3921,-0.012482
3922,-0.020727
3923,-0.024933
3924,0.012996
3925,0.010016
3926,0.070649
3927,0.102148
3928,0.061191
3929,0.067843
3930,0.034765
3931,-0.060211
3932,-0.073571
3933,-0.062444
3934,-0.042696
3935,-0.009289
3936,0.038136
3937,-0.015324
3938,-0.026922
3939,-0.013646
3940,-0.029428
3941,-0.023533
3942,-0.006297
3943,0.025562
3944,0.008735
3945,-0.000566
3946,0.011254
3947,-0.023732
3948,-0.050946
3949,-0.013211
3950,0.005088
3951,0.052035
3952,0.069918
3953,0.049472
3954,0.041886
3955,0.052300
3956,0.019529
3957,0.006582
3958,-0.009568
3959,-0.052990
3960,-0.084574
3961,-0.077244
3962,-0.093101
3963,-0.035913
3964,-0.009169
3965,0.035889
3966,0.031169
3967,0.003152
3968,-0.019880
3969,-0.043791
3970,-0.059767
3971,-0.052150
3972,-0.046166
3973,0.003846
3974,0.021859
3975,0.036018
3976,-0.017993
3977,-0.010079
3978,-0.003059
3979,0.019086
3980,-0.018436
3981,0.067531
3982,0.045747
3983,0.023682
3984,0.012487
3985,-0.043966
3986,0.006840
3987,0.005972
3988,-0.057931
3989,-0.061104
3990,-0.014136
3991,-0.024338
3992,-0.053287
3993,0.016105
3994,0.077432
3995,0.041157
3996,0.035823
3997,0.018002
3998,-0.035582
3999,-0.066966
4000,-0.017106
4001,-0.010579
4002,0.009596
4003,0.027540
4004,0.019603
4005,-0.035137
4006,-0.031404
4007,0.038186
4008,0.083090
4009,0.065017
4010,-0.002467
4011,-0.063034
4012,-0.073548
4013,-0.044136
4014,-0.025864
4015,0.008806
4016,0.036012
4017,0.087186
4018,0.060763
4019,-0.016186
4020,-0.078019
4021,-0.070337
4022,-0.035856
4023,0.035554
4024,0.089543
4025,0.075390
4026,0.007363
4027,-0.032540
4028,-0.072728
4029,-0.057368
4030,-0.056916
4031,-0.032226
4032,0.027497
4033,0.015509
4034,0.048250
4035,0.047088
4036,0.014125
4037,-0.004430
4038,-0.012956
4039,0.018234
4040,0.002429
4041,-0.001599
4042,0.028610
4043,-0.009246
4044,-0.060124
4045,-0.035401
4046,-0.047101
4047,-0.042674
4048,-0.049088
4049,0.027183
4050,0.039355
4051,0.040899
4052,0.112516
4053,0.105138
4054,0.069733
4055,0.009140
4056,-0.060336
4057,-0.087886
4058,-0.075249
4059,-0.012196
4060,0.069426
4061,0.032052
4062,0.040927
4063,0.048307
4064,-0.051029
4065,152.070374
4066,127.066750
4067,2.723491
4068,1745.770630
4069,493.175842
4070,-36.146767
4071,-37.138565
4072,-25.699377
4073,-4.405898
4074,38.275589
4075,59.029247
4076,43.128647
4077,-2.758230
4078,-27.933481
4079,-24.656775
4080,-22.145973
4081,0.269118
4082,11.953273
4083,7.296401
4084,-9.319861
4085,-19.872108
4086,-0.872010
4087,12.129472
4088,30.150026
4089,20.893087
4090,1.247101
4091,-23.526609
4092,-7.191484
4093,16.021730
4094,9.873156
4095,2.569042
4096,-29.142675
4097,-34.317471
4098,-26.962118
4099,-19.057278
4100,-1.116482
4101,29.879374
4102,36.985035
4103,36.057789
4104,31.530081
4105,-0.190558
4106,-20.233328
4107,-14.684159
4108,-25.162865
4109,-29.506645
4110,-20.044447
4111,3.924063
4112,23.057884
4113,15.175327
4114,0.859282
4115,-1.498848
4116,-16.127707
4117,-6.723091
4118,16.574068
4119,-0.099471
4120,-0.128385
4121,-0.100625
4122,-0.040831
4123,0.022864
4124,0.037379
4125,0.092278
4126,0.121140
4127,0.058557
4128,0.019073
4129,-0.016750
4130,-0.083298
4131,-0.060145
4132,-0.051954
4133,-0.056084
4134,0.005248
4135,0.018029
4136,0.018982
4137,-0.020512
4138,-0.008386
4139,0.030337
4140,-0.004749
4141,-0.004591
4142,-0.000064
4143,-0.005032
4144,0.062961
4145,0.082567
4146,0.059856
4147,0.012545
4148,-0.032215
4149,-0.010997
4150,-0.001231
4151,-0.023204
4152,-0.005977
4153,0.007868
4154,0.051817
4155,-0.014158
4156,-0.102938
4157,-0.102172
4158,-0.048023
4159,-0.038935
4160,-0.015096
4161,0.047123
4162,0.045513
4163,0.039078
4164,0.041821
4165,0.051869
4166,0.044083
4167,0.034148
4168,0.043139
4169,149.728149
4170,130.316864
4171,2.676500
4172,1734.269287
4173,534.375122
4174,47.341324
4175,19.487701
4176,-42.723614
4177,-65.054909
4178,-45.259041
4179,-20.871235
4180,3.696733
4181,25.592880
4182,27.170935
4183,15.026893
4184,-2.751992
4185,-16.375647
4186,-3.914282
4187,-1.928305
4188,-14.010021
4189,-6.081647
4190,15.013655
4191,44.628582
4192,38.811966
4193,19.349289
4194,-5.786762
4195,-29.287313
4196,-1.981374
4197,7.383533
4198,-10.849344
4199,-33.107582
4200,-42.037514
4201,-39.079071
4202,0.779994
4203,35.307594
4204,28.228300
4205,25.375364
4206,6.992730
4207,-13.395445
4208,-10.794969
4209,1.939462
4210,0.429409
4211,-7.216095
4212,0.466441
4213,23.354458
4214,1.234909
4215,-10.934955
4216,-17.178398
4217,-12.152138
4218,-7.221540
4219,13.024405
4220,28.344257
4221,17.622551
4222,7.410429
4223,0.013046
4224,-0.009469
4225,-0.070239
4226,-0.125342
4227,-0.140729
4228,-0.099364
4229,0.033627
4230,0.067187
4231,0.032026
4232,0.006444
4233,0.031746
4234,0.030133
4235,0.030079
4236,0.031745
4237,0.011810
4238,-0.036372
4239,-0.017475
4240,0.006386
4241,0.005436
4242,0.033171
4243,0.072502
4244,0.111216
4245,0.041184
4246,-0.034591
4247,-0.040870
4248,-0.042792
4249,-0.037767
4250,0.016194
4251,0.010244
4252,-0.056754
4253,-0.092620
4254,-0.054103
4255,0.022212
4256,0.008985
4257,0.004863
4258,-0.031856
4259,-0.003160
4260,-0.002913
4261,0.008340
4262,0.021365
4263,0.045168
4264,0.011413
4265,0.003147
4266,0.009295
4267,-0.048902
4268,-0.051653
4269,-0.023941
4270,0.037732
4271,0.059907
4272,0.042279
4273,0.027506
4274,-0.014474
4275,-0.048074
4276,-0.031186
4277,-0.017674
4278,0.018246
4279,-0.001273
4280,0.035680
4281,0.018904
4282,0.018648
4283,0.001961
4284,-0.036506
4285,-0.040702
4286,0.004790
4287,0.008173
4288,0.005835
4289,0.059605
4290,0.041166
4291,-0.010011
4292,-0.014332
4293,-0.050117
4294,-0.043872
4295,-0.048030
4296,-0.003556
4297,-0.008011
4298,-0.002494
4299,0.059528
4300,0.031646
4301,0.027122
4302,0.018382
4303,0.032394
4304,0.002588
4305,-0.009065
4306,-0.025129
4307,-0.058726
4308,-0.070952
4309,-0.070409
4310,-0.056206
4311,0.002768
4312,0.047368
4313,0.037142
4314,0.066845
4315,0.060825
4316,0.003885
4317,-0.009747
4318,-0.022636
4319,-0.014817
4320,-0.011561
4321,0.042805
4322,0.029628
4323,0.001119
4324,0.008409
4325,0.001692
4326,0.031036
4327,0.044214
4328,0.035407
4329,0.030959
4330,0.017859
4331,-0.084348
4332,-0.060610
4333,-0.048021
4334,-0.047813
4335,-0.023141
4336,-0.021695
4337,-0.009869
4338,0.006758
4339,0.004875
4340,-0.010880
4341,0.041033
4342,0.010788
4343,-0.033586
4344,-0.011945
4345,-0.045655
4346,0.000903
4347,0.052511
4348,0.056754
4349,0.084314
4350,0.033492
4351,-0.045388
4352,-0.038130
4353,-0.008324
4354,-0.022015
4355,0.001449
4356,0.010531
4357,0.022633
4358,0.028549
4359,0.048012
4360,-0.003682
4361,-0.075477
4362,-0.065158
4363,-0.087367
4364,-0.056597
4365,0.003870
4366,0.022599
4367,0.003441
4368,0.013356
4369,0.045881
4370,0.072585
4371,0.065970
4372,0.029237
4373,0.025230
4374,0.001099
4375,-0.014845
4376,-0.014716
4377,-0.075664
4378,-0.091763
4379,-0.054003
4380,0.035883
4381,0.059947
4382,0.006900
4383,0.011747
4384,0.036040
4385,0.027220
4386,-0.017312
4387,-0.032944
4388,0.010982
4389,0.015356
4390,0.004230
4391,-0.007088
4392,-0.069864
4393,-0.075012
4394,-0.057453
4395,-0.012932
4396,0.041641
4397,0.006831
4398,0.006608
4399,0.041210
4400,0.038850
4401,0.006412
4402,-0.012369
4403,0.007647
4404,0.025824
4405,-0.012888
4406,0.040662
4407,0.019664
4408,-0.008202
4409,0.039378
4410,0.011664
4411,-0.038466
4412,-0.041640
4413,-0.038975
4414,0.031054
4415,0.042192
4416,-0.011066
4417,-0.014567
4418,0.001799
4419,0.026524
4420,0.003917
4421,-0.012744
4422,0.017237
4423,-0.006852
4424,-0.013717
4425,-0.014177
4426,-0.009613
4427,0.023001
4428,-0.020169
4429,-0.065927
4430,-0.012296
4431,0.031372
4432,0.052952
4433,0.058923
4434,0.034048
4435,0.014626
4436,-0.073102
4437,-0.078159
4438,-0.008315
4439,-0.016605
4440,-0.016060
4441,0.013142
4442,0.038877
4443,-0.015330
4444,-0.021160
4445,0.002798
4446,0.004108
4447,0.020266
4448,-0.012685
4449,0.037545
4450,0.037209
4451,-0.032454
4452,-0.027216
4453,0.000520
4454,0.023341
4455,-0.010885
4456,-0.030666
4457,-0.029253
4458,-0.009689
4459,0.049753
4460,0.039091
4461,0.009573
4462,0.058092
4463,0.054766
4464,-0.012756
4465,-0.049863
4466,-0.021912
4467,-0.034703
4468,-0.061811
4469,-0.088780
4470,-0.071736
4471,-0.017174
4472,0.050486
4473,0.080721
4474,0.064431
4475,0.026437
4476,-0.027586
4477,-0.052761
4478,-0.067625
4479,-0.030960
4480,0.064023
4481,0.101696
4482,0.101699
4483,0.041703
4484,0.051199
4485,0.020326
4486,-0.064164
4487,-0.104763
4488,-0.109224
4489,-0.038427
4490,-0.008460
4491,0.034746
4492,0.086651
4493,0.071698
4494,0.055316
4495,0.017272
4496,-0.021975
4497,-0.039243
4498,-0.009275
4499,-0.090500
4500,-0.072427
4501,-0.061863
4502,-0.016226
4503,0.044451
4504,0.036260
4505,-0.017468
4506,0.034222
4507,0.081738
4508,0.107732
4509,0.049309
4510,0.021221
4511,0.014498
4512,-0.021810
4513,-0.062967
4514,-0.115633
4515,-0.091201
4516,-0.057788
4517,-0.002911
4518,0.035408
4519,0.031937
4520,0.010398
4521,-0.018065
4522,0.013207
4523,0.086255
4524,0.090137
4525,0.042138
4526,0.064081
4527,0.041745
4528,0.016217
4529,-0.034170
4530,-0.071302
4531,-0.093607
4532,-0.099850
4533,-0.113978
4534,-0.055404
4535,0.019789
4536,0.055220
4537,0.061331
4538,0.118465
4539,0.072406
4540,-0.012373
4541,-0.047629
4542,0.001460
4543,0.062286
4544,0.008307
4545,-0.028123
4546,-0.091996
4547,-0.092683
4548,-0.041505
4549,-0.038064
4550,0.001723
4551,0.023381
4552,0.042578
4553,0.053430
4554,0.051729
4555,0.028014
4556,-0.008408
4557,-0.036521
4558,0.019916
4559,0.017598
4560,-0.029609
4561,-0.016880
4562,-0.056850
4563,-0.027178
4564,-0.002306
4565,-0.009670
4566,-0.002028
4567,0.040850
4568,0.055701
4569,-0.022073
4570,0.010769
4571,0.061810
4572,0.065557
4573,-0.013083
4574,-0.018945
4575,-0.028257
4576,-0.009019
4577,0.066995
4578,0.025702
4579,-0.071703
4580,-0.115208
4581,-0.125475
4582,-0.061710
4583,-0.026363
4584,0.062642
4585,0.082359
4586,0.057683
4587,0.024113
4588,0.008658
4589,-0.032549
4590,-0.043697
4591,0.028308
4592,0.030027
4593,0.016062
4594,-0.041546
4595,-0.054724
4596,-0.049092
4597,0.008291
4598,0.019854
4599,0.036138
4600,0.079605
4601,0.103334
4602,0.078293
4603,0.006987
4604,-0.027375
4605,-0.032661
4606,-0.068939
4607,-0.008990
4608,-0.013610
4609,-0.037680
4610,-0.026709
4611,0.006644
4612,0.018506
4613,-0.048312
4614,-0.113019
4615,-0.070873
4616,0.022902
4617,0.028954
4618,0.029528
4619,0.041254
4620,0.038696
4621,0.038811
4622,0.054991
4623,139.503433
4624,144.504837
4625,2.471368
4626,1682.968872
4627,493.812927
4628,51.067783
4629,49.701313
4630,28.107622
4631,0.988863
4632,-22.336964
4633,-35.901165
4634,-29.949394
4635,-25.785852
4636,-30.694107
4637,-30.752298
4638,-21.890892
4639,1.252158
4640,17.823524
4641,19.786415
4642,13.562846
4643,-1.825908
4644,-11.621552
4645,6.889586
4646,25.197779
4647,23.853086
4648,26.277332
4649,15.019860
4650,-10.100743
4651,-22.311842
4652,-22.883013
4653,-20.099562
4654,-16.668339
4655,3.896246
4656,16.351553
4657,9.130198
4658,-30.654819
4659,-0.658406
4660,31.794567
4661,35.508343
4662,18.978640
4663,-0.420877
4664,-25.052181
4665,-28.783211
4666,-25.838594
4667,-16.703539
4668,-19.803387
4669,-10.411328
4670,8.440427
4671,36.266773
4672,26.816685
4673,4.154042
4674,3.316231
4675,-1.780110
4676,1.355997
4677,0.036272
4678,0.036275
4679,0.071014
4680,0.087542
4681,0.078915
4682,0.013194
4683,-0.025630
4684,-0.122545
4685,-0.135588
4686,-0.071130
4687,-0.042757
4688,0.022441
4689,0.106797
4690,0.091521
4691,0.018678
4692,0.018694
4693,-0.039034
4694,-0.079991
4695,-0.005915
4696,0.027141
4697,0.007810
4698,0.011619
4699,0.023005
4700,0.000127
4701,-0.012415
4702,0.000018
4703,-0.011457
4704,0.049085
4705,0.066486
4706,0.021194
4707,-0.027288
4708,-0.085692
4709,-0.074004
4710,-0.075735
4711,-0.037403
4712,0.033092
4713,0.093713
4714,0.107516
4715,0.119693
4716,0.071621
4717,-0.038749
4718,-0.090194
4719,-0.087895
4720,-0.064155
4721,-0.018342
4722,0.017082
4723,0.068682
4724,0.063512
4725,-0.014668
4726,-0.074885
4727,-0.057380
4728,-0.068263
4729,-0.003342
4730,0.031459
4731,0.008407
4732,0.027326
4733,0.020677
4734,0.013972
4735,0.058569
4736,0.057103
4737,0.026665
4738,0.001191
4739,-0.063561
4740,-0.113287
4741,-0.078847
4742,-0.083680
4743,-0.060050
4744,0.019187
4745,0.083991
4746,0.086063
4747,0.136888
4748,0.112728
4749,-0.004681
4750,-0.014965
4751,-0.063256
4752,-0.098829
4753,-0.091000
4754,-0.040438
4755,-0.023114
4756,-0.013736
4757,0.013778
4758,0.041214
4759,0.032585
4760,0.068629
4761,0.077920
4762,0.019613
4763,0.002015
4764,-0.003676
4765,-0.032015
4766,-0.062315
4767,-0.045575
4768,-0.030898
4769,-0.016552
4770,0.062448
4771,0.021785
4772,0.038644
4773,0.043765
4774,0.010239
4775,-0.012796
4776,-0.051585
4777,-0.048020
4778,-0.038946
4779,-0.030413
4780,-0.043583
4781,-0.054111
4782,-0.040707
4783,0.081089
4784,0.083613
4785,0.042384
4786,0.045496
4787,0.001684
4788,-0.014469
4789,-0.047178
4790,-0.036661
4791,-0.014004
4792,0.028325
4793,0.020343
4794,0.054475
4795,0.067422
4796,0.016761
4797,0.023658
4798,-0.038406
4799,-0.050486
4800,-0.048244
4801,-0.071627
4802,-0.035310
4803,-0.028634
4804,0.000679
4805,0.001823
4806,-0.011480
4807,0.003519
4808,0.050576
4809,0.080905
4810,0.038958
4811,-0.011522
4812,0.006837
4813,-0.007516
4814,0.000551
4815,0.061459
4816,0.016771
4817,-0.001290
4818,0.043644
4819,-0.015694
4820,-0.055640
4821,-0.067446
4822,-0.094824
4823,-0.069170
4824,-0.032806
4825,0.027393
4826,0.041662
4827,134.909058
4828,150.880051
4829,2.379194
4830,1659.805664
4831,440.991943
4832,5.289862
4833,29.348948
4834,49.179234
4835,29.063807
4836,-11.549568
4837,-53.781834
4838,-50.528080
4839,-40.825031
4840,-15.115633
4841,41.092960
4842,77.032013
4843,75.542450
4844,48.411678
4845,-12.110314
4846,-53.657543
4847,-55.337738
4848,-61.195080
4849,-36.565475
4850,-3.143212
4851,27.569796
4852,50.673645
4853,35.457470
4854,1.200540
4855,-9.302059
4856,-3.552225
4857,4.830504
4858,12.648428
4859,5.980793
4860,-18.666048
4861,-35.659260
4862,-43.693020
4863,-16.657112
4864,4.979437
4865,29.909454
4866,44.205196
4867,46.589294
4868,11.444708
4869,-3.399587
4870,-20.954145
4871,-39.508675
4872,-33.969582
4873,-14.935680
4874,1.074580
4875,25.151838
4876,40.037613
4877,19.318773
4878,-10.884323
4879,-15.266464
4880,-14.197957
4881,0.044986
4882,0.072748
4883,0.065219
4884,0.059265
4885,-0.028142
4886,-0.078267
4887,-0.061175
4888,-0.057458
4889,-0.052035
4890,-0.046240
4891,-0.030570
4892,0.031314
4893,0.070067
4894,0.094093
4895,0.090784
4896,0.089051
4897,-0.024697
4898,-0.075546
4899,-0.074020
4900,-0.103974
4901,-0.076418
4902,-0.008064
4903,0.060482
4904,0.079512
4905,0.052182
4906,0.091921
4907,0.038655
4908,-0.003896
4909,0.014977
4910,-0.007354
4911,-0.045772
4912,-0.081219
4913,-0.084963
4914,-0.054232
4915,-0.016755
4916,0.044773
4917,0.072117
4918,0.060362
4919,0.048610
4920,0.014440
4921,-0.015833
4922,-0.031085
4923,-0.085553
4924,-0.094230
4925,-0.030808
4926,0.021629
4927,0.035141
4928,0.080635
4929,0.018583
4930,0.036664
4931,0.062244
4932,-0.028293
4933,-0.029985
4934,-0.071103
4935,-0.052891
4936,-0.039564
4937,-0.003270
4938,0.066400
4939,0.069375
4940,0.074701
4941,0.009524
4942,0.007877
4943,-0.062572
4944,-0.043082
4945,0.002106
4946,-0.017965
4947,-0.013922
4948,0.006713
4949,0.004633
4950,-0.012800
4951,-0.042010
4952,-0.013184
4953,0.009088
4954,0.007721
4955,0.022263
4956,0.010861
4957,0.018179
4958,0.043713
4959,0.035537
4960,0.014629
4961,-0.024492
4962,0.023313
4963,0.017910
4964,-0.027473
4965,-0.015151
4966,-0.003590
4967,0.027083
4968,-0.016484
4969,-0.093193
4970,-0.088467
4971,-0.018149
4972,0.012003
4973,0.004772
4974,0.001493
4975,0.015184
4976,0.073027
4977,0.037951
4978,-0.009983
4979,0.012727
4980,0.009248
4981,0.016323
4982,0.003892
4983,-0.020638
4984,0.012083
4985,-0.011540
4986,0.014898
4987,0.030324
4988,0.001649
4989,-0.026966
4990,-0.033750
4991,-0.030997
4992,0.020414
4993,-0.021895
4994,-0.089556
4995,-0.046279
4996,-0.022651
4997,0.004168
4998,0.090746
4999,0.086949
5000,0.065789
5001,0.015943
5002,-0.033305
5003,-0.064896
5004,-0.022424
5005,-0.018776
5006,-0.017203
5007,0.006335
5008,0.035319
5009,0.048732
5010,0.053875
5011,0.085088
5012,0.043564
5013,-0.038832
5014,-0.044639
5015,-0.100375
5016,-0.088266
5017,-0.050056
5018,-0.040439
5019,0.012467
5020,0.022795
5021,0.022427
5022,0.022880
5023,0.037177
5024,0.065199
5025,0.079729
5026,0.023701
5027,-0.066266
5028,-0.044161
5029,-0.015111
5030,0.018337
5031,130.314697
5032,157.255264
5033,2.287020
5034,1641.714233
5035,413.664459
5036,-8.218626
5037,1.094420
5038,14.393349
5039,28.977560
5040,13.982397
5041,-4.261381
5042,-11.793827
5043,-23.719349
5044,-24.892044
5045,-9.437779
5046,6.795797
5047,27.038288
5048,47.383102
5049,31.796574
5050,16.171309
5051,-10.054424
5052,-19.766968
5053,-7.983368
5054,-11.892794
5055,-18.370802
5056,-8.334270
5057,2.186691
5058,4.587981
5059,-4.647118
5060,-23.462982
5061,-12.137916
5062,-4.021646
5063,2.143942
5064,5.469930
5065,2.614808
5066,11.398231
5067,6.062151
5068,11.425619
5069,33.509933
5070,26.962021
5071,-2.410275
5072,-13.435742
5073,-28.527908
5074,-27.845562
5075,-9.168835
5076,-0.983610
5077,0.623365
5078,8.601558
5079,22.184534
5080,24.018946
5081,0.634143
5082,-13.241107
5083,-10.786095
5084,-25.565063
5085,0.038430
5086,-0.031310
5087,-0.099817
5088,-0.046954
5089,-0.037776
5090,-0.042412
5091,0.020976
5092,0.064678
5093,0.100270
5094,0.085994
5095,0.054532
5096,0.031562
5097,0.003860
5098,-0.066851
5099,-0.079201
5100,-0.100026
5101,-0.090843
5102,-0.050503
5103,0.020237
5104,0.025071
5105,0.041075
5106,0.069008
5107,0.051142
5108,0.027247
5109,0.014928
5110,-0.009493
5111,-0.030994
5112,-0.041305
5113,-0.003842
5114,-0.040537
5115,-0.032634
5116,-0.044939
5117,-0.022663
5118,0.048566
5119,0.075693
5120,0.065532
5121,0.071737
5122,0.002813
5123,-0.042101
5124,-0.018876
5125,-0.026532
5126,-0.004098
5127,0.021492
5128,0.013235
5129,-0.007784
5130,-0.034555
5131,-0.034426
5132,0.008341
5133,0.025574
5134,-0.033656
5135,-0.043689
5136,-0.027716
5137,-0.018718
5138,0.026292
5139,0.008407
5140,0.031178
5141,0.032230
5142,0.005790
5143,0.028896
5144,-0.005314
5145,-0.016334
5146,0.021771
5147,0.000931
5148,-0.004090
5149,-0.050671
5150,-0.091927
5151,-0.028358
5152,0.019610
5153,0.010043
5154,0.045386
5155,0.037749
5156,-0.005513
5157,-0.034291
5158,-0.052174
5159,-0.025752
5160,0.060142
5161,0.076078
5162,0.001451
5163,-0.030620
5164,-0.052056
5165,-0.015602
5166,0.019873
5167,0.028501
5168,0.000971
5169,0.008232
5170,0.017821
5171,0.030584
5172,0.015323
5173,-0.005889
5174,0.011445
5175,0.016605
5176,-0.011030
5177,-0.043911
5178,-0.036958
5179,-0.046215
5180,-0.017287
5181,-0.003030
5182,0.014703
5183,0.027069
5184,0.030024
5185,0.025862
5186,0.057330
5187,0.042496
5188,0.031469
5189,0.024050
5190,-0.011746
5191,0.027718
5192,0.022252
5193,-0.018392
5194,-0.016813
5195,-0.026009
5196,-0.015661
5197,-0.032829
5198,-0.028843
5199,-0.009334
5200,-0.030339
5201,-0.015819
5202,-0.017650
5203,-0.043301
5204,-0.039167
5205,-0.003456
5206,0.009900
5207,0.029615
5208,0.028235
5209,0.012166
5210,0.054616
5211,0.113291
5212,0.083829
5213,0.013812
5214,-0.056910
5215,-0.054895
5216,-0.063999
5217,-0.052504
5218,-0.020330
5219,-0.027120
5220,-0.009598
5221,0.031224
5222,0.027703
5223,0.038769
5224,0.036150
5225,0.012615
5226,-0.011344
5227,-0.045239
5228,-0.021918
5229,0.025463
5230,0.005539
5231,0.036447
5232,0.095238
5233,0.005505
5234,-0.035710
5235,-0.075100
5236,-0.038786
5237,0.001361
5238,0.000511
5239,-0.019740
5240,-0.011452
5241,-0.014505
5242,0.006000
5243,0.031744
5244,0.010387
5245,-0.016554
5246,-0.056321
5247,0.009749
5248,0.027496
5249,0.009586
5250,0.012498
5251,0.017375
5252,0.041184
5253,0.012427
5254,-0.061264
5255,-0.042642
5256,-0.015008
5257,-0.024647
5258,-0.006261
5259,0.010020
5260,0.028203
5261,-0.024703
5262,-0.043575
5263,-0.013795
5264,0.001789
5265,0.017687
5266,0.078302
5267,0.044972
5268,-0.023667
5269,-0.012934
5270,-0.003339
5271,0.028224
5272,0.057871
5273,0.031699
5274,-0.010948
5275,-0.044260
5276,-0.056114
5277,-0.061327
5278,-0.004064
5279,0.058021
5280,0.059311
5281,0.040659
5282,0.018754
5283,-0.023100
5284,-0.018787
5285,-0.045930
5286,0.006510
5287,0.007598
5288,-0.000534
5289,-0.007922
5290,-0.004297
5291,-0.035021
5292,-0.099717
5293,-0.055819
5294,-0.020765
5295,-0.002279
5296,0.030787
5297,0.061691
5298,0.101358
5299,0.062047
5300,-0.011721
5301,0.023090
5302,-0.009412
5303,-0.030155
5304,-0.032040
5305,-0.058962
5306,-0.002074
5307,0.003192
5308,-0.062664
5309,-0.041513
5310,-0.007899
5311,0.015621
5312,0.031870
5313,0.024918
5314,0.073056
5315,0.092599
5316,-0.003010
5317,-0.031643
5318,-0.018636
5319,-0.022643
5320,-0.006502
5321,-0.014402
5322,-0.073694
5323,-0.009822
5324,0.047077
5325,-0.000918
5326,0.000096
5327,-0.000939
5328,0.003734
5329,0.027966
5330,0.001136
5331,-0.032076
5332,-0.004352
5333,0.013689
5334,0.007788
5335,-0.013868
5336,-0.039719
5337,-0.076385
5338,-0.069259
5339,-0.022393
5340,0.032096
5341,0.039662
5342,0.027681
5343,0.058332
5344,0.037436
5345,-0.029045
5346,0.013039
5347,-0.013091
5348,-0.036883
5349,-0.032512
5350,-0.018780
5351,0.030795
5352,0.015917
5353,0.079066
5354,0.062280
5355,0.028168
5356,0.034949
5357,-0.008419
5358,-0.058737
5359,-0.070403
5360,-0.085486
5361,-0.068279
5362,-0.013530
5363,0.025445
5364,0.087844
5365,0.073787
5366,0.036846
5367,0.025972
5368,0.012821
5369,-0.006724
5370,-0.082235
5371,-0.076114
5372,-0.061726
5373,-0.068361
5374,-0.032648
5375,0.048658
5376,0.067837
5377,0.046336
5378,0.008275
5379,0.001654
5380,-0.014730
5381,-0.022489
5382,-0.021529
5383,-0.004837
5384,-0.018764
5385,0.012495
5386,0.052784
5387,0.029573
5388,0.014078
5389,0.058943
5390,0.010059
5391,-0.019742
5392,-0.020958
5393,-0.040873
5394,-0.040910
5395,-0.011493
5396,0.034367
5397,0.048543
5398,0.049014
5399,0.052840
5400,0.026578
5401,-0.031500
5402,-0.101297
5403,-0.157397
5404,-0.109884
5405,-0.040096
5406,0.023819
5407,0.076468
5408,0.093417
5409,0.064623
5410,0.018074
5411,-0.032432
5412,0.011129
5413,0.034634
5414,0.083634
5415,0.013352
5416,0.020507
5417,0.009133
5418,-0.047181
5419,-0.071095
5420,-0.098309
5421,-0.029943
5422,0.004946
5423,-0.024102
5424,-0.017219
5425,-0.008890
5426,-0.012133
5427,-0.009997
5428,0.042238
5429,0.036648
5430,0.063348
5431,0.087645
5432,0.073509
5433,0.041486
5434,-0.057861
5435,-0.115918
5436,-0.123556
5437,-0.053182
5438,0.021243
5439,0.011001
5440,0.060182
5441,0.063435
5442,0.018968
5443,0.014196
5444,-0.007745
5445,-0.029475
5446,-0.048819
5447,-0.050911
5448,0.019691
5449,0.044609
5450,0.020347
5451,0.004771
5452,-0.020971
5453,0.016580
5454,0.004091
5455,-0.014969
5456,0.023464
5457,0.007773
5458,0.009103
5459,0.010850
5460,-0.021088
5461,-0.046272
5462,-0.005630
5463,-0.031835
5464,-0.047238
5465,0.044788
5466,0.039796
5467,0.020500
5468,-0.000701
5469,0.016780
5470,-0.037979
5471,-0.017398
5472,0.006070
5473,0.023837
5474,0.035496
5475,-0.021892
5476,-0.039470
5477,-0.019328
5478,-0.004744
5479,0.001284
5480,0.009242
5481,-0.050654
5482,0.007497
5483,0.017824
5484,-0.015694
5485,0.013605
5486,0.073952
5487,0.063479
5488,0.073543
5489,0.036289
5490,-0.022083
5491,-0.079994
5492,-0.080687
5493,-0.038063
5494,0.003881
5495,0.030734
5496,0.039180
5497,0.001194
5498,-0.006863
5499,-0.014260
5500,-0.037864
5501,-0.049763
5502,-0.013574
5503,0.007832
5504,0.055465
5505,0.039410
5506,-0.008392
5507,-0.041859
5508,-0.041533
5509,0.013769
5510,0.040382
5511,0.025095
5512,0.063303
5513,0.040727
5514,-0.029892
5515,-0.042650
5516,-0.035649
5517,-0.034314
5518,-0.005857
5519,-0.028986
5520,-0.017459
5521,-0.032711
5522,-0.043961
5523,-0.004216
5524,-0.003667
5525,-0.006423
5526,-0.005137
5527,0.033003
5528,0.024324
5529,0.069965
5530,0.107472
5531,0.097014
5532,0.019986
5533,-0.071675
5534,-0.066142
5535,-0.077667
5536,-0.085203
5537,-0.047497
5538,0.025254
5539,0.074761
5540,0.077488
5541,0.003863
5542,-0.021479
5543,-0.013806
5544,-0.020461
5545,0.008278
5546,0.035635
5547,-0.012470
5548,-0.043688
5549,-0.060263
5550,-0.075899
5551,-0.015139
5552,-0.008542
5553,-0.006459
5554,0.058361
5555,0.099804
5556,0.111544
5557,0.065034
5558,0.032286
5559,-0.033453
5560,-0.117766
5561,-0.079264
5562,-0.000924
5563,-0.015232
5564,-0.009138
5565,-0.007646
5566,-0.011359
5567,-0.010191
5568,0.043315
5569,0.024423
5570,0.036057
5571,0.062225
5572,0.016520
5573,0.000159
5574,-0.022049
5575,0.000380
5576,0.002190
5577,-0.069211
5578,-0.102709
5579,-0.035791
5580,0.040960
5581,0.083678
5582,0.092734
5583,0.091594
5584,0.061306
5585,-0.026781
5586,-0.090317
5587,-0.087668
5588,-0.082162
5589,-0.099693
5590,-0.038956
5591,0.011530
5592,0.067161
5593,0.046219
5594,0.017208
5595,0.001793
5596,0.030709
5597,0.015319
5598,0.037825
5599,0.047606
5600,0.002074
5601,-0.042022
5602,-0.031375
5603,-0.038952
5604,-0.044369
5605,-0.054345
5606,-0.005551
5607,0.077476
5608,0.045630
5609,0.031437
5610,0.039153
5611,-0.000800
5612,-0.017815
5613,0.016649
5614,0.012407
5615,-0.036039
5616,-0.051666
5617,-0.008863
5618,-0.047520
5619,-0.015542
5620,0.049356
5621,0.030631
5622,0.039014
5623,0.012361
5624,-0.019529
5625,-0.022966
5626,-0.029514
5627,0.010861
5628,-0.006095
5629,-0.040133
5630,0.014246
5631,0.022548
5632,0.005901
5633,0.023660
5634,0.002149
5635,116.711769
5636,176.130890
5637,2.014113
5638,1572.793091
5639,394.385040
5640,-11.895844
5641,-28.506910
5642,-30.048218
5643,-20.833132
5644,-0.243846
5645,38.936386
5646,33.192558
5647,17.128387
5648,-4.284082
5649,-29.023623
5650,-33.843685
5651,-31.652351
5652,-25.983360
5653,-10.389005
5654,29.102919
5655,59.835777
5656,59.603489
5657,40.370377
5658,-0.949734
5659,-47.076878
5660,-73.052536
5661,-37.703823
5662,-5.744305
5663,11.921299
5664,21.542826
5665,41.743744
5666,39.782433
5667,5.927341
5668,-26.409782
5669,-25.807499
5670,-21.479803
5671,-25.731844
5672,-23.730810
5673,11.976045
5674,25.478968
5675,30.979383
5676,26.428661
5677,11.531847
5678,5.694602
5679,8.626840
5680,1.613711
5681,-14.866236
5682,-20.629179
5683,-15.696003
5684,-25.554747
5685,-28.962400
5686,-8.974523
5687,26.598917
5688,36.840176
5689,0.022090
5690,0.033442
5691,-0.014125
5692,-0.079228
5693,-0.040631
5694,0.036845
5695,0.085306
5696,0.062328
5697,0.019819
5698,-0.060489
5699,-0.040258
5700,-0.007832
5701,-0.033164
5702,-0.028104
5703,-0.019458
5704,-0.025283
5705,-0.055582
5706,-0.013627
5707,0.007895
5708,0.051084
5709,0.093385
5710,0.050969
5711,-0.018048
5712,-0.003704
5713,0.013709
5714,0.024140
5715,0.000681
5716,-0.023756
5717,-0.001937
5718,-0.034105
5719,-0.035250
5720,-0.008686
5721,0.001213
5722,0.013713
5723,-0.002588
5724,-0.022390
5725,-0.007601
5726,-0.010679
5727,0.023269
5728,0.020766
5729,-0.005718
5730,-0.029421
5731,-0.032555
5732,-0.004387
5733,0.005941
5734,0.033056
5735,0.057957
5736,0.055472
5737,0.027355
5738,-0.026700
5739,-0.012837
5740,0.049794
5741,0.046050
5742,0.013768
5743,0.011916
5744,-0.057093
5745,-0.074372
5746,-0.051265
5747,-0.099363
5748,-0.067876
5749,-0.011490
5750,0.013776
5751,0.053899
5752,0.074461
5753,0.066749
5754,0.003073
5755,-0.092925
5756,-0.074738
5757,0.018739
5758,0.039113
5759,0.060852
5760,0.010795
5761,-0.062290
5762,-0.011795
5763,0.007542
5764,0.039106
5765,0.042154
5766,0.043004
5767,0.010346
5768,-0.005021
5769,-0.007462
5770,0.028760
5771,0.047401
5772,-0.019678
5773,-0.021862
5774,-0.022656
5775,-0.045669
5776,-0.087564
5777,-0.100570
5778,-0.051312
5779,-0.006664
5780,0.036286
5781,0.033756
5782,0.049471
5783,0.068107
5784,0.064988
5785,0.092526
5786,0.049485
5787,0.020735
5788,-0.048442
5789,0.020626
5790,0.095022
5791,0.066489
5792,0.051198
5793,0.054962
5794,0.009682
5795,-0.019048
5796,-0.079178
5797,-0.082114
5798,-0.094905
5799,-0.043310
5800,0.007486
5801,0.031006
5802,0.000635
5803,0.105731
5804,0.148075
5805,0.014794
5806,-0.006239
5807,-0.022242
5808,-0.075593
5809,-0.093367
5810,-0.048877
5811,0.014309
5812,0.051591
5813,0.064103
5814,0.012541
5815,-0.009932
5816,-0.041231
5817,-0.018503
5818,-0.021853
5819,-0.052439
5820,-0.013898
5821,-0.033534
5822,0.024256
5823,0.071214
5824,0.051098
5825,0.096001
5826,0.061110
5827,-0.020422
5828,-0.052833
5829,-0.073338
5830,-0.083110
5831,-0.082194
5832,-0.031218
5833,-0.038184
5834,0.032449
5835,0.060610
5836,0.048106
5837,0.001149
5838,0.006215
5839,112.117409
5840,182.506104
5841,1.921939
5842,1549.724487
5843,381.823334
5844,-3.113526
5845,-28.555210
5846,-37.747025
5847,-34.446758
5848,-14.468658
5849,25.182896
5850,49.838097
5851,46.281952
5852,5.237396
5853,-29.057930
5854,-23.595634
5855,-18.168066
5856,-21.445177
5857,-39.472076
5858,-13.886862
5859,24.993919
5860,43.655312
5861,54.508106
5862,28.714062
5863,-9.811529
5864,-38.950245
5865,-51.930767
5866,-36.646004
5867,-18.598555
5868,3.583499
5869,30.348188
5870,54.697811
5871,38.054798
5872,18.766071
5873,-6.060366
5874,-38.778446
5875,-30.785776
5876,-10.638217
5877,-5.669809
5878,-4.393631
5879,-7.349044
5880,3.307362
5881,20.033285
5882,33.847591
5883,27.523966
5884,8.804400
5885,-19.755705
5886,-42.774410
5887,-34.074734
5888,-13.457130
5889,-2.514761
5890,9.247695
5891,29.940163
5892,30.590683
5893,0.074993
5894,0.020627
5895,-0.012289
5896,0.018269
5897,0.031339
5898,-0.007435
5899,-0.013916
5900,-0.041220
5901,-0.016074
5902,0.011022
5903,-0.026761
5904,-0.027603
5905,-0.021253
5906,-0.018901
5907,-0.022640
5908,-0.054174
5909,-0.001761
5910,-0.006678
5911,0.033793
5912,0.031399
5913,0.022470
5914,0.056275
5915,0.039008
5916,-0.022683
5917,-0.024523
5918,-0.013992
5919,0.011106
5920,0.007019
5921,0.013023
5922,0.025131
5923,0.043280
5924,-0.015903
5925,-0.075576
5926,-0.048467
5927,0.002960
5928,0.044317
5929,0.056200
5930,0.068310
5931,-0.008757
5932,-0.049318
5933,-0.073344
5934,-0.069764
5935,-0.074072
5936,-0.020803
5937,0.031316
5938,0.048470
5939,0.036899
5940,0.024674
5941,0.026757
5942,0.018737
5943,109.775177
5944,185.756210
5945,1.874948
5946,1538.086548
5947,360.880249
5948,2.475656
5949,-8.836831
5950,-19.979815
5951,-25.320030
5952,-9.004778
5953,11.148368
5954,17.738052
5955,2.393122
5956,-8.224007
5957,-11.145658
5958,-8.931116
5959,23.240082
5960,30.309462
5961,-0.061790
5962,-16.486673
5963,-29.618454
5964,-23.624729
5965,-9.964324
5966,16.463741
5967,31.930141
5968,23.944452
5969,4.756526
5970,-5.445640
5971,1.122449
5972,-6.218249
5973,-15.440865
5974,-2.293740
5975,0.200007
5976,5.247571
5977,20.088173
5978,9.317753
5979,-11.927673
5980,-13.802402
5981,-11.719982
5982,-16.308458
5983,-12.219769
5984,3.336492
5985,23.292946
5986,16.378279
5987,-5.947076
5988,-23.512114
5989,-32.638603
5990,-10.487933
5991,17.772966
5992,13.382911
5993,-1.219056
5994,-1.747716
5995,6.178254
5996,4.532090
5997,-0.003158
5998,-0.000775
5999,-0.013887
6000,-0.051409
6001,-0.032246
6002,-0.011564
6003,-0.029268
6004,0.002805
6005,0.042738
6006,0.046700
6007,0.014779
6008,0.003425
6009,-0.020868
6010,-0.004676
6011,0.018900
6012,-0.003280
6013,-0.012224
6014,-0.017229
6015,-0.024252
6016,0.038641
6017,0.046121
6018,-0.005942
6019,-0.022945
6020,-0.030161
6021,0.013681
6022,0.037454
6023,-0.062923
6024,-0.069375
6025,-0.008565
6026,0.016737
6027,0.045477
6028,0.061985
6029,0.033401
6030,0.007126
6031,-0.036216
6032,-0.070130
6033,-0.081666
6034,-0.017491
6035,0.042831
6036,0.083294
6037,0.070343
6038,0.016470
6039,0.014583
6040,-0.043013
6041,-0.060095
6042,-0.063442
6043,-0.048117
6044,0.015065
6045,0.040816
6046,0.035707
6047,0.049409
6048,0.004565
6049,-0.016807
6050,-0.006178
6051,-0.062042
6052,-0.025831
6053,0.018109
6054,0.024322
6055,0.040464
6056,0.018673
6057,0.025391
6058,-0.012137
6059,-0.015638
6060,-0.037343
6061,-0.058841
6062,-0.005996
6063,-0.019315
6064,-0.017320
6065,0.003112
6066,0.000811
6067,-0.002023
6068,0.019670
6069,0.035284
6070,0.052624
6071,0.015913
6072,0.012942
6073,-0.000757
6074,-0.027738
6075,-0.007832
6076,-0.014422
6077,-0.012114
6078,0.043015
6079,0.048776
6080,0.025504
6081,-0.011504
6082,-0.054835
6083,-0.035934
6084,-0.017479
6085,-0.022539
6086,0.019630
6087,0.051344
6088,0.030372
6089,0.015472
6090,0.015615
6091,0.010674
6092,-0.007036
6093,-0.024387
6094,-0.031472
6095,-0.033467
6096,-0.009803
6097,-0.021327
6098,-0.007178
6099,-0.068839
6100,-0.052268
6101,0.055896
6102,0.056655
6103,0.079773
6104,0.033744
6105,-0.003197
6106,0.023817
6107,0.007891
6108,-0.018096
6109,-0.042840
6110,-0.066625
6111,-0.028262
6112,-0.009818
6113,-0.011623
6114,-0.011566
6115,0.026007
6116,0.061365
6117,0.058025
6118,0.033466
6119,0.030292
6120,0.017569
6121,-0.037294
6122,-0.072590
6123,-0.027670
6124,0.000200
6125,-0.000894
6126,0.021678
6127,0.031888
6128,0.047847
6129,0.007287
6130,-0.025792
6131,0.002481
6132,-0.004788
6133,0.000167
6134,-0.017051
6135,-0.040626
6136,-0.031465
6137,-0.055551
6138,-0.068047
6139,-0.045353
6140,-0.006206
6141,0.015931
6142,-0.011036
6143,0.045883
6144,0.048264
6145,0.026165
6146,0.040832
6147,105.180817
6148,192.131424
6149,1.782774
6150,1520.944214
6151,312.841156
6152,-5.083803
6153,18.401518
6154,10.246741
6155,-4.079536
6156,-15.576650
6157,-10.871354
6158,-3.374256
6159,-4.483712
6160,10.031176
6161,9.560526
6162,-1.711033
6163,14.192533
6164,19.048946
6165,3.986620
6166,-5.311625
6167,-7.965436
6168,-21.707710
6169,-7.072984
6170,21.790848
6171,32.556561
6172,18.364405
6173,-4.782534
6174,-8.714202
6175,5.307726
6176,5.200300
6177,-15.214468
6178,-19.096596
6179,-24.801767
6180,-6.487308
6181,15.154591
6182,14.670534
6183,9.398475
6184,-15.123564
6185,-40.137981
6186,-32.530384
6187,-8.277323
6188,1.175195
6189,12.649548
6190,28.468594
6191,28.236115
6192,21.178764
6193,27.545582
6194,30.710020
6195,16.470154
6196,-4.779368
6197,-30.075174
6198,-48.442833
6199,-41.679195
6200,-17.634798
6201,0.012442
6202,0.001400
6203,-0.016169
6204,0.005671
6205,0.043249
6206,0.021150
6207,-0.036642
6208,-0.083139
6209,-0.040558
6210,-0.005261
6211,-0.005032
6212,-0.019830
6213,-0.075903
6214,-0.013560
6215,0.102002
6216,0.130764
6217,0.094174
6218,0.092084
6219,0.047462
6220,0.025862
6221,-0.000416
6222,-0.028385
6223,-0.046122
6224,-0.081839
6225,-0.132624
6226,-0.136467
6227,-0.090187
6228,0.012163
6229,0.088742
6230,0.096412
6231,0.038601
6232,0.051008
6233,0.018610
6234,-0.038933
6235,-0.073058
6236,-0.043214
6237,0.006530
6238,0.036632
6239,0.025263
6240,-0.021799
6241,-0.025526
6242,-0.018438
6243,-0.037567
6244,-0.010906
6245,0.039432
6246,0.013712
6247,0.004842
6248,-0.008884
6249,-0.008606
6250,0.004545
6251,0.017919
6252,0.003017
6253,0.029730
6254,0.050295
6255,0.037247
6256,-0.007892
6257,0.039625
6258,0.050656
6259,-0.022479
6260,-0.064744
6261,-0.051332
6262,-0.026361
6263,-0.064622
6264,-0.034529
6265,0.009691
6266,0.019131
6267,0.003449
6268,-0.031826
6269,0.008848
6270,0.032837
6271,-0.066505
6272,-0.020147
6273,0.022417
6274,0.050085
6275,0.044893
6276,0.012278
6277,-0.001670
6278,-0.035108
6279,-0.013376
6280,0.014091
6281,0.003332
6282,-0.003691
6283,0.034302
6284,0.024933
6285,0.001235
6286,-0.022241
6287,-0.007816
6288,-0.021639
6289,-0.033646
6290,0.008474
6291,0.002220
6292,0.041646
6293,0.065457
6294,-0.001440
6295,-0.000010
6296,-0.041342
6297,-0.011490
6298,0.010699
6299,-0.016933
6300,-0.021364
6301,-0.011478
6302,-0.012681
6303,-0.026482
6304,0.020865
6305,0.041266
6306,0.044384
6307,0.074350
6308,0.026689
6309,0.001183
6310,0.012032
6311,-0.022152
6312,-0.025802
6313,-0.065993
6314,-0.068374
6315,-0.046100
6316,-0.048640
6317,0.005954
6318,-0.015641
6319,-0.019101
6320,0.035294
6321,0.074169
6322,0.090361
6323,0.069525
6324,0.027422
6325,-0.043717
6326,-0.027637
6327,0.002884
6328,0.007817
6329,0.001369
6330,-0.042295
6331,-0.098818
6332,-0.059184
6333,-0.032902
6334,0.029367
6335,0.075712
6336,0.094762
6337,0.119197
6338,0.068281
6339,0.007310
6340,-0.073232
6341,-0.085318
6342,-0.080328
6343,-0.056013
6344,0.026978
6345,0.018166
6346,-0.001244
6347,0.002356
6348,0.007096
6349,0.000371
6350,0.009177
6351,-0.035054
6352,-0.004766
6353,-0.021319
6354,-0.048784
6355,-0.033547
6356,0.015719
6357,-0.017278
6358,-0.011444
6359,0.037602
6360,0.080832
6361,0.067436
6362,0.038486
6363,0.013113
6364,-0.054105
6365,-0.039446
6366,-0.018817
6367,-0.010673
6368,0.016798
6369,0.008155
6370,-0.013764
6371,0.011330
6372,0.045801
6373,0.008575
6374,-0.008721
6375,0.001632
6376,0.035573
6377,-0.027192
6378,-0.051109
6379,-0.016440
6380,-0.012427
6381,-0.027722
6382,0.002213
6383,-0.007083
6384,0.014560
6385,0.029763
6386,-0.014726
6387,-0.010844
6388,-0.002525
6389,-0.002984
6390,-0.034870
6391,-0.041622
6392,0.026261
6393,0.037712
6394,0.017709
6395,0.040420
6396,0.035130
6397,-0.011173
6398,-0.056362
6399,-0.041551
6400,-0.048232
6401,-0.048649
6402,-0.028240
6403,-0.012058
6404,-0.021146
6405,0.035992
6406,0.060392
6407,0.077110
6408,0.089181
6409,0.080214
6410,0.011421
6411,-0.079084
6412,-0.070304
6413,-0.011887
6414,-0.006321
6415,0.041853
6416,0.062550
6417,0.006748
6418,-0.004517
6419,-0.033984
6420,-0.039968
6421,-0.008583
6422,-0.022270
6423,-0.012776
6424,0.031314
6425,0.038373
6426,0.010349
6427,-0.008153
6428,-0.014912
6429,-0.081936
6430,-0.005575
6431,0.022882
6432,-0.025781
6433,-0.013174
6434,0.038248
6435,0.037864
6436,0.024054
6437,0.007928
6438,-0.002613
6439,-0.066252
6440,-0.123984
6441,-0.017269
6442,0.035462
6443,0.083518
6444,0.088602
6445,0.075248
6446,0.033866
6447,-0.048050
6448,-0.020521
6449,0.006957
6450,-0.019177
6451,-0.041267
6452,-0.036465
6453,-0.029109
6454,-0.044176
6455,-0.047816
6456,0.000950
6457,0.029523
6458,0.064860
6459,0.054393
6460,0.048578
6461,-0.001843
6462,-0.027932
6463,-0.035721
6464,-0.037452
6465,0.008712
6466,0.011090
6467,0.017269
6468,0.014349
6469,-0.011376
6470,-0.004576
6471,0.017022
6472,-0.051474
6473,-0.097700
6474,-0.042590
6475,-0.017917
6476,-0.000380
6477,0.051612
6478,0.024615
6479,0.032911
6480,0.065733
6481,0.068107
6482,0.037175
6483,-0.014174
6484,-0.017142
6485,-0.028356
6486,-0.069625
6487,-0.064610
6488,-0.054370
6489,-0.075416
6490,-0.054775
6491,0.005699
6492,0.099576
6493,0.125164
6494,0.069829
6495,0.002092
6496,-0.006908
6497,-0.010131
6498,-0.023700
6499,-0.040419
6500,-0.040203
6501,97.208237
6502,203.194290
6503,1.622825
6504,1480.454346
6505,318.906860
6506,10.545092
6507,2.034317
6508,-3.697555
6509,-3.078381
6510,-16.778902
6511,-36.275372
6512,-32.538738
6513,-26.090067
6514,-19.621847
6515,4.305442
6516,28.771212
6517,30.969694
6518,21.156591
6519,18.224352
6520,19.204823
6521,8.541531
6522,-25.975292
6523,-22.390282
6524,-14.162825
6525,-14.814275
6526,-10.629206
6527,8.038802
6528,22.882538
6529,36.664619
6530,23.900381
6531,5.407344
6532,-3.706690
6533,-27.358244
6534,-38.409336
6535,-36.918190
6536,-28.468235
6537,1.664518
6538,30.702364
6539,42.338844
6540,11.614797
6541,7.415964
6542,21.748728
6543,-6.817781
6544,-19.828577
6545,-6.365333
6546,-20.470831
6547,-33.250793
6548,-14.399816
6549,11.201216
6550,40.643021
6551,48.646698
6552,13.325603
6553,-11.144409
6554,-12.111917
6555,-0.005363
6556,-0.036309
6557,0.011518
6558,0.008975
6559,0.037936
6560,0.018148
6561,0.040036
6562,0.060425
6563,0.014789
6564,-0.028867
6565,0.001348
6566,0.001371
6567,-0.048896
6568,-0.064635
6569,-0.021978
6570,-0.018839
6571,-0.021313
6572,-0.018315
6573,-0.016196
6574,0.025000
6575,0.050205
6576,0.058033
6577,0.033231
6578,0.028552
6579,-0.030622
6580,-0.059467
6581,-0.054931
6582,-0.035702
6583,-0.034439
6584,-0.012082
6585,0.013033
6586,0.053307
6587,0.048831
6588,0.001704
6589,-0.004115
6590,-0.023686
6591,0.006560
6592,0.033876
6593,-0.013478
6594,-0.021339
6595,0.016613
6596,-0.037710
6597,-0.024526
6598,-0.034844
6599,-0.019855
6600,0.020132
6601,0.019451
6602,0.048271
6603,0.023730
6604,-0.020038
6605,-0.035061
6606,-0.065918
6607,-0.033751
6608,0.006442
6609,0.021892
6610,0.048507
6611,0.026159
6612,-0.002602
6613,-0.043221
6614,-0.050579
6615,-0.021815
6616,0.012430
6617,0.025746
6618,0.085202
6619,0.051580
6620,0.013503
6621,-0.003199
6622,-0.032694
6623,-0.024349
6624,0.000995
6625,-0.012750
6626,0.002099
6627,-0.031566
6628,-0.002306
6629,-0.002173
6630,-0.002399
6631,0.017191
6632,-0.020831
6633,-0.060726
6634,-0.044013
6635,-0.038668
6636,0.036815
6637,0.080991
6638,0.061513
6639,0.033584
6640,-0.003152
6641,-0.033879
6642,-0.007074
6643,0.005314
6644,-0.027905
6645,-0.022117
6646,0.004660
6647,0.014355
6648,0.027313
6649,0.032046
6650,0.024735
6651,0.021667
6652,-0.055813
6653,-0.066858
6654,-0.009844
6655,0.003485
6656,-0.018970
6657,-0.010936
6658,0.033774
6659,-0.004513
6660,-0.003382
6661,0.006806
6662,-0.012420
6663,0.024832
6664,0.009936
6665,-0.026276
6666,-0.048478
6667,-0.056127
6668,-0.074404
6669,-0.004466
6670,0.052652
6671,0.065170
6672,0.054044
6673,0.061445
6674,0.051655
6675,0.017182
6676,0.018467
6677,-0.027282
6678,-0.051259
6679,-0.049773
6680,-0.046893
6681,-0.049376
6682,-0.022439
6683,0.029465
6684,0.044002
6685,0.040325
6686,0.004754
6687,-0.005030
6688,-0.038654
6689,-0.010811
6690,-0.007447
6691,0.026293
6692,0.030490
6693,0.052267
6694,0.040409
6695,-0.005494
6696,-0.010858
6697,-0.039703
6698,-0.005263
6699,0.006759
6700,-0.028846
6701,-0.078801
6702,-0.045650
6703,0.001277
6704,0.021872
6705,0.038809
6706,0.061430
6707,0.083198
6708,0.053511
6709,-0.008104
6710,-0.050885
6711,-0.060381
6712,-0.031976
6713,-0.051387
6714,-0.054694
6715,-0.025012
6716,-0.025339
6717,-0.015612
6718,0.037627
6719,0.069356
6720,0.056269
6721,-0.005130
6722,0.009552
6723,0.015189
6724,0.018547
6725,0.057172
6726,-0.003527
6727,0.004416
6728,0.006857
6729,-0.011482
6730,-0.008944
6731,-0.014013
6732,-0.008755
6733,-0.015301
6734,-0.023413
6735,-0.071465
6736,-0.062083
6737,-0.048092
6738,0.001092
6739,0.006615
6740,0.017335
6741,0.060519
6742,-0.016198
6743,-0.057983
6744,0.007891
6745,0.001767
6746,0.004523
6747,0.051357
6748,0.066711
6749,0.072032
6750,0.024274
6751,-0.039043
6752,-0.047816
6753,-0.013641
6754,-0.036177
6755,-0.020171
6756,-0.020427
6757,0.010037
6758,-0.001769
6759,-0.011112
6760,0.004395
6761,-0.001582
6762,0.012547
6763,0.022193
6764,0.056295
6765,0.069036
6766,0.015404
6767,-0.012701
6768,-0.023076
6769,-0.043798
6770,-0.001343
6771,-0.050735
6772,-0.049775
6773,-0.021170
6774,0.040627
6775,0.096953
6776,0.015348
6777,-0.002575
6778,-0.005559
6779,-0.043908
6780,-0.025963
6781,0.011688
6782,0.005660
6783,-0.020095
6784,0.022206
6785,0.028132
6786,-0.008270
6787,-0.011469
6788,-0.035560
6789,0.012383
6790,0.047562
6791,-0.001550
6792,-0.033199
6793,-0.012629
6794,0.027233
6795,0.048039
6796,0.033280
6797,-0.042826
6798,-0.055392
6799,-0.032186
6800,-0.054747
6801,0.005105
6802,0.019067
6803,0.035085
6804,0.039465
6805,0.029266
6806,-0.001927
6807,-0.000435
6808,-0.057068
6809,-0.038773
6810,-0.016665
6811,-0.017705
6812,0.021913
6813,0.023770
6814,0.036081
6815,0.048415
6816,0.056551
6817,0.017963
6818,-0.025122
6819,-0.032857
6820,-0.012097
6821,-0.002647
6822,0.011253
6823,-0.031257
6824,-0.026653
6825,0.009253
6826,-0.001320
6827,0.000563
6828,-0.025992
6829,-0.064304
6830,-0.059589
6831,-0.006779
6832,0.083471
6833,0.071769
6834,0.007960
6835,-0.011717
6836,-0.008812
6837,-0.012687
6838,-0.003805
6839,0.005003
6840,0.033989
6841,0.003593
6842,-0.008454
6843,-0.027199
6844,-0.036593
6845,-0.032954
6846,-0.031038
6847,-0.020013
6848,0.027148
6849,0.043795
6850,0.037592
6851,0.052788
6852,0.082889
6853,0.002831
6854,-0.021140
6855,-0.052902
6856,-0.099437
6857,-0.065591
6858,0.013676
6859,0.069816
6860,0.065343
6861,0.068265
6862,0.063153
6863,-0.084196
6864,-0.110083
6865,-0.064834
6866,-0.024215
6867,0.004416
6868,0.085087
6869,0.110010
6870,0.045579
6871,-0.051607
6872,-0.065473
6873,-0.035112
6874,0.027902
6875,0.026626
6876,-0.018505
6877,-0.022362
6878,-0.024145
6879,-0.012238
6880,-0.009367
6881,0.013827
6882,0.050654
6883,0.017494
6884,0.014402
6885,0.040873
6886,0.006474
6887,0.013933
6888,-0.014917
6889,-0.013802
6890,-0.047368
6891,-0.034418
6892,-0.028717
6893,-0.011140
6894,-0.012085
6895,0.000159
6896,0.005200
6897,0.057221
6898,0.008679
6899,-0.030542
6900,-0.009969
6901,-0.012954
6902,0.022953
6903,0.022392
6904,0.045456
6905,0.071777
6906,0.070537
6907,0.022717
6908,-0.059468
6909,-0.102558
6910,-0.054581
6911,-0.044011
6912,-0.021922
6913,-0.014689
6914,-0.058252
6915,-0.069328
6916,-0.034300
6917,0.028165
6918,0.053796
6919,0.060197
6920,0.080318
6921,0.023317
6922,0.028999
6923,0.051145
6924,-0.006248
6925,-0.023565
6926,-0.002142
6927,0.001950
6928,-0.016257
6929,-0.041125
6930,0.011746
6931,0.026272
6932,0.016972
6933,0.036462
6934,0.011335
6935,-0.064608
6936,0.021230
6937,0.021608
6938,0.021165
6939,0.027132
6940,-0.073771
6941,-0.057213
6942,-0.075612
6943,-0.032300
6944,-0.006569
6945,0.005178
6946,0.009567
6947,0.017251
6948,0.018936
6949,0.042309
6950,0.030344
6951,-0.013367
6952,0.025057
6953,0.033401
6954,-0.008019
6955,-0.013832
6956,-0.009653
6957,-0.054643
6958,-0.026509
6959,0.020430
6960,0.055032
6961,0.039637
6962,0.034507
6963,0.028935
6964,-0.015569
6965,-0.075757
6966,-0.095890
6967,-0.025191
6968,0.016355
6969,-0.029467
6970,-0.065998
6971,-0.017590
6972,0.004992
6973,0.065435
6974,0.063010
6975,0.012913
6976,-0.016814
6977,-0.038525
6978,-0.021192
6979,0.034355
6980,0.044718
6981,0.080455
6982,0.056007
6983,0.012517
6984,0.006268
6985,-0.028258
6986,-0.077117
6987,-0.037423
6988,0.023619
6989,0.010931
6990,-0.016134
6991,-0.024554
6992,-0.022507
6993,0.044082
6994,0.039670
6995,0.081114
6996,0.027545
6997,-0.072252
6998,-0.082330
6999,-0.078410
7000,-0.057533
7001,0.023040
7002,0.066342
7003,0.067903
7004,0.050467
7005,-0.014775
7006,-0.036619
7007,0.023550
7008,0.018612
7009,0.008088
7010,-0.026724
7011,-0.054425
7012,-0.062349
7013,-0.049874
7014,-0.001782
7015,0.052573
7016,0.052489
7017,-0.007079
7018,-0.027062
7019,-0.014579
7020,-0.011141
7021,0.006347
7022,0.053191
7023,0.019800
7024,-0.044516
7025,-0.052183
7026,0.000225
7027,-0.017777
7028,-0.008432
7029,0.065275
7030,0.066891
7031,0.038811
7032,-0.002855
7033,-0.010938
7034,-0.042091
7035,-0.044131
7036,-0.013169
7037,0.035653
7038,0.033671
7039,0.025419
7040,-0.053754
7041,-0.044550
7042,-0.060864
7043,0.003114
7044,0.071810
7045,0.028441
7046,0.024696
7047,0.031768
7048,-0.002107
7049,-0.052926
7050,-0.072598
7051,-0.016584
7052,-0.015861
7053,-0.033952
7054,0.014106
7055,0.022529
7056,0.009869
7057,0.031099
7058,-0.040846
7059,-0.057676
7060,-0.007258
7061,-0.003226
7062,0.006789
7063,0.066753
7064,0.056749
7065,0.073210
7066,0.033278
7067,-0.024391
7068,-0.037887
7069,-0.036688
7070,-0.013203
7071,0.013779
7072,0.049624
7073,0.035537
7074,-0.053137
7075,-0.056580
7076,-0.050123
7077,-0.024362
7078,0.041077
7079,0.034731
7080,-0.013433
7081,-0.004726
7082,0.023998
7083,-0.026667
7084,0.010314
7085,0.010043
7086,-0.008739
7087,0.031136
7088,-0.011981
7089,0.002546
7090,-0.006916
7091,-0.049001
7092,-0.030650
7093,-0.030459
7094,0.014466
7095,0.031903
7096,-0.006594
7097,-0.043574
7098,0.038033
7099,-0.005637
7100,-0.007936
7101,0.001494
7102,-0.005132
7103,0.038946
7104,-0.027896
7105,-0.024387
7106,-0.002667
7107,-0.032172
7108,0.023883
7109,0.094528
7110,0.041506
7111,-0.013742
7112,-0.028697
7113,-0.072822
7114,-0.078712
7115,-0.014400
7116,0.008374
7117,0.061707
7118,0.072885
7119,0.087569
7120,0.070964
7121,0.055365
7122,-0.065093
7123,-0.094692
7124,-0.077099
7125,-0.078184
7126,-0.036212
7127,-0.023206
7128,-0.020169
7129,0.078861
7130,0.077782
7131,0.033383
7132,0.000970
7133,-0.040483
7134,-0.003198
7135,0.011032
7136,0.017812
7137,0.036615
7138,-0.019174
7139,-0.055559
7140,-0.053410
7141,-0.034231
7142,-0.010260
7143,0.010857
7144,0.069803
7145,0.098008
7146,0.065138
7147,0.051645
7148,0.024069
7149,-0.044286
7150,-0.038338
7151,-0.013322
7152,-0.036475
7153,-0.090859
7154,-0.081990
7155,-0.041881
7156,0.010338
7157,0.043604
7158,0.029517
7159,0.006931
7160,-0.002300
7161,0.017720
7162,0.007265
7163,0.020737
7164,-0.003416
7165,-0.004086
7166,-0.001965
7167,0.014732
7168,0.011449
7169,0.027255
7170,0.069620
7171,0.042278
7172,-0.022588
7173,-0.090968
7174,-0.061678
7175,-0.052267
7176,0.007490
7177,0.065229
7178,0.016859
7179,-0.027857
7180,-0.064289
7181,-0.053356
7182,0.013977
7183,-0.010078
7184,-0.005646
7185,0.054547
7186,0.028332
7187,0.035493
7188,0.047716
7189,0.018411
7190,0.014145
7191,0.003848
7192,0.005587
7193,-0.051056
7194,-0.100442
7195,-0.066962
7196,-0.000767
7197,0.030279
7198,0.033104
7199,0.079268
7200,0.043297
7201,-0.035318
7202,-0.046288
7203,-0.046404
7204,-0.010687
7205,0.017400
7206,0.014346
7207,0.004595
7208,0.023943
7209,0.000263
7210,0.010587
7211,0.033734
7212,0.008486
7213,-0.005995
7214,0.000225
7215,-0.016885
7216,0.002934
7217,-0.013333
7218,-0.009608
7219,-0.008953
7220,-0.049348
7221,-0.005515
7222,-0.005149
7223,-0.010264
7224,0.075625
7225,0.054842
7226,-0.001357
7227,-0.000983
7228,-0.047234
7229,-0.065419
7230,0.016957
7231,0.030967
7232,0.003449
7233,-0.001194
7234,-0.075609
7235,-0.053446
7236,-0.030734
7237,-0.013370
7238,0.017808
7239,0.084820
7240,0.083931
7241,0.034119
7242,0.011920
7243,0.032271
7244,0.011264
7245,-0.020644
7246,0.019721
7247,-0.032640
7248,-0.080164
7249,-0.069004
7250,-0.038408
7251,-0.024277
7252,0.029369
7253,0.101648
7254,0.094927
7255,0.040881
7256,0.049016
7257,-0.023396
7258,-0.080469
7259,-0.048656
7260,-0.049774
7261,-0.007237
7262,-0.020074
7263,-0.014666
7264,0.019824
7265,-0.012140
7266,-0.063825
7267,-0.082217
7268,-0.006811
7269,0.089794
7270,0.079977
7271,0.076254
7272,0.051450
7273,0.009929
7274,0.021647
7275,-0.006180
7276,-0.071390
7277,-0.030054
7278,-0.039562
7279,-0.060024
7280,-0.020622
7281,-0.063458
7282,-0.062010
7283,-0.012712
7284,0.013926
7285,0.033972
7286,0.069842
7287,0.057397
7288,0.102381
7289,0.087508
7290,0.068144
7291,0.035062
7292,-0.044061
7293,-0.046805
7294,-0.080242
7295,-0.099959
7296,-0.042157
7297,0.046298
7298,0.087220
7299,0.060666
7300,0.027074
7301,-0.016372
7302,-0.046596
7303,-0.088352
7304,-0.102411
7305,79.101036
7306,228.320129
7307,1.259552
7308,1394.754761
7309,244.376770
7310,24.647669
7311,40.736618
7312,37.085346
7313,9.094815
7314,-18.771210
7315,-20.855703
7316,-6.282636
7317,5.872793
7318,10.301594
7319,11.236469
7320,-5.589695
7321,-16.453207
7322,-15.597160
7323,-25.182119
7324,-7.385489
7325,17.972448
7326,20.306231
7327,19.227121
7328,11.545430
7329,-6.127764
7330,-26.025129
7331,-54.173080
7332,-27.337397
7333,26.428133
7334,41.707500
7335,46.625771
7336,15.480567
7337,-7.005336
7338,-14.165791
7339,-31.341719
7340,-25.333645
7341,7.858412
7342,12.928398
7343,15.274277
7344,6.481985
7345,11.773612
7346,11.308537
7347,13.686179
7348,3.719281
7349,-17.134184
7350,-36.966305
7351,-35.076775
7352,-28.406719
7353,-2.050861
7354,15.505114
7355,12.291564
7356,15.061476
7357,15.492281
7358,4.125675
7359,-0.060869
7360,-0.025504
7361,-0.005004
7362,0.012298
7363,0.031486
7364,0.043559
7365,0.068551
7366,0.037523
7367,-0.000635
7368,0.005129
7369,-0.025889
7370,0.006042
7371,0.058946
7372,-0.013121
7373,-0.067088
7374,-0.035163
7375,-0.018477
7376,-0.001188
7377,0.032402
7378,0.070122
7379,0.042032
7380,-0.047162
7381,-0.074783
7382,-0.029805
7383,0.022413
7384,0.019330
7385,0.023631
7386,0.048390
7387,-0.010553
7388,-0.038568
7389,-0.011638
7390,-0.001489
7391,-0.006660
7392,0.051896
7393,0.039985
7394,0.025820
7395,0.002329
7396,-0.027982
7397,-0.023546
7398,-0.032289
7399,-0.075745
7400,-0.086248
7401,-0.113863
7402,-0.057306
7403,0.012270
7404,0.031906
7405,0.107765
7406,0.122809
7407,0.045234
7408,-0.003146
7409,0.005420
7410,0.016647
7411,0.044595
7412,0.014729
7413,-0.008057
7414,-0.051731
7415,-0.057078
7416,-0.062936
7417,-0.036927
7418,-0.035844
7419,-0.012969
7420,0.042083
7421,0.004555
7422,0.011843
7423,0.083545
7424,0.030236
7425,-0.000894
7426,-0.012023
7427,-0.018554
7428,0.029606
7429,-0.009938
7430,0.007052
7431,0.023943
7432,0.010795
7433,-0.021692
7434,-0.013853
7435,0.031040
7436,-0.003928
7437,-0.060637
7438,-0.078067
7439,-0.060669
7440,-0.015827
7441,0.048930
7442,0.108889
7443,0.080764
7444,0.074301
7445,-0.031150
7446,-0.086921
7447,-0.070701
7448,-0.030966
7449,-0.035509
7450,-0.040005
7451,-0.033840
7452,-0.005731
7453,0.063478
7454,0.088426
7455,0.115124
7456,0.062309
7457,0.027320
7458,-0.011584
7459,-0.059595
7460,-0.068183
7461,-0.086058
7462,-0.040046
7463,-0.017312
7464,0.015372
7465,-0.021240
7466,-0.015998
7467,0.000558
7468,0.050038
7469,0.061325
7470,0.061935
7471,0.001987
7472,0.008705
7473,-0.002804
7474,-0.040477
7475,-0.021143
7476,0.008640
7477,0.002500
7478,-0.018130
7479,-0.036995
7480,-0.015422
7481,0.008466
7482,0.059886
7483,0.041471
7484,-0.030349
7485,-0.048660
7486,-0.075277
7487,-0.095790
7488,-0.044859
7489,-0.026053
7490,0.089056
7491,0.097084
7492,0.067215
7493,0.028536
7494,0.006778
7495,0.002644
7496,0.004917
7497,0.005365
7498,-0.003462
7499,-0.049732
7500,-0.054874
7501,0.004509
7502,0.031925
7503,0.058788
7504,0.081991
7505,0.042386
7506,-0.017038
7507,-0.084683
7508,-0.053899
7509,-0.055701
7510,-0.073124
7511,-0.030982
7512,0.008462
7513,0.001641
7514,0.036458
7515,0.047301
7516,0.051528
7517,0.055291
7518,0.061678
7519,0.009373
7520,-0.037890
7521,-0.035642
7522,-0.052972
7523,-0.049455
7524,0.001042
7525,-0.008683
7526,0.036983
7527,0.019831
7528,-0.030141
7529,-0.088895
7530,-0.029177
7531,-0.011240
7532,0.033994
7533,0.078106
7534,0.074153
7535,0.011234
7536,-0.029824
7537,-0.005567
7538,-0.072300
7539,-0.056055
7540,0.008705
7541,0.099985
7542,0.092660
7543,0.031430
7544,-0.028281
7545,-0.056520
7546,-0.030327
7547,0.023957
7548,-0.016393
7549,-0.052281
7550,0.000519
7551,0.002244
7552,0.020668
7553,0.048674
7554,0.074591
7555,0.069622
7556,-0.016293
7557,-0.039935
7558,-0.046507
7559,-0.112949
7560,-0.104265
7561,-0.034199
7562,0.005823
7563,-0.009500
7564,-0.001414
7565,0.022326
7566,0.049857
7567,0.088992
7568,0.097953
7569,0.047234
7570,0.007605
7571,-0.030147
7572,-0.091374
7573,-0.081137
7574,-0.033248
7575,-0.013303
7576,0.067467
7577,0.070350
7578,-0.003877
7579,-0.015353
7580,-0.010236
7581,-0.041791
7582,-0.018422
7583,0.024582
7584,0.039844
7585,0.032726
7586,0.026195
7587,-0.002842
7588,-0.011664
7589,-0.007030
7590,-0.017479
7591,0.014277
7592,0.025652
7593,0.046668
7594,-0.011516
7595,-0.058652
7596,0.004920
7597,-0.013275
7598,-0.057231
7599,-0.069368
7600,-0.051021
7601,-0.003456
7602,0.031407
7603,0.047721
7604,0.048472
7605,0.002318
7606,-0.017281
7607,0.011768
7608,-0.018549
7609,-0.005753
7610,0.019007
7611,0.077036
7612,0.081625
7613,0.034405
7614,-0.037982
7615,-0.069376
7616,-0.075170
7617,-0.111404
7618,-0.014775
7619,0.053992
7620,0.049315
7621,0.000176
7622,-0.065426
7623,-0.067820
7624,-0.027873
7625,0.013994
7626,0.106935
7627,0.105541
7628,0.102618
7629,0.052347
7630,-0.035923
7631,-0.030485
7632,-0.071440
7633,-0.081505
7634,-0.059361
7635,-0.037275
7636,0.000883
7637,-0.010250
7638,-0.025488
7639,0.015541
7640,0.058798
7641,0.047950
7642,0.034689
7643,0.050137
7644,0.043942
7645,0.023088
7646,0.011763
7647,0.014077
7648,0.001989
7649,-0.056156
7650,-0.121533
7651,-0.095257
7652,-0.043908
7653,-0.030189
7654,-0.017422
7655,0.012122
7656,0.046652
7657,0.088590
7658,0.066219
7659,0.026902
7660,0.002118
7661,-0.014138
7662,-0.041431
7663,-0.005139
7664,-0.010818
7665,-0.023246
7666,0.007758
7667,0.023420
7668,0.062268
7669,0.039326
7670,0.036562
7671,0.059002
7672,-0.004272
7673,-0.068225
7674,-0.052040
7675,-0.053838
7676,-0.040197
7677,-0.043596
7678,-0.028371
7679,0.047581
7680,0.064285
7681,0.028835
7682,0.012511
7683,-0.031538
7684,0.002449
7685,0.035087
7686,0.030862
7687,-0.002157
7688,-0.019025
7689,-0.101290
7690,-0.083130
7691,-0.001273
7692,0.055822
7693,0.114270
7694,0.089013
7695,0.013637
7696,-0.017036
7697,-0.076724
7698,-0.073005
7699,0.000364
7700,0.004878
7701,0.002271
7702,0.046025
7703,-0.015275
7704,0.042596
7705,0.073826
7706,0.039618
7707,0.025163
7708,-0.060800
7709,70.002388
7710,240.945557
7711,1.077011
7712,1347.717041
7713,209.760849
7714,20.205908
7715,13.486468
7716,-2.760606
7717,-4.232715
7718,-0.519295
7719,-23.140095
7720,-38.702675
7721,-22.923412
7722,7.478738
7723,45.256989
7724,41.824799
7725,4.559906
7726,-5.497226
7727,13.117356
7728,11.086426
7729,-4.750180
7730,-37.954529
7731,-46.654385
7732,-29.615999
7733,-4.845245
7734,16.498861
7735,9.741287
7736,13.383969
7737,17.905682
7738,8.358578
7739,-5.554520
7740,-18.374853
7741,-3.852025
7742,21.401825
7743,37.379608
7744,39.242058
7745,21.403742
7746,-17.220577
7747,-42.486809
7748,-40.314342
7749,-23.323652
7750,-11.120083
7751,4.660162
7752,13.287571
7753,4.648728
7754,5.441648
7755,-13.931822
7756,0.168877
7757,25.282589
7758,19.275455
7759,26.968145
7760,22.671095
7761,6.325862
7762,-19.772720
7763,-0.063255
7764,-0.070326
7765,-0.076332
7766,-0.036568
7767,-0.009742
7768,0.064264
7769,0.056365
7770,0.052799
7771,0.017955
7772,-0.020842
7773,-0.016197
7774,0.014056
7775,-0.009006
7776,-0.017040
7777,-0.003410
7778,-0.033047
7779,-0.017451
7780,-0.011788
7781,-0.004833
7782,-0.051464
7783,-0.079933
7784,-0.009960
7785,-0.019375
7786,-0.009905
7787,0.046003
7788,0.048839
7789,0.081635
7790,0.075631
7791,0.036885
7792,-0.018938
7793,-0.067456
7794,-0.017789
7795,0.031196
7796,-0.014623
7797,-0.045338
7798,-0.020305
7799,0.016197
7800,-0.019417
7801,-0.019165
7802,0.023806
7803,0.020288
7804,-0.008396
7805,0.012986
7806,0.038830
7807,0.015616
7808,0.010198
7809,0.018016
7810,-0.000128
7811,-0.016428
7812,-0.016764
7813,-0.015893
7814,-0.049185
7815,-0.050075
7816,-0.031361
7817,-0.011575
7818,0.035012
7819,0.045966
7820,0.035541
7821,0.030393
7822,0.018814
7823,0.030319
7824,0.053539
7825,0.048869
7826,0.015691
7827,-0.049117
7828,-0.155336
7829,-0.105059
7830,-0.052567
7831,-0.001027
7832,0.090005
7833,0.079023
7834,0.086774
7835,0.001586
7836,-0.064542
7837,-0.032622
7838,-0.004204
7839,0.042119
7840,0.059952
7841,0.030710
7842,-0.019183
7843,-0.092685
7844,-0.112851
7845,-0.066166
7846,-0.059843
7847,0.019869
7848,0.117836
7849,0.067312
7850,0.027006
7851,0.011303
7852,0.043454
7853,0.054146
7854,-0.016826
7855,-0.022555
7856,-0.021926
7857,-0.019648
7858,-0.018764
7859,-0.016307
7860,-0.047857
7861,-0.075014
7862,0.004222
7863,0.110947
7864,0.057252
7865,-0.003401
7866,0.043520
7867,0.061742
7868,-0.021984
7869,-0.065191
7870,-0.076857
7871,-0.085445
7872,-0.031508
7873,-0.005300
7874,0.053443
7875,0.015311
7876,0.030467
7877,0.033989
7878,0.001110
7879,0.003693
7880,-0.011253
7881,0.021566
7882,0.070497
7883,0.106016
7884,0.047378
7885,-0.026302
7886,-0.034588
7887,0.006957
7888,-0.073891
7889,-0.167640
7890,-0.125298
7891,-0.090193
7892,-0.022555
7893,-0.004362
7894,0.049809
7895,0.020641
7896,0.058430
7897,0.098381
7898,0.122169
7899,0.107675
7900,0.027695
7901,-0.075404
7902,-0.129854
7903,-0.103140
7904,-0.034546
7905,0.004380
7906,0.004394
7907,-0.022754
7908,-0.015005
7909,-0.008937
7910,0.039454
7911,0.056802
7912,0.031250
7913,-0.012354
7914,-0.045185
7915,-0.108535
7916,-0.084832
7917,-0.027623
7918,0.027822
7919,0.063059
7920,0.036474
7921,0.010838
7922,0.007187
7923,-0.027791
7924,-0.001743
7925,0.039809
7926,0.002186
7927,-0.028947
7928,-0.043460
7929,-0.032588
7930,-0.005139
7931,-0.001202
7932,0.034052
7933,0.023213
7934,0.019039
7935,-0.015781
7936,-0.028511
7937,-0.024511
7938,-0.018809
7939,-0.009721
7940,0.011390
7941,0.019941
7942,0.054183
7943,0.067420
7944,0.082189
7945,0.056851
7946,-0.017768
7947,-0.042380
7948,-0.105141
7949,-0.108595
7950,-0.032779
7951,-0.038332
7952,-0.058356
7953,-0.048087
7954,-0.015623
7955,0.005582
7956,0.037701
7957,0.082447
7958,0.088747
7959,0.060681
7960,0.051107
7961,0.013871
7962,-0.018888
7963,-0.030075
7964,-0.015679
7965,-0.007178
7966,-0.016278
7967,-0.032314
7968,-0.020534
7969,0.013264
7970,0.044939
7971,-0.002873
7972,0.008155
7973,-0.011670
7974,-0.048950
7975,-0.041689
7976,-0.020817
7977,0.021695
7978,0.014952
7979,-0.000027
7980,0.008395
7981,-0.001066
7982,-0.023615
7983,-0.001833
7984,0.004707
7985,0.000240
7986,-0.043450
7987,-0.012382
7988,0.019121
7989,0.041454
7990,0.044820
7991,0.088087
7992,0.077365
7993,0.057553
7994,-0.033603
7995,-0.090748
7996,-0.075991
7997,-0.091196
7998,-0.054956
7999,-0.028402
8000,0.003815
8001,0.032723
8002,0.007331
8003,0.053530
8004,0.059184
8005,0.074152
8006,0.107287
8007,0.049998
8008,-0.042757
8009,-0.105266
8010,-0.031516
8011,-0.003754
8012,-0.024734
8013,-0.013527
8014,0.001422
8015,-0.039057
8016,0.008657
8017,0.031942
8018,-0.031360
8019,-0.029434
8020,-0.006316
8021,0.017694
8022,0.052924
8023,0.013629
8024,-0.012703
8025,-0.011645
8026,-0.004839
8027,-0.026646
8028,-0.031693
8029,-0.002728
8030,-0.005920
8031,-0.028464
8032,-0.039395
8033,-0.004694
8034,0.042235
8035,-0.015779
8036,-0.025313
8037,0.003465
8038,0.030850
8039,0.076458
8040,0.063227
8041,0.053953
8042,0.005535
8043,-0.031817
8044,-0.006683
8045,-0.043836
8046,-0.028028
8047,0.020083
8048,0.023918
8049,0.039819
8050,-0.002379
8051,-0.048463
8052,-0.054190
8053,-0.102853
8054,-0.088152
8055,-0.008482
8056,0.065984
8057,0.090790
8058,0.119285
8059,0.043928
8060,-0.047364
8061,-0.071188
8062,-0.102185
8063,-0.037563
8064,0.005595
8065,0.044079
8066,0.048202
8067,0.023226
8068,-0.016540
8069,-0.020789
8070,0.047422
8071,0.067116
8072,0.130112
8073,0.106960
8074,0.006259
8075,-0.074803
8076,-0.149212
8077,-0.120934
8078,-0.014699
8079,-0.034866
8080,-0.049608
8081,-0.043266
8082,-0.037039
8083,0.021189
8084,0.070625
8085,0.093240
8086,0.091030
8087,0.075342
8088,0.041929
8089,0.005729
8090,-0.012236
8091,0.003989
8092,-0.033390
8093,-0.053644
8094,-0.093230
8095,-0.083787
8096,-0.025643
8097,0.027449
8098,0.056745
8099,0.036343
8100,0.000158
8101,0.029214
8102,0.040667
8103,0.008466
8104,-0.018172
8105,-0.034062
8106,-0.037695
8107,-0.038832
8108,-0.056431
8109,-0.043510
8110,-0.027192
8111,-0.011378
8112,0.041486
8113,0.067511
8114,0.081611
8115,0.046861
8116,0.049010
8117,0.023649
8118,-0.019799
8119,-0.025658
8120,-0.059316
8121,-0.011508
8122,-0.016002
8123,0.016660
8124,0.033695
8125,-0.001351
8126,-0.048811
8127,-0.047367
8128,-0.044898
8129,-0.008984
8130,0.048326
8131,0.036880
8132,0.018065
8133,-0.002563
8134,-0.015740
8135,-0.019599
8136,0.007779
8137,0.032213
8138,0.058540
8139,0.050103
8140,0.042697
8141,-0.001077
8142,-0.035056
8143,-0.040657
8144,-0.015463
8145,-0.032101
8146,-0.007893
8147,-0.006142
8148,-0.024769
8149,-0.040321
8150,-0.033399
8151,-0.035520
8152,-0.012295
8153,-0.041741
8154,-0.005856
8155,0.097245
8156,0.061606
8157,0.054463
8158,0.065518
8159,0.003712
8160,-0.023148
8161,-0.004323
8162,-0.020185
8163,59.777672
8164,255.133530
8165,0.871879
8166,1302.447021
8167,155.138641
8168,7.127634
8169,13.779164
8170,17.102495
8171,9.753001
8172,9.576975
8173,14.794776
8174,-7.694273
8175,-26.599045
8176,-16.511448
8177,-11.945400
8178,-2.041023
8179,7.657177
8180,14.884328
8181,12.082173
8182,8.530978
8183,6.769371
8184,-1.641133
8185,-7.428792
8186,-4.549512
8187,5.425846
8188,16.733513
8189,14.175609
8190,-8.598076
8191,-43.867577
8192,-41.578903
8193,-6.960251
8194,39.079323
8195,55.186935
8196,20.844730
8197,-21.514408
8198,-36.728962
8199,-25.783260
8200,-21.702881
8201,-7.579272
8202,19.605846
8203,23.533360
8204,14.018606
8205,24.733961
8206,18.052074
8207,8.335648
8208,-9.682621
8209,-13.677409
8210,-17.918018
8211,-33.062229
8212,-25.209490
8213,-3.094487
8214,-4.203276
8215,3.256426
8216,34.975246
8217,-0.021700
8218,-0.013169
8219,0.002758
8220,-0.001573
8221,-0.051796
8222,-0.067138
8223,-0.032510
8224,0.021853
8225,0.063356
8226,0.067360
8227,0.047763
8228,0.069404
8229,0.049270
8230,0.002614
8231,-0.002986
8232,-0.021668
8233,-0.039758
8234,-0.112809
8235,-0.129552
8236,-0.057992
8237,-0.050102
8238,0.018184
8239,0.052900
8240,0.056278
8241,0.071532
8242,0.056446
8243,0.038451
8244,0.000325
8245,-0.067672
8246,-0.029817
8247,0.008408
8248,-0.008059
8249,-0.013109
8250,0.000518
8251,-0.006631
8252,0.000278
8253,0.023596
8254,0.012195
8255,0.012231
8256,-0.023798
8257,0.012774
8258,-0.039991
8259,-0.054331
8260,-0.027749
8261,0.009848
8262,0.043980
8263,0.085662
8264,0.059221
8265,0.002016
8266,-0.013388
8267,-0.014709
8268,-0.026129
8269,-0.009992
8270,-0.019082
8271,-0.002384
8272,0.023666
8273,0.034371
8274,-0.014181
8275,-0.011972
8276,-0.003772
8277,-0.047758
8278,-0.051815
8279,-0.039416
8280,0.039891
8281,0.064974
8282,-0.022845
8283,-0.039271
8284,-0.023412
8285,-0.031888
8286,0.007511
8287,0.024047
8288,0.021922
8289,-0.006184
8290,0.005806
8291,0.015159
8292,0.005030
8293,0.028272
8294,-0.036134
8295,-0.002725
8296,0.057172
8297,-0.003246
8298,0.057468
8299,0.038690
8300,-0.064315
8301,-0.048747
8302,-0.048235
8303,-0.042487
8304,-0.000647
8305,0.026837
8306,0.054851
8307,0.027640
8308,0.011871
8309,0.008622
8310,0.000883
8311,-0.011724
8312,0.001343
8313,-0.004083
8314,-0.003499
8315,-0.042617
8316,-0.048392
8317,0.001456
8318,0.020015
8319,0.008375
8320,-0.016642
8321,0.002628
8322,0.043770
8323,0.068999
8324,0.014558
8325,0.018378
8326,-0.013800
8327,-0.085201
8328,-0.074411
8329,-0.028861
8330,0.008219
8331,0.021656
8332,0.044108
8333,0.036235
8334,-0.014231
8335,-0.001936
8336,-0.011422
8337,0.005242
8338,-0.038324
8339,-0.039009
8340,-0.026322
8341,0.008350
8342,0.012265
8343,-0.010702
8344,0.033832
8345,0.024185
8346,0.018801
8347,0.040738
8348,0.073695
8349,0.088731
8350,0.039416
8351,-0.023373
8352,-0.061017
8353,-0.050331
8354,-0.052459
8355,-0.047313
8356,-0.024307
8357,-0.036906
8358,-0.020426
8359,0.003512
8360,0.030909
8361,0.010196
8362,0.027011
8363,0.029762
8364,0.016592
8365,-0.003879
8366,0.000787
8367,0.006076
8368,-0.026082
8369,-0.041084
8370,0.022163
8371,0.000015
8372,-0.010431
8373,-0.009038
8374,-0.036692
8375,-0.025924
8376,0.045975
8377,0.052025
8378,0.054591
8379,-0.026123
8380,-0.009251
8381,0.004977
8382,0.021107
8383,0.014931
8384,0.005498
8385,0.009368
8386,-0.007095
8387,-0.027885
8388,-0.026764
8389,-0.021636
8390,-0.019563
8391,-0.034174
8392,-0.012014
8393,0.007118
8394,-0.053912
8395,-0.037104
8396,0.024101
8397,0.053214
8398,0.053718
8399,0.022459
8400,0.002938
8401,0.001967
8402,0.025288
8403,-0.008335
8404,-0.000483
8405,-0.012221
8406,0.000682
8407,-0.033743
8408,-0.048145
8409,-0.045195
8410,-0.003981
8411,0.067877
8412,0.047888
8413,0.009825
8414,-0.005771
8415,-0.005421
8416,-0.028231
8417,0.038587
8418,0.000030
8419,-0.009419
8420,-0.029127
8421,-0.058146
8422,-0.040876
8423,-0.023472
8424,0.002027
8425,0.066370
8426,0.066362
8427,0.063817
8428,0.060495
8429,0.010364
8430,-0.027660
8431,-0.023456
8432,0.001753
8433,0.015359
8434,0.029913
8435,-0.042577
8436,-0.054520
8437,-0.049472
8438,-0.028777
8439,-0.000909
8440,0.025685
8441,0.019538
8442,0.051533
8443,0.025091
8444,-0.016550
8445,-0.012438
8446,-0.013729
8447,-0.020916
8448,-0.018362
8449,-0.032976
8450,-0.038840
8451,-0.031112
8452,-0.023597
8453,-0.023269
8454,0.009565
8455,-0.012011
8456,0.020047
8457,0.036819
8458,0.032645
8459,0.022123
8460,-0.004573
8461,0.017033
8462,0.008494
8463,0.016370
8464,0.051454
8465,-0.021854
8466,-0.031324
8467,0.022356
8468,0.024816
8469,0.053693
8470,0.006546
8471,-0.005319
8472,-0.032478
8473,-0.010331
8474,0.014295
8475,-0.022191
8476,-0.058892
8477,-0.038510
8478,-0.027276
8479,0.015443
8480,-0.004256
8481,0.014335
8482,0.015260
8483,0.060719
8484,0.063741
8485,0.037650
8486,0.050682
8487,-0.020746
8488,-0.076216
8489,-0.128716
8490,-0.120247
8491,-0.101480
8492,-0.038393
8493,0.010331
8494,0.071118
8495,0.096387
8496,0.106453
8497,0.051706
8498,-0.006742
8499,-0.042088
8500,-0.020161
8501,-0.017620
8502,0.006983
8503,0.014848
8504,-0.051429
8505,-0.091721
8506,-0.047176
8507,-0.029776
8508,0.025176
8509,0.076949
8510,0.072965
8511,0.073057
8512,0.041411
8513,-0.019653
8514,-0.059404
8515,-0.029707
8516,0.014082
8517,0.000277
8518,-0.034510
8519,0.052552
8520,0.071983
8521,0.038939
8522,0.012587
8523,-0.032712
8524,-0.054001
8525,-0.026622
8526,-0.006853
8527,0.047684
8528,-0.012103
8529,-0.045115
8530,-0.068256
8531,-0.050913
8532,-0.004229
8533,0.042812
8534,0.025462
8535,-0.036132
8536,-0.026593
8537,-0.024831
8538,0.026610
8539,0.038008
8540,0.010186
8541,-0.009798
8542,-0.021847
8543,-0.071167
8544,-0.037105
8545,0.031336
8546,0.032225
8547,0.040222
8548,0.026861
8549,0.034799
8550,0.002147
8551,-0.049930
8552,0.034119
8553,0.053313
8554,0.055143
8555,0.033640
8556,0.017545
8557,-0.049547
8558,-0.081347
8559,-0.073655
8560,-0.003465
8561,0.045089
8562,0.016191
8563,0.007179
8564,-0.057550
8565,-0.082065
8566,-0.034147
8567,0.003490
8568,0.026099
8569,0.043998
8570,0.103285
8571,0.087363
8572,0.088853
8573,0.082551
8574,0.024394
8575,-0.039664
8576,-0.092305
8577,-0.091556
8578,-0.063901
8579,-0.073014
8580,-0.065521
8581,-0.091482
8582,-0.043448
8583,-0.010233
8584,-0.015651
8585,0.068674
8586,0.084032
8587,0.079059
8588,0.068840
8589,0.009514
8590,-0.011161
8591,-0.037353
8592,-0.046302
8593,-0.000280
8594,0.012773
8595,0.036657
8596,-0.018477
8597,0.023362
8598,0.045310
8599,-0.020846
8600,-0.011530
8601,0.010450
8602,-0.001077
8603,0.003334
8604,-0.002730
8605,-0.048280
8606,-0.024669
8607,-0.058054
8608,-0.008706
8609,0.013454
8610,-0.002798
8611,0.001035
8612,0.021412
8613,0.036468
8614,0.034159
8615,0.024924
8616,-0.039286
8617,-0.056008
8618,-0.078155
8619,-0.013783
8620,0.051465
8621,0.068257
8622,0.070896
8623,-0.006129
8624,-0.063063
8625,-0.041410
8626,-0.028231
8627,-0.004304
8628,0.015514
8629,0.019738
8630,0.050609
8631,0.044752
8632,-0.006238
8633,-0.057933
8634,-0.044713
8635,-0.043972
8636,0.001334
8637,-0.003543
8638,-0.007627
8639,-0.018668
8640,0.011060
8641,0.016093
8642,0.028923
8643,0.022109
8644,0.038278
8645,0.018967
8646,-0.004140
8647,0.009375
8648,0.055094
8649,0.032186
8650,-0.033556
8651,-0.029089
8652,-0.045462
8653,-0.014936
8654,-0.001267
8655,0.022399
8656,0.013478
8657,-0.056666
8658,-0.059376
8659,-0.000323
8660,0.017058
8661,0.028149
8662,0.038194
8663,0.039678
8664,0.007530
8665,-0.038722
8666,-0.071556
8667,-0.035723
8668,-0.042270
8669,-0.045954
8670,0.015948
8671,0.058021
8672,0.062675
8673,0.077985
8674,0.071059
8675,0.067126
8676,-0.012907
8677,-0.008298
8678,-0.014017
8679,-0.044299
8680,-0.029290
8681,-0.032370
8682,-0.053066
8683,-0.005491
8684,-0.023183
8685,-0.021493
8686,-0.020910
8687,-0.021492
8688,-0.016831
8689,0.020619
8690,0.075444
8691,0.081299
8692,0.019126
8693,0.053312
8694,0.021045
8695,-0.058243
8696,-0.115491
8697,-0.110818
8698,0.009324
8699,0.081797
8700,0.097923
8701,0.073608
8702,-0.064398
8703,-0.051079
8704,-0.037140
8705,-0.040312
8706,0.013194
8707,0.069323
8708,0.052068
8709,-0.006671
8710,-0.022766
8711,-0.040040
8712,0.020469
8713,0.016410
8714,0.010209
8715,0.008692
8716,-0.027899
8717,-0.004551
8718,-0.044398
8719,-0.068403
8720,-0.019887
8721,0.058098
8722,0.104862
8723,0.074804
8724,-0.025532
8725,-0.005179
8726,-0.034733
8727,-0.038009
8728,-0.025950
8729,-0.041193
8730,-0.020601
8731,0.009651
8732,-0.001969
8733,-0.013539
8734,0.014641
8735,0.008345
8736,0.002453
8737,-0.004649
8738,-0.014548
8739,-0.010041
8740,0.003318
8741,0.009143
8742,0.043585
8743,0.056365
8744,0.021682
8745,0.035706
8746,0.017139
8747,-0.040787
8748,-0.076499
8749,-0.065118
8750,-0.055860
8751,-0.035818
8752,0.031257
8753,0.020841
8754,0.026359
8755,0.016501
8756,0.018615
8757,0.063449
8758,0.047993
8759,-0.012039
8760,-0.021209
8761,-0.010834
8762,-0.015685
8763,-0.017224
8764,0.035760
8765,0.006141
8766,0.015251
8767,0.046853
8768,-0.003444
8769,-0.045974
8770,-0.020213
8771,-0.030111
8772,-0.009333
8773,0.034393
8774,0.020783
8775,0.017882
8776,-0.081437
8777,-0.062395
8778,-0.077477
8779,-0.049510
8780,0.044296
8781,0.095641
8782,0.113357
8783,0.068824
8784,0.020032
8785,0.021666
8786,-0.012076
8787,-0.092341
8788,-0.102881
8789,-0.037992
8790,-0.018350
8791,-0.020410
8792,-0.017766
8793,0.018472
8794,0.063333
8795,0.074976
8796,0.065435
8797,0.003594
8798,-0.040458
8799,-0.041736
8800,-0.020206
8801,-0.010592
8802,-0.012899
8803,-0.005339
8804,-0.025034
8805,-0.008937
8806,-0.020208
8807,-0.010043
8808,0.017622
8809,0.022082
8810,0.032371
8811,0.042476
8812,0.008173
8813,-0.002872
8814,-0.057070
8815,-0.054809
8816,-0.017956
8817,-0.008414
8818,-0.005876
8819,0.020947
8820,0.009100
8821,0.007538
8822,0.027603
8823,0.022440
8824,0.041207
8825,0.047331
8826,-0.002397
8827,-0.048004
8828,-0.035438
8829,-0.007641
8830,0.001247
8831,-0.003785
8832,-0.000410
8833,0.030982
8834,0.041753
8835,-0.035260
8836,-0.044669
8837,-0.061954
8838,-0.004198
8839,0.044004
8840,0.056735
8841,0.015004
8842,-0.003780
8843,-0.039475
8844,-0.005629
8845,0.026759
8846,0.017463
8847,0.010671
8848,-0.009037
8849,-0.004374
8850,-0.060786
8851,-0.042360
8852,0.009380
8853,0.009894
8854,0.010019
8855,-0.011171
8856,0.013959
8857,0.062406
8858,0.051705
8859,-0.016896
8860,-0.028535
8861,-0.031634
8862,-0.049631
8863,-0.055740
8864,-0.042017
8865,0.018981
8866,0.022810
8867,0.067336
8868,0.053469
8869,-0.009882
8870,-0.024503
8871,-0.012772
8872,0.001076
8873,0.040540
8874,0.044907
8875,0.032652
8876,0.027224
8877,-0.006530
8878,-0.032945
8879,-0.047679
8880,-0.080619
8881,-0.094046
8882,-0.042859
8883,0.013688
8884,0.039701
8885,0.047103
8886,0.019736
8887,0.038659
8888,0.074572
8889,0.047750
8890,-0.004206
8891,-0.020314
8892,-0.020531
8893,-0.043313
8894,-0.045425
8895,-0.009153
8896,-0.013182
8897,-0.007085
8898,-0.014308
8899,0.012050
8900,0.027585
8901,0.066574
8902,0.062976
8903,0.038703
8904,-0.016816
8905,-0.067518
8906,-0.105088
8907,-0.095255
8908,-0.056034
8909,0.012962
8910,0.083361
8911,0.090291
8912,0.089643
8913,0.064276
8914,0.043430
8915,-0.019421
8916,-0.137645
8917,-0.134571
8918,-0.094554
8919,-0.022190
8920,0.070973
8921,0.083856
8922,0.079164
8923,0.052018
8924,-0.031481
8925,-0.040387
8926,-0.055496
8927,-0.035424
8928,0.053144
8929,0.076975
8930,0.048248
8931,0.027104
8932,-0.019209
8933,-0.030184
8934,-0.061106
8935,-0.070689
8936,-0.078507
8937,-0.042729
8938,0.017561
8939,0.053922
8940,0.040061
8941,0.014433
8942,0.002522
8943,0.029973
8944,0.004879
8945,0.045421
8946,0.037630
8947,0.057330
8948,0.015410
8949,-0.051827
8950,-0.057779
8951,-0.041547
8952,0.036989
8953,0.064671
8954,0.031876
8955,0.012919
8956,-0.012802
8957,-0.046630
8958,-0.108294
8959,-0.055223
8960,-0.000839
8961,-0.007072
8962,-0.004556
8963,0.065162
8964,0.077939
8965,0.001259
8966,-0.028097
8967,-0.020973
8968,0.003227
8969,-0.006381
8970,0.021705
8971,-0.009526
8972,-0.006729
8973,0.009674
8974,0.012200
8975,0.026693
8976,-0.011982
8977,-0.062126
8978,-0.022639
8979,-0.004659
8980,0.007925
8981,0.015875
8982,0.055063
8983,0.043173
8984,-0.009191
8985,-0.017892
8986,0.007006
8987,-0.023559
8988,-0.070889
8989,-0.033885
8990,0.020214
8991,0.013336
8992,0.018623
8993,0.012566
8994,0.002463
8995,-0.051521
8996,-0.019912
8997,0.022978
8998,0.004590
8999,0.026584
9000,0.021145
9001,-0.024484
9002,0.019568
9003,0.016345
9004,0.005246
9005,0.006855
9006,-0.000561
9007,-0.005265
9008,-0.028742
9009,-0.003943
9010,0.010598
9011,-0.038270
9012,-0.078428
9013,-0.032984
9014,-0.050647
9015,-0.011609
9016,-0.015221
9017,0.028416
9018,0.086602
9019,0.053256
9020,0.050067
9021,0.027156
9022,0.035662
9023,0.010402
9024,-0.008334
9025,0.017679
9026,-0.016539
9027,-0.049617
9028,-0.005389
9029,0.009351
9030,-0.019121
9031,-0.000001
9032,0.007758
9033,-0.026208
9034,-0.022534
9035,0.002229
9036,0.018975
9037,-0.013420
9038,-0.008863
9039,-0.021874
9040,-0.041299
9041,0.019447
9042,0.025185
9043,0.001166
9044,0.016773
9045,-0.008881
9046,-0.042008
9047,0.035706
9048,-0.005144
9049,0.034986
9050,0.101819
9051,0.030803
9052,0.014026
9053,-0.042184
9054,-0.072565
9055,-0.056434
9056,-0.017555
9057,0.009526
9058,0.019310
9059,0.006627
9060,-0.009672
9061,-0.007930
9062,0.024456
9063,0.037062
9064,0.042821
9065,-0.001883
9066,-0.026488
9067,-0.012908
9068,-0.019077
9069,-0.052022
9070,-0.025650
9071,-0.021998
9072,0.029157
9073,0.067369
9074,0.049949
9075,0.016956
9076,-0.009066
9077,-0.044612
9078,-0.042943
9079,-0.018595
9080,0.005385
9081,0.029121
9082,0.012579
9083,-0.016350
9084,0.044856
9085,0.024541
9086,0.025737
9087,-0.001159
9088,-0.035683
9089,-0.005094
9090,-0.001300
9091,-0.024574
9092,-0.050556
9093,-0.050107
9094,-0.008935
9095,0.044560
9096,-0.000930
9097,-0.075337
9098,-0.030874
9099,0.021208
9100,0.031455
9101,0.044349
9102,0.043017
9103,-0.004937
9104,-0.008082
9105,0.006054
9106,-0.033759
9107,-0.000183
9108,-0.013552
9109,0.002866
9110,0.032422
9111,-0.009358
9112,-0.017180
9113,-0.013517
9114,-0.002588
9115,0.032791
9116,0.062901
9117,0.059224
9118,0.037988
9119,-0.008556
9120,-0.028002
9121,-0.036785
9122,-0.043809
9123,-0.013884
9124,0.010969
9125,-0.019975
9126,-0.042591
9127,-0.027521
9128,-0.000984
9129,-0.030151
9130,-0.018886
9131,0.014046
9132,-0.004963
9133,0.037294
9134,0.045583
9135,0.037678
9136,0.087607
9137,0.011169
9138,-0.036220
9139,-0.093800
9140,-0.087880
9141,0.003867
9142,0.041816
9143,0.056488
9144,0.042795
9145,0.004180
9146,-0.003209
9147,-0.006297
9148,0.004600
9149,0.000697
9150,-0.013053
9151,0.024429
9152,0.025201
9153,0.007695
9154,-0.049169
9155,-0.091691
9156,-0.092563
9157,-0.048949
9158,-0.009152
9159,0.022522
9160,0.031249
9161,0.024161
9162,0.064686
9163,0.034561
9164,0.028921
9165,0.041737
9166,-0.002918
9167,-0.022886
9168,-0.044245
9169,-0.037378
9170,-0.015105
9171,-0.094965
9172,-0.006609
9173,0.045635
9174,0.006472
9175,0.064634
9176,0.044213
9177,-0.019264
9178,-0.027590
9179,-0.054715
9180,-0.042808
9181,0.053153
9182,0.084292
9183,0.058577
9184,0.003935
9185,-0.050672
9186,-0.048532
9187,-0.018615
9188,-0.008998
9189,0.023274
9190,0.041772
9191,-0.012874
9192,0.006560
9193,0.002678
9194,-0.040565
9195,-0.011924
9196,-0.013805
9197,0.008236
9198,-0.009082
9199,-0.038588
9200,-0.002521
9201,0.009667
9202,-0.014707
9203,-0.024190
9204,-0.048388
9205,-0.005254
9206,0.039074
9207,0.023541
9208,0.040255
9209,0.021599
9210,0.000514
9211,0.013380
9212,-0.044063
9213,-0.042246
9214,0.006393
9215,-0.006796
9216,0.037671
9217,0.037240
9218,0.028221
9219,0.025267
9220,-0.014291
9221,-0.040601
9222,-0.007202
9223,-0.031929
9224,-0.030103
9225,-0.041608
9226,-0.059882
9227,-0.027571
9228,0.050134
9229,0.067216
9230,0.034089
9231,0.003782
9232,-0.016459
9233,-0.026399
9234,0.008577
9235,0.033014
9236,0.035534
9237,0.057856
9238,0.033807
9239,-0.018303
9240,-0.050394
9241,-0.021739
9242,0.004032
9243,-0.034299
9244,-0.049546
9245,-0.019445
9246,-0.045988
9247,0.012503
9248,0.048103
9249,0.020433
9250,0.025578
9251,-0.028422
9252,0.032113
9253,0.078658
9254,0.008686
9255,-0.024314
9256,-0.055156
9257,-0.013745
9258,0.065195
9259,0.023312
9260,-0.000580
9261,-0.030896
9262,-0.056844
9263,-0.073127
9264,-0.016979
9265,0.008432
9266,0.004027
9267,0.026512
9268,0.042261
9269,0.036254
9270,-0.005423
9271,-0.042687
9272,-0.023079
9273,0.028952
9274,-0.028258
9275,-0.070543
9276,-0.005872
9277,-0.004126
9278,0.001985
9279,0.038950
9280,0.010488
9281,0.013609
9282,0.041350
9283,0.062764
9284,0.064279
9285,-0.009323
9286,-0.015179
9287,-0.053369
9288,-0.034871
9289,-0.044068
9290,-0.033825
9291,0.024039
9292,0.049237
9293,0.048406
9294,0.026601
9295,-0.017633
9296,-0.032535
9297,-0.045807
9298,0.006123
9299,-0.027226
9300,-0.053224
9301,-0.012143
9302,0.012593
9303,0.004408
9304,0.032514
9305,0.053149
9306,0.036450
9307,0.032783
9308,-0.006720
9309,-0.067126
9310,-0.051589
9311,-0.027438
9312,0.010983
9313,-0.024618
9314,-0.019115
9315,0.035992
9316,0.037122
9317,0.012175
9318,0.010898
9319,0.009411
9320,0.000136
9321,0.005182
9322,-0.030108
9323,-0.031352
9324,0.002642
9325,0.002026
9326,-0.024617
9327,-0.011147
9328,0.010409
9329,0.039417
9330,0.026228
9331,0.004977
9332,-0.001729
9333,-0.003556
9334,-0.018319
9335,-0.060402
9336,-0.042079
9337,0.032212
9338,0.066578
9339,0.052604
9340,0.036890
9341,0.018719
9342,0.003455
9343,0.016572
9344,-0.007455
9345,-0.045008
9346,-0.093571
9347,-0.046000
9348,-0.000812
9349,0.020188
9350,0.024082
9351,0.014854
9352,-0.031773
9353,-0.040281
9354,-0.072415
9355,-0.043521
9356,0.021227
9357,0.018862
9358,0.005909
9359,0.030534
9360,0.065725
9361,0.039162
9362,0.082946
9363,0.088873
9364,0.036972
9365,0.022763
9366,-0.022313
9367,-0.055331
9368,-0.090503
9369,-0.104515
9370,-0.058774
9371,0.025754
9372,-0.002039
9373,0.015701
9374,0.037151
9375,-0.012005
9376,-0.002951
9377,0.033499
9378,0.006599
9379,-0.009844
9380,0.001393
9381,-0.018321
9382,0.001207
9383,0.003723
9384,-0.029119
9385,-0.002911
9386,0.017693
9387,0.021351
9388,0.013898
9389,0.034236
9390,-0.011941
9391,-0.058492
9392,-0.039869
9393,0.011189
9394,-0.013958
9395,-0.021728
9396,-0.003340
9397,-0.002935
9398,-0.006358
9399,0.016909
9400,0.027195
9401,0.027379
9402,0.011450
9403,0.024282
9404,0.042023
9405,0.002231
9406,-0.043124
9407,-0.045476
9408,-0.016516
9409,0.012199
9410,0.074434
9411,0.095201
9412,0.027645
9413,0.000526
9414,-0.044778
9415,-0.118915
9416,-0.062528
9417,31.535835
9418,294.322327
9419,0.305280
9420,1164.855347
9421,37.554993
9422,8.150612
9423,43.423149
9424,49.421234
9425,25.583893
9426,-16.961065
9427,-51.698692
9428,-30.352480
9429,11.917690
9430,35.348240
9431,14.825594
9432,9.310861
9433,-3.723308
9434,-21.227280
9435,-16.448734
9436,-3.772490
9437,13.263624
9438,22.936167
9439,7.562361
9440,19.061962
9441,2.022162
9442,-21.927843
9443,-28.610376
9444,-29.729521
9445,-16.498476
9446,-5.982126
9447,10.153815
9448,12.278585
9449,12.516409
9450,23.957994
9451,27.234642
9452,11.403571
9453,-16.079037
9454,-15.375611
9455,-23.376244
9456,-19.389776
9457,-6.454534
9458,7.929001
9459,19.382769
9460,22.694181
9461,18.349854
9462,15.285735
9463,-14.282272
9464,-35.315544
9465,-41.333263
9466,-25.391026
9467,16.353880
9468,42.377316
9469,21.746943
9470,-18.787840
9471,-0.048796
9472,-0.051825
9473,-0.000291
9474,0.047041
9475,0.077156
9476,0.056310
9477,0.044826
9478,0.021819
9479,0.031548
9480,-0.006614
9481,-0.067316
9482,-0.082658
9483,-0.050849
9484,-0.045880
9485,-0.029559
9486,0.024284
9487,0.076730
9488,0.073305
9489,0.030579
9490,-0.050763
9491,-0.074291
9492,-0.060791
9493,-0.020632
9494,0.033589
9495,0.072474
9496,0.038529
9497,0.039083
9498,0.024670
9499,-0.009030
9500,-0.023596
9501,-0.067712
9502,-0.060422
9503,-0.045418
9504,-0.010066
9505,0.074688
9506,0.106860
9507,0.050335
9508,0.018859
9509,0.034971
9510,0.003355
9511,0.004557
9512,-0.015119
9513,-0.094097
9514,-0.075704
9515,-0.029589
9516,-0.041505
9517,-0.055041
9518,0.040496
9519,0.041843
9520,0.021953
9521,0.032925
9522,-0.015269
9523,-0.000121
9524,0.045399
9525,0.015566
9526,-0.022309
9527,0.012322
9528,-0.004216
9529,0.001238
9530,-0.000754
9531,0.017656
9532,0.024249
9533,-0.022094
9534,-0.063933
9535,-0.059951
9536,-0.025360
9537,0.079341
9538,0.072773
9539,0.086978
9540,0.057202
9541,-0.002550
9542,-0.049051
9543,-0.028497
9544,-0.033039
9545,-0.045354
9546,-0.064658
9547,-0.058216
9548,-0.026761
9549,0.001329
9550,0.008058
9551,0.061815
9552,0.022672
9553,0.027290
9554,0.052896
9555,0.006186
9556,-0.006766
9557,-0.019703
9558,0.002463
9559,0.015239
9560,-0.011710
9561,-0.006674
9562,0.007165
9563,0.011901
9564,-0.020006
9565,-0.035841
9566,-0.019191
9567,-0.064569
9568,-0.040773
9569,-0.012328
9570,0.003821
9571,0.003493
9572,0.049337
9573,0.020496
9574,-0.011464
9575,0.045561
9576,0.067714
9577,0.057126
9578,0.031213
9579,0.012382
9580,-0.019645
9581,-0.033304
9582,-0.077032
9583,-0.090195
9584,-0.049192
9585,-0.026498
9586,0.030265
9587,0.085631
9588,-0.006526
9589,-0.041086
9590,-0.005061
9591,0.005419
9592,0.006033
9593,0.022967
9594,0.052212
9595,0.024830
9596,0.001041
9597,-0.038561
9598,-0.021301
9599,-0.030637
9600,0.069285
9601,0.065063
9602,-0.015249
9603,-0.033343
9604,-0.017557
9605,0.014199
9606,-0.025529
9607,-0.070620
9608,-0.041638
9609,-0.034781
9610,-0.011859
9611,0.062807
9612,0.081818
9613,0.046957
9614,0.038296
9615,0.022741
9616,0.002918
9617,-0.035250
9618,-0.074349
9619,-0.039432
9620,0.006949
9621,0.002277
9622,0.042681
9623,0.023166
9624,0.019909
9625,0.010783
9626,-0.011655
9627,-0.034856
9628,-0.068192
9629,-0.055493
9630,-0.033765
9631,0.014881
9632,0.038523
9633,0.033808
9634,0.008664
9635,0.024800
9636,0.035977
9637,0.004042
9638,0.027605
9639,0.025104
9640,0.014440
9641,-0.014486
9642,-0.029504
9643,-0.000032
9644,-0.000777
9645,-0.031949
9646,-0.030465
9647,0.027369
9648,0.006419
9649,-0.025222
9650,-0.040083
9651,0.006297
9652,0.007102
9653,-0.027592
9654,-0.004739
9655,0.058218
9656,0.086294
9657,0.063057
9658,-0.026342
9659,-0.091815
9660,-0.076855
9661,-0.064267
9662,-0.034378
9663,0.025607
9664,0.035601
9665,0.055964
9666,0.000427
9667,-0.012735
9668,-0.008537
9669,0.009975
9670,-0.014580
9671,0.068402
9672,0.051140
9673,0.062591
9674,0.064348
9675,-0.016930
9676,-0.078331
9677,-0.071386
9678,-0.038118
9679,-0.073060
9680,-0.052286
9681,-0.028567
9682,-0.012678
9683,0.017342
9684,0.044283
9685,0.059126
9686,0.056849
9687,0.043130
9688,0.025336
9689,0.031353
9690,0.034420
9691,0.013234
9692,-0.010605
9693,-0.040550
9694,-0.086641
9695,-0.085471
9696,-0.043927
9697,-0.003309
9698,0.012417
9699,0.014850
9700,0.078055
9701,0.011721
9702,0.005881
9703,-0.006219
9704,-0.021542
9705,-0.001876
9706,-0.050366
9707,-0.044991
9708,-0.028943
9709,-0.005357
9710,0.050586
9711,0.023116
9712,0.040136
9713,0.075132
9714,0.017013
9715,0.040728
9716,0.009994
9717,0.020797
9718,0.031173
9719,-0.011095
9720,0.012826
9721,0.006768
9722,-0.009901
9723,-0.039990
9724,-0.108404
9725,-0.102577
9726,-0.035050
9727,-0.031485
9728,-0.053992
9729,-0.000250
9730,0.038639
9731,0.051650
9732,0.082256
9733,0.101082
9734,0.074102
9735,0.043799
9736,-0.004894
9737,-0.090628
9738,-0.124652
9739,-0.098963
9740,-0.089298
9741,0.002877
9742,0.035075
9743,0.073829
9744,0.116993
9745,0.062526
9746,0.054897
9747,-0.004988
9748,-0.039381
9749,0.012475
9750,0.043191
9751,0.014866
9752,-0.034773
9753,-0.026605
9754,-0.028631
9755,-0.050079
9756,-0.066605
9757,-0.072402
9758,-0.051732
9759,0.004909
9760,0.050607
9761,0.045016
9762,0.010786
9763,0.004201
9764,-0.021380
9765,0.004815
9766,0.039561
9767,0.008594
9768,-0.030954
9769,-0.025695
9770,0.001936
9771,-0.035029
9772,-0.004602
9773,-0.039455
9774,-0.003594
9775,0.050182
9776,0.078498
9777,0.141223
9778,0.110043
9779,0.043715
9780,0.012807
9781,-0.026057
9782,-0.077907
9783,-0.082912
9784,-0.076744
9785,-0.063851
9786,-0.089857
9787,-0.030912
9788,0.050652
9789,0.082424
9790,0.089207
9791,0.080448
9792,-0.013512
9793,-0.055454
9794,-0.032570
9795,-0.027683
9796,0.021677
9797,0.052979
9798,0.033103
9799,0.004244
9800,-0.020576
9801,-0.029292
9802,0.012641
9803,-0.036706
9804,-0.017034
9805,0.045687
9806,0.039568
9807,0.053292
9808,0.058403
9809,-0.021724
9810,-0.021656
9811,-0.029932
9812,-0.022480
9813,0.003874
9814,-0.005149
9815,-0.010674
9816,-0.053301
9817,-0.073951
9818,-0.079063
9819,-0.118280
9820,-0.017501
9821,0.046518
9822,0.007156
9823,-0.038369
9824,-0.032641
9825,-0.089512
9826,-0.061729
9827,0.035536
9828,0.021758
9829,0.056421
9830,0.120629
9831,0.100592
9832,0.055401
9833,-0.022319
9834,-0.060011
9835,-0.057802
9836,-0.072493
9837,-0.072732
9838,-0.029733
9839,-0.043094
9840,0.012014
9841,0.040541
9842,0.060523
9843,0.059768
9844,0.006740
9845,0.006559
9846,0.024149
9847,0.011182
9848,-0.021882
9849,-0.086794
9850,-0.092276
9851,-0.070331
9852,-0.023577
9853,0.019365
9854,0.029232
9855,0.046170
9856,0.011787
9857,0.018128
9858,0.010111
9859,0.028264
9860,0.028610
9861,0.026433
9862,0.022119
9863,-0.011856
9864,-0.008353
9865,-0.014039
9866,-0.010971
9867,-0.013709
9868,-0.021616
9869,-0.016689
9870,0.025649
9871,21.311119
9872,308.510315
9873,0.100148
9874,1111.018311
9875,57.160671
9876,49.219032
9877,21.251348
9878,-7.222232
9879,-16.762411
9880,-40.551247
9881,-42.229786
9882,-15.893547
9883,16.972607
9884,4.654026
9885,-5.644738
9886,0.217163
9887,25.262112
9888,25.207676
9889,9.631614
9890,6.022202
9891,-9.781695
9892,-34.658188
9893,-43.640438
9894,-20.352537
9895,5.444851
9896,30.990736
9897,64.020729
9898,54.198433
9899,6.829931
9900,-26.007156
9901,-39.355934
9902,-53.965973
9903,-45.126163
9904,-15.640757
9905,3.579676
9906,-4.565072
9907,-0.032169
9908,41.119675
9909,63.666367
9910,47.931580
9911,4.137992
9912,-39.163219
9913,-47.628883
9914,-25.172815
9915,-3.915837
9916,8.770140
9917,25.624361
9918,36.281200
9919,26.275585
9920,18.089569
9921,1.321008
9922,-28.250912
9923,-46.887737
9924,-58.468025
9925,0.022397
9926,0.028177
9927,0.047959
9928,0.024502
9929,0.015206
9930,0.013515
9931,-0.040758
9932,-0.064487
9933,-0.086358
9934,-0.092054
9935,-0.077206
9936,0.005492
9937,0.042575
9938,0.056495
9939,0.046220
9940,0.015945
9941,0.044946
9942,0.025980
9943,0.004169
9944,-0.014372
9945,-0.058972
9946,-0.034882
9947,-0.042274
9948,-0.046830
9949,-0.017592
9950,0.008582
9951,0.061361
9952,0.077449
9953,0.078687
9954,0.042325
9955,0.006029
9956,-0.072507
9957,-0.081995
9958,-0.034207
9959,0.025592
9960,0.038411
9961,0.102771
9962,0.095123
9963,0.018835
9964,-0.021434
9965,-0.061340
9966,-0.128112
9967,-0.107340
9968,-0.080024
9969,-0.059329
9970,-0.027283
9971,0.011900
9972,0.050057
9973,0.078665
9974,0.086140
9975,0.077795
9976,0.022372
9977,0.022043
9978,-0.002216
9979,-0.053034
9980,-0.051117
9981,-0.063185
9982,-0.007920
9983,0.033661
9984,0.034580
9985,0.015802
9986,0.031289
9987,0.023249
9988,0.028912
9989,-0.010421
9990,-0.023096
9991,-0.019372
9992,0.005363
9993,0.005663
9994,-0.026670
9995,-0.072414
9996,-0.071675
9997,-0.058414
9998,0.037994
9999,0.063777
10000,0.045449
10001,0.080168
10002,0.054982
10003,-0.047392
10004,-0.090002
10005,-0.074805
10006,-0.048868
10007,0.008652
10008,0.087934
10009,0.156150
10010,0.067334
10011,0.015795
10012,-0.014468
10013,-0.077494
10014,-0.091496
10015,-0.054822
10016,-0.019964
10017,-0.024136
10018,0.000765
10019,0.063203
10020,0.048842
10021,0.012214
10022,-0.007775
10023,-0.033959
10024,-0.002826
10025,-0.049201
10026,-0.071070
10027,-0.108507
10028,-0.118413
10029,0.000350
10030,0.047855
10031,0.019378
10032,0.049059
10033,0.047961
10034,0.038911
10035,0.043189
10036,0.021320
10037,0.053046
10038,0.025867
10039,-0.047124
10040,-0.078380
10041,-0.056024
10042,-0.047205
10043,-0.002069
10044,0.014623
10045,0.056936
10046,0.059742
10047,0.036653
10048,0.040364
10049,0.040502
10050,-0.014260
10051,-0.070372
10052,-0.101944
10053,-0.111411
10054,-0.048197
10055,-0.032750
10056,-0.012340
10057,0.006071
10058,0.078415
10059,0.070011
10060,0.077087
10061,0.052121
10062,0.031442
10063,0.039635
10064,0.002761
10065,-0.013108
10066,-0.013723
10067,-0.043242
10068,-0.063325
10069,-0.009526
10070,-0.022565
10071,-0.026994
10072,0.027583
10073,-0.023665
10074,-0.043983
10075,24.156052
10076,314.885529
10077,0.118273
10078,1086.919556
10079,-24.959949
10080,13.195336
10081,35.318207
10082,34.752209
10083,21.192553
10084,22.229713
10085,-16.727110
10086,-60.129543
10087,-50.936005
10088,-22.170231
10089,6.451291
10090,21.409758
10091,23.213570
10092,27.751978
10093,17.975464
10094,14.314113
10095,8.687692
10096,5.870809
10097,-7.340855
10098,-16.833994
10099,-27.650162
10100,-47.568172
10101,-39.971512
10102,-2.146940
10103,9.619740
10104,20.929680
10105,33.639606
10106,34.531532
10107,17.815933
10108,5.134551
10109,2.084128
10110,12.731986
10111,18.965340
10112,1.959355
10113,-14.376419
10114,-33.865688
10115,-36.053020
10116,-18.725119
10117,-0.951984
10118,7.923737
10119,-2.013531
10120,-11.020643
10121,-9.653524
10122,3.955152
10123,4.724109
10124,4.359190
10125,10.907166
10126,19.674053
10127,36.942787
10128,38.519634
10129,17.554415
10130,0.080130
10131,2309.104004
10132,89.070229
10133,-14.974459
10134,1886.995972
10135,-556.493591
10136,363.012665
10137,919.259338
10138,-1389.865234
10139,1506.083252
10140,2295.058838
10141,-1970.310303
10142,-307.670441
10143,302.627625
10144,113.642052
10145,1925.220215
10146,363.472076
10147,1994.058472
10148,1923.394043
10149,1815.665894
10150,1837.040771
10151,-2390.543945
10152,140.384003
10153,232.876968
10154,-315.182343
10155,-1012.098572
10156,697.334473
10157,-1989.421997
10158,-1430.444092
10159,1591.137451
10160,-540.282104
10161,-1301.182617
10162,-896.979370
10163,1786.187622
10164,-1102.738037
10165,-1937.296387
10166,-279.065857
10167,-155.354462
10168,-1573.088135
10169,-868.471008
10170,-1845.488647
10171,1835.603027
10172,-746.735168
10173,460.900085
10174,1218.892700
10175,1800.322510
10176,-1417.565796
10177,156.807388
10178,995.234985
10179,1628.890137
10180,387.022491
10181,-2312.405762
10182,140.747940
10183,-0.011038
10184,-0.010083
10185,0.015175
10186,0.040842
10187,0.005559
10188,-0.018758
10189,-0.040539
10190,-0.003515
10191,-0.019524
10192,0.016443
10193,-0.002998
10194,0.003025
10195,0.029397
10196,0.023591
10197,0.010026
10198,0.012602
10199,-0.011426
10200,-0.004351
10201,-0.004097
10202,0.003162
10203,-0.008457
10204,-0.004507
10205,0.022966
10206,-0.007945
10207,0.020277
10208,0.068396
10209,0.063268
10210,0.046837
10211,0.004774
10212,-0.059680
10213,-0.073516
10214,-0.055837
10215,-0.010069
10216,-0.007878
10217,-0.064393
10218,-0.017026
10219,-0.035471
10220,-0.001100
10221,-0.030348
10222,-0.040379
10223,0.013604
10224,0.031715
10225,0.001273
10226,-0.009979
10227,-0.055859
10228,-0.031336
10229,0.021902
10230,0.100765
10231,0.064709
10232,0.057498
10233,0.052023
10234,0.060699
10235,0.015560
10236,0.033832
10237,0.016051
10238,-0.024750
10239,-0.058732
10240,-0.075574
10241,-0.105507
10242,-0.098058
10243,-0.047053
10244,0.040924
10245,0.032814
10246,0.019330
10247,0.022422
10248,0.019588
10249,0.010197
10250,0.003670
10251,0.016772
10252,0.008613
10253,-0.040343
10254,-0.020789
10255,0.050653
10256,-0.000137
10257,-0.077417
10258,-0.026414
10259,0.034830
10260,0.050356
10261,0.025811
10262,0.024383
10263,0.028528
10264,-0.015877
10265,0.010972
10266,-0.023669
10267,-0.057494
10268,0.002810
10269,0.026830
10270,0.016045
10271,-0.034913
10272,-0.015801
10273,-0.008487
10274,-0.041277
10275,-0.062507
10276,-0.026799
10277,0.009992
10278,0.038085
10279,0.010964
10280,0.015035
10281,0.057094
10282,0.046399
10283,-0.006534
10284,0.054971
10285,0.035222
10286,0.025102
10287,0.011561
10288,-0.011248
10289,0.027353
10290,0.023885
10291,-0.001327
10292,0.005845
10293,0.017605
10294,0.023956
10295,-0.014822
10296,0.008569
10297,0.002226
10298,-0.064068
10299,-0.075688
10300,-0.009240
10301,0.014494
10302,0.022795
10303,0.048311
10304,0.044657
10305,0.009612
10306,-0.030157
10307,-0.041471
10308,-0.021657
10309,-0.032220
10310,0.019571
10311,0.025718
10312,-0.007124
10313,-0.021280
10314,-0.017135
10315,0.007177
10316,0.042636
10317,-0.003127
10318,-0.003218
10319,0.017366
10320,0.000249
10321,0.008744
10322,-0.018535
10323,0.005931
10324,-0.060001
10325,-0.059222
10326,-0.003536
10327,0.034737
10328,0.021357
10329,0.029524
10330,0.022056
10331,-0.018500
10332,-0.026192
10333,461.319214
10334,745.690430
10335,8.927763
10336,1140.329834
10337,1708.324463
10338,-2.673732
10339,43.536907
10340,69.817863
10341,68.908005
10342,46.548244
10343,9.090472
10344,-11.489053
10345,-30.717779
10346,-34.204273
10347,-46.037350
10348,-47.240643
10349,-30.854706
10350,0.272028
10351,25.651054
10352,30.359810
10353,11.351088
10354,1.678467
10355,1.791446
10356,-11.166231
10357,-22.583221
10358,2.368360
10359,17.359421
10360,38.718491
10361,26.015820
10362,-1.712508
10363,-20.122435
10364,-25.080011
10365,-3.729683
10366,21.115412
10367,16.036367
10368,-0.335552
10369,-14.973216
10370,-16.344019
10371,3.719988
10372,-0.028909
10373,-0.467126
10374,-11.356274
10375,-27.290625
10376,-20.361553
10377,-5.033969
10378,20.590286
10379,30.208065
10380,24.150181
10381,5.162154
10382,-9.681663
10383,-20.647923
10384,-20.300407
10385,-5.538887
10386,-2.863599
10387,-0.004736
10388,-0.034218
10389,-0.037530
10390,0.031761
10391,0.014312
10392,0.008020
10393,0.045421
10394,-0.031951
10395,-0.037401
10396,-0.008163
10397,-0.007488
10398,-0.001477
10399,0.001967
10400,0.017154
10401,0.040271
10402,0.072514
10403,0.021735
10404,-0.007798
10405,-0.014003
10406,0.025036
10407,0.015109
10408,-0.047985
10409,-0.129877
10410,-0.105774
10411,-0.050878
10412,0.010890
10413,0.053841
10414,0.070554
10415,0.066888
10416,0.030523
10417,0.022396
10418,0.057639
10419,0.061272
10420,-0.016870
10421,-0.058089
10422,-0.035154
10423,-0.041868
10424,-0.047192
10425,-0.064322
10426,-0.043504
10427,-0.016790
10428,0.000909
10429,0.003989
10430,0.051695
10431,0.063983
10432,-0.004079
10433,-0.005373
10434,0.042488
10435,0.011299
10436,-0.000985
10437,-0.006291
10438,0.000260
10439,-0.002905
10440,0.008794
10441,-0.016220
10442,0.011834
10443,-0.012781
10444,-0.007159
10445,-0.010166
10446,-0.008798
10447,0.003414
10448,0.056332
10449,0.051602
10450,0.018566
10451,-0.024140
10452,-0.122946
10453,-0.079202
10454,-0.012429
10455,-0.007091
10456,-0.007216
10457,-0.006541
10458,0.037078
10459,0.032071
10460,-0.037435
10461,-0.032806
10462,0.012830
10463,0.008166
10464,-0.031431
10465,-0.015240
10466,0.037336
10467,0.073237
10468,0.093989
10469,0.079287
10470,-0.015128
10471,-0.080476
10472,-0.023151
10473,-0.033641
10474,-0.018647
10475,-0.058618
10476,-0.044562
10477,0.008695
10478,0.078338
10479,0.046440
10480,0.045215
10481,0.043978
10482,0.023012
10483,-0.017355
10484,-0.060990
10485,-0.044585
10486,0.061808
10487,0.015592
10488,-0.064435
10489,-0.038160
10490,-0.017393
10491,0.007409
10492,0.008086
10493,-0.038724
10494,-0.038764
10495,-0.022712
10496,-0.015491
10497,0.004506
10498,0.060585
10499,0.087984
10500,0.042066
10501,0.005288
10502,-0.063227
10503,-0.052343
10504,0.016420
10505,0.071438
10506,0.078012
10507,-0.017442
10508,-0.070030
10509,-0.074075
10510,-0.095372
10511,-0.025273
10512,0.063883
10513,0.062737
10514,0.058310
10515,0.066235
10516,0.029897
10517,0.027022
10518,-0.035657
10519,-0.066482
10520,-0.073670
10521,-0.085380
10522,-0.009870
10523,-0.004069
10524,0.006256
10525,0.023239
10526,0.023732
10527,0.043855
10528,-0.038195
10529,-0.009314
10530,0.012725
10531,0.051039
10532,0.079116
10533,0.039609
10534,-0.000364
10535,0.003457
10536,-0.017509
10537,-0.018767
10538,-0.034167
10539,-0.078121
10540,-0.109520
10541,-0.036914
10542,0.026136
10543,0.046629
10544,0.027186
10545,0.050206
10546,0.035594
10547,0.017061
10548,0.012641
10549,0.029426
10550,-0.004533
10551,0.027317
10552,0.016530
10553,-0.064700
10554,-0.099754
10555,-0.157663
10556,-0.062070
10557,0.020027
10558,0.062172
10559,0.092960
10560,0.115352
10561,0.095336
10562,0.051223
10563,0.035221
10564,-0.030127
10565,-0.060265
10566,-0.064221
10567,-0.044325
10568,-0.049594
10569,0.019883
10570,-0.003882
10571,-0.012875
10572,-0.011703
10573,0.003517
10574,0.002631
10575,0.016751
10576,0.011096
10577,0.023260
10578,-0.008946
10579,-0.014085
10580,-0.006553
10581,-0.039667
10582,-0.035908
10583,0.002492
10584,0.021614
10585,0.032685
10586,0.057920
10587,0.084859
10588,0.003909
10589,-0.034526
10590,-0.001349
10591,-0.017989
10592,-0.002697
10593,0.015126
10594,-0.020062
10595,-0.059503
10596,-0.036604
10597,-0.034023
10598,0.014211
10599,0.045723
10600,0.037315
10601,0.016412
10602,0.004883
10603,-0.045749
10604,-0.045047
10605,-0.040721
10606,-0.005070
10607,0.072753
10608,0.043040
10609,0.038654
10610,0.035070
10611,-0.002259
10612,-0.015412
10613,-0.005494
10614,-0.010566
10615,-0.031123
10616,-0.042021
10617,-0.029296
10618,0.023556
10619,0.026913
10620,-0.019962
10621,-0.005103
10622,-0.010114
10623,-0.038556
10624,-0.020955
10625,0.006668
10626,0.000633
10627,0.004397
10628,0.025650
10629,0.013855
10630,-0.015658
10631,0.002334
10632,0.050203
10633,0.029962
10634,-0.028123
10635,0.019873
10636,0.034210
10637,454.472717
10638,722.236572
10639,8.790406
10640,1173.294434
10641,1683.023071
10642,32.570564
10643,9.023944
10644,-37.455139
10645,-51.496231
10646,-42.882149
10647,-4.765710
10648,17.179638
10649,13.160212
10650,32.103592
10651,53.740025
10652,27.779125
10653,-5.448461
10654,-22.496325
10655,-22.512012
10656,-22.380644
10657,-4.037797
10658,-9.186185
10659,-6.156634
10660,-11.894950
10661,-9.892574
10662,16.705908
10663,35.711010
10664,33.030346
10665,10.755362
10666,-24.907536
10667,-32.656578
10668,-16.137894
10669,9.079904
10670,17.714697
10671,17.170189
10672,16.307039
10673,18.813290
10674,-5.096693
10675,-22.500460
10676,-6.681382
10677,8.051111
10678,-1.277262
10679,-15.567168
10680,-23.110117
10681,-9.935038
10682,20.081108
10683,21.413927
10684,-7.566398
10685,-41.032898
10686,-39.421070
10687,-8.176484
10688,30.609055
10689,33.090572
10690,24.269299
10691,0.038157
10692,0.046161
10693,-0.003028
10694,-0.041148
10695,-0.029517
10696,-0.036012
10697,-0.014922
10698,-0.027066
10699,-0.069258
10700,0.003149
10701,0.041374
10702,0.001419
10703,0.009467
10704,-0.047558
10705,-0.034914
10706,-0.020425
10707,-0.016215
10708,0.038989
10709,0.046056
10710,0.051226
10711,0.046197
10712,-0.025223
10713,-0.009836
10714,0.018328
10715,-0.046928
10716,-0.018676
10717,0.045249
10718,0.036495
10719,0.034821
10720,0.057030
10721,0.035892
10722,0.005796
10723,-0.082025
10724,-0.062145
10725,-0.062163
10726,-0.001760
10727,0.021160
10728,0.058622
10729,0.042224
10730,-0.021529
10731,-0.067375
10732,-0.044056
10733,-0.044337
10734,-0.029792
10735,0.037531
10736,0.072031
10737,0.058228
10738,0.024628
10739,0.008303
10740,-0.062976
10741,-0.066370
10742,-0.024439
10743,-0.058455
10744,-0.006760
10745,0.066009
10746,0.073781
10747,0.048653
10748,0.043564
10749,-0.007196
10750,-0.063733
10751,-0.073094
10752,-0.080671
10753,-0.027641
10754,0.054690
10755,0.047825
10756,0.062054
10757,0.041513
10758,-0.016290
10759,-0.043866
10760,-0.038914
10761,-0.000946
10762,0.001350
10763,0.005296
10764,-0.000967
10765,0.015507
10766,0.001698
10767,-0.063994
10768,-0.066712
10769,-0.001651
10770,0.012218
10771,0.013744
10772,0.104843
10773,0.145554
10774,0.049803
10775,-0.026053
10776,-0.073707
10777,-0.063135
10778,-0.044195
10779,-0.039324
10780,0.009915
10781,0.025013
10782,-0.012250
10783,-0.019413
10784,0.003568
10785,0.038977
10786,0.036808
10787,-0.020909
10788,0.000517
10789,-0.005702
10790,-0.013673
10791,451.004425
10792,710.355286
10793,8.720823
10794,1189.993652
10795,1668.097778
10796,-29.004152
10797,-43.273674
10798,-28.725246
10799,2.956802
10800,27.653643
10801,48.251144
10802,44.091331
10803,8.649000
10804,-18.864977
10805,-27.086191
10806,-12.933986
10807,-5.921130
10808,1.875475
10809,16.830090
10810,4.765237
10811,-13.248507
10812,8.601359
10813,15.202765
10814,-5.496202
10815,-5.820230
10816,-11.438933
10817,3.541088
10818,9.295824
10819,-7.976069
10820,-4.223876
10821,-5.194553
10822,-20.152061
10823,-19.504694
10824,12.724404
10825,18.668520
10826,11.274065
10827,-3.495008
10828,-13.867293
10829,-4.763318
10830,8.595332
10831,14.794323
10832,9.336840
10833,4.710843
10834,-0.323896
10835,15.281097
10836,5.985169
10837,-16.533358
10838,-6.572368
10839,9.817960
10840,9.623769
10841,-10.326124
10842,-19.437948
10843,-9.660208
10844,2.684717
10845,0.051591
10846,-0.008320
10847,0.030366
10848,-0.012119
10849,-0.010591
10850,-0.019641
10851,-0.022586
10852,0.007633
10853,0.006102
10854,0.040163
10855,0.025329
10856,-0.003985
10857,-0.001477
10858,0.016238
10859,0.005474
10860,-0.008370
10861,-0.051726
10862,-0.101916
10863,-0.059506
10864,-0.004319
10865,0.031576
10866,0.049824
10867,0.042723
10868,0.008152
10869,-0.024477
10870,-0.022410
10871,0.025748
10872,0.072486
10873,0.075669
10874,0.040331
10875,-0.046423
10876,-0.077424
10877,-0.008177
10878,-0.014938
10879,-0.016044
10880,-0.017698
10881,-0.016427
10882,-0.004308
10883,0.009769
10884,0.020797
10885,0.051352
10886,0.054267
10887,-0.006204
10888,-0.053233
10889,-0.023689
10890,-0.021104
10891,0.020449
10892,0.052620
10893,0.021697
10894,0.011303
10895,0.044463
10896,0.063688
10897,0.067344
10898,0.046004
10899,0.048510
10900,-0.031383
10901,-0.061830
10902,-0.051147
10903,-0.059049
10904,-0.045679
10905,-0.050767
10906,-0.050992
10907,-0.013412
10908,0.044350
10909,0.085330
10910,0.066322
10911,0.070075
10912,0.045216
10913,-0.009529
10914,-0.036603
10915,-0.021051
10916,-0.017664
10917,0.025255
10918,0.029523
10919,0.007810
10920,-0.000486
10921,0.000545
10922,0.016888
10923,0.019514
10924,-0.045482
10925,-0.064092
10926,-0.045233
10927,-0.046505
10928,-0.043108
10929,0.010347
10930,0.050920
10931,0.036357
10932,-0.021358
10933,-0.041501
10934,-0.016731
10935,0.011160
10936,-0.031987
10937,-0.008419
10938,-0.026925
10939,-0.030067
10940,0.039693
10941,0.099754
10942,0.080816
10943,0.043019
10944,0.028171
10945,0.034041
10946,0.041793
10947,-0.057304
10948,-0.036333
10949,-0.029716
10950,-0.032966
10951,-0.067708
10952,-0.049259
10953,0.002952
10954,-0.001433
10955,-0.002328
10956,-0.014041
10957,0.022515
10958,0.084026
10959,0.030614
10960,-0.046150
10961,-0.049950
10962,-0.038078
10963,-0.055899
10964,-0.019645
10965,0.024651
10966,0.031063
10967,0.013983
10968,0.047338
10969,0.038377
10970,0.019920
10971,0.019302
10972,-0.047427
10973,-0.069595
10974,-0.004308
10975,0.009079
10976,-0.007480
10977,-0.012306
10978,0.000599
10979,0.044318
10980,0.017297
10981,-0.038246
10982,-0.005537
10983,0.018814
10984,0.011254
10985,0.017984
10986,0.009612
10987,0.030141
10988,0.002752
10989,-0.006805
10990,0.007620
10991,-0.033628
10992,0.037733
10993,0.039377
10994,-0.022167
10995,-0.058275
10996,-0.102385
10997,-0.080039
10998,-0.023439
10999,-0.009672
11000,0.034735
11001,0.038296
11002,0.054033
11003,0.069767
11004,0.055326
11005,0.035898
11006,0.017223
11007,0.027480
11008,0.001589
11009,-0.035871
11010,-0.070604
11011,-0.075303
11012,-0.057571
11013,-0.026576
11014,0.012975
11015,-0.047218
11016,-0.042459
11017,0.030677
11018,0.062037
11019,0.033115
11020,0.031542
11021,0.007623
11022,-0.017856
11023,-0.008331
11024,0.015664
11025,0.034677
11026,0.032526
11027,-0.004142
11028,-0.003390
11029,-0.029585
11030,-0.075935
11031,-0.013223
11032,0.004430
11033,0.029864
11034,0.020266
11035,-0.034134
11036,-0.015898
11037,-0.016023
11038,0.008895
11039,0.030441
11040,-0.016716
11041,-0.017419
11042,0.014780
11043,0.027392
11044,0.045735
11045,0.046934
11046,0.020269
11047,-0.002244
11048,-0.039561
11049,-0.073961
11050,-0.024861
11051,-0.042476
11052,-0.057056
11053,-0.017723
11054,0.056453
11055,0.018886
11056,0.025208
11057,0.019512
11058,0.019238
11059,0.029666
11060,0.032760
11061,-0.028088
11062,-0.002677
11063,-0.017488
11064,-0.060543
11065,-0.055258
11066,-0.072825
11067,-0.028614
11068,0.006366
11069,0.036193
11070,0.026625
11071,0.026002
11072,0.062091
11073,0.073504
11074,0.045058
11075,0.009142
11076,-0.056981
11077,-0.052317
11078,-0.035278
11079,-0.047603
11080,-0.001020
11081,0.086677
11082,0.077230
11083,0.026361
11084,-0.002165
11085,-0.007608
11086,-0.068001
11087,-0.062361
11088,-0.009736
11089,0.062415
11090,0.061586
11091,0.025706
11092,0.035820
11093,-0.004193
11094,-0.074495
11095,-0.079470
11096,-0.099772
11097,-0.043779
11098,-0.027279
11099,-0.055111
11100,-0.037726
11101,-0.014876
11102,-0.001997
11103,0.052919
11104,0.089833
11105,0.100053
11106,0.090765
11107,0.078352
11108,0.025964
11109,-0.005315
11110,0.000895
11111,-0.014537
11112,-0.026326
11113,-0.079492
11114,-0.072118
11115,-0.008214
11116,-0.011623
11117,-0.000694
11118,0.013212
11119,-0.000736
11120,-0.030073
11121,-0.014690
11122,0.061510
11123,0.060713
11124,0.014935
11125,0.034337
11126,-0.024064
11127,-0.029252
11128,0.031876
11129,0.011767
11130,-0.009104
11131,0.000158
11132,-0.060991
11133,-0.069286
11134,-0.047026
11135,-0.055142
11136,0.003807
11137,0.047428
11138,0.069289
11139,0.050136
11140,0.060477
11141,0.053772
11142,0.024937
11143,-0.003508
11144,-0.021573
11145,-0.119220
11146,-0.153556
11147,-0.096655
11148,-0.060068
11149,-0.043398
11150,0.025888
11151,0.073627
11152,0.086857
11153,0.094565
11154,0.066567
11155,-0.032537
11156,-0.039299
11157,-0.006428
11158,0.047176
11159,0.052599
11160,0.047048
11161,0.000715
11162,-0.018983
11163,-0.025592
11164,-0.031625
11165,-0.000481
11166,-0.050413
11167,-0.074796
11168,0.000727
11169,0.023160
11170,0.004161
11171,0.012521
11172,-0.024937
11173,0.002209
11174,-0.033465
11175,0.009254
11176,0.050804
11177,0.009185
11178,-0.023027
11179,0.021004
11180,0.020867
11181,-0.042685
11182,0.002006
11183,0.051057
11184,0.058161
11185,0.000247
11186,0.037869
11187,0.012279
11188,-0.024402
11189,-0.017595
11190,0.000138
11191,-0.018310
11192,-0.003885
11193,-0.017468
11194,-0.001156
11195,441.905762
11196,679.186279
11197,8.538283
11198,1233.802002
11199,1634.546753
11200,6.777939
11201,1.064325
11202,-19.875004
11203,-47.692097
11204,-45.342434
11205,-18.927696
11206,34.314014
11207,54.448849
11208,45.896366
11209,33.812752
11210,6.728961
11211,-36.678829
11212,-43.997570
11213,-25.937220
11214,1.832189
11215,14.794686
11216,22.271677
11217,15.550042
11218,1.239174
11219,-8.939732
11220,-7.525467
11221,-20.118605
11222,-33.818859
11223,-23.477543
11224,1.752350
11225,25.432428
11226,32.830143
11227,37.163979
11228,15.308157
11229,14.536798
11230,11.509301
11231,-7.952672
11232,-22.137894
11233,-36.073223
11234,-28.716986
11235,-40.770435
11236,-26.418392
11237,-16.567722
11238,17.159044
11239,26.858902
11240,40.589882
11241,56.017651
11242,46.993179
11243,25.149355
11244,15.323419
11245,-7.822497
11246,-33.592194
11247,-43.930859
11248,-40.331722
11249,-0.008363
11250,-0.042506
11251,-0.032651
11252,0.026526
11253,0.002567
11254,-0.020804
11255,-0.001435
11256,-0.011864
11257,-0.004043
11258,-0.019453
11259,-0.060559
11260,-0.023068
11261,0.020698
11262,0.050461
11263,0.053324
11264,0.045132
11265,0.007123
11266,0.013053
11267,0.014110
11268,-0.025437
11269,-0.034651
11270,-0.012876
11271,-0.002649
11272,0.016315
11273,0.074329
11274,0.052175
11275,0.010831
11276,-0.007619
11277,-0.059484
11278,-0.061601
11279,-0.036877
11280,-0.023711
11281,-0.076096
11282,-0.009681
11283,0.063624
11284,0.042791
11285,-0.007110
11286,-0.030873
11287,-0.065505
11288,-0.081059
11289,-0.021554
11290,-0.009878
11291,0.074950
11292,0.144118
11293,0.106144
11294,0.109406
11295,0.013689
11296,-0.035365
11297,-0.029351
11298,-0.086579
11299,-0.072431
11300,-0.041099
11301,-0.054958
11302,-0.043175
11303,0.057886
11304,0.110670
11305,0.075949
11306,0.020833
11307,0.017807
11308,-0.001125
11309,0.009801
11310,-0.023162
11311,-0.026881
11312,0.028457
11313,-0.035849
11314,-0.109616
11315,-0.070522
11316,-0.017783
11317,0.001636
11318,0.033762
11319,0.006985
11320,0.018427
11321,0.024896
11322,0.020564
11323,0.034091
11324,0.046426
11325,0.015023
11326,0.012295
11327,0.004977
11328,-0.035675
11329,-0.008106
11330,-0.021449
11331,-0.035545
11332,0.014482
11333,0.057419
11334,-0.005018
11335,0.009597
11336,0.007489
11337,-0.015956
11338,-0.035120
11339,-0.015432
11340,0.029993
11341,0.009451
11342,-0.021132
11343,-0.068243
11344,-0.022915
11345,-0.026727
11346,-0.017847
11347,0.019931
11348,0.010786
11349,0.030047
11350,0.043568
11351,0.020805
11352,0.075006
11353,0.048325
11354,0.021669
11355,0.050412
11356,-0.008787
11357,-0.045285
11358,-0.088863
11359,-0.142348
11360,-0.093922
11361,-0.051077
11362,-0.038236
11363,-0.007458
11364,0.041392
11365,0.042692
11366,0.020544
11367,0.042215
11368,0.054592
11369,0.049933
11370,0.034793
11371,-0.008830
11372,-0.028844
11373,-0.053071
11374,-0.029578
11375,-0.015537
11376,-0.022160
11377,0.018651
11378,0.033861
11379,0.050294
11380,0.058911
11381,0.026543
11382,-0.001609
11383,-0.017755
11384,-0.040412
11385,0.004110
11386,-0.019937
11387,-0.039492
11388,-0.019864
11389,-0.001676
11390,-0.022940
11391,0.019620
11392,0.060393
11393,0.037539
11394,-0.008985
11395,-0.025138
11396,-0.038335
11397,-0.055493
11398,-0.025393
11399,437.311401
11400,663.447449
11401,8.446109
11402,1255.922974
11403,1614.665527
11404,-14.025354
11405,-2.395227
11406,13.113671
11407,28.546648
11408,24.618259
11409,3.915551
11410,-7.233577
11411,-11.439111
11412,10.759144
11413,31.192108
11414,8.173136
11415,-15.033257
11416,-41.324799
11417,-35.916710
11418,-17.714853
11419,-9.593130
11420,9.696012
11421,27.056089
11422,31.727268
11423,34.999424
11424,20.371828
11425,-1.910528
11426,-31.214998
11427,-33.547665
11428,-33.613274
11429,-9.775970
11430,15.629638
11431,6.545499
11432,16.447422
11433,22.554644
11434,9.992166
11435,-7.592092
11436,-10.191646
11437,-12.463629
11438,-10.342830
11439,4.765761
11440,39.954525
11441,38.727123
11442,-2.571604
11443,-29.049435
11444,-35.554123
11445,-42.162514
11446,-20.358419
11447,12.348585
11448,29.350014
11449,18.265234
11450,23.767021
11451,14.407930
11452,3.225872
11453,0.001718
11454,-0.005752
11455,0.001090
11456,0.031177
11457,0.053743
11458,0.041736
11459,0.015427
11460,0.072480
11461,0.024557
11462,-0.033356
11463,-0.054277
11464,-0.067941
11465,-0.024924
11466,-0.021887
11467,-0.033275
11468,-0.028025
11469,-0.001296
11470,0.057909
11471,0.032761
11472,0.027947
11473,0.010669
11474,-0.028048
11475,-0.064989
11476,-0.059463
11477,-0.041857
11478,-0.006460
11479,-0.001136
11480,0.030760
11481,0.093105
11482,0.090218
11483,0.078212
11484,0.047970
11485,0.033272
11486,-0.047237
11487,-0.055299
11488,-0.072191
11489,-0.057033
11490,-0.044196
11491,-0.012914
11492,0.018422
11493,0.065174
11494,0.075020
11495,0.022828
11496,-0.050657
11497,-0.076600
11498,-0.076474
11499,0.001578
11500,0.054143
11501,-0.008568
11502,0.022943
11503,0.046610
11504,0.027212
11505,-0.004195
11506,-0.068908
11507,-0.034168
11508,-0.017763
11509,-0.020918
11510,0.023492
11511,0.028209
11512,0.004657
11513,0.074076
11514,0.038266
11515,-0.054452
11516,-0.023713
11517,0.016909
11518,-0.016320
11519,0.010231
11520,0.036815
11521,0.038558
11522,0.021920
11523,-0.049338
11524,-0.065555
11525,-0.060233
11526,-0.079451
11527,-0.055141
11528,-0.000436
11529,0.013916
11530,0.063249
11531,0.100502
11532,0.083129
11533,0.045877
11534,0.033653
11535,0.022378
11536,-0.013262
11537,0.006419
11538,-0.004711
11539,-0.043626
11540,-0.045851
11541,-0.100937
11542,-0.052986
11543,-0.039868
11544,-0.017686
11545,0.087916
11546,0.023313
11547,0.018630
11548,0.071932
11549,0.042078
11550,-0.026785
11551,-0.048650
11552,-0.062970
11553,-0.015891
11554,0.045159
11555,0.080910
11556,0.081731
11557,-0.001971
11558,-0.097376
11559,-0.085761
11560,-0.064875
11561,-0.003009
11562,0.045653
11563,0.069039
11564,0.027962
11565,-0.021004
11566,-0.034369
11567,0.025775
11568,0.041694
11569,0.020704
11570,0.014029
11571,-0.013117
11572,-0.058658
11573,-0.051682
11574,-0.063572
11575,-0.040076
11576,-0.003484
11577,0.039536
11578,0.034304
11579,0.050907
11580,0.066960
11581,0.057060
11582,-0.010058
11583,-0.038953
11584,-0.015649
11585,0.027300
11586,-0.009358
11587,-0.052003
11588,-0.042901
11589,-0.033365
11590,-0.021885
11591,-0.004159
11592,0.015974
11593,0.061654
11594,0.049887
11595,0.041054
11596,0.046294
11597,0.011922
11598,-0.032686
11599,-0.092590
11600,-0.089973
11601,-0.084912
11602,-0.025488
11603,0.041916
11604,0.031249
11605,0.017350
11606,0.067810
11607,0.016005
11608,0.021328
11609,-0.018687
11610,-0.021229
11611,0.052976
11612,0.035552
11613,0.021472
11614,0.040522
11615,0.003514
11616,-0.055664
11617,-0.036355
11618,-0.009957
11619,0.029423
11620,0.003191
11621,-0.066588
11622,-0.093024
11623,-0.040683
11624,-0.022803
11625,0.024442
11626,0.048329
11627,0.032894
11628,0.006806
11629,-0.004157
11630,0.035445
11631,0.043949
11632,0.027650
11633,-0.004634
11634,0.030490
11635,-0.019407
11636,-0.091715
11637,-0.037324
11638,-0.013169
11639,0.005975
11640,0.081029
11641,0.035136
11642,-0.002784
11643,-0.009223
11644,-0.026149
11645,-0.095375
11646,-0.039982
11647,0.011546
11648,-0.004012
11649,0.009217
11650,-0.003423
11651,0.059145
11652,0.054406
11653,0.012553
11654,-0.026048
11655,-0.009535
11656,-0.003353
11657,-0.011029
11658,-0.001339
11659,-0.012513
11660,-0.031913
11661,0.004272
11662,-0.005761
11663,0.019347
11664,-0.005089
11665,0.003402
11666,0.019322
11667,0.037525
11668,-0.009488
11669,0.038696
11670,0.037944
11671,0.031517
11672,0.019266
11673,-0.045070
11674,-0.028834
11675,-0.058604
11676,-0.042338
11677,-0.025692
11678,-0.005858
11679,-0.007401
11680,0.006595
11681,0.047696
11682,-0.009087
11683,-0.050984
11684,-0.016573
11685,-0.014606
11686,0.005312
11687,0.051846
11688,0.049534
11689,-0.016349
11690,-0.000869
11691,0.011055
11692,-0.000119
11693,0.028121
11694,-0.025160
11695,-0.044482
11696,-0.067202
11697,-0.024844
11698,0.032384
11699,0.029200
11700,0.050412
11701,0.068514
11702,0.013119
11703,0.001884
11704,0.026511
11705,0.008615
11706,0.006520
11707,0.029646
11708,-0.011944
11709,-0.037984
11710,-0.073166
11711,-0.131745
11712,-0.077923
11713,-0.034657
11714,0.062185
11715,0.144677
11716,0.052460
11717,0.040781
11718,0.034629
11719,-0.052448
11720,-0.050185
11721,0.010949
11722,-0.042936
11723,0.003555
11724,-0.022866
11725,-0.034801
11726,-0.012949
11727,-0.013724
11728,0.018845
11729,0.049894
11730,-0.003304
11731,-0.001441
11732,-0.004450
11733,0.011283
11734,0.014948
11735,-0.009708
11736,0.037860
11737,0.027264
11738,-0.001950
11739,-0.000440
11740,0.047452
11741,0.001691
11742,-0.086181
11743,-0.051219
11744,-0.024542
11745,-0.000454
11746,0.002990
11747,0.041686
11748,0.061170
11749,0.009560
11750,-0.023000
11751,-0.002652
11752,-0.013503
11753,-0.006986
11754,0.031737
11755,0.085224
11756,0.065918
11757,-0.000540
11758,-0.008962
11759,-0.038271
11760,-0.031717
11761,0.004257
11762,0.002614
11763,-0.009503
11764,0.033764
11765,0.018520
11766,-0.015514
11767,0.002401
11768,-0.001944
11769,-0.022281
11770,-0.038398
11771,-0.049861
11772,-0.008563
11773,0.030093
11774,0.023698
11775,-0.000594
11776,-0.037980
11777,-0.003445
11778,0.084493
11779,0.045425
11780,0.048512
11781,-0.008237
11782,-0.058821
11783,-0.057481
11784,-0.078224
11785,-0.058625
11786,-0.045693
11787,-0.014432
11788,0.025413
11789,0.121037
11790,0.073785
11791,0.039913
11792,0.076416
11793,0.002308
11794,-0.014664
11795,-0.048949
11796,-0.080290
11797,-0.071184
11798,-0.069967
11799,-0.063024
11800,0.011492
11801,0.032680
11802,0.070973
11803,0.074232
11804,0.022736
11805,-0.031783
11806,-0.026772
11807,-0.027474
11808,0.001309
11809,0.046514
11810,0.053996
11811,0.012198
11812,-0.008768
11813,0.005154
11814,-0.081547
11815,-0.055031
11816,-0.002046
11817,-0.000624
11818,0.012354
11819,0.002086
11820,-0.007112
11821,-0.031289
11822,0.011530
11823,0.011615
11824,-0.010483
11825,0.029579
11826,0.004403
11827,0.072087
11828,0.027039
11829,-0.009688
11830,-0.058635
11831,-0.027695
11832,-0.072143
11833,-0.060742
11834,0.039542
11835,0.045488
11836,0.057403
11837,0.038120
11838,0.035423
11839,0.010229
11840,-0.025611
11841,0.030594
11842,0.008498
11843,-0.001283
11844,-0.044481
11845,-0.041687
11846,-0.062551
11847,-0.066815
11848,0.007058
11849,0.032140
11850,0.072804
11851,0.077132
11852,0.064064
11853,0.016238
11854,-0.112082
11855,-0.086492
11856,-0.045496
11857,0.008564
11858,0.028768
11859,0.006232
11860,-0.022969
11861,0.002544
11862,0.019553
11863,0.016889
11864,0.033914
11865,0.045801
11866,0.023731
11867,-0.005365
11868,-0.058583
11869,-0.073614
11870,-0.034471
11871,-0.004122
11872,-0.015462
11873,0.043679
11874,0.008010
11875,0.041994
11876,0.092469
11877,0.012505
11878,-0.024925
11879,-0.056678
11880,-0.025262
11881,0.031324
11882,0.012408
11883,-0.039423
11884,-0.031543
11885,0.011369
11886,0.021270
11887,-0.013563
11888,-0.010802
11889,0.000819
11890,0.001900
11891,0.014164
11892,0.013025
11893,0.025367
11894,0.008006
11895,-0.022738
11896,-0.070059
11897,-0.021208
11898,0.013777
11899,0.013611
11900,0.009394
11901,-0.013227
11902,0.004534
11903,-0.025940
11904,-0.056795
11905,-0.078608
11906,-0.102086
11907,-0.063125
11908,-0.062087
11909,0.050797
11910,0.041813
11911,0.022229
11912,0.061025
11913,0.051415
11914,0.020310
11915,0.004628
11916,-0.038585
11917,-0.032721
11918,-0.023228
11919,-0.004497
11920,0.029775
11921,-0.008574
11922,-0.016758
11923,-0.029653
11924,-0.030903
11925,0.003717
11926,0.008020
11927,-0.024682
11928,-0.010729
11929,0.015863
11930,0.056441
11931,0.033761
11932,0.046354
11933,-0.002055
11934,-0.006928
11935,0.005759
11936,-0.000794
11937,-0.019987
11938,-0.016601
11939,-0.020694
11940,-0.054689
11941,-0.028176
11942,-0.013014
11943,0.001974
11944,0.027546
11945,0.050669
11946,0.048154
11947,-0.000945
11948,-0.049464
11949,-0.031134
11950,0.013563
11951,-0.002820
11952,-0.000981
11953,424.834564
11954,620.705811
11955,8.195793
11956,1315.996704
11957,1573.853149
11958,60.068596
11959,26.274248
11960,-14.927325
11961,-41.540028
11962,-49.049419
11963,-55.703770
11964,-42.623348
11965,-6.903414
11966,33.582680
11967,64.177071
11968,71.664680
11969,47.974022
11970,16.362085
11971,-23.485626
11972,-50.363037
11973,-61.435455
11974,-55.554016
11975,-31.209162
11976,7.005089
11977,32.111778
11978,62.048931
11979,51.541195
11980,23.068790
11981,-21.875158
11982,-33.214725
11983,-27.394894
11984,-11.008135
11985,1.762892
11986,3.691901
11987,-5.659290
11988,-8.271049
11989,-0.049982
11990,20.395729
11991,15.887288
11992,13.061901
11993,-0.059369
11994,-11.489506
11995,-15.266701
11996,-18.752691
11997,-27.313534
11998,-18.159052
11999,8.963933
12000,42.480606
12001,54.381676
12002,23.115007
12003,0.952274
12004,-22.004715
12005,-22.231613
12006,-16.891144
12007,0.020738
12008,-0.021045
12009,-0.013907
12010,0.036126
12011,0.012821
12012,-0.029258
12013,0.023364
12014,-0.001917
12015,0.031851
12016,0.041168
12017,-0.075415
12018,-0.094706
12019,-0.085005
12020,-0.093213
12021,0.016209
12022,0.021911
12023,0.029499
12024,0.073023
12025,0.051486
12026,0.041182
12027,0.004347
12028,-0.030442
12029,-0.014650
12030,0.016262
12031,0.075682
12032,0.114104
12033,-0.002585
12034,-0.049419
12035,-0.057029
12036,-0.023048
12037,0.014749
12038,-0.035711
12039,-0.028342
12040,-0.039157
12041,-0.007116
12042,0.018147
12043,0.023237
12044,0.018481
12045,0.010461
12046,0.008923
12047,-0.007108
12048,-0.067763
12049,-0.078214
12050,0.003572
12051,0.010714
12052,0.053963
12053,0.104429
12054,0.090150
12055,0.023331
12056,-0.011010
12057,0.002902
12058,-0.015795
12059,-0.034842
12060,-0.040674
12061,-0.044630
12062,-0.068421
12063,-0.077238
12064,-0.084350
12065,-0.055633
12066,0.035172
12067,0.054745
12068,0.029653
12069,0.031991
12070,0.027284
12071,0.041393
12072,0.028181
12073,0.079225
12074,0.037171
12075,-0.002393
12076,0.048544
12077,-0.011731
12078,0.006122
12079,0.028852
12080,-0.051052
12081,-0.041308
12082,-0.052731
12083,-0.038637
12084,-0.027039
12085,-0.043013
12086,0.022480
12087,0.056790
12088,0.034620
12089,0.002865
12090,-0.002446
12091,0.007922
12092,0.007174
12093,-0.041110
12094,-0.059409
12095,0.005751
12096,0.019119
12097,0.006559
12098,0.001535
12099,0.020348
12100,-0.015219
12101,0.011918
12102,0.035677
12103,0.043889
12104,-0.002061
12105,-0.053440
12106,-0.015386
12107,0.019105
12108,0.038376
12109,0.071465
12110,0.080340
12111,0.036713
12112,-0.011203
12113,-0.053586
12114,-0.064313
12115,0.009219
12116,0.052739
12117,0.046085
12118,0.020951
12119,0.013954
12120,-0.015415
12121,-0.061456
12122,-0.049661
12123,-0.033481
12124,-0.082681
12125,-0.064920
12126,-0.012385
12127,0.020659
12128,0.007618
12129,0.054179
12130,0.088259
12131,0.040797
12132,0.030422
12133,0.041970
12134,0.051237
12135,-0.025705
12136,0.005713
12137,0.009616
12138,-0.039837
12139,-0.004238
12140,-0.022285
12141,-0.047663
12142,-0.029983
12143,-0.012230
12144,-0.033189
12145,-0.003829
12146,0.015761
12147,-0.026736
12148,0.005575
12149,0.020992
12150,0.020786
12151,0.008701
12152,0.048171
12153,-0.018193
12154,-0.044911
12155,-0.011577
12156,-0.025197
12157,-0.044736
12158,-0.014857
12159,0.046505
12160,0.052323
12161,0.018212
12162,0.007700
12163,-0.003512
12164,-0.037990
12165,-0.029994
12166,0.013982
12167,0.038191
12168,0.014176
12169,-0.004176
12170,-0.014875
12171,-0.015502
12172,-0.041450
12173,-0.038737
12174,-0.011558
12175,0.029117
12176,0.082773
12177,0.065468
12178,0.054783
12179,0.027181
12180,-0.016777
12181,-0.062146
12182,-0.043167
12183,-0.000014
12184,0.028518
12185,-0.035453
12186,-0.050004
12187,-0.048010
12188,-0.050193
12189,-0.011625
12190,0.015418
12191,0.020812
12192,0.029622
12193,-0.026528
12194,-0.024700
12195,0.000120
12196,0.008563
12197,0.067952
12198,0.114842
12199,0.095142
12200,0.019720
12201,-0.050699
12202,-0.070020
12203,-0.048636
12204,-0.037550
12205,0.018028
12206,0.070371
12207,0.045188
12208,-0.025824
12209,-0.088239
12210,-0.056264
12211,-0.003598
12212,-0.038403
12213,-0.013418
12214,0.041353
12215,0.044142
12216,0.033414
12217,0.046160
12218,0.037009
12219,0.005498
12220,-0.025810
12221,-0.076856
12222,-0.081774
12223,-0.056855
12224,0.000085
12225,0.053714
12226,0.062316
12227,-0.004575
12228,-0.014167
12229,0.016515
12230,-0.069397
12231,-0.052809
12232,-0.018336
12233,-0.003482
12234,-0.001372
12235,0.097378
12236,0.112465
12237,0.038652
12238,0.003243
12239,0.007005
12240,-0.025008
12241,-0.021193
12242,-0.020746
12243,0.005877
12244,0.008254
12245,-0.032944
12246,0.012702
12247,0.015343
12248,-0.007214
12249,0.008851
12250,-0.005857
12251,-0.056898
12252,-0.094369
12253,-0.024996
12254,0.059560
12255,-0.012627
12256,-0.012862
12257,-0.032504
12258,-0.021602
12259,0.008252
12260,-0.009489
12261,-0.009796
12262,0.053635
12263,0.093720
12264,0.076955
12265,0.085949
12266,0.065124
12267,0.001351
12268,-0.012399
12269,-0.046230
12270,-0.055054
12271,-0.055908
12272,-0.049479
12273,-0.062557
12274,-0.053353
12275,-0.050955
12276,-0.035711
12277,0.029046
12278,0.068734
12279,0.047095
12280,0.065021
12281,0.027799
12282,-0.035952
12283,0.008796
12284,-0.014414
12285,0.001567
12286,0.030398
12287,-0.012869
12288,-0.037375
12289,-0.015126
12290,-0.006642
12291,0.034121
12292,0.058329
12293,0.054382
12294,0.026002
12295,-0.006864
12296,-0.042253
12297,-0.101352
12298,-0.074080
12299,-0.065983
12300,-0.026257
12301,0.007817
12302,-0.012445
12303,0.014871
12304,0.053394
12305,0.022832
12306,0.029666
12307,0.024369
12308,0.036221
12309,0.009135
12310,0.012906
12311,-0.017541
12312,-0.051809
12313,-0.038359
12314,-0.027531
12315,0.005919
12316,0.002908
12317,0.009991
12318,-0.014029
12319,-0.023747
12320,-0.011270
12321,0.006392
12322,0.011257
12323,0.010292
12324,0.006304
12325,-0.016454
12326,-0.048200
12327,-0.021204
12328,0.050451
12329,0.077691
12330,0.103125
12331,0.056748
12332,-0.054875
12333,-0.108982
12334,-0.090474
12335,-0.029596
12336,0.040052
12337,0.054531
12338,0.036695
12339,0.058470
12340,0.011705
12341,0.018823
12342,0.019692
12343,-0.029006
12344,-0.061340
12345,-0.040307
12346,-0.011623
12347,-0.027049
12348,-0.002099
12349,0.008433
12350,0.022867
12351,0.028049
12352,0.039234
12353,0.044020
12354,0.018512
12355,-0.022828
12356,-0.088945
12357,-0.073556
12358,-0.043201
12359,-0.016892
12360,0.013438
12361,-0.011876
12362,-0.058873
12363,-0.030564
12364,0.079617
12365,0.114284
12366,0.093570
12367,0.045650
12368,-0.029457
12369,-0.033907
12370,-0.025135
12371,-0.040755
12372,-0.006860
12373,0.016761
12374,0.034929
12375,0.011965
12376,0.012263
12377,-0.020397
12378,-0.053883
12379,-0.048336
12380,-0.081885
12381,-0.056645
12382,0.008856
12383,0.023141
12384,0.054877
12385,0.037321
12386,0.016811
12387,0.019207
12388,0.027698
12389,0.033124
12390,0.025461
12391,0.005125
12392,-0.006884
12393,-0.011032
12394,0.020572
12395,-0.014782
12396,-0.033002
12397,-0.069487
12398,-0.062991
12399,-0.018181
12400,0.029379
12401,-0.000893
12402,0.068149
12403,0.077472
12404,0.029863
12405,-0.012714
12406,-0.062484
12407,-0.067367
12408,-0.041126
12409,0.017077
12410,0.022844
12411,0.098722
12412,0.048838
12413,-0.048177
12414,-0.036081
12415,-0.056218
12416,-0.015957
12417,0.005528
12418,0.001099
12419,0.021929
12420,0.006705
12421,0.000486
12422,0.033536
12423,0.034933
12424,0.046952
12425,-0.005286
12426,-0.076800
12427,-0.060842
12428,-0.041564
12429,-0.018971
12430,0.004961
12431,0.049676
12432,0.056214
12433,0.018268
12434,0.037246
12435,0.025103
12436,-0.023774
12437,-0.039200
12438,-0.050802
12439,-0.011266
12440,-0.011240
12441,-0.042259
12442,0.005906
12443,0.036282
12444,0.056644
12445,0.049512
12446,0.061783
12447,-0.014120
12448,-0.068977
12449,-0.091566
12450,-0.061148
12451,-0.023085
12452,0.034283
12453,0.057510
12454,0.021215
12455,-0.001657
12456,-0.003372
12457,-151.853500
12458,581.843689
12459,13.181669
12460,0.000000
12461,82.682571
12462,2250.390137
12463,959.889160
12464,2000.447754
12465,2076.603027
12466,1595.451538
12467,2032.789185
12468,789.132507
12469,2157.308594
12470,1565.255249
12471,1988.039673
12472,1051.065796
12473,846.675659
12474,1998.026978
12475,958.002869
12476,974.792847
12477,2170.975586
12478,1159.902466
12479,1039.129883
12480,1584.250244
12481,721.805115
12482,1804.553589
12483,2049.507324
12484,1191.272583
12485,857.320068
12486,965.151672
12487,585.358826
12488,-0.013187
12489,-0.000236
12490,0.042907
12491,0.030141
12492,0.035833
12493,0.051481
12494,0.067726
12495,0.015426
12496,-0.014305
12497,-0.041272
12498,-0.078232
12499,-0.058971
12500,-0.028573
12501,-0.024810
12502,0.009316
12503,0.018064
12504,-0.016690
12505,-0.000598
12506,-0.023251
12507,-0.042353
12508,0.017001
12509,0.070442
12510,0.083193
12511,0.048250
12512,-0.041469
12513,-0.014667
12514,-0.002438
12515,-0.037929
12516,-0.016157
12517,-0.018419
12518,-0.018016
12519,0.045274
12520,0.070493
12521,0.087469
12522,0.029314
12523,-0.009488
12524,0.002902
12525,-0.032632
12526,-0.058919
12527,-0.065745
12528,-0.011380
12529,0.005848
12530,0.032520
12531,-0.038045
12532,-0.097680
12533,-0.060618
12534,-0.005486
12535,0.054068
12536,-0.003958
12537,-0.022214
12538,-0.017035
12539,0.059112
12540,0.070722
12541,0.092850
12542,0.051371
12543,-0.004794
12544,-0.035502
12545,-0.106400
12546,-0.093172
12547,-0.061268
12548,-0.009841
12549,0.034881
12550,0.036330
12551,0.012105
12552,0.018055
12553,0.058501
12554,0.054012
12555,0.075509
12556,0.078167
12557,0.000618
12558,-0.064269
12559,-0.099808
12560,-0.117774
12561,-0.087742
12562,-0.051048
12563,0.026897
12564,0.095773
12565,0.088780
12566,0.075060
12567,0.045672
12568,0.016028
12569,0.005509
12570,-0.027162
12571,-0.006927
12572,-0.015728
12573,-0.097129
12574,-0.048181
12575,-0.014479
12576,0.010890
12577,0.031661
12578,-0.031191
12579,-0.006614
12580,-0.004023
12581,-0.018841
12582,0.052195
12583,0.012478
12584,0.031711
12585,0.073178
12586,0.044852
12587,0.022265
12588,-0.024999
12589,-0.057217
12590,-0.112013
12591,-0.049611
12592,0.023268
12593,0.070963
12594,0.059050
12595,-0.015074
12596,0.002134
12597,0.012382
12598,-0.023980
12599,-0.005349
12600,-0.020433
12601,-0.033905
12602,0.002257
12603,0.010512
12604,-0.028337
12605,-0.000077
12606,-0.019048
12607,-0.034390
12608,0.003226
12609,0.033430
12610,0.020531
12611,0.053036
12612,0.041780
12613,-0.009124
12614,-0.035533
12615,-0.030967
12616,-0.026203
12617,-0.031682
12618,-0.001669
12619,0.046041
12620,0.043778
12621,0.011828
12622,0.021169
12623,0.016254
12624,0.003247
12625,-0.016680
12626,-0.028404
12627,-0.029302
12628,-0.005899
12629,-0.006860
12630,-0.030680
12631,-0.034492
12632,-0.080560
12633,0.012416
12634,0.010381
12635,0.019080
12636,0.007163
12637,61.818680
12638,981.812134
12639,543.716309
12640,12.359955
12641,243.142212
12642,2.027106
12643,4.508380
12644,3.547327
12645,12.034628
12646,22.690748
12647,8.600885
12648,-3.560511
12649,-9.484534
12650,-9.927693
12651,-3.323973
12652,3.190272
12653,4.527785
12654,4.208650
12655,-4.828602
12656,-11.366297
12657,-13.416309
12658,-12.911311
12659,3.979808
12660,13.716795
12661,17.542383
12662,17.054663
12663,-0.619696
12664,-23.093630
12665,-20.299965
12666,-10.312720
12667,-3.041881
12668,0.366452
12669,9.277944
12670,13.486471
12671,13.895417
12672,12.360279
12673,18.091866
12674,6.717416
12675,5.239480
12676,-5.616079
12677,-15.633297
12678,-1.700311
12679,-0.740969
12680,-8.383587
12681,-9.159420
12682,-11.738354
12683,-9.941707
12684,-4.951979
12685,-1.961048
12686,-0.802515
12687,-3.894594
12688,2.137090
12689,14.431849
12690,30.736013
12691,16.963081
12692,-0.086352
12693,-0.040336
12694,-0.028330
12695,-0.018558
12696,-0.017752
12697,-0.034634
12698,-0.002975
12699,-0.003161
12700,-0.020610
12701,0.017398
12702,0.045255
12703,0.054950
12704,0.096863
12705,0.050698
12706,-0.037709
12707,-0.036537
12708,0.017680
12709,0.004836
12710,-0.034749
12711,-0.058200
12712,-0.071796
12713,-0.065956
12714,-0.096855
12715,-0.049738
12716,0.046369
12717,0.124524
12718,0.151532
12719,0.093681
12720,0.026499
12721,0.035823
12722,-0.006741
12723,-0.025669
12724,-0.028610
12725,-0.034271
12726,-0.060769
12727,-0.076673
12728,-0.042291
12729,-0.019955
12730,-0.027011
12731,0.016110
12732,0.047930
12733,0.076058
12734,0.076208
12735,0.043506
12736,-0.036736
12737,-0.111263
12738,-0.059212
12739,0.018253
12740,0.001497
12741,-0.029040
12742,-0.024642
12743,-0.004406
12744,-0.039011
12745,-0.064092
12746,0.044063
12747,0.080216
12748,0.076465
12749,0.063006
12750,0.015609
12751,0.005576
12752,-0.058109
12753,-0.021469
12754,0.044238
12755,0.036102
12756,0.018508
12757,-0.021127
12758,-0.082876
12759,-0.072840
12760,-0.048135
12761,-0.006801
12762,0.014078
12763,0.017991
12764,-0.004857
12765,0.017592
12766,0.032440
12767,0.031039
12768,0.038952
12769,0.038454
12770,0.032901
12771,-0.003932
12772,-0.057262
12773,-0.087701
12774,-0.066774
12775,-0.068944
12776,-0.029340
12777,0.006415
12778,0.051459
12779,0.029465
12780,0.060664
12781,0.044017
12782,0.033650
12783,-0.000513
12784,0.010698
12785,0.031424
12786,0.011911
12787,-0.002115
12788,-0.011246
12789,-0.035792
12790,0.012551
12791,-0.004152
12792,-0.060399
12793,-0.127990
12794,-0.109593
12795,-0.081300
12796,-0.011871
12797,0.095089
12798,0.113238
12799,0.065452
12800,0.062919
12801,0.056826
12802,0.027321
12803,-0.003457
12804,0.032772
12805,-0.004082
12806,0.006036
12807,0.022059
12808,-0.046246
12809,-0.075139
12810,-0.078043
12811,-0.070134
12812,-0.012387
12813,0.032783
12814,0.045355
12815,0.020985
12816,0.010834
12817,0.015216
12818,0.023628
12819,0.003264
12820,-0.036389
12821,-0.041387
12822,-0.035143
12823,0.014242
12824,0.019463
12825,0.000748
12826,0.019449
12827,0.045681
12828,0.073151
12829,0.034073
12830,0.000720
12831,-0.044621
12832,-0.069495
12833,-0.075735
12834,-0.116535
12835,-0.074860
12836,0.028144
12837,0.084332
12838,0.061287
12839,0.028143
12840,0.006865
12841,0.008421
12842,0.020347
12843,0.014612
12844,0.021534
12845,0.007932
12846,-0.046607
12847,-0.091536
12848,-0.090153
12849,-0.013762
12850,0.047404
12851,0.032996
12852,0.040106
12853,0.005072
12854,-0.012305
12855,0.036146
12856,0.016350
12857,-0.007067
12858,0.036210
12859,0.007450
12860,-0.017034
12861,-0.070203
12862,-0.006718
12863,0.050925
12864,0.070717
12865,0.023105
12866,-0.042727
12867,-0.020172
12868,0.000083
12869,-0.034628
12870,-0.070168
12871,-0.069519
12872,-0.029759
12873,0.026500
12874,0.039404
12875,0.051694
12876,0.072191
12877,0.083273
12878,0.048273
12879,-0.035068
12880,-0.088634
12881,-0.100823
12882,-0.086992
12883,-0.050814
12884,0.005407
12885,0.029920
12886,0.048298
12887,0.086690
12888,0.032545
12889,0.019957
12890,0.014576
12891,0.044337
12892,0.067031
12893,0.045121
12894,0.007435
12895,-0.013592
12896,-0.058507
12897,-0.069690
12898,-0.057462
12899,-0.029543
12900,-0.047057
12901,-0.032197
12902,0.008652
12903,0.026399
12904,-0.001000
12905,0.034300
12906,0.078687
12907,0.036472
12908,0.041959
12909,-0.032344
12910,-0.043980
12911,-0.068081
12912,-0.072291
12913,-0.013552
12914,0.039469
12915,-0.019941
12916,-0.047274
12917,-0.033180
12918,-0.022375
12919,0.030093
12920,0.081719
12921,0.128401
12922,0.090513
12923,0.046100
12924,0.004676
12925,-0.076423
12926,-0.094652
12927,-0.021348
12928,-0.042981
12929,-0.029406
12930,0.011286
12931,0.018521
12932,0.030611
12933,0.031114
12934,0.000321
12935,-0.035495
12936,-0.066839
12937,-0.076227
12938,-0.011802
12939,0.027197
12940,0.085655
12941,0.104659
12942,0.053888
12943,-0.034427
12944,-0.077220
12945,-0.044835
12946,-0.038405
12947,0.030734
12948,0.079700
12949,0.090628
12950,0.040324
12951,-0.022313
12952,-0.063771
12953,-0.102586
12954,-0.085895
12955,-0.041931
12956,0.060224
12957,0.103509
12958,0.022749
12959,-0.047430
12960,-0.010991
12961,0.033819
12962,0.022286
12963,0.032794
12964,0.053880
12965,-0.035746
12966,-0.075718
12967,-0.073690
12968,-0.048667
12969,0.027050
12970,-0.010462
12971,-0.003460
12972,-0.002585
12973,-0.008582
12974,0.040203
12975,0.100956
12976,0.046115
12977,0.008967
12978,-0.007802
12979,-0.047519
12980,-0.039941
12981,-0.054438
12982,-0.043736
12983,0.024780
12984,0.016160
12985,0.021622
12986,-0.003347
12987,-0.029477
12988,-0.021261
12989,-0.021659
12990,0.004335
12991,70.133774
12992,1008.797852
12993,532.814148
12994,12.704909
12995,268.968323
12996,6.017606
12997,5.657774
12998,5.863017
12999,10.955673
13000,20.050169
13001,10.882473
13002,1.060534
13003,-6.824307
13004,1.408182
13005,0.907310
13006,0.550004
13007,-3.198886
13008,-10.531295
13009,-6.660283
13010,-0.281005
13011,-2.189802
13012,4.983038
13013,11.802572
13014,20.620918
13015,12.615252
13016,-5.234583
13017,-26.686062
13018,-14.147903
13019,-9.646523
13020,-10.214504
13021,-8.319091
13022,-11.027476
13023,-4.504249
13024,1.634182
13025,3.917342
13026,17.207832
13027,26.318958
13028,23.485899
13029,34.669769
13030,27.634533
13031,-13.930938
13032,-52.676159
13033,-48.704269
13034,-22.900879
13035,0.746480
13036,16.656174
13037,26.647804
13038,28.095980
13039,17.071749
13040,-21.031830
13041,-29.468048
13042,-15.594592
13043,-6.306162
13044,5.039127
13045,27.470722
13046,-179.874573
13047,0.008084
13048,815.042358
13049,-218.027176
13050,853.886230
13051,-1227.198975
13052,37.636021
13053,-453.393707
13054,711.866577
13055,-160.044357
13056,-1738.802002
13057,-1218.146484
13058,1009.518127
13059,-230.226151
13060,166.225250
13061,-252.726547
13062,783.147034
13063,1722.214478
13064,647.508484
13065,-1000.512146
13066,-81.751831
13067,-2218.298828
13068,481.296783
13069,-1667.387207
13070,-396.622070
13071,-8.928936
13072,-58.137802
13073,46.411652
13074,237.535568
13075,275.024170
13076,546.800659
13077,2062.756836
13078,915.958435
13079,-1705.138550
13080,-1219.801758
13081,-423.841614
13082,-1318.289917
13083,1405.033691
13084,204.478210
13085,1531.612793
13086,1291.474731
13087,-520.272949
13088,-722.629517
13089,-1081.047119
13090,-994.252258
13091,1877.593140
13092,637.407959
13093,1391.922729
13094,-980.316650
13095,727.510864
13096,1344.780029
13097,-1213.361816
13098,-114.697792
13099,1985.730591
13100,0.021026
13101,0.010216
13102,0.024335
13103,0.039283
13104,0.003195
13105,-0.008121
13106,-0.021006
13107,-0.055175
13108,-0.018713
13109,-0.002087
13110,0.043793
13111,0.044723
13112,0.048621
13113,0.072141
13114,0.032675
13115,-0.017801
13116,-0.020838
13117,-0.029794
13118,-0.042063
13119,-0.056474
13120,-0.071802
13121,-0.058435
13122,-0.006809
13123,-0.006239
13124,-0.019558
13125,0.002794
13126,0.060529
13127,0.076771
13128,0.105568
13129,0.048302
13130,-0.035311
13131,-0.021775
13132,0.009673
13133,-0.008184
13134,-0.045326
13135,0.009096
13136,0.023258
13137,-0.012914
13138,-0.030200
13139,-0.032672
13140,-0.026711
13141,-0.029108
13142,-0.022659
13143,0.047952
13144,0.072556
13145,0.006896
13146,-0.024665
13147,-0.030001
13148,-0.028069
13149,-0.038034
13150,172.669937
13151,98.482460
13152,3.136768
13153,1844.623901
13154,614.094238
13155,4.707099
13156,-17.181999
13157,-28.959892
13158,-18.730267
13159,-7.275702
13160,10.768078
13161,18.596567
13162,25.954292
13163,19.946112
13164,1.560474
13165,-4.069386
13166,12.211419
13167,2.485202
13168,-5.113163
13169,-14.475719
13170,-14.397485
13171,-14.596640
13172,-16.788918
13173,-23.584702
13174,-19.519480
13175,-3.372259
13176,14.812693
13177,24.005520
13178,35.751163
13179,23.821360
13180,-8.013737
13181,-32.851639
13182,-41.018711
13183,-13.670560
13184,40.362141
13185,67.976524
13186,59.066776
13187,17.359264
13188,-32.050972
13189,-46.348698
13190,-13.488351
13191,-19.111923
13192,-24.182085
13193,-8.464977
13194,-2.470842
13195,-18.706358
13196,-24.773014
13197,-15.217937
13198,21.046679
13199,39.037880
13200,43.003765
13201,41.427204
13202,25.916079
13203,-4.420713
13204,-0.048830
13205,-0.026511
13206,0.000016
13207,0.058033
13208,0.102750
13209,0.047703
13210,-0.010187
13211,0.005897
13212,-0.000408
13213,-0.030711
13214,-0.038839
13215,-0.035625
13216,-0.034050
13217,0.000955
13218,0.031393
13219,0.031101
13220,0.058488
13221,0.063777
13222,0.023986
13223,-0.053997
13224,-0.062918
13225,-0.006374
13226,0.008426
13227,0.001366
13228,0.013230
13229,0.008421
13230,-0.040334
13231,-0.082297
13232,-0.041901
13233,-0.050675
13234,0.015509
13235,0.075027
13236,0.101618
13237,0.118361
13238,0.020889
13239,-0.026354
13240,-0.059862
13241,-0.068684
13242,-0.029122
13243,-0.045332
13244,0.030030
13245,0.046449
13246,-0.004211
13247,0.010874
13248,0.013531
13249,-0.020090
13250,-0.042844
13251,-0.036165
13252,-0.036445
13253,-0.033739
13254,-0.032470
13255,0.019073
13256,0.015278
13257,0.028170
13258,0.076840
13259,0.000026
13260,0.006083
13261,0.010408
13262,0.012369
13263,0.066558
13264,-0.012984
13265,-0.033220
13266,-0.048238
13267,-0.030572
13268,0.027222
13269,0.048185
13270,-0.003590
13271,0.027120
13272,-0.014213
13273,-0.066096
13274,-0.034876
13275,-0.021167
13276,-0.018859
13277,0.051117
13278,0.070272
13279,0.070466
13280,0.063851
13281,0.020265
13282,-0.050161
13283,-0.029095
13284,-0.021838
13285,-0.027340
13286,0.047042
13287,0.032126
13288,-0.034809
13289,-0.062334
13290,-0.087928
13291,-0.026128
13292,0.023638
13293,0.022377
13294,0.003788
13295,0.008367
13296,0.021477
13297,0.028086
13298,-0.010471
13299,-0.069956
13300,-0.075322
13301,-0.018269
13302,0.042376
13303,0.049376
13304,0.042109
13305,0.055306
13306,0.095251
13307,0.089440
13308,0.085152
13309,0.001222
13310,-0.050262
13311,-0.051518
13312,-0.040831
13313,-0.067198
13314,-0.103511
13315,-0.080079
13316,-0.085833
13317,-0.020938
13318,0.044883
13319,0.009599
13320,0.017953
13321,0.078476
13322,0.062585
13323,0.012819
13324,-0.011126
13325,-0.028910
13326,-0.019270
13327,-0.044306
13328,-0.000702
13329,0.007855
13330,-0.017585
13331,0.032584
13332,0.053644
13333,0.058015
13334,0.033775
13335,-0.014455
13336,0.011823
13337,0.003526
13338,0.015795
13339,-0.014168
13340,-0.084046
13341,-0.042057
13342,-0.002486
13343,-0.033225
13344,-0.003269
13345,-0.020733
13346,-0.056817
13347,-0.065075
13348,-0.047655
13349,0.064423
13350,0.047382
13351,0.061451
13352,0.066160
13353,0.040337
13354,0.054060
13355,0.036381
13356,-0.026533
13357,-0.007235
13358,-0.027734
13359,-0.065920
13360,-0.091690
13361,-0.046842
13362,0.009555
13363,0.034049
13364,0.057527
13365,0.032910
13366,0.028326
13367,0.034718
13368,0.018843
13369,-0.005481
13370,-0.008142
13371,-0.001879
13372,-0.025640
13373,-0.046901
13374,-0.066180
13375,0.004141
13376,0.009790
13377,-0.000771
13378,0.026156
13379,-0.023735
13380,-0.079797
13381,-0.028572
13382,-0.012329
13383,0.068222
13384,0.131499
13385,0.119534
13386,0.088134
13387,-0.001133
13388,-0.076282
13389,-0.078178
13390,-0.092928
13391,-0.086406
13392,-0.059674
13393,-0.032705
13394,0.025936
13395,0.056602
13396,0.049396
13397,0.051524
13398,0.016053
13399,-0.000179
13400,0.001207
13401,0.009070
13402,-0.028220
13403,-0.015935
13404,0.001332
13405,-0.020919
13406,-0.005381
13407,0.057214
13408,0.040121
13409,0.023689
13410,0.013594
13411,-0.004416
13412,-0.056951
13413,-0.055970
13414,-0.042388
13415,0.018477
13416,0.007987
13417,0.004066
13418,0.047778
13419,0.007076
13420,0.042248
13421,0.051542
13422,-0.027585
13423,-0.085619
13424,-0.055681
13425,-0.043026
13426,-0.057373
13427,-0.052360
13428,0.004760
13429,0.069593
13430,0.073418
13431,0.011887
13432,0.038302
13433,0.014122
13434,-0.003942
13435,-0.023628
13436,-0.013122
13437,0.010184
13438,0.011320
13439,-0.016528
13440,-0.001108
13441,0.052427
13442,0.075346
13443,0.036829
13444,-0.047632
13445,-0.094650
13446,-0.070571
13447,-0.041744
13448,-0.031760
13449,0.077487
13450,0.043117
13451,0.017779
13452,0.015125
13453,-0.016456
13454,-0.013828
13455,0.021266
13456,0.001108
13457,-0.046437
13458,-0.042291
13459,-0.016064
13460,0.002550
13461,0.029533
13462,0.014678
13463,0.044669
13464,0.028690
13465,-0.009152
13466,-0.007699
13467,0.001931
13468,0.015120
13469,-0.002329
13470,-0.017566
13471,0.008084
13472,-0.011731
13473,-0.003749
13474,0.015142
13475,-0.012365
13476,0.047917
13477,0.003163
13478,-0.025364
13479,-0.010845
13480,-0.021535
13481,-0.017827
13482,-0.031355
13483,-0.041753
13484,0.019543
13485,0.015393
13486,-0.015220
13487,0.010378
13488,0.027550
13489,-0.020817
13490,-0.034174
13491,0.025781
13492,0.039992
13493,0.044614
13494,0.042908
13495,0.000388
13496,-0.005037
13497,-0.028011
13498,-0.055671
13499,0.001891
13500,0.035487
13501,-0.046151
13502,-0.047912
13503,0.009239
13504,-0.014540
13505,0.001315
13506,0.023966
13507,0.046041
13508,0.062776
13509,0.028525
13510,-0.044339
13511,-0.058137
13512,-0.098645
13513,-0.075082
13514,-0.013491
13515,0.031943
13516,0.057984
13517,0.044638
13518,0.009967
13519,0.006179
13520,0.041781
13521,0.068176
13522,0.028986
13523,-0.024903
13524,-0.112225
13525,-0.126948
13526,-0.072641
13527,-0.005264
13528,0.066056
13529,0.063041
13530,0.081853
13531,0.072205
13532,-0.013552
13533,-0.011272
13534,0.002266
13535,0.027254
13536,-0.026609
13537,-0.033646
13538,-0.034548
13539,-0.012815
13540,0.003495
13541,-0.001133
13542,-0.018067
13543,-0.016994
13544,-0.016797
13545,0.010343
13546,-0.025744
13547,-0.038224
13548,-0.024515
13549,0.021271
13550,0.062748
13551,0.072127
13552,0.080049
13553,0.049647
13554,0.008088
13555,-0.035226
13556,-0.005123
13557,-0.010764
13558,-0.045829
13559,-0.028913
13560,-0.009400
13561,-0.009104
13562,0.006128
13563,-0.019646
13564,-0.038427
13565,-0.014271
13566,0.012259
13567,0.039695
13568,0.087297
13569,0.039266
13570,-0.006620
13571,-0.054102
13572,-0.040275
13573,-0.030025
13574,-0.012036
13575,-0.012713
13576,-0.050749
13577,0.009394
13578,0.029671
13579,0.022311
13580,0.016170
13581,-0.002550
13582,0.044114
13583,0.042936
13584,0.001907
13585,-0.035395
13586,-0.020293
13587,-0.051999
13588,-0.053137
13589,-0.009461
13590,0.009996
13591,0.025013
13592,0.035589
13593,-0.008286
13594,-0.002698
13595,0.024294
13596,-0.067636
13597,-0.042936
13598,0.015079
13599,0.022536
13600,0.042629
13601,0.053315
13602,0.018322
13603,0.027716
13604,-0.007719
13605,-0.041460
13606,0.017810
13607,0.069351
13608,0.024312
13609,-0.009281
13610,-0.020236
13611,-0.088446
13612,-0.061085
13613,-0.074873
13614,-0.011750
13615,0.073031
13616,0.064228
13617,0.018119
13618,0.052782
13619,-0.006026
13620,-0.023570
13621,-0.049565
13622,-0.050298
13623,0.031698
13624,0.003955
13625,-0.014636
13626,0.008295
13627,-0.024596
13628,0.003447
13629,-0.000673
13630,-0.016674
13631,0.006417
13632,0.064735
13633,0.075431
13634,0.011382
13635,-0.035898
13636,-0.043173
13637,-0.056245
13638,-0.068779
13639,-0.077402
13640,-0.033917
13641,0.004234
13642,0.085462
13643,0.112056
13644,0.066056
13645,-0.000213
13646,-0.018557
13647,-0.077961
13648,-0.002511
13649,0.043111
13650,0.038847
13651,0.001420
13652,0.013827
13653,-0.004077
13654,161.319153
13655,114.232986
13656,2.909044
13657,1788.206055
13658,551.482056
13659,-4.071797
13660,-7.217153
13661,-22.159935
13662,-16.446507
13663,-13.007593
13664,14.453069
13665,52.369278
13666,39.788704
13667,-1.647593
13668,-41.139305
13669,-62.737122
13670,-31.941715
13671,12.593639
13672,30.042589
13673,43.211956
13674,40.664307
13675,4.183644
13676,-28.677839
13677,-41.475407
13678,-22.157362
13679,10.648517
13680,37.044361
13681,58.175137
13682,21.468145
13683,-26.230820
13684,-50.466763
13685,-60.674412
13686,-49.882629
13687,-14.598168
13688,25.445541
13689,65.201065
13690,89.389259
13691,57.747593
13692,-6.255952
13693,-44.307716
13694,-59.466351
13695,-35.448078
13696,-5.968855
13697,6.297086
13698,-3.916361
13699,-17.022667
13700,2.032722
13701,22.893648
13702,22.297632
13703,31.057322
13704,27.368292
13705,15.026232
13706,-16.171001
13707,-40.948215
13708,-0.017841
13709,0.009554
13710,-0.026164
13711,-0.050722
13712,-0.051039
13713,-0.036478
13714,-0.000298
13715,0.073940
13716,0.060155
13717,0.021993
13718,0.020229
13719,-0.032878
13720,-0.049929
13721,-0.029463
13722,-0.039848
13723,0.015792
13724,0.066383
13725,0.024289
13726,0.024280
13727,0.014287
13728,-0.064961
13729,-0.038460
13730,-0.004293
13731,-0.032409
13732,-0.015786
13733,0.049917
13734,0.035186
13735,0.019653
13736,-0.011492
13737,-0.035275
13738,-0.007140
13739,0.027292
13740,-0.007810
13741,0.002144
13742,0.018547
13743,0.057085
13744,0.039159
13745,-0.011469
13746,-0.055356
13747,-0.074154
13748,-0.017306
13749,-0.028795
13750,-0.086203
13751,0.007211
13752,0.030717
13753,0.040550
13754,0.021776
13755,-0.005773
13756,0.032126
13757,0.064910
13758,0.010089
13759,-0.022244
13760,-0.026918
13761,-0.030100
13762,0.003730
13763,0.030280
13764,0.008296
13765,0.009659
13766,0.034602
13767,0.021925
13768,0.017603
13769,-0.011317
13770,-0.031029
13771,-0.036134
13772,-0.017632
13773,0.005004
13774,0.025816
13775,0.027275
13776,-0.034172
13777,-0.048578
13778,-0.043432
13779,-0.055742
13780,-0.007560
13781,0.002320
13782,-0.016895
13783,-0.034208
13784,-0.035839
13785,0.031730
13786,0.058456
13787,0.029351
13788,0.040611
13789,-0.007642
13790,-0.013712
13791,0.027271
13792,-0.038435
13793,0.011397
13794,0.031333
13795,-0.026494
13796,0.025647
13797,0.105191
13798,0.073432
13799,0.047383
13800,-0.028000
13801,-0.037731
13802,0.005356
13803,-0.049956
13804,-0.081746
13805,0.001999
13806,0.012023
13807,0.004457
13808,-0.024344
13809,-0.028610
13810,-0.041213
13811,-0.014247
13812,0.012759
13813,0.011182
13814,0.007137
13815,-0.005697
13816,-0.037367
13817,0.012698
13818,0.060737
13819,0.084170
13820,0.057657
13821,0.030099
13822,-0.054238
13823,-0.066455
13824,-0.066301
13825,-0.058105
13826,-0.012217
13827,0.029306
13828,0.072712
13829,0.098062
13830,0.071021
13831,0.067872
13832,-0.006972
13833,-0.086678
13834,-0.116823
13835,-0.102659
13836,-0.113590
13837,-0.092638
13838,-0.001621
13839,0.030258
13840,0.003347
13841,0.060308
13842,0.118589
13843,0.091427
13844,0.065519
13845,0.053083
13846,0.051971
13847,0.058287
13848,0.025397
13849,-0.023879
13850,-0.082926
13851,-0.115527
13852,-0.073696
13853,-0.007357
13854,0.069699
13855,0.022887
13856,-0.029485
13857,-0.042673
13858,156.724792
13859,120.608200
13860,2.816870
13861,1768.960205
13862,540.683105
13863,-9.809192
13864,-44.337349
13865,-66.081779
13866,-37.313309
13867,5.114304
13868,60.068867
13869,69.523712
13870,39.072865
13871,-7.447861
13872,-38.719410
13873,-47.971413
13874,-37.529903
13875,14.419590
13876,46.863132
13877,40.137695
13878,10.882932
13879,-16.778786
13880,-29.520342
13881,-41.830975
13882,-25.669100
13883,6.758285
13884,33.336052
13885,26.233423
13886,19.092478
13887,21.958416
13888,2.534571
13889,-5.082397
13890,-11.423283
13891,-22.414158
13892,-18.047674
13893,2.228486
13894,10.613776
13895,-5.249533
13896,-12.076985
13897,-14.109191
13898,0.155218
13899,5.686543
13900,-2.407531
13901,-14.027262
13902,-1.211390
13903,8.882201
13904,36.391342
13905,33.037941
13906,19.062101
13907,-9.592941
13908,-31.982111
13909,-38.423721
13910,-30.781143
13911,-2.515986
13912,-0.085260
13913,-0.015652
13914,0.040065
13915,0.024217
13916,0.028937
13917,0.035754
13918,0.006673
13919,0.023264
13920,-0.020726
13921,-0.007573
13922,-0.012705
13923,-0.037253
13924,-0.040716
13925,-0.010603
13926,0.002100
13927,-0.002671
13928,-0.007536
13929,0.044720
13930,0.028668
13931,-0.010512
13932,-0.010471
13933,-0.011110
13934,0.017034
13935,0.031492
13936,0.023886
13937,0.037826
13938,0.054845
13939,0.015131
13940,-0.061214
13941,-0.084828
13942,-0.028534
13943,-0.011988
13944,0.023161
13945,0.048681
13946,-0.010743
13947,-0.034708
13948,-0.028008
13949,-0.045797
13950,-0.017147
13951,-0.028107
13952,-0.025692
13953,-0.004165
13954,0.051934
13955,0.079560
13956,0.016617
13957,0.036756
13958,0.046159
13959,0.017788
13960,0.003317
13961,-0.000194
13962,0.013102
13963,0.002532
13964,-0.008849
13965,-0.009403
13966,-0.030863
13967,-0.013293
13968,-0.016282
13969,-0.043552
13970,-0.066970
13971,-0.013633
13972,0.035946
13973,0.051072
13974,0.042208
13975,0.006989
13976,-0.046198
13977,-0.065103
13978,-0.042265
13979,-0.014371
13980,0.019600
13981,0.033325
13982,0.038500
13983,0.038700
13984,-0.006845
13985,-0.002693
13986,0.030278
13987,0.004068
13988,-0.027530
13989,0.050886
13990,0.054886
13991,-0.039571
13992,-0.053646
13993,-0.041664
13994,-0.068985
13995,-0.065633
13996,-0.027058
13997,-0.018600
13998,0.043361
13999,0.056326
14000,0.039130
14001,0.040175
14002,0.062374
14003,0.053640
14004,-0.018185
14005,-0.023425
14006,-0.071151
14007,-0.083735
14008,-0.048251
14009,-0.049102
14010,0.001353
14011,-0.008413
14012,-0.017333
14013,0.056334
14014,0.047466
14015,0.022310
14016,0.093360
14017,0.094697
14018,0.056020
14019,0.052140
14020,0.000154
14021,-0.027685
14022,-0.068175
14023,-0.119200
14024,-0.125757
14025,-0.004905
14026,0.018578
14027,-0.020710
14028,-0.032850
14029,-0.021318
14030,-0.004363
14031,0.017050
14032,-0.013320
14033,0.015254
14034,0.072995
14035,0.066075
14036,0.114248
14037,0.068634
14038,-0.023031
14039,0.002700
14040,-0.002681
14041,-0.065523
14042,-0.075070
14043,-0.065187
14044,-0.031450
14045,-0.012627
14046,0.020534
14047,0.050462
14048,-0.004336
14049,0.026353
14050,0.024523
14051,-0.025207
14052,0.001746
14053,-0.012557
14054,-0.012927
14055,0.018440
14056,-0.055001
14057,-0.036839
14058,-0.018832
14059,-0.000832
14060,0.070467
14061,0.040150
14062,0.043623
14063,-0.049749
14064,-0.072016
14065,0.023391
14066,0.007565
14067,0.010633
14068,0.017285
14069,-0.008710
14070,-0.021968
14071,0.012240
14072,-0.000794
14073,0.006049
14074,0.001291
14075,0.001730
14076,0.041603
14077,0.005683
14078,-0.063228
14079,-0.051235
14080,-0.037746
14081,0.004105
14082,-0.005985
14083,0.025029
14084,0.044452
14085,0.045777
14086,0.020908
14087,0.018867
14088,-0.042548
14089,-0.028714
14090,0.000616
14091,0.001822
14092,0.019834
14093,0.031212
14094,0.026078
14095,0.022223
14096,-0.020411
14097,-0.045694
14098,-0.065404
14099,-0.067396
14100,-0.003339
14101,0.023604
14102,0.041559
14103,0.006144
14104,0.027405
14105,0.050923
14106,0.028124
14107,0.027117
14108,-0.010264
14109,-0.047843
14110,-0.010493
14111,-0.012600
14112,-0.031660
14113,-0.005586
14114,-0.001890
14115,-0.031632
14116,-0.030696
14117,-0.008231
14118,-0.034484
14119,-0.027600
14120,-0.009451
14121,-0.025294
14122,0.013343
14123,0.008679
14124,0.018252
14125,0.034397
14126,0.001440
14127,0.022626
14128,0.030259
14129,-0.022493
14130,-0.018468
14131,0.022576
14132,-0.008884
14133,0.015505
14134,0.017404
14135,0.017550
14136,0.034212
14137,0.003936
14138,-0.034952
14139,-0.112077
14140,-0.052809
14141,-0.028734
14142,0.031451
14143,0.052141
14144,0.045394
14145,0.058315
14146,0.022134
14147,-0.027365
14148,-0.022759
14149,-0.012649
14150,-0.050085
14151,-0.014867
14152,0.022554
14153,-0.016781
14154,0.028249
14155,0.037942
14156,0.027968
14157,-0.000251
14158,0.007628
14159,-0.002618
14160,-0.017272
14161,0.009879
14162,0.022630
14163,-0.014541
14164,-0.029900
14165,-0.050540
14166,-0.032919
14167,-0.042916
14168,-0.011558
14169,0.078233
14170,0.051428
14171,0.007239
14172,-0.026546
14173,-0.062370
14174,-0.027713
14175,0.020976
14176,0.025075
14177,0.039671
14178,0.017054
14179,-0.009278
14180,-0.002297
14181,0.001097
14182,0.026091
14183,-0.015143
14184,-0.025093
14185,-0.000360
14186,-0.005482
14187,0.024972
14188,0.001688
14189,-0.019488
14190,0.005816
14191,-0.025061
14192,-0.041656
14193,-0.010359
14194,-0.017151
14195,0.052883
14196,0.096211
14197,0.016034
14198,0.030037
14199,0.000550
14200,-0.089723
14201,-0.068661
14202,-0.050811
14203,-0.052320
14204,-0.003304
14205,0.013084
14206,0.020475
14207,0.060621
14208,0.069660
14209,0.026429
14210,0.057605
14211,0.028125
14212,148.752213
14213,131.671066
14214,2.656921
14215,1729.176270
14216,541.933411
14217,62.798843
14218,29.223801
14219,-16.598301
14220,-51.453423
14221,-58.093510
14222,-33.086369
14223,-6.541493
14224,19.285244
14225,-0.195925
14226,-17.984377
14227,-3.582784
14228,8.057956
14229,14.834668
14230,12.204141
14231,5.879049
14232,8.350092
14233,17.932405
14234,10.907619
14235,-25.741108
14236,-43.631416
14237,-13.914697
14238,23.429619
14239,45.919823
14240,35.118172
14241,-1.699073
14242,-19.982386
14243,-21.452829
14244,-30.377337
14245,-23.306425
14246,11.846407
14247,10.471152
14248,13.145494
14249,-2.869870
14250,1.094898
14251,4.438749
14252,9.656001
14253,26.279293
14254,15.266298
14255,3.413327
14256,-33.009399
14257,-53.784519
14258,-43.427559
14259,-6.135836
14260,33.072834
14261,46.005444
14262,30.164824
14263,9.489989
14264,-3.049221
14265,-8.338073
14266,0.047819
14267,-0.019142
14268,-0.048527
14269,-0.093780
14270,-0.103590
14271,-0.055427
14272,0.003943
14273,0.069518
14274,0.082215
14275,0.017949
14276,-0.016984
14277,-0.076008
14278,-0.073794
14279,-0.033445
14280,0.014041
14281,0.058815
14282,0.049985
14283,0.027247
14284,0.047811
14285,-0.009025
14286,-0.022734
14287,0.020924
14288,-0.020479
14289,-0.001809
14290,-0.007836
14291,-0.039425
14292,0.009504
14293,0.040161
14294,0.038659
14295,0.044857
14296,-0.038206
14297,-0.069225
14298,-0.043719
14299,-0.011870
14300,0.080639
14301,0.033532
14302,0.042926
14303,0.001661
14304,-0.082098
14305,-0.058148
14306,-0.031582
14307,0.015057
14308,0.047628
14309,0.036598
14310,0.040143
14311,0.022100
14312,-0.011615
14313,-0.069755
14314,-0.050748
14315,-0.009788
14316,-0.037357
14317,-0.029272
14318,-0.005523
14319,0.005071
14320,0.063500
14321,0.078097
14322,0.089044
14323,0.086347
14324,0.020410
14325,-0.039073
14326,-0.044414
14327,-0.088441
14328,-0.073282
14329,-0.036141
14330,-0.008371
14331,0.006264
14332,-0.020940
14333,0.010093
14334,0.036697
14335,0.020980
14336,0.017567
14337,0.006811
14338,0.039586
14339,0.049911
14340,0.003228
14341,0.004320
14342,-0.045723
14343,-0.038772
14344,-0.026765
14345,0.025940
14346,0.034487
14347,-0.006310
14348,-0.007276
14349,-0.051521
14350,-0.052262
14351,-0.003319
14352,-0.019179
14353,0.055813
14354,0.043199
14355,0.069536
14356,0.033336
14357,-0.035170
14358,-0.068094
14359,-0.078896
14360,-0.061598
14361,-0.034761
14362,-0.001400
14363,0.044877
14364,0.076560
14365,0.106417
14366,0.107053
14367,0.039234
14368,-0.060058
14369,-0.094303
14370,-0.078689
14371,-0.048550
14372,-0.004948
14373,-0.029550
14374,-0.022212
14375,0.036369
14376,0.087117
14377,0.057672
14378,0.021440
14379,-0.011840
14380,-0.033576
14381,-0.033461
14382,0.007421
14383,0.013411
14384,-0.004230
14385,-0.001901
14386,0.023810
14387,-0.007145
14388,0.026228
14389,0.011929
14390,-0.023522
14391,-0.010605
14392,-0.017082
14393,0.001788
14394,-0.002669
14395,-0.022548
14396,-0.043699
14397,-0.048620
14398,-0.028433
14399,0.017541
14400,0.003528
14401,0.017269
14402,0.044691
14403,0.008539
14404,-0.015414
14405,-0.030586
14406,0.018121
14407,0.044870
14408,0.049847
14409,0.036830
14410,-0.006714
14411,-0.022580
14412,-0.025569
14413,-0.051208
14414,-0.031247
14415,-0.021941
14416,-0.027169
14417,-0.041539
14418,-0.027051
14419,0.038990
14420,0.046746
14421,0.030875
14422,0.033186
14423,0.097408
14424,0.077005
14425,0.034525
14426,0.001241
14427,-0.065147
14428,-0.100625
14429,-0.090373
14430,-0.072374
14431,-0.062556
14432,-0.020733
14433,0.100588
14434,0.081260
14435,0.058208
14436,0.046462
14437,0.008111
14438,0.017104
14439,-0.037514
14440,-0.072300
14441,-0.045369
14442,-0.024256
14443,-0.050863
14444,-0.028643
14445,0.003213
14446,0.056114
14447,0.070169
14448,0.074491
14449,0.042278
14450,-0.050786
14451,-0.080498
14452,-0.042041
14453,-0.040959
14454,-0.013247
14455,0.058643
14456,0.048223
14457,0.045625
14458,0.062808
14459,0.069975
14460,-0.013139
14461,0.014681
14462,0.023419
14463,-0.025057
14464,-0.018054
14465,-0.077271
14466,143.031784
14467,139.608841
14468,2.542155
14469,1700.700195
14470,506.205902
14471,31.505690
14472,13.491474
14473,-13.105735
14474,-28.684994
14475,-34.901302
14476,-35.350445
14477,-17.817820
14478,25.469965
14479,48.465427
14480,60.798355
14481,46.603455
14482,-4.233002
14483,-38.783092
14484,-50.988255
14485,-45.563690
14486,-25.689505
14487,0.312744
14488,31.306469
14489,10.413430
14490,-1.300456
14491,-1.820364
14492,-22.091127
14493,-20.868185
14494,3.552436
14495,27.423512
14496,47.810665
14497,56.285675
14498,18.534676
14499,-10.597126
14500,-37.941555
14501,-48.645184
14502,-35.786434
14503,4.177592
14504,31.511456
14505,21.532503
14506,29.714708
14507,18.182364
14508,-24.571873
14509,-49.758263
14510,-23.743858
14511,-8.317920
14512,15.002580
14513,24.692854
14514,6.547025
14515,-20.958727
14516,-24.795748
14517,-20.127337
14518,-10.876793
14519,23.555216
14520,0.003303
14521,-0.054424
14522,-0.042473
14523,0.002973
14524,-0.001373
14525,0.004618
14526,-0.027362
14527,-0.028104
14528,-0.033601
14529,0.002875
14530,0.031050
14531,-0.002876
14532,-0.014794
14533,-0.000568
14534,0.021484
14535,0.035108
14536,0.055156
14537,0.069747
14538,0.078999
14539,0.023133
14540,-0.042153
14541,-0.071036
14542,-0.056086
14543,0.016634
14544,0.003116
14545,-0.010268
14546,-0.028935
14547,-0.012299
14548,0.039885
14549,0.026193
14550,0.001708
14551,0.032059
14552,-0.013851
14553,-0.045244
14554,-0.032327
14555,-0.076436
14556,-0.050300
14557,0.003150
14558,0.000134
14559,0.031610
14560,0.057676
14561,0.021139
14562,0.013275
14563,0.028412
14564,0.042999
14565,0.019196
14566,-0.007461
14567,-0.017945
14568,-0.079702
14569,-0.091546
14570,-0.053355
14571,0.000502
14572,0.066324
14573,0.014692
14574,-0.052427
14575,-0.030747
14576,-0.012820
14577,0.032142
14578,0.055817
14579,0.075379
14580,0.081064
14581,-0.008244
14582,-0.008333
14583,0.005408
14584,-0.044467
14585,0.037416
14586,0.024615
14587,0.003038
14588,-0.009200
14589,-0.059004
14590,-0.011613
14591,-0.032975
14592,-0.038713
14593,0.029367
14594,0.014716
14595,0.030935
14596,0.046581
14597,-0.005810
14598,-0.019032
14599,-0.033834
14600,-0.034558
14601,0.022043
14602,0.019987
14603,0.017926
14604,-0.009761
14605,-0.058944
14606,-0.051648
14607,-0.056807
14608,-0.035918
14609,0.014188
14610,0.025391
14611,0.033464
14612,0.076351
14613,0.041817
14614,-0.005054
14615,-0.010522
14616,0.019750
14617,0.027191
14618,0.035601
14619,0.011897
14620,0.004263
14621,-0.057710
14622,-0.078349
14623,-0.044926
14624,-0.005931
14625,-0.009912
14626,0.012352
14627,0.043095
14628,0.027302
14629,0.022702
14630,0.039695
14631,-0.009433
14632,-0.032660
14633,-0.034022
14634,-0.032187
14635,0.001405
14636,0.076230
14637,0.087230
14638,0.047651
14639,0.047765
14640,0.024243
14641,-0.052636
14642,-0.090471
14643,-0.072947
14644,-0.055555
14645,0.001741
14646,0.062937
14647,0.026602
14648,-0.023335
14649,-0.071817
14650,-0.064470
14651,-0.047337
14652,-0.012055
14653,0.056315
14654,0.061814
14655,0.010788
14656,-0.034091
14657,-0.058245
14658,-0.035913
14659,0.027773
14660,0.069017
14661,0.087915
14662,0.070375
14663,0.024283
14664,-0.031292
14665,-0.034640
14666,-0.046829
14667,-0.055641
14668,-0.023601
14669,0.023414
14670,-0.003817
14671,-0.023024
14672,0.030007
14673,0.026301
14674,0.007466
14675,-0.003290
14676,-0.005186
14677,0.004910
14678,-0.014294
14679,-0.014394
14680,-0.021648
14681,-0.070632
14682,-0.041776
14683,0.013709
14684,0.032111
14685,0.033602
14686,0.046627
14687,0.025472
14688,0.029397
14689,-0.007128
14690,-0.059185
14691,-0.037702
14692,-0.081676
14693,-0.015109
14694,0.100095
14695,0.126530
14696,0.053762
14697,0.006631
14698,-0.010036
14699,-0.017054
14700,-0.062302
14701,-0.056413
14702,-0.044742
14703,-0.015551
14704,0.006372
14705,0.051909
14706,0.012077
14707,-0.047333
14708,0.020094
14709,-0.024112
14710,-0.032662
14711,0.026563
14712,-0.000709
14713,-0.036163
14714,0.010322
14715,0.011921
14716,0.046171
14717,0.038855
14718,0.030365
14719,0.087636
14720,0.060699
14721,0.031562
14722,0.007695
14723,-0.045470
14724,-0.054754
14725,-0.075418
14726,-0.125511
14727,-0.052387
14728,-0.012404
14729,-0.002968
14730,0.051943
14731,0.019442
14732,-0.003282
14733,0.035985
14734,0.065408
14735,0.046483
14736,-0.003137
14737,-0.066514
14738,-0.017926
14739,-0.003881
14740,-0.023232
14741,-0.053027
14742,0.002597
14743,0.039117
14744,0.019308
14745,0.060236
14746,0.056960
14747,-0.028750
14748,0.031004
14749,-0.018205
14750,-0.039227
14751,-0.051976
14752,-0.046250
14753,0.001517
14754,0.008042
14755,0.007976
14756,0.027342
14757,0.017874
14758,-0.019435
14759,0.033308
14760,0.019068
14761,-0.023728
14762,-0.052594
14763,-0.016235
14764,-0.008680
14765,-0.016871
14766,0.050115
14767,0.052093
14768,0.038913
14769,0.033333
14770,0.028427
14771,0.014101
14772,-0.065389
14773,-0.055185
14774,-0.029209
14775,-0.015324
14776,0.010749
14777,0.048953
14778,0.071862
14779,0.027083
14780,-0.017777
14781,-0.033831
14782,-0.095743
14783,-0.079843
14784,-0.024345
14785,-0.019015
14786,0.008209
14787,0.084219
14788,0.056788
14789,0.020337
14790,0.052315
14791,0.023591
14792,-0.042358
14793,-0.072030
14794,0.012688
14795,0.027235
14796,-0.048391
14797,-0.025823
14798,-0.005805
14799,-0.031841
14800,-0.006574
14801,0.013125
14802,0.016673
14803,0.051263
14804,0.083311
14805,0.046174
14806,-0.029158
14807,-0.081022
14808,-0.018465
14809,0.027576
14810,0.025832
14811,0.000572
14812,-0.014891
14813,-0.029437
14814,-0.062993
14815,-0.020745
14816,0.024573
14817,0.099598
14818,0.088949
14819,0.012018
14820,-0.033891
14821,-0.052338
14822,-0.061571
14823,-0.099270
14824,-0.077887
14825,-0.022804
14826,-0.017157
14827,0.039616
14828,0.094135
14829,0.057126
14830,0.019757
14831,0.012463
14832,-0.001731
14833,-0.012890
14834,-0.038261
14835,-0.023632
14836,0.014697
14837,0.052077
14838,0.038118
14839,-0.027053
14840,-0.006929
14841,0.017047
14842,-0.008328
14843,-0.003483
14844,-0.040828
14845,-0.032875
14846,-0.002922
14847,0.030895
14848,0.018441
14849,0.034896
14850,0.008310
14851,-0.014079
14852,-0.014169
14853,0.025864
14854,-0.005004
14855,-0.005421
14856,0.024566
14857,-0.005313
14858,-0.025170
14859,-0.052023
14860,-0.086292
14861,-0.050380
14862,0.030612
14863,0.082334
14864,0.048051
14865,-0.000508
14866,-0.023093
14867,-0.018104
14868,0.010392
14869,0.012079
14870,0.054110
14871,0.002686
14872,0.001216
14873,0.013334
14874,-0.024019
14875,0.015952
14876,0.015837
14877,-0.000814
14878,-0.048931
14879,-0.092300
14880,-0.036627
14881,0.021463
14882,-0.006153
14883,-0.045417
14884,-0.001420
14885,-0.002475
14886,0.001221
14887,0.068777
14888,0.073135
14889,0.091367
14890,0.046037
14891,-0.024250
14892,-0.100902
14893,-0.067357
14894,-0.003791
14895,0.035837
14896,0.067771
14897,0.051613
14898,0.030623
14899,-0.012719
14900,-0.049868
14901,-0.057747
14902,-0.035868
14903,-0.021932
14904,-0.002075
14905,-0.050990
14906,0.010989
14907,-0.023101
14908,-0.053206
14909,-0.001853
14910,-0.019329
14911,-0.009428
14912,0.022517
14913,0.014180
14914,0.043445
14915,0.069040
14916,0.029413
14917,-0.004676
14918,-0.008504
14919,-0.012970
14920,132.807068
14921,153.796814
14922,2.337023
14923,1653.942993
14924,436.998993
14925,0.929408
14926,-42.137306
14927,-64.979538
14928,-40.573486
14929,11.766911
14930,51.662109
14931,47.512321
14932,46.792435
14933,63.475555
14934,47.588436
14935,7.694056
14936,-39.791763
14937,-50.412720
14938,-30.294489
14939,-8.626130
14940,-23.302433
14941,-29.522383
14942,-3.957075
14943,9.257967
14944,19.654585
14945,6.863317
14946,-9.027661
14947,-32.928043
14948,-39.935452
14949,-7.593943
14950,36.288353
14951,65.898346
14952,57.709805
14953,30.794451
14954,0.002171
14955,-38.164711
14956,-51.811180
14957,-41.058765
14958,-16.962664
14959,26.327354
14960,38.459320
14961,38.500580
14962,8.879631
14963,-23.767811
14964,-36.101128
14965,-31.410263
14966,4.952749
14967,33.573906
14968,26.574810
14969,-11.594526
14970,-28.525684
14971,-26.056376
14972,1.913099
14973,14.569314
14974,0.022654
14975,-0.000821
14976,0.038708
14977,0.008897
14978,0.011005
14979,0.012927
14980,-0.057437
14981,-0.014032
14982,-0.000505
14983,-0.006342
14984,0.044544
14985,0.022660
14986,0.002910
14987,-0.043933
14988,-0.120841
14989,-0.022069
14990,0.001127
14991,-0.014384
14992,0.019816
14993,0.029204
14994,0.054537
14995,0.027942
14996,0.026821
14997,-0.019069
14998,-0.083371
14999,-0.042096
15000,-0.011548
15001,0.034276
15002,0.081510
15003,0.047610
15004,0.048207
15005,0.042239
15006,-0.013639
15007,-0.049403
15008,-0.077341
15009,-0.058621
15010,-0.025627
15011,-0.064148
15012,-0.008019
15013,0.031976
15014,0.061926
15015,0.067719
15016,0.042311
15017,0.030075
15018,-0.007374
15019,-0.012966
15020,-0.020044
15021,-0.032499
15022,-0.042023
15023,-0.051264
15024,-0.020545
15025,-0.002196
15026,-0.020636
15027,-0.004619
15028,-0.000515
15029,0.014899
15030,0.026994
15031,0.047088
15032,0.031139
15033,-0.001956
15034,-0.008805
15035,-0.042259
15036,-0.016424
15037,0.031304
15038,0.051967
15039,0.050333
15040,-0.001438
15041,-0.029216
15042,-0.062524
15043,-0.032637
15044,0.020617
15045,0.011564
15046,0.007680
15047,0.003637
15048,-0.050301
15049,-0.030266
15050,-0.046323
15051,0.028857
15052,0.142560
15053,0.077761
15054,0.041877
15055,0.016208
15056,-0.012099
15057,-0.060906
15058,-0.065972
15059,-0.046761
15060,-0.014633
15061,-0.027767
15062,-0.052107
15063,-0.046850
15064,-0.011743
15065,-0.007060
15066,0.015727
15067,0.073191
15068,0.096347
15069,0.040465
15070,0.003759
15071,-0.050045
15072,-0.091191
15073,-0.040003
15074,0.023119
15075,0.063924
15076,0.060719
15077,0.075024
15078,0.053132
15079,-0.024693
15080,-0.053023
15081,-0.082496
15082,-0.086715
15083,-0.039262
15084,0.041948
15085,0.016089
15086,0.031387
15087,-0.049166
15088,-0.034706
15089,0.008431
15090,0.004162
15091,-0.006307
15092,0.044385
15093,0.039705
15094,-0.000849
15095,-0.018525
15096,-0.021671
15097,0.012242
15098,-0.004176
15099,-0.022449
15100,0.022297
15101,0.018395
15102,0.029182
15103,0.033656
15104,0.062164
15105,0.002861
15106,-0.021334
15107,-0.037266
15108,-0.019861
15109,-0.051401
15110,-0.024352
15111,0.002662
15112,-0.000491
15113,-0.003221
15114,-0.014769
15115,0.040114
15116,0.070410
15117,0.000333
15118,0.035071
15119,0.042575
15120,0.004014
15121,-0.063762
15122,-0.071061
15123,-0.081415
15124,-0.064140
15125,-0.045568
15126,-0.019614
15127,0.028923
15128,0.069699
15129,0.077839
15130,0.112593
15131,0.084158
15132,-0.005675
15133,-0.030177
15134,-0.066024
15135,-0.105472
15136,-0.104154
15137,-0.037928
15138,0.043953
15139,0.060718
15140,0.064913
15141,-0.003029
15142,0.009357
15143,0.049343
15144,-0.032698
15145,-0.022554
15146,-0.006944
15147,-0.021780
15148,0.011701
15149,0.024063
15150,0.013745
15151,0.014766
15152,-0.025984
15153,-0.059603
15154,0.005114
15155,-0.011371
15156,0.016911
15157,0.046752
15158,0.022897
15159,-0.001152
15160,-0.040424
15161,-0.033754
15162,-0.019064
15163,-0.026793
15164,0.030369
15165,0.057876
15166,0.067107
15167,0.063643
15168,0.001982
15169,-0.091121
15170,-0.065094
15171,-0.015713
15172,-0.021550
15173,0.003886
15174,0.030923
15175,0.013144
15176,0.016298
15177,-0.026601
15178,0.003986
15179,-0.010561
15180,-0.017982
15181,-0.033942
15182,-0.030229
15183,0.003057
15184,0.022699
15185,0.001722
15186,0.030852
15187,-0.023336
15188,-0.021636
15189,0.004263
15190,0.051269
15191,0.086581
15192,0.074938
15193,-0.007490
15194,-0.048723
15195,-0.046364
15196,-0.054075
15197,-0.000955
15198,0.016999
15199,0.034827
15200,0.024450
15201,0.020224
15202,-0.001004
15203,-0.030534
15204,-0.028208
15205,-0.038804
15206,0.015645
15207,0.001735
15208,0.033919
15209,0.015618
15210,-0.019824
15211,-0.026448
15212,-0.026029
15213,0.007667
15214,0.002569
15215,-0.024412
15216,-0.025124
15217,-0.014823
15218,0.019385
15219,0.033573
15220,0.023602
15221,-0.010627
15222,0.004989
15223,0.026344
15224,0.044050
15225,0.023232
15226,0.005351
15227,-0.032732
15228,-0.032422
15229,-0.015576
15230,0.008140
15231,-0.011175
15232,-0.057631
15233,-0.009417
15234,0.032840
15235,0.022082
15236,0.026170
15237,-0.020116
15238,-0.045157
15239,0.016543
15240,0.026564
15241,0.010217
15242,0.021002
15243,0.015797
15244,-0.018511
15245,-0.019347
15246,-0.032646
15247,0.006704
15248,0.013605
15249,0.004176
15250,0.059266
15251,0.069518
15252,0.047917
15253,-0.043708
15254,-0.072728
15255,-0.085002
15256,-0.050555
15257,-0.024615
15258,0.016408
15259,0.052828
15260,-0.013344
15261,-0.047246
15262,-0.024909
15263,-0.009113
15264,-0.000330
15265,0.020033
15266,0.031707
15267,0.046040
15268,0.068593
15269,0.041141
15270,0.044784
15271,-0.011390
15272,-0.086259
15273,-0.087201
15274,-0.033014
15275,0.013503
15276,0.006040
15277,0.006010
15278,-0.016706
15279,-0.003133
15280,0.027328
15281,0.031574
15282,0.042966
15283,0.043832
15284,-0.000562
15285,-0.060215
15286,-0.123283
15287,-0.126351
15288,-0.061977
15289,0.010263
15290,0.007857
15291,0.037276
15292,0.079187
15293,0.072315
15294,0.064881
15295,0.095044
15296,0.062686
15297,0.016673
15298,0.044092
15299,0.002279
15300,-0.069653
15301,-0.087501
15302,-0.104270
15303,-0.050824
15304,-0.040404
15305,0.000851
15306,0.035039
15307,0.033285
15308,-0.025130
15309,0.001137
15310,-0.004209
15311,0.025630
15312,0.007432
15313,0.029077
15314,0.053969
15315,0.009892
15316,-0.015610
15317,-0.083210
15318,-0.052485
15319,0.011880
15320,0.010989
15321,-0.004679
15322,-0.029795
15323,0.020596
15324,0.080845
15325,0.052284
15326,0.042280
15327,-0.009628
15328,-0.019591
15329,0.023266
15330,0.020606
15331,-0.008623
15332,-0.003983
15333,-0.026524
15334,-0.069530
15335,-0.082112
15336,-0.027077
15337,-0.000076
15338,-0.005488
15339,-0.006333
15340,0.008729
15341,-0.001598
15342,0.071473
15343,0.090519
15344,0.035545
15345,0.002166
15346,-0.034729
15347,-0.093565
15348,-0.081125
15349,-0.030453
15350,-0.000235
15351,0.002577
15352,0.053706
15353,0.070383
15354,0.033613
15355,0.027482
15356,0.028329
15357,-0.023486
15358,-0.048621
15359,-0.060232
15360,-0.014657
15361,0.000095
15362,0.006207
15363,0.000431
15364,-0.025656
15365,0.019175
15366,0.022936
15367,-0.010277
15368,0.066616
15369,0.082002
15370,0.020475
15371,-0.052886
15372,-0.065058
15373,-0.043502
15374,-0.013804
15375,0.030516
15376,0.060201
15377,0.024418
15378,-0.016154
15379,-0.057755
15380,-0.075217
15381,-0.021229
15382,-0.040804
15383,-0.027889
15384,0.039316
15385,0.051133
15386,0.048625
15387,0.037090
15388,-0.012864
15389,-0.016142
15390,-0.027368
15391,0.013745
15392,-0.004453
15393,0.008609
15394,0.017634
15395,0.036459
15396,0.013711
15397,-0.006755
15398,0.004362
15399,-0.029099
15400,-0.011026
15401,-0.018199
15402,-0.016549
15403,-0.006821
15404,-0.038147
15405,-0.009070
15406,0.011764
15407,0.038268
15408,0.054070
15409,0.056424
15410,0.070099
15411,0.024481
15412,-0.067547
15413,-0.042138
15414,0.000188
15415,-0.024265
15416,0.050372
15417,0.007970
15418,-0.063189
15419,-0.048037
15420,-0.058197
15421,-0.044625
15422,-0.016301
15423,0.004758
15424,0.064684
15425,0.070584
15426,0.002106
15427,-0.002929
15428,-0.000741
15429,-0.020450
15430,-0.063131
15431,-0.024487
15432,0.021542
15433,0.019254
15434,0.074943
15435,0.067689
15436,-0.005552
15437,-0.009068
15438,-0.046256
15439,-0.034588
15440,0.002119
15441,0.004738
15442,0.012762
15443,-0.004019
15444,0.051696
15445,0.077769
15446,-0.003372
15447,-0.034927
15448,-0.029285
15449,-0.097939
15450,-0.075255
15451,0.021511
15452,0.039245
15453,0.028015
15454,0.023503
15455,0.031725
15456,-0.004649
15457,-0.061988
15458,-0.000088
15459,0.017907
15460,-0.004163
15461,-0.030126
15462,-0.043018
15463,-0.047240
15464,0.001672
15465,0.012767
15466,0.014047
15467,0.042735
15468,0.033786
15469,0.036593
15470,0.058582
15471,0.061500
15472,0.041054
15473,-0.017072
15474,-0.076166
15475,-0.066577
15476,-0.032768
15477,-0.053521
15478,-0.050575
15479,0.035106
15480,0.082445
15481,0.049132
15482,0.019862
15483,-0.001802
15484,-0.054808
15485,-0.057830
15486,-0.034877
15487,-0.003811
15488,0.025056
15489,0.017800
15490,0.028999
15491,0.032757
15492,-0.040719
15493,-0.025231
15494,0.016976
15495,0.018853
15496,-0.036645
15497,-0.042530
15498,-0.029154
15499,-0.019350
15500,0.049472
15501,0.076226
15502,0.060654
15503,0.032956
15504,-0.021320
15505,-0.033764
15506,0.010559
15507,0.019190
15508,0.039290
15509,-0.023774
15510,-0.065456
15511,-0.056723
15512,-0.019389
15513,0.001157
15514,0.054171
15515,0.049738
15516,0.038744
15517,0.009475
15518,-0.022312
15519,-0.092572
15520,-0.053393
15521,-0.014221
15522,0.037952
15523,0.087539
15524,0.100203
15525,0.042414
15526,-0.000071
15527,-0.019798
15528,-0.013509
15529,-0.046032
15530,-0.063584
15531,-0.040848
15532,-0.029225
15533,-0.023513
15534,-0.020187
15535,0.016394
15536,0.041886
15537,0.022150
15538,0.046592
15539,0.023965
15540,0.007326
15541,-0.041644
15542,-0.062748
15543,0.005168
15544,0.049472
15545,0.025268
15546,-0.034265
15547,-0.020885
15548,0.008479
15549,-0.012849
15550,-0.009139
15551,-0.019537
15552,-0.020796
15553,-0.021706
15554,-0.001624
15555,0.028494
15556,0.020133
15557,0.035367
15558,0.021125
15559,-0.035437
15560,-0.063608
15561,-0.042150
15562,-0.040132
15563,0.026138
15564,0.076105
15565,0.062642
15566,0.017384
15567,0.026260
15568,-0.001399
15569,-0.020571
15570,-0.036319
15571,0.019946
15572,-0.004991
15573,-0.006420
15574,0.020131
15575,-0.003656
15576,-0.075204
15577,-0.090805
15578,-0.052976
15579,-0.023665
15580,0.068007
15581,0.045563
15582,0.018803
15583,0.022892
15584,0.004613
15585,-0.001530
15586,0.031182
15587,0.000684
15588,0.000991
15589,0.018389
15590,-0.019153
15591,-0.046059
15592,-0.052437
15593,0.011075
15594,-0.029562
15595,-0.065448
15596,-0.046945
15597,-0.028052
15598,0.011907
15599,0.060200
15600,0.123388
15601,0.084625
15602,0.046961
15603,0.044904
15604,-0.014607
15605,-0.092597
15606,-0.070920
15607,-0.005139
15608,-0.000611
15609,0.016184
15610,-0.015236
15611,0.000298
15612,-0.005583
15613,-0.022258
15614,0.018974
15615,0.002650
15616,0.031787
15617,0.040773
15618,-0.005194
15619,-0.020457
15620,-0.075646
15621,-0.116237
15622,-0.084475
15623,0.006844
15624,0.054631
15625,0.071153
15626,0.057657
15627,0.027472
15628,-0.008905
15629,0.000106
15630,-0.002557
15631,0.021935
15632,0.032950
15633,0.030797
15634,0.016425
15635,-0.030734
15636,-0.014706
15637,-0.042333
15638,-0.051426
15639,-0.013091
15640,-0.033210
15641,-0.033760
15642,0.037484
15643,0.015171
15644,0.083106
15645,0.093684
15646,-0.001977
15647,0.014404
15648,0.027821
15649,-0.015133
15650,-0.008942
15651,-0.001820
15652,-0.019203
15653,-0.027121
15654,-0.035347
15655,-0.019877
15656,-0.007514
15657,0.009004
15658,-0.015555
15659,-0.020997
15660,-0.007774
15661,0.021998
15662,0.053870
15663,0.030947
15664,-0.040667
15665,-0.060043
15666,-0.021786
15667,0.026246
15668,0.030666
15669,0.039348
15670,-0.020537
15671,-0.040233
15672,-0.014160
15673,-0.025552
15674,115.825928
15675,177.360092
15676,1.996341
15677,1568.228516
15678,390.523163
15679,43.761009
15680,55.751915
15681,35.063244
15682,14.914880
15683,-22.157156
15684,-46.214451
15685,-61.959145
15686,-45.525257
15687,-16.991583
15688,13.722779
15689,45.288967
15690,50.039566
15691,49.857685
15692,13.770029
15693,-29.209793
15694,-28.149557
15695,-16.091808
15696,-22.607410
15697,-17.995922
15698,-10.838248
15699,9.954997
15700,24.467510
15701,4.868944
15702,-21.310282
15703,-14.981333
15704,13.928401
15705,32.193943
15706,29.320927
15707,7.000075
15708,-12.286722
15709,-35.432156
15710,-32.225159
15711,-30.615887
15712,-21.941187
15713,5.340170
15714,27.237017
15715,37.068504
15716,48.550465
15717,39.202328
15718,8.303258
15719,-22.856245
15720,-34.643417
15721,-28.838446
15722,-20.455023
15723,-4.507203
15724,22.266445
15725,42.120529
15726,13.376856
15727,-13.368144
15728,-0.062246
15729,-0.008029
15730,0.038512
15731,0.059890
15732,0.016408
15733,-0.016765
15734,-0.001188
15735,-0.022012
15736,0.009061
15737,0.013995
15738,0.002057
15739,-0.043009
15740,-0.029838
15741,0.020605
15742,0.021711
15743,0.043401
15744,0.035744
15745,0.021819
15746,-0.031720
15747,-0.070802
15748,0.001265
15749,0.013493
15750,0.030999
15751,0.035780
15752,0.011742
15753,-0.011349
15754,-0.048503
15755,-0.062763
15756,-0.039439
15757,0.014711
15758,0.045480
15759,0.059903
15760,0.052260
15761,-0.023982
15762,-0.018526
15763,0.003940
15764,-0.029886
15765,-0.022327
15766,-0.055276
15767,-0.013723
15768,0.022243
15769,0.053885
15770,0.076181
15771,0.085543
15772,0.010489
15773,-0.056154
15774,-0.053644
15775,-0.108426
15776,-0.097372
15777,-0.075751
15778,-0.012787
15779,0.059970
15780,0.068931
15781,0.078161
15782,0.053835
15783,0.054955
15784,0.030293
15785,-0.030825
15786,-0.057660
15787,-0.057290
15788,-0.031607
15789,-0.000227
15790,0.011640
15791,0.012562
15792,-0.010665
15793,0.028621
15794,0.059057
15795,0.057312
15796,0.032088
15797,0.023103
15798,-0.023123
15799,-0.016117
15800,-0.060773
15801,-0.032682
15802,-0.040502
15803,-0.062463
15804,-0.013288
15805,-0.004663
15806,0.011926
15807,0.041147
15808,0.031590
15809,0.039915
15810,-0.013932
15811,-0.047834
15812,-0.001104
15813,0.030402
15814,0.039533
15815,0.033216
15816,0.005867
15817,-0.023381
15818,-0.038431
15819,-0.044995
15820,-0.019234
15821,-0.002489
15822,-0.026439
15823,-0.030221
15824,-0.048653
15825,0.002124
15826,-0.001506
15827,-0.017367
15828,112.357635
15829,182.172760
15830,1.926759
15831,1550.878296
15832,342.924011
15833,-15.831090
15834,12.318700
15835,16.756336
15836,11.923390
15837,1.700351
15838,-3.374533
15839,-6.177331
15840,1.766521
15841,7.973403
15842,-8.089982
15843,-10.758679
15844,-1.304759
15845,4.496722
15846,4.669264
15847,18.204556
15848,35.731358
15849,41.311596
15850,11.157744
15851,-36.430828
15852,-38.403229
15853,-31.226894
15854,-17.483274
15855,-1.765994
15856,9.389914
15857,10.790662
15858,12.316838
15859,17.158945
15860,4.767298
15861,-4.975012
15862,-17.682140
15863,-20.576975
15864,-6.684146
15865,16.987904
15866,13.986757
15867,19.589254
15868,7.569225
15869,12.736113
15870,7.190451
15871,-6.062502
15872,-21.711309
15873,-31.105253
15874,-32.117661
15875,-24.566628
15876,1.339566
15877,28.756897
15878,31.554749
15879,16.907930
15880,-13.539604
15881,-21.497328
15882,0.057107
15883,0.082955
15884,0.027512
15885,0.003225
15886,0.003663
15887,-0.032633
15888,-0.084143
15889,-0.042455
15890,-0.003405
15891,0.000557
15892,-0.000391
15893,0.043893
15894,0.042577
15895,0.010243
15896,0.048577
15897,0.065439
15898,0.066886
15899,0.002223
15900,-0.062940
15901,-0.055696
15902,-0.073859
15903,-0.064352
15904,-0.041763
15905,-0.001625
15906,0.065367
15907,0.055459
15908,0.059029
15909,0.022602
15910,-0.032797
15911,-0.032541
15912,0.021760
15913,0.033039
15914,-0.005144
15915,-0.036984
15916,-0.037125
15917,-0.058063
15918,-0.009318
15919,0.024212
15920,-0.009160
15921,-0.028752
15922,-0.057623
15923,-0.014175
15924,0.033797
15925,0.038379
15926,0.052624
15927,0.061745
15928,0.044350
15929,-0.019951
15930,-0.064666
15931,-0.019655
15932,0.019857
15933,0.018524
15934,-0.020312
15935,-0.004901
15936,0.035376
15937,0.026138
15938,0.019656
15939,0.058971
15940,-0.011459
15941,-0.049569
15942,-0.045503
15943,-0.045219
15944,-0.030242
15945,0.010285
15946,0.021896
15947,0.013685
15948,0.002951
15949,-0.028431
15950,-0.021748
15951,-0.010112
15952,0.006780
15953,0.019308
15954,-0.002431
15955,-0.001718
15956,-0.010872
15957,0.022764
15958,0.069808
15959,0.009364
15960,-0.016518
15961,0.008565
15962,0.028146
15963,-0.029753
15964,-0.061333
15965,-0.084916
15966,-0.092109
15967,-0.009814
15968,0.051659
15969,0.025763
15970,0.053031
15971,0.068291
15972,0.042878
15973,-0.000367
15974,-0.017390
15975,-0.017409
15976,-0.007567
15977,0.001576
15978,0.010016
15979,0.036509
15980,0.015992
15981,0.012745
15982,-0.044564
15983,-0.034308
15984,-0.026815
15985,-0.011692
15986,0.006025
15987,-0.014360
15988,-0.014664
15989,-0.006885
15990,0.010424
15991,0.085018
15992,0.044300
15993,0.030034
15994,0.032905
15995,-0.016956
15996,-0.042439
15997,-0.021698
15998,-0.031947
15999,-0.057757
16000,-0.053227
16001,-0.055759
16002,-0.020860
16003,0.027871
16004,0.066580
16005,0.026582
16006,0.021817
16007,-0.025607
16008,-0.023354
16009,0.043420
16010,-0.002516
16011,0.001797
16012,0.013288
16013,-0.023725
16014,-0.029095
16015,-0.010596
16016,0.039457
16017,-0.018659
16018,-0.005392
16019,0.043633
16020,0.039633
16021,-0.004990
16022,-0.009056
16023,-0.006341
16024,0.007997
16025,-0.004946
16026,-0.051935
16027,-0.030398
16028,0.010198
16029,0.042333
16030,0.029181
16031,0.014962
16032,0.041581
16033,-0.023714
16034,-0.038224
16035,-0.050722
16036,-0.050181
16037,-0.040722
16038,-0.058483
16039,-0.015488
16040,0.048537
16041,0.045002
16042,0.032413
16043,0.001996
16044,0.014338
16045,0.011103
16046,-0.009963
16047,-0.030537
16048,-0.014869
16049,-0.010966
16050,-0.025733
16051,0.003176
16052,0.046433
16053,0.078615
16054,0.060416
16055,0.034051
16056,0.003836
16057,-0.018940
16058,-0.001399
16059,0.002936
16060,-0.041895
16061,-0.074949
16062,-0.066861
16063,-0.063018
16064,-0.026784
16065,0.001541
16066,-0.003405
16067,0.004333
16068,0.053550
16069,0.074736
16070,0.045199
16071,0.007882
16072,-0.035748
16073,-0.002403
16074,0.032565
16075,0.014245
16076,-0.006568
16077,-0.024724
16078,-0.049647
16079,-0.061283
16080,-0.096525
16081,-0.057831
16082,106.637199
16083,190.110519
16084,1.811993
16085,1527.669434
16086,320.775360
16087,-32.710571
16088,-32.182560
16089,-7.459258
16090,26.224714
16091,30.963387
16092,43.620918
16093,36.597378
16094,7.523627
16095,-12.741508
16096,-25.921509
16097,-11.100060
16098,5.796766
16099,16.514639
16100,-3.961775
16101,-33.634277
16102,-37.784584
16103,-19.066513
16104,7.213691
16105,26.099817
16106,18.464394
16107,7.892477
16108,0.834740
16109,8.203690
16110,-7.061429
16111,-21.188742
16112,-6.492846
16113,7.740005
16114,15.814224
16115,6.554958
16116,-0.900266
16117,5.415034
16118,18.002892
16119,16.568312
16120,14.040096
16121,-6.366412
16122,-26.013432
16123,-39.879974
16124,-32.341278
16125,-19.738718
16126,4.050230
16127,23.616362
16128,28.152586
16129,18.631636
16130,4.781024
16131,-3.782585
16132,2.396907
16133,-7.554407
16134,3.370415
16135,18.199600
16136,18.766260
16137,0.108689
16138,1875.536255
16139,53.983921
16140,-104.835030
16141,-1613.245361
16142,-1458.658447
16143,1593.899414
16144,-1495.897339
16145,-1446.473145
16146,-676.570862
16147,1705.542603
16148,-1220.366699
16149,-1986.455933
16150,1617.901733
16151,-212.118118
16152,-1367.998657
16153,-1319.159790
16154,-671.520813
16155,-850.369507
16156,-725.018311
16157,478.074280
16158,970.786743
16159,1257.717529
16160,298.389587
16161,1735.516357
16162,66.971344
16163,371.829559
16164,68.246376
16165,-246.103668
16166,-1579.576904
16167,-800.955444
16168,820.981873
16169,-864.541260
16170,960.347168
16171,-165.730164
16172,-866.269226
16173,-700.819702
16174,-720.567017
16175,473.740845
16176,1808.656738
16177,-699.516602
16178,-714.704102
16179,121.427124
16180,-1381.225952
16181,687.476440
16182,954.272705
16183,1937.086792
16184,-952.939819
16185,-1054.685059
16186,-1231.483276
16187,1613.099854
16188,1520.755371
16189,-534.371765
16190,-412.976837
16191,0.042123
16192,0.072673
16193,0.062098
16194,0.080394
16195,0.049841
16196,0.044204
16197,-0.006334
16198,-0.043319
16199,-0.031695
16200,-0.024819
16201,-0.021139
16202,0.009948
16203,0.007473
16204,-0.000818
16205,-0.011613
16206,0.020748
16207,-0.001490
16208,-0.012650
16209,-0.010979
16210,-0.039847
16211,-0.036596
16212,0.012558
16213,0.057857
16214,0.050011
16215,-0.029773
16216,-0.040660
16217,-0.016943
16218,-0.012686
16219,-0.014863
16220,0.049711
16221,0.075652
16222,0.042074
16223,0.017628
16224,-0.011661
16225,-0.066734
16226,-0.072172
16227,-0.029486
16228,0.006793
16229,0.007397
16230,0.014996
16231,0.016709
16232,0.011601
16233,-0.036607
16234,0.024998
16235,0.036799
16236,0.013667
16237,0.004572
16238,-0.043019
16239,-0.023909
16240,0.003294
16241,-0.005641
16242,0.004723
16243,0.009650
16244,-0.011102
16245,0.012754
16246,-0.008156
16247,-0.045206
16248,-0.032319
16249,-0.013076
16250,0.016317
16251,0.012796
16252,0.015871
16253,0.051638
16254,0.080485
16255,0.073551
16256,0.039765
16257,0.011486
16258,-0.089299
16259,-0.123029
16260,-0.107373
16261,-0.042808
16262,0.026687
16263,0.049872
16264,0.041937
16265,0.041044
16266,0.030669
16267,0.027223
16268,0.028352
16269,-0.007910
16270,-0.067201
16271,-0.059137
16272,-0.048295
16273,-0.006990
16274,0.031512
16275,0.051955
16276,0.032209
16277,0.036389
16278,0.052189
16279,0.018529
16280,-0.045725
16281,-0.056324
16282,-0.054905
16283,-0.060303
16284,-0.027594
16285,-0.000758
16286,-0.035040
16287,0.031328
16288,0.035603
16289,0.020479
16290,0.041111
16291,0.041723
16292,0.019075
16293,-0.019938
16294,-0.035873
16295,-0.006877
16296,0.008245
16297,0.002081
16298,-0.016813
16299,-0.051579
16300,0.013209
16301,0.030929
16302,0.034170
16303,0.042274
16304,0.024004
16305,-0.029007
16306,-0.025122
16307,-0.015692
16308,0.028276
16309,0.006532
16310,-0.018469
16311,0.023447
16312,0.022951
16313,-0.000534
16314,0.037189
16315,0.014039
16316,-0.053504
16317,-0.073140
16318,-0.052719
16319,-0.046208
16320,-0.044985
16321,0.008475
16322,0.016836
16323,0.003072
16324,0.025348
16325,0.023501
16326,0.029912
16327,0.034672
16328,0.059191
16329,0.036358
16330,0.004088
16331,-0.031650
16332,-0.012900
16333,-0.020375
16334,-0.093029
16335,-0.060082
16336,0.001472
16337,0.042982
16338,0.079690
16339,0.003194
16340,-0.028920
16341,-0.024889
16342,0.002495
16343,0.025572
16344,0.000798
16345,-0.037846
16346,-0.053266
16347,-0.021392
16348,-0.022725
16349,-0.003146
16350,0.038271
16351,0.052561
16352,0.080489
16353,0.068931
16354,0.077970
16355,0.028381
16356,0.002846
16357,-0.044644
16358,-0.122620
16359,-0.091821
16360,-0.052833
16361,-0.025646
16362,0.043347
16363,0.089339
16364,0.042210
16365,-0.005136
16366,-0.023245
16367,-0.009644
16368,-0.029536
16369,-0.017403
16370,-0.005313
16371,-0.004228
16372,-0.009918
16373,-0.016414
16374,-0.040857
16375,-0.021262
16376,-0.059391
16377,0.000947
16378,0.065220
16379,0.065709
16380,0.095322
16381,0.020434
16382,-0.043470
16383,0.004395
16384,0.005871
16385,-0.023161
16386,0.005735
16387,-0.014656
16388,-0.034004
16389,-0.022973
16390,-0.032381
16391,-0.005552
16392,0.004050
16393,0.027206
16394,0.034087
16395,-0.009830
16396,-0.019600
16397,0.006478
16398,-0.046401
16399,0.023198
16400,-0.010259
16401,0.032715
16402,0.111609
16403,0.037655
16404,0.040484
16405,0.019558
16406,0.016834
16407,-0.024206
16408,-0.111558
16409,-0.066796
16410,-0.043657
16411,-0.031556
16412,-0.028358
16413,0.039704
16414,0.050045
16415,0.049067
16416,0.015850
16417,-0.017152
16418,-0.068172
16419,-0.106784
16420,0.007681
16421,0.047197
16422,-0.001068
16423,-0.015225
16424,0.007078
16425,-0.023331
16426,-0.014328
16427,0.025140
16428,0.060211
16429,0.103202
16430,0.063444
16431,0.033751
16432,-0.005745
16433,-0.019870
16434,-0.014479
16435,-0.026205
16436,-0.017760
16437,-0.046811
16438,-0.094825
16439,-0.087327
16440,0.004584
16441,0.010738
16442,-0.003695
16443,0.001606
16444,-0.000523
16445,-0.001864
16446,-0.003802
16447,0.040067
16448,0.075194
16449,0.099347
16450,0.083655
16451,-0.015055
16452,-0.122427
16453,-0.117755
16454,-0.041095
16455,0.009714
16456,0.042074
16457,-0.005805
16458,0.001664
16459,-0.038539
16460,-0.027555
16461,0.055409
16462,0.065782
16463,0.037876
16464,-0.000187
16465,0.000188
16466,0.013078
16467,0.011034
16468,-0.029712
16469,-0.054022
16470,0.002296
16471,0.007574
16472,0.022983
16473,0.022175
16474,0.035732
16475,0.038290
16476,0.001575
16477,0.007329
16478,0.022792
16479,-0.030189
16480,-0.052409
16481,-0.032932
16482,-0.008974
16483,0.007572
16484,-0.007382
16485,0.008393
16486,0.010121
16487,-0.010472
16488,-0.006588
16489,-0.046041
16490,386.553162
16491,1042.156128
16492,117.094856
16493,723.644897
16494,1451.707886
16495,-17.602659
16496,-12.917865
16497,-9.807755
16498,-9.123197
16499,-7.812950
16500,-2.960554
16501,-11.038357
16502,-7.781646
16503,16.027872
16504,12.811471
16505,1.694914
16506,-20.178549
16507,-32.819443
16508,3.550216
16509,36.922676
16510,41.157818
16511,35.279797
16512,9.205465
16513,-4.567325
16514,8.568992
16515,-7.054131
16516,-11.431103
16517,-7.436150
16518,-26.207567
16519,-22.344707
16520,-18.715309
16521,-16.201155
16522,-16.482948
16523,6.590077
16524,31.599941
16525,15.197488
16526,-16.136131
16527,-1.359087
16528,12.085286
16529,13.706633
16530,-1.962133
16531,-7.803929
16532,-12.346467
16533,-5.412176
16534,15.800368
16535,30.663012
16536,43.758671
16537,42.019482
16538,1.965662
16539,-30.363031
16540,-60.362843
16541,-72.313469
16542,-68.291100
16543,-35.223633
16544,1.052778
16545,-0.043652
16546,-0.034234
16547,0.007623
16548,0.060878
16549,0.026555
16550,0.007564
16551,0.029422
16552,0.014397
16553,-0.007112
16554,-0.007923
16555,0.011085
16556,0.011271
16557,0.027579
16558,-0.033419
16559,-0.047319
16560,-0.003098
16561,-0.010813
16562,0.015819
16563,0.021508
16564,-0.032300
16565,-0.032540
16566,0.018066
16567,-0.026168
16568,0.013491
16569,0.064508
16570,0.033668
16571,0.003802
16572,0.010193
16573,0.022287
16574,-0.000853
16575,-0.034942
16576,-0.009091
16577,-0.042852
16578,-0.053805
16579,-0.023791
16580,-0.024066
16581,-0.014053
16582,0.020205
16583,0.106961
16584,0.107812
16585,0.078387
16586,0.031560
16587,-0.003484
16588,-0.052253
16589,-0.124165
16590,-0.142882
16591,-0.062028
16592,-0.003488
16593,0.044563
16594,0.105024
16595,0.059916
16596,-0.002442
16597,-0.005957
16598,-0.033685
16599,-0.050199
16600,-0.089661
16601,-0.069093
16602,0.014770
16603,0.058764
16604,0.102566
16605,0.086509
16606,0.036960
16607,-0.012632
16608,-0.090840
16609,-0.123417
16610,-0.042126
16611,0.020347
16612,0.044609
16613,0.056167
16614,0.040990
16615,0.021843
16616,-0.003123
16617,0.032476
16618,0.039348
16619,0.005826
16620,-0.059249
16621,-0.091370
16622,-0.071100
16623,-0.055043
16624,-0.032228
16625,0.086086
16626,0.083938
16627,0.040074
16628,0.032431
16629,0.057048
16630,0.027008
16631,0.000136
16632,-0.019256
16633,-0.020659
16634,-0.021207
16635,-0.040407
16636,-0.036926
16637,-0.046283
16638,-0.047994
16639,0.004555
16640,-0.008078
16641,-0.005264
16642,-0.004233
16643,0.033273
16644,390.174957
16645,1030.274902
16646,112.352104
16647,740.344055
16648,1464.942749
16649,52.632645
16650,56.932121
16651,46.818249
16652,40.795601
16653,30.443089
16654,22.954212
16655,-14.413116
16656,-41.574715
16657,-58.514320
16658,-61.061512
16659,-35.176449
16660,6.365999
16661,37.763634
16662,56.914440
16663,31.053997
16664,-17.520430
16665,-32.170994
16666,-21.019314
16667,-6.509881
16668,8.684587
16669,-1.271059
16670,5.887513
16671,7.680631
16672,18.910093
16673,26.934525
16674,19.846045
16675,13.581748
16676,-1.887044
16677,-27.497326
16678,-47.559765
16679,-51.794601
16680,-19.129469
16681,-1.680299
16682,-2.834853
16683,28.265661
16684,53.624866
16685,45.207947
16686,22.450239
16687,18.179407
16688,12.813128
16689,-26.085909
16690,-45.254143
16691,-28.317209
16692,-18.718142
16693,-28.329042
16694,-14.165597
16695,4.791557
16696,23.393332
16697,27.258247
16698,4.049146
16699,-0.000762
16700,0.048215
16701,0.030469
16702,-0.004120
16703,0.019362
16704,-0.024868
16705,-0.017643
16706,-0.003825
16707,-0.026391
16708,0.056341
16709,0.041964
16710,-0.000306
16711,0.021462
16712,-0.004507
16713,-0.003528
16714,0.015897
16715,-0.016019
16716,-0.055526
16717,-0.080130
16718,-0.046815
16719,-0.033741
16720,0.037975
16721,0.026973
16722,0.048897
16723,0.053886
16724,0.005878
16725,0.010241
16726,0.011347
16727,0.019320
16728,0.040867
16729,-0.001402
16730,-0.083630
16731,-0.041031
16732,-0.009056
16733,0.002594
16734,-0.008059
16735,-0.060888
16736,-0.051734
16737,-0.003801
16738,0.028539
16739,0.046518
16740,0.053726
16741,0.036078
16742,-0.035914
16743,-0.018079
16744,-0.049902
16745,-0.029086
16746,0.009095
16747,0.004046
16748,-0.018501
16749,-0.003159
16750,0.015940
16751,0.028382
16752,0.029843
16753,0.056787
16754,0.142493
16755,0.068246
16756,0.045896
16757,-0.006546
16758,-0.089699
16759,-0.035525
16760,-0.040160
16761,-0.099418
16762,-0.050868
16763,-0.021056
16764,0.015830
16765,-0.019941
16766,-0.013977
16767,-0.041457
16768,-0.035864
16769,0.020935
16770,0.032946
16771,0.055228
16772,0.047781
16773,0.019818
16774,0.025361
16775,-0.024521
16776,-0.069614
16777,-0.038555
16778,-0.008663
16779,-0.025857
16780,0.019127
16781,-0.036806
16782,-0.002711
16783,0.035378
16784,-0.020143
16785,0.013150
16786,0.031916
16787,0.048572
16788,0.033372
16789,0.037042
16790,0.027253
16791,0.011747
16792,-0.003096
16793,-0.025209
16794,-0.034082
16795,-0.012853
16796,-0.002218
16797,-0.005542
16798,-0.017190
16799,0.011152
16800,0.008535
16801,-0.016195
16802,-0.045541
16803,-0.063538
16804,-0.026651
16805,0.004696
16806,0.012612
16807,0.018794
16808,-0.021994
16809,-0.062122
16810,0.015746
16811,0.072204
16812,0.031141
16813,0.031152
16814,0.017312
16815,0.026882
16816,0.026260
16817,0.022690
16818,0.004958
16819,0.017407
16820,-0.019612
16821,-0.033649
16822,-0.005111
16823,-0.027646
16824,-0.043829
16825,-0.031737
16826,-0.049426
16827,-0.053428
16828,0.009536
16829,0.027862
16830,0.061271
16831,0.043597
16832,0.009344
16833,0.004825
16834,0.011374
16835,0.018281
16836,0.019844
16837,0.003640
16838,0.021850
16839,-0.028756
16840,-0.057173
16841,-0.060867
16842,-0.024438
16843,0.039842
16844,0.043464
16845,0.032077
16846,0.021960
16847,0.016633
16848,394.951019
16849,1014.536072
16850,106.069504
16851,762.465088
16852,1482.114258
16853,-29.566469
16854,-11.629364
16855,-5.087791
16856,-11.651542
16857,-4.344526
16858,12.873668
16859,34.062424
16860,34.923115
16861,36.897278
16862,22.563627
16863,2.527494
16864,-20.787567
16865,-36.104366
16866,-46.004520
16867,-42.381077
16868,-13.464059
16869,14.151532
16870,14.770963
16871,12.743435
16872,21.218845
16873,19.838444
16874,16.927902
16875,-3.161887
16876,-11.845268
16877,-2.221240
16878,7.379341
16879,24.769083
16880,40.997120
16881,19.678129
16882,-24.448627
16883,-58.960503
16884,-75.726448
16885,-45.097168
16886,-15.590228
16887,14.809689
16888,38.107834
16889,59.197460
16890,49.296890
16891,16.531155
16892,0.915481
16893,2.961820
16894,10.424336
16895,-2.094288
16896,-9.467328
16897,-26.582525
16898,-34.945805
16899,-61.710114
16900,-55.180691
16901,-25.000334
16902,0.382343
16903,-0.038041
16904,-0.005386
16905,0.001976
16906,0.020394
16907,0.019671
16908,-0.032338
16909,-0.004427
16910,-0.010310
16911,-0.017393
16912,-0.011093
16913,-0.027006
16914,-0.035117
16915,-0.052755
16916,-0.070705
16917,-0.033679
16918,0.005496
16919,0.090160
16920,0.102039
16921,0.089488
16922,0.048188
16923,0.020632
16924,0.034985
16925,0.014804
16926,-0.084483
16927,-0.099207
16928,-0.059183
16929,0.037753
16930,0.054009
16931,0.019409
16932,0.012265
16933,-0.005957
16934,-0.025156
16935,-0.017317
16936,0.014130
16937,0.012578
16938,0.020445
16939,-0.023155
16940,-0.015999
16941,-0.025450
16942,-0.058225
16943,-0.044779
16944,-0.010145
16945,0.008308
16946,0.045586
16947,0.068702
16948,0.040618
16949,-0.001702
16950,0.000636
16951,0.009739
16952,0.057419
16953,-0.000448
16954,-0.045092
16955,-0.048500
16956,-0.040291
16957,-0.021393
16958,-0.028312
16959,0.001117
16960,0.004411
16961,0.006300
16962,0.028543
16963,0.017685
16964,0.016684
16965,-0.012765
16966,-0.014931
16967,0.052283
16968,0.041445
16969,-0.026939
16970,-0.021601
16971,-0.012727
16972,-0.036169
16973,-0.029581
16974,0.023391
16975,0.076883
16976,0.064557
16977,0.008594
16978,0.019170
16979,-0.028836
16980,-0.020626
16981,0.021851
16982,-0.008627
16983,-0.010100
16984,0.020211
16985,0.025460
16986,0.036991
16987,-0.002107
16988,-0.026492
16989,-0.056126
16990,-0.116073
16991,-0.116375
16992,-0.089575
16993,-0.043187
16994,0.031766
16995,0.085168
16996,0.121071
16997,0.105991
16998,0.061037
16999,-0.001654
17000,-0.012025
17001,-0.012665
17002,-0.054382
17003,-0.007942
17004,-0.026317
17005,0.011507
17006,0.033346
17007,-0.005726
17008,0.025863
17009,0.032316
17010,0.034752
17011,-0.022833
17012,-0.056152
17013,-0.024004
17014,-0.032297
17015,-0.053535
17016,-0.003486
17017,0.045179
17018,0.037801
17019,0.038281
17020,0.069694
17021,0.048321
17022,0.039719
17023,0.019666
17024,-0.053383
17025,-0.058767
17026,-0.085118
17027,-0.065774
17028,-0.041013
17029,0.016726
17030,0.061986
17031,0.048457
17032,0.024471
17033,0.033863
17034,0.016756
17035,-0.006115
17036,-0.031215
17037,-0.036905
17038,-0.046006
17039,-0.042041
17040,-0.020650
17041,-0.007434
17042,-0.016259
17043,-0.004726
17044,0.028894
17045,0.071001
17046,0.024060
17047,-0.000605
17048,0.041303
17049,0.021716
17050,-0.065474
17051,-0.060118
17052,399.731598
17053,998.797302
17054,99.786903
17055,784.586121
17056,1499.450439
17057,-12.670277
17058,12.352769
17059,11.717697
17060,14.312274
17061,26.903936
17062,16.441105
17063,-6.807164
17064,-29.989492
17065,-36.371628
17066,-12.712953
17067,7.342520
17068,23.245852
17069,21.052950
17070,8.958394
17071,21.594170
17072,15.967771
17073,-7.755422
17074,-28.128843
17075,-39.741924
17076,-40.629215
17077,-3.492502
17078,23.489954
17079,33.718548
17080,30.116512
17081,-8.278537
17082,-33.335648
17083,-26.733370
17084,-19.386518
17085,4.481252
17086,18.142931
17087,33.024246
17088,42.616451
17089,43.518005
17090,6.695889
17091,-40.478287
17092,-77.876633
17093,-60.754353
17094,-23.006039
17095,15.545861
17096,42.440258
17097,57.060150
17098,52.150677
17099,44.677208
17100,8.633845
17101,-28.189875
17102,-48.252605
17103,-42.341835
17104,-39.182255
17105,-26.281246
17106,0.151857
17107,0.074166
17108,0.058193
17109,0.057109
17110,0.025902
17111,-0.025399
17112,-0.071070
17113,-0.056537
17114,-0.010663
17115,0.015887
17116,0.000400
17117,-0.018684
17118,-0.050649
17119,-0.057725
17120,-0.003475
17121,0.032981
17122,0.028711
17123,0.034934
17124,0.023956
17125,-0.032241
17126,-0.028069
17127,-0.007265
17128,0.007695
17129,0.053456
17130,0.091864
17131,0.008022
17132,-0.054745
17133,-0.066300
17134,0.008074
17135,-0.003060
17136,-0.020992
17137,0.003365
17138,-0.006175
17139,0.019794
17140,0.048705
17141,-0.012303
17142,0.000170
17143,0.039425
17144,0.044916
17145,0.022242
17146,-0.015799
17147,-0.017752
17148,-0.012435
17149,-0.018035
17150,-0.049822
17151,-0.096372
17152,-0.046648
17153,-0.029507
17154,-0.000545
17155,0.057997
17156,0.112201
17157,0.078142
17158,0.023200
17159,0.009696
17160,-0.051275
17161,-0.032550
17162,-0.029937
17163,-0.056994
17164,-0.022578
17165,0.008827
17166,0.022891
17167,-0.026119
17168,-0.045099
17169,-0.012703
17170,0.024354
17171,0.006356
17172,0.026903
17173,0.006903
17174,0.000272
17175,0.001861
17176,-0.055920
17177,-0.072428
17178,0.020320
17179,0.069164
17180,0.083428
17181,0.048276
17182,0.009528
17183,-0.007325
17184,-0.034613
17185,-0.038300
17186,-0.026087
17187,-0.022864
17188,0.012844
17189,0.009582
17190,0.005724
17191,0.039460
17192,0.061027
17193,0.043236
17194,-0.033852
17195,-0.059614
17196,-0.089608
17197,-0.055782
17198,0.029943
17199,0.059426
17200,0.024694
17201,0.053989
17202,-0.020528
17203,-0.076759
17204,-0.072157
17205,-0.042206
17206,0.019491
17207,0.032450
17208,0.039505
17209,0.042101
17210,0.024743
17211,0.027389
17212,0.040235
17213,0.039075
17214,0.009673
17215,-0.000819
17216,-0.017252
17217,-0.045297
17218,-0.042785
17219,-0.017607
17220,-0.042492
17221,-0.039620
17222,-0.001523
17223,-0.021989
17224,-0.045124
17225,0.019996
17226,0.070643
17227,0.080488
17228,0.048763
17229,0.024283
17230,0.010802
17231,-0.009008
17232,-0.064517
17233,-0.093028
17234,-0.053355
17235,0.041351
17236,0.070808
17237,0.047068
17238,0.009540
17239,-0.078841
17240,-0.095100
17241,-0.040161
17242,-0.019166
17243,0.055549
17244,0.094505
17245,0.076030
17246,0.074020
17247,0.003735
17248,-0.055524
17249,-0.102167
17250,-0.058944
17251,0.002257
17252,0.059567
17253,0.055137
17254,0.035745
17255,0.013443
17256,404.514069
17257,983.058472
17258,93.504303
17259,806.707153
17260,1519.536499
17261,-55.455917
17262,-69.960999
17263,-52.711517
17264,-15.895525
17265,10.790517
17266,28.701496
17267,45.957333
17268,31.888910
17269,35.830692
17270,16.030100
17271,-14.280484
17272,-27.036119
17273,-17.041346
17274,-13.112617
17275,-20.037973
17276,-13.285512
17277,-19.545126
17278,-11.899443
17279,25.224550
17280,34.451771
17281,30.376469
17282,34.342220
17283,22.591103
17284,-23.943230
17285,-44.248634
17286,-44.452457
17287,-37.364887
17288,-25.717514
17289,15.813410
17290,51.096424
17291,69.673088
17292,56.072723
17293,20.123121
17294,-15.210385
17295,-52.216541
17296,-66.833595
17297,-51.108902
17298,-23.526859
17299,2.138161
17300,49.821316
17301,70.196495
17302,62.359035
17303,35.415649
17304,-5.895698
17305,-55.123966
17306,-66.288162
17307,-52.634377
17308,-35.318382
17309,-6.910652
17310,0.693648
17311,-0.023089
17312,-0.039009
17313,-0.074106
17314,-0.073798
17315,-0.058275
17316,0.001984
17317,0.003751
17318,0.034809
17319,0.054027
17320,0.047319
17321,0.058066
17322,0.052569
17323,0.036435
17324,0.024341
17325,0.037045
17326,0.002067
17327,0.024695
17328,0.017546
17329,0.009052
17330,-0.044024
17331,-0.101486
17332,-0.087878
17333,-0.053525
17334,-0.066242
17335,-0.040130
17336,0.028336
17337,0.074032
17338,0.053877
17339,0.027312
17340,0.041682
17341,0.013309
17342,-0.010552
17343,-0.024042
17344,-0.063969
17345,-0.044986
17346,0.040132
17347,0.025089
17348,0.037400
17349,0.040317
17350,0.004717
17351,-0.052061
17352,-0.082929
17353,-0.033233
17354,-0.013999
17355,-0.020225
17356,0.010587
17357,-0.018749
17358,-0.020474
17359,0.057907
17360,406.963959
17361,975.034790
17362,90.301407
17363,817.984558
17364,1528.399048
17365,6.935369
17366,5.165728
17367,17.314198
17368,37.153160
17369,31.529305
17370,37.472805
17371,52.020489
17372,23.766140
17373,-24.052811
17374,-50.445652
17375,-59.882420
17376,-42.701458
17377,1.809857
17378,-2.370589
17379,-2.279230
17380,13.749132
17381,28.778631
17382,42.954781
17383,26.833826
17384,0.101832
17385,-27.832619
17386,-33.240646
17387,-28.137573
17388,-8.924485
17389,0.714532
17390,10.578209
17391,22.767200
17392,32.620583
17393,4.768500
17394,-17.732035
17395,-20.376406
17396,-7.253147
17397,8.939073
17398,12.036415
17399,0.779577
17400,-20.165802
17401,-26.991537
17402,-21.786686
17403,0.521499
17404,17.094505
17405,29.559772
17406,26.331306
17407,28.505753
17408,32.229771
17409,3.998981
17410,-33.448643
17411,-42.449417
17412,-29.294245
17413,-22.090080
17414,-1.301352
17415,0.053581
17416,0.005618
17417,-0.028253
17418,-0.020237
17419,0.000759
17420,-0.042945
17421,-0.031606
17422,-0.036880
17423,-0.017539
17424,0.064342
17425,0.102379
17426,0.049746
17427,0.023971
17428,-0.043648
17429,-0.054555
17430,-0.041745
17431,-0.027213
17432,-0.028785
17433,0.010349
17434,0.034058
17435,0.017335
17436,0.029719
17437,0.033283
17438,0.003537
17439,-0.011810
17440,-0.029518
17441,-0.024508
17442,-0.009429
17443,-0.029082
17444,-0.062787
17445,-0.059448
17446,-0.009740
17447,0.022387
17448,0.045377
17449,0.023619
17450,0.059423
17451,0.035634
17452,0.066207
17453,0.038049
17454,-0.007635
17455,-0.022331
17456,-0.037005
17457,-0.041557
17458,-0.038771
17459,-0.032274
17460,-0.039746
17461,-0.021777
17462,-0.019367
17463,-0.002210
17464,-0.054336
17465,-0.019763
17466,0.013743
17467,0.027025
17468,0.074351
17469,0.078556
17470,0.019694
17471,0.010522
17472,-0.001313
17473,-0.022262
17474,0.011313
17475,0.012643
17476,-0.021991
17477,-0.039704
17478,-0.052865
17479,-0.031644
17480,-0.005341
17481,0.025840
17482,0.091720
17483,0.069986
17484,0.026594
17485,0.047732
17486,-0.001629
17487,-0.051095
17488,-0.070525
17489,-0.061546
17490,-0.052455
17491,-0.025976
17492,-0.010279
17493,-0.051077
17494,-0.000639
17495,0.019670
17496,0.069510
17497,0.084901
17498,0.050442
17499,-0.001974
17500,-0.019334
17501,0.016578
17502,-0.001417
17503,-0.007188
17504,0.002904
17505,-0.023214
17506,-0.031216
17507,-0.018293
17508,-0.001635
17509,-0.010768
17510,-0.020489
17511,0.010990
17512,0.008678
17513,0.013411
17514,0.019077
17515,0.003749
17516,-0.042210
17517,0.004935
17518,-0.002548
17519,-0.048296
17520,-0.044982
17521,-0.010983
17522,0.004600
17523,0.036220
17524,0.043742
17525,0.079950
17526,0.073344
17527,0.005886
17528,-0.053973
17529,-0.064685
17530,-0.047809
17531,-0.011612
17532,0.033936
17533,0.025006
17534,0.042009
17535,-0.001108
17536,-0.069526
17537,0.006652
17538,-0.000294
17539,0.001537
17540,0.025181
17541,0.014031
17542,-0.005113
17543,-0.004055
17544,-0.005469
17545,-0.018510
17546,-0.033940
17547,-0.025900
17548,-0.020264
17549,0.001526
17550,0.031207
17551,0.022927
17552,0.056424
17553,0.064704
17554,-0.000465
17555,-0.037769
17556,-0.039111
17557,-0.061346
17558,-0.018837
17559,0.031528
17560,-0.001214
17561,-0.011990
17562,0.003329
17563,-0.036248
17564,-0.009716
17565,-0.039799
17566,-0.017685
17567,-0.002102
17568,0.022663
17569,0.055627
17570,0.051948
17571,0.065216
17572,0.076748
17573,0.002180
17574,-0.049227
17575,-0.078660
17576,-0.060462
17577,0.025089
17578,0.045770
17579,0.029388
17580,-0.015473
17581,-0.042769
17582,-0.049878
17583,-0.027481
17584,0.010169
17585,-0.005919
17586,-0.027100
17587,0.028601
17588,0.040134
17589,0.012948
17590,0.012327
17591,0.035128
17592,0.019280
17593,0.033732
17594,0.035514
17595,0.000479
17596,-0.034747
17597,-0.008903
17598,0.011242
17599,-0.023836
17600,-0.044763
17601,-0.071026
17602,-0.053581
17603,-0.051553
17604,-0.042460
17605,0.017995
17606,0.017933
17607,0.001865
17608,0.066472
17609,0.054178
17610,0.002941
17611,0.001223
17612,-0.035545
17613,-0.000469
17614,412.909637
17615,955.438538
17616,82.478951
17617,845.527405
17618,1549.923828
17619,-45.177048
17620,-16.748882
17621,25.092224
17622,53.677387
17623,31.938583
17624,4.838382
17625,-13.971329
17626,-6.688571
17627,-4.005836
17628,-12.806240
17629,-16.478104
17630,-14.180866
17631,-12.056749
17632,4.749810
17633,19.726355
17634,25.766010
17635,11.044796
17636,-3.364211
17637,-2.852309
17638,-13.406721
17639,-21.871103
17640,-10.786006
17641,-1.939724
17642,20.731070
17643,48.067154
17644,27.624586
17645,1.007551
17646,-14.805615
17647,-45.307884
17648,-50.978062
17649,-39.310093
17650,-8.740755
17651,23.050945
17652,53.830578
17653,55.972713
17654,31.429203
17655,-11.415256
17656,-26.164347
17657,-25.240536
17658,-31.006531
17659,-8.145887
17660,-4.287462
17661,2.933689
17662,7.692818
17663,6.249688
17664,13.593780
17665,15.054344
17666,-1.124336
17667,2.194730
17668,0.107863
17669,-176.420471
17670,0.001111
17671,6.785186
17672,-1836.550171
17673,1527.506104
17674,-1086.930176
17675,-951.870544
17676,-2206.723877
17677,275.571869
17678,-66.442268
17679,643.885193
17680,-344.249176
17681,243.159180
17682,-1993.313354
17683,92.689598
17684,237.651474
17685,1158.399536
17686,-1380.307129
17687,1774.352905
17688,-2138.937012
17689,-238.888031
17690,-457.430359
17691,799.256897
17692,-1065.255615
17693,1416.820801
17694,-2001.193237
17695,596.258667
17696,1387.045044
17697,-371.563538
17698,1184.504150
17699,4.665257
17700,-2051.460205
17701,922.736389
17702,6.347218
17703,0.028074
17704,0.012732
17705,0.002726
17706,0.013010
17707,0.027077
17708,0.044881
17709,0.049042
17710,-0.013057
17711,-0.031763
17712,-0.064312
17713,-0.104419
17714,-0.108659
17715,-0.056401
17716,-0.015268
17717,-0.042305
17718,0.018892
17719,0.062941
17720,0.059190
17721,0.047935
17722,0.030382
17723,0.054727
17724,0.032087
17725,0.037647
17726,-0.024152
17727,-0.069839
17728,-0.045570
17729,-0.015474
17730,0.022901
17731,0.024366
17732,0.030229
17733,-0.010876
17734,-0.012629
17735,-0.035023
17736,-0.019619
17737,-0.072089
17738,-0.047848
17739,0.014111
17740,0.081166
17741,0.084956
17742,0.038570
17743,0.012448
17744,-0.030237
17745,-0.039856
17746,-0.014452
17747,-0.025125
17748,-0.044054
17749,-0.012025
17750,-0.006646
17751,0.007753
17752,0.026702
17753,0.010694
17754,0.003877
17755,0.038463
17756,0.036997
17757,0.005151
17758,-0.000822
17759,0.032610
17760,-0.002239
17761,-0.041595
17762,-0.067977
17763,-0.054154
17764,-0.045033
17765,-0.026734
17766,-0.027843
17767,-0.006437
17768,0.034369
17769,0.035827
17770,0.040099
17771,0.083760
17772,0.064609
17773,-0.001617
17774,-0.023512
17775,-0.061275
17776,-0.050864
17777,-0.012699
17778,-0.009503
17779,-0.022900
17780,-0.045862
17781,0.020749
17782,0.026024
17783,-0.026705
17784,0.032396
17785,0.042613
17786,0.043709
17787,0.043250
17788,-0.029225
17789,-0.045529
17790,0.007956
17791,0.009975
17792,0.028022
17793,0.041925
17794,0.014179
17795,-0.029483
17796,-0.046042
17797,-0.070340
17798,-0.085205
17799,-0.048608
17800,0.020570
17801,-0.004686
17802,0.027877
17803,0.070391
17804,0.071777
17805,0.003059
17806,-0.019796
17807,0.017461
17808,0.028594
17809,0.012381
17810,-0.000731
17811,-0.016154
17812,-0.062999
17813,-0.030960
17814,-0.001107
17815,-0.034396
17816,-0.044189
17817,0.006260
17818,0.036402
17819,0.035980
17820,0.041387
17821,0.023104
17822,0.038029
17823,0.010423
17824,-0.065155
17825,-0.061406
17826,0.007613
17827,0.007438
17828,0.042093
17829,0.023046
17830,-0.033780
17831,-0.034221
17832,-0.023993
17833,-0.016809
17834,-0.016714
17835,0.037121
17836,0.067619
17837,0.008591
17838,-0.015215
17839,-0.010381
17840,0.010937
17841,-0.026028
17842,-0.033101
17843,-0.030124
17844,-0.005475
17845,0.003482
17846,-0.009862
17847,-0.022454
17848,0.003631
17849,0.025922
17850,0.035169
17851,-0.025296
17852,-0.027378
17853,-0.045396
17854,-0.016320
17855,0.060986
17856,0.096027
17857,0.081722
17858,0.066725
17859,-0.002219
17860,-0.048215
17861,-0.067234
17862,-0.035874
17863,-0.042801
17864,-0.054770
17865,0.042193
17866,0.087730
17867,0.011771
17868,-0.008611
17869,-0.024600
17870,-0.033373
17871,-0.037405
17872,-0.040595
17873,-0.039785
17874,0.010371
17875,0.022566
17876,0.044748
17877,0.027608
17878,0.030421
17879,0.064861
17880,0.040304
17881,0.061474
17882,0.031699
17883,-0.039470
17884,-0.032272
17885,-0.056652
17886,-0.104083
17887,-0.051478
17888,-0.008813
17889,-0.012750
17890,0.013222
17891,0.043238
17892,-0.017831
17893,-0.025858
17894,-0.029551
17895,-0.038734
17896,0.032864
17897,0.054462
17898,0.058852
17899,0.041378
17900,0.030540
17901,0.004728
17902,-0.019864
17903,-0.066668
17904,-0.048124
17905,-0.097045
17906,-0.016285
17907,-0.029505
17908,-0.033554
17909,0.069360
17910,0.136633
17911,0.102750
17912,0.073317
17913,0.009674
17914,-0.043007
17915,-0.015404
17916,-0.037520
17917,-0.024631
17918,-0.033683
17919,-0.038937
17920,-0.025964
17921,-0.014533
17922,-0.016538
17923,0.017573
17924,-0.013017
17925,0.011162
17926,-0.002989
17927,0.018789
17928,0.002848
17929,-0.018252
17930,-0.012003
17931,0.009044
17932,0.004316
17933,0.037117
17934,0.028999
17935,0.019390
17936,0.016554
17937,-0.022276
17938,-0.039164
17939,-0.006697
17940,-0.009331
17941,0.003142
17942,-0.039717
17943,-0.055881
17944,-0.026699
17945,-0.010467
17946,0.030679
17947,0.044035
17948,0.043313
17949,0.017129
17950,0.041334
17951,0.011982
17952,0.011118
17953,0.009274
17954,0.022829
17955,0.012825
17956,-0.006811
17957,-0.038631
17958,0.024218
17959,0.081312
17960,0.018323
17961,0.027480
17962,0.049191
17963,-0.000475
17964,0.007299
17965,-0.038161
17966,-0.107577
17967,-0.120762
17968,-0.093263
17969,-0.016078
17970,-0.007014
17971,0.021145
17972,0.035755
17973,0.037015
17974,0.035171
17975,0.001616
17976,0.039964
17977,0.062685
17978,0.098362
17979,0.059918
17980,-0.007657
17981,-0.058058
17982,-0.047451
17983,-0.041553
17984,0.041784
17985,0.018026
17986,-0.009573
17987,0.003833
17988,-0.048423
17989,-0.036942
17990,-0.087817
17991,-0.057764
17992,-0.014426
17993,0.029317
17994,0.104869
17995,0.104791
17996,0.044499
17997,-0.019192
17998,-0.030577
17999,-0.015319
18000,-0.028879
18001,-0.036538
18002,-0.061186
18003,-0.040413
18004,-0.021867
18005,0.049414
18006,0.057939
18007,0.088341
18008,0.096412
18009,0.039270
18010,-0.007011
18011,-0.035474
18012,-0.095677
18013,-0.097276
18014,-0.119036
18015,-0.080805
18016,-0.054292
18017,0.000395
18018,0.050165
18019,0.029217
18020,0.042470
18021,0.081493
18022,0.062227
18023,0.011023
18024,0.023937
18025,0.044741
18026,-0.016351
18027,-0.068568
18028,-0.078267
18029,-0.010650
18030,0.039739
18031,0.067757
18032,0.070739
18033,0.018152
18034,-0.010979
18035,-0.013661
18036,-0.031450
18037,-0.018948
18038,-0.018816
18039,-0.003325
18040,-0.004296
18041,-0.030844
18042,-0.068004
18043,-0.078717
18044,-0.072653
18045,0.006066
18046,0.027011
18047,0.059270
18048,0.060164
18049,0.047041
18050,0.060259
18051,0.072145
18052,0.044227
18053,-0.048030
18054,-0.053383
18055,-0.086062
18056,-0.062650
18057,-0.023724
18058,-0.001348
18059,-0.013660
18060,0.022233
18061,0.082769
18062,0.118595
18063,0.048421
18064,-0.028783
18065,-0.029221
18066,-0.053022
18067,-0.049820
18068,-0.030378
18069,-0.020809
18070,-0.007432
18071,-0.022368
18072,-0.007616
18073,-0.027634
18074,-0.033814
18075,-0.031660
18076,0.020667
18077,0.059341
18078,0.077716
18079,0.093526
18080,0.060136
18081,0.016674
18082,-0.017224
18083,-0.013557
18084,-0.010754
18085,-0.040550
18086,-0.030585
18087,-0.053534
18088,-0.082666
18089,-0.039426
18090,-0.036303
18091,0.010667
18092,0.033833
18093,0.018214
18094,0.034996
18095,-0.046230
18096,-0.046872
18097,0.041642
18098,0.075019
18099,0.088604
18100,0.041762
18101,0.004183
18102,-0.072840
18103,-0.073301
18104,-0.016963
18105,0.040338
18106,0.036299
18107,0.059145
18108,0.031626
18109,-0.009504
18110,-0.016164
18111,-0.063606
18112,-0.081934
18113,-0.048735
18114,-0.031383
18115,-0.020978
18116,0.004434
18117,0.059333
18118,0.035586
18119,0.039153
18120,0.027366
18121,-0.009645
18122,-0.027725
18123,-0.059669
18124,-0.015982
18125,0.000782
18126,0.035020
18127,0.088653
18128,0.032675
18129,-0.005091
18130,-0.000719
18131,-0.046216
18132,-0.094290
18133,0.000561
18134,0.053513
18135,0.051780
18136,0.017219
18137,0.009835
18138,-0.009079
18139,-0.034446
18140,-0.052667
18141,-0.056034
18142,-0.000752
18143,0.031491
18144,0.030150
18145,0.001549
18146,-0.069389
18147,0.012207
18148,0.024498
18149,0.017474
18150,0.012405
18151,-0.020541
18152,0.014983
18153,0.029105
18154,-0.023595
18155,-0.004832
18156,-0.007297
18157,-0.005247
18158,0.008517
18159,-0.002642
18160,0.018015
18161,-0.047577
18162,-0.068452
18163,0.019062
18164,0.053644
18165,0.030635
18166,0.021192
18167,0.027254
18168,0.012910
18169,-0.043503
18170,0.023500
18171,0.027342
18172,-0.046591
18173,-0.019193
18174,-0.003686
18175,0.027334
18176,-0.016246
18177,-0.075115
18178,-0.049774
18179,0.001865
18180,0.072526
18181,0.095273
18182,0.041018
18183,-0.033881
18184,-0.042047
18185,-0.024818
18186,-0.058091
18187,-0.078172
18188,-0.014970
18189,0.019513
18190,0.033706
18191,0.087148
18192,0.025907
18193,0.015663
18194,0.000610
18195,0.012511
18196,0.001502
18197,-0.053044
18198,-0.067842
18199,-0.050515
18200,-0.069573
18201,0.019591
18202,0.093097
18203,643.756226
18204,568.894043
18205,8.038597
18206,212.639786
18207,-23.624763
18208,-3.881173
18209,-8.101116
18210,4.811773
18211,16.520428
18212,20.826599
18213,10.933532
18214,0.244984
18215,-20.971916
18216,-23.283064
18217,-11.334183
18218,3.018704
18219,10.555852
18220,23.944075
18221,21.888123
18222,26.155397
18223,13.647014
18224,-26.899839
18225,-25.832571
18226,-30.702040
18227,-20.846909
18228,-8.624117
18229,9.322062
18230,33.090111
18231,37.758347
18232,8.756832
18233,-23.749229
18234,-36.776199
18235,-35.979527
18236,-5.575360
18237,19.671444
18238,48.756367
18239,61.118359
18240,31.469933
18241,-6.547239
18242,-27.950047
18243,-32.789192
18244,-39.749229
18245,-40.469555
18246,-21.628468
18247,-1.668953
18248,14.214172
18249,33.253593
18250,35.341232
18251,29.815481
18252,4.012082
18253,-0.268940
18254,-2.734970
18255,-22.598722
18256,-38.833920
18257,0.051470
18258,0.025916
18259,0.012491
18260,0.036009
18261,0.010126
18262,-0.052701
18263,-0.086996
18264,-0.051217
18265,-0.004864
18266,0.007828
18267,0.016590
18268,0.030057
18269,0.038728
18270,0.003069
18271,0.013290
18272,-0.004404
18273,0.013049
18274,0.024946
18275,0.031066
18276,0.048897
18277,-0.001731
18278,-0.086237
18279,-0.025149
18280,0.002266
18281,-0.001671
18282,0.025235
18283,-0.021685
18284,-0.074531
18285,-0.069393
18286,-0.049097
18287,-0.051387
18288,-0.003452
18289,0.090284
18290,0.110592
18291,0.113947
18292,0.067611
18293,-0.042808
18294,-0.077535
18295,-0.070596
18296,-0.057639
18297,-0.040874
18298,-0.009080
18299,0.035217
18300,0.025192
18301,0.011168
18302,0.017679
18303,0.035588
18304,0.058033
18305,0.082658
18306,0.054285
18307,0.063158
18308,-0.031487
18309,-0.082387
18310,-0.109664
18311,-0.131409
18312,-0.094445
18313,-0.049346
18314,-0.015439
18315,0.025073
18316,0.084752
18317,0.102691
18318,0.094952
18319,0.017972
18320,-0.016937
18321,-0.036161
18322,-0.017543
18323,-0.001244
18324,-0.009688
18325,0.021646
18326,0.063154
18327,0.031044
18328,0.035314
18329,-0.018921
18330,-0.043214
18331,-0.027618
18332,-0.015944
18333,-0.030895
18334,-0.037650
18335,0.007078
18336,-0.024565
18337,0.002636
18338,-0.001322
18339,-0.021983
18340,-0.045529
18341,-0.044653
18342,-0.027667
18343,0.007602
18344,0.044259
18345,0.070561
18346,0.056233
18347,0.015954
18348,-0.039298
18349,0.028848
18350,0.044879
18351,0.010329
18352,-0.040608
18353,-0.061375
18354,-0.060303
18355,-0.053669
18356,-0.003560
18357,0.041118
18358,0.030478
18359,-0.005841
18360,0.025542
18361,0.035000
18362,0.050744
18363,0.046172
18364,-0.015531
18365,-0.052588
18366,-0.080606
18367,-0.046519
18368,-0.011568
18369,0.007559
18370,0.057677
18371,0.050664
18372,0.069810
18373,0.002144
18374,-0.051733
18375,-0.048796
18376,-0.057043
18377,-0.024370
18378,0.020862
18379,0.047386
18380,0.030599
18381,0.022675
18382,-0.042335
18383,-0.049272
18384,-0.020687
18385,-0.033590
18386,0.012728
18387,0.031878
18388,0.015069
18389,0.005364
18390,0.058409
18391,0.090326
18392,0.003162
18393,-0.012807
18394,0.002454
18395,-0.030270
18396,-0.046492
18397,-0.087392
18398,-0.044981
18399,-0.000441
18400,-0.008833
18401,0.012231
18402,0.003862
18403,-0.008455
18404,0.052817
18405,0.065638
18406,0.049989
18407,-0.009892
18408,0.010329
18409,0.027875
18410,0.003985
18411,-0.033763
18412,-0.034637
18413,-0.029812
18414,-0.075909
18415,-0.063987
18416,0.009210
18417,0.028847
18418,0.050381
18419,0.074695
18420,0.035206
18421,0.055809
18422,0.026609
18423,-0.031673
18424,-0.100320
18425,-0.065901
18426,-0.016924
18427,-0.042602
18428,-0.023137
18429,0.008320
18430,0.031351
18431,0.088618
18432,0.089663
18433,0.078441
18434,0.030780
18435,-0.021975
18436,-0.000457
18437,-0.026683
18438,-0.100412
18439,-0.109247
18440,-0.081624
18441,-0.064866
18442,-0.007871
18443,-0.001179
18444,0.010689
18445,0.069016
18446,0.068843
18447,0.097626
18448,0.051139
18449,-0.007836
18450,-0.002370
18451,-0.034664
18452,-0.057935
18453,-0.006265
18454,0.018980
18455,0.046443
18456,0.053165
18457,663.118713
18458,576.831787
18459,8.286107
18460,181.700012
18461,26.717598
18462,48.887096
18463,47.526810
18464,16.665546
18465,-9.936678
18466,-21.986418
18467,-25.731972
18468,-39.001350
18469,-52.421913
18470,-1.186113
18471,30.642849
18472,33.209530
18473,18.887810
18474,-4.313509
18475,-17.949844
18476,-6.486609
18477,14.634092
18478,26.730331
18479,19.498428
18480,5.020695
18481,-13.593384
18482,-29.851734
18483,-8.758632
18484,16.843563
18485,1.527679
18486,-8.155935
18487,-8.797528
18488,-18.255484
18489,-17.673079
18490,-14.579633
18491,11.063048
18492,20.289982
18493,26.897156
18494,20.725704
18495,20.622322
18496,-4.258192
18497,-31.621988
18498,-40.498672
18499,-24.753998
18500,-11.129620
18501,-8.248993
18502,23.017885
18503,40.610664
18504,43.640846
18505,43.845364
18506,16.844246
18507,-29.637751
18508,-61.705627
18509,-55.888737
18510,-17.115856
18511,0.033238
18512,0.003857
18513,-0.028987
18514,-0.040906
18515,-0.016578
18516,-0.025419
18517,-0.036938
18518,-0.030707
18519,-0.001375
18520,-0.013489
18521,-0.004063
18522,-0.012385
18523,-0.022156
18524,-0.043270
18525,0.017898
18526,0.045450
18527,-0.023983
18528,-0.012509
18529,0.000434
18530,0.027244
18531,0.088390
18532,0.090115
18533,0.024366
18534,-0.032627
18535,-0.077715
18536,-0.064947
18537,-0.046556
18538,-0.002658
18539,0.033087
18540,0.008329
18541,0.007364
18542,0.014939
18543,-0.007624
18544,0.050169
18545,0.092945
18546,0.071140
18547,0.011685
18548,-0.100759
18549,-0.096626
18550,-0.011779
18551,0.000954
18552,0.014195
18553,0.034286
18554,-0.019311
18555,-0.011727
18556,0.005116
18557,0.007190
18558,0.014114
18559,0.003651
18560,0.028531
18561,0.001418
18562,-0.042160
18563,-0.019460
18564,-0.053463
18565,-0.083234
18566,-0.040578
18567,0.002040
18568,0.023820
18569,0.001831
18570,0.020222
18571,0.079359
18572,0.044702
18573,0.059733
18574,0.077274
18575,0.021368
18576,0.008157
18577,0.000217
18578,-0.055381
18579,-0.137814
18580,-0.087902
18581,-0.013399
18582,-0.006620
18583,0.001880
18584,0.029687
18585,0.129321
18586,0.126795
18587,0.025265
18588,-0.038701
18589,-0.090053
18590,-0.084274
18591,-0.031278
18592,0.002670
18593,-0.010156
18594,-0.033064
18595,-0.032026
18596,0.044526
18597,0.026761
18598,0.055639
18599,0.051940
18600,0.008518
18601,0.029908
18602,0.031190
18603,-0.010621
18604,-0.019517
18605,-0.027020
18606,-0.040407
18607,-0.016501
18608,0.001615
18609,0.007281
18610,-0.002103
18611,-0.035688
18612,-0.020019
18613,0.013938
18614,-0.003234
18615,0.015241
18616,0.012569
18617,0.000850
18618,0.006156
18619,0.015892
18620,0.050695
18621,0.025501
18622,-0.012538
18623,-0.008588
18624,0.014551
18625,-0.010418
18626,-0.032981
18627,-0.033735
18628,-0.019128
18629,-0.013152
18630,-0.007397
18631,-0.015049
18632,-0.053532
18633,-0.038809
18634,0.047850
18635,0.071133
18636,0.064786
18637,0.037687
18638,0.045780
18639,-0.029387
18640,-0.047351
18641,-0.076390
18642,-0.057419
18643,0.019045
18644,0.033959
18645,0.031589
18646,0.068879
18647,0.039936
18648,0.034112
18649,-0.019140
18650,-0.121773
18651,-0.070694
18652,-0.072336
18653,-0.052412
18654,-0.013193
18655,0.020780
18656,0.042855
18657,0.086628
18658,0.096799
18659,0.062514
18660,0.060342
18661,0.021685
18662,-0.009176
18663,-0.032185
18664,-0.085490
18665,-0.106871
18666,-0.091811
18667,-0.044980
18668,0.047290
18669,0.060629
18670,0.087106
18671,0.059379
18672,-0.002784
18673,0.000319
18674,-0.035811
18675,-0.060168
18676,-0.043073
18677,0.000644
18678,0.026836
18679,-0.052464
18680,-0.071798
18681,-0.005598
18682,0.029233
18683,0.062706
18684,0.060322
18685,0.036454
18686,0.049361
18687,0.008697
18688,0.005731
18689,-0.024754
18690,-0.063554
18691,-0.045950
18692,-0.007269
18693,0.037201
18694,0.086996
18695,0.087075
18696,0.028888
18697,-0.003461
18698,-0.070153
18699,-0.107441
18700,-0.093165
18701,-0.111422
18702,-0.085675
18703,0.004465
18704,0.011711
18705,0.021159
18706,0.077405
18707,0.084783
18708,0.070151
18709,0.050746
18710,0.011959
18711,682.481201
18712,584.769531
18713,8.533617
18714,150.667282
18715,-52.184994
18716,-3.917887
18717,28.840897
18718,49.982513
18719,76.869690
18720,81.815605
18721,53.820690
18722,-14.363464
18723,-60.299438
18724,-66.276749
18725,-45.564152
18726,-20.752525
18727,-1.123334
18728,28.721043
18729,32.319561
18730,10.828172
18731,-29.063808
18732,-15.971625
18733,15.199155
18734,31.211065
18735,15.214946
18736,-8.142761
18737,-32.671768
18738,-42.750359
18739,-30.429319
18740,22.776426
18741,51.188698
18742,35.803753
18743,36.167152
18744,30.562323
18745,8.650461
18746,-1.182133
18747,-22.629053
18748,-61.120213
18749,-73.943573
18750,-58.655785
18751,-17.159908
18752,34.248871
18753,53.578037
18754,59.023018
18755,45.155495
18756,23.894936
18757,-6.141411
18758,-32.798283
18759,-48.589493
18760,-29.779415
18761,-22.588499
18762,7.084933
18763,12.452974
18764,12.614100
18765,-114.445335
18766,0.018359
18767,1310.183960
18768,164.960693
18769,-650.870117
18770,784.473145
18771,232.026627
18772,2231.434326
18773,-582.710327
18774,1096.785156
18775,-12.769422
18776,1447.648682
18777,987.636536
18778,-1758.259644
18779,1142.948120
18780,-2080.817627
18781,-1010.234436
18782,894.699829
18783,-690.698486
18784,-1155.590698
18785,-1141.889648
18786,2184.234131
18787,-1039.590576
18788,1827.197876
18789,1683.430664
18790,-1330.206299
18791,945.677307
18792,1658.923218
18793,-210.035355
18794,-448.477203
18795,848.360779
18796,258.888855
18797,-303.338684
18798,1407.702393
18799,-839.122864
18800,-1856.229126
18801,842.911804
18802,-2238.512695
18803,367.475861
18804,2327.318359
18805,998.700439
18806,1525.573120
18807,-609.537170
18808,2121.604980
18809,-2200.752197
18810,1869.927002
18811,1560.463501
18812,2450.501709
18813,880.897827
18814,2178.213867
18815,1988.466553
18816,-855.565613
18817,1083.651489
18818,-1766.553955
18819,-0.013039
18820,-0.030136
18821,-0.004112
18822,-0.013147
18823,0.011825
18824,0.016934
18825,-0.017022
18826,-0.025983
18827,0.002976
18828,0.046896
18829,0.015575
18830,-0.007367
18831,-0.047714
18832,-0.002429
18833,0.005307
18834,-0.018367
18835,-0.076509
18836,-0.064349
18837,-0.080598
18838,-0.071251
18839,-0.000799
18840,0.053446
18841,0.038533
18842,0.032157
18843,0.048235
18844,0.045861
18845,-0.002865
18846,-0.014844
18847,0.024479
18848,0.073517
18849,0.033706
18850,-0.002480
18851,-0.015584
18852,-0.055362
18853,-0.033495
18854,0.001147
18855,0.066109
18856,0.053687
18857,0.044984
18858,0.039722
18859,0.016231
18860,-0.065895
18861,-0.106398
18862,-0.124712
18863,-0.061362
18864,-0.018900
18865,-0.033802
18866,-0.021628
18867,0.033688
18868,0.048139
18869,0.071458
18870,0.048792
18871,0.076634
18872,0.056096
18873,0.001914
18874,0.006553
18875,-0.019439
18876,-0.023263
18877,-0.002399
18878,0.024666
18879,-0.006650
18880,-0.005769
18881,0.006557
18882,-0.018176
18883,-0.052357
18884,-0.042503
18885,-0.045798
18886,-0.043776
18887,-0.055500
18888,-0.015564
18889,0.007617
18890,0.036062
18891,0.049634
18892,0.030497
18893,0.034371
18894,0.033743
18895,0.039373
18896,0.035442
18897,-0.025373
18898,-0.000884
18899,0.036912
18900,-0.031131
18901,-0.051124
18902,-0.033215
18903,-0.032704
18904,-0.102329
18905,-0.039934
18906,0.029758
18907,0.030802
18908,0.042016
18909,0.032181
18910,0.017215
18911,0.043877
18912,-0.007945
18913,0.012411
18914,-0.010343
18915,-0.071378
18916,-0.054620
18917,-0.055311
18918,-0.045711
18919,267.950470
18920,83.271683
18921,5.048324
18922,2071.364746
18923,965.040833
18924,-19.673479
18925,8.252366
18926,37.174801
18927,28.677618
18928,-0.809590
18929,-14.038838
18930,-30.506521
18931,-30.165426
18932,-17.106430
18933,-17.888699
18934,-2.101145
18935,17.578293
18936,29.836714
18937,36.356186
18938,22.851498
18939,-10.210491
18940,-40.363976
18941,-40.403645
18942,-12.290809
18943,14.633657
18944,12.697598
18945,3.189702
18946,6.408852
18947,6.091454
18948,6.689987
18949,-4.164411
18950,-9.003457
18951,-3.474921
18952,8.681529
18953,21.482054
18954,11.218672
18955,7.535968
18956,-0.375822
18957,-11.345727
18958,-22.115259
18959,-21.113642
18960,5.857455
18961,10.245814
18962,-18.995577
18963,-45.770702
18964,-52.190758
18965,-25.177053
18966,30.972637
18967,64.193420
18968,88.211380
18969,76.513649
18970,14.857336
18971,-45.889084
18972,-65.573395
18973,0.005425
18974,0.067659
18975,0.072835
18976,0.030267
18977,0.010534
18978,-0.010890
18979,0.034236
18980,0.082288
18981,0.050621
18982,0.032217
18983,-0.002397
18984,-0.025625
18985,-0.052970
18986,-0.065120
18987,-0.114035
18988,-0.064246
18989,0.001555
18990,0.012680
18991,0.010898
18992,-0.013031
18993,0.004315
18994,0.055371
18995,0.024526
18996,0.086512
18997,0.065718
18998,0.014843
18999,0.001803
19000,-0.037686
19001,-0.065252
19002,-0.040114
19003,-0.057310
19004,-0.012618
19005,0.002665
19006,-0.027870
19007,0.005283
19008,0.003958
19009,-0.018734
19010,0.017495
19011,0.003092
19012,0.033879
19013,0.057905
19014,0.040376
19015,0.035596
19016,0.041884
19017,-0.010125
19018,-0.096260
19019,-0.115604
19020,-0.079177
19021,-0.063635
19022,0.021235
19023,0.100957
19024,0.087910
19025,0.101679
19026,0.044881
19027,-0.012320
19028,-0.014855
19029,-0.053922
19030,-0.080582
19031,-0.053578
19032,-0.018405
19033,-0.035763
19034,-0.012500
19035,0.026804
19036,0.038251
19037,0.026802
19038,0.002350
19039,-0.010050
19040,-0.029273
19041,0.007292
19042,0.008590
19043,-0.038906
19044,0.011391
19045,0.062648
19046,0.070560
19047,0.061357
19048,0.041268
19049,0.014050
19050,-0.017573
19051,-0.080071
19052,-0.049949
19053,-0.028340
19054,-0.046107
19055,-0.021606
19056,-0.007510
19057,0.021515
19058,0.024098
19059,0.046955
19060,0.030180
19061,0.019562
19062,-0.002980
19063,-0.044760
19064,-0.065290
19065,-0.046739
19066,-0.017446
19067,-0.014496
19068,-0.001234
19069,0.006910
19070,0.023739
19071,0.052535
19072,0.033641
19073,0.003905
19074,-0.004410
19075,0.027195
19076,0.025208
19077,0.009949
19078,0.018427
19079,0.001150
19080,-0.034780
19081,-0.081319
19082,-0.083490
19083,-0.009702
19084,-0.017716
19085,0.016385
19086,0.054484
19087,0.038827
19088,0.051286
19089,0.037282
19090,-0.027689
19091,-0.009455
19092,0.023097
19093,-0.028751
19094,-0.050474
19095,-0.027661
19096,-0.038947
19097,-0.028686
19098,-0.042225
19099,0.009363
19100,0.059450
19101,0.088475
19102,0.133153
19103,0.085273
19104,0.060841
19105,0.000172
19106,-0.062430
19107,-0.101262
19108,-0.159877
19109,-0.134378
19110,-0.010863
19111,0.035653
19112,-0.003060
19113,0.022472
19114,0.005051
19115,0.040604
19116,0.053372
19117,0.034540
19118,0.012964
19119,-0.023348
19120,-0.000383
19121,0.044339
19122,0.004138
19123,263.356110
19124,67.532875
19125,4.956150
19126,2093.485596
19127,971.351868
19128,25.247124
19129,9.772409
19130,-11.434549
19131,-36.115757
19132,-31.290165
19133,-10.210468
19134,7.782001
19135,25.001741
19136,29.049351
19137,8.781641
19138,-14.420888
19139,-37.494205
19140,-39.179920
19141,-29.284241
19142,-20.510347
19143,4.769948
19144,34.123924
19145,46.988258
19146,36.949474
19147,24.377892
19148,9.337305
19149,-1.558868
19150,-10.084366
19151,-10.842856
19152,-22.509624
19153,-29.714758
19154,-22.257761
19155,-12.211057
19156,-7.614526
19157,-17.237452
19158,-11.938195
19159,7.625535
19160,29.619059
19161,44.534637
19162,48.154999
19163,30.330868
19164,3.011717
19165,-19.470371
19166,-53.561817
19167,-47.038071
19168,-21.768541
19169,-10.888841
19170,-15.051990
19171,-0.494773
19172,6.371912
19173,20.047672
19174,28.135036
19175,37.616745
19176,28.003422
19177,0.024785
19178,0.036881
19179,0.050146
19180,0.038186
19181,0.004361
19182,-0.069924
19183,-0.099962
19184,-0.125651
19185,-0.113573
19186,-0.040137
19187,0.041834
19188,0.044901
19189,0.064067
19190,0.087100
19191,0.110865
19192,0.012644
19193,-0.055584
19194,-0.036705
19195,-0.039024
19196,-0.032153
19197,-0.033908
19198,-0.034273
19199,0.009370
19200,0.055075
19201,0.096716
19202,0.100302
19203,0.046167
19204,-0.003651
19205,-0.043066
19206,-0.092262
19207,-0.088124
19208,-0.040203
19209,-0.050833
19210,-0.049009
19211,0.014938
19212,0.061989
19213,0.024820
19214,0.012336
19215,0.016619
19216,0.008601
19217,0.015399
19218,0.053570
19219,0.041189
19220,-0.005786
19221,0.011958
19222,0.048242
19223,-0.010232
19224,-0.065001
19225,-0.019644
19226,-0.060838
19227,-0.033222
19228,0.024837
19229,0.046400
19230,0.030330
19231,0.041540
19232,0.010314
19233,-0.043056
19234,-0.090338
19235,-0.088304
19236,-0.088938
19237,-0.044514
19238,-0.009727
19239,0.008092
19240,0.009658
19241,0.109416
19242,0.089827
19243,0.043804
19244,-0.003975
19245,0.009824
19246,0.029488
19247,0.025415
19248,-0.023327
19249,-0.059958
19250,-0.076104
19251,-0.042500
19252,0.006473
19253,0.062718
19254,0.064253
19255,0.050425
19256,0.089902
19257,0.057205
19258,-0.007295
19259,-0.101886
19260,-0.124497
19261,-0.104368
19262,-0.085044
19263,-0.043392
19264,-0.012116
19265,0.027977
19266,0.011319
19267,0.034591
19268,0.059786
19269,0.015060
19270,-0.016514
19271,0.020108
19272,0.047115
19273,0.074812
19274,0.083408
19275,0.063591
19276,0.022815
19277,-0.013334
19278,-0.039315
19279,-0.056465
19280,-0.052015
19281,-0.085798
19282,-0.065728
19283,-0.027439
19284,-0.015498
19285,0.004045
19286,0.037903
19287,0.055433
19288,0.065290
19289,0.063456
19290,-0.019179
19291,-0.112998
19292,-0.122173
19293,-0.072193
19294,0.019509
19295,0.077431
19296,0.097746
19297,0.049629
19298,-0.032872
19299,-0.037198
19300,-0.031720
19301,0.046109
19302,0.065063
19303,0.063154
19304,0.110284
19305,0.065780
19306,-0.040542
19307,-0.106201
19308,-0.101780
19309,-0.080518
19310,-0.045310
19311,0.029140
19312,-0.006426
19313,-0.027068
19314,-0.010163
19315,-0.032779
19316,-0.027892
19317,-0.005026
19318,0.038957
19319,0.065003
19320,0.060237
19321,0.035920
19322,-0.027131
19323,0.032145
19324,0.083573
19325,0.015345
19326,-0.011174
19327,-0.026901
19328,-0.064965
19329,-0.105995
19330,-0.131418
19331,-0.064336
19332,-0.020425
19333,0.067990
19334,0.110915
19335,0.070450
19336,0.027993
19337,0.004508
19338,-0.002759
19339,0.056355
19340,0.102098
19341,-0.007749
19342,-0.087559
19343,-0.112655
19344,-0.089705
19345,-0.040069
19346,-0.020211
19347,0.018341
19348,0.052582
19349,0.068612
19350,0.035505
19351,0.042180
19352,0.041829
19353,0.002194
19354,-0.033234
19355,-0.033369
19356,-0.086631
19357,-0.025816
19358,0.079501
19359,0.081196
19360,0.047295
19361,-0.000418
19362,-0.025992
19363,-0.044438
19364,-0.069501
19365,-0.023437
19366,0.001754
19367,-0.005836
19368,0.003106
19369,-0.046349
19370,-0.040160
19371,0.002631
19372,0.051874
19373,0.062027
19374,0.038473
19375,-0.004452
19376,-0.087285
19377,-0.090094
19378,-0.050407
19379,0.006395
19380,0.031928
19381,0.049302
19382,0.106804
19383,0.086455
19384,0.062787
19385,0.015634
19386,-0.011766
19387,-0.043323
19388,-0.058288
19389,-0.038257
19390,-0.047773
19391,-0.013844
19392,-0.024708
19393,-0.045060
19394,-0.017158
19395,0.017005
19396,0.051787
19397,0.073436
19398,0.041918
19399,0.039187
19400,0.014659
19401,-0.002573
19402,-0.011952
19403,-0.048850
19404,-0.063617
19405,-0.067125
19406,-0.057258
19407,0.014056
19408,0.018617
19409,0.064108
19410,0.059956
19411,0.044686
19412,-0.024246
19413,-0.072262
19414,-0.069990
19415,-0.078000
19416,-0.049838
19417,0.094466
19418,0.068362
19419,0.026899
19420,0.037305
19421,-0.002687
19422,-0.036330
19423,-0.061444
19424,-0.035893
19425,0.022797
19426,0.020088
19427,256.509613
19428,44.078957
19429,4.818792
19430,2126.450195
19431,961.455994
19432,52.627121
19433,17.264088
19434,-21.034260
19435,-40.383217
19436,-37.896893
19437,-22.099991
19438,-27.483006
19439,-14.061078
19440,-5.847425
19441,13.350289
19442,12.864159
19443,15.349887
19444,13.230603
19445,3.715390
19446,4.312265
19447,-3.012682
19448,-18.276245
19449,-26.069380
19450,-15.843832
19451,-1.188450
19452,7.169709
19453,15.967165
19454,45.886715
19455,43.599453
19456,21.854424
19457,0.948843
19458,-15.741405
19459,-14.275513
19460,-17.117058
19461,-36.519329
19462,-44.813545
19463,-34.418053
19464,-7.662500
19465,35.240234
19466,56.687420
19467,45.235939
19468,10.026974
19469,-15.936472
19470,-40.530380
19471,-43.797203
19472,-13.322465
19473,5.734088
19474,20.688105
19475,32.741966
19476,19.114553
19477,7.062019
19478,-4.751851
19479,-14.193135
19480,-18.619984
19481,-0.015294
19482,0.007502
19483,-0.007500
19484,0.011346
19485,-0.001769
19486,0.034685
19487,0.055990
19488,0.038575
19489,0.021287
19490,0.029893
19491,-0.012891
19492,-0.023615
19493,-0.071229
19494,-0.070439
19495,-0.057814
19496,-0.060671
19497,0.014517
19498,0.074714
19499,0.090055
19500,0.100746
19501,0.025457
19502,-0.017944
19503,-0.003635
19504,0.002039
19505,-0.023536
19506,-0.076927
19507,-0.049463
19508,-0.011166
19509,-0.043805
19510,-0.050134
19511,-0.038751
19512,-0.006970
19513,0.037098
19514,0.056422
19515,0.075883
19516,0.045965
19517,-0.009685
19518,-0.017425
19519,0.031620
19520,-0.006526
19521,0.023982
19522,0.005947
19523,-0.039282
19524,0.004578
19525,-0.016379
19526,-0.044823
19527,-0.046845
19528,-0.039182
19529,0.000868
19530,-0.011434
19531,0.033183
19532,0.030107
19533,0.078105
19534,0.069363
19535,0.027885
19536,-0.008249
19537,-0.003650
19538,0.003762
19539,0.000031
19540,0.001315
19541,-0.028110
19542,-0.071612
19543,-0.026606
19544,-0.047649
19545,-0.038235
19546,-0.009164
19547,-0.024967
19548,-0.030750
19549,0.032074
19550,0.029806
19551,0.036919
19552,0.021155
19553,0.001188
19554,-0.023722
19555,-0.028567
19556,-0.002026
19557,0.011473
19558,0.027624
19559,0.056156
19560,0.014351
19561,-0.012891
19562,-0.043120
19563,-0.061251
19564,-0.007795
19565,0.037667
19566,-0.023099
19567,-0.048071
19568,0.005725
19569,-0.007875
19570,0.051693
19571,0.066106
19572,0.048813
19573,0.023782
19574,0.019194
19575,0.042908
19576,0.005990
19577,0.014309
19578,-0.040139
19579,-0.088082
19580,-0.088550
19581,-0.081467
19582,-0.006688
19583,0.054861
19584,0.046012
19585,0.062324
19586,0.065464
19587,0.051619
19588,0.024034
19589,-0.033873
19590,-0.058880
19591,-0.072024
19592,-0.094651
19593,-0.088527
19594,-0.078648
19595,-0.009173
19596,0.018270
19597,0.040756
19598,0.103526
19599,0.093675
19600,0.104237
19601,0.039385
19602,-0.019306
19603,-0.008069
19604,-0.068278
19605,-0.076097
19606,-0.034297
19607,-0.050021
19608,0.023878
19609,0.016040
19610,-0.004887
19611,0.004706
19612,0.000211
19613,-0.007967
19614,0.026094
19615,0.039311
19616,0.066356
19617,0.037320
19618,0.017513
19619,-0.017828
19620,-0.030961
19621,-0.037019
19622,-0.019237
19623,0.005071
19624,-0.033987
19625,-0.054583
19626,-0.002701
19627,0.005885
19628,-0.031181
19629,-0.016954
19630,-0.007920
19631,0.008401
19632,0.055771
19633,0.066225
19634,0.023876
19635,0.025595
19636,-0.011374
19637,-0.042682
19638,-0.020605
19639,-0.027508
19640,-0.079294
19641,-0.027139
19642,0.009058
19643,-0.019558
19644,0.020295
19645,0.051579
19646,0.047871
19647,0.073307
19648,0.047480
19649,0.016345
19650,0.005389
19651,-0.066683
19652,-0.083066
19653,-0.077559
19654,-0.062190
19655,-0.005004
19656,0.033060
19657,0.033995
19658,0.031333
19659,0.024548
19660,-0.000778
19661,-0.018270
19662,0.042250
19663,0.027411
19664,0.072073
19665,0.100292
19666,-0.003681
19667,-0.089513
19668,-0.098481
19669,-0.078348
19670,-0.024082
19671,0.017102
19672,-0.013275
19673,-0.018296
19674,-0.005086
19675,0.047412
19676,0.071930
19677,0.017929
19678,0.012528
19679,0.019821
19680,-0.024338
19681,0.004673
19682,-0.025072
19683,-0.042191
19684,-0.058635
19685,-0.084359
19686,-0.072350
19687,-0.006794
19688,0.068826
19689,0.075609
19690,0.082176
19691,0.064800
19692,0.031714
19693,0.019174
19694,-0.006356
19695,-0.045903
19696,-0.047548
19697,-0.046447
19698,-0.049124
19699,-0.042498
19700,-0.007567
19701,0.032106
19702,0.064481
19703,0.051883
19704,0.013395
19705,0.015120
19706,0.039124
19707,-0.007851
19708,-0.022563
19709,-0.030135
19710,-0.005995
19711,-0.027195
19712,-0.011245
19713,0.018401
19714,0.022969
19715,0.019218
19716,0.025118
19717,-0.005265
19718,0.007199
19719,-0.027591
19720,-0.024352
19721,-0.001772
19722,-0.019293
19723,0.010465
19724,0.016677
19725,0.040876
19726,0.041442
19727,-0.021634
19728,-0.048481
19729,-0.072943
19730,-0.050071
19731,0.075974
19732,0.093099
19733,0.003866
19734,-0.036183
19735,-0.011623
19736,-0.058738
19737,-0.024358
19738,0.051932
19739,0.033863
19740,0.050753
19741,0.042727
19742,0.019654
19743,-0.019884
19744,-0.053843
19745,-0.051266
19746,-0.014143
19747,0.017566
19748,0.029656
19749,0.076242
19750,0.009487
19751,-0.029613
19752,0.010313
19753,0.026860
19754,-0.021423
19755,-0.030711
19756,-0.011270
19757,-0.063378
19758,-0.021354
19759,0.037122
19760,-0.012988
19761,0.028418
19762,0.025878
19763,-0.042146
19764,-0.039244
19765,0.017020
19766,0.013931
19767,0.023447
19768,0.013702
19769,0.013175
19770,-0.000894
19771,-0.003878
19772,0.000874
19773,0.033766
19774,0.011557
19775,-0.035133
19776,-0.046938
19777,-0.050743
19778,-0.009778
19779,-0.002152
19780,-0.005089
19781,0.006422
19782,0.027480
19783,0.000172
19784,0.043578
19785,0.037749
19786,0.030642
19787,0.061456
19788,0.045727
19789,0.022388
19790,-0.003200
19791,-0.062659
19792,-0.088703
19793,-0.052260
19794,0.001334
19795,0.008515
19796,-0.026078
19797,-0.028306
19798,-0.043683
19799,-0.023225
19800,0.031713
19801,0.060193
19802,0.046674
19803,0.021528
19804,0.038363
19805,0.002522
19806,-0.069848
19807,-0.111739
19808,-0.032824
19809,-0.005647
19810,0.029911
19811,0.078628
19812,0.061206
19813,0.002132
19814,-0.042231
19815,-0.026213
19816,-0.014431
19817,-0.046811
19818,-0.040766
19819,0.023322
19820,0.039900
19821,-0.009766
19822,-0.006931
19823,0.037043
19824,0.068488
19825,0.025085
19826,-0.004488
19827,0.014364
19828,0.015021
19829,0.016664
19830,0.062979
19831,0.030641
19832,0.049817
19833,0.023859
19834,-0.001975
19835,-0.019488
19836,-0.055345
19837,-0.051996
19838,-0.008789
19839,-0.045137
19840,-0.072746
19841,-0.017725
19842,-0.014927
19843,0.005504
19844,0.057555
19845,0.045144
19846,0.033331
19847,0.053738
19848,0.068308
19849,0.004368
19850,-0.042426
19851,-0.067651
19852,-0.049880
19853,-0.045352
19854,-0.007637
19855,0.003611
19856,-0.001780
19857,0.001056
19858,0.054057
19859,0.050785
19860,0.052632
19861,0.091334
19862,0.047582
19863,-0.037531
19864,-0.080069
19865,-0.064079
19866,-0.043549
19867,-0.043106
19868,-0.019383
19869,0.047927
19870,0.062923
19871,0.029348
19872,0.006021
19873,0.010250
19874,-0.009436
19875,-0.030693
19876,-0.012618
19877,-0.012682
19878,-0.007492
19879,-0.002786
19880,0.011612
19881,-0.002303
19882,-0.019957
19883,0.030831
19884,-0.010800
19885,-0.048016
19886,-0.054484
19887,-0.051766
19888,-0.006714
19889,0.053607
19890,0.092294
19891,0.105724
19892,0.071980
19893,-0.029124
19894,-0.048531
19895,-0.088288
19896,-0.079970
19897,-0.060429
19898,-0.084064
19899,0.006657
19900,0.050351
19901,0.029702
19902,0.008371
19903,0.037942
19904,0.066143
19905,0.102642
19906,0.050290
19907,-0.035965
19908,-0.053572
19909,-0.062405
19910,-0.048229
19911,-0.026226
19912,0.002069
19913,0.024458
19914,0.047368
19915,-0.016521
19916,-0.049760
19917,0.029983
19918,0.019736
19919,0.035412
19920,0.064051
19921,0.047409
19922,-0.001111
19923,-0.050498
19924,-0.061095
19925,0.000196
19926,-0.000529
19927,-0.021786
19928,-0.036018
19929,-0.044420
19930,-0.023883
19931,-0.010206
19932,0.031815
19933,0.050490
19934,0.020320
19935,-0.000738
19936,-0.022915
19937,-0.076879
19938,-0.062056
19939,0.003477
19940,0.039934
19941,0.061811
19942,0.104278
19943,0.032912
19944,-0.029187
19945,-0.010998
19946,-0.033658
19947,-0.021180
19948,0.018988
19949,0.057231
19950,0.040236
19951,-0.017025
19952,-0.108711
19953,-0.095147
19954,-0.022088
19955,-0.004644
19956,0.022644
19957,0.034295
19958,0.015534
19959,0.010127
19960,-0.010978
19961,0.002193
19962,0.044370
19963,0.077947
19964,0.035785
19965,0.048733
19966,-0.024353
19967,-0.079852
19968,-0.095072
19969,-0.074382
19970,-0.041143
19971,0.043617
19972,0.099227
19973,0.072122
19974,0.008092
19975,-0.031005
19976,0.025898
19977,-0.010257
19978,-0.039936
19979,-0.020722
19980,-0.048267
19981,0.000422
19982,0.021450
19983,-0.011166
19984,-0.014314
19985,0.040517
19986,0.006870
19987,-0.000905
19988,0.002984
19989,-0.035603
19990,-0.056030
19991,-0.035924
19992,0.057208
19993,0.089859
19994,0.041432
19995,-0.069130
19996,-0.105203
19997,-0.066310
19998,-0.086128
19999,-0.060648
20000,0.020266
20001,0.062884
20002,0.105203
20003,0.089552
20004,0.047085
20005,0.014301
20006,-0.006548
20007,0.031591
20008,0.027708
20009,-0.019374
20010,-0.032187
20011,-0.023537
20012,-0.015199
20013,-0.033980
20014,-0.050067
20015,-0.043952
20016,-0.031275
20017,0.022526
20018,0.049174
20019,0.062447
20020,0.042005
20021,0.023723
20022,-0.000010
20023,-0.038608
20024,-0.045282
20025,-0.003107
20026,-0.001506
20027,-0.033558
20028,-0.054558
20029,-0.033043
20030,0.040810
20031,0.012936
20032,-0.002085
20033,0.011620
20034,-0.011324
20035,-0.008065
20036,-0.016374
20037,0.040604
20038,0.101573
20039,0.045399
20040,0.016931
20041,-0.046243
20042,-0.078383
20043,-0.098514
20044,-0.064847
20045,0.070400
20046,0.079198
20047,0.015161
20048,0.009813
20049,-0.008060
20050,-0.000001
20051,0.004186
20052,0.003928
20053,0.018450
20054,-0.058705
20055,-0.053028
20056,-0.058923
20057,0.006791
20058,0.044443
20059,0.052002
20060,0.025602
20061,0.010892
20062,-0.012247
20063,-0.024861
20064,0.004239
20065,0.015347
20066,-0.005386
20067,-0.019331
20068,0.001273
20069,0.048788
20070,0.025592
20071,0.006977
20072,0.019051
20073,0.008301
20074,-0.017313
20075,-0.005517
20076,-0.023064
20077,-0.056336
20078,-0.050036
20079,-0.008262
20080,-0.012841
20081,0.001406
20082,0.001081
20083,-0.038152
20084,-0.016990
20085,-0.019229
20086,0.022383
20087,0.047726
20088,0.100688
20089,0.043974
20090,0.041448
20091,0.014480
20092,-0.024050
20093,-0.022135
20094,-0.024415
20095,-0.024117
20096,-0.031207
20097,-0.013668
20098,0.004892
20099,0.033107
20100,0.003280
20101,-0.000234
20102,-0.025685
20103,-0.053703
20104,-0.075912
20105,-0.046554
20106,-0.004072
20107,0.036035
20108,0.078583
20109,0.024648
20110,-0.027415
20111,-0.040430
20112,-0.046430
20113,-0.006750
20114,0.001403
20115,-0.017857
20116,-0.004810
20117,0.028807
20118,0.093579
20119,0.083372
20120,0.065459
20121,0.041008
20122,-0.022650
20123,-0.080727
20124,-0.062324
20125,-0.083665
20126,-0.036213
20127,0.009657
20128,-0.016441
20129,-0.011971
20130,0.047528
20131,0.045321
20132,0.051761
20133,0.009378
20134,0.040287
20135,0.003114
20136,-0.117139
20137,-0.087863
20138,-0.025303
20139,-0.026334
20140,-0.021344
20141,0.028998
20142,0.056275
20143,0.052448
20144,0.057437
20145,0.012296
20146,-0.024940
20147,0.009416
20148,0.006570
20149,0.012935
20150,-0.051722
20151,-0.059596
20152,-0.000844
20153,-0.002343
20154,-0.039399
20155,-0.040803
20156,-0.029385
20157,0.007360
20158,0.068389
20159,0.085253
20160,0.068111
20161,0.039848
20162,-0.008820
20163,-0.045734
20164,-0.007853
20165,0.015346
20166,0.006984
20167,0.013398
20168,-0.088803
20169,-0.075455
20170,-0.089578
20171,-0.049262
20172,-0.020409
20173,0.017022
20174,0.066877
20175,0.095896
20176,0.103828
20177,0.038824
20178,-0.038605
20179,-0.062787
20180,-0.003866
20181,-0.007326
20182,0.009539
20183,-0.009701
20184,-0.010600
20185,0.015840
20186,0.044392
20187,0.027166
20188,-0.003644
20189,-0.009880
20190,-0.053701
20191,-0.055618
20192,-0.000842
20193,0.033963
20194,0.013502
20195,-0.072524
20196,-0.055459
20197,-0.047789
20198,0.025244
20199,0.061709
20200,0.043946
20201,0.017741
20202,-0.036513
20203,-0.068503
20204,-0.011075
20205,0.039608
20206,0.060813
20207,0.102362
20208,0.033713
20209,-0.009854
20210,-0.016899
20211,-0.001726
20212,0.060359
20213,-0.004687
20214,-0.035878
20215,-0.019024
20216,-0.058837
20217,-0.066627
20218,-0.052317
20219,-0.076307
20220,-0.042021
20221,-0.006928
20222,0.082099
20223,0.121243
20224,0.105946
20225,0.001450
20226,-0.043563
20227,-0.002821
20228,-0.007657
20229,0.004700
20230,-0.036153
20231,0.009731
20232,0.004058
20233,-0.004644
20234,-0.022979
20235,-0.003394
20236,0.041593
20237,0.025871
20238,0.047371
20239,-0.004038
20240,-0.077745
20241,-0.048346
20242,-0.039197
20243,-0.038380
20244,-0.019840
20245,0.020935
20246,0.035152
20247,0.020662
20248,0.018820
20249,0.022572
20250,-0.007227
20251,0.010681
20252,0.007228
20253,-0.051898
20254,-0.050395
20255,-0.005243
20256,0.076229
20257,0.057968
20258,0.001398
20259,-0.023027
20260,-0.037743
20261,0.040294
20262,0.058452
20263,0.022403
20264,-0.041999
20265,-0.054978
20266,-0.048391
20267,-0.008405
20268,0.038033
20269,0.036939
20270,-0.042964
20271,-0.065781
20272,-0.002724
20273,0.029039
20274,0.051991
20275,0.042198
20276,-0.015111
20277,-0.014715
20278,-0.010146
20279,-0.037462
20280,0.015841
20281,-0.003001
20282,0.000332
20283,0.002945
20284,0.022331
20285,0.006650
20286,-0.004391
20287,-0.050415
20288,-0.015069
20289,-0.066137
20290,-0.010317
20291,0.068939
20292,0.015568
20293,0.008243
20294,0.031525
20295,-0.009787
20296,-0.064013
20297,-0.057686
20298,0.022979
20299,0.037299
20300,0.046817
20301,0.028883
20302,0.005911
20303,-0.013565
20304,-0.055218
20305,-0.075958
20306,-0.027923
20307,-0.016510
20308,0.003523
20309,0.071274
20310,0.059047
20311,0.024378
20312,0.004256
20313,0.031888
20314,0.009340
20315,0.004630
20316,0.037343
20317,-0.002138
20318,-0.028928
20319,-0.054527
20320,-0.055209
20321,-0.079543
20322,-0.036378
20323,0.049050
20324,0.101834
20325,0.112229
20326,0.052493
20327,-0.009779
20328,-0.056098
20329,-0.099654
20330,-0.076481
20331,-0.052055
20332,-0.056829
20333,0.031139
20334,0.094052
20335,0.069511
20336,0.003203
20337,-0.025211
20338,0.010769
20339,0.045504
20340,0.001991
20341,-0.001100
20342,-0.038983
20343,-0.098235
20344,-0.053228
20345,-0.016709
20346,-0.036585
20347,0.000333
20348,0.071430
20349,0.086335
20350,0.071338
20351,0.008276
20352,-0.038341
20353,-0.059359
20354,-0.026376
20355,-0.024479
20356,-0.022427
20357,0.030234
20358,0.049147
20359,0.065683
20360,0.071410
20361,0.018290
20362,-0.039863
20363,-0.094408
20364,-0.050426
20365,-0.044596
20366,-0.024154
20367,-0.006754
20368,-0.009382
20369,-0.000343
20370,0.046310
20371,0.059207
20372,0.053646
20373,0.049965
20374,0.020800
20375,-0.003843
20376,-0.025426
20377,-0.088071
20378,-0.057118
20379,-0.042233
20380,-0.074245
20381,235.024200
20382,11.958734
20383,4.387743
20384,2146.100342
20385,862.559570
20386,44.371284
20387,11.519584
20388,-16.986614
20389,-34.100742
20390,-30.902617
20391,-11.760149
20392,10.467150
20393,7.005824
20394,20.136597
20395,8.112133
20396,14.001383
20397,28.824387
20398,-1.592591
20399,-29.721153
20400,-49.797451
20401,-50.179787
20402,-10.450227
20403,25.132914
20404,36.697632
20405,40.738804
20406,51.522243
20407,26.348124
20408,-15.804349
20409,-37.997456
20410,-45.862362
20411,-50.305164
20412,-29.462975
20413,-2.086826
20414,24.423191
20415,32.105213
20416,29.263494
20417,11.919105
20418,3.570037
20419,-19.154606
20420,-13.222488
20421,1.728329
20422,21.844767
20423,29.240290
20424,37.363129
20425,10.973077
20426,-12.402856
20427,-29.668858
20428,-46.391983
20429,-49.388119
20430,-26.939152
20431,-11.427651
20432,5.566333
20433,42.150272
20434,31.192638
20435,-0.035840
20436,-0.016248
20437,-0.016598
20438,-0.015377
20439,0.022150
20440,0.053006
20441,0.068434
20442,0.083914
20443,0.128839
20444,0.039219
20445,-0.019252
20446,-0.011212
20447,-0.035816
20448,-0.058236
20449,-0.001329
20450,-0.017449
20451,0.026176
20452,0.034755
20453,0.000204
20454,-0.037287
20455,-0.033805
20456,-0.025569
20457,0.000538
20458,0.006952
20459,-0.027793
20460,-0.012859
20461,0.010642
20462,-0.035484
20463,-0.053149
20464,-0.004228
20465,0.032762
20466,0.061787
20467,0.043016
20468,0.001891
20469,-0.018303
20470,-0.001406
20471,0.030442
20472,0.012115
20473,-0.015255
20474,-0.029022
20475,-0.004967
20476,0.010687
20477,0.006329
20478,0.011452
20479,-0.004641
20480,-0.009031
20481,0.004225
20482,-0.036937
20483,-0.037803
20484,-0.024339
20485,232.681961
20486,15.208841
20487,4.340753
20488,2135.176758
20489,843.390564
20490,17.843426
20491,21.541153
20492,20.110769
20493,-1.127624
20494,-39.886391
20495,-51.365036
20496,-47.218674
20497,-39.298264
20498,-4.107763
20499,43.151588
20500,69.055893
20501,85.113434
20502,49.271931
20503,8.714477
20504,-10.205369
20505,-37.228996
20506,-52.307022
20507,-45.109570
20508,-44.784847
20509,-41.656525
20510,-30.045166
20511,-1.557402
20512,35.204739
20513,42.159458
20514,61.825592
20515,61.344273
20516,49.100864
20517,-0.646588
20518,-52.887131
20519,-76.209549
20520,-58.104622
20521,-24.416378
20522,3.685398
20523,45.749729
20524,66.942764
20525,43.993763
20526,0.561567
20527,-29.056713
20528,-19.207537
20529,-7.030977
20530,-18.294527
20531,-33.820358
20532,-45.678394
20533,-1.759499
20534,30.196476
20535,30.390207
20536,16.037695
20537,9.129837
20538,17.392443
20539,25.592808
20540,14.623845
20541,-607.382263
20542,0.000000
20543,4.952521
20544,2275.885010
20545,1097.335938
20546,2232.316895
20547,2284.072266
20548,705.435059
20549,2192.613770
20550,1123.697266
20551,2236.600342
20552,2328.685059
20553,1403.737183
20554,678.195007
20555,963.947876
20556,2266.250244
20557,791.611267
20558,971.649536
20559,2066.074951
20560,681.078552
20561,1065.697998
20562,893.483948
20563,1655.285522
20564,895.790466
20565,2037.258911
20566,2242.605469
20567,1643.989868
20568,953.117188
20569,1599.530884
20570,0.004326
20571,-0.006288
20572,0.030619
20573,0.002710
20574,0.007075
20575,0.010294
20576,0.007055
20577,-0.006554
20578,0.005058
20579,0.014407
20580,0.051083
20581,0.031233
20582,-0.006490
20583,-0.050186
20584,-0.018983
20585,0.030328
20586,-0.013506
20587,-0.038357
20588,-0.052198
20589,-0.017213
20590,0.046512
20591,0.022978
20592,-0.013901
20593,-0.032034
20594,-0.065848
20595,-0.022413
20596,0.000440
20597,0.003405
20598,-0.027181
20599,0.017547
20600,0.090060
20601,0.110129
20602,0.071713
20603,-0.051337
20604,-0.107613
20605,-0.115114
20606,-0.067922
20607,0.006456
20608,0.059006
20609,0.040177
20610,0.103223
20611,0.062482
20612,0.033144
20613,0.017491
20614,-0.021952
20615,-0.030274
20616,-0.014677
20617,-0.020847
20618,-0.019857
20619,0.005283
20620,-0.027527
20621,-0.009232
20622,0.009671
20623,-0.036460
20624,-0.049788
20625,-0.035539
20626,-0.003428
20627,-0.022529
20628,0.042340
20629,0.050028
20630,0.043176
20631,0.031074
20632,0.011651
20633,-0.020493
20634,-0.048204
20635,-0.014364
20636,0.021351
20637,0.069464
20638,0.068022
20639,0.043835
20640,0.029980
20641,-0.057138
20642,-0.096811
20643,-0.053684
20644,-0.021833
20645,-0.004307
20646,-0.004182
20647,-0.029414
20648,-0.064718
20649,-0.047374
20650,-0.045345
20651,-0.002382
20652,0.025617
20653,0.023477
20654,0.065609
20655,0.076734
20656,0.083510
20657,0.064218
20658,0.049361
20659,0.013634
20660,-0.026765
20661,-0.048241
20662,-0.020575
20663,-0.008861
20664,0.005225
20665,0.008067
20666,-0.007103
20667,-0.024220
20668,-0.056127
20669,-0.032047
20670,-0.003831
20671,0.031609
20672,0.029349
20673,0.047559
20674,-0.006195
20675,0.014243
20676,0.017487
20677,0.033588
20678,-0.014938
20679,-0.065050
20680,-0.058484
20681,-0.040978
20682,-0.025278
20683,-0.028215
20684,-0.021340
20685,0.024202
20686,0.030377
20687,0.011654
20688,-0.023389
20689,-0.054410
20690,-0.039112
20691,0.016721
20692,0.078359
20693,0.059141
20694,0.040405
20695,-0.000172
20696,-0.017570
20697,-0.002052
20698,0.003281
20699,-0.038273
20700,-0.043674
20701,0.001673
20702,0.037578
20703,0.064109
20704,0.059506
20705,0.090738
20706,0.026606
20707,-0.040932
20708,-0.018264
20709,-0.044955
20710,-0.053614
20711,-0.031569
20712,-0.006802
20713,0.001459
20714,-0.047876
20715,-0.075071
20716,-0.031609
20717,-0.007155
20718,0.004287
20719,0.074596
20720,0.074688
20721,0.090230
20722,0.052926
20723,-0.011950
20724,-0.036704
20725,-0.053471
20726,-0.068817
20727,-0.045594
20728,-0.034538
20729,-0.022243
20730,0.002059
20731,0.047407
20732,0.005777
20733,-0.035863
20734,0.038951
20735,0.056868
20736,0.041509
20737,-0.020339
20738,-0.003375
20739,-0.048610
20740,-0.049803
20741,-0.046100
20742,-0.041460
20743,-0.032243
20744,0.062888
20745,0.098437
20746,0.068345
20747,0.062606
20748,0.030448
20749,0.004579
20750,-0.026576
20751,-0.011818
20752,-0.014949
20753,-0.044784
20754,-0.032243
20755,0.002534
20756,0.021896
20757,0.016326
20758,0.020757
20759,-0.015792
20760,-0.025321
20761,-0.025196
20762,-0.033274
20763,-0.053069
20764,-0.024044
20765,0.026386
20766,0.039212
20767,0.054218
20768,0.010672
20769,0.013457
20770,-0.001216
20771,-0.018821
20772,-0.021643
20773,-0.031060
20774,-0.006120
20775,-0.008802
20776,0.002341
20777,0.023416
20778,0.064884
20779,0.016914
20780,0.019446
20781,0.005171
20782,-0.027794
20783,0.033308
20784,0.010243
20785,-0.035197
20786,-0.056872
20787,-0.089631
20788,-0.008856
20789,0.043645
20790,0.054872
20791,0.070130
20792,0.046482
20793,-0.028937
20794,-0.037350
20795,-0.015875
20796,0.014814
20797,0.041348
20798,-0.018452
20799,-0.054610
20800,-0.056255
20801,-0.038458
20802,-0.021548
20803,0.068403
20804,0.089104
20805,0.020850
20806,-0.027656
20807,-0.008259
20808,-0.007719
20809,-0.057703
20810,-0.053668
20811,-0.044623
20812,0.006713
20813,0.073024
20814,0.039834
20815,0.003084
20816,-0.022790
20817,-0.058184
20818,-0.027167
20819,0.007030
20820,0.020902
20821,0.032705
20822,0.042238
20823,0.046607
20824,0.020726
20825,0.029348
20826,0.013494
20827,-0.052723
20828,-0.039454
20829,-0.030958
20830,-0.044803
20831,-0.038272
20832,-0.014790
20833,0.031467
20834,0.059865
20835,0.049683
20836,0.055691
20837,0.013619
20838,0.012363
20839,-0.037908
20840,-0.064436
20841,-0.034325
20842,0.016488
20843,0.007842
20844,-0.031279
20845,-0.039825
20846,0.005293
20847,-0.000500
20848,-0.024351
20849,0.017291
20850,-0.017799
20851,-0.025528
20852,-0.006905
20853,-0.004976
20854,0.029390
20855,0.011666
20856,0.052946
20857,0.079777
20858,0.056944
20859,0.066068
20860,0.022341
20861,-0.050597
20862,-0.074583
20863,-0.088826
20864,-0.059853
20865,-0.036240
20866,0.023050
20867,0.027626
20868,0.017492
20869,0.027126
20870,84.784576
20871,339.740540
20872,0.893285
20873,1005.673584
20874,-22.120670
20875,-37.836494
20876,-48.369411
20877,-27.880743
20878,4.463376
20879,33.311001
20880,60.971878
20881,52.030689
20882,23.638630
20883,5.874124
20884,-14.220627
20885,-12.746297
20886,-6.968604
20887,-23.221727
20888,-42.590950
20889,-44.122635
20890,-22.100195
20891,13.260316
20892,45.103279
20893,50.720837
20894,19.073910
20895,2.671250
20896,-7.671041
20897,-26.211329
20898,-41.928501
20899,-49.821430
20900,-34.539593
20901,13.828655
20902,56.487442
20903,54.349552
20904,41.309040
20905,6.930476
20906,-2.933654
20907,-10.022507
20908,-16.677475
20909,-22.132561
20910,-8.763815
20911,-22.383234
20912,-14.695651
20913,5.668598
20914,25.484728
20915,15.611761
20916,25.581369
20917,21.518284
20918,4.529641
20919,-26.840950
20920,-46.109943
20921,-46.920547
20922,-33.886703
20923,-8.007015
20924,-0.084185
20925,-0.058090
20926,-0.030970
20927,-0.023519
20928,0.086930
20929,0.108945
20930,0.071207
20931,0.068188
20932,0.023740
20933,-0.062887
20934,-0.057315
20935,-0.043132
20936,-0.066297
20937,0.006501
20938,0.011316
20939,0.041626
20940,0.025017
20941,0.004391
20942,0.015570
20943,-0.026823
20944,-0.026731
20945,-0.001407
20946,-0.072196
20947,-0.014687
20948,-0.009037
20949,-0.023659
20950,0.041466
20951,0.041121
20952,-0.059804
20953,-0.064776
20954,-0.018374
20955,0.057623
20956,0.100019
20957,0.013111
20958,0.000077
20959,0.010985
20960,-0.028863
20961,-0.017440
20962,0.009147
20963,0.081242
20964,0.029751
20965,0.010921
20966,-0.055349
20967,-0.078909
20968,-0.048534
20969,-0.008737
20970,0.009840
20971,0.022846
20972,0.065628
20973,0.082400
20974,0.028794
20975,-0.070831
20976,-0.079885
20977,-0.076007
20978,-0.077136
20979,-0.053831
20980,-0.011196
20981,0.067384
20982,0.081904
20983,0.019963
20984,0.001593
20985,-0.008609
20986,-0.028400
20987,-0.015769
20988,0.004413
20989,0.039634
20990,0.021513
20991,-0.047075
20992,-0.049180
20993,0.019346
20994,0.061614
20995,0.077845
20996,0.060071
20997,0.005232
20998,-0.016569
20999,-0.056401
21000,-0.073106
21001,-0.082194
21002,-0.021498
21003,0.032531
21004,-0.012090
21005,-0.032446
21006,0.038768
21007,0.070481
21008,0.054728
21009,0.050415
21010,0.011748
21011,-0.112433
21012,-0.089045
21013,0.014348
21014,0.046986
21015,0.034773
21016,0.035768
21017,0.076103
21018,0.034540
21019,-0.090690
21020,-0.060973
21021,0.007494
21022,0.020067
21023,0.039541
21024,0.009126
21025,-0.048540
21026,-0.046361
21027,-0.006624
21028,0.010882
21029,-0.009964
21030,-0.005220
21031,-0.041268
21032,-0.039767
21033,-0.004995
21034,-0.000509
21035,0.003545
21036,0.041217
21037,0.092172
21038,0.068178
21039,0.062788
21040,-0.000020
21041,-0.095445
21042,-0.095852
21043,-0.075214
21044,-0.051051
21045,0.020583
21046,0.047526
21047,0.047644
21048,0.024615
21049,-0.027150
21050,-0.007530
21051,-0.008713
21052,0.001490
21053,0.012220
21054,0.029881
21055,0.049883
21056,0.060608
21057,0.063377
21058,0.037547
21059,-0.005415
21060,-0.073298
21061,-0.036252
21062,-0.050222
21063,-0.071170
21064,-0.051708
21065,-0.046637
21066,0.016975
21067,0.024557
21068,0.022220
21069,0.046379
21070,0.039813
21071,0.042101
21072,0.016508
21073,-0.009492
21074,-0.032254
21075,0.014483
21076,0.019165
21077,-0.035548
21078,-0.050157
21079,-0.038194
21080,-0.042931
21081,-0.019343
21082,0.014224
21083,0.030940
21084,0.029255
21085,0.038205
21086,0.037126
21087,0.043437
21088,-0.013800
21089,-0.051874
21090,-0.050827
21091,0.006871
21092,0.009613
21093,0.010058
21094,0.008687
21095,-0.005787
21096,-0.022204
21097,0.044293
21098,0.068228
21099,0.029540
21100,0.044966
21101,0.047094
21102,-0.010529
21103,-0.019166
21104,-0.062530
21105,-0.089403
21106,-0.097124
21107,-0.048846
21108,-0.009402
21109,-0.012980
21110,0.008411
21111,0.070301
21112,0.048775
21113,0.005528
21114,-0.017417
21115,-0.007945
21116,0.022619
21117,0.009301
21118,-0.005033
21119,-0.001221
21120,0.015402
21121,0.023903
21122,0.041766
21123,0.041604
21124,-0.058939
21125,-0.045487
21126,-0.007375
21127,-0.029872
21128,-0.005800
21129,-0.010739
21130,-0.023439
21131,0.029327
21132,0.032889
21133,-0.046719
21134,-0.089113
21135,-0.049842
21136,-0.002712
21137,0.052563
21138,0.070149
21139,0.061224
21140,0.030033
21141,0.014964
21142,0.022496
21143,0.018392
21144,-0.010840
21145,-0.011520
21146,0.003176
21147,0.004358
21148,0.007894
21149,-0.053728
21150,-0.070936
21151,-0.053164
21152,0.005954
21153,0.039442
21154,0.030621
21155,-0.003286
21156,0.002788
21157,0.051216
21158,0.074325
21159,0.039535
21160,-0.040337
21161,-0.056401
21162,-0.103338
21163,-0.055397
21164,0.004400
21165,0.013777
21166,-0.005682
21167,0.008213
21168,0.002941
21169,0.009928
21170,-0.003813
21171,0.056542
21172,0.045021
21173,0.036139
21174,107.958603
21175,349.240845
21176,1.189517
21177,970.055786
21178,-21.451082
21179,0.808781
21180,18.881187
21181,28.855402
21182,32.302711
21183,22.153570
21184,-8.839263
21185,-35.072136
21186,-19.292286
21187,-12.664809
21188,-5.236055
21189,13.258711
21190,3.873301
21191,-25.874619
21192,-21.253014
21193,18.647951
21194,37.141483
21195,24.708441
21196,4.984203
21197,-7.799901
21198,4.574506
21199,-1.757989
21200,-13.980548
21201,-7.988735
21202,16.741009
21203,14.689950
21204,-17.377798
21205,-40.817036
21206,-48.798931
21207,-14.154702
21208,21.896736
21209,43.689064
21210,42.782257
21211,38.026901
21212,16.740372
21213,-4.365358
21214,-18.439739
21215,-49.726307
21216,-43.705719
21217,-22.435226
21218,-3.016728
21219,12.227553
21220,27.840141
21221,41.431755
21222,49.111980
21223,1.886410
21224,-24.942247
21225,-29.331161
21226,-20.578104
21227,-21.727983
21228,0.060870
21229,0.038270
21230,-0.025538
21231,-0.034322
21232,-0.001821
21233,-0.034824
21234,-0.008742
21235,0.032461
21236,0.024515
21237,-0.013618
21238,-0.026282
21239,0.033095
21240,-0.000721
21241,-0.021107
21242,-0.037286
21243,-0.050704
21244,-0.006879
21245,0.024584
21246,0.040267
21247,0.045934
21248,0.027156
21249,0.050478
21250,-0.021645
21251,-0.039152
21252,-0.009237
21253,-0.001920
21254,-0.012165
21255,-0.029057
21256,-0.044627
21257,-0.020572
21258,-0.013638
21259,-0.030454
21260,-0.025273
21261,-0.001123
21262,0.034413
21263,0.066593
21264,0.089739
21265,0.042101
21266,-0.019285
21267,-0.028245
21268,-0.070972
21269,-0.041886
21270,-0.015568
21271,0.013199
21272,0.034590
21273,0.049868
21274,0.063157
21275,-0.002221
21276,-0.075070
21277,-0.075884
21278,-0.033003
21279,0.000945
21280,0.078662
21281,0.077991
21282,-0.010764
21283,-0.040171
21284,-0.034984
21285,-0.030679
21286,0.000786
21287,0.021196
21288,0.068431
21289,0.006774
21290,-0.050789
21291,-0.029413
21292,-0.068681
21293,-0.068550
21294,0.008752
21295,0.037987
21296,0.013452
21297,-0.026965
21298,-0.001401
21299,0.030534
21300,0.084699
21301,0.036763
21302,0.003479
21303,-0.005196
21304,-0.042708
21305,-0.032043
21306,0.013085
21307,0.098467
21308,0.056264
21309,-0.033115
21310,-0.034791
21311,-0.056361
21312,-0.083143
21313,-0.058063
21314,-0.043799
21315,0.042684
21316,0.071012
21317,0.055502
21318,0.008577
21319,-0.020670
21320,-0.019554
21321,0.032262
21322,0.099389
21323,0.051838
21324,0.052916
21325,0.000405
21326,-0.063775
21327,-0.074369
21328,119.698044
21329,354.053497
21330,1.339583
21331,950.162231
21332,-16.612080
21333,-13.077133
21334,-13.814516
21335,-8.628954
21336,0.320453
21337,-2.052956
21338,-8.534391
21339,2.092790
21340,15.076783
21341,13.899416
21342,2.527388
21343,-1.303015
21344,-6.584050
21345,-22.299288
21346,-18.915840
21347,-7.219881
21348,11.678254
21349,22.312939
21350,19.731207
21351,16.473185
21352,-0.833647
21353,-12.682086
21354,-11.052860
21355,-3.058508
21356,-16.854748
21357,-15.152617
21358,-10.628975
21359,8.543605
21360,13.578266
21361,21.341206
21362,15.262308
21363,12.135934
21364,0.307747
21365,-20.322739
21366,-22.211231
21367,-3.570891
21368,6.758834
21369,17.908646
21370,22.851110
21371,-5.268647
21372,-11.902155
21373,-13.630095
21374,-13.360349
21375,5.625992
21376,13.509568
21377,12.220260
21378,16.363722
21379,6.722653
21380,-18.140057
21381,-17.518784
21382,-1.602566
21383,0.038297
21384,2164.131836
21385,100.084129
21386,47.397717
21387,-432.428925
21388,-1892.933716
21389,-30.123056
21390,-2011.719238
21391,463.405212
21392,243.294296
21393,-1324.349243
21394,-222.989532
21395,-1616.540649
21396,345.728363
21397,-2260.587402
21398,-61.042759
21399,284.006256
21400,-1490.088501
21401,451.972168
21402,-68.934540
21403,-2183.909424
21404,-824.494995
21405,724.620850
21406,2080.290527
21407,-1477.735352
21408,752.921936
21409,1295.002319
21410,-231.044479
21411,-280.557495
21412,-1861.421509
21413,-1466.488403
21414,-1029.006714
21415,652.035217
21416,-1960.205200
21417,-361.131195
21418,682.747742
21419,1749.857788
21420,-260.736237
21421,1280.028442
21422,59.582123
21423,406.644836
21424,-1659.608521
21425,-337.189697
21426,-1116.422852
21427,608.192993
21428,-129.727325
21429,-1381.072388
21430,2173.585938
21431,1869.385132
21432,-1470.554321
21433,-1355.916260
21434,1262.835571
21435,18.094633
21436,-0.001046
21437,-0.011153
21438,0.044073
21439,0.052533
21440,0.029705
21441,0.051467
21442,-0.006515
21443,-0.113771
21444,-0.092847
21445,-0.089586
21446,-0.073621
21447,0.028424
21448,0.060370
21449,0.056130
21450,0.054277
21451,0.001543
21452,-0.015815
21453,-0.026868
21454,-0.013308
21455,0.029467
21456,0.024481
21457,0.031367
21458,-0.005104
21459,-0.037922
21460,-0.060181
21461,-0.022697
21462,-0.048520
21463,-0.027193
21464,0.035232
21465,0.027530
21466,0.018513
21467,0.008917
21468,0.040004
21469,0.053320
21470,0.059833
21471,0.062716
21472,0.019839
21473,-0.030177
21474,-0.049712
21475,-0.019821
21476,-0.016794
21477,-0.048703
21478,0.024683
21479,-0.029089
21480,-0.058048
21481,-0.052778
21482,-0.047451
21483,-0.019789
21484,0.028831
21485,0.048195
21486,0.037438
21487,0.007451
21488,0.006594
21489,0.016727
21490,0.007232
21491,0.031294
21492,0.046541
21493,0.035397
21494,-0.043789
21495,-0.074564
21496,-0.045867
21497,-0.009806
21498,0.021845
21499,0.033885
21500,0.033901
21501,0.058538
21502,0.011473
21503,0.013082
21504,-0.016432
21505,-0.064734
21506,-0.050048
21507,0.003087
21508,0.035498
21509,0.066428
21510,0.001702
21511,-0.040613
21512,-0.033907
21513,-0.060616
21514,-0.044117
21515,-0.056038
21516,-0.108123
21517,-0.076000
21518,-0.006270
21519,0.055687
21520,0.160359
21521,0.147411
21522,0.115182
21523,0.038884
21524,-0.041372
21525,-0.032606
21526,0.014464
21527,0.006337
21528,-0.010091
21529,0.038361
21530,0.014001
21531,-0.055865
21532,-0.072600
21533,-0.090069
21534,-0.081504
21535,0.012534
21536,0.070173
21537,0.067938
21538,0.063868
21539,-0.036006
21540,-0.045755
21541,-0.003736
21542,-0.044839
21543,0.002216
21544,0.030558
21545,0.027055
21546,0.035231
21547,0.006768
21548,-0.031223
21549,-0.031477
21550,-0.029766
21551,-0.077193
21552,-0.050485
21553,-0.016505
21554,0.034149
21555,0.071380
21556,0.092311
21557,0.070387
21558,0.035027
21559,-0.028660
21560,-0.025336
21561,-0.036769
21562,-0.074245
21563,-0.062006
21564,-0.016207
21565,-0.018550
21566,0.052370
21567,0.041887
21568,0.032672
21569,0.070387
21570,0.087505
21571,0.031083
21572,-0.040055
21573,-0.043248
21574,-0.000979
21575,-0.027840
21576,-0.039601
21577,0.022869
21578,-0.009309
21579,0.018384
21580,0.033776
21581,-0.037838
21582,-0.074131
21583,-0.075385
21584,-0.050079
21585,0.004965
21586,433.092407
21587,648.994507
21588,8.361465
21589,1276.236694
21590,1618.913452
21591,32.658710
21592,50.127209
21593,29.953852
21594,8.052170
21595,2.540017
21596,3.430628
21597,-11.347364
21598,-34.179745
21599,-33.459846
21600,-29.751783
21601,-21.537981
21602,-3.502889
21603,19.257353
21604,40.499847
21605,35.269276
21606,23.805973
21607,-6.434381
21608,-16.541159
21609,-14.902557
21610,10.217752
21611,10.043940
21612,-8.715008
21613,-17.405401
21614,-14.701366
21615,-1.448586
21616,1.606472
21617,3.620602
21618,17.314339
21619,9.558234
21620,-0.711547
21621,-4.911972
21622,-10.842397
21623,-20.109261
21624,4.181681
21625,26.675844
21626,17.062864
21627,0.210909
21628,-18.839426
21629,-3.984794
21630,-16.610065
21631,-24.606871
21632,-13.370425
21633,-11.990340
21634,20.776596
21635,43.379082
21636,45.973885
21637,10.069489
21638,-8.869005
21639,-12.640074
21640,0.054725
21641,0.092614
21642,0.108331
21643,0.040146
21644,0.000466
21645,0.009808
21646,-0.052613
21647,-0.120647
21648,-0.108131
21649,-0.011347
21650,0.051646
21651,-0.000345
21652,-0.005160
21653,0.034540
21654,0.021906
21655,0.015862
21656,0.011718
21657,0.014353
21658,-0.008535
21659,-0.040262
21660,0.000770
21661,-0.055228
21662,-0.047243
21663,0.053761
21664,0.097406
21665,0.048206
21666,0.009810
21667,0.012367
21668,0.000148
21669,0.013562
21670,-0.019256
21671,-0.074383
21672,-0.053575
21673,-0.088316
21674,-0.022979
21675,0.050566
21676,0.048214
21677,0.066875
21678,-0.011369
21679,-0.050237
21680,-0.011398
21681,0.008899
21682,0.022042
21683,0.001112
21684,-0.013170
21685,-0.015745
21686,-0.016136
21687,0.027162
21688,0.076710
21689,0.037994
21690,430.750183
21691,640.970764
21692,8.314475
21693,1287.514160
21694,1623.963623
21695,-39.901550
21696,-38.792896
21697,-0.476876
21698,27.452862
21699,25.965553
21700,16.976185
21701,10.245417
21702,-6.392912
21703,-15.756982
21704,-16.635719
21705,5.623052
21706,14.306856
21707,9.356091
21708,12.617986
21709,10.068830
21710,8.719581
21711,-0.889022
21712,0.401070
21713,2.374881
21714,14.731275
21715,-3.255911
21716,-41.078197
21717,-62.717892
21718,-48.144188
21719,-4.194728
21720,27.794024
21721,37.794033
21722,21.160337
21723,18.560326
21724,22.901344
21725,12.948344
21726,-7.890994
21727,-18.663555
21728,-11.911591
21729,-11.708740
21730,-4.922698
21731,6.396698
21732,25.792841
21733,20.897343
21734,13.500914
21735,7.938330
21736,-3.581640
21737,-19.814718
21738,-33.224594
21739,-27.903820
21740,-5.606069
21741,-10.546043
21742,-29.110403
21743,-9.222218
21744,0.085926
21745,0.114980
21746,0.066038
21747,0.020085
21748,-0.024760
21749,-0.076305
21750,-0.100601
21751,-0.074504
21752,-0.005404
21753,0.089228
21754,0.121436
21755,0.096275
21756,0.085253
21757,0.003365
21758,-0.082438
21759,-0.084321
21760,-0.123436
21761,-0.064430
21762,-0.010449
21763,-0.004295
21764,0.019547
21765,0.020300
21766,0.023404
21767,0.039459
21768,0.013833
21769,0.045810
21770,0.040348
21771,0.011626
21772,0.046680
21773,-0.007877
21774,-0.055132
21775,-0.083068
21776,-0.039202
21777,0.036892
21778,0.035014
21779,0.020617
21780,0.003217
21781,-0.068816
21782,-0.059970
21783,-0.036513
21784,-0.010225
21785,0.049153
21786,0.086282
21787,0.023748
21788,-0.067625
21789,-0.055765
21790,-0.021712
21791,0.051790
21792,0.020455
21793,-0.026739
21794,-0.027223
21795,-0.078617
21796,0.011350
21797,0.038360
21798,0.003385
21799,0.017333
21800,0.055057
21801,0.030840
21802,-0.011225
21803,0.038665
21804,0.013458
21805,-0.035568
21806,-0.046420
21807,-0.025666
21808,-0.054410
21809,-0.017722
21810,0.025435
21811,0.056068
21812,0.074456
21813,0.054402
21814,0.033220
21815,-0.041475
21816,-0.086372
21817,-0.074641
21818,-0.036440
21819,-0.046586
21820,-0.031562
21821,-0.019316
21822,0.020488
21823,0.044094
21824,0.058145
21825,0.071282
21826,0.058027
21827,-0.015516
21828,-0.016972
21829,0.046294
21830,-0.017289
21831,-0.086477
21832,-0.025584
21833,0.034494
21834,0.042412
21835,-0.017923
21836,-0.032238
21837,0.043014
21838,0.023154
21839,0.013516
21840,0.028145
21841,-0.030528
21842,-0.010121
21843,0.003157
21844,0.033442
21845,0.057812
21846,0.040948
21847,0.004253
21848,-0.008224
21849,0.006678
21850,-0.001479
21851,0.028676
21852,0.024459
21853,-0.025379
21854,-0.063623
21855,-0.031498
21856,0.025949
21857,0.030794
21858,0.015561
21859,-0.042329
21860,-0.039443
21861,0.010067
21862,0.032708
21863,0.059478
21864,0.028446
21865,-0.029379
21866,-0.030172
21867,-0.039762
21868,0.013864
21869,0.086124
21870,0.083429
21871,0.049158
21872,-0.051285
21873,-0.042630
21874,-0.003930
21875,-0.089603
21876,-0.107995
21877,-0.070972
21878,0.024731
21879,0.055403
21880,0.028870
21881,0.027374
21882,0.048171
21883,0.020935
21884,0.010200
21885,0.011139
21886,-0.004420
21887,0.001869
21888,-0.021317
21889,-0.025082
21890,-0.025110
21891,-0.043294
21892,0.005804
21893,0.048135
21894,0.030248
21895,0.013195
21896,0.018084
21897,-0.019586
21898,-0.032077
21899,0.001325
21900,0.006616
21901,-0.023621
21902,-0.030412
21903,-0.044590
21904,-0.026992
21905,0.007906
21906,0.033934
21907,0.028112
21908,-0.005068
21909,-0.023628
21910,0.017126
21911,0.084623
21912,0.076027
21913,0.017147
21914,-0.029320
21915,-0.058158
21916,-0.039587
21917,-0.038633
21918,-0.033934
21919,-0.007122
21920,0.042360
21921,0.043299
21922,0.046423
21923,0.015943
21924,-0.008431
21925,-0.000030
21926,-0.070026
21927,-0.109872
21928,-0.101694
21929,-0.051156
21930,0.065289
21931,0.107116
21932,0.092206
21933,0.081492
21934,0.026256
21935,0.001447
21936,0.018265
21937,-0.054951
21938,-0.061045
21939,-0.014697
21940,0.032189
21941,0.045930
21942,0.001698
21943,-0.023266
21944,-0.097921
21945,-0.058775
21946,-0.010225
21947,0.046069
21948,0.074549
21949,0.069559
21950,0.037406
21951,0.012521
21952,0.016346
21953,-0.018529
21954,-0.006550
21955,-0.005497
21956,0.000376
21957,-0.003143
21958,-0.063189
21959,-0.081847
21960,-0.028745
21961,-0.071698
21962,-0.029749
21963,-0.000149
21964,0.042841
21965,0.037747
21966,0.047429
21967,0.062062
21968,0.038192
21969,0.056859
21970,0.008186
21971,-0.025907
21972,-0.022973
21973,-0.057552
21974,-0.081383
21975,-0.024881
21976,0.007064
21977,-0.002744
21978,0.015144
21979,0.069172
21980,0.034638
21981,0.014241
21982,-0.017731
21983,-0.014077
21984,-0.028726
21985,-0.014326
21986,-0.015193
21987,-0.020688
21988,0.007921
21989,0.029556
21990,0.071377
21991,0.051563
21992,0.014523
21993,-0.034504
21994,-0.092502
21995,-0.085541
21996,-0.022381
21997,-0.005723
21998,0.022144
21999,0.019967
22000,0.058472
22001,0.035105
22002,0.032514
22003,0.038325
22004,0.008453
22005,-0.084646
22006,-0.073424
22007,-0.016563
22008,0.024046
22009,-0.004773
22010,0.004330
22011,0.030878
22012,0.050553
22013,0.055655
22014,-0.021226
22015,-0.025807
22016,-0.043171
22017,-0.078435
22018,-0.029537
22019,0.014258
22020,-0.003769
22021,0.003340
22022,-0.005743
22023,0.026017
22024,0.096695
22025,0.083905
22026,0.056971
22027,0.023279
22028,-0.020943
22029,-0.049783
22030,-0.069603
22031,-0.041881
22032,-0.036944
22033,-0.047861
22034,-0.043602
22035,-0.009185
22036,0.008019
22037,0.044448
22038,0.057963
22039,0.041280
22040,0.044260
22041,0.002280
22042,-0.069755
22043,0.002770
22044,0.027091
22045,-0.006313
22046,-0.033659
22047,-0.075497
22048,-0.031851
22049,-0.015260
22050,-0.011195
22051,0.033295
22052,0.049457
22053,0.075510
22054,-0.003972
22055,-0.005514
22056,0.047165
22057,-0.024125
22058,-0.028474
22059,-0.021927
22060,-0.016666
22061,0.005662
22062,-0.000473
22063,0.010559
22064,-0.039889
22065,-0.069188
22066,-0.017094
22067,0.044137
22068,0.099663
22069,0.059819
22070,0.018490
22071,0.068671
22072,0.078727
22073,-0.008588
22074,-0.096059
22075,-0.099899
22076,-0.087164
22077,-0.030739
22078,0.026323
22079,-0.021352
22080,-0.053846
22081,-0.022749
22082,-0.039587
22083,-0.024649
22084,0.021019
22085,0.077312
22086,0.050656
22087,0.048892
22088,0.051727
22089,0.062865
22090,-0.031392
22091,-0.076002
22092,-0.086707
22093,-0.060263
22094,-0.009506
22095,-0.008991
22096,0.030110
22097,0.071923
22098,0.054741
22099,0.068994
22100,0.022166
22101,0.008933
22102,0.006919
22103,-0.005426
22104,-0.009411
22105,-0.029364
22106,-0.074081
22107,-0.021956
22108,-0.004879
22109,0.013432
22110,0.023839
22111,0.003660
22112,0.029135
22113,-0.031360
22114,-0.002434
22115,0.052289
22116,-0.000560
22117,-0.016240
22118,0.022443
22119,-0.010854
22120,-0.047945
22121,-0.067489
22122,-0.051345
22123,-0.017445
22124,0.013208
22125,0.027249
22126,0.042770
22127,0.002479
22128,-0.039118
22129,-0.041181
22130,-0.023605
22131,-0.015282
22132,0.047464
22133,0.102099
22134,0.097643
22135,0.073092
22136,0.058420
22137,-0.014564
22138,-0.062848
22139,-0.099240
22140,-0.066088
22141,-0.037956
22142,0.024864
22143,0.051771
22144,0.089961
22145,0.025867
22146,-0.065713
22147,-0.068697
22148,-0.083417
22149,-0.047321
22150,0.006489
22151,-0.013984
22152,0.004998
22153,-0.024140
22154,0.003261
22155,0.062489
22156,0.107692
22157,0.079893
22158,0.047913
22159,0.005398
22160,-0.023308
22161,-0.099443
22162,-0.069599
22163,0.013376
22164,-0.017046
22165,-0.005929
22166,-0.019295
22167,-0.034621
22168,-0.007285
22169,0.040268
22170,0.057784
22171,0.070787
22172,0.011483
22173,-0.062494
22174,-0.046906
22175,-0.029840
22176,-0.008720
22177,0.005832
22178,0.035386
22179,0.071656
22180,0.072171
22181,0.021935
22182,-0.038570
22183,-0.047783
22184,-0.081153
22185,-0.047220
22186,0.000232
22187,0.005285
22188,0.008900
22189,0.033379
22190,-0.004727
22191,-0.031364
22192,-0.006805
22193,0.006287
22194,0.003823
22195,0.021378
22196,0.011744
22197,0.005211
22198,0.014378
22199,0.039521
22200,0.041992
22201,0.052579
22202,0.005299
22203,-0.019337
22204,-0.023441
22205,-0.039462
22206,-0.099694
22207,-0.093854
22208,-0.034086
22209,0.001910
22210,0.031887
22211,0.034386
22212,0.038852
22213,-0.000330
22214,-0.008610
22215,0.008868
22216,0.064373
22217,0.054407
22218,0.015996
22219,-0.017831
22220,-0.025762
22221,-0.050597
22222,-0.055333
22223,-0.057188
22224,-0.027980
22225,-0.014289
22226,-0.018312
22227,0.004935
22228,0.054245
22229,0.068428
22230,0.052846
22231,0.034933
22232,-0.001896
22233,-0.027846
22234,0.016803
22235,0.036811
22236,0.013439
22237,-0.045401
22238,-0.095850
22239,-0.080470
22240,-0.008603
22241,0.046492
22242,0.027786
22243,0.025916
22244,-0.003105
22245,0.035880
22246,0.030499
22247,-0.028684
22248,-0.031303
22249,-0.043091
22250,-0.042598
22251,0.001127
22252,0.017253
22253,-0.017669
22254,0.031977
22255,0.052059
22256,0.032402
22257,0.054279
22258,0.025567
22259,0.004671
22260,-0.012354
22261,-0.019192
22262,-0.051179
22263,-0.085546
22264,-0.055960
22265,-0.003449
22266,-0.007866
22267,0.032028
22268,0.048306
22269,-0.019009
22270,0.026901
22271,0.032276
22272,0.038201
22273,0.045698
22274,-0.027100
22275,-0.006974
22276,0.009428
22277,0.014314
22278,0.028210
22279,-0.001438
22280,-0.004988
22281,-0.051538
22282,-0.039386
22283,-0.001530
22284,-0.008923
22285,-0.023718
22286,0.009980
22287,-0.020825
22288,-0.016609
22289,0.016219
22290,0.021041
22291,0.009900
22292,0.009159
22293,-0.012501
22294,-0.063728
22295,-0.040993
22296,-0.029674
22297,0.021492
22298,0.032351
22299,0.011604
22300,-0.010919
22301,0.030027
22302,0.037461
22303,0.019513
22304,0.013948
22305,0.050412
22306,0.023476
22307,-0.019005
22308,-0.015784
22309,-0.036612
22310,-0.093774
22311,-0.065608
22312,0.003756
22313,0.062978
22314,0.053927
22315,0.024295
22316,-0.006077
22317,-0.026137
22318,-0.012474
22319,-0.019057
22320,-0.071009
22321,-0.078978
22322,-0.010248
22323,0.036350
22324,0.058807
22325,0.062796
22326,0.056271
22327,0.030227
22328,-0.012325
22329,-0.060091
22330,-0.008144
22331,-0.013356
22332,-0.031233
22333,-0.034918
22334,-0.034675
22335,-0.025608
22336,0.008441
22337,0.066734
22338,0.039751
22339,-0.012022
22340,0.012120
22341,-0.020337
22342,-0.032334
22343,0.018575
22344,0.020457
22345,0.089970
22346,0.081907
22347,-0.015484
22348,-0.007517
22349,-0.050695
22350,-0.076661
22351,-0.065163
22352,-0.025840
22353,-0.019459
22354,0.006733
22355,-0.016728
22356,-0.009618
22357,0.063966
22358,0.074490
22359,0.065508
22360,0.063814
22361,0.038430
22362,-0.028742
22363,-0.052598
22364,-0.090121
22365,-0.127672
22366,-0.074587
22367,-0.025046
22368,0.016764
22369,0.070473
22370,0.125431
22371,0.126251
22372,0.044143
22373,-0.038261
22374,0.007685
22375,0.003354
22376,-0.032051
22377,-0.039510
22378,-0.037870
22379,-0.035352
22380,-0.050394
22381,-0.057717
22382,-0.022821
22383,-0.042788
22384,-0.035654
22385,0.003909
22386,0.036855
22387,0.076000
22388,0.082418
22389,0.071829
22390,0.093029
22391,0.000342
22392,-0.022451
22393,-0.013792
22394,-0.059720
22395,-0.073301
22396,-0.069404
22397,-0.069213
22398,-0.026966
22399,-0.032401
22400,-0.023710
22401,0.054385
22402,0.073778
22403,0.046539
22404,0.007867
22405,0.052461
22406,0.101151
22407,0.099338
22408,0.024438
22409,0.004856
22410,-0.107024
22411,-0.111975
22412,-0.127847
22413,-0.089386
22414,-0.061480
22415,-0.060559
22416,-0.016890
22417,0.052198
22418,0.055980
22419,0.071773
22420,0.083745
22421,0.055024
22422,-0.024808
22423,-0.023246
22424,-0.007423
22425,0.022909
22426,0.034072
22427,-0.000674
22428,-0.042447
22429,-0.047694
22430,-0.010902
22431,-0.018913
22432,0.026681
22433,0.042520
22434,0.035151
22435,0.001580
22436,-0.054633
22437,-0.018271
22438,0.000625
22439,0.007181
22440,-0.032252
22441,-0.017810
22442,0.028016
22443,0.036683
22444,413.769043
22445,582.798889
22446,7.973793
22447,1369.275146
22448,1560.870117
22449,7.845098
22450,10.021051
22451,13.452146
22452,-6.375149
22453,12.531301
22454,19.597370
22455,-4.276640
22456,-21.058880
22457,-15.054411
22458,-11.679443
22459,-26.772276
22460,-37.527534
22461,-24.904280
22462,-6.525937
22463,11.980353
22464,32.179398
22465,26.354336
22466,30.550608
22467,17.242434
22468,10.913731
22469,12.395732
22470,-4.318598
22471,-27.973076
22472,-29.046650
22473,-9.845814
22474,2.929996
22475,25.462004
22476,25.373770
22477,5.441207
22478,-6.461185
22479,-18.988840
22480,-32.653522
22481,-31.390249
22482,-4.979889
22483,7.276898
22484,18.472149
22485,22.047213
22486,22.245331
22487,22.167318
22488,6.028902
22489,-4.690343
22490,-8.982005
22491,-30.084980
22492,-24.739885
22493,-24.528900
22494,3.086460
22495,18.529455
22496,28.104053
22497,34.618053
22498,0.066870
22499,0.000969
22500,-0.027641
22501,-0.037814
22502,-0.063629
22503,-0.051889
22504,0.033494
22505,0.051708
22506,0.065897
22507,0.023313
22508,0.018359
22509,-0.039684
22510,-0.054531
22511,-0.034713
22512,-0.025444
22513,-0.024282
22514,0.031981
22515,0.067359
22516,0.047216
22517,-0.036691
22518,-0.093032
22519,-0.083011
22520,-0.008715
22521,-0.008920
22522,0.064983
22523,0.084717
22524,0.056583
22525,-0.007583
22526,-0.020078
22527,-0.054620
22528,-0.027243
22529,0.003203
22530,0.026587
22531,0.057837
22532,0.037328
22533,0.016450
22534,-0.043284
22535,-0.049321
22536,-0.017255
22537,0.029153
22538,0.017031
22539,0.016006
22540,0.036799
22541,0.003466
22542,-0.020150
22543,-0.050563
22544,-0.034793
22545,0.013612
22546,0.011948
22547,-0.016484
22548,411.426819
22549,574.775208
22550,7.926802
22551,1380.552490
22552,1553.282837
22553,7.565635
22554,-16.235600
22555,-28.064171
22556,-30.434841
22557,-48.297768
22558,-50.191757
22559,-17.901045
22560,31.537571
22561,70.880745
22562,81.349304
22563,48.895008
22564,-1.845572
22565,-38.405499
22566,-50.345764
22567,-31.668386
22568,-0.981331
22569,-0.514302
22570,-13.751653
22571,-21.669970
22572,-13.483766
22573,-22.952204
22574,-25.491413
22575,-3.846490
22576,35.415909
22577,77.520409
22578,88.877869
22579,55.599667
22580,-4.110428
22581,-38.376678
22582,-44.846489
22583,-38.444958
22584,-32.235302
22585,-27.255054
22586,-14.046086
22587,-1.513486
22588,14.855029
22589,33.141998
22590,15.980527
22591,-14.303495
22592,-41.550797
22593,-21.963896
22594,5.111362
22595,25.797098
22596,27.680798
22597,28.976786
22598,8.011914
22599,-0.898298
22600,-8.392223
22601,-28.168018
22602,-0.046857
22603,-0.027793
22604,0.016048
22605,0.070732
22606,0.097380
22607,-0.014990
22608,-0.076838
22609,-0.033558
22610,0.004031
22611,0.035780
22612,0.060032
22613,0.040242
22614,0.039532
22615,-0.019881
22616,-0.093429
22617,-0.093051
22618,-0.085469
22619,-0.045990
22620,0.003975
22621,0.050502
22622,0.044484
22623,0.052839
22624,0.032947
22625,-0.009122
22626,0.020994
22627,0.018543
22628,-0.001138
22629,0.017693
22630,-0.009363
22631,-0.012689
22632,0.029983
22633,0.032719
22634,0.055802
22635,0.037465
22636,-0.023930
22637,-0.058246
22638,-0.062790
22639,-0.039263
22640,-0.027441
22641,-0.026578
22642,-0.011841
22643,-0.003210
22644,0.001616
22645,0.008823
22646,0.003984
22647,0.009308
22648,-0.005432
22649,0.042773
22650,0.045041
22651,0.043961
22652,0.031201
22653,-0.026063
22654,-0.053138
22655,-0.080769
22656,-0.047257
22657,0.003236
22658,0.021599
22659,0.001813
22660,-0.001653
22661,0.049069
22662,0.014551
22663,-0.014200
22664,-0.011383
22665,-0.034551
22666,-0.004947
22667,0.006983
22668,0.021854
22669,0.000236
22670,-0.019076
22671,-0.033759
22672,-0.030698
22673,-0.033323
22674,-0.037107
22675,-0.004160
22676,0.065722
22677,0.111443
22678,0.066427
22679,0.044748
22680,0.027977
22681,-0.016834
22682,0.007599
22683,0.011855
22684,-0.059763
22685,-0.101139
22686,-0.053555
22687,-0.019080
22688,-0.007343
22689,0.003987
22690,0.013960
22691,0.027286
22692,0.058556
22693,0.073938
22694,0.018347
22695,-0.063241
22696,-0.045828
22697,-0.031094
22698,-0.037584
22699,0.000333
22700,0.032445
22701,-0.007603
22702,-0.010028
22703,0.039840
22704,0.061286
22705,0.048676
22706,0.076612
22707,0.018919
22708,-0.034481
22709,-0.086189
22710,-0.107591
22711,-0.111870
22712,-0.059315
22713,0.011416
22714,0.053164
22715,0.106333
22716,0.082891
22717,0.080579
22718,0.051783
22719,-0.002109
22720,-0.006478
22721,-0.028768
22722,-0.019562
22723,-0.057324
22724,-0.060719
22725,-0.027716
22726,-0.015308
22727,-0.016527
22728,-0.013585
22729,0.035357
22730,-0.014038
22731,-0.032130
22732,0.023668
22733,0.018554
22734,0.018765
22735,0.027469
22736,0.009606
22737,0.039044
22738,0.021558
22739,-0.069054
22740,-0.067325
22741,-0.066981
22742,-0.029997
22743,0.018742
22744,0.078176
22745,0.089354
22746,0.032219
22747,-0.000180
22748,0.030946
22749,-0.002127
22750,0.014357
22751,0.013675
22752,0.014119
22753,0.005179
22754,0.027104
22755,0.057765
22756,0.029053
22757,0.011278
22758,0.002600
22759,-0.033708
22760,-0.021516
22761,0.027554
22762,0.020050
22763,0.010360
22764,-0.014850
22765,-0.044412
22766,-0.062905
22767,-0.056787
22768,-0.014525
22769,0.003989
22770,0.019885
22771,0.032582
22772,0.042030
22773,0.007628
22774,-0.027680
22775,-0.042121
22776,-0.000017
22777,0.046028
22778,0.047792
22779,0.041324
22780,-0.016120
22781,-0.028149
22782,-0.066848
22783,-0.034822
22784,0.005527
22785,0.000182
22786,0.004058
22787,-0.009395
22788,0.011235
22789,-0.005914
22790,0.010278
22791,0.025733
22792,-0.017446
22793,-0.005623
22794,0.010200
22795,-0.014328
22796,0.027873
22797,-0.005315
22798,-0.009543
22799,-0.001848
22800,-0.016260
22801,-0.013804
22802,-0.004134
22803,0.025013
22804,0.053579
22805,0.072049
22806,0.036584
22807,-0.034535
22808,-0.049904
22809,0.010549
22810,-0.020357
22811,-0.042943
22812,-0.042841
22813,-0.077333
22814,-0.023875
22815,0.053448
22816,0.034109
22817,0.006143
22818,0.033061
22819,0.049235
22820,0.023444
22821,0.027609
22822,0.014285
22823,-0.002921
22824,-0.024827
22825,-0.009109
22826,-0.042854
22827,-0.056871
22828,-0.023697
22829,-0.012005
22830,0.039424
22831,0.059647
22832,-0.006817
22833,0.026191
22834,-0.015779
22835,-0.027565
22836,-0.018463
22837,-0.070976
22838,-0.034105
22839,0.048147
22840,-0.002636
22841,0.017825
22842,0.009009
22843,-0.057723
22844,-0.026326
22845,0.037898
22846,0.074632
22847,0.078570
22848,0.022705
22849,-0.045636
22850,-0.049693
22851,-0.020585
22852,-0.047005
22853,-0.014074
22854,-0.051302
22855,-0.020439
22856,0.054240
22857,0.038786
22858,0.070206
22859,0.068377
22860,0.074207
22861,0.020960
22862,-0.064162
22863,-0.052108
22864,-0.031891
22865,-0.007060
22866,-0.007507
22867,-0.057481
22868,-0.031752
22869,0.010540
22870,0.000931
22871,0.028283
22872,0.050244
22873,0.034680
22874,-0.017418
22875,-0.029296
22876,-0.036616
22877,-0.056547
22878,-0.041604
22879,0.031402
22880,0.077248
22881,0.096009
22882,0.018443
22883,0.007539
22884,0.013594
22885,-0.040271
22886,-0.044396
22887,-0.023094
22888,-0.006553
22889,0.000921
22890,-0.002398
22891,-0.034379
22892,-0.050581
22893,-0.059040
22894,-0.023379
22895,0.020125
22896,0.026598
22897,0.000638
22898,0.003563
22899,0.033428
22900,0.009682
22901,0.023129
22902,0.057398
22903,0.044530
22904,0.021376
22905,0.024455
22906,-0.025911
22907,0.000917
22908,-0.004383
22909,-0.031412
22910,-0.046893
22911,-0.051117
22912,-0.040091
22913,-0.034693
22914,-0.034448
22915,0.007674
22916,0.015274
22917,0.003651
22918,0.044462
22919,0.036705
22920,-0.002254
22921,0.002311
22922,-0.005605
22923,0.012843
22924,0.002973
22925,-0.005364
22926,-0.030544
22927,-0.015893
22928,-0.003023
22929,0.038205
22930,0.043576
22931,0.029800
22932,-0.001570
22933,0.004012
22934,0.007421
22935,-0.013568
22936,-0.021020
22937,-0.018706
22938,-0.025008
22939,-0.017829
22940,-0.015208
22941,-0.021037
22942,-0.021133
22943,0.029786
22944,0.068531
22945,0.082584
22946,0.001679
22947,-0.034753
22948,-0.046213
22949,-0.021668
22950,-0.025220
22951,-0.029424
22952,402.328156
22953,543.606201
22954,7.744262
22955,1424.360840
22956,1516.411621
22957,8.760911
22958,4.414151
22959,-0.474969
22960,-0.468451
22961,-19.856157
22962,-21.026403
22963,6.502564
22964,25.626703
22965,21.340120
22966,-2.298681
22967,-11.806667
22968,-4.832448
22969,-6.295509
22970,12.805429
22971,15.531204
22972,0.310102
22973,-14.125023
22974,-15.837828
22975,-20.380423
22976,1.678836
22977,23.646036
22978,35.742893
22979,10.245182
22980,-29.171730
22981,-42.813274
22982,-24.936184
22983,5.896730
22984,30.106445
22985,31.998268
22986,14.808527
22987,6.740617
22988,9.782125
22989,-10.402265
22990,-14.143883
22991,-8.656695
22992,4.567635
22993,7.035539
22994,2.394912
22995,-4.629436
22996,-18.272575
22997,-24.349079
22998,-34.035152
22999,-18.238495
23000,-3.787676
23001,15.137906
23002,34.491798
23003,14.089740
23004,13.153732
23005,20.875874
23006,-0.029305
23007,-0.018828
23008,-0.008933
23009,0.040531
23010,-0.030754
23011,-0.005667
23012,0.038951
23013,0.016793
23014,0.057454
23015,0.036662
23016,-0.009137
23017,-0.036232
23018,0.003154
23019,0.021176
23020,-0.010155
23021,0.011448
23022,-0.004269
23023,-0.056860
23024,-0.030386
23025,-0.040881
23026,-0.051873
23027,0.014048
23028,-0.028348
23029,0.032361
23030,0.055386
23031,-0.016049
23032,0.011374
23033,0.026661
23034,-0.002883
23035,0.064623
23036,0.071660
23037,-0.021812
23038,-0.025414
23039,0.000247
23040,-0.037056
23041,-0.050599
23042,-0.022962
23043,0.028960
23044,0.017291
23045,-0.032462
23046,-0.046582
23047,-0.020444
23048,-0.004627
23049,-0.019194
23050,-0.024741
23051,0.010707
23052,0.061242
23053,0.044520
23054,0.057641
23055,0.116448
23056,0.026848
23057,-0.069331
23058,-0.065898
23059,-0.037035
23060,-0.022009
23061,0.014622
23062,-0.033547
23063,-0.090175
23064,-0.049709
23065,0.049613
23066,0.093615
23067,0.092701
23068,0.013163
23069,-0.010032
23070,-0.019808
23071,-0.032979
23072,-0.005347
23073,0.000540
23074,-0.046192
23075,-0.074311
23076,-0.055226
23077,-0.000446
23078,0.049564
23079,0.053518
23080,0.028400
23081,-0.012691
23082,0.013570
23083,0.015277
23084,-0.008785
23085,0.006498
23086,-0.050379
23087,-0.056028
23088,-0.061071
23089,0.013208
23090,0.091035
23091,0.041203
23092,0.044854
23093,0.009740
23094,-0.037015
23095,0.015775
23096,0.024330
23097,-0.007780
23098,0.018419
23099,-0.003566
23100,-0.012760
23101,0.021158
23102,0.034489
23103,0.018991
23104,-0.005977
23105,-0.060152
23106,-0.112508
23107,-0.080577
23108,-0.016581
23109,0.054716
23110,0.048571
23111,0.022610
23112,0.016469
23113,-0.036246
23114,-0.066962
23115,-0.011969
23116,0.024461
23117,0.044882
23118,0.045379
23119,0.018032
23120,0.003950
23121,-0.009750
23122,-0.010067
23123,-0.004918
23124,0.028750
23125,0.027139
23126,0.031769
23127,0.029317
23128,-0.054264
23129,-0.074324
23130,-0.023201
23131,0.014766
23132,0.000276
23133,-0.020443
23134,-0.001002
23135,0.061616
23136,0.040947
23137,-0.006493
23138,-0.071499
23139,-0.085323
23140,-0.045863
23141,0.004222
23142,0.043682
23143,0.026830
23144,-0.010976
23145,-0.031063
23146,-0.041478
23147,0.013896
23148,0.073377
23149,0.060512
23150,0.031982
23151,0.019995
23152,0.005786
23153,-0.009994
23154,-0.039513
23155,-0.014359
23156,397.733795
23157,527.867371
23158,7.652088
23159,1446.481812
23160,1499.288452
23161,8.122581
23162,-22.014822
23163,-28.123045
23164,-11.823321
23165,18.520210
23166,53.854073
23167,75.603516
23168,49.391178
23169,1.917160
23170,-45.626919
23171,-81.478706
23172,-79.453217
23173,-41.083092
23174,31.993956
23175,64.036430
23176,48.229179
23177,15.963299
23178,-8.041468
23179,-10.333029
23180,-15.146394
23181,-10.142198
23182,-5.918408
23183,-15.403446
23184,-17.160593
23185,4.772384
23186,17.138901
23187,13.094907
23188,19.007023
23189,10.937657
23190,12.387227
23191,6.275494
23192,8.234644
23193,-16.739470
23194,-36.463142
23195,-51.282425
23196,-36.464710
23197,-3.329581
23198,29.448763
23199,51.493744
23200,52.538784
23201,23.372036
23202,-11.545914
23203,-22.039591
23204,-34.778114
23205,-14.284563
23206,16.785004
23207,28.831928
23208,10.330250
23209,-36.099487
23210,-30.034210
23211,-97.023468
23212,373.371735
23213,3.749940
23214,1577.671875
23215,204.955780
23216,-1380.301025
23217,1498.001953
23218,932.735107
23219,129.131424
23220,-634.690430
23221,97.574074
23222,1946.831543
23223,571.296143
23224,-295.356903
23225,1216.603638
23226,1779.899780
23227,-760.557190
23228,-0.020537
23229,-0.009679
23230,0.008319
23231,-0.020619
23232,0.006761
23233,0.020362
23234,0.021620
23235,0.022895
23236,-0.004730
23237,0.002920
23238,0.025054
23239,0.043868
23240,-0.001921
23241,-0.045723
23242,0.000105
23243,-0.034370
23244,-0.075535
23245,-0.027976
23246,-0.000793
23247,0.039789
23248,0.061411
23249,0.049953
23250,0.007387
23251,0.032455
23252,0.001804
23253,-0.037450
23254,-0.033081
23255,-0.058322
23256,-0.085878
23257,-0.006364
23258,0.054631
23259,0.067240
23260,0.075533
23261,0.012195
23262,-0.076824
23263,-0.045170
23264,-0.067499
23265,-0.007383
23266,0.003053
23267,0.005704
23268,0.053354
23269,0.036295
23270,-0.073127
23271,-0.089925
23272,-0.043446
23273,-0.020031
23274,0.032310
23275,0.025450
23276,0.051465
23277,311.266907
23278,1290.016724
23279,216.035553
23280,375.274902
23281,1182.523926
23282,-4.551101
23283,24.176676
23284,22.966396
23285,0.296681
23286,-15.286047
23287,-9.124174
23288,-7.405602
23289,-0.796512
23290,7.302095
23291,-5.013914
23292,14.871809
23293,45.046940
23294,36.145924
23295,6.355839
23296,-30.331772
23297,-27.016903
23298,-21.434153
23299,-22.788935
23300,-27.552773
23301,-20.328709
23302,-11.109811
23303,-4.374399
23304,-0.949675
23305,17.704605
23306,69.012291
23307,69.995857
23308,43.757977
23309,5.030070
23310,-39.026184
23311,-48.271076
23312,-35.521080
23313,-8.139587
23314,-16.754581
23315,-19.659845
23316,-13.074142
23317,-14.979938
23318,-8.339661
23319,-16.631603
23320,4.648471
23321,33.917400
23322,44.082573
23323,56.352592
23324,57.047016
23325,26.758646
23326,-17.187017
23327,-45.240513
23328,-48.981014
23329,-49.464874
23330,-31.956337
23331,-2.723790
23332,0.074704
23333,0.049273
23334,0.033726
23335,-0.023251
23336,-0.105453
23337,-0.125369
23338,-0.081356
23339,-0.050663
23340,-0.005751
23341,0.082167
23342,0.076781
23343,0.069649
23344,0.058889
23345,0.014995
23346,0.013305
23347,-0.000700
23348,-0.000047
23349,-0.016007
23350,-0.030988
23351,0.020390
23352,0.046560
23353,-0.031119
23354,-0.051906
23355,-0.063098
23356,-0.057302
23357,-0.014986
23358,0.008333
23359,0.010040
23360,0.035906
23361,0.042231
23362,0.044181
23363,0.047906
23364,0.066785
23365,0.000833
23366,-0.046757
23367,-0.068962
23368,-0.045695
23369,-0.050382
23370,-0.016184
23371,0.028809
23372,0.011059
23373,-0.011328
23374,0.009380
23375,0.031494
23376,0.011669
23377,0.022388
23378,0.057635
23379,-0.012717
23380,-0.056683
23381,0.040048
23382,0.076366
23383,0.072686
23384,-0.018322
23385,-0.031952
23386,0.001502
23387,-0.010318
23388,0.024842
23389,0.025708
23390,-0.010290
23391,-0.019356
23392,-0.031620
23393,-0.068365
23394,-0.016685
23395,0.025647
23396,0.020732
23397,0.020888
23398,0.004953
23399,-0.004431
23400,-0.036848
23401,0.003041
23402,0.032106
23403,0.003412
23404,0.000127
23405,-0.018434
23406,-0.019435
23407,0.008326
23408,0.055246
23409,0.065528
23410,0.026524
23411,0.001627
23412,-0.033655
23413,-0.031576
23414,-0.073277
23415,-0.079004
23416,-0.046345
23417,-0.012623
23418,0.022087
23419,0.049307
23420,0.025920
23421,0.033324
23422,0.066593
23423,0.053363
23424,-0.002205
23425,-0.013480
23426,-0.055074
23427,-0.054688
23428,-0.025953
23429,0.059491
23430,0.085453
23431,314.867859
23432,1278.135498
23433,211.292816
23434,391.974121
23435,1194.659546
23436,-13.297852
23437,-23.895775
23438,-15.688627
23439,-8.797806
23440,-15.431378
23441,-8.063681
23442,-5.603166
23443,14.613586
23444,16.932930
23445,-0.062971
23446,4.750833
23447,13.625073
23448,3.977389
23449,-6.388001
23450,-11.796845
23451,-7.750524
23452,-3.508083
23453,-12.140686
23454,-10.951211
23455,6.999062
23456,22.725233
23457,31.421715
23458,17.575090
23459,2.580770
23460,-10.251475
23461,-20.708347
23462,-52.861511
23463,-33.116508
23464,4.089996
23465,46.807095
23466,53.191082
23467,24.424797
23468,-8.506961
23469,-13.210083
23470,-16.329693
23471,-23.621078
23472,-32.940926
23473,-34.949322
23474,-3.213873
23475,30.417160
23476,32.508308
23477,26.789179
23478,10.000793
23479,-16.679573
23480,-19.622948
23481,4.287288
23482,22.022778
23483,24.591509
23484,4.577372
23485,-3.826089
23486,-0.004580
23487,-0.029559
23488,-0.067443
23489,-0.066376
23490,-0.027217
23491,0.041085
23492,-0.008529
23493,0.027770
23494,0.027158
23495,0.042906
23496,0.044536
23497,-0.016904
23498,-0.040867
23499,-0.043258
23500,-0.051871
23501,-0.029481
23502,-0.051939
23503,-0.036780
23504,0.015328
23505,0.018961
23506,0.021009
23507,-0.005291
23508,-0.007367
23509,-0.007605
23510,0.006726
23511,0.055536
23512,0.063233
23513,0.066644
23514,0.049232
23515,-0.041060
23516,-0.094735
23517,-0.047825
23518,-0.039083
23519,-0.020418
23520,0.037400
23521,0.004793
23522,-0.024716
23523,-0.013420
23524,-0.004189
23525,0.005478
23526,0.045614
23527,0.087460
23528,0.098681
23529,0.056045
23530,0.024140
23531,-0.021761
23532,-0.106991
23533,-0.086003
23534,-0.042903
23535,317.271210
23536,1270.111450
23537,208.089920
23538,403.251495
23539,1209.314941
23540,-30.631744
23541,-0.057904
23542,25.245445
23543,23.285194
23544,18.424419
23545,4.236405
23546,-7.031745
23547,-3.573843
23548,-3.848258
23549,-12.995372
23550,-24.641039
23551,-21.506889
23552,-2.542726
23553,10.427681
23554,17.555969
23555,20.480671
23556,7.298383
23557,-3.055736
23558,-11.295058
23559,-8.273631
23560,1.098214
23561,10.712526
23562,13.389127
23563,10.220753
23564,2.752536
23565,-3.046133
23566,-9.140974
23567,-17.092827
23568,-15.981469
23569,-11.452658
23570,11.021484
23571,19.059805
23572,14.196301
23573,19.400679
23574,4.766819
23575,-10.748508
23576,-6.938778
23577,6.174894
23578,7.635014
23579,8.097346
23580,-6.394997
23581,-12.469226
23582,-24.411079
23583,-25.393400
23584,-15.395837
23585,-16.305624
23586,-3.854349
23587,8.525703
23588,25.650454
23589,8.466517
23590,0.008871
23591,-0.028813
23592,0.005650
23593,0.006733
23594,-0.008462
23595,0.020787
23596,-0.044083
23597,-0.077584
23598,-0.020927
23599,-0.059604
23600,-0.062101
23601,0.008835
23602,0.015159
23603,0.055198
23604,0.096106
23605,0.070986
23606,0.074960
23607,0.061396
23608,0.018482
23609,-0.000582
23610,-0.064240
23611,-0.089639
23612,-0.055809
23613,-0.006413
23614,-0.008984
23615,0.002352
23616,0.034996
23617,0.010145
23618,-0.017362
23619,0.005613
23620,0.026072
23621,-0.001791
23622,-0.024196
23623,0.005771
23624,0.026811
23625,-0.058434
23626,-0.066365
23627,-0.020187
23628,0.013705
23629,0.059355
23630,0.063506
23631,0.044598
23632,0.002004
23633,-0.021239
23634,0.000243
23635,-0.012801
23636,-0.014982
23637,-0.021485
23638,-0.083259
23639,-0.058758
23640,0.017015
23641,0.042056
23642,0.042529
23643,-0.003170
23644,-0.000889
23645,0.005960
23646,-0.026606
23647,-0.013350
23648,0.064226
23649,0.085353
23650,0.044424
23651,0.001040
23652,-0.024039
23653,-0.042520
23654,-0.024332
23655,-0.012583
23656,0.007774
23657,-0.025098
23658,-0.072307
23659,-0.036569
23660,-0.024258
23661,0.022914
23662,0.069964
23663,0.079637
23664,0.095665
23665,0.085936
23666,0.018785
23667,-0.065765
23668,-0.075682
23669,-0.087935
23670,-0.112428
23671,-0.100811
23672,-0.072829
23673,0.039985
23674,0.082212
23675,0.079654
23676,0.050002
23677,0.059260
23678,0.012695
23679,-0.020877
23680,0.002454
23681,0.001535
23682,-0.024870
23683,-0.015686
23684,-0.043135
23685,-0.020922
23686,0.019751
23687,0.039120
23688,0.021947
23689,-0.022728
23690,0.022755
23691,0.019954
23692,0.023420
23693,0.035723
23694,0.020523
23695,-0.042783
23696,-0.009688
23697,0.016857
23698,-0.044246
23699,-0.058776
23700,-0.036766
23701,-0.076617
23702,-0.073547
23703,0.032860
23704,0.062882
23705,0.054461
23706,0.051071
23707,0.014379
23708,-0.017911
23709,-0.004059
23710,-0.026407
23711,-0.050238
23712,0.001931
23713,0.025026
23714,-0.004764
23715,0.003399
23716,-0.014324
23717,-0.008068
23718,0.035161
23719,0.001182
23720,0.032651
23721,0.041560
23722,0.014962
23723,-0.002460
23724,-0.011027
23725,-0.005294
23726,-0.015127
23727,-0.023163
23728,0.005501
23729,0.002829
23730,-0.028948
23731,-0.035092
23732,-0.052647
23733,0.005651
23734,0.030474
23735,0.027960
23736,0.061492
23737,0.106229
23738,0.035937
23739,-0.000158
23740,-0.055953
23741,-0.004819
23742,-0.006346
23743,-0.048870
23744,-0.059124
23745,-0.103704
23746,-0.136576
23747,-0.060519
23748,-0.018833
23749,0.045653
23750,0.130833
23751,0.124180
23752,0.085766
23753,0.014694
23754,0.017785
23755,-0.004863
23756,0.018299
23757,0.015594
23758,-0.055889
23759,-0.050261
23760,-0.054933
23761,-0.080092
23762,-0.077994
23763,-0.074765
23764,-0.007472
23765,0.034001
23766,0.091035
23767,0.107087
23768,0.082362
23769,0.079030
23770,0.002178
23771,-0.070319
23772,-0.028983
23773,0.019265
23774,-0.000147
23775,-0.002980
23776,-0.024288
23777,-0.014610
23778,-0.010193
23779,0.017103
23780,0.050448
23781,0.040371
23782,0.000774
23783,0.007974
23784,0.008086
23785,-0.043308
23786,-0.034424
23787,-0.030857
23788,-0.088253
23789,-0.041080
23790,-0.029331
23791,0.001531
23792,0.055412
23793,0.065329
23794,0.017987
23795,-0.018426
23796,0.001124
23797,-0.013166
23798,-0.017131
23799,-0.016391
23800,-0.018820
23801,0.006761
23802,0.066415
23803,0.071945
23804,0.030896
23805,0.029143
23806,0.023065
23807,-0.054274
23808,-0.039383
23809,0.010289
23810,-0.047216
23811,-0.047569
23812,-0.034840
23813,-0.024669
23814,-0.022109
23815,0.006923
23816,0.037803
23817,0.028654
23818,0.026762
23819,0.013015
23820,0.056691
23821,0.023170
23822,0.010277
23823,-0.018364
23824,-0.092302
23825,-0.092219
23826,-0.022455
23827,0.010078
23828,0.029808
23829,0.035030
23830,0.009030
23831,0.040768
23832,0.044607
23833,0.000027
23834,0.010365
23835,0.015677
23836,-0.005458
23837,-0.045974
23838,-0.104759
23839,-0.069104
23840,-0.011838
23841,0.033537
23842,0.012930
23843,0.029136
23844,0.034996
23845,-0.012952
23846,0.010099
23847,0.055021
23848,0.013923
23849,-0.008846
23850,-0.003121
23851,-0.040532
23852,-0.034546
23853,-0.027991
23854,-0.007472
23855,0.004887
23856,0.017060
23857,0.060395
23858,0.063234
23859,-0.002810
23860,-0.022960
23861,-0.070767
23862,-0.004172
23863,-0.020852
23864,-0.001533
23865,0.038242
23866,0.012694
23867,0.006382
23868,0.027284
23869,0.007691
23870,0.001067
23871,-0.000630
23872,-0.049350
23873,-0.087479
23874,-0.041442
23875,0.003106
23876,0.048553
23877,0.083483
23878,0.122804
23879,0.027047
23880,-0.051180
23881,-0.068219
23882,-0.072556
23883,-0.055442
23884,-0.000294
23885,0.040653
23886,0.023189
23887,-0.014371
23888,-0.022509
23889,-0.003253
23890,0.022244
23891,0.030839
23892,0.067957
23893,0.049551
23894,0.007567
23895,0.032759
23896,0.042385
23897,0.001380
23898,-0.053877
23899,-0.057726
23900,-0.092211
23901,-0.134303
23902,-0.054538
23903,0.048900
23904,0.088316
23905,0.052965
23906,0.017152
23907,0.018787
23908,0.009183
23909,-0.005027
23910,-0.002279
23911,-0.022571
23912,-0.047904
23913,0.011170
23914,-0.009486
23915,0.007894
23916,0.043305
23917,0.047128
23918,0.021838
23919,-0.004060
23920,-0.035693
23921,-0.026717
23922,-0.064858
23923,-0.039264
23924,0.005314
23925,0.006919
23926,0.028481
23927,0.044400
23928,0.021282
23929,0.020430
23930,-0.006195
23931,0.023014
23932,0.022673
23933,-0.050634
23934,-0.081673
23935,-0.093716
23936,-0.062158
23937,0.017617
23938,0.092094
23939,0.095025
23940,0.098622
23941,0.017659
23942,-0.058089
23943,-0.066656
23944,-0.035216
23945,-0.024457
23946,-0.030724
23947,-0.006321
23948,-0.010082
23949,-0.005718
23950,0.009485
23951,0.048273
23952,0.056282
23953,0.055474
23954,0.021522
23955,-0.007922
23956,0.006053
23957,0.003220
23958,-0.015606
23959,-0.035481
23960,-0.045166
23961,0.008766
23962,0.033201
23963,0.028970
23964,0.031043
23965,0.022855
23966,-0.061124
23967,-0.071308
23968,-0.050141
23969,-0.032796
23970,-0.037669
23971,-0.016396
23972,0.071195
23973,0.081156
23974,0.017724
23975,-0.007853
23976,-0.023819
23977,-0.043006
23978,0.009984
23979,0.051850
23980,0.047805
23981,0.015672
23982,-0.065534
23983,-0.087391
23984,-0.102091
23985,-0.055381
23986,-0.001065
23987,0.022153
23988,0.137743
23989,0.139957
23990,0.064152
23991,0.017619
23992,-0.011434
23993,-0.071250
23994,-0.014789
23995,0.034752
23996,0.004055
23997,0.004054
23998,0.006198
23999,0.021756
24000,-0.012100
24001,-0.007600
24002,-0.038449
24003,-0.101420
24004,-0.072949
24005,-0.025089
24006,-0.000646
24007,0.058537
24008,0.032953
24009,0.025963
24010,0.008983
24011,-0.038657
24012,-0.026626
24013,0.014246
24014,0.033681
24015,0.054991
24016,0.011665
24017,0.009617
24018,0.007080
24019,-0.030613
24020,-0.022524
24021,-0.032227
24022,-0.044178
24023,-0.037479
24024,0.020531
24025,0.031277
24026,0.015627
24027,0.021503
24028,-0.021764
24029,-0.016169
24030,-0.008954
24031,-0.025697
24032,0.018862
24033,0.031272
24034,0.016890
24035,0.044824
24036,0.033652
24037,0.026670
24038,0.005089
24039,-0.044802
24040,-0.051627
24041,-0.058463
24042,-0.010766
24043,0.036358
24044,0.042708
24045,0.000783
24046,-0.041145
24047,-0.052821
24048,-0.052558
24049,-0.038615
24050,0.002184
24051,-0.003366
24052,0.033193
24053,0.012509
24054,0.010463
24055,0.008434
24056,0.001348
24057,-0.014450
24058,0.020262
24059,0.055338
24060,0.031769
24061,-0.016507
24062,0.002785
24063,0.062530
24064,0.047815
24065,-0.043806
24066,-0.076643
24067,-0.022756
24068,-0.022261
24069,-0.030135
24070,0.027268
24071,0.031746
24072,0.022964
24073,0.027981
24074,0.022043
24075,0.030873
24076,0.001459
24077,-0.045699
24078,-0.038482
24079,-0.035522
24080,-0.065150
24081,-0.074567
24082,-0.025173
24083,0.011517
24084,0.089397
24085,0.093507
24086,0.073876
24087,0.018513
24088,-0.011261
24089,-0.054254
24090,-0.071871
24091,-0.117449
24092,-0.071734
24093,-0.009193
24094,0.090273
24095,0.112971
24096,0.081274
24097,0.014506
24098,0.007939
24099,0.024497
24100,0.012457
24101,-0.023509
24102,-0.018195
24103,-0.048254
24104,-0.067957
24105,-0.050519
24106,-0.035774
24107,0.022850
24108,0.053461
24109,-0.002940
24110,-0.012851
24111,-0.009712
24112,-0.014675
24113,0.012848
24114,0.040881
24115,0.021915
24116,0.028724
24117,0.046684
24118,-0.006048
24119,-0.000579
24120,0.010272
24121,0.027561
24122,0.038763
24123,-0.029024
24124,-0.104899
24125,-0.092681
24126,-0.059368
24127,-0.067462
24128,-0.043112
24129,0.013456
24130,0.037272
24131,0.052495
24132,0.070965
24133,0.083641
24134,0.050428
24135,0.019732
24136,-0.014593
24137,-0.035475
24138,-0.058319
24139,-0.040659
24140,0.020290
24141,0.024886
24142,-0.027450
24143,-0.061464
24144,-0.040286
24145,-0.000233
24146,-0.008559
24147,0.013827
24148,0.054300
24149,0.068095
24150,0.042117
24151,0.011673
24152,-0.001317
24153,-0.029431
24154,0.018892
24155,-0.028045
24156,-0.111770
24157,-0.075868
24158,-0.007571
24159,0.047979
24160,0.078952
24161,0.104608
24162,0.037521
24163,-0.003438
24164,-0.006778
24165,-0.030236
24166,-0.005563
24167,0.017807
24168,0.011658
24169,-0.020416
24170,-0.028920
24171,-0.004433
24172,-0.037849
24173,-0.051242
24174,-0.096254
24175,-0.108284
24176,-0.031035
24177,0.032651
24178,0.037306
24179,0.054977
24180,0.096703
24181,0.075183
24182,0.064316
24183,0.049698
24184,-0.003326
24185,-0.025197
24186,-0.033261
24187,-0.017780
24188,-0.030608
24189,-0.064756
24190,-0.046588
24191,-0.049260
24192,-0.017363
24193,-0.014651
24194,0.001650
24195,0.041456
24196,0.045112
24197,0.036809
24198,-0.008651
24199,-0.007755
24200,0.002250
24201,-0.044297
24202,-0.034525
24203,-0.001762
24204,0.033817
24205,0.029827
24206,0.046412
24207,0.029320
24208,0.015811
24209,0.032218
24210,0.006384
24211,-0.014651
24212,-0.018479
24213,-0.065261
24214,-0.052840
24215,-0.043544
24216,0.010454
24217,0.056047
24218,0.058520
24219,0.008455
24220,-0.038005
24221,-0.054478
24222,-0.073982
24223,-0.046994
24224,0.002841
24225,0.056998
24226,0.053093
24227,0.018496
24228,0.010139
24229,-0.013990
24230,-0.020329
24231,0.027024
24232,0.050555
24233,0.036783
24234,0.013254
24235,-0.037974
24236,-0.098433
24237,-0.101520
24238,-0.067827
24239,0.004236
24240,0.028629
24241,0.032814
24242,0.069665
24243,0.078886
24244,0.071606
24245,0.073020
24246,-0.000760
24247,-0.050031
24248,-0.043146
24249,-0.062533
24250,-0.063545
24251,-0.062680
24252,-0.051186
24253,0.015796
24254,0.069661
24255,0.067502
24256,0.027524
24257,-0.038404
24258,-0.019684
24259,0.034262
24260,0.049467
24261,0.048676
24262,0.050752
24263,0.020205
24264,-0.041634
24265,-0.071521
24266,-0.066527
24267,-0.046254
24268,0.013230
24269,0.019879
24270,0.047570
24271,0.016105
24272,-0.010103
24273,0.024003
24274,-0.011261
24275,-0.018476
24276,-0.037551
24277,0.002540
24278,0.048428
24279,0.029082
24280,-0.018921
24281,-0.036871
24282,-0.050792
24283,-0.040830
24284,0.010707
24285,0.065182
24286,0.091918
24287,0.044361
24288,-0.036044
24289,334.946960
24290,1211.939819
24291,184.868927
24292,485.012543
24293,1271.653198
24294,23.121233
24295,6.948160
24296,-25.612093
24297,-24.692617
24298,-16.441296
24299,-29.149857
24300,-30.262016
24301,-14.195609
24302,18.755869
24303,47.166084
24304,44.902256
24305,40.538639
24306,32.320942
24307,2.166380
24308,-31.825977
24309,-56.510887
24310,-55.170364
24311,-17.464693
24312,7.911797
24313,15.026908
24314,8.886337
24315,26.457140
24316,35.537117
24317,36.309067
24318,11.860783
24319,-11.550183
24320,-22.296488
24321,-28.149166
24322,-32.369389
24323,-39.321476
24324,-33.224926
24325,-1.717055
24326,15.628495
24327,33.185341
24328,52.454510
24329,40.575867
24330,19.311840
24331,-24.289738
24332,-53.202454
24333,-49.203365
24334,-8.434203
24335,26.317764
24336,49.004482
24337,56.189983
24338,22.891150
24339,-24.230263
24340,-36.991711
24341,-19.493488
24342,-4.500054
24343,0.907598
24344,-0.047119
24345,-0.013352
24346,0.013190
24347,0.017752
24348,0.021302
24349,0.027093
24350,0.036032
24351,-0.004396
24352,-0.043892
24353,-0.085982
24354,-0.081000
24355,-0.024346
24356,-0.039672
24357,0.017795
24358,0.081261
24359,0.077829
24360,0.061662
24361,0.086084
24362,0.064498
24363,0.001728
24364,-0.040726
24365,-0.081607
24366,-0.073418
24367,-0.014362
24368,-0.002380
24369,0.017528
24370,-0.033998
24371,-0.080131
24372,-0.037982
24373,-0.006771
24374,-0.003297
24375,0.014874
24376,0.001462
24377,0.008020
24378,0.050766
24379,0.038622
24380,0.054445
24381,0.045698
24382,0.042054
24383,0.030786
24384,0.011419
24385,-0.036798
24386,-0.071862
24387,-0.045818
24388,-0.056806
24389,-0.034578
24390,-0.004180
24391,-0.022934
24392,-0.008298
24393,0.001007
24394,-0.014020
24395,0.004921
24396,0.011156
24397,0.002899
24398,-0.065416
24399,-0.081754
24400,-0.064206
24401,-0.041186
24402,-0.012999
24403,-0.007937
24404,0.043318
24405,0.042184
24406,0.036667
24407,0.015488
24408,-0.041132
24409,0.006397
24410,0.038121
24411,0.040908
24412,0.016574
24413,-0.027568
24414,-0.028161
24415,-0.064904
24416,-0.015798
24417,0.046789
24418,0.050594
24419,0.041114
24420,0.021333
24421,-0.014921
24422,0.042686
24423,0.005518
24424,-0.017586
24425,-0.032792
24426,-0.027186
24427,-0.033233
24428,-0.054249
24429,-0.016210
24430,0.018240
24431,0.050547
24432,0.037430
24433,-0.005682
24434,-0.012618
24435,-0.027606
24436,-0.050564
24437,0.009228
24438,0.048843
24439,0.035318
24440,0.005532
24441,-0.000730
24442,0.038211
24443,0.042320
24444,-0.003742
24445,-0.025515
24446,-0.064438
24447,-0.076528
24448,-0.098080
24449,-0.048322
24450,0.017228
24451,0.072626
24452,0.056681
24453,0.035317
24454,0.047685
24455,0.051676
24456,-0.005190
24457,-0.081346
24458,-0.055085
24459,-0.005187
24460,0.038441
24461,0.024227
24462,-0.004653
24463,-0.058071
24464,-0.006805
24465,0.053481
24466,-0.019840
24467,0.019904
24468,0.063257
24469,0.063909
24470,0.045429
24471,-0.018514
24472,-0.022261
24473,-0.063640
24474,-0.090371
24475,-0.069644
24476,-0.060269
24477,0.023139
24478,0.007188
24479,0.014458
24480,0.012561
24481,0.025856
24482,0.003607
24483,-0.004090
24484,0.038190
24485,0.063664
24486,0.000607
24487,0.055368
24488,0.034597
24489,-0.035997
24490,-0.074725
24491,-0.101785
24492,-0.130474
24493,339.724945
24494,1196.201050
24495,178.586334
24496,507.133545
24497,1288.725830
24498,14.743942
24499,14.446228
24500,19.601740
24501,-6.822530
24502,-30.897060
24503,-51.242458
24504,-34.676136
24505,-17.822807
24506,-9.365115
24507,12.645844
24508,47.167343
24509,55.033371
24510,45.401344
24511,28.954065
24512,0.498940
24513,-41.112350
24514,-54.097698
24515,-39.716385
24516,-5.126034
24517,14.989642
24518,1.296063
24519,2.087965
24520,7.277727
24521,1.274456
24522,8.534633
24523,4.722957
24524,4.449561
24525,4.365482
24526,-19.341961
24527,-35.575634
24528,-4.408857
24529,26.054649
24530,39.020058
24531,43.953606
24532,47.184540
24533,2.925307
24534,-40.125984
24535,-70.147026
24536,-84.736786
24537,-62.482800
24538,-13.402474
24539,46.579712
24540,87.467903
24541,60.761002
24542,26.264441
24543,10.417536
24544,-1.980441
24545,-4.009272
24546,-14.735575
24547,-5.952574
24548,0.003850
24549,0.084918
24550,0.125937
24551,0.087912
24552,0.027668
24553,0.006099
24554,0.015562
24555,0.008942
24556,0.047657
24557,0.018301
24558,-0.060694
24559,-0.070295
24560,-0.045300
24561,-0.037085
24562,-0.000867
24563,0.023700
24564,0.026744
24565,0.013329
24566,-0.039836
24567,-0.039733
24568,-0.016851
24569,0.012018
24570,0.030662
24571,0.028951
24572,0.028568
24573,0.031253
24574,0.033065
24575,0.042547
24576,-0.047262
24577,-0.051481
24578,-0.037077
24579,-0.057644
24580,-0.003048
24581,-0.060286
24582,-0.050646
24583,0.012841
24584,0.030616
24585,0.036211
24586,0.045852
24587,0.048392
24588,0.027000
24589,-0.027345
24590,0.001305
24591,0.010343
24592,-0.025696
24593,-0.075408
24594,-0.026286
24595,0.033332
24596,0.083354
24597,0.054149
24598,0.048401
24599,0.063372
24600,-0.010289
24601,-0.044482
24602,-0.060373
24603,-0.067759
24604,0.026263
24605,0.020735
24606,0.001400
24607,-0.011112
24608,-0.040850
24609,-0.056846
24610,-0.072786
24611,-0.033130
24612,0.017353
24613,0.022650
24614,0.033309
24615,0.080146
24616,0.073039
24617,0.030328
24618,0.029850
24619,0.045127
24620,-0.002892
24621,-0.037486
24622,-0.038376
24623,-0.072346
24624,-0.090583
24625,-0.008778
24626,-0.033007
24627,-0.035763
24628,-0.058639
24629,-0.023331
24630,0.011977
24631,0.035071
24632,0.036024
24633,0.073379
24634,0.078366
24635,0.105864
24636,0.044484
24637,-0.009913
24638,-0.027664
24639,-0.026072
24640,-0.046757
24641,-0.050350
24642,0.000782
24643,0.030537
24644,0.007351
24645,-0.047292
24646,-0.076800
24647,-0.047058
24648,-0.009559
24649,0.025355
24650,0.030634
24651,0.029362
24652,-0.003278
24653,0.011897
24654,0.041027
24655,-0.000750
24656,-0.004646
24657,-0.007991
24658,0.016462
24659,0.035666
24660,0.032875
24661,0.010947
24662,-0.032229
24663,-0.096042
24664,-0.100654
24665,-0.101884
24666,-0.091751
24667,0.046575
24668,0.147056
24669,0.155290
24670,0.153250
24671,0.058340
24672,-0.011534
24673,-0.035295
24674,-0.098343
24675,-0.060997
24676,-0.007061
24677,-0.038827
24678,-0.087024
24679,-0.060969
24680,-0.033531
24681,0.022305
24682,0.034850
24683,0.053969
24684,0.061989
24685,0.053929
24686,-0.035818
24687,-0.051432
24688,0.002836
24689,0.008988
24690,0.018246
24691,0.030446
24692,0.043683
24693,-0.004853
24694,-0.019731
24695,-0.013421
24696,0.043509
24697,344.548737
24698,1180.462280
24699,172.303726
24700,529.254578
24701,1311.102783
24702,-3.415913
24703,17.431967
24704,13.378877
24705,-11.451097
24706,-27.946497
24707,-26.090223
24708,-1.394552
24709,18.841711
24710,21.895403
24711,12.187902
24712,-6.369552
24713,-13.192478
24714,-13.251657
24715,-24.457491
24716,-7.660643
24717,11.880499
24718,8.069998
24719,2.727099
24720,9.964688
24721,16.717844
24722,25.330524
24723,12.329022
24724,-6.821281
24725,-31.643957
24726,-28.193092
24727,-18.955076
24728,-11.897295
24729,0.943657
24730,-4.632075
24731,0.483499
24732,15.580274
24733,9.264060
24734,16.701283
24735,32.079372
24736,37.092922
24737,15.756488
24738,-2.188911
24739,-0.698637
24740,-5.278754
24741,-41.101990
24742,-56.088787
24743,-27.047306
24744,1.145355
24745,19.462742
24746,26.865374
24747,-2.983722
24748,-24.456163
24749,-16.301531
24750,-2.784352
24751,4.667328
24752,0.044925
24753,0.015293
24754,-0.072026
24755,-0.050151
24756,-0.067909
24757,-0.019113
24758,-0.017937
24759,-0.055523
24760,-0.008617
24761,0.020670
24762,-0.022650
24763,0.002514
24764,0.032883
24765,0.032563
24766,0.020862
24767,0.001197
24768,0.008498
24769,-0.001765
24770,0.006201
24771,-0.006177
24772,-0.028089
24773,-0.034120
24774,-0.031209
24775,0.008131
24776,0.026275
24777,0.060454
24778,0.053929
24779,-0.007709
24780,0.011302
24781,0.056974
24782,-0.001076
24783,0.009654
24784,-0.022549
24785,-0.058959
24786,-0.056762
24787,-0.047346
24788,-0.016391
24789,-0.023952
24790,-0.026776
24791,0.031069
24792,0.078467
24793,0.060503
24794,0.057696
24795,0.032016
24796,-0.031291
24797,-0.048016
24798,0.004803
24799,0.025338
24800,-0.022530
24801,-0.052889
24802,-0.063907
24803,-0.069103
24804,-0.029400
24805,0.044081
24806,0.067887
24807,0.025303
24808,-0.002324
24809,-0.018655
24810,0.003377
24811,-0.007549
24812,-0.009891
24813,0.009481
24814,-0.005447
24815,-0.027384
24816,0.028936
24817,0.002635
24818,-0.000927
24819,0.035133
24820,0.011327
24821,0.054166
24822,-0.005578
24823,-0.076950
24824,-0.069216
24825,-0.027774
24826,0.002600
24827,-0.000385
24828,0.041652
24829,0.066346
24830,0.033111
24831,0.035763
24832,-0.022579
24833,-0.076977
24834,-0.038429
24835,-0.017467
24836,0.012741
24837,0.052558
24838,0.042430
24839,0.029302
24840,0.000687
24841,0.005816
24842,-0.001550
24843,-0.021430
24844,-0.050943
24845,-0.016621
24846,-0.034741
24847,-0.053550
24848,0.002122
24849,-0.013218
24850,-0.041377
24851,0.006637
24852,0.014224
24853,0.017087
24854,0.025431
24855,0.021417
24856,-0.000064
24857,0.060882
24858,0.024054
24859,-0.022763
24860,-0.023128
24861,0.006660
24862,0.035957
24863,0.024418
24864,0.036665
24865,0.024288
24866,-0.010016
24867,-0.084059
24868,-0.112233
24869,-0.085679
24870,-0.026590
24871,0.007871
24872,-0.001681
24873,0.034642
24874,0.104589
24875,0.091343
24876,0.084550
24877,0.098533
24878,0.018550
24879,-0.032062
24880,-0.072246
24881,-0.067514
24882,-0.049355
24883,-0.000534
24884,-0.039156
24885,-0.108857
24886,-0.054278
24887,-0.015858
24888,-0.010630
24889,0.032760
24890,0.079684
24891,0.003319
24892,-0.023224
24893,0.007635
24894,0.023892
24895,-0.022626
24896,-0.001765
24897,0.016376
24898,-0.019688
24899,-0.023434
24900,0.001498
24901,0.017507
24902,0.061496
24903,0.093513
24904,0.010213
24905,-0.032012
24906,-0.002519
24907,-0.007575
24908,-0.017131
24909,-0.026329
24910,-0.020348
24911,-0.056404
24912,-0.033535
24913,0.004005
24914,-0.023372
24915,-0.010981
24916,0.012738
24917,-0.019813
24918,-0.018932
24919,-0.014428
24920,0.032139
24921,0.037162
24922,0.003237
24923,0.043670
24924,0.050931
24925,0.017494
24926,-0.032757
24927,-0.023745
24928,-0.008261
24929,0.026247
24930,0.012815
24931,0.022442
24932,0.014162
24933,0.002392
24934,-0.043372
24935,-0.069745
24936,-0.088564
24937,-0.077032
24938,-0.032318
24939,-0.020790
24940,0.017348
24941,0.102344
24942,0.098433
24943,0.068994
24944,0.044627
24945,0.050012
24946,-0.009622
24947,-0.088943
24948,-0.032586
24949,-0.041714
24950,-0.048156
24951,0.001120
24952,0.028119
24953,0.033209
24954,0.012964
24955,-0.006653
24956,0.012522
24957,-0.013829
24958,-0.015128
24959,-0.012238
24960,0.023652
24961,0.040929
24962,0.006866
24963,-0.002762
24964,0.007537
24965,0.017640
24966,0.020889
24967,-0.033946
24968,-0.080544
24969,-0.045559
24970,0.017926
24971,0.016115
24972,-0.035023
24973,-0.006881
24974,-0.000124
24975,-0.043058
24976,-0.026550
24977,0.051656
24978,0.088079
24979,0.057973
24980,0.019815
24981,0.023094
24982,-0.014950
24983,-0.052154
24984,-0.034871
24985,-0.048577
24986,-0.050975
24987,-0.006424
24988,0.052010
24989,0.020577
24990,0.003493
24991,0.054308
24992,0.010663
24993,-0.016984
24994,-0.039927
24995,-0.077636
24996,-0.028318
24997,0.033079
24998,0.032709
24999,-0.000894
25000,0.000671
25001,0.063331
25002,0.070332
25003,0.052300
25004,-0.002759
25005,-0.003874
25006,0.015568
25007,-0.013864
25008,-0.037258
25009,-0.070489
25010,-0.092974
25011,-0.034107
25012,0.010957
25013,0.015648
25014,0.022873
25015,0.014081
25016,0.035256
25017,0.051261
25018,-0.028050
25019,-0.056892
25020,-0.005368
25021,-0.044274
25022,-0.052956
25023,-0.014505
25024,0.025796
25025,0.030330
25026,0.029831
25027,0.043059
25028,0.037682
25029,0.013929
25030,0.030408
25031,0.022697
25032,-0.020569
25033,-0.017207
25034,-0.033439
25035,-0.029280
25036,-0.040187
25037,-0.083536
25038,-0.033783
25039,0.034542
25040,0.064576
25041,0.060053
25042,0.045885
25043,0.034381
25044,-0.012350
25045,-0.064862
25046,-0.057733
25047,0.020896
25048,0.041032
25049,0.023868
25050,-0.005422
25051,-0.022419
25052,0.013935
25053,-0.003022
25054,-0.048954
25055,-0.033496
25056,-0.017429
25057,0.014773
25058,0.061009
25059,0.019325
25060,0.015411
25061,-0.004253
25062,-0.025046
25063,0.001822
25064,-0.029618
25065,-0.034276
25066,-0.020687
25067,0.009806
25068,-0.013101
25069,0.012151
25070,0.032690
25071,0.002371
25072,0.036364
25073,0.090098
25074,0.034695
25075,-0.005378
25076,-0.037143
25077,-0.030439
25078,-0.036146
25079,-0.011410
25080,0.005031
25081,-0.051001
25082,-0.110692
25083,-0.072554
25084,0.048543
25085,0.100585
25086,0.051432
25087,0.001616
25088,-0.005444
25089,-0.039701
25090,-0.043696
25091,-0.020355
25092,-0.024979
25093,0.009632
25094,0.049084
25095,0.022159
25096,-0.004792
25097,0.027213
25098,0.051383
25099,0.013857
25100,-0.019645
25101,-0.020302
25102,0.005456
25103,0.015929
25104,0.016569
25105,-0.014299
25106,-0.012218
25107,0.030707
25108,0.009853
25109,0.002622
25110,0.005321
25111,0.005000
25112,0.015365
25113,-0.002684
25114,-0.008358
25115,-0.045292
25116,-0.088562
25117,-0.091554
25118,-0.045160
25119,-0.004363
25120,0.038124
25121,0.086151
25122,0.109806
25123,0.067154
25124,0.005985
25125,0.018134
25126,-0.018728
25127,-0.057633
25128,-0.047737
25129,-0.015093
25130,-0.034357
25131,-0.010005
25132,-0.011602
25133,-0.010656
25134,0.037857
25135,0.034900
25136,0.001241
25137,0.013839
25138,-0.035065
25139,-0.046090
25140,-0.030691
25141,0.021261
25142,-0.005254
25143,-0.007106
25144,-0.011425
25145,-0.001930
25146,0.005053
25147,0.037378
25148,0.058478
25149,0.080945
25150,0.091209
25151,0.041253
25152,-0.060212
25153,-0.127094
25154,-0.105746
25155,-0.044010
25156,0.004024
25157,0.033325
25158,0.039753
25159,0.032076
25160,-0.004374
25161,-0.062537
25162,-0.061662
25163,-0.048165
25164,-0.002014
25165,0.084863
25166,0.118151
25167,0.012147
25168,0.012279
25169,0.012889
25170,-0.002650
25171,-0.011428
25172,0.030229
25173,-0.004718
25174,0.021089
25175,-0.021453
25176,-0.029837
25177,-0.018155
25178,-0.081478
25179,-0.090280
25180,-0.030028
25181,-0.016097
25182,0.011698
25183,0.032661
25184,0.040972
25185,0.077900
25186,0.012626
25187,0.022266
25188,0.042872
25189,0.030640
25190,-0.001795
25191,-0.045609
25192,-0.008931
25193,0.004554
25194,-0.023888
25195,0.005779
25196,-0.037626
25197,-0.039961
25198,0.011962
25199,0.034594
25200,0.049639
25201,0.030326
25202,-0.030514
25203,-0.069800
25204,-0.079956
25205,-0.061378
25206,-0.021609
25207,-0.013349
25208,0.009152
25209,0.009353
25210,-0.001706
25211,0.054963
25212,0.085796
25213,0.060150
25214,0.073923
25215,0.003140
25216,-0.030023
25217,-0.001769
25218,-0.011959
25219,0.011300
25220,0.031436
25221,0.021352
25222,-0.039054
25223,-0.047822
25224,-0.040760
25225,-0.024286
25226,-0.027025
25227,-0.028096
25228,-0.042837
25229,-0.049759
25230,0.015800
25231,0.048761
25232,0.027134
25233,0.011892
25234,-0.000224
25235,0.028794
25236,0.017810
25237,0.031349
25238,0.021819
25239,-0.005649
25240,0.010801
25241,0.001275
25242,-0.028821
25243,-0.004229
25244,0.001305
25245,0.021492
25246,0.035908
25247,-0.005840
25248,-0.021316
25249,-0.015572
25250,0.003267
25251,-0.010722
25252,-0.017713
25253,0.017871
25254,-0.031528
25255,-0.072309
25256,-0.032519
25257,-0.032033
25258,-0.052864
25259,-0.009058
25260,0.018353
25261,-0.014304
25262,-0.011278
25263,0.039159
25264,0.075918
25265,0.113032
25266,0.099721
25267,0.014944
25268,-0.030243
25269,-0.043421
25270,-0.077001
25271,-0.056848
25272,-0.006705
25273,0.019074
25274,0.028561
25275,-0.010769
25276,-0.035863
25277,-0.004537
25278,0.008423
25279,0.007588
25280,0.014355
25281,0.029819
25282,0.007664
25283,-0.034808
25284,-0.018936
25285,0.019157
25286,-0.007902
25287,0.009880
25288,0.034009
25289,-0.007495
25290,-0.082067
25291,-0.065341
25292,0.042206
25293,0.051505
25294,0.067827
25295,0.065879
25296,0.049604
25297,0.049892
25298,0.020396
25299,0.006135
25300,-0.045325
25301,-0.040461
25302,-0.047092
25303,-0.064093
25304,-0.088726
25305,-0.055959
25306,-0.022370
25307,-0.018191
25308,0.014830
25309,0.020188
25310,0.045751
25311,0.070562
25312,0.012731
25313,-0.060183
25314,-0.042763
25315,-0.001087
25316,0.017757
25317,0.034335
25318,0.008697
25319,-0.001876
25320,0.016908
25321,0.001851
25322,0.001839
25323,0.048925
25324,0.050463
25325,0.036424
25326,-0.002998
25327,-0.011721
25328,-0.027951
25329,-0.033329
25330,-0.034133
25331,-0.013134
25332,-0.006358
25333,-0.012080
25334,0.019312
25335,-0.005157
25336,-0.053708
25337,-0.046467
25338,-0.012639
25339,-0.014571
25340,-0.012398
25341,0.025911
25342,0.088078
25343,0.051389
25344,0.024042
25345,0.045020
25346,0.068419
25347,0.068733
25348,0.044988
25349,-0.043278
25350,-0.078443
25351,-0.087474
25352,-0.144427
25353,-0.070857
25354,-0.027512
25355,-0.077592
25356,0.010169
25357,0.126198
25358,0.124324
25359,0.112054
25360,0.011288
25361,-0.053303
25362,-0.128647
25363,-0.134567
25364,-0.072661
25365,0.012143
25366,0.061561
25367,0.095709
25368,0.063729
25369,0.034411
25370,0.036938
25371,0.034221
25372,0.012001
25373,0.019777
25374,0.004580
25375,-0.033647
25376,-0.069853
25377,-0.098156
25378,-0.071793
25379,-0.025218
25380,0.031209
25381,0.141509
25382,0.166302
25383,0.066438
25384,-0.006144
25385,-0.095415
25386,-0.108903
25387,-0.068268
25388,-0.052498
25389,-0.021290
25390,0.053087
25391,0.045591
25392,0.057545
25393,0.071430
25394,0.020277
25395,0.009316
25396,0.015431
25397,-0.082549
25398,-0.123883
25399,-0.103110
25400,-0.062936
25401,361.032806
25402,1126.147949
25403,150.622589
25404,605.593811
25405,1370.486572
25406,5.767016
25407,-6.448634
25408,7.439862
25409,2.912694
25410,-21.429729
25411,-22.639399
25412,-21.184818
25413,-3.584534
25414,33.741917
25415,38.193241
25416,33.251442
25417,33.060570
25418,13.491467
25419,-9.880074
25420,-27.673027
25421,-38.470863
25422,-34.867031
25423,-6.747481
25424,8.251214
25425,0.168422
25426,-23.199713
25427,-41.743809
25428,-20.020805
25429,4.009564
25430,50.148273
25431,91.170677
25432,79.065346
25433,20.925486
25434,-29.992201
25435,-74.985298
25436,-75.487617
25437,-52.564678
25438,-15.145720
25439,20.706335
25440,51.737305
25441,43.661083
25442,20.061497
25443,5.590430
25444,6.165014
25445,-2.266518
25446,-16.491491
25447,-21.066835
25448,-20.768103
25449,-4.273712
25450,5.160161
25451,1.997658
25452,-7.268882
25453,0.773181
25454,9.828115
25455,3.263335
25456,-0.023517
25457,0.004785
25458,0.040371
25459,0.077789
25460,0.120670
25461,0.102693
25462,0.091546
25463,0.057411
25464,-0.028191
25465,-0.041513
25466,-0.069507
25467,-0.073189
25468,-0.006394
25469,-0.008058
25470,0.019216
25471,0.034149
25472,0.004964
25473,-0.044503
25474,-0.042852
25475,-0.009817
25476,-0.032460
25477,-0.007446
25478,0.010905
25479,0.008171
25480,-0.002156
25481,0.003911
25482,0.020176
25483,-0.016564
25484,0.013364
25485,0.051068
25486,0.032904
25487,-0.020702
25488,-0.006287
25489,-0.072451
25490,-0.111203
25491,-0.027924
25492,0.017241
25493,0.035108
25494,0.039614
25495,0.001458
25496,-0.004504
25497,0.030838
25498,0.028074
25499,0.073336
25500,0.082023
25501,0.017006
25502,-0.064895
25503,-0.053016
25504,-0.046218
25505,-0.037135
25506,0.033672
25507,0.052994
25508,0.075014
25509,0.034006
25510,-0.013710
25511,-0.092846
25512,-0.094496
25513,-0.042785
25514,0.009330
25515,0.027927
25516,-0.022208
25517,0.005190
25518,0.016781
25519,0.012486
25520,0.006557
25521,0.013700
25522,-0.009488
25523,0.004257
25524,0.000902
25525,0.010156
25526,0.057495
25527,0.023072
25528,0.021440
25529,-0.045890
25530,-0.078273
25531,-0.036099
25532,0.005720
25533,0.017251
25534,0.060906
25535,0.022815
25536,-0.026883
25537,-0.011007
25538,-0.035744
25539,-0.061270
25540,-0.030770
25541,0.020482
25542,0.058550
25543,0.078386
25544,0.031192
25545,0.010962
25546,-0.007856
25547,0.019263
25548,0.007314
25549,0.021984
25550,0.066345
25551,-0.034031
25552,-0.080966
25553,-0.075035
25554,-0.078381
25555,-0.026160
25556,-0.038596
25557,-0.066293
25558,-0.006291
25559,0.024703
25560,0.003427
25561,0.040003
25562,0.026453
25563,-0.011863
25564,0.025435
25565,0.034128
25566,0.009899
25567,0.005497
25568,0.020990
25569,-0.026913
25570,-0.012333
25571,0.030128
25572,0.005511
25573,0.005484
25574,-0.002496
25575,-0.003516
25576,0.015835
25577,0.038219
25578,0.049276
25579,0.015995
25580,-0.044502
25581,-0.086580
25582,-0.105415
25583,-0.046635
25584,-0.028954
25585,-0.002228
25586,0.040816
25587,0.047245
25588,0.045703
25589,0.057766
25590,0.081121
25591,0.009836
25592,-0.050217
25593,-0.081996
25594,-0.054807
25595,-0.025188
25596,0.040349
25597,0.059200
25598,0.040078
25599,-0.002032
25600,-0.061346
25601,-0.080455
25602,-0.080992
25603,-0.078780
25604,-0.011663
25605,0.065414
25606,0.101007
25607,0.107813
25608,0.071029
25609,0.059961
25610,0.074998
25611,0.008742
25612,-0.021895
25613,-0.122228
25614,-0.157795
25615,-0.119802
25616,-0.081826
25617,-0.026375
25618,0.062749
25619,0.080886
25620,0.104069
25621,0.078625
25622,0.039845
25623,0.001835
25624,0.043185
25625,-0.004547
25626,-0.065787
25627,-0.018150
25628,0.003250
25629,-0.002572
25630,-0.080799
25631,-0.087599
25632,0.011319
25633,0.065406
25634,0.033677
25635,0.035237
25636,-0.039480
25637,-0.039197
25638,-0.012885
25639,0.000508
25640,-0.005662
25641,-0.009361
25642,-0.021075
25643,-0.009165
25644,0.019708
25645,0.033180
25646,0.025721
25647,0.037461
25648,0.009805
25649,0.003083
25650,0.056079
25651,0.067172
25652,0.011863
25653,0.035724
25654,-0.009917
25655,0.020104
25656,0.044409
25657,0.053264
25658,-0.027022
25659,-0.076921
25660,-0.081838
25661,-0.061971
25662,-0.007465
25663,0.007382
25664,0.006203
25665,0.030919
25666,0.030170
25667,-0.005250
25668,0.000692
25669,0.029483
25670,0.022156
25671,-0.015544
25672,-0.012423
25673,-0.009311
25674,-0.011921
25675,-0.068240
25676,-0.051090
25677,-0.004968
25678,-0.003856
25679,0.040021
25680,0.061957
25681,0.112443
25682,0.085108
25683,0.022904
25684,-0.031670
25685,-0.064560
25686,-0.021893
25687,-0.036571
25688,-0.047867
25689,-0.005462
25690,0.005975
25691,0.004874
25692,0.029970
25693,0.002937
25694,0.001186
25695,0.011811
25696,0.008516
25697,0.021480
25698,-0.023268
25699,-0.069553
25700,-0.040083
25701,-0.025642
25702,-0.015247
25703,0.027438
25704,0.044024
25705,0.050390
25706,0.045434
25707,0.009778
25708,-0.017244
25709,-0.008897
25710,-0.051474
25711,-0.026100
25712,-0.018052
25713,0.020180
25714,0.036103
25715,0.032676
25716,0.007961
25717,-0.022758
25718,-0.044364
25719,-0.006439
25720,0.046150
25721,0.018814
25722,0.000131
25723,0.007087
25724,-0.017933
25725,-0.034912
25726,-0.014464
25727,0.018885
25728,-0.004312
25729,0.007189
25730,0.014561
25731,0.022630
25732,0.004022
25733,-0.012803
25734,-0.042308
25735,-0.067851
25736,-0.026542
25737,-0.002345
25738,0.037069
25739,0.054624
25740,0.007702
25741,0.009043
25742,-0.066368
25743,-0.070353
25744,0.003370
25745,0.056321
25746,0.069950
25747,0.060536
25748,0.069295
25749,-0.002425
25750,-0.066791
25751,-0.073079
25752,-0.048451
25753,-0.068490
25754,-0.033956
25755,0.023597
25756,0.021349
25757,0.012219
25758,-0.011852
25759,0.019065
25760,0.038286
25761,0.092202
25762,0.042056
25763,0.002395
25764,-0.000856
25765,-0.033200
25766,-0.010535
25767,-0.011978
25768,0.011651
25769,0.048555
25770,0.015014
25771,-0.000797
25772,-0.039569
25773,-0.086573
25774,-0.089606
25775,-0.050852
25776,0.053451
25777,0.093314
25778,0.060875
25779,0.008777
25780,0.015539
25781,-0.008129
25782,-0.049336
25783,-0.023436
25784,-0.042127
25785,-0.063152
25786,0.007753
25787,0.038366
25788,0.018336
25789,0.031920
25790,0.067039
25791,0.010475
25792,-0.032497
25793,-0.010224
25794,-0.012823
25795,-0.048752
25796,-0.049895
25797,-0.013061
25798,-0.005505
25799,0.039521
25800,0.054327
25801,0.074524
25802,0.026676
25803,-0.007807
25804,-0.027196
25805,-0.014854
25806,-0.027620
25807,-0.037526
25808,-0.033907
25809,0.000190
25810,-0.016985
25811,-0.049459
25812,0.020850
25813,0.006404
25814,0.022488
25815,0.065877
25816,0.018755
25817,-0.015771
25818,-0.039160
25819,-0.031176
25820,-0.037324
25821,-0.040705
25822,-0.007967
25823,0.072121
25824,0.135337
25825,0.092455
25826,0.026935
25827,0.004116
25828,-0.092725
25829,-0.142629
25830,-0.092627
25831,-0.031369
25832,0.067067
25833,0.131813
25834,0.053344
25835,-0.014333
25836,-0.083647
25837,-0.091676
25838,-0.068534
25839,-0.069122
25840,-0.015911
25841,0.011552
25842,0.012989
25843,0.027964
25844,0.106246
25845,0.105801
25846,0.023067
25847,0.024162
25848,0.038752
25849,0.017898
25850,-0.010475
25851,0.011095
25852,-0.040261
25853,-0.097799
25854,-0.034977
25855,371.680511
25856,1091.121338
25857,136.640732
25858,654.823914
25859,1413.092896
25860,-18.543375
25861,-1.946985
25862,24.166960
25863,12.074622
25864,0.908722
25865,11.305137
25866,19.146713
25867,11.317349
25868,1.194136
25869,-15.853789
25870,-16.168489
25871,-6.106535
25872,-0.115318
25873,-3.794240
25874,-8.293928
25875,-5.787642
25876,0.358252
25877,-3.343018
25878,6.776073
25879,18.895695
25880,21.631994
25881,12.088053
25882,17.354607
25883,6.683855
25884,-21.876329
25885,-45.370796
25886,-34.807312
25887,-13.567069
25888,8.792452
25889,15.419477
25890,45.622681
25891,32.614643
25892,17.348017
25893,-2.537609
25894,-25.088211
25895,-38.391811
25896,-16.219858
25897,5.313303
25898,8.275965
25899,12.776192
25900,16.046640
25901,14.505210
25902,-1.713254
25903,-18.749317
25904,-14.867441
25905,-10.661530
25906,0.379506
25907,-3.776540
25908,-10.724813
25909,-1.725938
25910,0.014223
25911,-0.023058
25912,-0.028159
25913,0.017878
25914,0.014515
25915,0.000852
25916,-0.006719
25917,0.016123
25918,0.018864
25919,-0.013004
25920,-0.045694
25921,-0.006727
25922,-0.041589
25923,-0.045615
25924,-0.020399
25925,-0.001369
25926,0.017143
25927,0.020817
25928,0.027035
25929,0.083803
25930,0.041715
25931,-0.013628
25932,-0.017563
25933,-0.052313
25934,-0.049239
25935,-0.018823
25936,-0.016256
25937,0.034171
25938,0.040353
25939,-0.016972
25940,0.015240
25941,-0.029297
25942,-0.058642
25943,0.039230
25944,0.040138
25945,0.011361
25946,0.022987
25947,-0.014149
25948,-0.005392
25949,-0.060212
25950,-0.072286
25951,-0.039605
25952,0.021014
25953,0.019003
25954,0.071058
25955,0.086952
25956,0.020006
25957,-0.022320
25958,-0.059984
25959,0.000115
25960,0.010592
25961,-0.070684
25962,-0.076105
25963,-0.027715
25964,-0.004988
25965,0.042070
25966,0.061589
25967,-0.022967
25968,0.010634
25969,0.019618
25970,0.028753
25971,0.047692
25972,0.018958
25973,0.017519
25974,-0.001092
25975,-0.026513
25976,-0.070484
25977,-0.110682
25978,-0.042394
25979,0.058501
25980,0.105810
25981,0.060583
25982,0.029583
25983,-0.003685
25984,-0.011436
25985,-0.049402
25986,-0.036896
25987,-0.055241
25988,-0.046374
25989,-0.041303
25990,-0.000585
25991,0.070214
25992,0.047954
25993,0.031119
25994,-0.003011
25995,0.022588
25996,0.007305
25997,-0.036894
25998,-0.051231
25999,-0.023842
26000,-0.019729
26001,-0.017583
26002,-0.021068
26003,0.011388
26004,0.005572
26005,0.011748
26006,0.011623
26007,-0.001196
26008,-0.014993
26009,-0.010188
26010,0.014569
26011,-0.009010
26012,-0.005511
26013,0.000123
26014,0.012611
26015,0.021882
26016,0.043422
26017,0.069454
26018,0.062001
26019,0.064742
26020,0.027746
26021,-0.029761
26022,-0.044473
26023,-0.068441
26024,-0.103569
26025,-0.084625
26026,-0.066329
26027,-0.017664
26028,0.038131
26029,0.047927
26030,0.080655
26031,0.061960
26032,0.020512
26033,-0.008442
26034,-0.008869
26035,-0.026513
26036,-0.080972
26037,-0.092486
26038,-0.004885
26039,0.045391
26040,0.084967
26041,0.068492
26042,0.035863
26043,0.032445
26044,-0.025809
26045,-0.030253
26046,-0.022199
26047,-0.031060
26048,-0.020266
26049,-0.042529
26050,-0.056975
26051,-0.012243
26052,0.020442
26053,0.000815
26054,-0.010690
26055,-0.034231
26056,-0.025664
26057,-0.017109
26058,-0.041480
26059,0.000794
26060,0.069268
26061,0.125384
26062,0.088737
26063,0.060665
26064,0.043861
26065,-0.002341
26066,0.012443
26067,0.033567
26068,-0.040007
26069,-0.052702
26070,-0.079194
26071,-0.104106
26072,-0.067358
26073,-0.060632
26074,-0.006498
26075,0.090456
26076,0.101516
26077,0.058834
26078,-0.003565
26079,-0.071953
26080,-0.016321
26081,0.020284
26082,0.014914
26083,0.022883
26084,-0.011567
26085,-0.063090
26086,-0.051416
26087,-0.056138
26088,-0.032624
26089,0.055452
26090,0.047693
26091,0.007495
26092,-0.005252
26093,-0.027041
26094,0.025258
26095,0.010744
26096,0.042893
26097,0.050650
26098,0.067456
26099,0.059131
26100,-0.019976
26101,-0.043926
26102,-0.054418
26103,-0.038592
26104,-0.036747
26105,-0.092706
26106,-0.065956
26107,-0.017743
26108,-0.003139
26109,0.038180
26110,0.048934
26111,0.022798
26112,-0.039399
26113,-0.046870
26114,-0.002286
26115,-0.053120
26116,0.019626
26117,0.063275
26118,0.001738
26119,-0.041199
26120,-0.076289
26121,-0.051686
26122,0.016690
26123,0.080665
26124,0.080090
26125,0.046610
26126,-0.008066
26127,-0.004106
26128,-0.047020
26129,-0.042616
26130,-0.004867
26131,0.008394
26132,0.034098
26133,0.034483
26134,0.020794
26135,0.008054
26136,-0.027300
26137,-0.001089
26138,0.006536
26139,0.001684
26140,-0.023142
26141,-0.046843
26142,-0.020225
26143,0.002446
26144,0.000115
26145,-0.017025
26146,-0.036547
26147,0.012570
26148,0.076796
26149,0.062601
26150,0.029411
26151,0.017196
26152,-0.020977
26153,-0.026226
26154,-0.030628
26155,-0.060776
26156,-0.023498
26157,-0.040558
26158,-0.015493
26159,-0.011456
26160,-0.007376
26161,0.013754
26162,0.002703
26163,0.014436
26164,0.004415
26165,-0.008144
26166,0.030615
26167,0.044202
26168,0.012366
26169,-0.016677
26170,-0.021696
26171,-0.073905
26172,-0.020917
26173,0.065158
26174,0.071013
26175,0.051584
26176,0.009716
26177,-0.035487
26178,-0.044708
26179,-0.062695
26180,-0.071352
26181,-0.024991
26182,0.057394
26183,0.077415
26184,0.054154
26185,0.037712
26186,0.025937
26187,0.017159
26188,0.007104
26189,-0.014660
26190,-0.016831
26191,-0.024027
26192,-0.033400
26193,-0.019131
26194,-0.030947
26195,-0.019427
26196,-0.017197
26197,-0.037583
26198,-0.053846
26199,-0.048620
26200,-0.012790
26201,-0.003621
26202,0.076462
26203,0.079593
26204,0.050243
26205,0.031874
26206,-0.021067
26207,-0.049400
26208,-0.026760
26209,379.975433
26210,1063.809937
26211,125.738564
26212,693.210388
26213,1442.686646
26214,-0.477942
26215,29.680141
26216,41.077030
26217,31.566647
26218,9.394711
26219,-11.718081
26220,-37.548439
26221,-35.865322
26222,-1.903366
26223,36.926327
26224,19.967426
26225,-9.964211
26226,-32.824806
26227,-33.080097
26228,-13.422029
26229,2.589081
26230,14.481524
26231,19.883976
26232,14.899269
26233,13.930108
26234,29.911573
26235,23.120329
26236,0.265417
26237,-21.383165
26238,-56.114983
26239,-48.950592
26240,-15.884106
26241,15.337864
26242,32.840786
26243,2.813110
26244,-6.406368
26245,21.555592
26246,34.366482
26247,22.898031
26248,7.634495
26249,-8.273369
26250,-25.745043
26251,-41.885677
26252,-17.798443
26253,8.807937
26254,-7.369609
26255,-25.091608
26256,-5.482600
26257,33.336388
26258,52.160645
26259,33.119213
26260,6.287648
26261,-17.592215
26262,-25.309835
26263,-5.165695
26264,0.026502
26265,0.079517
26266,0.028380
26267,0.000047
26268,-0.007758
26269,-0.062598
26270,-0.074511
26271,-0.084431
26272,-0.043684
26273,0.065105
26274,0.064157
26275,0.075349
26276,0.062383
26277,0.022852
26278,-0.021440
26279,-0.043137
26280,-0.012736
26281,0.035618
26282,-0.006799
26283,-0.037976
26284,-0.029844
26285,-0.070572
26286,-0.065795
26287,-0.004600
26288,0.039396
26289,0.017466
26290,-0.002832
26291,0.035071
26292,0.080348
26293,0.065233
26294,0.063397
26295,-0.002472
26296,-0.026187
26297,-0.021479
26298,-0.036586
26299,-0.065808
26300,-0.027668
26301,0.018710
26302,-0.021572
26303,-0.015837
26304,0.024727
26305,0.007183
26306,-0.009118
26307,-0.015218
26308,-0.068565
26309,-0.002160
26310,0.060891
26311,0.010814
26312,-0.013005
26313,0.001796
26314,0.009097
26315,0.021560
26316,-0.020218
26317,0.037945
26318,-0.020618
26319,-0.072176
26320,-0.042174
26321,-0.026798
26322,0.014749
26323,0.058746
26324,0.095421
26325,0.017457
26326,-0.016440
26327,-0.025710
26328,-0.076935
26329,-0.034191
26330,0.039768
26331,0.081321
26332,0.024334
26333,-0.018517
26334,-0.019494
26335,0.020991
26336,-0.031423
26337,-0.037962
26338,0.000324
26339,0.041809
26340,0.031990
26341,0.045772
26342,0.011265
26343,-0.033760
26344,0.001661
26345,-0.003817
26346,0.036455
26347,0.065296
26348,-0.048520
26349,-0.094158
26350,-0.084753
26351,-0.094290
26352,-0.019424
26353,0.000273
26354,0.018327
26355,0.031454
26356,0.026945
26357,0.026553
26358,-0.008085
26359,-0.015497
26360,-0.020619
26361,0.020075
26362,0.058589
26363,383.598145
26364,1051.928589
26365,120.995811
26366,709.909607
26367,1455.907715
26368,-3.732671
26369,4.114390
26370,-6.929770
26371,-20.300890
26372,-5.047501
26373,7.182201
26374,14.115760
26375,31.048580
26376,32.996563
26377,-0.741544
26378,-12.217211
26379,-12.783499
26380,-0.581669
26381,16.610601
26382,19.907860
26383,9.006611
26384,-8.056231
26385,-29.767900
26386,-35.582096
26387,-25.399063
26388,-12.103395
26389,8.522885
26390,37.981987
26391,63.191086
26392,33.791798
26393,-10.955714
26394,-49.891479
26395,-52.962833
26396,-29.908123
26397,-11.996277
26398,-11.893068
26399,-3.422636
26400,14.856448
26401,47.222576
26402,59.474979
26403,39.327682
26404,6.825553
26405,-33.648643
26406,-43.575378
26407,-22.105122
26408,-6.060409
26409,-12.702243
26410,-5.044849
26411,16.730402
26412,28.458872
26413,28.416603
26414,16.018848
26415,1.911171
26416,-17.476442
26417,-4.401520
26418,0.029213
26419,0.019561
26420,-0.004746
26421,0.009857
26422,-0.023454
26423,-0.036540
26424,-0.022758
26425,-0.035664
26426,-0.041022
26427,0.004949
26428,0.018180
26429,0.060830
26430,0.076485
26431,0.038462
26432,-0.020015
26433,-0.068839
26434,-0.067143
26435,-0.065489
26436,-0.039781
26437,0.014370
26438,0.039813
26439,0.061259
26440,0.023463
26441,0.015401
26442,0.028936
26443,-0.066372
26444,-0.023834
26445,-0.006027
26446,-0.031985
26447,-0.057262
26448,-0.070910
26449,-0.016116
26450,0.068535
26451,0.115465
26452,0.127908
26453,0.076042
26454,0.029092
26455,-0.063106
26456,-0.055470
26457,-0.074481
26458,-0.090813
26459,-0.086736
26460,0.010311
26461,0.045164
26462,0.041916
26463,0.053911
26464,0.023306
26465,-0.009412
26466,-0.001183
26467,386.033966
26468,1043.904907
26469,117.792923
26470,721.187012
26471,1465.013062
26472,-46.683922
26473,-48.535847
26474,-20.250988
26475,24.225952
26476,61.658825
26477,56.252674
26478,18.047178
26479,-5.599024
26480,-6.344662
26481,-8.795981
26482,0.902399
26483,10.522784
26484,-8.544541
26485,-25.616362
26486,-32.330418
26487,-31.783594
26488,-0.175988
26489,16.182117
26490,17.172174
26491,24.542650
26492,20.824455
26493,2.276487
26494,-13.093774
26495,-34.916576
26496,-25.356577
26497,4.368872
26498,23.811052
26499,25.198008
26500,15.939340
26501,-4.988698
26502,-12.459145
26503,-9.300708
26504,-16.735723
26505,-25.903038
26506,-2.384955
26507,-0.457803
26508,2.950635
26509,1.453174
26510,17.304220
26511,46.605145
26512,65.877083
26513,45.910683
26514,11.245846
26515,-23.128971
26516,-69.660988
26517,-94.424965
26518,-75.342331
26519,-36.689400
26520,11.403152
26521,62.162357
26522,-192.777481
26523,0.001658
26524,7.413194
26525,1398.173462
26526,-2001.837769
26527,-1017.251465
26528,-519.197754
26529,-1186.414917
26530,1011.595032
26531,-906.790710
26532,539.144592
26533,709.196960
26534,-1177.485596
26535,89.226334
26536,358.085907
26537,-498.816193
26538,166.753418
26539,1667.059082
26540,-543.925781
26541,2014.644043
26542,410.830414
26543,149.224396
26544,370.114960
26545,820.642761
26546,-1012.818298
26547,-54.744316
26548,-835.542297
26549,-773.775208
26550,-1032.782104
26551,554.286499
26552,1426.048706
26553,1791.588501
26554,-682.462524
26555,1354.501343
26556,957.674500
26557,1181.321289
26558,1054.732910
26559,-2093.041016
26560,-1470.840698
26561,1585.964233
26562,-1993.075928
26563,1197.859741
26564,393.308807
26565,-1567.457520
26566,-271.390930
26567,323.685974
26568,-1947.283203
26569,-1956.422241
26570,-1060.262695
26571,990.586914
26572,1654.561523
26573,-780.583069
26574,2297.997803
26575,-807.164673
26576,-0.005618
26577,-0.031390
26578,-0.035563
26579,0.008224
26580,0.000838
26581,0.023111
26582,0.048850
26583,0.057075
26584,0.072118
26585,0.073386
26586,0.038914
26587,-0.031601
26588,-0.068206
26589,-0.048173
26590,-0.023490
26591,-0.066825
26592,-0.003102
26593,0.032334
26594,-0.014437
26595,-0.031032
26596,-0.030054
26597,-0.013055
26598,0.042882
26599,0.065568
26600,0.061070
26601,0.011714
26602,-0.000886
26603,0.007113
26604,-0.030138
26605,-0.064812
26606,-0.083010
26607,-0.083140
26608,-0.011931
26609,0.043203
26610,0.021056
26611,0.017578
26612,0.035645
26613,0.055253
26614,0.049202
26615,0.032246
26616,0.016138
26617,-0.021683
26618,-0.040117
26619,-0.030751
26620,-0.051231
26621,-0.019508
26622,-0.026471
26623,-0.046600
26624,0.001565
26625,0.035817
26626,0.081350
26627,0.092311
26628,0.043847
26629,0.004664
26630,-0.035998
26631,-0.092645
26632,-0.036892
26633,-0.004768
26634,-0.004591
26635,0.016483
26636,0.055233
26637,0.018616
26638,-0.001308
26639,0.024579
26640,0.011051
26641,-0.038220
26642,-0.089890
26643,-0.064114
26644,-0.017099
26645,0.002704
26646,0.076567
26647,0.084146
26648,0.050785
26649,-0.007193
26650,-0.049365
26651,-0.047638
26652,0.005061
26653,0.010281
26654,-0.024938
26655,-0.009840
26656,-0.043607
26657,-0.024292
26658,0.000492
26659,0.014703
26660,0.015204
26661,0.000249
26662,0.031390
26663,0.033182
26664,-0.001688
26665,-0.006706
26666,0.031988
26667,0.009884
26668,0.022154
26669,0.013756
26670,-0.018286
26671,-0.047386
26672,-0.028612
26673,-0.020808
26674,0.020958
26675,-0.014660
26676,-0.005266
26677,-0.020319
26678,0.020369
26679,0.010974
26680,0.008258
26681,0.030400
26682,-0.020266
26683,-0.026180
26684,-0.029802
26685,-0.000969
26686,0.045900
26687,0.032923
26688,-0.005995
26689,-0.069102
26690,-0.075712
26691,-0.090290
26692,-0.040502
26693,0.002374
26694,0.064105
26695,0.091999
26696,0.058510
26697,0.090193
26698,0.084296
26699,-0.024709
26700,-0.065349
26701,-0.044983
26702,0.005277
26703,-0.004703
26704,-0.014226
26705,-0.015715
26706,-0.006053
26707,-0.027889
26708,0.031617
26709,0.029956
26710,-0.008800
26711,-0.066165
26712,-0.049634
26713,0.076896
26714,0.067806
26715,0.063892
26716,0.038978
26717,-0.031633
26718,-0.058652
26719,-0.104536
26720,-0.096408
26721,-0.021921
26722,0.011573
26723,0.024076
26724,0.018588
26725,0.051193
26726,531.189514
26727,522.746643
26728,6.599660
26729,359.362000
26730,13.305283
26731,28.324987
26732,31.693739
26733,34.674683
26734,34.737881
26735,29.659559
26736,16.078619
26737,-14.935111
26738,-22.715975
26739,-24.331364
26740,-9.778897
26741,-13.102789
26742,-19.361090
26743,-23.035721
26744,-27.473948
26745,-12.389346
26746,5.149367
26747,6.153139
26748,5.369144
26749,7.834417
26750,13.052741
26751,-4.021625
26752,-18.824183
26753,1.650087
26754,34.373676
26755,50.615688
26756,27.230671
26757,2.939719
26758,-2.151305
26759,-21.612017
26760,-26.011055
26761,-15.667442
26762,-9.276125
26763,12.224624
26764,25.202810
26765,15.692554
26766,10.712034
26767,-12.176629
26768,-27.669182
26769,-33.610821
26770,-14.095862
26771,28.236492
26772,67.553276
26773,52.706993
26774,16.624218
26775,-7.805182
26776,-42.281036
26777,-66.535027
26778,-76.560722
26779,-58.920429
26780,0.045218
26781,0.028083
26782,0.007648
26783,-0.048070
26784,-0.057487
26785,-0.014694
26786,-0.019567
26787,0.051333
26788,0.053264
26789,0.018400
26790,-0.024796
26791,-0.054409
26792,-0.024027
26793,-0.024379
26794,-0.003674
26795,0.075907
26796,0.050750
26797,0.033618
26798,0.025780
26799,0.002313
26800,-0.029058
26801,-0.041186
26802,0.022277
26803,0.034927
26804,0.045701
26805,-0.006961
26806,-0.056211
26807,-0.075073
26808,-0.110123
26809,-0.073531
26810,-0.024855
26811,-0.013834
26812,0.054443
26813,0.097475
26814,0.089104
26815,0.072400
26816,0.032580
26817,0.023137
26818,0.038506
26819,0.021226
26820,-0.009247
26821,-0.072669
26822,-0.114356
26823,-0.114972
26824,-0.083830
26825,0.002674
26826,0.067532
26827,0.069353
26828,0.038009
26829,0.037787
26830,539.117371
26831,525.996765
26832,6.701003
26833,347.992859
26834,-55.071770
26835,-54.138466
26836,-24.242613
26837,17.257755
26838,47.158585
26839,48.953442
26840,25.968912
26841,-10.520644
26842,-39.396442
26843,-43.740421
26844,-2.793108
26845,25.797209
26846,34.833336
26847,15.376515
26848,2.459010
26849,-11.208816
26850,-17.864899
26851,-16.835825
26852,8.651484
26853,23.398241
26854,11.431366
26855,0.659075
26856,-21.722239
26857,-27.125931
26858,-9.253631
26859,-7.402655
26860,-11.571424
26861,1.181944
26862,-0.067818
26863,-0.075634
26864,-0.015271
26865,-0.010983
26866,0.039202
26867,0.051751
26868,0.047795
26869,0.063741
26870,0.028625
26871,0.000448
26872,-0.015412
26873,-0.018980
26874,-0.015842
26875,-0.020135
26876,-0.036789
26877,-0.069990
26878,-0.050605
26879,-0.030965
26880,0.021216
26881,0.075740
26882,0.063574
26883,0.002864
26884,-0.000074
26885,0.020972
26886,0.015469
26887,0.021663
26888,-0.040667
26889,-0.072843
26890,-0.017433
26891,-0.012881
26892,0.018176
26893,0.023428
26894,-0.013207
26895,0.036574
26896,-0.013452
26897,-0.006134
26898,0.004972
26899,-0.045273
26900,-0.030214
26901,-0.032057
26902,0.019454
26903,0.064448
26904,0.051817
26905,0.035582
26906,0.028106
26907,0.007647
26908,-0.056207
26909,-0.046507
26910,0.014690
26911,0.026498
26912,0.054571
26913,-0.001862
26914,-0.041330
26915,-0.024860
26916,0.005203
26917,-0.000825
26918,0.005103
26919,-0.054533
26920,-0.071528
26921,-0.009858
26922,-0.006625
26923,0.045667
26924,0.055169
26925,0.037916
26926,-0.016356
26927,0.007201
26928,0.001528
26929,0.002176
26930,-0.035940
26931,-0.068706
26932,-0.014755
26933,0.055058
26934,0.085353
26935,0.031943
26936,0.002897
26937,-0.053564
26938,-0.045908
26939,-0.001042
26940,-0.020809
26941,-0.044455
26942,-0.004057
26943,0.023072
26944,0.040278
26945,0.007954
26946,0.046165
26947,0.026349
26948,0.017540
26949,0.034975
26950,-0.021388
26951,-0.021563
26952,-0.023747
26953,-0.082290
26954,-0.048581
26955,-0.007308
26956,0.030852
26957,0.044742
26958,0.023116
26959,0.016377
26960,-0.022448
26961,-0.043794
26962,-0.014157
26963,0.016287
26964,0.012447
26965,0.017473
26966,0.040307
26967,0.003063
26968,0.008742
26969,-0.035853
26970,-0.056655
26971,0.003950
26972,0.051154
26973,0.082419
26974,0.075630
26975,0.013890
26976,-0.035174
26977,-0.080468
26978,-0.062999
26979,-0.059801
26980,-0.073067
26981,-0.012483
26982,0.026036
26983,0.038428
26984,0.082439
26985,0.046182
26986,0.034498
26987,0.032860
26988,-0.001490
26989,0.003173
26990,-0.016209
26991,-0.065360
26992,-0.013790
26993,-0.001934
26994,0.005554
26995,0.028596
26996,-0.027581
26997,-0.016244
26998,-0.001400
26999,-0.044852
27000,-0.016003
27001,0.032605
27002,-0.018628
27003,-0.019206
27004,0.015143
27005,0.051028
27006,0.016964
27007,-0.002260
27008,-0.010739
27009,-0.049937
27010,-0.005290
27011,-0.004231
27012,-0.025231
27013,-0.015720
27014,-0.056155
27015,-0.073135
27016,0.043426
27017,0.099456
27018,0.102981
27019,0.099997
27020,0.015859
27021,-0.052960
27022,-0.045413
27023,-0.077133
27024,-0.027154
27025,-0.033047
27026,-0.062577
27027,-0.056238
27028,-0.030591
27029,0.029469
27030,0.113875
27031,0.135479
27032,0.084236
27033,0.006120
27034,-0.050823
27035,-0.069451
27036,-0.074186
27037,-0.026479
27038,0.003405
27039,-0.019484
27040,-0.003733
27041,0.029217
27042,-0.001565
27043,0.074960
27044,0.071360
27045,0.080250
27046,0.009646
27047,-0.029879
27048,-0.035418
27049,-0.074252
27050,-0.065361
27051,-0.030486
27052,-0.033970
27053,-0.046912
27054,-0.009189
27055,0.020176
27056,0.071979
27057,0.084201
27058,0.029942
27059,-0.013666
27060,-0.039095
27061,-0.047569
27062,-0.017458
27063,-0.038141
27064,-0.022641
27065,0.020849
27066,0.012291
27067,0.045404
27068,0.035038
27069,0.031290
27070,0.032455
27071,0.030878
27072,-0.004750
27073,-0.028232
27074,-0.030210
27075,-0.012108
27076,-0.007460
27077,-0.005147
27078,-0.018282
27079,-0.043542
27080,-0.023301
27081,-0.049769
27082,-0.044822
27083,-0.013163
27084,-0.000056
27085,-0.004484
27086,0.023422
27087,0.074960
27088,0.068609
27089,0.066053
27090,0.036990
27091,-0.001030
27092,-0.000049
27093,0.003332
27094,-0.004758
27095,-0.031927
27096,-0.003480
27097,-0.002424
27098,-0.059748
27099,-0.041784
27100,0.005947
27101,0.034860
27102,0.003534
27103,-0.020266
27104,0.004576
27105,0.037320
27106,0.028623
27107,-0.046487
27108,-0.079971
27109,-0.046741
27110,-0.008861
27111,0.055905
27112,0.036255
27113,-0.027947
27114,-0.040245
27115,-0.007932
27116,-0.002959
27117,-0.021063
27118,-0.025438
27119,0.006118
27120,0.003328
27121,-0.003407
27122,0.007332
27123,0.009155
27124,0.008488
27125,-0.004285
27126,-0.029127
27127,-0.002979
27128,0.012402
27129,-0.021281
27130,-0.021183
27131,-0.035630
27132,0.010904
27133,0.069516
27134,0.058474
27135,0.028743
27136,0.011113
27137,-0.037291
27138,-0.052370
27139,-0.038359
27140,-0.030870
27141,0.007237
27142,-0.018967
27143,-0.056199
27144,-0.012685
27145,0.013114
27146,0.016286
27147,0.050116
27148,0.080660
27149,0.041882
27150,0.011540
27151,-0.023981
27152,-0.036037
27153,-0.049774
27154,-0.035341
27155,0.013117
27156,-0.004216
27157,-0.022314
27158,0.002237
27159,-0.008644
27160,-0.021517
27161,-0.027332
27162,0.006485
27163,0.029162
27164,0.025532
27165,0.062090
27166,0.044303
27167,0.013023
27168,0.026221
27169,-0.005393
27170,0.006136
27171,-0.016915
27172,-0.065306
27173,-0.050677
27174,-0.032328
27175,0.015949
27176,0.027914
27177,-0.006138
27178,-0.057648
27179,-0.061335
27180,0.029691
27181,0.066363
27182,0.030520
27183,0.016043
27184,-0.015902
27185,0.006127
27186,0.043409
27187,0.035823
27188,-0.046400
27189,-0.067996
27190,-0.059765
27191,-0.021166
27192,0.045694
27193,0.088043
27194,0.074473
27195,0.025235
27196,-0.052545
27197,-0.038913
27198,-0.002837
27199,-0.022239
27200,0.019896
27201,0.007986
27202,-0.019744
27203,-0.038804
27204,-0.004502
27205,0.024832
27206,0.045206
27207,0.009878
27208,0.006549
27209,0.008587
27210,-0.056955
27211,-0.078634
27212,-0.036564
27213,-0.027482
27214,0.012930
27215,0.011456
27216,-0.011196
27217,0.018449
27218,0.043072
27219,0.002411
27220,-0.001102
27221,-0.006358
27222,-0.022144
27223,-0.006722
27224,-0.025430
27225,-0.019718
27226,0.025420
27227,0.012281
27228,0.011364
27229,0.029376
27230,0.014041
27231,-0.024479
27232,-0.006444
27233,0.028813
27234,0.001882
27235,-0.071591
27236,-0.073757
27237,-0.032356
27238,0.021242
27239,0.034251
27240,0.049832
27241,-0.004533
27242,0.015308
27243,0.033971
27244,-0.031330
27245,0.003323
27246,0.022153
27247,-0.001922
27248,0.006481
27249,-0.000164
27250,-0.034504
27251,-0.105776
27252,-0.099183
27253,-0.034070
27254,0.037545
27255,0.093078
27256,0.110807
27257,0.079265
27258,0.027432
27259,-0.036073
27260,-0.067868
27261,-0.060616
27262,-0.008897
27263,0.021580
27264,0.015390
27265,-0.039002
27266,-0.101304
27267,-0.035598
27268,0.054344
27269,0.090354
27270,0.096426
27271,0.056490
27272,0.013465
27273,-0.027568
27274,-0.062966
27275,-0.078042
27276,-0.040713
27277,0.039196
27278,0.034915
27279,-0.021706
27280,0.024114
27281,0.040314
27282,-0.027705
27283,-0.028382
27284,0.000341
27285,-0.054722
27286,-0.002375
27287,0.005036
27288,-0.027936
27289,-0.014526
27290,0.001645
27291,0.069632
27292,0.087248
27293,0.038915
27294,0.009642
27295,-0.038242
27296,-0.113575
27297,-0.092177
27298,-0.064525
27299,0.004928
27300,0.046223
27301,-0.008960
27302,0.052364
27303,0.058359
27304,-0.010709
27305,-0.034639
27306,-0.023390
27307,0.017274
27308,0.019388
27309,0.024685
27310,0.035471
27311,-0.060930
27312,-0.030221
27313,0.003345
27314,0.013614
27315,-0.001340
27316,-0.064744
27317,-0.063875
27318,-0.065920
27319,-0.034847
27320,-0.026972
27321,0.062077
27322,0.054959
27323,0.053609
27324,0.006508
27325,-0.074835
27326,0.014535
27327,0.054739
27328,0.075657
27329,0.072958
27330,0.035526
27331,-0.027714
27332,-0.064701
27333,-0.021258
27334,0.010303
27335,0.004350
27336,-0.022660
27337,-0.042241
27338,-0.055569
27339,-0.045360
27340,-0.078130
27341,-0.089241
27342,-0.015624
27343,0.003737
27344,0.018799
27345,0.061808
27346,0.100701
27347,0.093306
27348,0.088104
27349,0.047041
27350,0.019468
27351,0.022579
27352,-0.008318
27353,-0.046071
27354,-0.049132
27355,-0.089112
27356,-0.096809
27357,-0.026435
27358,-0.012388
27359,-0.029899
27360,-0.033658
27361,0.003153
27362,0.067332
27363,0.091824
27364,0.069928
27365,0.103764
27366,0.089144
27367,-0.040820
27368,-0.110348
27369,-0.159216
27370,-0.091080
27371,0.032788
27372,0.046445
27373,0.053060
27374,-0.006888
27375,-0.006795
27376,0.012170
27377,-0.010173
27378,-0.005833
27379,0.037954
27380,0.004311
27381,-0.031516
27382,0.014083
27383,0.011302
27384,0.004090
27385,-0.020458
27386,-0.007137
27387,0.013772
27388,0.017939
27389,0.030813
27390,0.002637
27391,0.022223
27392,-0.004660
27393,-0.024787
27394,-0.033063
27395,-0.067873
27396,-0.037208
27397,-0.001561
27398,0.059293
27399,0.091586
27400,0.059497
27401,0.020112
27402,-0.052381
27403,-0.103532
27404,-0.088771
27405,-0.030382
27406,-0.055157
27407,0.058557
27408,0.123426
27409,0.108594
27410,0.053826
27411,0.041702
27412,0.062739
27413,0.036688
27414,0.014333
27415,-0.010200
27416,-0.005984
27417,-0.014853
27418,-0.030398
27419,-0.002153
27420,0.048098
27421,0.076180
27422,0.031550
27423,0.010998
27424,0.003935
27425,-0.017076
27426,-0.071483
27427,-0.057417
27428,-0.046653
27429,-0.026068
27430,0.025114
27431,0.036736
27432,-0.028467
27433,0.009587
27434,0.022333
27435,-0.012318
27436,0.038206
27437,0.080572
27438,0.016728
27439,-0.024373
27440,-0.077742
27441,-0.065513
27442,0.033386
27443,0.025480
27444,0.025064
27445,0.052515
27446,0.030126
27447,0.009277
27448,-0.000979
27449,-0.082247
27450,-0.085480
27451,-0.040995
27452,-0.020346
27453,-0.006481
27454,-0.025131
27455,0.013326
27456,0.052977
27457,0.050527
27458,0.018892
27459,-0.003358
27460,-0.028480
27461,-0.039575
27462,-0.042920
27463,0.013255
27464,0.047524
27465,0.048767
27466,0.019622
27467,-0.016870
27468,-0.019487
27469,-0.013521
27470,-0.003257
27471,-0.014713
27472,0.018176
27473,0.003005
27474,0.049788
27475,0.067747
27476,-0.004883
27477,-0.023664
27478,-0.001679
27479,-0.014666
27480,0.015711
27481,0.017782
27482,-0.041855
27483,-0.056253
27484,-0.084922
27485,-0.087663
27486,-0.043958
27487,-0.001729
27488,0.099412
27489,0.093593
27490,0.030262
27491,-0.030914
27492,0.000222
27493,-0.058473
27494,-0.038381
27495,0.017770
27496,0.014902
27497,0.043248
27498,0.074021
27499,0.098832
27500,0.054053
27501,-0.003429
27502,-0.027230
27503,-0.012592
27504,-0.104690
27505,-0.124084
27506,-0.052967
27507,-0.001108
27508,0.038788
27509,0.045477
27510,0.009425
27511,0.046052
27512,0.000267
27513,-0.069079
27514,-0.022643
27515,-0.057021
27516,-0.031364
27517,0.079443
27518,0.086778
27519,0.038456
27520,0.020278
27521,0.054878
27522,0.024184
27523,-0.031063
27524,-0.058280
27525,-0.079846
27526,-0.060178
27527,0.003238
27528,0.031106
27529,0.055458
27530,0.019933
27531,0.012362
27532,-0.054179
27533,-0.099136
27534,-0.060786
27535,-0.016851
27536,0.022170
27537,0.044653
27538,0.077729
27539,0.078737
27540,0.028581
27541,0.033848
27542,-0.005865
27543,-0.028652
27544,-0.038575
27545,-0.019370
27546,-0.030055
27547,-0.051400
27548,-0.054756
27549,-0.004143
27550,0.021862
27551,0.021409
27552,0.047398
27553,0.061967
27554,0.131004
27555,0.047818
27556,-0.057626
27557,-0.089774
27558,-0.152140
27559,-0.130528
27560,-0.055149
27561,-0.042711
27562,-0.027846
27563,-0.002062
27564,0.092906
27565,0.110471
27566,0.090970
27567,0.049214
27568,-0.031014
27569,-0.089685
27570,-0.057880
27571,-0.080735
27572,-0.037484
27573,-0.012662
27574,0.016978
27575,-0.044379
27576,-0.064481
27577,-0.036311
27578,0.036453
27579,0.091408
27580,0.080113
27581,0.016693
27582,-0.024124
27583,-0.060741
27584,-0.025230
27585,-0.006320
27586,-0.005230
27587,0.031736
27588,0.015617
27589,-0.021925
27590,-0.015715
27591,-0.001927
27592,0.044201
27593,0.021276
27594,-0.015493
27595,0.015544
27596,-0.009260
27597,-0.010681
27598,0.034511
27599,0.051260
27600,0.028037
27601,-0.016345
27602,-0.066592
27603,-0.055634
27604,-0.041854
27605,-0.016723
27606,0.011212
27607,0.021374
27608,0.033204
27609,0.034162
27610,0.047228
27611,-0.020946
27612,0.018554
27613,0.040179
27614,-0.000111
27615,0.023058
27616,-0.000822
27617,-0.005301
27618,-0.037537
27619,-0.024394
27620,-0.010856
27621,-0.004035
27622,0.018679
27623,0.075698
27624,0.079410
27625,0.020787
27626,-0.005324
27627,-0.012608
27628,0.012311
27629,-0.017087
27630,0.000102
27631,-0.008596
27632,-0.057068
27633,-0.053506
27634,-0.024455
27635,-0.051178
27636,-0.088041
27637,-0.001316
27638,0.044888
27639,0.029928
27640,0.014087
27641,0.007609
27642,0.001929
27643,0.042666
27644,0.066127
27645,0.057379
27646,0.020967
27647,-0.017005
27648,-0.051156
27649,-0.103521
27650,-0.077492
27651,-0.015717
27652,0.003590
27653,0.005011
27654,0.027507
27655,0.058419
27656,0.066916
27657,0.036807
27658,0.039694
27659,-0.004781
27660,-0.090568
27661,-0.057121
27662,-0.003939
27663,0.052698
27664,0.043459
27665,-0.042681
27666,-0.039160
27667,-0.051097
27668,-0.033701
27669,0.018721
27670,0.015252
27671,0.034243
27672,0.037208
27673,0.085456
27674,0.105888
27675,0.045248
27676,-0.015624
27677,-0.044756
27678,-0.074450
27679,-0.090262
27680,-0.058369
27681,-0.007713
27682,0.036243
27683,0.055784
27684,0.044411
27685,0.008108
27686,-0.038969
27687,-0.054275
27688,-0.027744
27689,-0.000195
27690,-0.008643
27691,-0.003702
27692,0.014557
27693,-0.001524
27694,0.029643
27695,-0.013390
27696,-0.013660
27697,0.003375
27698,0.049317
27699,0.045136
27700,0.011705
27701,-0.045276
27702,-0.017142
27703,-0.014916
27704,0.007700
27705,-0.021459
27706,-0.020667
27707,-0.019309
27708,0.002403
27709,0.039517
27710,-0.004873
27711,-0.027368
27712,-0.020209
27713,-0.072589
27714,-0.047905
27715,0.004788
27716,-0.004684
27717,0.012247
27718,0.064028
27719,0.044996
27720,0.042366
27721,0.026795
27722,-0.047693
27723,-0.016585
27724,0.011888
27725,0.002865
27726,0.056916
27727,0.042176
27728,0.036644
27729,0.030005
27730,-0.017538
27731,-0.024247
27732,-0.027680
27733,-0.064220
27734,-0.059499
27735,-0.044760
27736,-0.022559
27737,-0.017949
27738,0.007072
27739,0.063428
27740,0.066902
27741,0.039483
27742,0.077525
27743,0.036391
27744,-0.050658
27745,-0.046035
27746,-0.020290
27747,-0.026613
27748,-0.074859
27749,-0.083678
27750,0.008916
27751,0.007478
27752,-0.012622
27753,0.021588
27754,-0.004963
27755,-0.033774
27756,0.023966
27757,0.037862
27758,0.023395
27759,0.013876
27760,0.035674
27761,-0.009716
27762,-0.044521
27763,-0.021228
27764,-0.015778
27765,-0.011983
27766,-0.000252
27767,0.027748
27768,0.027487
27769,0.032619
27770,0.013696
27771,0.003578
27772,-0.015895
27773,-0.017320
27774,-0.002483
27775,-0.008874
27776,0.016225
27777,0.024670
27778,-0.005596
27779,-0.008444
27780,-0.021939
27781,-0.055962
27782,0.000633
27783,0.025836
27784,0.031360
27785,0.039348
27786,0.039938
27787,0.055346
27788,0.047264
27789,-0.020277
27790,-0.088640
27791,-0.126997
27792,-0.125591
27793,-0.051190
27794,0.008611
27795,0.073272
27796,0.129787
27797,0.083214
27798,0.048529
27799,-0.024766
27800,-0.015068
27801,-0.023360
27802,0.002746
27803,0.035508
27804,0.019706
27805,-0.051440
27806,-0.079746
27807,-0.064369
27808,-0.056253
27809,-0.045635
27810,-0.001183
27811,0.088972
27812,0.150390
27813,0.075778
27814,-0.000379
27815,-0.050395
27816,-0.092414
27817,-0.082412
27818,-0.009524
27819,0.033552
27820,0.041473
27821,0.033815
27822,0.019875
27823,0.020669
27824,-0.042603
27825,-0.028792
27826,0.010016
27827,-0.000778
27828,-0.029310
27829,-0.017308
27830,0.023244
27831,0.009716
27832,0.031019
27833,0.000052
27834,-0.030494
27835,-0.065418
27836,-0.072461
27837,0.004720
27838,0.027149
27839,0.056055
27840,0.067424
27841,0.047111
27842,0.002852
27843,-0.060056
27844,-0.102386
27845,-0.076051
27846,0.028175
27847,0.060976
27848,0.098918
27849,0.096748
27850,0.032654
27851,-0.033818
27852,-0.049512
27853,-0.080027
27854,-0.053636
27855,-0.017349
27856,-0.038019
27857,-0.043075
27858,0.010848
27859,0.034101
27860,-0.030050
27861,-0.027298
27862,0.021855
27863,0.031507
27864,0.048477
27865,0.087459
27866,0.083440
27867,-0.002989
27868,-0.030740
27869,-0.021301
27870,-0.033738
27871,-0.016449
27872,0.015628
27873,0.031839
27874,0.012247
27875,-0.033088
27876,-0.052118
27877,-0.049978
27878,-0.061727
27879,-0.044819
27880,0.024350
27881,0.055180
27882,0.023020
27883,0.065687
27884,0.108506
27885,0.055912
27886,0.023502
27887,-0.033506
27888,-0.062626
27889,-0.047028
27890,-0.035440
27891,-0.023388
27892,-0.026413
27893,-0.031653
27894,0.029779
27895,0.032437
27896,-0.024100
27897,-0.018665
27898,-0.016073
27899,-0.049975
27900,0.019492
27901,0.024713
27902,-0.001235
27903,0.017881
27904,0.023101
27905,0.002963
27906,0.010403
27907,0.006654
27908,0.048954
27909,0.041003
27910,0.016243
27911,-0.050503
27912,-0.014943
27913,0.015217
27914,0.000621
27915,0.032198
27916,0.089544
27917,0.065384
27918,0.035265
27919,0.017364
27920,0.006916
27921,-0.005047
27922,-0.038743
27923,-0.010701
27924,-0.025141
27925,-0.041650
27926,-0.044880
27927,-0.034624
27928,-0.003971
27929,-0.011756
27930,0.031066
27931,0.095358
27932,0.100737
27933,0.072950
27934,0.008064
27935,-0.086702
27936,-0.084066
27937,-0.054741
27938,-0.014826
27939,-0.068167
27940,-0.041369
27941,0.040905
27942,0.062380
27943,0.053914
27944,0.043050
27945,-0.004712
27946,-0.048852
27947,-0.035764
27948,-0.012177
27949,0.007413
27950,0.009379
27951,-0.004316
27952,-0.014112
27953,-0.026721
27954,-0.015145
27955,-0.000877
27956,-0.001721
27957,-0.002865
27958,0.006778
27959,0.056996
27960,0.045178
27961,421.054321
27962,928.641296
27963,71.782104
27964,883.190979
27965,1615.027222
27966,0.117110
27967,-16.660128
27968,2.244791
27969,17.791979
27970,5.480892
27971,-5.212809
27972,-13.004298
27973,5.848238
27974,8.393291
27975,-5.523538
27976,10.725698
27977,-3.067621
27978,-30.381664
27979,-53.423824
27980,-44.842697
27981,-2.800956
27982,23.258263
27983,48.297470
27984,35.772812
27985,24.910244
27986,-3.424304
27987,-33.991634
27988,-40.088474
27989,-17.713539
27990,25.062618
27991,51.656204
27992,47.655788
27993,25.463388
27994,-11.961122
27995,-35.795746
27996,-0.010190
27997,-0.057369
27998,-0.069321
27999,-0.023544
28000,0.063182
28001,0.055849
28002,0.038680
28003,0.007449
28004,-0.004171
28005,0.012997
28006,0.048102
28007,0.023477
28008,0.018777
28009,-0.013540
28010,-0.059424
28011,-0.054303
28012,-0.078799
28013,-0.048060
28014,-0.043566
28015,-0.005917
28016,0.042436
28017,0.039865
28018,0.002017
28019,0.047277
28020,0.089393
28021,0.002869
28022,-0.037029
28023,-0.068096
28024,-0.067535
28025,-0.009469
28026,0.056888
28027,0.054450
28028,0.020446
28029,0.027044
28030,0.010015
28031,0.024961
28032,-0.011340
28033,-0.023466
28034,-0.016580
28035,-0.027330
28036,-0.007166
28037,-0.036398
28038,-0.050582
28039,-0.047123
28040,-0.049454
28041,-0.016045
28042,0.014943
28043,0.079022
28044,0.089836
28045,0.045236
28046,0.032820
28047,-0.007021
28048,-0.072645
28049,-0.063638
28050,-0.000043
28051,0.000619
28052,0.009328
28053,0.058129
28054,0.033479
28055,-0.022443
28056,0.001372
28057,-0.007954
28058,-0.055067
28059,-0.031519
28060,0.050305
28061,0.096203
28062,0.037415
28063,-0.015487
28064,-0.031720
28065,-0.003335
28066,-0.008758
28067,-0.008412
28068,-0.054605
28069,-0.104535
28070,-0.110101
28071,-0.044363
28072,0.074207
28073,0.086584
28074,0.068310
28075,0.067176
28076,0.024220
28077,-0.018484
28078,-0.036989
28079,-0.034175
28080,-0.037692
28081,0.001698
28082,0.051796
28083,0.069084
28084,0.018440
28085,-0.026394
28086,-0.043290
28087,-0.066957
28088,-0.009159
28089,0.009805
28090,0.026876
28091,0.063689
28092,0.078807
28093,0.027576
28094,-0.035606
28095,-0.065580
28096,0.006024
28097,0.039099
28098,0.031039
28099,-0.001989
28100,-0.005624
28101,-0.067647
28102,-0.063985
28103,-0.018074
28104,0.019790
28105,0.031280
28106,0.006420
28107,-0.015018
28108,0.011599
28109,0.032025
28110,0.013749
28111,-0.021462
28112,-0.045485
28113,-0.020968
28114,0.048598
28115,0.072476
28116,0.058006
28117,0.010083
28118,-0.033429
28119,-0.038769
28120,-0.020537
28121,0.007746
28122,0.027045
28123,0.037103
28124,-0.005830
28125,-0.103267
28126,-0.103607
28127,-0.063494
28128,-0.041343
28129,0.029642
28130,0.024988
28131,0.035969
28132,0.036335
28133,0.029290
28134,-0.003227
28135,-0.010363
28136,0.007849
28137,0.008830
28138,0.048376
28139,0.052867
28140,0.006557
28141,-0.018959
28142,-0.085209
28143,-0.067400
28144,-0.046593
28145,0.001786
28146,0.009646
28147,0.044720
28148,0.023908
28149,0.014603
28150,-0.013833
28151,-0.075902
28152,0.019286
28153,0.086876
28154,0.074746
28155,0.036183
28156,0.032040
28157,0.040970
28158,-0.010745
28159,-0.041685
28160,-0.062883
28161,-0.069765
28162,-0.082893
28163,-0.061559
28164,0.049621
28165,0.040005
28166,0.050458
28167,0.008502
28168,-0.070539
28169,-0.078224
28170,-0.055334
28171,0.006809
28172,0.080906
28173,0.121450
28174,0.096660
28175,0.016021
28176,-0.016686
28177,-0.025196
28178,-0.073242
28179,-0.070145
28180,-0.009415
28181,0.020997
28182,-0.012370
28183,-0.047874
28184,-0.026209
28185,0.040047
28186,0.041448
28187,0.006878
28188,-0.009269
28189,-0.015036
28190,-0.005748
28191,-0.014553
28192,0.032865
28193,0.059041
28194,0.062264
28195,-0.001511
28196,-0.028361
28197,-0.049829
28198,0.011777
28199,0.035849
28200,0.014187
28201,0.024491
28202,0.020947
28203,-0.019902
28204,-0.057373
28205,-0.048990
28206,-0.011866
28207,0.007258
28208,-0.010400
28209,0.003391
28210,0.008655
28211,-0.038608
28212,-0.074394
28213,-0.040633
28214,0.007019
28215,-0.029138
28216,0.014920
28217,0.032263
28218,0.063475
28219,0.092765
28220,0.038540
28221,0.020861
28222,-0.008707
28223,-0.055804
28224,-0.010152
28225,-0.004809
28226,-0.026340
28227,-0.057186
28228,-0.012497
28229,-0.053578
28230,-0.021654
28231,-0.007722
28232,0.033043
28233,0.085506
28234,0.104729
28235,0.037523
28236,-0.005961
28237,-0.008616
28238,0.017061
28239,0.044503
28240,0.029277
28241,-0.013532
28242,-0.025086
28243,-0.063744
28244,-0.029858
28245,-0.010023
28246,-0.057568
28247,-0.016535
28248,-0.040557
28249,-0.024438
28250,0.028030
28251,0.046425
28252,0.029122
28253,-0.032373
28254,-0.042663
28255,0.006371
28256,-0.014368
28257,0.006191
28258,0.064295
28259,0.055847
28260,0.021484
28261,0.006207
28262,0.010456
28263,0.014578
28264,-0.017924
28265,-0.018503
28266,-0.023345
28267,-0.008706
28268,0.004671
28269,-0.026706
28270,-0.045824
28271,-0.023776
28272,-0.048945
28273,-0.042454
28274,-0.023091
28275,-0.003967
28276,0.055598
28277,0.104571
28278,0.071286
28279,0.023803
28280,0.002012
28281,-0.047647
28282,-0.011680
28283,-0.001431
28284,-0.008736
28285,-0.025170
28286,-0.059932
28287,-0.054902
28288,0.009287
28289,-0.000530
28290,0.055925
28291,0.032351
28292,0.012793
28293,0.018020
28294,0.019757
28295,0.043815
28296,650.871033
28297,571.810791
28298,8.129545
28299,188.243042
28300,27.186571
28301,23.194069
28302,10.989952
28303,-22.795788
28304,-35.799610
28305,-24.089413
28306,-14.953913
28307,-16.746239
28308,-12.673220
28309,-9.388737
28310,1.468184
28311,16.056450
28312,36.285511
28313,53.366505
28314,53.054104
28315,13.193113
28316,-11.743565
28317,-30.387436
28318,-28.443800
28319,-33.856812
28320,-34.910618
28321,-36.963936
28322,-18.473398
28323,-11.299057
28324,9.926769
28325,47.874245
28326,53.501354
28327,48.784714
28328,22.439585
28329,-19.922813
28330,-41.771290
28331,-31.414890
28332,-17.643358
28333,-0.508328
28334,13.745984
28335,21.229120
28336,26.150702
28337,27.610804
28338,2.532430
28339,-31.176796
28340,-40.494270
28341,-35.499920
28342,-21.355001
28343,7.371841
28344,22.372271
28345,33.787910
28346,16.798914
28347,0.468346
28348,-21.100445
28349,-4.544880
28350,-0.006284
28351,-0.049619
28352,-0.016328
28353,-0.009961
28354,0.010510
28355,-0.001466
28356,-0.002882
28357,-0.003665
28358,-0.013273
28359,-0.031072
28360,-0.050967
28361,-0.068922
28362,0.045331
28363,0.067673
28364,0.070101
28365,0.097204
28366,0.041523
28367,-0.006180
28368,-0.016598
28369,-0.054918
28370,-0.038342
28371,-0.024358
28372,-0.000200
28373,0.002152
28374,0.001885
28375,-0.034818
28376,-0.060020
28377,-0.025236
28378,-0.018570
28379,-0.038807
28380,0.019760
28381,0.005314
28382,0.007286
28383,-0.017451
28384,0.013410
28385,0.010445
28386,0.033859
28387,0.004397
28388,0.001348
28389,0.020790
28390,0.011575
28391,0.026816
28392,-0.007746
28393,-0.051367
28394,-0.035336
28395,0.004608
28396,0.063929
28397,0.073505
28398,0.005271
28399,0.004566
28400,0.011700
28401,0.016987
28402,0.026427
28403,-0.032837
28404,-0.035184
28405,-0.027958
28406,-0.099878
28407,-0.098437
28408,-0.052479
28409,0.009118
28410,0.060204
28411,0.038540
28412,0.048582
28413,0.013632
28414,0.011334
28415,0.042007
28416,0.004612
28417,0.011332
28418,0.024265
28419,0.021042
28420,-0.002118
28421,-0.011380
28422,-0.032234
28423,-0.041620
28424,-0.058192
28425,-0.067135
28426,-0.030718
28427,0.025889
28428,0.072447
28429,0.044038
28430,0.054796
28431,-0.001379
28432,-0.008643
28433,-0.030802
28434,-0.013391
28435,0.013924
28436,-0.081216
28437,-0.048530
28438,0.044159
28439,0.018904
28440,0.026273
28441,0.010581
28442,0.009875
28443,-0.006156
28444,-0.000735
28445,0.052356
28446,0.053074
28447,0.052018
28448,-0.001874
28449,-0.054504
28450,0.022146
28451,-0.016343
28452,-0.002136
28453,0.001650
28454,0.033313
28455,-0.048565
28456,-0.044101
28457,-0.001285
28458,-0.084909
28459,-0.040948
28460,0.036955
28461,0.032462
28462,0.043134
28463,0.056005
28464,0.000456
28465,-0.028062
28466,-0.005338
28467,0.019237
28468,0.049423
28469,0.010765
28470,-0.060878
28471,-0.039070
28472,0.023043
28473,0.033149
28474,0.034055
28475,0.018937
28476,-0.022431
28477,-0.091972
28478,-0.091775
28479,-0.031117
28480,0.031596
28481,0.056376
28482,0.085344
28483,0.056286
28484,0.020663
28485,-0.037002
28486,-0.069158
28487,-0.035066
28488,-0.056717
28489,-0.059616
28490,-0.048063
28491,-0.032590
28492,0.043879
28493,0.048764
28494,0.070726
28495,0.062188
28496,0.079942
28497,0.067294
28498,0.004112
28499,-0.022165
28500,-0.043900
28501,-0.061184
28502,-0.022416
28503,-0.005440
28504,-0.006690
28505,0.013028
28506,0.048318
28507,0.012410
28508,-0.037525
28509,-0.046171
28510,-0.038191
28511,-0.060826
28512,-0.054575
28513,-0.018203
28514,0.035055
28515,0.117761
28516,0.069723
28517,0.017286
28518,0.004244
28519,-0.051803
28520,-0.028489
28521,-0.025466
28522,0.025449
28523,0.017281
28524,0.051294
28525,0.027331
28526,-0.027194
28527,-0.009305
28528,-0.049051
28529,-0.034338
28530,-0.073910
28531,-0.050653
28532,-0.014556
28533,-0.006620
28534,0.039419
28535,0.063689
28536,0.025270
28537,-0.004137
28538,0.003787
28539,-0.012060
28540,-0.006082
28541,0.001350
28542,-0.007278
28543,0.050446
28544,0.050171
28545,-0.005365
28546,-0.020627
28547,-0.049707
28548,-0.021376
28549,-0.013670
28550,-0.020648
28551,-0.045037
28552,-0.031855
28553,0.036204
28554,0.107628
28555,0.041313
28556,0.019750
28557,0.016077
28558,-0.016378
28559,-0.023122
28560,-0.003781
28561,-0.060232
28562,-0.048962
28563,-0.048132
28564,-0.020057
28565,0.013215
28566,0.001917
28567,0.024136
28568,0.064969
28569,0.031507
28570,0.029121
28571,0.047875
28572,0.029971
28573,-0.018120
28574,-0.059139
28575,-0.081385
28576,-0.050916
28577,-0.066530
28578,-0.074627
28579,0.002293
28580,0.032826
28581,0.061211
28582,0.065525
28583,0.046484
28584,0.011927
28585,0.002655
28586,-0.024396
28587,0.016840
28588,0.026703
28589,0.027636
28590,-0.027101
28591,-0.058345
28592,-0.017654
28593,-0.034219
28594,-0.023780
28595,0.018974
28596,0.049704
28597,0.038811
28598,0.066197
28599,0.045914
28600,674.045044
28601,581.311096
28602,8.425778
28603,167.228897
28604,-11.631495
28605,4.150578
28606,15.011498
28607,5.144423
28608,-9.456557
28609,-26.766495
28610,-36.303513
28611,-18.665379
28612,-10.655851
28613,-16.176888
28614,14.710465
28615,27.899042
28616,22.111874
28617,4.607416
28618,-3.482018
28619,-5.251264
28620,21.245367
28621,30.843784
28622,17.360495
28623,-17.536770
28624,-44.078163
28625,-43.049889
28626,-20.004593
28627,17.016766
28628,11.853287
28629,-3.865107
28630,-21.415285
28631,-18.695782
28632,-5.065217
28633,3.048014
28634,13.401109
28635,32.962364
28636,47.742813
28637,48.127274
28638,25.150393
28639,12.110309
28640,-2.549560
28641,-25.020937
28642,-50.213482
28643,-65.737221
28644,-46.447208
28645,-22.683393
28646,16.474026
28647,26.868998
28648,20.997269
28649,22.137827
28650,31.089212
28651,24.863977
28652,-12.358603
28653,-26.987820
28654,-112.753815
28655,0.008896
28656,1322.984741
28657,163.988190
28658,152.208084
28659,-2124.587646
28660,-870.783203
28661,-446.398682
28662,-1832.809570
28663,-83.383667
28664,-360.964996
28665,-641.905212
28666,-1702.458862
28667,879.113708
28668,-179.249008
28669,-1160.715210
28670,-1804.662476
28671,-923.001526
28672,-408.866516
28673,1304.922485
28674,-1856.641479
28675,-870.944092
28676,-2156.610107
28677,-167.373734
28678,919.438965
28679,1933.083496
28680,656.180542
28681,355.423676
28682,1066.501465
28683,-1605.108643
28684,1328.180420
28685,-398.477509
28686,430.689514
28687,-415.003448
28688,-704.680542
28689,1792.013306
28690,-2133.203125
28691,-1856.376221
28692,-1467.397095
28693,-1255.102051
28694,-856.826477
28695,930.301941
28696,1434.245239
28697,795.236572
28698,2425.287842
28699,1176.759644
28700,1261.919556
28701,-1502.355957
28702,432.220825
28703,-877.493835
28704,761.300964
28705,1953.024902
28706,1884.848145
28707,50.470139
28708,1280.128784
28709,130.783096
28710,8.526813
28711,-132.877670
28712,455.866852
28713,0.029155
28714,0.063351
28715,0.039284
28716,-0.032941
28717,-0.127325
28718,-0.136991
28719,-0.076451
28720,0.037712
28721,0.119716
28722,0.084759
28723,0.066364
28724,0.047468
28725,-0.012369
28726,-0.069992
28727,-0.056082
28728,-0.021862
28729,0.037598
28730,0.073054
28731,0.023637
28732,-0.031998
28733,-0.050819
28734,-0.013124
28735,0.030080
28736,0.031421
28737,-0.056902
28738,-0.149495
28739,-0.059652
28740,0.070868
28741,0.174913
28742,0.095646
28743,-0.050870
28744,-0.103026
28745,-0.028467
28746,-0.043341
28747,-0.018163
28748,0.017491
28749,-0.006705
28750,0.009146
28751,0.013821
28752,-0.034072
28753,0.017742
28754,0.034347
28755,0.023357
28756,0.046227
28757,0.008150
28758,-0.014212
28759,0.023308
28760,0.104920
28761,0.107452
28762,0.029654
28763,-0.092176
28764,-0.076658
28765,-0.014164
28766,0.041625
28767,0.060333
28768,0.074893
28769,0.047954
28770,0.052599
28771,0.027554
28772,-0.000399
28773,-0.022145
28774,-0.042459
28775,-0.061940
28776,-0.006531
28777,-0.006436
28778,-0.005387
28779,0.018601
28780,0.007356
28781,-0.014484
28782,-0.021648
28783,-0.063773
28784,-0.030744
28785,0.070287
28786,0.057163
28787,0.036828
28788,-0.042384
28789,-0.058791
28790,-0.061792
28791,-0.085391
28792,-0.005026
28793,0.074588
28794,0.044646
28795,0.031069
28796,0.015189
28797,0.018578
28798,0.008692
28799,-0.050396
28800,0.032700
28801,0.038163
28802,0.009296
28803,-0.009038
28804,-0.032340
28805,-0.029513
28806,-0.017362
28807,0.035352
28808,0.052442
28809,0.001806
28810,0.025534
28811,-0.026267
28812,-0.031970
28813,-0.020104
28814,-0.080977
28815,-0.058720
28816,-0.015106
28817,0.000647
28818,0.036699
28819,0.042002
28820,0.053389
28821,0.040251
28822,0.001280
28823,0.000561
28824,0.007433
28825,0.012097
28826,-0.000070
28827,-0.004874
28828,-0.006181
28829,-0.021323
28830,-0.045988
28831,-0.022134
28832,-0.043569
28833,0.007096
28834,0.040823
28835,0.021316
28836,0.025602
28837,0.006189
28838,0.047610
28839,0.045175
28840,-0.008611
28841,-0.015125
28842,-0.003489
28843,-0.019394
28844,-0.037046
28845,-0.047369
28846,-0.001111
28847,0.010482
28848,0.012432
28849,0.021786
28850,0.015937
28851,-0.020031
28852,-0.020837
28853,-0.037635
28854,-0.050345
28855,-0.016801
28856,0.003878
28857,0.025647
28858,0.025588
28859,0.032994
28860,-0.007662
28861,-0.048919
28862,-0.025667
28863,0.022505
28864,0.039234
28865,0.027414
28866,-0.046704
28867,-0.033086
28868,0.016676
28869,0.086694
28870,0.060624
28871,0.010516
28872,-0.027410
28873,-0.035725
28874,-0.053281
28875,-0.016187
28876,0.010195
28877,0.026989
28878,0.001765
28879,0.005393
28880,0.031090
28881,0.017424
28882,-0.005166
28883,-0.000858
28884,-0.001789
28885,0.026739
28886,-0.024170
28887,-0.024936
28888,0.038511
28889,-0.010548
28890,0.003445
28891,0.005827
28892,-0.038345
28893,-0.019830
28894,-0.004103
28895,0.036487
28896,0.088507
28897,0.014774
28898,-0.044445
28899,-0.064157
28900,-0.068881
28901,-0.065525
28902,-0.032156
28903,-0.045083
28904,0.021270
28905,0.110222
28906,0.079558
28907,0.060569
28908,0.034641
28909,0.007434
28910,-0.022431
28911,0.001415
28912,-0.012750
28913,0.002748
28914,0.008960
28915,-0.079592
28916,-0.025852
28917,-0.040555
28918,-0.069596
28919,-0.039153
28920,0.012277
28921,0.027361
28922,0.084340
28923,0.074709
28924,0.076794
28925,0.066381
28926,-0.010066
28927,-0.073526
28928,-0.045406
28929,-0.051134
28930,-0.071550
28931,-0.006761
28932,-0.008295
28933,0.029934
28934,0.010508
28935,-0.038419
28936,-0.006923
28937,0.059800
28938,0.042857
28939,-0.005056
28940,-0.037246
28941,-0.084590
28942,-0.069142
28943,-0.010874
28944,-0.003907
28945,0.019794
28946,0.044185
28947,0.077486
28948,0.047605
28949,0.015777
28950,-0.014885
28951,0.019248
28952,0.001705
28953,0.006169
28954,0.005454
28955,-0.012921
28956,0.035048
28957,0.012148
28958,-0.041537
28959,-0.063800
28960,-0.029429
28961,-0.002640
28962,0.001460
28963,0.007888
28964,0.025281
28965,0.029319
28966,0.044705
28967,0.047789
28968,0.011746
28969,0.007155
28970,-0.040582
28971,-0.078235
28972,-0.058849
28973,-0.052162
28974,-0.038318
28975,0.021084
28976,0.033097
28977,0.048608
28978,0.006338
28979,0.025274
28980,0.007614
28981,0.010794
28982,0.010557
28983,-0.013982
28984,0.010081
28985,0.021650
28986,-0.012025
28987,-0.004964
28988,-0.012654
28989,0.021286
28990,0.024577
28991,-0.016687
28992,-0.033559
28993,-0.027866
28994,-0.051124
28995,0.016829
28996,0.060277
28997,0.048145
28998,0.009553
28999,-0.049770
29000,-0.055120
29001,-0.049546
29002,-0.011711
29003,0.021669
29004,0.044288
29005,0.042866
29006,0.017777
29007,-0.000749
29008,-0.033097
29009,-0.017268
29010,0.022476
29011,0.059766
29012,211.324783
29013,1467.806152
29014,347.374786
29015,18.572393
29016,815.656921
29017,12.529202
29018,-1.232827
29019,-8.625253
29020,-2.457844
29021,9.312511
29022,7.480757
29023,7.473084
29024,8.107571
29025,-3.947764
29026,-36.208981
29027,-33.778858
29028,-22.211845
29029,-3.674309
29030,2.660551
29031,-1.173966
29032,10.058645
29033,21.933620
29034,37.687828
29035,37.542225
29036,5.083193
29037,-34.291817
29038,-57.180538
29039,-32.686489
29040,12.674102
29041,42.656113
29042,44.355991
29043,22.458876
29044,3.387055
29045,-7.186487
29046,-17.604128
29047,-34.528912
29048,-24.464504
29049,-13.929663
29050,-25.256882
29051,-36.487236
29052,-8.804216
29053,38.985603
29054,54.764637
29055,39.737267
29056,6.539413
29057,-14.900561
29058,-25.346453
29059,-5.326494
29060,25.008457
29061,21.768824
29062,9.836866
29063,-11.322037
29064,-8.751010
29065,-14.608297
29066,-27.626909
29067,-271.909607
29068,0.005212
29069,-53.585777
29070,0.000000
29071,1832.773193
29072,1790.524658
29073,1902.458496
29074,2209.296387
29075,1190.473267
29076,1974.035034
29077,2293.759766
29078,1363.585938
29079,2255.023682
29080,861.704773
29081,2258.617188
29082,1056.862183
29083,1855.714600
29084,1381.428711
29085,1014.459961
29086,1326.438110
29087,2280.364258
29088,1117.228638
29089,1000.818054
29090,2096.823975
29091,1118.293335
29092,1987.806519
29093,2157.246338
29094,1056.288574
29095,2230.302490
29096,1330.332520
29097,51.350708
29098,0.020279
29099,-0.028557
29100,-0.027318
29101,-0.078565
29102,-0.061270
29103,-0.015529
29104,0.012182
29105,0.011813
29106,-0.000604
29107,0.016710
29108,-0.000909
29109,0.041325
29110,0.012815
29111,-0.042035
29112,-0.040108
29113,-0.037517
29114,-0.013863
29115,-0.010908
29116,-0.007797
29117,-0.001122
29118,-0.026283
29119,0.006388
29120,0.047479
29121,0.020094
29122,0.044212
29123,0.078054
29124,0.042072
29125,-0.013534
29126,-0.024704
29127,-0.005351
29128,-0.024107
29129,-0.034298
29130,-0.069777
29131,-0.069919
29132,-0.046912
29133,-0.022674
29134,-0.014680
29135,0.023809
29136,0.097951
29137,0.086838
29138,0.051892
29139,0.028921
29140,0.045495
29141,-0.016215
29142,-0.023825
29143,-0.029998
29144,-0.011893
29145,-0.006427
29146,-0.074420
29147,-0.025073
29148,-0.002153
29149,0.021617
29150,0.005972
29151,-0.019695
29152,-0.029919
29153,-0.066329
29154,-0.024188
29155,0.004345
29156,0.029673
29157,0.053246
29158,0.074511
29159,0.080546
29160,0.007716
29161,-0.009747
29162,-0.016399
29163,-0.040344
29164,-0.033578
29165,-0.030212
29166,-0.040668
29167,-0.100460
29168,-0.011073
29169,-0.010720
29170,0.012956
29171,0.029254
29172,-0.016806
29173,0.006143
29174,0.085683
29175,0.076201
29176,0.084866
29177,0.004842
29178,-0.042106
29179,-0.029563
29180,-0.073978
29181,-0.019709
29182,0.008262
29183,-0.004811
29184,0.020744
29185,0.013286
29186,-0.014033
29187,0.047573
29188,0.005969
29189,-0.021010
29190,0.007153
29191,-0.022502
29192,-0.014065
29193,-0.003499
29194,-0.046214
29195,-0.030464
29196,-0.008619
29197,-0.008608
29198,-0.017310
29199,0.002193
29200,0.016183
29201,0.018168
29202,-0.000454
29203,0.017646
29204,0.021842
29205,0.024440
29206,0.048781
29207,0.066807
29208,-0.017580
29209,-0.061852
29210,0.028791
29211,0.054409
29212,0.079238
29213,0.007483
29214,-0.062938
29215,-0.066307
29216,-0.114596
29217,-0.142507
29218,-0.050272
29219,0.040189
29220,0.082401
29221,0.035723
29222,0.071353
29223,0.107688
29224,0.053556
29225,-0.016578
29226,-0.062238
29227,-0.089292
29228,-0.095826
29229,-0.088915
29230,-0.046193
29231,0.027351
29232,0.050068
29233,0.040141
29234,0.006692
29235,0.008852
29236,0.028455
29237,0.079166
29238,0.073672
29239,0.033364
29240,0.036957
29241,0.015357
29242,0.008288
29243,-0.009886
29244,-0.047124
29245,-0.075586
29246,-0.092397
29247,-0.063623
29248,-0.002008
29249,0.036187
29250,0.059124
29251,0.039721
29252,-0.029130
29253,-0.034811
29254,-0.051563
29255,0.013758
29256,0.058518
29257,0.034583
29258,0.024333
29259,-0.021238
29260,0.000343
29261,-0.012917
29262,-0.041554
29263,-0.042648
29264,-0.036608
29265,-0.017195
29266,-0.016632
29267,0.003263
29268,0.061066
29269,0.042006
29270,0.051631
29271,-0.001414
29272,-0.025990
29273,-0.013010
29274,-0.019419
29275,0.002875
29276,0.016352
29277,-0.001142
29278,-0.012142
29279,-0.044309
29280,-0.044838
29281,0.016874
29282,-0.004927
29283,0.003319
29284,0.030015
29285,0.032612
29286,0.098753
29287,0.111269
29288,0.082400
29289,0.012542
29290,-0.080759
29291,-0.112698
29292,-0.072317
29293,-0.002490
29294,0.014893
29295,0.003547
29296,-0.021845
29297,-0.067149
29298,-0.025577
29299,-0.015053
29300,0.004352
29301,0.040725
29302,0.035762
29303,0.029717
29304,0.063825
29305,0.006113
29306,-0.038097
29307,-0.048555
29308,-0.088647
29309,-0.025826
29310,-0.017491
29311,-0.050346
29312,0.004718
29313,0.086472
29314,0.067974
29315,0.093340
29316,0.056282
29317,-0.075169
29318,-0.072280
29319,-0.054988
29320,-0.064080
29321,0.032651
29322,0.054724
29323,0.034995
29324,0.055531
29325,0.055319
29326,0.039108
29327,-0.021513
29328,-0.061824
29329,-0.050311
29330,-0.003714
29331,-0.029732
29332,-0.004113
29333,0.035574
29334,0.025947
29335,0.034184
29336,0.028688
29337,-0.014669
29338,-0.092550
29339,-0.073596
29340,-0.078765
29341,-0.077659
29342,0.026391
29343,0.022254
29344,0.101530
29345,0.119461
29346,0.024381
29347,-0.030068
29348,-0.019756
29349,0.046415
29350,0.085649
29351,0.057673
29352,0.025297
29353,-0.083416
29354,-0.096785
29355,-0.080572
29356,-0.046320
29357,0.032643
29358,0.063422
29359,0.070508
29360,0.053530
29361,0.005431
29362,-0.042707
29363,-0.025299
29364,-0.004629
29365,0.013110
29366,0.091203
29367,0.012892
29368,-0.060523
29369,-0.034083
29370,-0.025528
29371,0.012366
29372,-0.010820
29373,-0.023069
29374,-0.016643
29375,-0.030510
29376,-0.017359
29377,0.053052
29378,0.084608
29379,0.040134
29380,0.002779
29381,-0.008676
29382,-0.012734
29383,-0.044584
29384,-0.030105
29385,-0.027450
29386,-0.016215
29387,0.010422
29388,-0.027942
29389,-0.028785
29390,0.041938
29391,0.015120
29392,-0.004119
29393,0.019977
29394,0.022041
29395,-0.003957
29396,-0.005677
29397,0.046269
29398,-0.016610
29399,-0.062612
29400,-0.050759
29401,-0.048142
29402,-0.011207
29403,0.007113
29404,0.003839
29405,0.027203
29406,0.006118
29407,0.043954
29408,0.079186
29409,0.032733
29410,-0.021896
29411,0.002218
29412,0.002068
29413,-0.000630
29414,-0.009660
29415,-0.035073
29416,-0.019561
29417,0.022882
29418,0.037903
29419,0.020974
29420,-0.026856
29421,-0.050154
29422,0.003505
29423,-0.015733
29424,-0.009321
29425,0.008192
29426,0.033153
29427,0.039194
29428,0.016425
29429,-0.026542
29430,-0.022114
29431,-0.064197
29432,-0.050957
29433,-0.032268
29434,0.033915
29435,0.016518
29436,0.018522
29437,0.080732
29438,0.040594
29439,-0.010974
29440,-0.029886
29441,-0.025102
29442,-0.017402
29443,-0.008941
29444,-0.006242
29445,0.007758
29446,-0.040419
29447,-0.064605
29448,-0.032374
29449,0.019211
29450,0.041556
29451,0.075751
29452,0.101329
29453,0.039966
29454,-0.004476
29455,-0.022214
29456,-0.022987
29457,-0.027878
29458,0.022243
29459,-0.065059
29460,-0.100132
29461,-0.076358
29462,-0.059543
29463,0.017136
29464,0.039475
29465,0.073381
29466,0.114037
29467,0.043166
29468,-0.010160
29469,-0.039789
29470,-0.042573
29471,0.012273
29472,-0.013552
29473,-0.013701
29474,0.025880
29475,-0.007569
29476,0.002260
29477,-0.001861
29478,-0.008045
29479,-0.010117
29480,0.011813
29481,0.023417
29482,0.014588
29483,-0.022106
29484,-0.045152
29485,-0.072633
29486,-0.060663
29487,-0.026126
29488,0.010559
29489,0.055282
29490,0.044017
29491,0.038698
29492,-0.013919
29493,-0.024645
29494,0.058596
29495,0.032908
29496,0.048882
29497,0.036093
29498,-0.036387
29499,-0.044175
29500,-0.083574
29501,-0.062120
29502,0.040075
29503,-0.001047
29504,0.046964
29505,0.040193
29506,0.012132
29507,-0.040379
29508,-0.044581
29509,-0.018290
29510,0.014210
29511,0.045845
29512,0.049864
29513,-0.004182
29514,0.003878
29515,0.012805
29516,-0.046569
29517,-0.108401
29518,-0.107100
29519,-0.007360
29520,0.058097
29521,0.103703
29522,0.111092
29523,0.048570
29524,-0.043981
29525,-0.082595
29526,-0.077442
29527,-0.026929
29528,0.028501
29529,0.078658
29530,0.064029
29531,0.035869
29532,0.001295
29533,-0.010431
29534,-0.072215
29535,-0.092768
29536,-0.050320
29537,0.026156
29538,0.072447
29539,0.041939
29540,-0.008549
29541,-0.018179
29542,0.007071
29543,0.013506
29544,0.000996
29545,0.010770
29546,0.010106
29547,0.005972
29548,-0.066499
29549,-0.086156
29550,-0.066837
29551,-0.048169
29552,0.024972
29553,0.049657
29554,0.087082
29555,0.083632
29556,0.054726
29557,0.002223
29558,-0.043538
29559,-0.011990
29560,-0.002400
29561,0.050244
29562,0.047351
29563,-0.025235
29564,-0.006064
29565,-0.022255
29566,-0.030980
29567,-0.060754
29568,-0.074792
29569,-0.076473
29570,0.000039
29571,0.025251
29572,-0.004646
29573,0.042312
29574,0.094778
29575,0.058075
29576,0.037979
29577,0.023770
29578,0.008423
29579,-0.057712
29580,-0.080250
29581,-0.043561
29582,-0.038737
29583,0.002602
29584,0.047299
29585,0.055151
29586,-0.009742
29587,-0.041186
29588,0.011166
29589,0.011283
29590,0.016172
29591,0.028409
29592,0.006760
29593,0.035132
29594,0.011532
29595,-0.019037
29596,-0.051746
29597,459.400757
29598,802.422180
29599,21.398104
29600,1060.592896
29601,1761.116577
29602,32.382240
29603,23.210730
29604,12.797875
29605,-0.966207
29606,-23.628435
29607,-45.229210
29608,-46.201584
29609,0.789247
29610,31.677879
29611,35.215244
29612,23.714846
29613,17.235348
29614,1.715005
29615,-13.219780
29616,1.106739
29617,-4.522134
29618,-14.370819
29619,1.657099
29620,9.120575
29621,-0.525439
29622,-6.504735
29623,-13.118827
29624,-25.835337
29625,-16.101250
29626,10.589541
29627,21.591188
29628,8.731544
29629,7.904930
29630,-5.315393
29631,12.437371
29632,35.412285
29633,33.336769
29634,7.439935
29635,-15.913717
29636,-38.144009
29637,-44.832142
29638,-49.321171
29639,-43.473969
29640,-9.050602
29641,24.033403
29642,26.371817
29643,33.996109
29644,40.487255
29645,33.194622
29646,36.619308
29647,24.172247
29648,-12.432107
29649,-42.658340
29650,-51.439323
29651,-0.796440
29652,-0.077777
29653,-0.022949
29654,0.002980
29655,0.083653
29656,0.068278
29657,0.054948
29658,0.042626
29659,0.034717
29660,0.023024
29661,-0.038173
29662,-0.074208
29663,-0.068813
29664,-0.060152
29665,-0.003021
29666,0.007262
29667,-0.004148
29668,-0.040930
29669,-0.020590
29670,0.017331
29671,0.063293
29672,0.094760
29673,0.090784
29674,0.071516
29675,0.066171
29676,0.035245
29677,-0.026808
29678,-0.015691
29679,-0.104625
29680,-0.099548
29681,-0.071057
29682,-0.054557
29683,-0.063493
29684,-0.030937
29685,0.016460
29686,0.009751
29687,0.031619
29688,0.063433
29689,0.052614
29690,0.079932
29691,0.010303
29692,-0.058890
29693,-0.066318
29694,-0.032045
29695,0.038290
29696,0.056046
29697,-0.017680
29698,-0.028915
29699,-0.002371
29700,0.010684
29701,0.025243
29702,0.000891
29703,0.033750
29704,-0.001121
29705,-0.032165
29706,-0.033173
29707,-0.015452
29708,-0.000825
29709,-0.021976
29710,-0.027353
29711,-0.008197
29712,-0.004112
29713,0.000741
29714,0.052188
29715,0.033445
29716,-0.040389
29717,0.000373
29718,0.070010
29719,0.008116
29720,0.018170
29721,0.034571
29722,0.033532
29723,0.004162
29724,-0.050886
29725,-0.073714
29726,-0.061201
29727,-0.066587
29728,-0.035892
29729,0.044047
29730,0.051598
29731,0.034766
29732,0.030688
29733,0.009962
29734,-0.003510
29735,0.006207
29736,0.050754
29737,0.059478
29738,-0.006929
29739,-0.061021
29740,-0.090059
29741,-0.039735
29742,0.016910
29743,0.020843
29744,-0.022589
29745,-0.028067
29746,-0.029159
29747,-0.045247
29748,0.007397
29749,0.052784
29750,0.037178
29751,-0.037667
29752,-0.020976
29753,0.021167
29754,0.038103
29755,0.026302
29756,0.009318
29757,0.016140
29758,-0.005061
29759,0.003214
29760,-0.017243
29761,0.026286
29762,0.011316
29763,-0.000270
29764,-0.004246
29765,-0.067029
29766,-0.062932
29767,-0.051000
29768,0.018250
29769,0.072033
29770,0.070393
29771,0.068494
29772,0.056712
29773,0.008671
29774,-0.027753
29775,-0.068302
29776,-0.068896
29777,-0.083966
29778,-0.018375
29779,0.074263
29780,0.044793
29781,0.019777
29782,-0.003191
29783,-0.075674
29784,-0.085140
29785,-0.027734
29786,0.007241
29787,0.026078
29788,0.064412
29789,0.061142
29790,0.004750
29791,0.036418
29792,-0.022121
29793,-0.083410
29794,-0.035332
29795,0.020059
29796,0.019912
29797,-0.003281
29798,0.015419
29799,0.017509
29800,0.048662
29801,0.086542
29802,0.012541
29803,-0.013157
29804,-0.002460
29805,0.004430
29806,-0.020091
29807,-0.013199
29808,-0.045172
29809,-0.104493
29810,-0.046172
29811,0.019271
29812,-0.005472
29813,0.035177
29814,0.079558
29815,0.059977
29816,0.062722
29817,0.001431
29818,0.007619
29819,0.015892
29820,-0.047047
29821,-0.071148
29822,-0.065147
29823,-0.041778
29824,-0.025944
29825,0.011506
29826,-0.003745
29827,-0.037787
29828,0.000823
29829,-0.027814
29830,-0.010718
29831,0.055868
29832,0.074647
29833,0.075124
29834,0.055863
29835,0.001989
29836,-0.044943
29837,-0.044485
29838,-0.005703
29839,-0.001447
29840,-0.030020
29841,-0.052107
29842,-0.060324
29843,-0.034384
29844,-0.009749
29845,0.067436
29846,0.042388
29847,0.018487
29848,0.035939
29849,0.065785
29850,0.042884
29851,-0.012667
29852,-0.023458
29853,-0.007176
29854,-0.037439
29855,-0.016261
29856,0.042021
29857,0.021012
29858,-0.009491
29859,-0.014868
29860,-0.026752
29861,-0.052020
29862,-0.048623
29863,-0.016695
29864,-0.019524
29865,0.011619
29866,0.010908
29867,0.039490
29868,0.055324
29869,-0.003743
29870,0.017751
29871,0.005166
29872,-0.038200
29873,-0.031319
29874,0.004819
29875,-0.004718
29876,0.016395
29877,0.041978
29878,-0.016484
29879,-0.089596
29880,-0.089355
29881,-0.075192
29882,0.017259
29883,0.107372
29884,0.090674
29885,0.052207
29886,0.024307
29887,0.035383
29888,0.019352
29889,0.000064
29890,-0.012792
29891,-0.011309
29892,-0.007438
29893,-0.031500
29894,-0.040189
29895,-0.048303
29896,-0.003724
29897,0.006576
29898,0.000771
29899,0.003648
29900,-0.037793
29901,-0.029219
29902,0.016215
29903,0.053275
29904,0.084233
29905,0.072169
29906,0.011439
29907,-0.058576
29908,-0.100930
29909,-0.128706
29910,-0.000840
29911,0.075652
29912,0.049661
29913,0.033687
29914,-0.019907
29915,-0.018831
29916,-0.016699
29917,-0.024747
29918,0.012922
29919,-0.035349
29920,-0.068583
29921,-0.013539
29922,0.015144
29923,0.032755
29924,0.072922
29925,0.112913
29926,0.063464
29927,-0.008534
29928,-0.039504
29929,-0.003327
29930,-0.047065
29931,-0.030140
29932,-0.009861
29933,0.015471
29934,-0.027958
29935,-0.053319
29936,0.006941
29937,0.017048
29938,-0.001779
29939,0.054770
29940,0.041469
29941,0.037259
29942,0.017849
29943,-0.042266
29944,-0.043195
29945,-0.041702
29946,-0.050210
29947,-0.035180
29948,-0.008231
29949,0.003265
29950,0.005082
29951,0.024401
29952,0.023726
29953,-0.020244
29954,-0.002851
29955,0.004747
29956,0.009523
29957,-0.007732
29958,-0.030406
29959,-0.002151
29960,0.042327
29961,0.014007
29962,0.025300
29963,0.031291
29964,0.058842
29965,0.039667
29966,0.021497
29967,-0.033054
29968,-0.046769
29969,-0.069741
29970,-0.046478
29971,-0.063191
29972,-0.043388
29973,-0.002112
29974,0.035303
29975,0.068821
29976,0.080324
29977,0.017318
29978,-0.024888
29979,0.029480
29980,0.051290
29981,0.016403
29982,0.014157
29983,-0.022920
29984,-0.063612
29985,-0.064671
29986,-0.048730
29987,-0.033380
29988,0.001026
29989,0.068538
29990,0.055723
29991,0.064676
29992,0.037405
29993,0.033082
29994,-0.003569
29995,-0.065859
29996,-0.065119
29997,-0.043214
29998,-0.012965
29999,0.030994
