Index,Voltage_mV
0,-0.007749
1,-0.049025
2,-0.049473
3,-0.043361
4,-0.008345
5,-0.001789
6,0.043818
7,0.088804
8,0.025627
9,0.033225
10,-0.028041
11,-0.130702
12,-0.137963
13,-0.025753
14,0.041737
15,0.072571
16,0.059013
17,0.054071
18,0.015489
19,0.018925
20,0.022928
21,-0.017302
22,-0.010729
23,-0.012525
24,-0.002378
25,-0.000293
26,-0.027134
27,-0.038268
28,0.019990
29,0.041593
30,0.063482
31,0.040951
32,-0.027732
33,-0.049174
34,-0.061708
35,-0.062840
36,-0.027125
37,-0.032758
38,0.009890
39,0.062590
40,0.064046
41,0.047965
42,0.010367
43,-0.030850
44,0.000311
45,0.005200
46,-0.053381
47,-0.065520
48,-0.009209
49,0.034350
50,0.075403
51,0.051838
52,0.040502
53,0.005921
54,-0.039342
55,-0.035281
56,-0.018505
57,-0.054719
58,-0.027613
59,0.060301
60,0.049728
61,0.035306
62,0.007370
63,-0.042945
64,-0.021407
65,-0.014646
66,-0.036031
67,-0.012483
68,-0.019929
69,-0.006855
70,-0.024709
71,-0.004694
72,0.000326
73,0.016108
74,0.026557
75,0.034571
76,0.058133
77,0.052145
78,0.002905
79,-0.024724
80,-0.022072
81,-0.036213
82,-0.011297
83,-0.034066
84,-0.058416
85,-0.055700
86,-0.010651
87,0.042799
88,0.052142
89,0.055408
90,0.010640
91,-0.011371
92,-0.025609
93,-0.006152
94,-0.017911
95,-0.009330
96,0.019495
97,0.082425
98,0.076848
99,0.049351
100,0.010648
101,-0.046425
102,-0.096503
103,-0.063808
104,-0.056576
105,-0.035342
106,-0.012750
107,0.023569
108,0.011581
109,0.019994
110,0.016429
111,0.023524
112,0.021734
113,0.005073
114,-0.021436
115,-0.036852
116,-0.040710
117,-0.005838
118,-0.014550
119,0.004053
120,0.011973
121,0.048815
122,0.076123
123,0.000667
124,-0.061374
125,-0.035983
126,-0.030447
127,-0.039445
128,-0.012802
129,0.035367
130,0.080472
131,-0.010707
132,0.022593
133,-0.005885
134,-0.029354
135,-0.057498
136,-0.032142
137,0.011080
138,0.047782
139,0.090639
140,0.119703
141,0.046991
142,-0.013350
143,0.030073
144,-0.010984
145,-0.071444
146,-0.073364
147,-0.068865
148,-0.055982
149,-0.029033
150,-0.028375
151,-0.018521
152,0.016947
153,0.018289
154,0.053069
155,0.050113
156,0.038135
157,0.005773
158,-0.075773
159,-0.048520
160,0.001459
161,-0.016747
162,-0.014013
163,0.064430
164,0.077782
165,0.050448
166,-0.021586
167,-0.036895
168,-0.050015
169,-0.053811
170,-0.059583
171,0.025369
172,0.031626
173,0.038240
174,0.053287
175,0.028046
176,-0.023740
177,0.025668
178,0.045199
179,0.008360
180,-0.036509
181,-0.034122
182,-0.031799
183,-0.020380
184,-0.048810
185,-0.014838
186,0.020475
187,0.013383
188,0.020932
189,0.045564
190,0.017059
191,-0.012927
192,-0.003083
193,-0.029252
194,-0.055421
195,-0.025246
196,0.027874
197,0.062165
198,0.074898
199,0.015140
200,0.043768
201,-0.018265
202,-0.073031
203,-0.034394
204,-0.064954
205,-0.033359
206,-0.000971
207,-0.023690
208,0.033270
209,0.049518
210,0.029150
211,0.022022
212,0.016576
213,-0.011946
214,-0.043199
215,-0.086701
216,-0.063397
217,0.022008
218,0.048889
219,0.037262
220,0.019349
221,0.012624
222,0.006547
223,0.016564
224,0.033205
225,0.001820
226,0.028346
227,0.022409
228,0.033524
229,-0.052705
230,-0.115040
231,-0.091751
232,-0.039284
233,-0.015434
234,0.042339
235,0.064959
236,0.021461
237,-0.005903
238,-0.012879
239,0.018524
240,0.017099
241,0.009280
242,0.069242
243,0.066532
244,0.055381
245,-0.032465
246,-0.055304
247,-0.042023
248,-0.061837
249,-0.014240
250,0.003435
251,0.016676
252,0.026578
253,-0.000415
254,0.001426
255,-0.017063
256,-0.057274
257,-0.035433
258,0.004592
259,-0.030482
260,0.010450
261,0.045354
262,0.075544
263,0.089501
264,0.084951
265,0.026894
266,-0.031312
267,-0.059464
268,-0.100886
269,-0.054113
270,-0.048554
271,-0.018943
272,0.019477
273,0.010317
274,-0.012570
275,0.020309
276,0.020112
277,0.026715
278,0.035672
279,0.017757
280,-0.006811
281,-0.028228
282,0.005851
283,-0.017173
284,-0.047608
285,-0.033217
286,0.022654
287,0.058285
288,0.036603
289,0.065939
290,0.006111
291,-0.042203
292,-0.045632
293,-0.054704
294,-0.081365
295,-0.063246
296,0.013088
297,0.040260
298,0.054289
299,0.043731
300,462.069946
301,748.262146
302,8.942824
303,1136.715210
304,1865.771362
305,-14.859750
306,-16.132591
307,-2.562542
308,6.996956
309,46.343990
310,82.183388
311,54.701481
312,18.226276
313,-31.493483
314,-49.260204
315,-50.359398
316,-32.578163
317,-14.075539
318,5.040386
319,12.893678
320,3.528441
321,4.026064
322,-8.161160
323,-9.325411
324,-1.372353
325,-2.970803
326,-15.549720
327,-18.493773
328,4.133737
329,32.476654
330,26.169586
331,16.740740
332,20.261923
333,33.556637
334,23.451239
335,7.617164
336,-19.541079
337,-46.692173
338,-56.270203
339,-46.501442
340,-11.683182
341,3.501295
342,1.876718
343,15.118685
344,29.018717
345,66.817795
346,62.108036
347,28.234772
348,-17.570015
349,-57.987293
350,-64.814110
351,-58.644878
352,-21.919840
353,23.130604
354,0.016718
355,-0.015189
356,-0.023792
357,-0.084745
358,0.005367
359,0.056745
360,0.075327
361,0.078273
362,-0.006846
363,-0.040922
364,-0.013211
365,-0.034479
366,-0.037963
367,-0.043027
368,-0.040996
369,-0.018368
370,0.017335
371,0.059164
372,0.044619
373,0.016746
374,0.034690
375,-0.007344
376,-0.040014
377,-0.038026
378,-0.022340
379,0.015316
380,0.038028
381,0.024754
382,-0.005924
383,-0.024467
384,0.004149
385,0.061445
386,0.010967
387,-0.029567
388,-0.020612
389,-0.046720
390,-0.030110
391,-0.047935
392,-0.019050
393,0.006244
394,-0.007685
395,-0.017034
396,-0.003845
397,0.015709
398,0.050713
399,0.016809
400,-0.008208
401,0.003672
402,0.083047
403,0.063894
404,0.020958
405,-0.021318
406,0.000073
407,0.003579
408,0.038773
409,0.018039
410,-0.049771
411,-0.053211
412,-0.035047
413,-0.061671
414,-0.012017
415,0.010661
416,0.032794
417,0.042977
418,0.038389
419,0.012012
420,-0.042980
421,-0.080151
422,-0.095787
423,-0.066651
424,0.036560
425,0.031987
426,0.006645
427,0.023735
428,0.041608
429,0.024670
430,0.006858
431,0.035824
432,0.025572
433,0.024034
434,0.051279
435,0.037149
436,-0.058180
437,-0.083253
438,-0.122209
439,-0.079007
440,0.010349
441,0.011763
442,0.021741
443,0.054098
444,0.056551
445,0.057971
446,0.004866
447,-0.017521
448,0.009939
449,0.008154
450,0.012553
451,-0.015691
452,-0.031239
453,-0.023042
454,-0.049824
455,-0.087389
456,-0.023908
457,-0.004640
458,0.028189
459,0.074383
460,0.037571
461,0.059242
462,0.018204
463,-0.040211
464,-0.038785
465,-0.025491
466,-0.021068
467,0.036264
468,0.061297
469,0.067837
470,0.010004
471,-0.021642
472,-0.064950
473,-0.106992
474,-0.044233
475,0.035549
476,0.021415
477,0.063663
478,0.046660
479,0.021852
480,-0.031462
481,-0.074678
482,-0.065005
483,-0.010593
484,0.042334
485,0.061138
486,0.016728
487,-0.004227
488,-0.007473
489,-0.022656
490,0.009858
491,0.006357
492,-0.004817
493,0.039263
494,0.019320
495,-0.044234
496,-0.046514
497,-0.008710
498,-0.019305
499,-0.012853
500,0.014290
501,-0.006914
502,0.044041
503,0.018752
504,-0.009276
505,-0.004868
506,-0.006990
507,-0.013846
508,-0.019072
509,0.025545
510,0.064775
511,-0.033479
512,-0.047103
513,0.005731
514,0.020066
515,0.010787
516,0.022925
517,0.015502
518,-0.005069
519,0.028805
520,0.043821
521,0.022466
522,-0.005639
523,-0.022237
524,-0.057539
525,-0.050539
526,-0.019505
527,-0.033991
528,-0.020806
529,0.042777
530,0.058582
531,0.022803
532,0.019399
533,0.032201
534,-0.006446
535,-0.029534
536,-0.026303
537,-0.081042
538,-0.055887
539,-0.032927
540,-0.027016
541,0.011683
542,-0.013595
543,0.004942
544,-0.007272
545,0.031183
546,0.035706
547,0.016305
548,0.035893
549,0.032756
550,0.034762
551,-0.002490
552,-0.005251
553,0.015091
554,0.028255
555,0.013676
556,0.007086
557,-0.017700
558,-0.023041
559,-0.067712
560,-0.087708
561,-0.040184
562,0.020793
563,0.079778
564,0.087131
565,0.043990
566,0.001184
567,-0.039311
568,-0.042199
569,-0.022473
570,0.019125
571,0.020857
572,0.043290
573,0.017965
574,-0.028734
575,-0.077609
576,-0.068428
577,-0.046792
578,0.029999
579,0.065299
580,0.082721
581,0.038896
582,-0.050224
583,-0.026231
584,-0.017379
585,-0.044229
586,-0.004456
587,0.052223
588,0.036517
589,-0.023159
590,-0.070920
591,-0.035201
592,-0.010466
593,0.000390
594,0.024538
595,0.043167
596,0.049641
597,0.043618
598,0.004243
599,-0.039869
600,-0.048539
601,-0.073740
602,-0.048000
603,-0.044441
604,-0.009973
605,0.039375
606,0.080954
607,0.090196
608,0.074431
609,0.034233
610,-0.020637
611,-0.090373
612,-0.073356
613,-0.026018
614,0.028417
615,0.067885
616,0.094180
617,0.050311
618,0.019123
619,-0.000406
620,-0.038983
621,-0.087175
622,-0.086805
623,-0.036583
624,-0.019345
625,0.041984
626,0.029719
627,0.034691
628,-0.003393
629,-0.038128
630,-0.018965
631,0.021192
632,-0.009889
633,-0.065101
634,-0.035196
635,0.029162
636,0.077154
637,0.058952
638,-0.002999
639,-0.065883
640,-0.070777
641,-0.060600
642,-0.027434
643,0.038082
644,0.064431
645,0.061302
646,0.030571
647,0.029755
648,0.063304
649,0.027434
650,-0.004630
651,-0.031751
652,-0.049381
653,-0.049653
654,-0.025133
655,0.009417
656,0.046223
657,0.010416
658,-0.034426
659,-0.067332
660,-0.023667
661,0.070663
662,0.066809
663,0.028832
664,0.029253
665,0.031353
666,-0.003973
667,-0.047942
668,-0.105253
669,-0.127949
670,-0.062702
671,-0.055648
672,-0.013169
673,0.062214
674,0.067239
675,0.030654
676,-0.009879
677,-0.019615
678,0.070126
679,0.087530
680,0.036681
681,0.014055
682,-0.038259
683,-0.099873
684,-0.097115
685,-0.039049
686,0.056173
687,0.024950
688,0.003505
689,-0.005246
690,0.056152
691,0.049501
692,0.024664
693,0.032845
694,0.005712
695,-0.026071
696,-0.048308
697,-0.025103
698,-0.029435
699,-0.039839
700,-0.032967
701,0.005372
702,0.010906
703,-0.016177
704,-0.000109
705,0.002137
706,0.023477
707,0.072022
708,0.098770
709,0.034246
710,-0.000839
711,-0.026021
712,-0.085841
713,-0.075135
714,-0.022384
715,-0.016849
716,-0.043297
717,-0.033250
718,-0.016153
719,0.037049
720,0.108712
721,0.084715
722,0.059246
723,0.019165
724,-0.004255
725,-0.017476
726,-0.047332
727,-0.030480
728,-0.063117
729,-0.105609
730,-0.067410
731,0.006963
732,0.034694
733,0.043774
734,0.095113
735,0.102875
736,0.081615
737,-0.040864
738,-0.100139
739,-0.047055
740,-0.089496
741,-0.042910
742,-0.006280
743,0.034269
744,0.109046
745,0.092420
746,0.004306
747,0.002628
748,-0.026992
749,-0.053823
750,-0.077572
751,-0.039717
752,-0.007726
753,0.004013
754,0.020244
755,-0.031534
756,-0.011488
757,-0.001084
758,0.039730
759,0.056123
760,-0.002977
761,-0.000993
762,0.030560
763,0.000141
764,-0.030262
765,-0.001997
766,-0.044540
767,-0.038036
768,-0.001730
769,0.002980
770,-0.004218
771,0.006949
772,0.072708
773,0.075465
774,0.046319
775,0.039086
776,-0.033545
777,-0.108386
778,-0.052233
779,0.002845
780,0.004145
781,-0.015299
782,0.019069
783,-0.003911
784,-0.016619
785,-0.015904
786,-0.062362
787,-0.020821
788,0.025402
789,0.010490
790,0.054069
791,0.085876
792,0.025208
793,0.026259
794,0.027695
795,-0.012594
796,-0.006871
797,0.028085
798,0.034702
799,0.008745
800,-0.040090
801,-0.057709
802,-0.058271
803,-0.091497
804,450.719147
805,709.378052
806,8.715100
807,1191.367188
808,1819.124146
809,26.855471
810,35.815632
811,53.863560
812,55.401455
813,22.045977
814,-43.951443
815,-72.379578
816,-68.562241
817,-27.672531
818,9.526617
819,28.298658
820,41.304234
821,17.633547
822,10.320568
823,9.215399
824,15.878896
825,22.852699
826,2.453237
827,-6.640161
828,-23.655312
829,-34.011787
830,-34.215725
831,-22.869884
832,-9.922344
833,14.591100
834,31.849321
835,1.928030
836,-11.777530
837,-7.292926
838,0.593750
839,12.972912
840,12.568049
841,13.360677
842,11.831191
843,3.272271
844,-7.122372
845,-7.577046
846,1.409954
847,8.093621
848,13.603512
849,6.920281
850,-5.621267
851,-22.865740
852,-50.370903
853,-56.215771
854,-28.017588
855,18.637291
856,66.590073
857,69.527809
858,-0.072504
859,-0.056377
860,-0.027261
861,-0.027087
862,0.008679
863,0.078056
864,0.120256
865,0.123918
866,0.077101
867,0.050418
868,0.010226
869,-0.060589
870,-0.084833
871,-0.042468
872,-0.050587
873,-0.020949
874,0.001178
875,0.016285
876,0.031769
877,0.011016
878,0.012786
879,0.004182
880,0.037957
881,0.020120
882,-0.047053
883,-0.047075
884,-0.056585
885,-0.025238
886,0.021741
887,0.034989
888,-0.003695
889,-0.034508
890,0.016320
891,0.023278
892,-0.051133
893,-0.002163
894,0.061561
895,0.034020
896,-0.031844
897,-0.011222
898,-0.016995
899,0.012316
900,0.049090
901,0.038364
902,0.007085
903,-0.018770
904,-0.046374
905,-0.009564
906,-0.035151
907,-0.014416
908,0.119142
909,0.098917
910,0.005769
911,-0.045978
912,-0.065214
913,-0.081064
914,-0.103183
915,-0.048214
916,0.023082
917,0.041557
918,0.018538
919,0.022028
920,-0.018988
921,-0.063885
922,-0.051235
923,0.026579
924,0.089265
925,0.066336
926,0.018530
927,-0.011110
928,-0.059977
929,-0.104087
930,-0.083003
931,-0.025092
932,0.000653
933,0.054526
934,0.136400
935,0.121270
936,0.062530
937,0.032485
938,0.019324
939,-0.055639
940,-0.088241
941,-0.079834
942,-0.029343
943,-0.037017
944,-0.012742
945,-0.010825
946,-0.026043
947,-0.056330
948,0.026112
949,0.005099
950,0.047750
951,0.093332
952,0.044349
953,0.073123
954,0.051883
955,0.038324
956,0.031728
957,-0.018011
958,-0.033191
959,-0.060144
960,-0.049322
961,-0.015297
962,-0.052436
963,-0.089570
964,-0.040582
965,-0.090441
966,-0.048092
967,0.048270
968,0.021587
969,0.084546
970,0.115208
971,0.087648
972,0.062329
973,-0.034763
974,-0.096763
975,-0.089546
976,-0.052132
977,-0.013205
978,0.033822
979,0.031941
980,0.063906
981,0.020955
982,-0.007991
983,-0.054873
984,0.002214
985,0.042898
986,0.011447
987,-0.007005
988,0.020972
989,0.005793
990,-0.062408
991,-0.002537
992,0.035154
993,0.012150
994,0.000761
995,-0.004572
996,-0.019891
997,-0.030979
998,-0.051544
999,-0.024662
1000,-0.017986
1001,0.016958
1002,0.028597
1003,0.040217
1004,0.062538
1005,0.021064
1006,-0.041461
1007,-0.055470
1008,0.013253
1009,0.013884
1010,-0.017906
1011,0.005565
1012,-0.009314
1013,-0.022684
1014,-0.016657
1015,0.024079
1016,0.001122
1017,-0.014409
1018,-0.038461
1019,-0.046117
1020,0.007660
1021,0.003759
1022,0.002473
1023,0.010121
1024,0.032546
1025,0.005858
1026,-0.043343
1027,0.000238
1028,0.048913
1029,0.049761
1030,0.035478
1031,0.001823
1032,-0.066405
1033,-0.060068
1034,-0.001295
1035,0.029875
1036,0.058552
1037,0.045133
1038,0.033692
1039,0.017589
1040,-0.010102
1041,-0.014615
1042,0.041674
1043,0.071813
1044,-0.004687
1045,-0.089745
1046,-0.098969
1047,-0.036561
1048,0.058798
1049,0.076431
1050,-0.004263
1051,-0.077743
1052,-0.094552
1053,-0.078247
1054,-0.061941
1055,-0.013643
1056,0.019609
1057,0.047051
1058,0.088765
1059,0.062735
1060,0.002885
1061,-0.001244
1062,-0.001886
1063,0.002770
1064,0.002692
1065,-0.023563
1066,-0.037729
1067,-0.040332
1068,0.018748
1069,0.005254
1070,-0.014289
1071,-0.000490
1072,0.003406
1073,0.044461
1074,0.024834
1075,-0.025808
1076,-0.069209
1077,-0.080109
1078,-0.050974
1079,0.022973
1080,0.088118
1081,0.112633
1082,0.116067
1083,0.090457
1084,0.056740
1085,-0.003516
1086,-0.009394
1087,-0.027671
1088,-0.049786
1089,-0.068891
1090,-0.118089
1091,-0.074200
1092,-0.037041
1093,-0.012110
1094,0.019870
1095,0.021242
1096,0.063067
1097,0.070570
1098,0.053964
1099,0.062421
1100,-0.008133
1101,-0.031141
1102,-0.038811
1103,-0.106529
1104,-0.049979
1105,-0.043176
1106,-0.093019
1107,-0.052196
1108,0.053705
1109,0.076860
1110,0.021409
1111,-0.018842
1112,0.026507
1113,0.036523
1114,0.055533
1115,0.070233
1116,0.021852
1117,-0.004011
1118,-0.027324
1119,-0.053715
1120,-0.060325
1121,0.004219
1122,0.041890
1123,0.015915
1124,-0.012101
1125,0.036493
1126,0.052133
1127,0.043631
1128,0.020504
1129,-0.012539
1130,-0.057035
1131,-0.076888
1132,-0.087894
1133,-0.026506
1134,0.034234
1135,0.040948
1136,0.011189
1137,0.015203
1138,-0.014339
1139,-0.015576
1140,-0.061521
1141,-0.033636
1142,0.018621
1143,0.010908
1144,0.048427
1145,0.062007
1146,-0.010993
1147,-0.002077
1148,-0.042915
1149,0.007527
1150,0.041277
1151,-0.030046
1152,-0.033797
1153,-0.028192
1154,-0.029705
1155,0.034756
1156,0.058352
1157,0.015152
1158,-0.016200
1159,-0.014765
1160,-0.000679
1161,-0.023766
1162,-0.013303
1163,-0.036768
1164,0.010030
1165,0.016825
1166,-0.036704
1167,-0.030957
1168,0.049683
1169,0.106967
1170,0.071377
1171,0.030235
1172,-0.008325
1173,-0.030225
1174,-0.032572
1175,-0.062873
1176,-0.040987
1177,0.006811
1178,0.017128
1179,0.040708
1180,0.039299
1181,-0.032161
1182,-0.087076
1183,-0.048952
1184,0.025736
1185,0.018917
1186,0.032313
1187,0.063096
1188,0.053609
1189,-0.027608
1190,-0.056217
1191,-0.024877
1192,-0.013233
1193,0.000030
1194,0.010502
1195,0.030524
1196,0.032256
1197,0.019524
1198,0.031986
1199,-0.014591
1200,-0.016832
1201,0.008404
1202,0.005055
1203,0.019468
1204,-0.008164
1205,-0.052061
1206,-0.058459
1207,-0.071004
1208,-0.042503
1209,-0.026989
1210,-0.015753
1211,0.028714
1212,-0.014359
1213,0.007216
1214,0.039710
1215,0.039916
1216,0.048352
1217,0.030569
1218,-0.005458
1219,-0.037042
1220,-0.020781
1221,0.019590
1222,0.010169
1223,0.025283
1224,0.045336
1225,0.006799
1226,-0.021975
1227,-0.028480
1228,-0.053325
1229,-0.067998
1230,-0.108564
1231,-0.022690
1232,0.050719
1233,0.060189
1234,0.075032
1235,0.078758
1236,0.081261
1237,-0.021272
1238,-0.093605
1239,-0.093555
1240,-0.053009
1241,-0.032904
1242,0.037934
1243,0.071582
1244,0.054129
1245,0.070761
1246,0.038245
1247,0.014696
1248,0.007583
1249,-0.002831
1250,-0.008810
1251,0.003670
1252,0.008828
1253,-0.048622
1254,-0.089066
1255,-0.022796
1256,-0.015032
1257,-0.002681
1258,-0.002500
1259,0.003565
1260,0.036493
1261,0.034062
1262,-0.000841
1263,-0.011979
1264,-0.066491
1265,-0.096556
1266,-0.038388
1267,0.025952
1268,0.063441
1269,0.031128
1270,0.011836
1271,0.019286
1272,-0.010326
1273,0.055449
1274,0.110614
1275,0.070094
1276,-0.006460
1277,-0.085609
1278,-0.030853
1279,0.005706
1280,-0.035186
1281,0.002612
1282,-0.000099
1283,-0.068049
1284,-0.064444
1285,-0.031574
1286,-0.029560
1287,-0.015424
1288,0.044788
1289,0.050386
1290,0.063191
1291,0.024725
1292,0.000116
1293,0.037817
1294,0.011514
1295,-0.007111
1296,-0.004782
1297,-0.055458
1298,-0.059262
1299,-0.016856
1300,0.042069
1301,0.077177
1302,0.047724
1303,0.007245
1304,-0.047444
1305,-0.096716
1306,-0.083854
1307,-0.061315
1308,439.368378
1309,670.493896
1310,8.487376
1311,1246.019165
1312,1768.665405
1313,-41.046410
1314,-48.768780
1315,-18.394623
1316,26.002239
1317,37.901340
1318,53.546547
1319,37.584457
1320,-18.159966
1321,-47.930359
1322,-60.802830
1323,-33.680710
1324,2.694215
1325,23.971939
1326,21.437349
1327,21.772158
1328,28.844179
1329,35.043049
1330,20.204163
1331,-16.790422
1332,-60.068680
1333,-62.551205
1334,-48.873493
1335,-4.776893
1336,40.625145
1337,50.542511
1338,57.011997
1339,50.382694
1340,20.982473
1341,-13.665430
1342,-40.668961
1343,-51.370075
1344,-33.579502
1345,-9.251940
1346,-3.670475
1347,12.660796
1348,15.821928
1349,26.244793
1350,4.963152
1351,-39.464714
1352,-35.712776
1353,-10.144490
1354,18.211559
1355,30.756281
1356,17.114386
1357,16.959875
1358,12.604044
1359,5.105810
1360,16.489267
1361,1.795935
1362,-0.073512
1363,-0.001153
1364,0.070219
1365,0.105541
1366,0.059453
1367,0.051162
1368,0.024174
1369,-0.101027
1370,-0.041658
1371,-0.012033
1372,0.020806
1373,0.023316
1374,0.015670
1375,0.029638
1376,0.043469
1377,0.052998
1378,0.003711
1379,-0.033044
1380,-0.080198
1381,-0.031898
1382,0.006908
1383,0.026901
1384,0.006573
1385,-0.030509
1386,-0.049369
1387,-0.043775
1388,-0.013121
1389,-0.004802
1390,0.045831
1391,0.122533
1392,0.057981
1393,-0.001234
1394,-0.042111
1395,-0.056000
1396,-0.077930
1397,-0.055850
1398,0.006940
1399,0.027129
1400,0.056097
1401,0.103810
1402,0.049636
1403,0.013004
1404,0.017044
1405,-0.053100
1406,-0.053099
1407,-0.041858
1408,-0.036980
1409,0.003498
1410,-0.011393
1411,-0.032541
1412,-0.016777
1413,-0.069441
1414,0.031985
1415,0.030964
1416,0.041692
1417,0.087696
1418,0.090587
1419,0.041220
1420,-0.001532
1421,-0.020946
1422,-0.047387
1423,-0.024695
1424,-0.020668
1425,-0.024184
1426,-0.014497
1427,-0.005578
1428,-0.001128
1429,0.009111
1430,-0.019947
1431,-0.021160
1432,-0.041132
1433,-0.079320
1434,-0.043058
1435,0.053149
1436,0.159029
1437,0.188641
1438,0.103815
1439,-0.026765
1440,-0.091784
1441,-0.061300
1442,-0.066653
1443,-0.101982
1444,-0.084551
1445,-0.037467
1446,-0.009468
1447,0.031937
1448,0.044798
1449,0.044062
1450,0.041948
1451,0.026280
1452,-0.011589
1453,-0.017823
1454,-0.001160
1455,0.003671
1456,0.028063
1457,0.030610
1458,0.007553
1459,-0.036051
1460,-0.008956
1461,0.005066
1462,-0.031116
1463,-0.068342
1464,-0.046570
1465,0.022223
1466,0.032564
1467,0.002896
1468,0.001928
1469,0.010037
1470,0.000210
1471,0.032261
1472,0.041866
1473,0.011727
1474,0.013979
1475,-0.013982
1476,-0.025056
1477,0.011873
1478,0.042829
1479,0.018347
1480,-0.005131
1481,-0.052082
1482,-0.067231
1483,-0.044505
1484,-0.080585
1485,-0.007840
1486,0.032652
1487,0.042014
1488,0.086915
1489,0.071507
1490,0.049977
1491,0.062952
1492,-0.007757
1493,-0.063433
1494,-0.068304
1495,-0.051901
1496,-0.106843
1497,-0.082809
1498,0.002203
1499,0.004956
1500,-0.005625
1501,0.020392
1502,0.025766
1503,0.040901
1504,0.055560
1505,0.084981
1506,0.012192
1507,-0.037261
1508,0.006016
1509,0.030140
1510,0.004256
1511,-0.005637
1512,-0.027543
1513,-0.038851
1514,-0.035564
1515,-0.021683
1516,-0.003282
1517,0.040947
1518,0.035336
1519,0.072016
1520,0.060979
1521,-0.030430
1522,-0.040256
1523,-0.120741
1524,-0.142506
1525,-0.036011
1526,0.033394
1527,0.038762
1528,0.022058
1529,0.034255
1530,0.061655
1531,-0.015910
1532,-0.033268
1533,0.016039
1534,0.066505
1535,0.065427
1536,0.038514
1537,0.022822
1538,0.036772
1539,-0.024221
1540,-0.074691
1541,-0.086241
1542,-0.031405
1543,-0.008777
1544,0.022989
1545,-0.048128
1546,-0.070947
1547,-0.022170
1548,0.045495
1549,0.048817
1550,-0.003837
1551,-0.018041
1552,0.008401
1553,0.001231
1554,0.074613
1555,0.015306
1556,-0.035120
1557,-0.007576
1558,0.022011
1559,0.033220
1560,0.059704
1561,0.011025
1562,-0.020364
1563,0.029971
1564,0.059553
1565,0.030382
1566,-0.019763
1567,-0.018481
1568,-0.030544
1569,-0.064862
1570,-0.113541
1571,-0.078830
1572,-0.021706
1573,-0.013476
1574,-0.007962
1575,-0.004331
1576,0.011253
1577,0.019982
1578,0.022273
1579,0.021505
1580,0.013936
1581,-0.000658
1582,0.005745
1583,0.049257
1584,0.071021
1585,0.030346
1586,-0.052555
1587,-0.082929
1588,-0.030375
1589,-0.034952
1590,-0.022505
1591,0.059540
1592,0.096978
1593,0.036352
1594,-0.022730
1595,-0.031695
1596,-0.048169
1597,-0.071851
1598,-0.050608
1599,0.035882
1600,0.035858
1601,0.005172
1602,0.014199
1603,0.043284
1604,0.037204
1605,0.022142
1606,-0.056627
1607,-0.045358
1608,-0.043889
1609,-0.002523
1610,0.043385
1611,0.039533
1612,432.521851
1613,647.039978
1614,8.350019
1615,1278.983765
1616,1740.414551
1617,-29.778816
1618,-53.023376
1619,-44.781940
1620,-13.987893
1621,22.875338
1622,53.634708
1623,45.970493
1624,38.484737
1625,25.023916
1626,16.501780
1627,-16.684959
1628,-39.639423
1629,-20.511911
1630,-0.594861
1631,0.465317
1632,-10.997046
1633,-52.646503
1634,-40.541798
1635,-26.031281
1636,4.240361
1637,33.131424
1638,57.521709
1639,45.221794
1640,35.465393
1641,23.483065
1642,7.009871
1643,-4.734412
1644,-31.047918
1645,-52.430595
1646,-40.660614
1647,-3.371746
1648,5.888887
1649,0.164189
1650,-6.253125
1651,7.585888
1652,21.421701
1653,1.064938
1654,-11.392759
1655,-6.161591
1656,16.290947
1657,21.840134
1658,21.840227
1659,13.625845
1660,2.806001
1661,-7.459252
1662,-4.175756
1663,-26.281830
1664,-58.517643
1665,-46.578529
1666,0.019893
1667,0.040084
1668,0.007649
1669,-0.009040
1670,0.021931
1671,0.008712
1672,-0.032186
1673,-0.046570
1674,-0.079739
1675,-0.031530
1676,-0.029165
1677,-0.064519
1678,-0.016479
1679,0.010635
1680,0.034248
1681,0.046257
1682,0.054753
1683,0.022691
1684,0.018775
1685,-0.009597
1686,-0.019616
1687,-0.002718
1688,0.045983
1689,0.053141
1690,0.032560
1691,-0.040048
1692,-0.065547
1693,-0.041994
1694,-0.016452
1695,-0.005910
1696,0.004698
1697,0.014711
1698,0.028950
1699,0.044619
1700,0.057290
1701,0.039787
1702,0.002105
1703,-0.015400
1704,-0.045851
1705,-0.040343
1706,-0.040182
1707,-0.030340
1708,-0.000562
1709,0.038430
1710,0.025801
1711,0.016971
1712,-0.039228
1713,-0.059600
1714,-0.044193
1715,0.012931
1716,430.179626
1717,639.016296
1718,8.303028
1719,1290.261108
1720,1730.898071
1721,11.347303
1722,53.022915
1723,68.012306
1724,41.968285
1725,16.605148
1726,-1.846518
1727,-24.447861
1728,-41.177311
1729,-45.484138
1730,-20.413307
1731,20.570887
1732,27.612423
1733,11.655709
1734,-21.086082
1735,-19.897366
1736,11.428961
1737,24.573460
1738,13.441534
1739,-9.923464
1740,-29.867783
1741,-32.179657
1742,-11.257780
1743,9.180442
1744,25.000830
1745,37.929092
1746,37.630482
1747,32.744331
1748,-1.542838
1749,-24.107159
1750,-40.035553
1751,-37.286633
1752,-15.688984
1753,0.550055
1754,6.779399
1755,10.120941
1756,7.800595
1757,16.016275
1758,42.947586
1759,40.101379
1760,15.666432
1761,-35.647392
1762,-78.870438
1763,-65.133591
1764,-26.434259
1765,4.084253
1766,32.505951
1767,42.940929
1768,52.268028
1769,31.705757
1770,-0.057600
1771,-0.024686
1772,0.064796
1773,0.026661
1774,0.033321
1775,0.031440
1776,0.038585
1777,-0.003692
1778,-0.029345
1779,-0.032214
1780,-0.070374
1781,-0.042719
1782,0.019690
1783,0.057288
1784,0.094342
1785,0.068923
1786,0.048838
1787,-0.010049
1788,-0.050967
1789,-0.073561
1790,-0.102570
1791,-0.063466
1792,-0.047372
1793,0.008311
1794,0.042342
1795,0.059712
1796,0.083752
1797,0.050845
1798,-0.009095
1799,-0.035274
1800,-0.019500
1801,0.002643
1802,0.013041
1803,0.014647
1804,0.001989
1805,0.009609
1806,-0.019672
1807,-0.047544
1808,-0.073999
1809,-0.047352
1810,-0.035871
1811,-0.003980
1812,0.067127
1813,0.105800
1814,0.071096
1815,0.032025
1816,-0.023133
1817,-0.071702
1818,-0.022650
1819,0.015051
1820,-0.007533
1821,-0.022487
1822,-0.001843
1823,0.002534
1824,-0.017150
1825,-0.014005
1826,0.025744
1827,0.035000
1828,0.031856
1829,-0.001892
1830,-0.023951
1831,-0.017676
1832,0.037803
1833,0.036185
1834,-0.004383
1835,-0.021656
1836,-0.026616
1837,-0.016580
1838,-0.024757
1839,-0.019670
1840,-0.023047
1841,-0.010834
1842,-0.041174
1843,0.015514
1844,0.047963
1845,0.036541
1846,0.019628
1847,0.044140
1848,-0.008282
1849,-0.036425
1850,-0.034831
1851,0.003068
1852,0.044091
1853,0.004865
1854,-0.041463
1855,-0.025664
1856,-0.023599
1857,-0.006631
1858,-0.011498
1859,0.002778
1860,0.067076
1861,0.053606
1862,0.035968
1863,-0.013006
1864,-0.018725
1865,0.006486
1866,-0.003357
1867,-0.025682
1868,-0.015132
1869,-0.060238
1870,-0.064184
1871,-0.060462
1872,-0.013116
1873,0.020806
1874,0.036190
1875,0.087982
1876,0.124097
1877,0.025896
1878,-0.011518
1879,0.002512
1880,0.005963
1881,0.009826
1882,0.015977
1883,0.002675
1884,-0.071608
1885,-0.081494
1886,-0.064576
1887,-0.049146
1888,-0.018274
1889,0.022486
1890,0.054857
1891,0.028111
1892,0.002054
1893,-0.053379
1894,-0.042079
1895,0.019538
1896,0.044004
1897,0.008467
1898,0.011997
1899,0.042512
1900,-0.008071
1901,0.006015
1902,0.056129
1903,0.013880
1904,-0.012928
1905,-0.018243
1906,-0.038162
1907,-0.047973
1908,0.017062
1909,0.073671
1910,0.092449
1911,0.034613
1912,-0.008512
1913,-0.056908
1914,-0.060688
1915,-0.074576
1916,-0.048830
1917,0.000196
1918,-0.045406
1919,-0.030043
1920,0.029516
1921,-0.034057
1922,-0.065497
1923,-0.033619
1924,0.036320
1925,0.058738
1926,0.063349
1927,0.084885
1928,0.087687
1929,0.029370
1930,-0.019184
1931,-0.077189
1932,-0.091948
1933,-0.050646
1934,-0.028679
1935,0.003682
1936,-0.017978
1937,-0.048529
1938,-0.051143
1939,-0.002676
1940,0.066697
1941,0.122937
1942,0.124614
1943,0.074544
1944,0.036781
1945,-0.011309
1946,-0.021711
1947,-0.048918
1948,-0.102557
1949,-0.070370
1950,-0.017875
1951,0.000818
1952,0.044573
1953,0.041330
1954,0.029390
1955,0.042764
1956,0.009371
1957,0.039446
1958,-0.001055
1959,-0.037410
1960,-0.026839
1961,-0.042971
1962,-0.016070
1963,0.014876
1964,0.032525
1965,-0.014480
1966,-0.069953
1967,-0.079025
1968,-0.069991
1969,-0.054909
1970,-0.040185
1971,0.022426
1972,0.050954
1973,0.096789
1974,0.101873
1975,0.063621
1976,0.006557
1977,0.001598
1978,-0.011390
1979,0.001301
1980,-0.016152
1981,-0.030812
1982,-0.057817
1983,-0.049488
1984,-0.013973
1985,-0.009124
1986,0.019543
1987,0.052972
1988,0.071686
1989,0.033617
1990,0.037942
1991,-0.000765
1992,-0.024706
1993,-0.000359
1994,-0.005392
1995,-0.004945
1996,-0.029113
1997,-0.050841
1998,-0.037283
1999,-0.015557
2000,-0.033647
2001,-0.058056
2002,-0.088959
2003,-0.037308
2004,0.029541
2005,0.123092
2006,0.196878
2007,0.145060
2008,0.044902
2009,-0.046745
2010,-0.096405
2011,-0.071457
2012,-0.075135
2013,-0.136930
2014,-0.107109
2015,-0.040342
2016,-0.017617
2017,0.071385
2018,0.073661
2019,0.021131
2020,-0.019838
2021,-0.016272
2022,-0.011556
2023,0.016705
2024,0.021412
2025,0.074898
2026,0.073487
2027,0.069919
2028,0.027152
2029,-0.041330
2030,-0.069090
2031,-0.057265
2032,-0.029539
2033,-0.027845
2034,-0.001364
2035,0.030659
2036,0.071087
2037,0.088692
2038,0.070129
2039,0.035592
2040,-0.027648
2041,-0.093102
2042,-0.096924
2043,-0.074881
2044,-0.099625
2045,-0.050082
2046,0.006624
2047,0.031320
2048,0.046081
2049,0.044794
2050,0.068194
2051,0.060797
2052,0.058061
2053,0.058547
2054,0.057256
2055,-0.018217
2056,-0.108525
2057,-0.089037
2058,-0.060517
2059,-0.007845
2060,0.022102
2061,0.023637
2062,0.038921
2063,0.001443
2064,0.000381
2065,-0.019964
2066,-0.017965
2067,-0.004059
2068,-0.001460
2069,0.004655
2070,-0.014490
2071,0.033767
2072,0.027394
2073,0.014754
2074,0.012049
2075,-0.056944
2076,-0.091322
2077,-0.085420
2078,-0.028358
2079,0.062234
2080,0.055046
2081,0.036743
2082,0.038850
2083,0.014622
2084,0.066242
2085,0.017909
2086,-0.011330
2087,-0.019479
2088,-0.049053
2089,-0.053693
2090,-0.007361
2091,0.044952
2092,0.048505
2093,0.005649
2094,-0.032762
2095,-0.056037
2096,-0.112045
2097,-0.083886
2098,-0.000675
2099,0.059781
2100,0.053535
2101,0.038493
2102,0.020519
2103,-0.021505
2104,0.001096
2105,0.035174
2106,0.050883
2107,0.005771
2108,-0.014822
2109,-0.004711
2110,-0.016475
2111,-0.071039
2112,-0.049122
2113,-0.025571
2114,-0.001463
2115,0.052956
2116,0.082037
2117,0.063746
2118,0.011745
2119,-0.038713
2120,-0.061103
2121,-0.060679
2122,-0.038097
2123,-0.032602
2124,0.010107
2125,0.085969
2126,0.051336
2127,0.056599
2128,0.055229
2129,0.044069
2130,0.027439
2131,-0.032475
2132,0.016936
2133,-0.051269
2134,-0.115291
2135,-0.113376
2136,-0.096438
2137,-0.042838
2138,-0.006902
2139,0.038430
2140,0.118503
2141,0.128982
2142,0.095442
2143,0.027482
2144,-0.037466
2145,-0.029664
2146,-0.053516
2147,-0.030514
2148,-0.045050
2149,-0.065978
2150,0.012552
2151,0.021654
2152,0.030619
2153,0.026776
2154,-0.000532
2155,0.027697
2156,0.021718
2157,0.033022
2158,0.012652
2159,-0.033450
2160,-0.023013
2161,-0.022899
2162,-0.073869
2163,-0.040981
2164,-0.009898
2165,0.017350
2166,0.033081
2167,0.021462
2168,0.063554
2169,0.044619
2170,-0.044872
2171,-0.079025
2172,-0.062172
2173,0.002149
2174,0.063861
2175,0.069193
2176,0.083162
2177,0.053225
2178,0.031204
2179,0.015738
2180,-0.044729
2181,-0.074096
2182,-0.058808
2183,-0.046399
2184,-0.005630
2185,-0.008822
2186,-0.048163
2187,-0.019745
2188,0.020918
2189,0.063466
2190,0.069318
2191,0.057580
2192,0.002208
2193,-0.079281
2194,-0.077979
2195,-0.101008
2196,-0.040258
2197,0.010388
2198,0.054751
2199,0.093877
2200,0.093022
2201,0.088292
2202,0.060157
2203,-0.017088
2204,-0.083878
2205,-0.055391
2206,-0.030343
2207,0.008104
2208,0.045270
2209,0.011850
2210,-0.006823
2211,-0.018384
2212,-0.054527
2213,-0.072406
2214,-0.056292
2215,-0.056576
2216,0.030653
2217,0.058812
2218,0.030494
2219,0.078610
2220,0.039839
2221,-0.003809
2222,0.043246
2223,0.085533
2224,0.013011
2225,-0.062074
2226,-0.080466
2227,-0.065825
2228,-0.042077
2229,0.029396
2230,0.051323
2231,0.055851
2232,0.026633
2233,-0.048699
2234,-0.032022
2235,-0.013243
2236,0.009716
2237,0.034759
2238,0.003897
2239,0.002807
2240,-0.002344
2241,-0.030203
2242,-0.027657
2243,-0.028142
2244,-0.020324
2245,-0.007968
2246,-0.006402
2247,-0.012184
2248,-0.019109
2249,0.015665
2250,-0.017546
2251,0.031729
2252,0.040539
2253,0.055336
2254,0.035213
2255,-0.024895
2256,-0.049723
2257,-0.030918
2258,-0.023385
2259,-0.000903
2260,0.018811
2261,0.051359
2262,0.026868
2263,-0.006141
2264,0.013889
2265,-0.000886
2266,-0.018240
2267,0.016078
2268,-0.008388
2269,-0.033596
2270,417.702789
2271,596.274597
2272,8.052713
2273,1350.334961
2274,1681.076660
2275,16.477482
2276,7.488592
2277,-4.187356
2278,-5.473145
2279,-13.332932
2280,-0.851423
2281,14.277773
2282,21.571125
2283,-1.215935
2284,-2.112294
2285,-7.693991
2286,-12.793713
2287,-15.690861
2288,-20.560545
2289,-13.386694
2290,-10.077506
2291,0.530546
2292,13.237775
2293,10.063762
2294,16.279099
2295,35.339733
2296,32.330654
2297,5.569400
2298,-18.857925
2299,-28.004175
2300,-36.278042
2301,-13.553549
2302,-8.445323
2303,0.843183
2304,19.228168
2305,15.752505
2306,3.571604
2307,-11.062952
2308,1.282450
2309,15.364629
2310,17.335878
2311,14.126080
2312,7.597813
2313,-9.738203
2314,-15.182174
2315,-19.242571
2316,-7.674562
2317,1.374222
2318,-2.650640
2319,-6.833626
2320,-5.154114
2321,-3.935452
2322,21.135128
2323,43.943733
2324,-0.012539
2325,0.031656
2326,0.038666
2327,0.014316
2328,0.039719
2329,-0.004965
2330,-0.049923
2331,-0.030783
2332,-0.034182
2333,-0.058900
2334,-0.002780
2335,0.048048
2336,0.081143
2337,0.066046
2338,-0.029586
2339,-0.027273
2340,-0.048238
2341,-0.059960
2342,-0.065377
2343,-0.006636
2344,-0.011044
2345,-0.049115
2346,0.011376
2347,0.048388
2348,0.062696
2349,0.022240
2350,0.008696
2351,-0.006819
2352,0.003401
2353,-0.037209
2354,-0.011201
2355,0.028637
2356,0.015815
2357,0.035036
2358,-0.010029
2359,-0.009868
2360,0.016217
2361,0.026056
2362,0.040881
2363,-0.004676
2364,-0.039803
2365,-0.065294
2366,-0.074829
2367,0.003523
2368,0.021666
2369,-0.019509
2370,0.017777
2371,0.035852
2372,-0.010062
2373,-0.004642
2374,-0.005238
2375,0.010101
2376,0.041301
2377,0.064485
2378,0.062242
2379,-0.028039
2380,-0.005507
2381,0.035138
2382,-0.030527
2383,-0.045428
2384,-0.070973
2385,-0.086346
2386,-0.041156
2387,0.029622
2388,0.045460
2389,0.061377
2390,0.058733
2391,0.041017
2392,-0.006628
2393,-0.014720
2394,-0.068108
2395,-0.076834
2396,-0.012822
2397,0.020007
2398,0.036953
2399,0.015569
2400,-0.036907
2401,-0.057930
2402,-0.043153
2403,-0.041866
2404,-0.010719
2405,-0.012532
2406,0.025482
2407,0.058001
2408,0.068173
2409,0.057303
2410,0.014466
2411,-0.000556
2412,0.002410
2413,0.013051
2414,0.010791
2415,0.030707
2416,0.032727
2417,0.023294
2418,-0.048340
2419,-0.074739
2420,-0.019182
2421,-0.008379
2422,0.075037
2423,0.070493
2424,-0.006051
2425,-0.002185
2426,-0.039902
2427,-0.087625
2428,-0.046852
2429,-0.044308
2430,-0.006002
2431,-0.001046
2432,-0.028445
2433,0.014137
2434,0.060462
2435,0.017653
2436,0.011046
2437,0.001520
2438,-0.003250
2439,-0.022748
2440,-0.067003
2441,0.003368
2442,0.013354
2443,0.016313
2444,-0.007483
2445,-0.013000
2446,0.060467
2447,0.041442
2448,-0.005401
2449,-0.022175
2450,-0.068296
2451,-0.019269
2452,0.049331
2453,0.039907
2454,0.030150
2455,-0.006737
2456,0.036756
2457,0.021049
2458,-0.031369
2459,-0.073240
2460,-0.004013
2461,-0.022360
2462,-0.045771
2463,-0.002808
2464,-0.005397
2465,0.034594
2466,0.086292
2467,0.040431
2468,0.035398
2469,0.039015
2470,-0.052029
2471,-0.072402
2472,-0.063385
2473,-0.059281
2474,-0.033127
2475,-0.043632
2476,0.017873
2477,0.050043
2478,0.062205
2479,0.024480
2480,-0.029122
2481,0.053279
2482,0.092979
2483,0.082668
2484,0.044510
2485,-0.082665
2486,-0.133260
2487,-0.132589
2488,-0.097811
2489,-0.028920
2490,-0.016099
2491,0.008340
2492,0.068309
2493,0.110125
2494,0.033572
2495,0.022387
2496,0.032412
2497,0.027344
2498,-0.000595
2499,0.016763
2500,-0.009909
2501,-0.037775
2502,-0.033975
2503,-0.049546
2504,-0.028048
2505,0.006187
2506,-0.021717
2507,0.008572
2508,0.019035
2509,0.031596
2510,0.057216
2511,0.034677
2512,0.012799
2513,-0.006295
2514,0.004125
2515,-0.023323
2516,-0.050021
2517,-0.010856
2518,-0.004302
2519,-0.025250
2520,-0.032487
2521,-0.027885
2522,-0.003748
2523,0.020725
2524,0.044235
2525,0.072055
2526,0.062017
2527,0.032776
2528,-0.003929
2529,-0.032904
2530,-0.086685
2531,-0.096451
2532,-0.022065
2533,0.010240
2534,0.058522
2535,0.003486
2536,-0.074618
2537,-0.024723
2538,-0.004824
2539,0.027114
2540,0.101418
2541,0.054949
2542,-0.035609
2543,-0.052195
2544,-0.076212
2545,-0.083224
2546,-0.053552
2547,-0.007009
2548,0.109812
2549,0.115142
2550,0.064639
2551,0.067416
2552,0.006747
2553,-0.008126
2554,-0.037989
2555,-0.030442
2556,-0.000677
2557,0.002613
2558,-0.029147
2559,-0.014506
2560,-0.035510
2561,-0.048216
2562,-0.003458
2563,0.045849
2564,0.006709
2565,0.016793
2566,0.032254
2567,-0.013918
2568,-0.033434
2569,-0.008260
2570,0.002656
2571,0.030509
2572,0.038364
2573,0.040235
2574,0.021340
2575,-0.024456
2576,-0.064493
2577,-0.099352
2578,-0.043667
2579,-0.003996
2580,0.057634
2581,0.027735
2582,-0.006335
2583,0.004942
2584,0.023986
2585,0.006807
2586,0.013249
2587,0.021116
2588,0.019663
2589,0.012748
2590,0.003143
2591,-0.063465
2592,-0.087553
2593,-0.034272
2594,0.022955
2595,0.044294
2596,0.047745
2597,0.029379
2598,0.020904
2599,-0.032676
2600,-0.083414
2601,-0.027396
2602,0.001560
2603,-0.062581
2604,-0.068255
2605,0.000328
2606,-0.021005
2607,0.024506
2608,0.079534
2609,0.048111
2610,0.051106
2611,0.087788
2612,0.092333
2613,0.047745
2614,-0.036996
2615,-0.059462
2616,-0.052438
2617,-0.050522
2618,-0.033957
2619,-0.039634
2620,-0.038036
2621,-0.012633
2622,0.043061
2623,0.060047
2624,0.036388
2625,0.052812
2626,0.005467
2627,-0.010241
2628,-0.053092
2629,-0.049240
2630,-0.014493
2631,-0.021928
2632,-0.027159
2633,-0.025693
2634,-0.021339
2635,0.008174
2636,0.040600
2637,0.050179
2638,0.041295
2639,0.032083
2640,-0.015649
2641,-0.028630
2642,-0.026619
2643,-0.004628
2644,-0.025573
2645,-0.000694
2646,0.011098
2647,-0.062357
2648,-0.070447
2649,-0.044760
2650,-0.002618
2651,0.035007
2652,0.070317
2653,0.118078
2654,0.080288
2655,-0.013907
2656,-0.027937
2657,-0.032801
2658,-0.050422
2659,-0.052825
2660,-0.034475
2661,-0.014945
2662,-0.024481
2663,0.045122
2664,0.067473
2665,0.093011
2666,0.107269
2667,0.028351
2668,-0.030897
2669,-0.097604
2670,-0.043505
2671,0.010383
2672,0.020325
2673,0.014934
2674,0.020181
2675,-0.010007
2676,-0.062950
2677,-0.077494
2678,0.001418
2679,-0.002670
2680,-0.011104
2681,-0.020896
2682,-0.066495
2683,-0.049581
2684,0.028190
2685,0.042993
2686,-0.014523
2687,0.034047
2688,0.074931
2689,-0.001222
2690,-0.035580
2691,-0.058320
2692,-0.089906
2693,-0.027279
2694,0.008919
2695,0.059728
2696,0.090703
2697,0.070259
2698,0.034746
2699,0.024925
2700,-0.042389
2701,-0.053222
2702,-0.045202
2703,-0.062774
2704,-0.027974
2705,-0.029073
2706,0.028132
2707,0.062908
2708,0.040929
2709,0.050342
2710,0.065744
2711,0.026062
2712,0.025120
2713,-0.006570
2714,-0.056588
2715,-0.037551
2716,-0.067541
2717,-0.044307
2718,-0.051975
2719,-0.027021
2720,0.066547
2721,0.070123
2722,0.044458
2723,0.045059
2724,407.478058
2725,561.248047
2726,7.847581
2727,1399.565063
2728,1640.927124
2729,36.350346
2730,14.179275
2731,-6.597641
2732,-9.998954
2733,-4.215608
2734,-12.693245
2735,-34.508656
2736,-54.564884
2737,-55.275589
2738,-12.481332
2739,33.136581
2740,56.588234
2741,56.709457
2742,42.111774
2743,41.682190
2744,14.317033
2745,-17.910673
2746,-61.166100
2747,-64.738716
2748,-38.793152
2749,-5.736997
2750,12.709645
2751,22.001310
2752,20.544069
2753,26.327913
2754,32.144520
2755,11.847568
2756,-1.994175
2757,-23.608339
2758,-30.751934
2759,-17.923828
2760,1.533979
2761,-0.414868
2762,3.968054
2763,14.683561
2764,31.060305
2765,21.737740
2766,-18.853121
2767,-40.212021
2768,-22.750444
2769,-4.955143
2770,7.311542
2771,9.965093
2772,13.366558
2773,4.311574
2774,3.123617
2775,17.111917
2776,24.376265
2777,12.340712
2778,0.009015
2779,0.054970
2780,0.041297
2781,-0.038152
2782,-0.078118
2783,-0.092694
2784,-0.092935
2785,-0.039145
2786,-0.018925
2787,0.032939
2788,0.044017
2789,0.045172
2790,0.006148
2791,-0.022629
2792,0.012427
2793,-0.000309
2794,0.016177
2795,0.016950
2796,0.022996
2797,0.019133
2798,0.039124
2799,0.026107
2800,-0.019258
2801,-0.031757
2802,-0.054361
2803,-0.052818
2804,-0.019252
2805,-0.002484
2806,0.071593
2807,0.050954
2808,-0.011743
2809,0.007702
2810,0.054580
2811,0.024513
2812,0.006627
2813,-0.057948
2814,-0.047851
2815,-0.009768
2816,-0.019287
2817,-0.059042
2818,-0.027711
2819,0.021436
2820,0.010959
2821,-0.016277
2822,0.034430
2823,0.036777
2824,0.054836
2825,0.030811
2826,-0.000784
2827,0.000327
2828,-0.017695
2829,-0.044062
2830,-0.025062
2831,-0.003463
2832,-0.049330
2833,-0.091111
2834,0.012525
2835,0.095234
2836,0.071621
2837,0.035985
2838,0.005211
2839,-0.049225
2840,-0.082821
2841,-0.072762
2842,-0.036387
2843,0.034195
2844,0.057048
2845,0.051386
2846,0.040113
2847,-0.008164
2848,-0.001234
2849,-0.043480
2850,-0.042122
2851,0.031566
2852,0.008390
2853,0.011618
2854,-0.015834
2855,-0.032296
2856,0.041425
2857,0.009196
2858,-0.019627
2859,-0.014625
2860,-0.014050
2861,0.026231
2862,0.040014
2863,0.022398
2864,0.052657
2865,-0.000941
2866,0.005114
2867,0.005121
2868,-0.072306
2869,-0.104572
2870,-0.089440
2871,-0.059726
2872,0.003216
2873,0.044881
2874,0.047950
2875,0.058649
2876,0.044852
2877,0.067859
2878,0.024388
2879,0.000808
2880,-0.019896
2881,0.044501
2882,-0.006040
2883,-0.048916
2884,-0.042672
2885,-0.055240
2886,-0.015522
2887,0.020542
2888,0.036789
2889,0.030716
2890,-0.040583
2891,-0.067271
2892,-0.037037
2893,-0.028918
2894,0.047224
2895,0.086348
2896,0.108213
2897,0.105876
2898,0.030806
2899,-0.068926
2900,-0.118005
2901,-0.114702
2902,-0.054159
2903,-0.029956
2904,0.003918
2905,0.032589
2906,0.013296
2907,0.074714
2908,0.124662
2909,0.036454
2910,-0.014669
2911,-0.030353
2912,-0.048482
2913,-0.044427
2914,-0.019356
2915,-0.021649
2916,-0.036812
2917,-0.005296
2918,0.026077
2919,-0.001081
2920,0.012992
2921,0.013893
2922,-0.039801
2923,0.019440
2924,0.049181
2925,0.016931
2926,-0.017743
2927,-0.010692
2928,-0.005488
2929,-0.000870
2930,0.009964
2931,0.083786
2932,0.055200
2933,-0.021795
2934,-0.098399
2935,-0.093249
2936,-0.081519
2937,-0.052842
2938,-0.016629
2939,0.007501
2940,0.074059
2941,0.074558
2942,0.082692
2943,0.046981
2944,0.021492
2945,0.024472
2946,0.012235
2947,-0.010103
2948,-0.030075
2949,-0.015862
2950,-0.009375
2951,-0.025247
2952,-0.006703
2953,0.002336
2954,0.010441
2955,-0.006110
2956,-0.028587
2957,-0.040770
2958,-0.029660
2959,-0.016983
2960,0.003301
2961,-0.022312
2962,-0.006635
2963,0.024559
2964,-0.009514
2965,0.059035
2966,0.101637
2967,0.067085
2968,0.044927
2969,0.020537
2970,-0.026890
2971,-0.061092
2972,-0.113003
2973,-0.078372
2974,-0.024836
2975,0.000855
2976,0.009097
2977,0.039034
2978,401.757629
2979,541.651672
2980,7.732815
2981,1427.107910
2982,1612.047485
2983,6.221321
2984,1.859340
2985,-18.285810
2986,-38.515232
2987,-39.300591
2988,-16.887781
2989,17.684221
2990,32.515427
2991,18.448986
2992,6.827404
2993,16.755308
2994,43.489861
2995,36.505215
2996,-1.210009
2997,-41.284657
2998,-61.504807
2999,-40.787716
3000,-3.261484
3001,22.804539
3002,26.557556
3003,19.534794
3004,2.988673
3005,-24.887676
3006,-52.205715
3007,-46.184216
3008,-9.079626
3009,36.642643
3010,68.097595
3011,58.870029
3012,22.653242
3013,-11.769556
3014,-19.284670
3015,7.373497
3016,21.150963
3017,8.395465
3018,-10.263596
3019,-33.137821
3020,-26.975578
3021,-36.656422
3022,-42.708977
3023,-25.679533
3024,8.434298
3025,20.052813
3026,15.487752
3027,-4.458149
3028,9.413136
3029,34.480778
3030,25.546965
3031,25.540295
3032,39.011925
3033,-89.886353
3034,-174.816391
3035,0.000000
3036,1.426101
3037,2150.864258
3038,1097.509644
3039,2132.511719
3040,2276.234131
3041,833.571594
3042,2097.674316
3043,1538.730225
3044,2207.388428
3045,2327.031250
3046,883.220032
3047,1224.244019
3048,1044.988403
3049,2145.583496
3050,703.688293
3051,994.096741
3052,2102.904297
3053,1232.696411
3054,1102.298828
3055,909.892578
3056,2067.858887
3057,950.668884
3058,1941.719238
3059,2234.046143
3060,1158.347168
3061,1401.243286
3062,1967.975220
3063,0.005516
3064,0.007835
3065,0.026409
3066,0.015610
3067,0.021871
3068,0.006257
3069,0.014662
3070,0.006810
3071,-0.010403
3072,-0.029393
3073,-0.012172
3074,-0.030422
3075,-0.010581
3076,0.002133
3077,-0.028003
3078,-0.016667
3079,-0.058023
3080,-0.008843
3081,0.042413
3082,0.045075
3083,0.064727
3084,0.021821
3085,-0.031831
3086,-0.037838
3087,-0.002700
3088,0.045924
3089,0.073237
3090,0.034889
3091,-0.022460
3092,-0.026272
3093,-0.028259
3094,-0.025337
3095,-0.068506
3096,-0.017229
3097,-0.067192
3098,-0.042883
3099,0.043105
3100,0.095317
3101,0.070140
3102,0.027405
3103,-0.009341
3104,-0.007528
3105,-0.071610
3106,-0.035923
3107,0.044718
3108,0.064774
3109,0.023158
3110,0.028472
3111,-0.039673
3112,-0.052007
3113,-0.024971
3114,-0.019345
3115,-0.030213
3116,-0.043241
3117,-0.000033
3118,0.040055
3119,0.014468
3120,0.014979
3121,0.043120
3122,0.012601
3123,-0.012302
3124,-0.016783
3125,0.021076
3126,-0.015452
3127,-0.045866
3128,-0.022069
3129,-0.009855
3130,-0.065879
3131,-0.014035
3132,0.004987
3133,0.066559
3134,0.133457
3135,0.101283
3136,0.047721
3137,-0.052636
3138,-0.075902
3139,-0.081545
3140,-0.053940
3141,-0.020734
3142,-0.004016
3143,0.035627
3144,0.011652
3145,-0.001652
3146,-0.012453
3147,-0.068575
3148,-0.038936
3149,0.001085
3150,0.027334
3151,0.061189
3152,0.042810
3153,0.041063
3154,0.038073
3155,-0.001763
3156,-0.018350
3157,-0.058177
3158,-0.048484
3159,-0.041119
3160,-0.048797
3161,-0.034505
3162,0.013305
3163,172.384674
3164,98.878304
3165,3.131045
3166,1841.887817
3167,643.565491
3168,-2.751186
3169,12.364750
3170,11.081303
3171,3.745575
3172,-12.934999
3173,-16.290159
3174,-12.116578
3175,-1.676074
3176,4.595631
3177,8.994744
3178,23.161385
3179,38.136387
3180,14.525010
3181,-21.093416
3182,-28.341675
3183,-17.957100
3184,-10.688283
3185,-8.926139
3186,-2.531785
3187,10.003762
3188,13.308309
3189,16.076994
3190,1.761515
3191,-19.276625
3192,-12.628295
3193,5.240211
3194,-2.059673
3195,-3.899848
3196,-2.015051
3197,12.956396
3198,27.877522
3199,27.189663
3200,24.124115
3201,9.736045
3202,-30.919178
3203,-57.601337
3204,-47.785755
3205,-18.843943
3206,0.379723
3207,9.094782
3208,7.716607
3209,19.541519
3210,8.962689
3211,-4.269045
3212,7.510327
3213,18.969677
3214,17.143040
3215,6.156261
3216,-13.553791
3217,0.016949
3218,0.013942
3219,0.086207
3220,0.055880
3221,0.030550
3222,0.009952
3223,-0.026591
3224,-0.003684
3225,0.036310
3226,0.038118
3227,0.025758
3228,-0.035523
3229,-0.024132
3230,-0.004062
3231,-0.055446
3232,-0.072926
3233,0.003063
3234,0.028374
3235,0.007906
3236,0.022369
3237,0.005450
3238,0.018710
3239,0.025147
3240,-0.008003
3241,-0.029576
3242,-0.030180
3243,-0.035239
3244,0.000830
3245,0.005747
3246,-0.005630
3247,0.015939
3248,0.019259
3249,-0.001851
3250,0.023518
3251,-0.020680
3252,-0.024120
3253,-0.021436
3254,-0.060470
3255,-0.059952
3256,-0.012849
3257,0.030856
3258,0.083374
3259,0.115131
3260,0.068743
3261,0.025355
3262,0.016148
3263,-0.016325
3264,-0.074377
3265,-0.097594
3266,-0.077930
3267,170.042450
3268,102.128418
3269,3.084054
3270,1833.556030
3271,633.329712
3272,14.615067
3273,18.284887
3274,15.336150
3275,0.174279
3276,-2.311084
3277,13.525814
3278,-1.146831
3279,-29.378630
3280,-27.573532
3281,-17.286291
3282,-5.874556
3283,-4.512938
3284,5.475138
3285,29.220814
3286,37.369129
3287,-9.257378
3288,-52.534744
3289,-69.362633
3290,-21.404108
3291,25.168772
3292,37.398483
3293,30.423988
3294,18.388641
3295,8.187281
3296,27.128477
3297,52.204414
3298,19.702650
3299,-29.394045
3300,-52.016045
3301,-63.459797
3302,-36.380630
3303,-19.275242
3304,21.963190
3305,45.216129
3306,29.357918
3307,20.494541
3308,21.249340
3309,-9.754004
3310,-28.618374
3311,-30.726078
3312,-10.102149
3313,10.291121
3314,17.541567
3315,1.734176
3316,2.771094
3317,0.689331
3318,-0.520304
3319,-8.972128
3320,-13.963907
3321,10.310625
3322,0.128826
3323,1548.342041
3324,29.243650
3325,-9.843435
3326,-192.318573
3327,833.144714
3328,-1130.174438
3329,2252.620850
3330,-1875.037964
3331,-1484.349121
3332,2311.252930
3333,-325.507263
3334,1598.338623
3335,-383.975433
3336,446.173065
3337,520.660400
3338,-1845.241455
3339,-1016.404053
3340,1456.850586
3341,-860.674500
3342,973.863953
3343,695.964722
3344,390.940216
3345,1296.078491
3346,661.965881
3347,-233.164047
3348,87.760750
3349,699.912109
3350,-12.201288
3351,-686.614441
3352,1058.813965
3353,1850.889771
3354,1174.286377
3355,1581.201660
3356,-1059.240479
3357,162.737213
3358,-2022.803955
3359,1199.780029
3360,-1786.075806
3361,-1593.777466
3362,-1480.665405
3363,-2402.169434
3364,600.019104
3365,239.588226
3366,-1029.971191
3367,631.674805
3368,-502.893402
3369,227.899246
3370,782.386230
3371,812.789490
3372,1357.309204
3373,1201.491089
3374,2167.251953
3375,685.732117
3376,-0.002373
3377,0.032603
3378,0.063259
3379,0.069750
3380,0.058035
3381,-0.005922
3382,-0.031012
3383,-0.077226
3384,-0.044154
3385,-0.029119
3386,-0.032724
3387,0.041867
3388,0.042015
3389,0.056114
3390,0.012491
3391,-0.021326
3392,-0.014098
3393,-0.002954
3394,0.015295
3395,-0.008293
3396,-0.028621
3397,-0.021828
3398,-0.022016
3399,-0.060728
3400,0.006187
3401,0.009599
3402,0.042324
3403,0.046921
3404,0.017064
3405,-0.017039
3406,-0.006581
3407,0.034427
3408,0.053635
3409,-0.005283
3410,-0.059114
3411,-0.087243
3412,-0.072423
3413,-0.020016
3414,0.040428
3415,0.103458
3416,0.092996
3417,0.066603
3418,0.055094
3419,0.006370
3420,-0.041926
3421,-0.092646
3422,-0.111002
3423,-0.100104
3424,-0.057676
3425,0.035189
3426,0.059080
3427,0.002130
3428,-0.031344
3429,-0.023974
3430,-0.020281
3431,0.010448
3432,0.010567
3433,-0.013603
3434,-0.034020
3435,-0.051021
3436,-0.036276
3437,-0.024787
3438,0.007242
3439,0.049057
3440,0.046338
3441,0.058393
3442,0.025035
3443,-0.029348
3444,0.020947
3445,0.078175
3446,0.062579
3447,-0.046452
3448,-0.118624
3449,-0.047579
3450,-0.021026
3451,-0.010049
3452,0.027061
3453,0.055106
3454,0.020949
3455,-0.065376
3456,-0.090681
3457,-0.042038
3458,-0.011496
3459,0.043510
3460,0.041585
3461,0.061983
3462,0.070345
3463,0.019267
3464,-0.034526
3465,-0.051127
3466,-0.041016
3467,-0.026452
3468,-0.012946
3469,0.009962
3470,0.072930
3471,0.051978
3472,0.041130
3473,-0.068617
3474,-0.055837
3475,-0.004523
3476,0.013090
3477,-0.016922
3478,-0.018749
3479,-0.049291
3480,-0.026950
3481,0.021784
3482,0.048744
3483,-0.004989
3484,-0.035838
3485,-0.011882
3486,-0.012979
3487,-0.007936
3488,-0.039419
3489,-0.063098
3490,0.027239
3491,0.083362
3492,0.036392
3493,0.091743
3494,0.116516
3495,0.069675
3496,0.039431
3497,-0.022959
3498,-0.090820
3499,-0.131473
3500,-0.087790
3501,-0.043749
3502,-0.017448
3503,0.002130
3504,-0.029818
3505,-0.020665
3506,0.011712
3507,0.025038
3508,0.015017
3509,-0.009241
3510,0.049960
3511,0.081909
3512,0.025290
3513,0.004470
3514,0.022239
3515,0.012340
3516,0.030857
3517,-0.002639
3518,-0.043715
3519,-0.024095
3520,-0.018966
3521,-0.042416
3522,-0.064566
3523,-0.054652
3524,-0.046288
3525,0.029603
3526,0.069261
3527,0.110695
3528,0.102887
3529,0.066451
3530,-0.053539
3531,-0.064285
3532,-0.071418
3533,-0.031349
3534,-0.017946
3535,0.010425
3536,-0.005677
3537,0.022056
3538,0.024149
3539,-0.016153
3540,-0.019841
3541,-0.010493
3542,-0.014348
3543,0.012658
3544,0.032850
3545,0.008874
3546,-0.006546
3547,0.025926
3548,0.027803
3549,-0.055136
3550,-0.056348
3551,-0.019979
3552,0.004293
3553,0.060479
3554,0.039871
3555,-0.023477
3556,-0.067221
3557,-0.074772
3558,-0.089679
3559,-0.063287
3560,0.025820
3561,0.037863
3562,0.049231
3563,0.066278
3564,0.049667
3565,0.040135
3566,0.030842
3567,0.022941
3568,0.008419
3569,-0.007864
3570,-0.084425
3571,-0.080232
3572,-0.013612
3573,0.042662
3574,0.082714
3575,318.243683
3576,1267.077148
3577,206.878571
3578,407.516663
3579,1290.483398
3580,-0.395630
3581,8.682567
3582,4.028773
3583,10.815506
3584,38.861485
3585,32.748726
3586,7.873816
3587,-11.502478
3588,-18.670773
3589,-15.783327
3590,-7.962260
3591,-4.984497
3592,0.711597
3593,1.705880
3594,6.589352
3595,7.630791
3596,-1.735743
3597,-16.346140
3598,-2.061900
3599,15.255497
3600,19.114689
3601,-0.584136
3602,-35.882030
3603,-44.704872
3604,-10.696603
3605,11.115987
3606,23.537268
3607,22.694866
3608,23.179234
3609,17.144917
3610,5.665859
3611,-2.150308
3612,-11.566092
3613,4.358214
3614,8.306921
3615,-3.767384
3616,-23.963070
3617,-13.609816
3618,-4.988540
3619,-10.381746
3620,-37.503422
3621,-17.716377
3622,17.991590
3623,38.191200
3624,44.412304
3625,34.194427
3626,6.124357
3627,-26.509991
3628,-45.498829
3629,-10.606889
3630,0.052779
3631,0.038420
3632,0.025359
3633,0.020687
3634,-0.024112
3635,-0.007953
3636,0.020049
3637,-0.018911
3638,0.037091
3639,0.029788
3640,0.011435
3641,-0.012349
3642,-0.019747
3643,0.005905
3644,-0.031006
3645,-0.064510
3646,-0.022186
3647,-0.040163
3648,-0.033605
3649,-0.000123
3650,0.017762
3651,0.052263
3652,-0.017430
3653,-0.023344
3654,-0.002914
3655,-0.000771
3656,0.028223
3657,0.038816
3658,0.019161
3659,0.026880
3660,-0.007082
3661,-0.090107
3662,-0.082040
3663,-0.064677
3664,-0.025821
3665,0.021277
3666,0.057638
3667,0.070984
3668,0.046640
3669,0.024959
3670,0.024181
3671,0.022642
3672,0.012961
3673,0.077629
3674,0.054287
3675,-0.069281
3676,-0.089098
3677,-0.092856
3678,-0.053514
3679,320.649597
3680,1259.053467
3681,203.675674
3682,418.794037
3683,1299.401855
3684,-45.204483
3685,-26.566036
3686,15.717940
3687,37.303905
3688,24.877680
3689,-3.792702
3690,-11.759132
3691,-8.773602
3692,4.444914
3693,27.504578
3694,43.971527
3695,38.065750
3696,14.687064
3697,-24.253126
3698,-62.705296
3699,-87.135422
3700,-63.468746
3701,-15.131757
3702,17.393719
3703,56.854195
3704,58.395847
3705,52.960766
3706,52.392456
3707,21.725256
3708,-5.448646
3709,-38.219006
3710,-58.161713
3711,-70.600517
3712,-44.706528
3713,-20.859592
3714,11.768760
3715,49.439041
3716,59.038624
3717,47.589100
3718,9.860860
3719,-7.957590
3720,-20.578444
3721,-18.155582
3722,-10.415078
3723,-5.278219
3724,6.738067
3725,16.570686
3726,4.823709
3727,-29.821461
3728,-22.049717
3729,3.000800
3730,10.324503
3731,14.348968
3732,4.406738
3733,-0.159697
3734,-0.010665
3735,0.035734
3736,0.038799
3737,0.028827
3738,-0.013993
3739,0.041024
3740,0.036799
3741,0.027004
3742,0.018358
3743,-0.001587
3744,0.011251
3745,-0.013519
3746,-0.040920
3747,-0.035951
3748,0.006965
3749,0.033397
3750,0.036396
3751,-0.008234
3752,-0.047478
3753,-0.041984
3754,-0.053566
3755,-0.008762
3756,0.000651
3757,-0.024066
3758,-0.012011
3759,0.012097
3760,0.013554
3761,-0.011027
3762,0.012213
3763,0.030501
3764,-0.002388
3765,-0.000093
3766,-0.011143
3767,-0.015327
3768,0.030714
3769,0.035857
3770,0.022335
3771,0.028507
3772,-0.020241
3773,-0.017359
3774,0.061331
3775,0.020011
3776,-0.002217
3777,-0.018630
3778,-0.020226
3779,-0.036314
3780,-0.059436
3781,-0.007459
3782,0.032081
3783,0.051618
3784,0.045759
3785,0.033128
3786,-0.043297
3787,-0.103027
3788,-0.127983
3789,-0.049047
3790,0.001727
3791,0.066354
3792,0.074377
3793,0.053192
3794,0.006818
3795,0.001513
3796,0.007955
3797,-0.016085
3798,-0.011188
3799,0.014344
3800,0.015110
3801,0.017616
3802,0.028428
3803,0.014548
3804,0.002371
3805,-0.033410
3806,-0.072419
3807,-0.076274
3808,-0.043797
3809,0.021493
3810,0.027972
3811,0.049516
3812,0.042229
3813,-0.033319
3814,0.003106
3815,-0.014373
3816,-0.014653
3817,-0.009477
3818,0.039781
3819,0.061647
3820,0.026625
3821,-0.051534
3822,-0.057703
3823,-0.043731
3824,0.028401
3825,0.050176
3826,0.038357
3827,0.047080
3828,0.033596
3829,-0.030591
3830,-0.038071
3831,-0.058883
3832,-0.067737
3833,-0.007307
3834,0.028116
3835,0.031750
3836,0.040613
3837,0.063909
3838,0.063759
3839,0.017542
3840,-0.028665
3841,-0.023845
3842,-0.037526
3843,-0.066434
3844,-0.095905
3845,-0.072124
3846,0.013904
3847,0.014626
3848,0.033425
3849,0.021526
3850,-0.001253
3851,-0.000566
3852,0.063473
3853,0.099798
3854,0.118148
3855,0.046501
3856,-0.051344
3857,-0.121449
3858,-0.179979
3859,-0.133808
3860,-0.014075
3861,0.045406
3862,0.104653
3863,0.045572
3864,-0.017373
3865,-0.002392
3866,0.032488
3867,0.105675
3868,0.108753
3869,0.018791
3870,-0.099962
3871,-0.129208
3872,-0.098211
3873,-0.009342
3874,0.077555
3875,0.081658
3876,0.070842
3877,0.040167
3878,0.035215
3879,-0.001559
3880,-0.083646
3881,-0.101377
3882,-0.061538
3883,-0.029202
3884,-0.002371
3885,0.071689
3886,0.031973
3887,-0.006548
3888,-0.024454
3889,-0.018593
3890,0.014877
3891,0.025969
3892,-0.000506
3893,-0.027141
3894,-0.058349
3895,-0.011352
3896,0.011054
3897,0.022315
3898,0.037879
3899,0.032869
3900,0.070457
3901,0.069705
3902,0.059067
3903,-0.000252
3904,-0.061939
3905,-0.102214
3906,-0.119994
3907,-0.085304
3908,-0.020005
3909,0.011959
3910,0.060896
3911,0.085237
3912,0.062327
3913,0.024464
3914,-0.014280
3915,-0.039860
3916,-0.072653
3917,-0.065785
3918,-0.043053
3919,0.005981
3920,0.031385
3921,0.062216
3922,0.055385
3923,0.030014
3924,0.023165
3925,0.031617
3926,-0.011701
3927,0.000430
3928,0.014454
3929,-0.011549
3930,-0.033332
3931,-0.061004
3932,-0.068008
3933,-0.010067
3934,-0.021721
3935,-0.056078
3936,-0.082741
3937,-0.006189
3938,-0.003748
3939,0.028104
3940,0.012426
3941,-0.030987
3942,-0.023813
3943,-0.001471
3944,0.032124
3945,0.023530
3946,-0.055255
3947,-0.042814
3948,0.024498
3949,0.015413
3950,0.019026
3951,-0.023756
3952,-0.016882
3953,0.005108
3954,-0.048332
3955,-0.033253
3956,0.013565
3957,0.031702
3958,0.036828
3959,0.022298
3960,-0.018014
3961,-0.000984
3962,0.003478
3963,0.045222
3964,0.011083
3965,-0.031691
3966,-0.032413
3967,-0.033417
3968,-0.021110
3969,-0.000038
3970,0.043384
3971,0.054595
3972,0.046804
3973,0.017208
3974,0.031957
3975,-0.001715
3976,-0.064598
3977,-0.061364
3978,-0.074977
3979,-0.050827
3980,-0.007261
3981,-0.002902
3982,0.061379
3983,0.065069
3984,0.038387
3985,0.010265
3986,-0.027292
3987,-0.025519
3988,-0.010795
3989,0.001938
3990,0.002149
3991,-0.012902
3992,-0.013771
3993,0.004643
3994,0.006739
3995,-0.044429
3996,-0.046791
3997,-0.028880
3998,0.012518
3999,-0.013977
4000,0.018954
4001,0.073702
4002,0.064137
4003,0.090510
4004,0.050364
4005,0.042499
4006,-0.004125
4007,-0.057693
4008,-0.048281
4009,-0.053819
4010,-0.025023
4011,0.024091
4012,-0.007580
4013,-0.015881
4014,-0.032923
4015,-0.073046
4016,0.007350
4017,0.046316
4018,0.028013
4019,0.053238
4020,0.029891
4021,-0.021015
4022,-0.041547
4023,-0.028805
4024,0.008388
4025,-0.025034
4026,0.013111
4027,0.004423
4028,-0.013171
4029,0.000031
4030,0.030948
4031,0.016701
4032,-0.020756
4033,-0.025556
4034,-0.007919
4035,0.005124
4036,0.038196
4037,0.008008
4038,-0.017460
4039,-0.023676
4040,-0.033553
4041,-0.002183
4042,0.043372
4043,0.034869
4044,0.060432
4045,0.047811
4046,0.045717
4047,-0.022437
4048,-0.080481
4049,-0.091276
4050,-0.040188
4051,0.004169
4052,0.042861
4053,-0.002135
4054,0.011023
4055,0.005814
4056,-0.036619
4057,0.002239
4058,0.001248
4059,-0.012195
4060,-0.010780
4061,-0.012805
4062,-0.041616
4063,-0.031493
4064,0.001128
4065,0.079348
4066,0.142439
4067,0.123956
4068,0.025008
4069,-0.015596
4070,-0.024891
4071,-0.070222
4072,-0.085340
4073,-0.087773
4074,-0.076642
4075,-0.007449
4076,0.011765
4077,0.004537
4078,0.021417
4079,0.035688
4080,0.044236
4081,0.029185
4082,0.008727
4083,-0.051301
4084,-0.075732
4085,-0.022031
4086,0.023816
4087,0.040508
4088,0.080127
4089,0.056328
4090,0.038716
4091,0.007992
4092,-0.000534
4093,0.027101
4094,0.030884
4095,-0.036413
4096,-0.052179
4097,-0.062662
4098,-0.075454
4099,-0.083168
4100,-0.045280
4101,-0.019914
4102,-0.021542
4103,0.008364
4104,0.041327
4105,0.072765
4106,0.072117
4107,0.017578
4108,-0.027769
4109,0.000922
4110,0.023936
4111,0.028453
4112,-0.005406
4113,-0.017567
4114,-0.019995
4115,0.015985
4116,0.049279
4117,0.024351
4118,-0.015532
4119,-0.053646
4120,-0.077932
4121,-0.052626
4122,-0.007824
4123,0.038167
4124,0.041815
4125,0.044253
4126,0.038172
4127,-0.020746
4128,-0.011911
4129,-0.001380
4130,-0.012818
4131,0.002191
4132,0.018795
4133,331.298157
4134,1224.026855
4135,189.693802
4136,468.024170
4137,1339.713745
4138,61.890045
4139,28.295300
4140,17.657675
4141,-0.269810
4142,-35.780846
4143,-31.419180
4144,-16.448864
4145,2.738887
4146,-8.592543
4147,-27.724855
4148,-23.136526
4149,20.575588
4150,40.107548
4151,34.294765
4152,24.071407
4153,10.937258
4154,-16.157122
4155,-39.386051
4156,-46.735817
4157,-50.276268
4158,-37.170074
4159,7.616432
4160,58.532799
4161,68.276939
4162,48.173046
4163,19.043018
4164,-3.574639
4165,-30.244202
4166,-25.543026
4167,-11.253505
4168,5.051571
4169,9.215551
4170,4.490910
4171,-8.883039
4172,-14.199821
4173,-8.228657
4174,-7.945518
4175,-13.319111
4176,-3.404095
4177,5.529850
4178,15.038001
4179,15.230894
4180,19.484648
4181,19.482740
4182,19.719666
4183,-14.622178
4184,-40.693733
4185,-56.135143
4186,-34.312996
4187,-2.290296
4188,-0.044179
4189,-0.102182
4190,-0.096841
4191,-0.024741
4192,0.083754
4193,0.090388
4194,0.106082
4195,0.118334
4196,0.040860
4197,0.000710
4198,-0.060433
4199,-0.094355
4200,-0.052020
4201,-0.062994
4202,-0.053253
4203,-0.029694
4204,0.011661
4205,0.069679
4206,0.045555
4207,0.043816
4208,0.045303
4209,0.003075
4210,0.011231
4211,-0.025851
4212,-0.056497
4213,-0.003145
4214,-0.022934
4215,-0.037475
4216,-0.019869
4217,0.015716
4218,0.012219
4219,0.004426
4220,-0.021069
4221,-0.011929
4222,0.030759
4223,0.025557
4224,0.048985
4225,0.024316
4226,-0.032196
4227,-0.059905
4228,0.015566
4229,0.070064
4230,0.041420
4231,-0.009216
4232,-0.043437
4233,-0.053655
4234,-0.114952
4235,-0.095659
4236,-0.065932
4237,-0.029020
4238,0.050387
4239,0.087983
4240,0.094340
4241,0.061326
4242,0.041317
4243,0.019927
4244,0.017356
4245,-0.023808
4246,-0.030187
4247,0.011721
4248,0.020495
4249,-0.001915
4250,-0.029620
4251,-0.068040
4252,-0.034967
4253,0.021071
4254,0.053581
4255,0.054605
4256,0.008718
4257,-0.014753
4258,-0.031585
4259,-0.035233
4260,-0.026179
4261,0.016549
4262,0.019191
4263,0.013071
4264,-0.012210
4265,-0.019545
4266,-0.042507
4267,0.024485
4268,0.058031
4269,0.040627
4270,0.042158
4271,-0.033475
4272,-0.065721
4273,-0.017386
4274,0.046255
4275,0.045086
4276,0.039703
4277,-0.006844
4278,-0.080063
4279,-0.052885
4280,-0.068713
4281,-0.031261
4282,0.008005
4283,-0.028353
4284,0.029183
4285,0.029122
4286,-0.015838
4287,0.010560
4288,0.057180
4289,0.079573
4290,0.070539
4291,0.001397
4292,0.012665
4293,-0.052214
4294,-0.104582
4295,-0.074550
4296,-0.041035
4297,0.021210
4298,0.077723
4299,0.059073
4300,0.023468
4301,-0.020242
4302,-0.050340
4303,-0.031590
4304,0.015320
4305,0.032474
4306,0.001205
4307,0.003350
4308,-0.047551
4309,-0.010709
4310,0.038763
4311,0.064378
4312,0.033433
4313,-0.012020
4314,-0.023632
4315,-0.052897
4316,-0.079285
4317,-0.057976
4318,-0.050403
4319,-0.004473
4320,0.051127
4321,0.087851
4322,0.044529
4323,0.003536
4324,0.017809
4325,0.011099
4326,-0.017753
4327,-0.020595
4328,0.009788
4329,0.029122
4330,-0.012459
4331,-0.033071
4332,-0.018329
4333,-0.008608
4334,0.009616
4335,0.019740
4336,0.029333
4337,0.000968
4338,0.049963
4339,0.013406
4340,-0.009917
4341,-0.045599
4342,-0.089662
4343,-0.080382
4344,-0.014117
4345,0.010677
4346,0.006242
4347,0.101631
4348,0.081049
4349,0.013882
4350,-0.017572
4351,-0.042638
4352,-0.060046
4353,-0.065442
4354,-0.031851
4355,0.019141
4356,0.011522
4357,0.051839
4358,0.068863
4359,0.034357
4360,-0.027273
4361,-0.046707
4362,-0.063632
4363,-0.053178
4364,-0.055134
4365,-0.007343
4366,0.015145
4367,0.035289
4368,0.095700
4369,0.099849
4370,0.087473
4371,0.071834
4372,0.030728
4373,-0.018309
4374,-0.000726
4375,-0.038678
4376,-0.085952
4377,-0.058654
4378,-0.064069
4379,-0.095408
4380,-0.071527
4381,-0.021923
4382,-0.014980
4383,0.049610
4384,0.046712
4385,0.057503
4386,0.056687
4387,337.260437
4388,1204.430542
4389,181.871353
4390,495.567017
4391,1368.256836
4392,-14.629592
4393,-6.274268
4394,-12.510779
4395,6.243635
4396,32.208031
4397,71.512039
4398,76.340576
4399,20.997232
4400,-70.097855
4401,-109.000130
4402,-81.176056
4403,-17.305801
4404,29.306366
4405,60.359558
4406,61.740074
4407,42.707554
4408,-0.235396
4409,-34.260643
4410,-25.750557
4411,-6.472949
4412,0.639578
4413,1.590496
4414,-8.415647
4415,11.387402
4416,12.206867
4417,-1.016687
4418,-28.539503
4419,-26.449360
4420,-18.394648
4421,4.190603
4422,16.481791
4423,17.877012
4424,27.596657
4425,43.565994
4426,29.299992
4427,-14.296720
4428,-40.398392
4429,-48.097179
4430,-60.174561
4431,-32.300957
4432,20.767817
4433,56.633018
4434,61.799519
4435,45.729763
4436,7.040795
4437,-22.092730
4438,-37.009060
4439,-55.014977
4440,-46.024406
4441,-7.132941
4442,0.033247
4443,-0.005959
4444,-0.041293
4445,-0.026839
4446,-0.047519
4447,-0.030727
4448,-0.034140
4449,0.003386
4450,0.038279
4451,0.030400
4452,0.029139
4453,0.011923
4454,0.003847
4455,0.028690
4456,0.026489
4457,-0.007256
4458,-0.010991
4459,-0.017354
4460,-0.031425
4461,-0.039522
4462,-0.043209
4463,-0.028797
4464,0.024837
4465,0.021630
4466,0.004007
4467,0.018363
4468,0.034070
4469,0.046233
4470,0.073216
4471,-0.017585
4472,-0.069380
4473,-0.082866
4474,-0.048699
4475,-0.033293
4476,-0.002892
4477,0.026856
4478,0.040780
4479,0.045174
4480,0.063965
4481,0.042979
4482,-0.037787
4483,-0.016802
4484,-0.023991
4485,-0.011219
4486,0.045244
4487,0.021958
4488,0.033537
4489,0.007466
4490,-0.032849
4491,-0.031400
4492,-0.046562
4493,-0.009956
4494,-0.017844
4495,-0.054954
4496,-0.056185
4497,-0.014868
4498,0.048242
4499,0.053399
4500,0.051536
4501,0.068307
4502,0.056778
4503,-0.008519
4504,-0.052664
4505,-0.047635
4506,-0.056385
4507,-0.030833
4508,-0.011522
4509,0.015912
4510,0.022252
4511,0.012523
4512,0.037945
4513,0.046853
4514,0.046836
4515,0.070233
4516,0.064883
4517,-0.034011
4518,-0.096081
4519,-0.115571
4520,-0.067607
4521,-0.002229
4522,-0.002291
4523,-0.010203
4524,-0.036277
4525,-0.023642
4526,-0.001558
4527,0.016270
4528,0.045592
4529,0.010920
4530,0.049248
4531,0.045418
4532,0.022026
4533,0.029395
4534,0.052877
4535,0.011713
4536,-0.020561
4537,-0.050336
4538,-0.069903
4539,-0.063698
4540,-0.036079
4541,-0.000571
4542,0.005430
4543,0.029043
4544,0.043281
4545,0.032999
4546,0.017163
4547,0.024032
4548,0.016403
4549,-0.027882
4550,-0.038880
4551,-0.057059
4552,-0.052249
4553,-0.054324
4554,-0.058254
4555,0.015869
4556,0.120253
4557,0.112773
4558,0.067550
4559,0.056070
4560,-0.013901
4561,-0.049090
4562,-0.058711
4563,-0.063198
4564,-0.032630
4565,-0.021863
4566,-0.002905
4567,-0.007634
4568,-0.017339
4569,0.001810
4570,0.048278
4571,0.071424
4572,0.006819
4573,-0.017838
4574,0.003267
4575,-0.057012
4576,-0.048434
4577,-0.013149
4578,-0.027289
4579,-0.001513
4580,0.034216
4581,0.026159
4582,0.033508
4583,0.029709
4584,0.010668
4585,0.071565
4586,0.005434
4587,-0.046418
4588,-0.041592
4589,-0.030384
4590,-0.043800
4591,342.035217
4592,1188.691650
4593,175.588745
4594,517.688049
4595,1386.659668
4596,-23.811567
4597,-8.166066
4598,16.482208
4599,16.449879
4600,19.073547
4601,30.633654
4602,25.637392
4603,16.405626
4604,-2.508617
4605,-31.398684
4606,-54.849186
4607,-47.437828
4608,-17.110590
4609,-5.692525
4610,-0.814160
4611,38.780460
4612,57.872402
4613,36.123341
4614,-11.583739
4615,-46.460342
4616,-33.768585
4617,-8.999625
4618,-9.508322
4619,-26.049807
4620,-29.840628
4621,24.134815
4622,67.351273
4623,62.212532
4624,42.773617
4625,24.457884
4626,6.792059
4627,-16.228300
4628,-34.922764
4629,-47.532795
4630,-42.169743
4631,-36.901867
4632,0.319937
4633,16.044121
4634,-1.915093
4635,-14.090608
4636,3.438378
4637,9.287405
4638,-2.823299
4639,4.679089
4640,28.549908
4641,46.550262
4642,30.645973
4643,13.943768
4644,-17.229296
4645,-4.641095
4646,-0.009136
4647,-0.029160
4648,-0.029179
4649,-0.002476
4650,0.025970
4651,0.053800
4652,0.057796
4653,0.066400
4654,0.057899
4655,-0.001048
4656,-0.047002
4657,-0.061423
4658,-0.072285
4659,-0.074999
4660,-0.054064
4661,-0.043414
4662,0.016433
4663,0.059646
4664,0.024565
4665,0.065107
4666,-0.010300
4667,-0.058154
4668,-0.030428
4669,-0.032264
4670,-0.016720
4671,-0.000492
4672,0.001320
4673,0.019280
4674,0.039603
4675,0.004865
4676,0.014314
4677,0.037911
4678,0.055838
4679,0.054123
4680,0.014572
4681,-0.035455
4682,-0.060226
4683,-0.038777
4684,-0.093536
4685,-0.074606
4686,-0.002195
4687,0.042538
4688,0.088513
4689,0.081551
4690,0.058800
4691,-0.008631
4692,-0.076791
4693,-0.072298
4694,-0.017392
4695,-0.006454
4696,-0.001944
4697,0.006654
4698,-0.004940
4699,0.018639
4700,0.025490
4701,0.027100
4702,0.059058
4703,0.072990
4704,0.026070
4705,0.005084
4706,-0.021861
4707,-0.050988
4708,-0.077380
4709,-0.067071
4710,-0.035357
4711,-0.017115
4712,-0.017755
4713,-0.013610
4714,0.020163
4715,-0.007292
4716,0.003347
4717,0.057597
4718,0.013354
4719,-0.005989
4720,-0.054884
4721,-0.046965
4722,0.033168
4723,0.058608
4724,0.084667
4725,0.073769
4726,0.028947
4727,0.001103
4728,-0.034799
4729,-0.034152
4730,-0.028332
4731,0.006446
4732,-0.008349
4733,-0.026382
4734,-0.022100
4735,-0.023701
4736,0.006947
4737,0.080561
4738,0.044562
4739,0.028749
4740,0.015010
4741,-0.002059
4742,-0.037554
4743,-0.077904
4744,-0.088408
4745,-0.049154
4746,-0.042279
4747,-0.010127
4748,-0.058106
4749,-0.044261
4750,0.046663
4751,0.073109
4752,0.092803
4753,0.081893
4754,0.049919
4755,0.005769
4756,-0.016135
4757,-0.001311
4758,0.005536
4759,-0.013177
4760,-0.023786
4761,-0.007167
4762,0.003094
4763,0.024737
4764,0.022946
4765,-0.021240
4766,-0.020735
4767,-0.065797
4768,-0.016798
4769,0.011394
4770,-0.012795
4771,0.000974
4772,0.023084
4773,-0.011501
4774,0.010794
4775,0.032812
4776,0.008429
4777,0.002483
4778,0.023022
4779,-0.024135
4780,-0.025598
4781,0.010793
4782,0.010787
4783,0.017247
4784,0.015840
4785,0.004212
4786,0.002583
4787,-0.046148
4788,-0.052658
4789,-0.042978
4790,0.001224
4791,0.007588
4792,-0.001623
4793,-0.015346
4794,0.019592
4795,0.009066
4796,-0.029526
4797,-0.065914
4798,-0.079106
4799,-0.082237
4800,-0.031853
4801,0.020231
4802,0.045182
4803,0.072014
4804,0.066704
4805,0.018961
4806,0.003449
4807,0.052833
4808,0.040508
4809,-0.017169
4810,-0.033341
4811,-0.066311
4812,-0.040766
4813,0.013543
4814,-0.013300
4815,-0.032485
4816,-0.007764
4817,-0.014560
4818,-0.018517
4819,-0.039982
4820,0.003042
4821,0.050701
4822,0.011456
4823,0.017026
4824,-0.034517
4825,-0.018646
4826,0.034611
4827,0.039663
4828,0.049513
4829,0.022757
4830,-0.023391
4831,-0.026069
4832,-0.013615
4833,0.028761
4834,0.067353
4835,0.013924
4836,-0.027474
4837,-0.026430
4838,0.005182
4839,-0.029322
4840,-0.018622
4841,-0.052166
4842,-0.064044
4843,-0.020876
4844,0.045784
4845,0.044946
4846,0.016122
4847,-0.004533
4848,-0.054348
4849,-0.085916
4850,0.002124
4851,0.019230
4852,0.011965
4853,0.035767
4854,0.114345
4855,0.118497
4856,0.036531
4857,-0.075153
4858,-0.116782
4859,-0.074990
4860,-0.017708
4861,-0.000656
4862,0.010653
4863,0.045158
4864,0.019460
4865,0.013983
4866,-0.007153
4867,-0.016051
4868,0.006976
4869,-0.022350
4870,-0.026565
4871,0.014817
4872,-0.013117
4873,-0.001100
4874,-0.014866
4875,-0.037629
4876,-0.031521
4877,0.037506
4878,0.039884
4879,0.078491
4880,0.074984
4881,0.030829
4882,0.004205
4883,-0.046831
4884,-0.049887
4885,-0.010950
4886,-0.033566
4887,-0.064088
4888,-0.045610
4889,-0.021063
4890,0.027544
4891,0.039200
4892,0.031198
4893,0.008193
4894,0.016316
4895,0.046993
4896,0.043342
4897,0.002607
4898,0.003284
4899,0.001532
4900,-0.048524
4901,-0.066576
4902,-0.071219
4903,-0.054339
4904,-0.028247
4905,0.036973
4906,0.074861
4907,0.062483
4908,0.047615
4909,0.093173
4910,0.029469
4911,-0.042176
4912,-0.104564
4913,-0.112475
4914,-0.108671
4915,-0.032384
4916,0.045741
4917,0.081891
4918,0.062003
4919,0.041283
4920,0.057914
4921,0.006849
4922,-0.026025
4923,-0.020621
4924,-0.073797
4925,-0.100140
4926,-0.010030
4927,-0.013759
4928,0.000173
4929,0.001087
4930,0.085980
4931,0.073026
4932,0.036825
4933,0.042955
4934,-0.029837
4935,-0.023110
4936,-0.036651
4937,-0.076920
4938,-0.040605
4939,0.035313
4940,0.018730
4941,0.032723
4942,0.057279
4943,0.007597
4944,-0.001688
4945,0.003792
4946,-0.044848
4947,-0.110758
4948,-0.053547
4949,-0.031972
4950,-0.048419
4951,-0.013035
4952,0.027100
4953,0.125262
4954,0.096480
4955,0.013491
4956,-0.012612
4957,0.001775
4958,0.008918
4959,0.008929
4960,-0.022194
4961,-0.024665
4962,-0.022374
4963,-0.015345
4964,-0.038084
4965,-0.031893
4966,-0.024752
4967,0.034804
4968,0.105709
4969,0.095303
4970,0.047342
4971,-0.011132
4972,-0.075446
4973,-0.110551
4974,-0.114234
4975,-0.049807
4976,0.016240
4977,0.014458
4978,0.015141
4979,0.013182
4980,0.036199
4981,0.089977
4982,0.129072
4983,0.029837
4984,-0.014364
4985,-0.050955
4986,-0.039948
4987,-0.038216
4988,-0.047090
4989,-0.033532
4990,0.010502
4991,-0.001411
4992,-0.049480
4993,0.005655
4994,0.008568
4995,0.000148
4996,0.013555
4997,0.040903
4998,-0.002086
4999,0.030844
5000,0.054613
5001,0.001266
5002,-0.041127
5003,-0.047013
5004,-0.021530
5005,0.033162
5006,0.075992
5007,0.038440
5008,0.004977
5009,-0.052680
5010,-0.073536
5011,-0.071232
5012,-0.076957
5013,-0.034034
5014,0.000378
5015,0.055528
5016,0.053700
5017,0.054995
5018,0.064790
5019,-0.020735
5020,-0.025984
5021,-0.017077
5022,-0.047512
5023,0.027233
5024,0.059887
5025,0.019503
5026,0.034109
5027,-0.032920
5028,-0.032274
5029,0.022569
5030,0.004388
5031,0.038839
5032,0.021360
5033,0.017663
5034,-0.010972
5035,-0.051980
5036,-0.056386
5037,-0.039102
5038,-0.016073
5039,-0.025415
5040,0.025898
5041,0.031490
5042,0.026121
5043,0.052827
5044,0.044817
5045,-0.030306
5046,-0.010726
5047,0.027242
5048,0.051836
5049,0.001494
5050,-0.024145
5051,-0.092153
5052,-0.073425
5053,0.045693
5054,0.052980
5055,0.032712
5056,0.058366
5057,-0.002855
5058,-0.015168
5059,-0.013471
5060,-0.011400
5061,0.026630
5062,-0.015696
5063,-0.041706
5064,-0.062868
5065,-0.017626
5066,0.014655
5067,0.011855
5068,0.033146
5069,0.060201
5070,0.026104
5071,0.006652
5072,-0.034188
5073,0.000005
5074,-0.008611
5075,-0.042710
5076,-0.011741
5077,0.037161
5078,0.003936
5079,-0.007853
5080,0.018748
5081,0.023036
5082,-0.014552
5083,-0.011339
5084,-0.006890
5085,-0.044974
5086,-0.076426
5087,-0.059522
5088,-0.015586
5089,-0.001144
5090,0.026615
5091,0.049499
5092,0.038272
5093,0.066504
5094,0.068984
5095,0.069029
5096,0.041060
5097,0.010846
5098,-0.009829
5099,-0.052266
5100,-0.068261
5101,-0.086894
5102,-0.088820
5103,-0.032867
5104,0.003412
5105,0.064688
5106,0.125975
5107,0.082729
5108,0.060454
5109,0.041619
5110,-0.003761
5111,-0.049624
5112,-0.068933
5113,-0.087190
5114,-0.100378
5115,-0.061207
5116,0.011325
5117,-0.025918
5118,-0.030300
5119,-0.003876
5120,0.055134
5121,0.029542
5122,0.005681
5123,0.039099
5124,-0.000471
5125,0.008108
5126,0.017914
5127,0.011389
5128,0.029963
5129,0.041629
5130,0.062127
5131,0.045965
5132,-0.014896
5133,-0.029946
5134,-0.066394
5135,-0.096946
5136,-0.090259
5137,-0.031751
5138,0.008113
5139,0.050747
5140,0.061113
5141,0.060716
5142,0.089271
5143,0.036861
5144,-0.022864
5145,-0.040062
5146,-0.012308
5147,-0.008014
5148,-0.048882
5149,0.006904
5150,0.019041
5151,0.062936
5152,0.105604
5153,0.053145
5154,0.019319
5155,-0.006262
5156,-0.100280
5157,-0.120637
5158,-0.114146
5159,-0.051744
5160,0.000565
5161,0.089738
5162,0.053470
5163,0.016142
5164,0.037377
5165,0.026033
5166,-0.000325
5167,-0.055716
5168,-0.045356
5169,-0.032330
5170,0.019422
5171,0.043820
5172,0.011603
5173,-0.019228
5174,-0.017471
5175,0.042920
5176,0.053508
5177,0.020097
5178,-0.057177
5179,-0.053420
5180,0.047658
5181,0.041220
5182,-0.006810
5183,-0.012770
5184,0.001776
5185,0.010911
5186,-0.017506
5187,0.024170
5188,0.058166
5189,-0.020906
5190,-0.066225
5191,-0.042613
5192,-0.030077
5193,-0.034342
5194,-0.035338
5195,0.036423
5196,0.086706
5197,0.112208
5198,0.112499
5199,0.056172
5200,-0.013560
5201,-0.068798
5202,-0.168736
5203,-0.185559
5204,-0.148095
5205,-0.063384
5206,0.003381
5207,0.072086
5208,0.119569
5209,0.104780
5210,0.067298
5211,0.084412
5212,0.065675
5213,0.021124
5214,0.022325
5215,-0.019107
5216,-0.098529
5217,-0.058160
5218,-0.084600
5219,-0.028025
5220,-0.000701
5221,-0.001788
5222,0.064130
5223,0.083496
5224,0.033563
5225,-0.019404
5226,-0.034479
5227,-0.011460
5228,0.042245
5229,0.002710
5230,-0.034965
5231,-0.063193
5232,-0.048178
5233,-0.049117
5234,-0.023217
5235,0.014533
5236,0.011596
5237,-0.015114
5238,-0.009771
5239,0.025006
5240,0.059528
5241,0.066956
5242,0.059984
5243,0.017013
5244,-0.029012
5245,0.032036
5246,0.018165
5247,0.012517
5248,-0.050848
5249,-0.081141
5250,0.005018
5251,0.025220
5252,-0.000711
5253,0.011876
5254,0.018331
5255,-0.024232
5256,-0.072796
5257,-0.029809
5258,0.032121
5259,0.039639
5260,0.040186
5261,0.055966
5262,0.001444
5263,-0.014180
5264,-0.022964
5265,-0.059560
5266,-0.046729
5267,-0.071512
5268,-0.044116
5269,0.013370
5270,0.056099
5271,0.105401
5272,0.103894
5273,0.029899
5274,-0.024467
5275,-0.015061
5276,-0.039946
5277,-0.081426
5278,-0.044041
5279,0.011289
5280,0.027735
5281,0.054582
5282,0.076221
5283,0.060991
5284,0.033457
5285,-0.028122
5286,-0.097862
5287,-0.060552
5288,-0.050201
5289,-0.028331
5290,-0.026434
5291,-0.037428
5292,-0.028916
5293,-0.011500
5294,-0.008651
5295,0.032363
5296,0.075514
5297,0.067860
5298,0.033653
5299,0.058341
5300,0.022246
5301,-0.040678
5302,-0.046693
5303,-0.035677
5304,-0.058266
5305,-0.008496
5306,0.040379
5307,-0.021636
5308,-0.006160
5309,0.001240
5310,0.033595
5311,0.063353
5312,0.010296
5313,0.006323
5314,-0.058046
5315,-0.068306
5316,-0.060917
5317,-0.035556
5318,0.023391
5319,0.055819
5320,0.063495
5321,0.049104
5322,0.037402
5323,-0.011765
5324,-0.069823
5325,-0.024674
5326,-0.007488
5327,0.036548
5328,0.067757
5329,0.041614
5330,0.028375
5331,-0.013766
5332,-0.023762
5333,-0.017176
5334,-0.039380
5335,-0.059367
5336,-0.041266
5337,-0.013667
5338,0.045676
5339,0.034565
5340,0.010050
5341,-0.015855
5342,-0.038478
5343,0.028791
5344,0.058285
5345,0.027906
5346,0.016400
5347,0.002620
5348,-0.036341
5349,-0.054365
5350,-0.041657
5351,-0.028451
5352,-0.002640
5353,0.000407
5354,-0.015816
5355,0.020902
5356,0.012396
5357,-0.047843
5358,-0.045906
5359,0.022186
5360,0.067540
5361,0.088948
5362,0.110262
5363,0.068734
5364,0.005599
5365,-0.043231
5366,-0.055788
5367,-0.057365
5368,-0.018984
5369,-0.035707
5370,-0.059770
5371,-0.034372
5372,0.003980
5373,0.030532
5374,0.038503
5375,0.037286
5376,-0.036903
5377,-0.079229
5378,-0.010839
5379,0.041076
5380,0.044960
5381,-0.001579
5382,-0.001386
5383,0.016780
5384,0.011715
5385,0.034296
5386,0.011644
5387,-0.019716
5388,-0.005581
5389,-0.007656
5390,0.008761
5391,0.038289
5392,0.013437
5393,-0.004291
5394,-0.025224
5395,-0.023083
5396,-0.049060
5397,-0.053065
5398,-0.008277
5399,0.015133
5400,-0.025487
5401,0.003699
5402,0.019193
5403,0.039679
5404,0.030737
5405,-0.019258
5406,-0.042939
5407,-0.029617
5408,-0.056115
5409,-0.007652
5410,0.005064
5411,0.005399
5412,0.013310
5413,0.096809
5414,0.145500
5415,0.090601
5416,0.047982
5417,0.013051
5418,-0.040197
5419,-0.096570
5420,-0.096900
5421,-0.062384
5422,-0.068005
5423,-0.030879
5424,0.017391
5425,0.000029
5426,-0.004232
5427,-0.000808
5428,-0.022522
5429,0.006710
5430,0.052420
5431,0.072793
5432,0.012329
5433,-0.000237
5434,0.018225
5435,0.007256
5436,0.013315
5437,0.019058
5438,-0.009367
5439,-0.022122
5440,0.007052
5441,-0.032570
5442,0.017541
5443,0.045371
5444,0.028317
5445,0.005131
5446,0.036955
5447,0.044902
5448,0.066565
5449,0.062599
5450,0.004075
5451,-0.062246
5452,0.005525
5453,0.012992
5454,-0.026551
5455,-0.037118
5456,-0.075725
5457,-0.046300
5458,-0.004768
5459,0.013153
5460,0.051834
5461,0.060740
5462,0.052234
5463,0.043626
5464,-0.011675
5465,0.050598
5466,0.039316
5467,-0.051225
5468,-0.065610
5469,-0.043260
5470,-0.032245
5471,0.012444
5472,-0.016860
5473,-0.017067
5474,-0.042786
5475,-0.001555
5476,0.050533
5477,0.034102
5478,-0.008985
5479,-0.070062
5480,-0.055873
5481,-0.013377
5482,0.034338
5483,0.046780
5484,0.023174
5485,-0.019468
5486,-0.014189
5487,0.005233
5488,0.034958
5489,-0.002351
5490,-0.019874
5491,0.028813
5492,0.049466
5493,0.044296
5494,-0.020930
5495,-0.033479
5496,0.006961
5497,0.045805
5498,0.060460
5499,0.055664
5500,0.068508
5501,0.084691
5502,0.070780
5503,0.037808
5504,-0.055877
5505,-0.064765
5506,-0.061030
5507,-0.129549
5508,-0.148013
5509,-0.099803
5510,-0.041602
5511,0.015547
5512,0.013052
5513,0.036978
5514,0.137603
5515,0.142957
5516,0.098338
5517,0.029818
5518,-0.030100
5519,-0.020881
5520,-0.005354
5521,-0.019064
5522,-0.034251
5523,-0.010542
5524,-0.054028
5525,-0.034862
5526,-0.021015
5527,-0.016223
5528,-0.006518
5529,0.032558
5530,0.078355
5531,0.044267
5532,0.019004
5533,-0.027732
5534,-0.082275
5535,-0.081019
5536,-0.057712
5537,-0.013115
5538,-0.001839
5539,0.042237
5540,0.086427
5541,0.048823
5542,0.034309
5543,0.022755
5544,-0.014078
5545,-0.070986
5546,-0.075678
5547,-0.002791
5548,-0.001557
5549,-0.004272
5550,-0.018596
5551,-0.007056
5552,-0.001671
5553,0.000860
5554,0.011457
5555,0.017451
5556,0.042982
5557,0.051426
5558,0.050980
5559,0.032248
5560,-0.032403
5561,-0.047519
5562,-0.062273
5563,-0.077021
5564,-0.020119
5565,0.010356
5566,-0.017756
5567,0.034744
5568,0.002291
5569,-0.008107
5570,-0.023208
5571,0.020789
5572,0.078293
5573,0.049389
5574,0.012424
5575,-0.015795
5576,-0.007212
5577,-0.059591
5578,-0.073898
5579,0.016430
5580,0.085179
5581,0.041301
5582,0.034502
5583,0.028484
5584,-0.019068
5585,-0.021349
5586,0.026849
5587,-0.000385
5588,0.008761
5589,-0.030732
5590,-0.061422
5591,-0.023278
5592,-0.005579
5593,-0.037935
5594,-0.027004
5595,0.007702
5596,0.026218
5597,-0.005966
5598,0.021922
5599,0.015867
5600,-0.011289
5601,0.010330
5602,0.019631
5603,-0.009150
5604,-0.011610
5605,0.033294
5606,0.008031
5607,0.018345
5608,0.036384
5609,0.041636
5610,0.004107
5611,0.015054
5612,0.053751
5613,-0.009745
5614,-0.047715
5615,-0.090019
5616,-0.085032
5617,-0.126534
5618,-0.100387
5619,-0.041797
5620,0.019234
5621,0.075871
5622,0.095172
5623,0.056309
5624,0.051698
5625,-0.005756
5626,-0.011528
5627,0.055416
5628,0.020610
5629,0.033720
5630,0.027418
5631,-0.010361
5632,-0.058925
5633,-0.062856
5634,-0.033760
5635,0.004687
5636,-0.038212
5637,-0.068589
5638,-0.068603
5639,0.017245
5640,0.075384
5641,0.113218
5642,0.073228
5643,0.032438
5644,0.001410
5645,-0.045876
5646,-0.077956
5647,-0.007861
5648,0.023582
5649,0.039171
5650,0.029268
5651,-0.022325
5652,-0.026531
5653,-0.018750
5654,0.026440
5655,-0.012277
5656,-0.068458
5657,0.007614
5658,0.041219
5659,0.020198
5660,0.030882
5661,0.013593
5662,-0.069610
5663,-0.110183
5664,-0.059506
5665,0.035676
5666,0.025615
5667,0.044491
5668,0.072369
5669,-0.002318
5670,-0.060921
5671,-0.066920
5672,-0.052113
5673,-0.010007
5674,0.043751
5675,0.098645
5676,0.057542
5677,0.063956
5678,0.058876
5679,0.055859
5680,-0.062429
5681,-0.113987
5682,-0.086447
5683,-0.051445
5684,-0.001289
5685,0.011950
5686,0.034381
5687,0.037691
5688,0.025471
5689,0.010786
5690,0.011520
5691,-0.011911
5692,-0.041267
5693,-0.037986
5694,-0.007434
5695,-0.015373
5696,0.007786
5697,0.040822
5698,0.074722
5699,0.049065
5700,-0.015483
5701,-0.024123
5702,0.029504
5703,-0.003772
5704,-0.008215
5705,-0.026836
5706,-0.096514
5707,-0.075239
5708,-0.023463
5709,0.029817
5710,0.082001
5711,0.020588
5712,-0.002043
5713,-0.036593
5714,-0.046534
5715,-0.000978
5716,0.030442
5717,0.017539
5718,0.007028
5719,0.017690
5720,-0.002513
5721,0.014335
5722,0.066971
5723,0.035009
5724,-0.010808
5725,0.005963
5726,-0.040663
5727,-0.067127
5728,-0.039831
5729,-0.002060
5730,-0.005097
5731,0.044018
5732,0.071178
5733,0.045641
5734,0.036815
5735,0.012949
5736,-0.034224
5737,-0.087360
5738,-0.078526
5739,-0.006599
5740,0.024840
5741,0.041218
5742,-0.000764
5743,-0.054732
5744,-0.085834
5745,-0.024196
5746,0.064373
5747,0.050143
5748,0.052051
5749,-0.007800
5750,-0.017356
5751,0.000540
5752,-0.017946
5753,-0.031482
5754,0.016580
5755,0.069437
5756,0.034017
5757,0.002095
5758,0.005974
5759,-0.004282
5760,-0.048440
5761,-0.033383
5762,-0.003672
5763,-0.025403
5764,-0.028491
5765,-0.054303
5766,-0.000617
5767,0.012575
5768,0.008448
5769,0.009686
5770,-0.008087
5771,0.024698
5772,0.028018
5773,0.023052
5774,0.041105
5775,-0.000088
5776,-0.015318
5777,-0.016991
5778,0.016550
5779,0.019467
5780,0.026981
5781,0.025595
5782,0.046790
5783,0.027438
5784,0.015296
5785,-0.038265
5786,-0.066214
5787,-0.087962
5788,-0.072704
5789,-0.034273
5790,-0.032546
5791,0.032987
5792,-0.018896
5793,-0.037143
5794,0.032724
5795,0.030893
5796,0.010720
5797,-0.005302
5798,0.011317
5799,0.022650
5800,0.009996
5801,0.029213
5802,0.022646
5803,0.033941
5804,-0.010679
5805,-0.016483
5806,0.016478
5807,0.037950
5808,0.033234
5809,0.048132
5810,-0.015100
5811,-0.045432
5812,-0.025816
5813,-0.062557
5814,-0.055796
5815,-0.031604
5816,-0.015015
5817,0.002170
5818,-0.001712
5819,0.010114
5820,0.055232
5821,0.028156
5822,-0.003191
5823,-0.001522
5824,0.010337
5825,0.055479
5826,0.038354
5827,-0.021661
5828,-0.010904
5829,-0.012031
5830,-0.022946
5831,-0.059864
5832,-0.057916
5833,-0.081981
5834,-0.042392
5835,0.052020
5836,0.098425
5837,0.121964
5838,0.046200
5839,0.000578
5840,-0.042076
5841,-0.071717
5842,-0.105192
5843,-0.078579
5844,-0.014706
5845,371.432922
5846,1091.944336
5847,136.969223
5848,653.667236
5849,1502.491699
5850,-13.076599
5851,-15.189674
5852,-23.517477
5853,-12.820627
5854,3.952426
5855,12.381435
5856,10.256217
5857,-7.564861
5858,-18.275257
5859,-34.102741
5860,-29.374298
5861,7.615578
5862,37.139412
5863,41.853695
5864,28.535824
5865,8.661774
5866,-19.296381
5867,-25.229099
5868,-35.902309
5869,-27.047487
5870,6.362550
5871,21.917601
5872,27.233383
5873,6.220647
5874,-24.941505
5875,-23.232676
5876,-11.113674
5877,1.491413
5878,16.437946
5879,22.681116
5880,42.764626
5881,31.781340
5882,-1.710059
5883,-39.886879
5884,-48.383675
5885,-27.697538
5886,3.201998
5887,31.290745
5888,53.286823
5889,45.063606
5890,-4.275183
5891,-45.868145
5892,-50.573048
5893,-45.690819
5894,-12.271820
5895,16.048384
5896,10.613148
5897,1.846505
5898,-9.346107
5899,0.109733
5900,0.035229
5901,0.066652
5902,-0.018014
5903,-0.041487
5904,0.026503
5905,0.057404
5906,0.043647
5907,0.064412
5908,0.030752
5909,-0.032620
5910,-0.038513
5911,0.015656
5912,-0.004156
5913,-0.041717
5914,-0.011737
5915,-0.047314
5916,-0.077939
5917,-0.034833
5918,-0.009792
5919,0.030211
5920,0.090113
5921,0.090872
5922,0.044536
5923,-0.038912
5924,-0.048345
5925,-0.035338
5926,-0.004029
5927,0.017678
5928,-0.000819
5929,-0.033165
5930,-0.045783
5931,-0.017741
5932,-0.003149
5933,0.029363
5934,0.032419
5935,0.025104
5936,-0.015199
5937,0.005280
5938,0.001443
5939,-0.005280
5940,0.019531
5941,0.045406
5942,0.051420
5943,0.021133
5944,-0.015515
5945,-0.006033
5946,0.000057
5947,-0.019030
5948,-0.047772
5949,-0.032043
5950,-0.034125
5951,-0.001704
5952,0.029724
5953,0.046921
5954,-0.010611
5955,-0.031785
5956,-0.030911
5957,-0.016173
5958,-0.016461
5959,-0.045983
5960,-0.021095
5961,0.003218
5962,-0.009815
5963,0.027686
5964,0.035768
5965,0.083648
5966,0.088511
5967,0.038931
5968,0.019049
5969,-0.025318
5970,-0.021040
5971,-0.051946
5972,-0.036526
5973,0.004690
5974,0.007915
5975,-0.007380
5976,-0.054117
5977,-0.042335
5978,0.019997
5979,0.037198
5980,0.007543
5981,0.017276
5982,0.009402
5983,-0.015377
5984,-0.017482
5985,-0.105767
5986,-0.077791
5987,0.024302
5988,0.034667
5989,0.045949
5990,0.073082
5991,0.042740
5992,0.026914
5993,0.034331
5994,0.012463
5995,-0.022945
5996,-0.052807
5997,-0.054480
5998,-0.045418
5999,-0.049770
6000,-0.033617
6001,0.021818
6002,0.053793
6003,0.046849
6004,0.042140
6005,0.035941
6006,0.013434
6007,0.009123
6008,0.029207
6009,-0.005258
6010,-0.049779
6011,-0.070992
6012,-0.040650
6013,-0.041967
6014,-0.004426
6015,0.024546
6016,0.018969
6017,-0.000604
6018,-0.021052
6019,-0.015483
6020,0.005472
6021,0.034334
6022,0.034866
6023,0.073151
6024,0.018161
6025,-0.006495
6026,-0.032464
6027,-0.045935
6028,-0.019628
6029,-0.030094
6030,-0.016667
6031,0.023053
6032,0.044982
6033,-0.012308
6034,-0.004121
6035,0.061735
6036,0.038273
6037,-0.022602
6038,-0.042094
6039,-0.036368
6040,-0.030952
6041,0.008882
6042,0.004160
6043,-0.017750
6044,-0.057720
6045,-0.013076
6046,0.004346
6047,0.048056
6048,0.083661
6049,0.082273
6050,0.052795
6051,0.000594
6052,-0.010015
6053,-0.027932
6054,-0.019243
6055,-0.034390
6056,-0.043717
6057,-0.073944
6058,-0.073850
6059,-0.052154
6060,-0.014604
6061,0.022401
6062,0.031483
6063,0.043708
6064,-0.014955
6065,0.029396
6066,0.039324
6067,0.001221
6068,0.032455
6069,0.021317
6070,0.009610
6071,0.063420
6072,-0.001374
6073,-0.076290
6074,-0.051662
6075,-0.040197
6076,-0.011898
6077,0.044708
6078,0.051479
6079,0.054117
6080,0.011739
6081,-0.071506
6082,-0.067965
6083,-0.029983
6084,0.024270
6085,0.017006
6086,0.032964
6087,0.020291
6088,-0.011922
6089,-0.018056
6090,0.037628
6091,0.016913
6092,0.014213
6093,-0.024365
6094,-0.055665
6095,-0.068645
6096,-0.089367
6097,-0.044122
6098,0.032536
6099,0.081013
6100,0.066797
6101,0.093932
6102,0.068848
6103,-0.026039
6104,-0.012706
6105,-0.001653
6106,-0.044797
6107,-0.038395
6108,-0.075385
6109,-0.038008
6110,-0.043412
6111,-0.042692
6112,0.034201
6113,0.115644
6114,0.070934
6115,-0.000360
6116,-0.033121
6117,-0.057564
6118,-0.009200
6119,0.002446
6120,-0.001339
6121,0.010797
6122,0.049490
6123,-0.001777
6124,-0.101683
6125,-0.108069
6126,-0.035658
6127,0.073666
6128,0.153510
6129,0.166633
6130,0.128047
6131,0.037853
6132,-0.086229
6133,-0.185867
6134,-0.127687
6135,-0.050113
6136,-0.018576
6137,0.005808
6138,-0.003665
6139,0.009024
6140,0.016227
6141,0.036495
6142,0.022079
6143,-0.058070
6144,-0.005350
6145,-0.005508
6146,0.038203
6147,0.110034
6148,0.096591
6149,0.038769
6150,-0.008890
6151,-0.107261
6152,-0.109789
6153,-0.049541
6154,0.005617
6155,0.036337
6156,0.055273
6157,0.050743
6158,0.017421
6159,0.003734
6160,-0.042621
6161,-0.052314
6162,-0.056711
6163,0.022786
6164,0.082767
6165,0.099972
6166,0.044942
6167,0.009787
6168,-0.026641
6169,-0.070295
6170,-0.103065
6171,-0.130585
6172,-0.087958
6173,-0.004549
6174,0.017436
6175,0.033825
6176,0.074308
6177,0.083451
6178,0.027341
6179,-0.017895
6180,0.020584
6181,0.040374
6182,0.057199
6183,0.049788
6184,-0.003800
6185,-0.023060
6186,-0.055397
6187,-0.127509
6188,-0.087701
6189,-0.057121
6190,-0.039148
6191,0.018322
6192,0.073883
6193,0.099824
6194,0.076012
6195,0.010668
6196,-0.010658
6197,-0.034321
6198,-0.071441
6199,-0.053868
6200,-0.045943
6201,-0.040283
6202,0.027146
6203,0.064947
6204,0.061454
6205,0.091939
6206,0.115263
6207,0.072907
6208,-0.011707
6209,-0.055639
6210,-0.059912
6211,-0.038671
6212,-0.045187
6213,-0.016054
6214,-0.015871
6215,-0.032468
6216,-0.054007
6217,-0.033684
6218,0.010040
6219,0.027942
6220,0.029530
6221,0.030760
6222,0.053141
6223,0.020645
6224,-0.022096
6225,-0.073920
6226,-0.079550
6227,-0.038051
6228,0.004591
6229,0.061546
6230,0.038469
6231,0.042617
6232,0.018475
6233,0.001819
6234,0.001703
6235,-0.009933
6236,-0.009921
6237,-0.019265
6238,-0.004397
6239,-0.023134
6240,-0.013585
6241,-0.015997
6242,-0.023380
6243,0.004316
6244,0.005796
6245,-0.007266
6246,0.028833
6247,0.011941
6248,0.009814
6249,0.068414
6250,0.026673
6251,0.001938
6252,-0.003745
6253,0.011683
6254,0.016539
6255,-0.011738
6256,-0.037196
6257,-0.021642
6258,-0.055947
6259,-0.082512
6260,-0.033551
6261,0.036578
6262,0.010497
6263,0.016440
6264,0.040089
6265,0.052551
6266,0.040530
6267,-0.013745
6268,0.031848
6269,0.052741
6270,-0.016156
6271,-0.025256
6272,-0.038785
6273,0.006932
6274,0.019132
6275,-0.021601
6276,-0.032579
6277,-0.044608
6278,-0.024747
6279,-0.023149
6280,0.013558
6281,0.035833
6282,0.017509
6283,-0.018285
6284,-0.046858
6285,-0.011990
6286,0.016102
6287,0.041566
6288,-0.000924
6289,-0.016142
6290,0.010686
6291,0.005994
6292,0.025325
6293,0.006009
6294,-0.011679
6295,0.042981
6296,-0.027766
6297,-0.060697
6298,-0.004299
6299,-0.013767
6300,0.000669
6301,0.053515
6302,0.068418
6303,0.032544
6304,0.010249
6305,-0.015767
6306,-0.040577
6307,-0.051805
6308,-0.046026
6309,-0.009063
6310,0.005623
6311,0.046130
6312,0.009619
6313,-0.039691
6314,-0.030635
6315,-0.002329
6316,0.025678
6317,0.066107
6318,0.024075
6319,-0.026085
6320,-0.045647
6321,-0.063839
6322,-0.003281
6323,0.050401
6324,0.035648
6325,0.047269
6326,0.047252
6327,-0.033994
6328,-0.062615
6329,-0.026492
6330,0.003349
6331,0.001187
6332,0.015900
6333,-0.051299
6334,-0.062729
6335,-0.006558
6336,0.056560
6337,0.066262
6338,0.074166
6339,0.019739
6340,0.034237
6341,-0.036035
6342,-0.078322
6343,-0.039542
6344,-0.034700
6345,0.004160
6346,-0.006187
6347,0.004304
6348,-0.042225
6349,-0.004865
6350,0.030565
6351,0.063555
6352,0.049181
6353,0.046948
6354,0.028466
6355,0.006721
6356,-0.026152
6357,-0.046737
6358,-0.014393
6359,0.009482
6360,-0.039649
6361,-0.043539
6362,-0.059198
6363,-0.027338
6364,0.011460
6365,-0.001219
6366,0.026582
6367,0.053590
6368,-0.038979
6369,-0.057674
6370,-0.029297
6371,-0.019344
6372,0.044794
6373,0.046294
6374,0.029923
6375,0.047254
6376,0.029751
6377,0.022296
6378,0.023003
6379,-0.025997
6380,-0.010914
6381,-0.028085
6382,-0.053797
6383,-0.037589
6384,0.005531
6385,0.052668
6386,0.031846
6387,-0.033873
6388,-0.044889
6389,-0.048205
6390,-0.024359
6391,0.015139
6392,0.041960
6393,0.028874
6394,0.054108
6395,0.021572
6396,-0.002492
6397,0.011140
6398,-0.014099
6399,-0.072115
6400,-0.046897
6401,-0.007683
6402,0.000656
6403,0.003860
6404,0.025930
6405,0.048649
6406,0.051342
6407,0.004228
6408,-0.023333
6409,-0.058772
6410,-0.008413
6411,0.018738
6412,-0.011587
6413,-0.031331
6414,-0.024269
6415,-0.005317
6416,0.029465
6417,0.027356
6418,0.029369
6419,0.008717
6420,-0.016380
6421,0.015212
6422,0.066604
6423,-0.000522
6424,-0.023938
6425,-0.034899
6426,-0.017369
6427,-0.010474
6428,0.009845
6429,0.000808
6430,-0.016956
6431,0.009198
6432,0.053710
6433,0.092953
6434,0.042538
6435,-0.059988
6436,-0.074023
6437,-0.066867
6438,-0.057535
6439,-0.030349
6440,-0.016932
6441,-0.015320
6442,0.051721
6443,0.041002
6444,-0.007722
6445,-0.025571
6446,-0.055474
6447,-0.019493
6448,0.020114
6449,-0.017310
6450,0.034972
6451,0.076875
6452,0.029293
6453,0.033932
6454,0.014592
6455,-0.015565
6456,-0.037945
6457,-0.016424
6458,0.037371
6459,0.009200
6460,-0.056474
6461,0.015657
6462,-0.001023
6463,-0.022110
6464,0.011692
6465,0.011398
6466,-0.000081
6467,0.055550
6468,0.057724
6469,-0.000174
6470,-0.025306
6471,-0.019898
6472,-0.062007
6473,-0.078258
6474,-0.050926
6475,-0.034149
6476,-0.007913
6477,0.017693
6478,0.064930
6479,0.113150
6480,0.106972
6481,0.021665
6482,-0.063633
6483,-0.050959
6484,-0.023602
6485,0.005621
6486,0.021683
6487,0.003194
6488,0.000428
6489,-0.005662
6490,-0.012353
6491,-0.013401
6492,-0.037070
6493,-0.033623
6494,-0.013381
6495,-0.058434
6496,-0.010028
6497,0.018769
6498,-0.010440
6499,0.089867
6500,0.092350
6501,0.004684
6502,-0.024922
6503,-0.018648
6504,-0.030311
6505,-0.046584
6506,-0.061386
6507,-0.019997
6508,0.017160
6509,0.045059
6510,0.053347
6511,0.015442
6512,0.051822
6513,0.068767
6514,0.041393
6515,-0.065082
6516,-0.116645
6517,-0.033397
6518,-0.008007
6519,-0.025681
6520,-0.017570
6521,-0.048914
6522,0.022172
6523,0.052463
6524,0.008275
6525,0.029751
6526,-0.020219
6527,0.005277
6528,0.024186
6529,0.049447
6530,0.035586
6531,-0.014513
6532,-0.050943
6533,-0.034738
6534,-0.058784
6535,-0.038197
6536,-0.000228
6537,0.003340
6538,0.021326
6539,0.049518
6540,0.015314
6541,0.013050
6542,0.007392
6543,-0.044130
6544,-0.006319
6545,-0.003297
6546,0.050096
6547,0.080108
6548,0.039521
6549,0.003980
6550,-0.038263
6551,-0.051661
6552,-0.017958
6553,0.005405
6554,0.016204
6555,-0.008316
6556,-0.036494
6557,-0.086605
6558,-0.029504
6559,-0.023611
6560,-0.036731
6561,-0.028597
6562,0.001853
6563,0.042017
6564,0.068906
6565,0.136359
6566,0.131131
6567,0.016642
6568,-0.042102
6569,-0.056990
6570,-0.097854
6571,-0.087730
6572,-0.045763
6573,0.004694
6574,0.003819
6575,-0.035940
6576,0.001091
6577,0.021786
6578,0.039092
6579,0.048190
6580,0.092792
6581,0.097711
6582,0.011404
6583,-0.034375
6584,-0.034555
6585,-0.082494
6586,-0.041711
6587,-0.012910
6588,-0.004895
6589,0.018734
6590,-0.017606
6591,-0.034323
6592,-0.031862
6593,-0.049870
6594,-0.001924
6595,0.049307
6596,0.040807
6597,0.077404
6598,0.096307
6599,0.041268
6600,0.003347
6601,-0.076372
6602,-0.096209
6603,-0.073741
6604,-0.037036
6605,0.020193
6606,0.005230
6607,-0.026886
6608,0.004706
6609,-0.001464
6610,0.005286
6611,0.020593
6612,0.035700
6613,0.075583
6614,0.019125
6615,-0.022485
6616,0.017350
6617,-0.016082
6618,-0.028881
6619,-0.021168
6620,-0.037376
6621,-0.028950
6622,-0.009075
6623,0.023571
6624,0.021067
6625,0.029759
6626,0.015426
6627,-0.009688
6628,-0.005346
6629,-0.001048
6630,0.000018
6631,0.049261
6632,0.030179
6633,-0.038566
6634,-0.043384
6635,-0.057711
6636,0.000166
6637,0.032933
6638,0.023565
6639,0.037631
6640,0.014140
6641,-0.002152
6642,0.017606
6643,-0.043932
6644,-0.077083
6645,-0.076442
6646,-0.026857
6647,0.056507
6648,0.054863
6649,-0.013299
6650,-0.004187
6651,0.050398
6652,0.050767
6653,0.034523
6654,0.011530
6655,-0.035107
6656,-0.028222
6657,0.005655
6658,-0.018573
6659,-0.011831
6660,0.006548
6661,0.071616
6662,0.054846
6663,-0.057712
6664,-0.029407
6665,-0.031540
6666,-0.004670
6667,0.034521
6668,0.008543
6669,-0.012419
6670,-0.036757
6671,-0.036209
6672,-0.022257
6673,-0.053996
6674,0.002198
6675,0.044248
6676,0.013602
6677,-0.003536
6678,0.001772
6679,0.009543
6680,0.015270
6681,-0.050427
6682,-0.016482
6683,0.020873
6684,0.057429
6685,0.064065
6686,0.038331
6687,0.021310
6688,0.026412
6689,0.004912
6690,-0.046314
6691,-0.061631
6692,-0.072788
6693,-0.028385
6694,-0.003962
6695,-0.007088
6696,0.017794
6697,0.010833
6698,0.027226
6699,0.020401
6700,0.006661
6701,0.014373
6702,0.006942
6703,0.021395
6704,0.027450
6705,0.042568
6706,-0.000817
6707,-0.023309
6708,-0.059231
6709,-0.054851
6710,-0.048109
6711,-0.060585
6712,-0.025599
6713,0.005291
6714,0.073180
6715,0.093487
6716,0.026942
6717,0.009230
6718,0.010426
6719,-0.002143
6720,-0.006974
6721,0.000147
6722,0.003945
6723,0.040250
6724,0.041713
6725,-0.025715
6726,-0.028869
6727,-0.073368
6728,-0.120088
6729,-0.138347
6730,-0.084711
6731,0.018819
6732,0.070127
6733,0.079133
6734,0.133441
6735,0.106023
6736,0.053415
6737,-0.002789
6738,-0.033970
6739,-0.103910
6740,-0.067620
6741,-0.017239
6742,-0.019706
6743,0.015524
6744,0.058565
6745,0.060007
6746,0.098050
6747,0.030751
6748,0.011846
6749,0.024375
6750,-0.034079
6751,-0.068594
6752,-0.074347
6753,-0.110274
6754,-0.052256
6755,0.046256
6756,0.047128
6757,0.037309
6758,0.020184
6759,-0.025213
6760,-0.056284
6761,-0.069576
6762,-0.040579
6763,0.038478
6764,0.046566
6765,0.041583
6766,0.027434
6767,0.004916
6768,-0.007556
6769,0.005154
6770,0.003993
6771,-0.005490
6772,0.007074
6773,-0.026515
6774,-0.003225
6775,-0.043484
6776,-0.081927
6777,-0.037518
6778,0.032331
6779,0.061221
6780,0.077178
6781,0.050825
6782,0.069393
6783,0.024792
6784,-0.077436
6785,-0.082463
6786,-0.060179
6787,-0.004298
6788,0.058510
6789,0.069237
6790,0.028279
6791,-0.022589
6792,-0.067786
6793,-0.059025
6794,-0.047160
6795,-0.028803
6796,-0.000032
6797,0.073500
6798,0.070079
6799,0.007190
6800,0.003630
6801,0.002562
6802,-0.013583
6803,0.001799
6804,0.017546
6805,0.012610
6806,0.006755
6807,-0.004004
6808,0.020043
6809,-0.028393
6810,-0.065602
6811,-0.005628
6812,0.025014
6813,-0.013296
6814,-0.025335
6815,0.001693
6816,-0.035776
6817,0.000453
6818,0.069473
6819,0.111759
6820,0.078994
6821,-0.001820
6822,-0.047957
6823,-0.124068
6824,-0.147072
6825,-0.084989
6826,-0.019015
6827,0.076638
6828,0.149883
6829,0.105508
6830,-0.001419
6831,-0.039280
6832,-0.031313
6833,-0.001843
6834,0.020382
6835,0.012140
6836,-0.023895
6837,-0.026998
6838,-0.046824
6839,-0.100401
6840,-0.076531
6841,-0.042680
6842,0.017003
6843,0.077848
6844,0.102307
6845,0.105721
6846,0.080615
6847,0.012935
6848,-0.051464
6849,-0.013091
6850,0.019429
6851,0.038039
6852,0.041853
6853,0.011255
6854,-0.031962
6855,-0.087489
6856,-0.076320
6857,-0.038700
6858,-0.008446
6859,0.017551
6860,0.016048
6861,0.006357
6862,0.021318
6863,-0.021376
6864,-0.008479
6865,0.004114
6866,0.032520
6867,0.027684
6868,-0.055130
6869,-0.063746
6870,-0.005653
6871,-0.006258
6872,-0.004368
6873,-0.013774
6874,0.022695
6875,0.064047
6876,-0.014456
6877,0.004782
6878,0.066664
6879,0.026334
6880,-0.004239
6881,-0.021395
6882,-0.051561
6883,-0.042099
6884,-0.024951
6885,-0.013108
6886,0.019436
6887,0.039002
6888,0.062949
6889,0.061790
6890,0.013241
6891,-0.012339
6892,-0.030558
6893,-0.051439
6894,-0.008942
6895,-0.006659
6896,0.010318
6897,-0.001506
6898,-0.006710
6899,-0.012205
6900,-0.032255
6901,-0.008987
6902,0.004974
6903,-0.004286
6904,0.015153
6905,0.048450
6906,-0.003996
6907,-0.023599
6908,-0.014576
6909,-0.004793
6910,-0.004319
6911,-0.006629
6912,0.011571
6913,0.008229
6914,-0.002440
6915,-0.024438
6916,-0.034585
6917,-0.048644
6918,-0.021868
6919,0.082543
6920,0.102007
6921,0.043467
6922,0.048096
6923,0.044314
6924,0.002304
6925,-0.018662
6926,-0.085583
6927,-0.103116
6928,-0.099218
6929,-0.089544
6930,-0.023099
6931,0.029320
6932,0.021248
6933,0.045333
6934,0.127476
6935,0.102794
6936,0.053570
6937,0.055902
6938,-0.001417
6939,-0.046650
6940,-0.068717
6941,-0.073566
6942,-0.061031
6943,-0.025055
6944,-0.015079
6945,0.019173
6946,0.057956
6947,0.015251
6948,0.007084
6949,-0.011436
6950,-0.060649
6951,-0.086174
6952,-0.054721
6953,-0.029285
6954,0.007410
6955,0.007581
6956,0.014279
6957,0.053088
6958,0.082476
6959,0.058785
6960,-0.020344
6961,-0.006067
6962,-0.003250
6963,0.035323
6964,0.081211
6965,0.067395
6966,-0.009748
6967,-0.064543
6968,-0.046647
6969,0.016165
6970,-0.004408
6971,-0.027807
6972,-0.017132
6973,-0.052061
6974,-0.077082
6975,-0.091133
6976,-0.024848
6977,0.040705
6978,0.035750
6979,0.046335
6980,0.038967
6981,0.053554
6982,0.033828
6983,-0.003100
6984,-0.019054
6985,0.011199
6986,-0.013956
6987,-0.000857
6988,-0.009006
6989,-0.054814
6990,-0.057504
6991,-0.068005
6992,-0.045932
6993,-0.034214
6994,0.009594
6995,0.022469
6996,0.062836
6997,0.041039
6998,-0.014977
6999,0.032305
7000,0.024736
7001,0.023529
7002,0.012992
7003,-0.007362
7004,-0.040594
7005,-0.024715
7006,0.034888
7007,0.041200
7008,0.049444
7009,0.020402
7010,-0.029443
7011,-0.054007
7012,-0.046353
7013,0.030780
7014,0.010855
7015,-0.016800
7016,0.049738
7017,0.047859
7018,0.024971
7019,-0.025362
7020,-0.007952
7021,-0.026581
7022,-0.033747
7023,-0.015691
7024,0.065226
7025,0.018548
7026,-0.030463
7027,-0.030721
7028,-0.022795
7029,-0.006226
7030,0.005623
7031,0.033153
7032,0.061527
7033,0.014375
7034,-0.047957
7035,-0.088633
7036,-0.104457
7037,-0.102752
7038,-0.054978
7039,0.024839
7040,0.066588
7041,0.102393
7042,0.086368
7043,0.060999
7044,0.064913
7045,0.009408
7046,-0.011751
7047,-0.002794
7048,-0.048084
7049,-0.013108
7050,-0.005911
7051,-0.058781
7052,-0.072437
7053,-0.059385
7054,-0.020337
7055,0.012210
7056,0.021914
7057,0.043485
7058,0.044861
7059,0.040171
7060,0.003241
7061,-0.042822
7062,-0.061620
7063,0.003618
7064,0.028150
7065,0.020547
7066,0.051860
7067,0.072869
7068,0.040439
7069,0.010868
7070,-0.017529
7071,-0.032331
7072,-0.036247
7073,-0.062970
7074,-0.102991
7075,-0.027052
7076,0.038169
7077,0.067390
7078,0.072173
7079,0.055914
7080,-0.005763
7081,-0.011915
7082,-0.028619
7083,0.023705
7084,-0.007339
7085,-0.029027
7086,-0.020002
7087,-0.099421
7088,-0.090890
7089,-0.026959
7090,0.015392
7091,0.025663
7092,0.033368
7093,0.044237
7094,0.036869
7095,0.070900
7096,0.041974
7097,0.003316
7098,-0.027862
7099,-0.026658
7100,-0.022960
7101,-0.022309
7102,0.026849
7103,0.085909
7104,0.054564
7105,-0.036986
7106,-0.088685
7107,-0.076463
7108,-0.085010
7109,-0.041205
7110,0.001921
7111,-0.019153
7112,0.002452
7113,0.063648
7114,0.098698
7115,0.080346
7116,0.042190
7117,0.015288
7118,-0.017967
7119,-0.036427
7120,-0.071140
7121,-0.047528
7122,-0.042312
7123,-0.036236
7124,-0.006144
7125,0.004983
7126,0.020149
7127,0.021380
7128,0.037513
7129,0.021931
7130,0.015223
7131,0.017495
7132,0.024417
7133,-0.003907
7134,-0.033891
7135,-0.007795
7136,-0.017094
7137,0.000295
7138,0.000260
7139,-0.052237
7140,-0.028380
7141,0.008983
7142,0.002874
7143,0.016774
7144,0.045023
7145,0.048323
7146,0.049916
7147,-0.031431
7148,-0.086761
7149,-0.028817
7150,0.015162
7151,0.025159
7152,0.039704
7153,0.021487
7154,0.001621
7155,0.023418
7156,0.014644
7157,0.021500
7158,-0.006701
7159,-0.049050
7160,-0.048891
7161,-0.065700
7162,-0.079477
7163,-0.008773
7164,0.036519
7165,0.087473
7166,0.038763
7167,-0.004518
7168,-0.037720
7169,-0.065405
7170,-0.073229
7171,-0.032777
7172,0.057905
7173,0.094982
7174,0.114872
7175,0.051585
7176,0.014857
7177,0.022065
7178,0.012693
7179,0.027747
7180,-0.000681
7181,-0.028072
7182,-0.052765
7183,-0.029127
7184,-0.101067
7185,-0.072265
7186,-0.007283
7187,-0.018966
7188,0.030454
7189,-0.008646
7190,-0.021693
7191,0.061604
7192,0.044263
7193,0.040380
7194,0.036678
7195,-0.051854
7196,-0.014657
7197,0.016803
7198,-0.006569
7199,0.004131
7200,0.015283
7201,0.011021
7202,0.008905
7203,-0.037752
7204,-0.042699
7205,-0.035765
7206,0.014766
7207,0.019746
7208,0.023223
7209,0.073071
7210,0.051287
7211,-0.022922
7212,-0.061339
7213,-0.038499
7214,-0.023895
7215,0.004048
7216,-0.016151
7217,-0.036203
7218,-0.020936
7219,-0.026787
7220,-0.039867
7221,-0.027692
7222,-0.017931
7223,0.074011
7224,0.111168
7225,0.056339
7226,0.022209
7227,0.022739
7228,-0.008860
7229,-0.015484
7230,-0.035718
7231,-0.051984
7232,-0.026484
7233,-0.042503
7234,-0.024730
7235,0.008584
7236,0.024532
7237,-0.005853
7238,-0.002052
7239,0.014131
7240,0.022239
7241,0.042720
7242,0.037772
7243,-0.000887
7244,-0.082557
7245,-0.073378
7246,0.024036
7247,0.050803
7248,0.082860
7249,0.044939
7250,-0.033297
7251,-0.034059
7252,0.042211
7253,0.019964
7254,-0.012406
7255,-0.042729
7256,-0.028837
7257,-0.000402
7258,0.023049
7259,0.030305
7260,0.005103
7261,-0.026737
7262,-0.011754
7263,-0.027955
7264,-0.073616
7265,-0.018783
7266,0.009320
7267,0.015956
7268,-0.005931
7269,-0.020913
7270,-0.006047
7271,0.080492
7272,0.036251
7273,-0.009144
7274,-0.023028
7275,0.028491
7276,0.013678
7277,-0.053326
7278,-0.020043
7279,0.014984
7280,0.003568
7281,-0.026741
7282,-0.028907
7283,-0.040627
7284,0.018119
7285,0.051907
7286,0.032806
7287,0.027161
7288,0.024774
7289,0.044269
7290,-0.011677
7291,-0.042844
7292,-0.042518
7293,-0.069973
7294,-0.032453
7295,-0.001781
7296,-0.012095
7297,0.014176
7298,0.013403
7299,0.032044
7300,0.041640
7301,0.036337
7302,0.053479
7303,0.052097
7304,0.004714
7305,-0.002739
7306,-0.016676
7307,-0.038233
7308,-0.063107
7309,-0.063758
7310,-0.020786
7311,-0.010879
7312,-0.009165
7313,0.042359
7314,0.064775
7315,0.070218
7316,0.017134
7317,0.012604
7318,0.047304
7319,-0.028388
7320,-0.051309
7321,-0.006150
7322,-0.061248
7323,-0.066051
7324,-0.020564
7325,-0.040053
7326,0.000404
7327,-0.025147
7328,-0.005449
7329,0.005782
7330,0.011461
7331,0.025431
7332,0.026513
7333,0.030557
7334,0.004988
7335,0.051003
7336,0.018725
7337,0.004627
7338,0.003915
7339,-0.004511
7340,-0.061287
7341,-0.029318
7342,-0.016784
7343,-0.000587
7344,0.036379
7345,-0.008991
7346,-0.024827
7347,-0.008329
7348,0.000578
7349,0.013217
7350,-0.019970
7351,-0.045260
7352,0.023149
7353,0.044879
7354,0.051702
7355,0.023756
7356,0.014408
7357,0.065390
7358,0.041844
7359,-0.016145
7360,-0.018239
7361,-0.054147
7362,-0.024866
7363,-0.026387
7364,-0.079837
7365,-0.040678
7366,0.033032
7367,0.023505
7368,0.033645
7369,0.053315
7370,0.019168
7371,0.037067
7372,0.037050
7373,0.028487
7374,-0.023224
7375,-0.102099
7376,-0.064096
7377,-0.032748
7378,0.018144
7379,0.010747
7380,-0.034330
7381,-0.001376
7382,0.045591
7383,0.053084
7384,0.080608
7385,0.024187
7386,-0.043169
7387,-0.083575
7388,-0.084587
7389,-0.052713
7390,-0.042968
7391,-0.006336
7392,0.011202
7393,0.043889
7394,0.063387
7395,0.059540
7396,0.037887
7397,-0.009829
7398,-0.012586
7399,-0.008413
7400,-0.012860
7401,-0.000596
7402,0.028047
7403,0.015198
7404,0.015289
7405,0.003583
7406,-0.006875
7407,-0.066575
7408,-0.054130
7409,-0.044571
7410,-0.021104
7411,-0.042498
7412,0.009511
7413,0.050836
7414,0.001886
7415,-0.003173
7416,0.000362
7417,0.001932
7418,0.034546
7419,0.028293
7420,0.036570
7421,-0.009058
7422,0.006255
7423,0.037191
7424,0.077215
7425,0.024527
7426,-0.014816
7427,-0.039189
7428,-0.063777
7429,-0.054956
7430,-0.075782
7431,-0.023227
7432,0.000777
7433,0.042815
7434,0.025799
7435,0.032255
7436,0.030933
7437,0.051910
7438,0.026216
7439,0.006020
7440,-0.003644
7441,-0.034255
7442,-0.056514
7443,-0.034320
7444,0.008831
7445,0.011884
7446,0.002926
7447,0.000500
7448,-0.031566
7449,-0.009681
7450,0.030042
7451,0.005838
7452,0.023708
7453,0.027418
7454,0.025459
7455,0.002704
7456,-0.016938
7457,0.004218
7458,-0.017230
7459,-0.034396
7460,-0.056598
7461,-0.039494
7462,0.007308
7463,0.003928
7464,0.024803
7465,0.015354
7466,-0.005793
7467,-0.051606
7468,-0.022384
7469,0.041411
7470,0.016908
7471,-0.038078
7472,-0.017728
7473,0.041296
7474,0.037747
7475,0.029855
7476,0.023132
7477,0.064843
7478,0.042317
7479,0.013939
7480,0.032094
7481,0.032524
7482,-0.005809
7483,-0.063396
7484,-0.079470
7485,-0.096058
7486,-0.100427
7487,-0.073997
7488,-0.044884
7489,-0.064110
7490,-0.008508
7491,0.039815
7492,0.065298
7493,0.032829
7494,0.017503
7495,0.086831
7496,0.079760
7497,0.061244
7498,0.024587
7499,-0.006966
7500,-0.008978
7501,-0.013001
7502,-0.030470
7503,0.019711
7504,0.019963
7505,-0.060504
7506,-0.037174
7507,-0.052416
7508,-0.072000
7509,-0.019026
7510,-0.006584
7511,0.042147
7512,0.037321
7513,0.038346
7514,0.069119
7515,0.088472
7516,-0.008716
7517,-0.080555
7518,-0.086259
7519,-0.050396
7520,-0.014620
7521,0.022871
7522,0.025941
7523,0.059718
7524,0.026513
7525,0.040208
7526,0.002039
7527,-0.061683
7528,-0.011753
7529,-0.009789
7530,0.002735
7531,0.035395
7532,0.071677
7533,0.052865
7534,-0.050064
7535,-0.106288
7536,-0.059993
7537,-0.015608
7538,0.066635
7539,0.037522
7540,-0.042641
7541,-0.055156
7542,-0.064285
7543,-0.013297
7544,0.017105
7545,0.023126
7546,0.050703
7547,0.021947
7548,-0.013349
7549,411.375061
7550,960.478943
7551,84.491028
7552,838.442871
7553,1681.620361
7554,1.400826
7555,-3.460451
7556,10.606815
7557,14.861013
7558,9.535818
7559,-1.038134
7560,-12.624995
7561,-22.981600
7562,-18.377241
7563,-4.156735
7564,0.653401
7565,0.447807
7566,9.147001
7567,5.785764
7568,-17.492249
7569,-7.007218
7570,7.955631
7571,-1.034001
7572,-21.798098
7573,-14.994123
7574,10.070988
7575,34.493927
7576,38.627636
7577,24.143311
7578,2.075979
7579,-10.683870
7580,-11.234630
7581,-10.510410
7582,-25.230131
7583,-10.117848
7584,-34.513233
7585,-33.608101
7586,-6.574596
7587,27.674561
7588,50.049286
7589,36.043812
7590,-3.592001
7591,-14.072073
7592,8.560337
7593,26.292583
7594,8.734426
7595,-7.865485
7596,-12.685260
7597,-9.292796
7598,-2.560310
7599,-19.631933
7600,-23.187540
7601,-16.516155
7602,-10.394569
7603,-0.119720
7604,0.005804
7605,0.024461
7606,0.033761
7607,0.034869
7608,-0.002663
7609,0.018608
7610,0.052101
7611,0.024051
7612,-0.038354
7613,-0.048461
7614,-0.016765
7615,-0.005613
7616,-0.043411
7617,-0.006594
7618,0.012816
7619,-0.042327
7620,-0.017781
7621,-0.001852
7622,-0.012245
7623,0.014741
7624,0.009533
7625,-0.006601
7626,0.001550
7627,0.005561
7628,-0.000630
7629,-0.033950
7630,-0.029215
7631,-0.007666
7632,-0.018826
7633,0.027910
7634,0.036984
7635,-0.002048
7636,0.046524
7637,0.076088
7638,0.042837
7639,0.034548
7640,0.041084
7641,0.022318
7642,-0.032395
7643,-0.050418
7644,-0.068229
7645,-0.088951
7646,-0.104019
7647,-0.060218
7648,-0.023011
7649,-0.045386
7650,0.034354
7651,0.086203
7652,0.068874
7653,0.054450
7654,0.011814
7655,-0.007307
7656,0.028510
7657,0.013790
7658,0.002626
7659,-0.014999
7660,-0.031831
7661,-0.002911
7662,-0.009651
7663,0.070808
7664,0.080713
7665,0.043652
7666,-0.020811
7667,-0.100425
7668,-0.077038
7669,-0.038086
7670,-0.019730
7671,-0.022546
7672,0.027766
7673,0.053616
7674,0.080324
7675,0.079087
7676,0.001660
7677,-0.044738
7678,-0.053620
7679,-0.054682
7680,-0.063770
7681,-0.087593
7682,-0.001857
7683,0.080198
7684,0.113909
7685,0.103360
7686,0.062680
7687,0.028821
7688,0.011647
7689,-0.074887
7690,-0.145207
7691,-0.087804
7692,-0.076111
7693,-0.014476
7694,0.048854
7695,0.071710
7696,0.033629
7697,0.034963
7698,0.013291
7699,-0.029650
7700,-0.031401
7701,0.036486
7702,0.088026
7703,414.994781
7704,948.597656
7705,79.748276
7706,855.142090
7707,1696.041138
7708,-8.979907
7709,-13.803789
7710,-14.587947
7711,-33.518322
7712,-20.512375
7713,19.347103
7714,33.102859
7715,26.820478
7716,7.294095
7717,-22.795963
7718,-29.169109
7719,-10.154102
7720,-8.925189
7721,14.074641
7722,16.223482
7723,14.369318
7724,5.102073
7725,-3.761128
7726,-1.737584
7727,-0.842998
7728,-2.720171
7729,23.485544
7730,27.544880
7731,2.535264
7732,-25.978191
7733,-47.837086
7734,-47.948116
7735,-2.521251
7736,27.090219
7737,32.099709
7738,38.935314
7739,16.049238
7740,-17.340624
7741,-22.835531
7742,-11.259562
7743,14.903773
7744,8.071976
7745,3.981469
7746,3.175192
7747,-21.598618
7748,-36.931156
7749,-5.486044
7750,2.563409
7751,-5.578719
7752,-8.518620
7753,-2.068388
7754,26.880049
7755,45.923546
7756,30.791260
7757,2.697327
7758,-0.029052
7759,-0.031932
7760,0.004035
7761,-0.023697
7762,-0.035407
7763,-0.040427
7764,-0.011213
7765,-0.004728
7766,-0.012265
7767,-0.001688
7768,-0.014714
7769,-0.033178
7770,-0.002508
7771,0.033046
7772,0.057883
7773,0.033415
7774,-0.024984
7775,-0.034404
7776,-0.032818
7777,0.028444
7778,0.010563
7779,-0.013345
7780,0.016543
7781,0.066265
7782,0.087832
7783,0.011912
7784,-0.028032
7785,-0.054345
7786,-0.073464
7787,-0.023199
7788,0.006564
7789,0.005843
7790,-0.004924
7791,-0.050068
7792,0.004579
7793,0.018050
7794,0.005101
7795,0.043091
7796,0.050983
7797,-0.000778
7798,0.004651
7799,-0.055300
7800,-0.082123
7801,-0.038125
7802,0.029537
7803,0.057846
7804,0.051217
7805,0.011895
7806,-0.009769
7807,417.425446
7808,940.573975
7809,76.545380
7810,866.419434
7811,1705.898560
7812,-18.226061
7813,-44.297558
7814,-40.313923
7815,-27.744335
7816,-6.912821
7817,26.096210
7818,37.846672
7819,32.946171
7820,-5.197399
7821,-17.271498
7822,-14.052281
7823,-11.018280
7824,-12.151308
7825,3.444494
7826,28.593739
7827,41.152195
7828,15.562324
7829,-8.216316
7830,-12.978210
7831,-12.202750
7832,-10.750263
7833,-11.752730
7834,-16.904217
7835,-45.626572
7836,-47.956623
7837,-17.296804
7838,20.335842
7839,47.356129
7840,52.172192
7841,32.468048
7842,15.520938
7843,12.061189
7844,12.569084
7845,-6.312229
7846,-18.505095
7847,-5.402315
7848,-3.476987
7849,-9.971806
7850,-11.654666
7851,-21.495647
7852,-24.233906
7853,-1.881880
7854,-6.997104
7855,-12.659171
7856,-22.128191
7857,-16.730440
7858,13.910787
7859,41.837288
7860,34.732738
7861,2.653513
7862,0.043929
7863,-0.000725
7864,-0.004648
7865,-0.046589
7866,-0.046404
7867,-0.066702
7868,-0.034372
7869,0.048258
7870,0.025561
7871,-0.008642
7872,0.005219
7873,0.014178
7874,0.001481
7875,-0.011997
7876,-0.001906
7877,-0.003531
7878,0.010503
7879,0.010756
7880,-0.013871
7881,-0.000313
7882,0.016007
7883,0.054262
7884,0.045236
7885,0.034522
7886,-0.011320
7887,-0.022465
7888,-0.060650
7889,-0.041508
7890,0.015891
7891,-0.002760
7892,0.006148
7893,0.006400
7894,0.022602
7895,0.030241
7896,-0.031450
7897,0.005651
7898,0.031869
7899,-0.021996
7900,-0.021539
7901,-0.046080
7902,-0.057599
7903,-0.021097
7904,-0.035111
7905,-0.011055
7906,0.025865
7907,0.069394
7908,0.030959
7909,0.006486
7910,0.019547
7911,419.867920
7912,932.550232
7913,73.342491
7914,877.696838
7915,1715.630249
7916,27.055677
7917,23.242556
7918,-2.724081
7919,-34.636101
7920,-47.860737
7921,-40.878235
7922,-34.133350
7923,-0.843183
7924,26.053635
7925,17.580544
7926,28.831026
7927,51.634357
7928,55.181805
7929,34.317657
7930,-11.600117
7931,-55.818707
7932,-73.659660
7933,-59.071693
7934,-28.330969
7935,6.198839
7936,50.250912
7937,63.165920
7938,33.903107
7939,-5.825367
7940,-16.619846
7941,-18.475769
7942,-15.087498
7943,-20.617521
7944,-22.904430
7945,-4.584713
7946,10.942987
7947,32.443966
7948,34.733349
7949,27.213308
7950,3.372762
7951,-21.025444
7952,-12.714286
7953,6.328565
7954,-22.602995
7955,-54.248955
7956,-35.373356
7957,2.989615
7958,34.037560
7959,47.658810
7960,45.514446
7961,14.173297
7962,-30.545519
7963,-55.136879
7964,-44.739906
7965,-1.953078
7966,0.016121
7967,-0.039103
7968,-0.041375
7969,0.004911
7970,-0.004928
7971,-0.040194
7972,-0.000519
7973,-0.010516
7974,0.004245
7975,0.081538
7976,0.035254
7977,0.023607
7978,0.026374
7979,-0.062945
7980,-0.037996
7981,0.017498
7982,0.054421
7983,0.034486
7984,-0.057305
7985,-0.077980
7986,-0.063951
7987,-0.048385
7988,0.017625
7989,0.084714
7990,0.091917
7991,0.044115
7992,0.003878
7993,-0.032120
7994,-0.058531
7995,-0.020597
7996,-0.026940
7997,-0.038473
7998,-0.025928
7999,-0.002593
8000,0.056386
8001,0.036596
8002,0.008940
8003,-0.001940
8004,-0.027782
8005,-0.039158
8006,0.026289
8007,0.035819
8008,-0.008836
8009,-0.042945
8010,-0.013707
8011,-0.029751
8012,-0.034336
8013,-0.044828
8014,-0.007004
8015,422.306183
8016,924.526550
8017,70.139595
8018,888.974243
8019,1725.507446
8020,17.969337
8021,34.438519
8022,40.338039
8023,24.852308
8024,22.582085
8025,8.130769
8026,-22.944180
8027,-31.983555
8028,-33.807144
8029,-21.331938
8030,12.364221
8031,14.951582
8032,4.395583
8033,-19.922014
8034,-28.024981
8035,-17.873068
8036,19.558922
8037,45.340691
8038,56.331951
8039,22.143150
8040,-13.029717
8041,-14.122151
8042,-29.292295
8043,-44.429935
8044,-22.827679
8045,-7.277702
8046,17.263710
8047,28.727850
8048,12.219321
8049,-5.903048
8050,-10.612363
8051,-1.999717
8052,20.238832
8053,14.694954
8054,8.781051
8055,9.128802
8056,-0.813288
8057,-10.068058
8058,-14.059502
8059,-26.645596
8060,-28.705072
8061,-22.542807
8062,8.671631
8063,32.461430
8064,22.233646
8065,-0.554363
8066,-20.218609
8067,-19.784464
8068,-3.464835
8069,26.853216
8070,-170.626068
8071,0.000920
8072,6.565749
8073,2209.519531
8074,573.927979
8075,-434.917511
8076,229.227112
8077,1042.315796
8078,-626.460571
8079,1795.446045
8080,-337.126770
8081,-461.827942
8082,-1973.861572
8083,1870.443359
8084,-564.425476
8085,1039.758667
8086,-943.237122
8087,985.050110
8088,-938.071838
8089,361.381287
8090,625.677551
8091,-743.485840
8092,867.764709
8093,-611.925415
8094,1079.861450
8095,1785.719604
8096,-964.299133
8097,1008.441711
8098,-588.195251
8099,592.475830
8100,-509.640778
8101,1013.523743
8102,89.378006
8103,482.230316
8104,1145.679565
8105,1645.354736
8106,388.362854
8107,20.210987
8108,-98.737602
8109,-2052.880371
8110,-1030.310913
8111,-2136.741455
8112,-220.820374
8113,1298.651245
8114,2065.513428
8115,-517.533508
8116,-457.395782
8117,-1636.644165
8118,1957.377563
8119,-21.905025
8120,-255.963333
8121,196.613373
8122,-108.487961
8123,-16.386915
8124,0.029030
8125,-0.025425
8126,0.025948
8127,0.005166
8128,-0.033275
8129,-0.033306
8130,-0.062837
8131,-0.042603
8132,-0.033015
8133,-0.021939
8134,0.068427
8135,0.078987
8136,0.020952
8137,0.014070
8138,-0.057722
8139,-0.049243
8140,-0.037828
8141,-0.007934
8142,0.023594
8143,0.081478
8144,0.097435
8145,-0.012040
8146,-0.114650
8147,-0.085584
8148,-0.000839
8149,0.026916
8150,0.066086
8151,0.058305
8152,-0.005525
8153,-0.020275
8154,0.005864
8155,0.019275
8156,-0.024306
8157,-0.018988
8158,-0.006737
8159,0.001730
8160,-0.006178
8161,-0.050658
8162,-0.021635
8163,-0.016805
8164,-0.002031
8165,0.024438
8166,0.016098
8167,0.022945
8168,0.056226
8169,0.002942
8170,-0.010293
8171,-0.021374
8172,0.017776
8173,0.015316
8174,641.520203
8175,567.977295
8176,8.010013
8177,205.542725
8178,-7.584773
8179,16.241957
8180,24.140484
8181,-0.381447
8182,-16.202429
8183,-13.524875
8184,-14.513928
8185,-3.230179
8186,6.449709
8187,-5.577816
8188,-14.552522
8189,-11.782227
8190,19.434439
8191,45.487373
8192,44.154106
8193,20.850050
8194,5.497317
8195,-2.240089
8196,2.447487
8197,-25.270851
8198,-43.612286
8199,-44.017513
8200,-33.149246
8201,-25.145775
8202,-20.773684
8203,-16.764057
8204,6.954184
8205,25.001995
8206,44.917465
8207,35.523491
8208,44.345245
8209,6.283984
8210,-12.166336
8211,7.837163
8212,4.495046
8213,-16.676802
8214,-35.991962
8215,-50.219543
8216,-42.457668
8217,-42.114559
8218,-21.349516
8219,2.902873
8220,11.625116
8221,35.323448
8222,78.293724
8223,63.175709
8224,31.245594
8225,15.901169
8226,28.439211
8227,15.700428
8228,-0.013867
8229,0.027243
8230,0.049629
8231,0.026869
8232,-0.000964
8233,0.004576
8234,-0.004558
8235,-0.026927
8236,-0.041477
8237,-0.027795
8238,-0.037410
8239,0.009743
8240,0.015302
8241,0.007189
8242,-0.040683
8243,-0.059794
8244,-0.014644
8245,0.026351
8246,-0.034736
8247,-0.013195
8248,0.034733
8249,0.020690
8250,0.008121
8251,-0.027366
8252,0.014794
8253,0.075059
8254,0.052041
8255,0.057366
8256,-0.024328
8257,-0.044639
8258,-0.001369
8259,-0.002512
8260,-0.014233
8261,-0.020408
8262,-0.038944
8263,-0.042293
8264,0.011288
8265,0.011530
8266,-0.002213
8267,0.021434
8268,0.023830
8269,0.020715
8270,-0.007894
8271,0.026973
8272,-0.003246
8273,0.002414
8274,0.012342
8275,0.017255
8276,-0.019917
8277,-0.021020
8278,0.001417
8279,-0.009264
8280,-0.050913
8281,-0.038578
8282,0.000379
8283,-0.026908
8284,-0.004169
8285,0.037184
8286,0.091063
8287,0.020569
8288,-0.002006
8289,-0.010756
8290,0.005625
8291,0.019685
8292,-0.037325
8293,-0.083901
8294,-0.050940
8295,-0.019632
8296,0.050651
8297,0.017952
8298,-0.023633
8299,-0.004609
8300,0.035246
8301,0.033817
8302,0.030488
8303,-0.006848
8304,-0.002473
8305,0.027883
8306,-0.003899
8307,-0.055104
8308,-0.039058
8309,0.016110
8310,0.007400
8311,0.024875
8312,0.038492
8313,0.024571
8314,-0.036640
8315,-0.052735
8316,-0.028702
8317,0.013923
8318,0.023657
8319,0.065250
8320,0.057649
8321,0.012769
8322,-0.024330
8323,-0.024022
8324,-0.022946
8325,-0.014881
8326,-0.061081
8327,-0.058966
8328,-0.021505
8329,-0.014507
8330,0.032211
8331,0.059627
8332,0.077684
8333,0.055557
8334,-0.012319
8335,-0.018029
8336,0.043039
8337,0.011371
8338,0.016537
8339,0.000767
8340,-0.035702
8341,-0.096171
8342,-0.088092
8343,-0.073986
8344,-0.032998
8345,0.023306
8346,0.034453
8347,0.055689
8348,0.027083
8349,0.005263
8350,0.005885
8351,-0.009193
8352,0.010880
8353,-0.020595
8354,-0.005614
8355,0.061437
8356,0.092471
8357,0.069838
8358,-0.021013
8359,-0.103320
8360,-0.097613
8361,-0.053790
8362,-0.010004
8363,0.014346
8364,0.033092
8365,0.023593
8366,0.014919
8367,0.031682
8368,0.006043
8369,0.005196
8370,-0.004845
8371,-0.006256
8372,-0.010202
8373,-0.002033
8374,0.005288
8375,0.003487
8376,-0.027795
8377,-0.019526
8378,0.037607
8379,0.012363
8380,-0.001518
8381,0.015015
8382,0.007985
8383,-0.038433
8384,-0.027026
8385,0.008196
8386,-0.024745
8387,-0.013522
8388,0.029889
8389,0.045276
8390,0.044750
8391,0.034194
8392,0.029654
8393,0.001825
8394,-0.004481
8395,-0.058429
8396,-0.114601
8397,-0.081063
8398,-0.037924
8399,0.033151
8400,0.062925
8401,0.131286
8402,0.048520
8403,-0.054270
8404,-0.052527
8405,-0.040663
8406,-0.036311
8407,0.023088
8408,0.048832
8409,0.027008
8410,-0.009297
8411,0.010236
8412,0.027788
8413,0.016235
8414,-0.030714
8415,-0.053308
8416,-0.035886
8417,-0.045190
8418,-0.016454
8419,0.013935
8420,0.044107
8421,0.069738
8422,0.069924
8423,0.010647
8424,-0.011843
8425,-0.014354
8426,-0.029993
8427,-0.012373
8428,0.019597
8429,0.025402
8430,0.035943
8431,0.026255
8432,-0.018487
8433,-0.064918
8434,-0.085913
8435,-0.056119
8436,-0.033152
8437,0.030752
8438,0.055885
8439,0.056041
8440,0.037507
8441,-0.004311
8442,-0.012544
8443,-0.023921
8444,-0.040154
8445,-0.061181
8446,-0.066585
8447,-0.045149
8448,-0.019901
8449,0.003934
8450,0.028354
8451,0.091870
8452,0.057323
8453,0.012909
8454,0.008434
8455,0.001765
8456,-0.035119
8457,-0.019698
8458,0.007759
8459,0.027004
8460,0.046011
8461,0.034777
8462,0.022019
8463,0.008619
8464,0.009878
8465,-0.054065
8466,-0.072999
8467,-0.019440
8468,-0.058485
8469,-0.001410
8470,0.060635
8471,0.056807
8472,0.029208
8473,-0.000924
8474,-0.009037
8475,-0.038567
8476,-0.040009
8477,-0.010496
8478,0.053874
8479,0.063981
8480,0.034292
8481,0.016063
8482,-0.014792
8483,-0.046825
8484,-0.101283
8485,-0.091384
8486,-0.044891
8487,0.032299
8488,0.035059
8489,0.041171
8490,0.034661
8491,0.008564
8492,-0.021829
8493,-0.017267
8494,-0.004576
8495,0.040792
8496,0.068904
8497,0.015828
8498,0.019408
8499,0.004888
8500,-0.061162
8501,-0.049969
8502,0.004456
8503,-0.018516
8504,0.029979
8505,0.053703
8506,0.051010
8507,0.017730
8508,-0.051632
8509,-0.051380
8510,-0.054773
8511,-0.076872
8512,-0.039097
8513,-0.023443
8514,0.043003
8515,0.078128
8516,0.079092
8517,0.070312
8518,-0.015237
8519,-0.072629
8520,-0.028074
8521,-0.063726
8522,-0.018482
8523,0.062249
8524,0.058515
8525,0.049861
8526,0.042479
8527,-0.016866
8528,668.505676
8529,579.040161
8530,8.354968
8531,162.690994
8532,-1.413156
8533,20.264668
8534,31.420935
8535,13.521605
8536,-3.216655
8537,-15.610945
8538,-26.705484
8539,-36.067188
8540,-8.426422
8541,14.086419
8542,26.553408
8543,16.731058
8544,13.063405
8545,12.899262
8546,13.155832
8547,-6.915202
8548,-8.277598
8549,-7.009078
8550,-9.894133
8551,-2.618126
8552,7.114945
8553,-3.076069
8554,-10.106522
8555,-29.871012
8556,-18.744867
8557,-5.806131
8558,4.400594
8559,5.598235
8560,4.215160
8561,1.888646
8562,28.124428
8563,41.267372
8564,38.499210
8565,11.806675
8566,-25.970860
8567,-24.562592
8568,-26.310705
8569,-14.693543
8570,8.468532
8571,-9.738613
8572,-12.054468
8573,-4.534296
8574,-5.144548
8575,-0.179350
8576,17.329330
8577,13.491923
8578,-8.242059
8579,-25.168562
8580,-2.292791
8581,27.846092
8582,-0.081795
8583,-0.089170
8584,-0.078458
8585,-0.055978
8586,-0.011645
8587,0.069767
8588,0.060437
8589,0.024912
8590,0.063053
8591,0.039016
8592,0.043143
8593,0.012923
8594,-0.025248
8595,0.009739
8596,-0.019865
8597,-0.027679
8598,-0.010698
8599,-0.026032
8600,0.007871
8601,-0.037499
8602,-0.046043
8603,-0.014832
8604,-0.065884
8605,-0.029920
8606,0.042115
8607,0.071243
8608,0.090361
8609,0.028477
8610,0.007265
8611,-0.035767
8612,-0.069951
8613,-0.027740
8614,-0.059618
8615,0.008661
8616,0.088201
8617,0.036209
8618,0.013956
8619,-0.034846
8620,-0.039031
8621,-0.040408
8622,-0.017023
8623,-0.021016
8624,-0.010975
8625,0.007957
8626,0.021301
8627,-0.014802
8628,0.001199
8629,0.034570
8630,0.058186
8631,0.055330
8632,0.000689
8633,-0.037368
8634,-0.040652
8635,-0.028185
8636,0.007112
8637,0.014475
8638,0.005106
8639,0.031905
8640,0.021448
8641,0.015448
8642,0.001865
8643,-0.007021
8644,-0.057744
8645,-0.070540
8646,-0.021082
8647,0.032532
8648,-0.010882
8649,0.008764
8650,0.060257
8651,0.073551
8652,0.029953
8653,0.000685
8654,-0.005439
8655,-0.039349
8656,-0.074488
8657,-0.076432
8658,-0.040382
8659,-0.017367
8660,-0.000172
8661,0.042412
8662,0.061541
8663,0.072239
8664,0.080993
8665,0.024003
8666,-0.008295
8667,-0.000556
8668,-0.051718
8669,-0.080785
8670,-0.011401
8671,0.007112
8672,-0.005520
8673,0.003018
8674,0.017246
8675,0.033880
8676,-0.015206
8677,-0.014680
8678,0.017527
8679,-0.027466
8680,-0.072195
8681,-0.048293
8682,-0.035227
8683,-0.015384
8684,0.032300
8685,0.078102
8686,0.071553
8687,0.071995
8688,0.024902
8689,-0.002370
8690,-0.031017
8691,-0.054315
8692,-0.071741
8693,-0.091817
8694,-0.025606
8695,0.012569
8696,0.014344
8697,0.028131
8698,0.052115
8699,0.042472
8700,0.004391
8701,-0.014541
8702,-0.050032
8703,-0.042110
8704,0.007280
8705,0.063359
8706,0.045857
8707,-0.033174
8708,0.009319
8709,0.029437
8710,-0.026390
8711,-0.035205
8712,-0.026173
8713,-0.009638
8714,0.054355
8715,0.055317
8716,0.050443
8717,0.028687
8718,0.012914
8719,-0.036952
8720,-0.043253
8721,-0.028962
8722,0.011312
8723,-0.012016
8724,-0.006173
8725,-0.015992
8726,-0.017248
8727,0.003628
8728,-0.009190
8729,-0.000227
8730,-0.022690
8731,-0.052206
8732,-0.004059
8733,0.019103
8734,0.038404
8735,0.046099
8736,0.025332
8737,0.006023
8738,-0.049889
8739,-0.096423
8740,-0.081255
8741,-0.028198
8742,0.039778
8743,0.066366
8744,0.087116
8745,0.068100
8746,0.062304
8747,0.049789
8748,-0.012348
8749,-0.047851
8750,-0.072941
8751,-0.064409
8752,-0.007635
8753,0.018758
8754,0.036062
8755,0.023669
8756,-0.029544
8757,-0.058157
8758,-0.057645
8759,-0.037752
8760,-0.024960
8761,0.008398
8762,0.080089
8763,0.089886
8764,0.064872
8765,0.036146
8766,0.000663
8767,-0.033875
8768,-0.066064
8769,-0.074162
8770,-0.048197
8771,-0.027123
8772,0.011932
8773,0.018794
8774,-0.024774
8775,-0.019700
8776,0.044150
8777,0.037209
8778,0.036011
8779,0.018718
8780,0.020963
8781,-0.017410
8782,-0.047095
8783,-0.056576
8784,-0.032496
8785,0.028806
8786,0.037625
8787,-0.014422
8788,-0.019832
8789,0.017964
8790,0.001114
8791,0.009304
8792,0.013070
8793,-0.015387
8794,0.038519
8795,0.069709
8796,0.017847
8797,-0.001490
8798,0.016318
8799,-0.004893
8800,-0.035250
8801,-0.052506
8802,-0.031326
8803,-0.027579
8804,-0.006685
8805,0.016818
8806,0.020655
8807,0.015618
8808,0.015327
8809,-0.027333
8810,-0.044495
8811,-0.049944
8812,-0.007502
8813,0.029398
8814,0.004213
8815,0.050050
8816,0.007362
8817,0.001772
8818,-0.014175
8819,-0.059548
8820,-0.028269
8821,0.035391
8822,0.108006
8823,0.089407
8824,0.065179
8825,-0.021287
8826,-0.031185
8827,-0.042308
8828,-0.126901
8829,-0.092708
8830,-0.005640
8831,-0.013080
8832,0.058094
8833,0.116254
8834,0.075471
8835,0.026495
8836,-0.057850
8837,-0.092966
8838,-0.057698
8839,-0.093017
8840,-0.067175
8841,0.025934
8842,0.071777
8843,0.080139
8844,0.080296
8845,0.043633
8846,0.011078
8847,-0.054729
8848,-0.043907
8849,-0.017690
8850,0.030011
8851,0.028802
8852,-0.007201
8853,-0.049986
8854,-0.087726
8855,-0.047421
8856,-0.006485
8857,0.022650
8858,0.049280
8859,0.028838
8860,0.021017
8861,-0.034928
8862,-0.019343
8863,0.039092
8864,0.013970
8865,0.055891
8866,0.052836
8867,-0.033647
8868,-0.057794
8869,-0.049421
8870,-0.020768
8871,-0.045314
8872,-0.046834
8873,-0.006619
8874,0.042039
8875,0.036731
8876,0.026182
8877,0.042885
8878,0.046582
8879,0.031835
8880,-0.010791
8881,-0.042149
8882,-0.064142
8883,-0.049030
8884,-0.005202
8885,-0.018145
8886,-0.010896
8887,-0.002997
8888,0.030530
8889,0.002483
8890,-0.036392
8891,-0.017018
8892,0.015400
8893,0.023577
8894,0.010921
8895,0.000812
8896,0.028149
8897,0.047353
8898,0.014231
8899,0.043323
8900,0.051677
8901,0.002433
8902,-0.080955
8903,-0.062994
8904,-0.028259
8905,-0.005342
8906,0.054571
8907,0.059719
8908,0.037151
8909,-0.022471
8910,-0.056674
8911,-0.083951
8912,-0.022155
8913,0.004697
8914,0.022605
8915,0.023038
8916,-0.001268
8917,-0.015706
8918,-0.045392
8919,-0.069931
8920,-0.013118
8921,0.059252
8922,0.063768
8923,0.047328
8924,0.060127
8925,0.013718
8926,-0.011862
8927,-0.016945
8928,-0.038482
8929,-0.013155
8930,0.036801
8931,0.011473
8932,699.302734
8933,591.665588
8934,8.748646
8935,130.959396
8936,14.234485
8937,-2.874089
8938,-27.527531
8939,-11.366391
8940,9.874999
8941,27.117620
8942,9.490034
8943,-13.884322
8944,-33.841705
8945,-24.339119
8946,-7.607879
8947,14.584167
8948,14.985845
8949,11.013967
8950,7.522326
8951,4.288748
8952,7.115545
8953,-20.351984
8954,-24.779108
8955,6.383132
8956,24.249905
8957,12.553082
8958,-6.557598
8959,-28.330393
8960,-8.987421
8961,21.506113
8962,35.091988
8963,31.003519
8964,21.412577
8965,-17.080755
8966,-41.646339
8967,-39.905975
8968,-42.911095
8969,-14.611593
8970,10.660231
8971,28.486393
8972,26.587385
8973,20.130327
8974,-4.260023
8975,-19.919092
8976,0.917297
8977,15.752104
8978,10.011512
8979,-1.032417
8980,-19.162634
8981,-10.464622
8982,13.992513
8983,20.471323
8984,13.765106
8985,7.975522
8986,0.002811
8987,-0.062513
8988,-0.050878
8989,-0.014631
8990,0.014936
8991,0.067433
8992,0.071228
8993,0.059667
8994,-0.023151
8995,-0.047876
8996,-0.061395
8997,-0.033825
8998,-0.048070
8999,-0.040904
9000,-0.036001
9001,-0.081139
9002,-0.064594
9003,0.040060
9004,0.081301
9005,0.092776
9006,0.147535
9007,0.096384
9008,0.030125
9009,-0.013626
9010,-0.045221
9011,-0.020763
9012,-0.039267
9013,-0.063663
9014,-0.079841
9015,-0.068047
9016,-0.048544
9017,0.045096
9018,0.095793
9019,0.089138
9020,0.078684
9021,0.047142
9022,-0.038254
9023,-0.041244
9024,-0.039364
9025,-0.081870
9026,-0.070054
9027,-0.000272
9028,0.029618
9029,0.076453
9030,0.065442
9031,0.011268
9032,-0.026178
9033,-0.088961
9034,-0.047441
9035,-0.020021
9036,-0.043032
9037,-0.020854
9038,0.023699
9039,0.042898
9040,0.024260
9041,-0.027667
9042,-0.011353
9043,0.005364
9044,0.019322
9045,0.040715
9046,0.080424
9047,0.025560
9048,-0.026162
9049,-0.037551
9050,-0.044629
9051,-0.064116
9052,-0.005465
9053,0.003246
9054,-0.027644
9055,-0.034275
9056,-0.001435
9057,0.094151
9058,0.066847
9059,0.025167
9060,0.005560
9061,-0.001560
9062,-0.011148
9063,-0.004964
9064,-0.012950
9065,0.041639
9066,0.054694
9067,0.036927
9068,0.005016
9069,-0.044918
9070,-0.060710
9071,-0.062501
9072,-0.036368
9073,-0.013395
9074,0.026941
9075,0.044387
9076,0.068811
9077,0.025648
9078,-0.013299
9079,-0.014866
9080,-0.008725
9081,-0.020366
9082,-0.030312
9083,-0.079883
9084,-0.105124
9085,-0.037802
9086,711.042175
9087,596.478271
9088,8.898710
9089,112.480949
9090,-44.015324
9091,-15.442643
9092,19.136868
9093,34.544270
9094,43.085922
9095,29.783859
9096,23.213140
9097,0.238602
9098,-31.286093
9099,-57.417400
9100,-45.813911
9101,-12.303200
9102,-2.710110
9103,11.869431
9104,39.517929
9105,42.797283
9106,17.033718
9107,5.908688
9108,6.165474
9109,-2.076603
9110,-19.977903
9111,-27.971346
9112,-11.994630
9113,-1.892614
9114,-14.772332
9115,-6.414735
9116,26.982525
9117,49.897308
9118,31.665907
9119,-6.524505
9120,-46.967117
9121,-74.261276
9122,-54.783745
9123,-6.320478
9124,40.135475
9125,62.562580
9126,54.685699
9127,26.443182
9128,-2.830646
9129,-20.549446
9130,-30.789902
9131,-21.909765
9132,-21.015316
9133,-11.719560
9134,-11.692624
9135,-10.245496
9136,-1.328915
9137,22.112408
9138,32.702595
9139,32.655540
9140,0.008392
9141,0.067097
9142,0.067660
9143,0.062917
9144,0.063690
9145,0.026868
9146,-0.023787
9147,-0.076185
9148,-0.057119
9149,-0.073124
9150,-0.019210
9151,0.019892
9152,0.031848
9153,0.026799
9154,0.027537
9155,0.054345
9156,0.007892
9157,-0.014760
9158,-0.020848
9159,0.035502
9160,0.075004
9161,0.023564
9162,-0.043921
9163,-0.061515
9164,-0.066523
9165,-0.014766
9166,-0.017446
9167,-0.046517
9168,-0.070346
9169,-0.031574
9170,-0.005498
9171,0.044137
9172,0.056154
9173,0.076919
9174,0.058104
9175,0.015568
9176,0.033526
9177,0.087859
9178,0.070746
9179,0.004851
9180,-0.077896
9181,-0.087265
9182,-0.076294
9183,-0.032917
9184,-0.024514
9185,-0.047344
9186,-0.042312
9187,-0.009047
9188,0.054933
9189,0.032025
9190,718.970154
9191,599.728394
9192,9.000053
9193,99.415909
9194,-3.251289
9195,2.995609
9196,28.627218
9197,44.033089
9198,40.947643
9199,17.236721
9200,-3.187968
9201,-3.982817
9202,-7.806094
9203,-43.539314
9204,-63.417473
9205,-51.057621
9206,-22.596653
9207,2.416282
9208,16.730778
9209,31.426723
9210,42.988628
9211,30.359602
9212,13.673731
9213,24.630480
9214,11.484958
9215,-4.224792
9216,-9.178055
9217,-9.055392
9218,-25.712597
9219,-9.981484
9220,-5.001045
9221,-19.213709
9222,-25.201876
9223,-18.743425
9224,3.821407
9225,23.532375
9226,18.751268
9227,11.488307
9228,7.006536
9229,16.162558
9230,16.221273
9231,3.811265
9232,-8.276256
9233,-36.939278
9234,-28.104277
9235,-15.061394
9236,0.689118
9237,29.728790
9238,45.048298
9239,22.448555
9240,12.808750
9241,-8.607527
9242,-51.878983
9243,-59.604439
9244,-0.000017
9245,0.019973
9246,0.019608
9247,0.021272
9248,-0.014722
9249,-0.021883
9250,0.006355
9251,-0.014764
9252,-0.020142
9253,-0.004662
9254,-0.015973
9255,-0.019438
9256,0.022248
9257,0.073256
9258,0.098546
9259,0.067596
9260,0.044963
9261,0.063304
9262,0.006530
9263,-0.085563
9264,-0.145420
9265,-0.115440
9266,-0.078883
9267,-0.047863
9268,-0.004332
9269,0.028945
9270,0.050165
9271,0.090713
9272,0.057980
9273,0.067874
9274,0.103907
9275,0.050064
9276,-0.039298
9277,-0.106060
9278,-0.027842
9279,-0.091195
9280,-0.078718
9281,-0.002484
9282,-0.010814
9283,-0.013975
9284,-0.007250
9285,0.065714
9286,0.073005
9287,0.039402
9288,0.019511
9289,0.038457
9290,0.033673
9291,-0.050172
9292,-0.056887
9293,-0.046905
9294,726.897949
9295,602.978516
9296,9.101397
9297,87.214630
9298,-14.178263
9299,-12.433539
9300,-13.842761
9301,-22.697582
9302,-9.334641
9303,3.666647
9304,11.249695
9305,27.209883
9306,31.866850
9307,12.218945
9308,5.924542
9309,-3.227899
9310,-21.137667
9311,-21.425762
9312,2.653012
9313,19.697266
9314,13.230242
9315,11.459764
9316,-1.180246
9317,-4.391492
9318,-13.389049
9319,-22.322273
9320,-17.997536
9321,-9.914872
9322,-4.041722
9323,10.137345
9324,15.279927
9325,-0.819679
9326,-1.376104
9327,4.401954
9328,5.472379
9329,8.634009
9330,-4.267131
9331,-1.940751
9332,1.887025
9333,1.482642
9334,3.768933
9335,12.044528
9336,11.417752
9337,-0.805051
9338,-9.929463
9339,-16.524006
9340,-6.263534
9341,12.514034
9342,16.263611
9343,-0.217575
9344,-18.424042
9345,-16.824926
9346,-4.361648
9347,5.542780
9348,-0.011950
9349,0.007671
9350,-0.014812
9351,0.042928
9352,0.046258
9353,-0.003412
9354,0.002196
9355,0.047251
9356,0.061513
9357,0.030213
9358,-0.005870
9359,-0.027363
9360,-0.016404
9361,-0.015415
9362,-0.062966
9363,-0.072609
9364,-0.028362
9365,-0.004433
9366,0.001528
9367,0.049119
9368,0.061727
9369,0.044973
9370,0.068900
9371,0.059775
9372,-0.011433
9373,-0.059520
9374,-0.076341
9375,-0.023003
9376,-0.045439
9377,-0.040949
9378,0.006745
9379,-0.008943
9380,0.015376
9381,0.029885
9382,-0.015725
9383,-0.010666
9384,-0.000030
9385,-0.034314
9386,0.003441
9387,0.035270
9388,0.016373
9389,-0.018764
9390,0.011091
9391,0.059927
9392,0.010306
9393,0.013898
9394,-0.011732
9395,-0.025838
9396,-0.038639
9397,-0.019207
9398,0.016538
9399,0.007236
9400,0.047937
9401,0.035756
9402,0.033147
9403,0.054756
9404,-0.018093
9405,-0.081260
9406,-0.084221
9407,-0.094838
9408,-0.052052
9409,0.030543
9410,0.056080
9411,0.027857
9412,0.007257
9413,-0.014770
9414,0.022232
9415,0.050190
9416,0.067620
9417,0.044354
9418,-0.049436
9419,-0.121861
9420,-0.061062
9421,0.001560
9422,0.033679
9423,-0.000591
9424,-0.005509
9425,0.033418
9426,0.075134
9427,0.112720
9428,0.077891
9429,0.036435
9430,-0.020880
9431,-0.050247
9432,-0.132668
9433,-0.129227
9434,-0.059559
9435,-0.018927
9436,0.010038
9437,0.007992
9438,-0.019311
9439,-0.058499
9440,0.003109
9441,0.037218
9442,0.054611
9443,0.100259
9444,0.095914
9445,0.050217
9446,0.015064
9447,-0.041469
9448,-0.087025
9449,-0.071755
9450,-0.063633
9451,-0.044912
9452,0.058258
9453,0.040712
9454,-0.010534
9455,0.002400
9456,-0.034344
9457,-0.011698
9458,0.069181
9459,0.030366
9460,0.011921
9461,-0.033156
9462,-0.086568
9463,-0.008096
9464,0.017493
9465,0.000628
9466,0.017088
9467,-0.000351
9468,-0.072122
9469,-0.024767
9470,0.012093
9471,0.018932
9472,0.099099
9473,0.097038
9474,0.045048
9475,-0.017584
9476,-0.013566
9477,-0.022769
9478,-0.037002
9479,-0.000729
9480,0.020469
9481,0.000499
9482,0.009331
9483,-0.010084
9484,-0.027341
9485,-0.014986
9486,-0.053353
9487,-0.000275
9488,0.013073
9489,-0.039333
9490,-0.000055
9491,-0.018235
9492,0.003572
9493,0.055051
9494,0.051537
9495,0.021626
9496,-0.047754
9497,-0.057460
9498,-0.014934
9499,0.008009
9500,-0.000655
9501,0.033849
9502,0.065739
9503,0.032308
9504,0.007233
9505,-0.035148
9506,-0.037317
9507,-0.023451
9508,-0.000611
9509,-0.011018
9510,-0.060720
9511,-0.093390
9512,-0.062138
9513,-0.001677
9514,0.024366
9515,0.031999
9516,0.085501
9517,0.063103
9518,0.042391
9519,0.036736
9520,-0.005250
9521,-0.013218
9522,-0.030497
9523,-0.032002
9524,-0.017285
9525,0.067391
9526,0.079285
9527,0.025180
9528,0.022861
9529,0.024322
9530,-0.029180
9531,-0.016955
9532,0.004780
9533,-0.000492
9534,-0.013127
9535,-0.028334
9536,-0.034456
9537,-0.042695
9538,-0.012769
9539,0.013881
9540,-0.017659
9541,-0.062894
9542,-0.049955
9543,-0.043132
9544,0.028426
9545,0.010377
9546,0.044792
9547,0.041234
9548,-0.015907
9549,-0.056802
9550,-0.042289
9551,-0.033506
9552,0.025341
9553,0.028299
9554,0.040100
9555,0.038915
9556,-0.020123
9557,0.006982
9558,0.009009
9559,-0.033797
9560,0.019440
9561,0.038225
9562,0.011351
9563,-0.021106
9564,-0.029439
9565,-0.048850
9566,-0.040868
9567,-0.023090
9568,-0.045143
9569,0.001993
9570,0.064411
9571,0.054970
9572,0.079490
9573,0.065149
9574,0.023401
9575,0.029441
9576,0.034542
9577,0.030631
9578,-0.033599
9579,-0.121726
9580,-0.102865
9581,-0.046841
9582,-0.004961
9583,0.006178
9584,-0.011406
9585,-0.006133
9586,0.045083
9587,0.037308
9588,0.043372
9589,0.011651
9590,-0.014713
9591,-0.019426
9592,-0.053468
9593,-0.063364
9594,-0.066733
9595,-0.027151
9596,0.014671
9597,0.052456
9598,0.044440
9599,0.076699
9600,0.025105
9601,-0.026184
9602,-0.030209
9603,-0.030408
9604,-0.005518
9605,0.015717
9606,0.047355
9607,0.019664
9608,-0.022647
9609,-0.044558
9610,-0.014301
9611,-0.011776
9612,-0.011801
9613,-0.013238
9614,-0.007192
9615,-0.018919
9616,-0.000527
9617,0.086339
9618,0.104249
9619,0.062854
9620,0.038879
9621,0.011361
9622,-0.043930
9623,-0.004594
9624,-0.022780
9625,-0.088232
9626,-0.106471
9627,-0.069856
9628,0.004811
9629,0.037341
9630,0.080687
9631,0.035727
9632,-0.000318
9633,0.005132
9634,0.007918
9635,0.009862
9636,-0.017047
9637,-0.020861
9638,0.006510
9639,0.013677
9640,-0.030371
9641,-0.058753
9642,-0.061074
9643,-0.029610
9644,-0.012797
9645,0.040662
9646,0.089621
9647,0.080091
9648,0.014191
9649,-0.064844
9650,-0.065896
9651,-0.029347
9652,-0.015004
9653,0.038257
9654,0.075863
9655,0.027834
9656,-0.033904
9657,-0.059729
9658,-0.106150
9659,-0.056248
9660,-0.009575
9661,0.044734
9662,0.084374
9663,0.058784
9664,0.049080
9665,0.045985
9666,0.022113
9667,0.039310
9668,0.045533
9669,0.013369
9670,-0.028695
9671,-0.069136
9672,-0.070231
9673,-0.055784
9674,-0.012836
9675,-0.013578
9676,-0.027437
9677,0.022765
9678,0.007604
9679,-0.012660
9680,0.012458
9681,-0.020738
9682,0.008144
9683,-0.013899
9684,-0.008134
9685,0.040752
9686,0.020225
9687,-0.023157
9688,-0.026016
9689,0.033657
9690,0.065636
9691,0.052796
9692,0.028830
9693,-0.052468
9694,-0.078778
9695,-0.055261
9696,-0.032891
9697,-0.016608
9698,0.028430
9699,0.027203
9700,0.011966
9701,0.046950
9702,0.026192
9703,-0.002830
9704,0.021304
9705,0.002630
9706,-0.043038
9707,-0.041767
9708,0.004953
9709,-0.002427
9710,0.010599
9711,-0.013339
9712,-0.046466
9713,-0.042791
9714,-0.060252
9715,-0.020507
9716,0.043470
9717,0.049602
9718,0.019143
9719,0.031704
9720,0.001375
9721,-0.010299
9722,0.030597
9723,0.060847
9724,0.074197
9725,0.084924
9726,0.016089
9727,-0.027223
9728,-0.109969
9729,-0.112975
9730,-0.083970
9731,-0.066393
9732,0.011819
9733,0.036339
9734,0.064895
9735,0.030047
9736,0.009800
9737,-0.037536
9738,-0.071168
9739,-0.020023
9740,0.033684
9741,0.003277
9742,-0.031353
9743,0.001009
9744,0.031033
9745,0.066556
9746,0.079631
9747,0.075592
9748,0.094626
9749,0.024983
9750,-0.031881
9751,-0.033636
9752,-0.055846
9753,-0.093035
9754,-0.085209
9755,-0.043661
9756,-0.056188
9757,-0.037405
9758,0.004093
9759,-0.008481
9760,0.017634
9761,0.052722
9762,0.048418
9763,0.090857
9764,0.043328
9765,0.019754
9766,0.004936
9767,-0.017493
9768,-0.016716
9769,-0.004731
9770,-0.010802
9771,0.002038
9772,-0.036894
9773,-0.000084
9774,0.011186
9775,-0.013950
9776,-0.028915
9777,-0.038770
9778,0.000212
9779,0.021402
9780,0.027114
9781,0.026786
9782,0.013434
9783,-0.016874
9784,0.005332
9785,-0.001067
9786,-0.013431
9787,0.049307
9788,0.025882
9789,-0.009132
9790,-0.056043
9791,-0.043884
9792,-0.063880
9793,-0.052378
9794,-0.027018
9795,0.015661
9796,0.056412
9797,0.103501
9798,0.101186
9799,0.053115
9800,-0.007451
9801,-0.066216
9802,-0.113049
9803,-0.129389
9804,-0.071811
9805,-0.014199
9806,0.043356
9807,0.069995
9808,0.073297
9809,0.039260
9810,-0.003278
9811,0.032237
9812,0.021603
9813,-0.022644
9814,-0.028155
9815,-0.049141
9816,-0.039401
9817,-0.007866
9818,0.003408
9819,0.029923
9820,0.010470
9821,-0.010785
9822,0.043453
9823,0.003220
9824,-0.029139
9825,0.049564
9826,0.023882
9827,0.009863
9828,0.006769
9829,-0.004101
9830,0.001626
9831,0.041999
9832,-0.013606
9833,-0.023345
9834,0.015659
9835,-0.012692
9836,-0.035245
9837,-0.001892
9838,0.039887
9839,0.024899
9840,0.007834
9841,-0.023163
9842,-0.041024
9843,-0.099327
9844,-0.086880
9845,0.006663
9846,0.044919
9847,0.021817
9848,-0.017342
9849,-0.024472
9850,-0.040483
9851,-0.001634
9852,0.062746
9853,0.064993
9854,0.048034
9855,0.009051
9856,0.014435
9857,0.002084
9858,0.010548
9859,-0.024083
9860,0.001403
9861,-0.016584
9862,-0.031489
9863,-0.032701
9864,-0.055032
9865,-0.021852
9866,0.022030
9867,0.018773
9868,0.054854
9869,0.081384
9870,0.042160
9871,0.020654
9872,0.009693
9873,-0.020188
9874,-0.015912
9875,-0.009505
9876,-0.043817
9877,-0.089873
9878,-0.077978
9879,-0.051675
9880,-0.015565
9881,0.012464
9882,0.024925
9883,0.023185
9884,0.048352
9885,-0.007331
9886,-0.016398
9887,-0.015810
9888,-0.018179
9889,0.025169
9890,0.061851
9891,0.044412
9892,0.036029
9893,0.003920
9894,0.002585
9895,0.029704
9896,0.034331
9897,-0.041934
9898,-0.033879
9899,-0.008733
9900,0.015680
9901,0.015779
9902,0.006716
9903,0.023836
9904,-0.011262
9905,0.012750
9906,0.058900
9907,0.085553
9908,0.038839
9909,0.019113
9910,-0.041938
9911,-0.074431
9912,-0.085240
9913,-0.066164
9914,-0.028389
9915,-0.005335
9916,-0.022362
9917,-0.012247
9918,-0.007332
9919,0.048193
9920,0.064153
9921,0.016443
9922,0.022005
9923,-0.026113
9924,-0.055063
9925,0.021002
9926,0.074029
9927,0.042384
9928,0.036507
9929,0.018794
9930,0.016358
9931,-0.022261
9932,-0.056038
9933,-0.058686
9934,-0.092486
9935,-0.068060
9936,0.022416
9937,0.067276
9938,0.056400
9939,0.000333
9940,0.010136
9941,0.007430
9942,0.025858
9943,0.025963
9944,-0.036740
9945,-0.067338
9946,-0.065446
9947,-0.001846
9948,-0.002705
9949,0.067299
9950,0.085727
9951,0.051908
9952,-0.027919
9953,-0.042661
9954,0.035178
9955,-0.034763
9956,-0.025207
9957,-0.007138
9958,0.004157
9959,0.008663
9960,-0.031106
9961,-0.015212
9962,-0.004722
9963,-0.046772
9964,-0.028187
9965,-0.004172
9966,0.012938
9967,0.017905
9968,0.011322
9969,0.042892
9970,0.005537
9971,-0.001523
9972,0.027711
9973,0.068211
9974,0.062003
9975,0.003612
9976,0.001649
9977,-0.034255
9978,-0.052763
9979,0.014864
9980,0.071538
9981,0.000624
9982,-0.043049
9983,-0.078077
9984,-0.069893
9985,-0.052158
9986,-0.036657
9987,-0.023554
9988,-0.013574
9989,0.056616
9990,0.010140
9991,0.029494
9992,0.068103
9993,0.044412
9994,0.033971
9995,0.021165
9996,-0.023688
9997,-0.050960
9998,-0.047683
9999,0.000595
10000,0.028610
10001,-0.051558
10002,-0.040230
10003,-0.004472
10004,-0.020707
10005,0.077492
10006,0.058103
10007,0.005666
10008,-0.009696
10009,-0.073614
10010,-0.054816
10011,0.014619
10012,0.063935
10013,0.032164
10014,-0.026964
10015,0.016101
10016,0.026376
10017,-0.017006
10018,-0.050360
10019,-0.039617
10020,0.000754
10021,0.017886
10022,0.045469
10023,0.064952
10024,0.016056
10025,-0.013137
10026,-0.046507
10027,-0.053636
10028,-0.033059
10029,-0.006848
10030,0.007017
10031,0.027768
10032,0.064790
10033,0.045912
10034,0.068979
10035,0.019327
10036,-0.011350
10037,-0.031341
10038,-0.093923
10039,-0.089358
10040,-0.051580
10041,-0.074135
10042,0.006441
10043,0.032177
10044,0.020109
10045,0.049744
10046,0.008605
10047,-0.000280
10048,0.002216
10049,-0.010421
10050,-0.023134
10051,-0.030382
10052,-0.041595
10053,-0.030921
10054,0.038225
10055,0.049753
10056,0.052959
10057,0.098338
10058,0.057144
10059,0.014906
10060,0.016828
10061,-0.028667
10062,-0.025859
10063,-0.026306
10064,-0.077376
10065,-0.066818
10066,-0.115528
10067,-0.061008
10068,0.002125
10069,0.019705
10070,0.069506
10071,0.109099
10072,0.106136
10073,0.028154
10074,-0.029582
10075,-0.013408
10076,0.002421
10077,-0.005975
10078,-0.008211
10079,-0.003859
10080,0.029426
10081,0.033577
10082,-0.035600
10083,-0.083458
10084,-0.056213
10085,-0.005850
10086,0.048110
10087,0.060369
10088,-0.007725
10089,0.005629
10090,-0.029703
10091,-0.017823
10092,-0.010105
10093,-0.024143
10094,-0.023661
10095,0.003339
10096,0.039533
10097,2.328556
10098,788.187256
10099,621.940857
10100,9.884853
10101,24.311007
10102,32.013512
10103,17.990999
10104,-23.311012
10105,-38.647175
10106,2.924676
10107,55.393093
10108,49.551395
10109,11.372890
10110,-11.578614
10111,-17.694550
10112,-19.062635
10113,-39.709038
10114,-30.736694
10115,3.751425
10116,29.088411
10117,26.221844
10118,0.591549
10119,-28.272577
10120,-2.121633
10121,13.965959
10122,2.607455
10123,-18.345192
10124,-22.454840
10125,1.721498
10126,21.984152
10127,28.972757
10128,13.717995
10129,-13.648215
10130,-19.077625
10131,-16.829697
10132,-9.043941
10133,-4.115594
10134,-3.297923
10135,3.543596
10136,19.078508
10137,36.423126
10138,39.314228
10139,20.359064
10140,-33.631599
10141,-56.792656
10142,-63.842049
10143,-35.112499
10144,15.565703
10145,45.935612
10146,46.535961
10147,28.608963
10148,-3.643364
10149,-23.647434
10150,-17.318748
10151,8.404940
10152,0.036286
10153,-0.001052
10154,-0.018958
10155,-0.027166
10156,-0.018687
10157,-0.040695
10158,-0.050461
10159,-0.007401
10160,0.007286
10161,0.064750
10162,0.055825
10163,-0.021049
10164,0.005116
10165,0.030110
10166,-0.017422
10167,0.013900
10168,-0.001101
10169,-0.016023
10170,0.000879
10171,-0.093921
10172,-0.051951
10173,0.010345
10174,0.057486
10175,0.066815
10176,-0.001062
10177,0.009856
10178,-0.024251
10179,-0.030190
10180,0.020091
10181,0.016115
10182,0.008155
10183,-0.043383
10184,-0.056562
10185,0.003085
10186,0.003802
10187,0.005953
10188,0.053323
10189,0.030052
10190,0.000010
10191,-0.030949
10192,-0.022375
10193,-0.013522
10194,0.037615
10195,0.053642
10196,-0.011711
10197,-0.038412
10198,-0.070093
10199,0.000831
10200,0.042075
10201,0.050554
10202,-0.023352
10203,-0.085460
10204,-0.047611
10205,-0.037747
10206,-0.054709
10207,0.016286
10208,-0.014901
10209,-0.052321
10210,0.027129
10211,0.096306
10212,0.087632
10213,0.054947
10214,0.000093
10215,-0.078194
10216,-0.069197
10217,-0.034788
10218,-0.020120
10219,0.003978
10220,0.070987
10221,0.060072
10222,0.027252
10223,-0.007166
10224,0.000817
10225,-0.004035
10226,-0.040061
10227,-0.028305
10228,0.019840
10229,-0.004915
10230,-0.011840
10231,0.020095
10232,0.038369
10233,0.060242
10234,0.066252
10235,0.048427
10236,-0.039046
10237,-0.068861
10238,-0.091369
10239,-0.090467
10240,-0.075588
10241,-0.084294
10242,-0.044742
10243,0.006567
10244,0.011449
10245,0.075665
10246,0.054209
10247,0.053553
10248,0.086924
10249,0.012577
10250,0.005774
10251,5.906789
10252,799.926758
10253,617.198120
10254,10.034919
10255,36.226933
10256,22.839272
10257,17.746759
10258,-9.375749
10259,-12.189406
10260,-32.606792
10261,-35.955742
10262,3.695426
10263,25.516335
10264,27.513044
10265,21.936598
10266,8.883165
10267,-6.383881
10268,-20.482153
10269,-21.831671
10270,-17.421938
10271,15.717160
10272,35.567528
10273,18.241901
10274,-10.200870
10275,-31.137014
10276,-28.938435
10277,3.561243
10278,22.549187
10279,23.242586
10280,4.256632
10281,3.498785
10282,-7.636960
10283,-21.324141
10284,-24.845913
10285,-9.837765
10286,16.889532
10287,15.658460
10288,13.052865
10289,3.858848
10290,13.613551
10291,14.679886
10292,0.589095
10293,-24.956053
10294,-31.688084
10295,-11.366652
10296,-1.918918
10297,24.290373
10298,47.664330
10299,35.052967
10300,21.705837
10301,-12.007063
10302,-57.437504
10303,-89.166023
10304,-76.822510
10305,-18.962141
10306,-137.994156
10307,0.009390
10308,1131.976196
10309,143.014023
10310,915.644897
10311,-2262.049316
10312,-230.714890
10313,1938.637817
10314,-635.686646
10315,398.891968
10316,524.442871
10317,1428.893921
10318,295.217651
10319,2243.482422
10320,-87.916641
10321,1388.512573
10322,-1663.318604
10323,1452.436890
10324,-110.798668
10325,1235.235229
10326,1963.095947
10327,-2449.141113
10328,-621.558228
10329,1267.103638
10330,736.145081
10331,-2243.091553
10332,1749.020386
10333,595.376709
10334,-102.524559
10335,-2071.059570
10336,1055.584717
10337,2295.652344
10338,730.770142
10339,-719.694641
10340,-274.990997
10341,-410.292664
10342,245.249481
10343,888.881958
10344,1491.073608
10345,2125.812744
10346,1231.692749
10347,-1059.775879
10348,-74.806175
10349,-1122.493286
10350,-290.329620
10351,-2274.125244
10352,-147.041519
10353,1480.026611
10354,463.177277
10355,-2145.609375
10356,-720.524719
10357,2375.135498
10358,-1186.638916
10359,-2345.033691
10360,-0.020211
10361,-0.029382
10362,0.003623
10363,-0.027695
10364,0.000350
10365,-0.003438
10366,-0.014120
10367,0.005577
10368,-0.025077
10369,0.000895
10370,0.006556
10371,0.038847
10372,0.026093
10373,0.024338
10374,0.033449
10375,0.081001
10376,0.039782
10377,-0.044833
10378,-0.042975
10379,-0.077526
10380,-0.086645
10381,-0.067960
10382,0.007665
10383,0.035470
10384,0.020908
10385,0.006253
10386,0.028139
10387,-0.008891
10388,-0.013880
10389,0.006038
10390,-0.027558
10391,-0.020804
10392,0.021601
10393,0.053657
10394,0.063538
10395,0.039062
10396,-0.014577
10397,-0.044473
10398,-0.052320
10399,-0.087774
10400,-0.084304
10401,-0.036475
10402,0.050822
10403,0.034035
10404,0.071720
10405,0.069929
10406,0.049116
10407,0.056710
10408,0.028996
10409,-0.042406
10410,-0.069129
10411,-0.053558
10412,-0.020653
10413,-0.023427
10414,0.006581
10415,-0.006388
10416,-0.004290
10417,0.028119
10418,0.032900
10419,0.034369
10420,-0.015768
10421,-0.042959
10422,-0.044212
10423,-0.043645
10424,-0.026867
10425,0.001217
10426,0.031417
10427,0.037100
10428,0.036929
10429,0.023727
10430,0.023826
10431,0.031824
10432,0.001998
10433,-0.021237
10434,-0.062727
10435,-0.033216
10436,-0.003473
10437,-0.040414
10438,-0.066890
10439,-0.063407
10440,-0.000431
10441,0.025383
10442,0.063737
10443,0.089838
10444,0.060999
10445,0.047929
10446,0.016277
10447,-0.013226
10448,-0.020577
10449,-0.039295
10450,-0.051741
10451,-0.091397
10452,-0.050993
10453,0.038100
10454,0.025407
10455,0.054788
10456,0.033344
10457,0.045962
10458,0.027902
10459,-0.001784
10460,-0.004058
10461,-0.032491
10462,-0.025341
10463,-0.007583
10464,0.016987
10465,-0.022990
10466,-0.072043
10467,-0.082981
10468,-0.058050
10469,0.037268
10470,0.094756
10471,0.096756
10472,0.077408
10473,-0.013589
10474,0.002157
10475,-0.032151
10476,-0.043171
10477,-0.012310
10478,0.013383
10479,0.007875
10480,-0.029974
10481,-0.078258
10482,-0.052301
10483,-0.014962
10484,0.045649
10485,0.022062
10486,0.005640
10487,-0.001039
10488,0.014448
10489,0.028123
10490,0.007056
10491,-0.049984
10492,-0.040907
10493,0.025096
10494,0.043051
10495,0.029034
10496,0.032478
10497,0.009999
10498,-0.022610
10499,-0.036351
10500,-0.032298
10501,-0.044948
10502,0.006102
10503,0.015175
10504,0.035660
10505,0.046372
10506,-0.011242
10507,0.014913
10508,0.040339
10509,0.027536
10510,-0.007104
10511,-0.052612
10512,-0.028420
10513,-0.024064
10514,-0.016856
10515,0.028808
10516,-0.001528
10517,-0.042448
10518,0.001168
10519,0.048392
10520,0.051858
10521,0.032495
10522,-0.004691
10523,-0.029660
10524,-0.060154
10525,-0.072820
10526,-0.040860
10527,0.047300
10528,0.015181
10529,0.021936
10530,0.105046
10531,0.026932
10532,-0.003701
10533,-0.006437
10534,0.000082
10535,0.015372
10536,-0.034322
10537,-0.086799
10538,-0.055384
10539,-0.059686
10540,-0.006682
10541,0.010222
10542,0.027390
10543,0.054222
10544,0.026991
10545,0.004454
10546,0.005613
10547,-0.036926
10548,-0.004161
10549,0.055410
10550,0.013146
10551,0.022469
10552,-0.024592
10553,-0.066643
10554,-0.053884
10555,-0.019877
10556,0.002889
10557,0.014895
10558,0.030140
10559,-0.018863
10560,231.000366
10561,17.542253
10562,4.307016
10563,2126.784180
10564,871.461731
10565,-61.333633
10566,-31.640429
10567,10.036160
10568,34.301571
10569,44.437275
10570,44.738132
10571,41.089748
10572,25.809727
10573,-3.535677
10574,-34.124706
10575,-34.781036
10576,-24.039602
10577,-13.015730
10578,-19.471624
10579,-6.945343
10580,6.577457
10581,20.531483
10582,39.038761
10583,27.858067
10584,-16.878340
10585,-22.723246
10586,-16.650030
10587,-3.063419
10588,7.041284
10589,-8.864321
10590,-14.692816
10591,0.126731
10592,6.942482
10593,13.220824
10594,1.439723
10595,1.187560
10596,14.509162
10597,24.924238
10598,12.545262
10599,-20.703747
10600,-40.556618
10601,-31.347343
10602,-38.708904
10603,-18.105448
10604,30.895670
10605,56.683918
10606,67.134125
10607,44.637936
10608,3.677341
10609,-26.167215
10610,-27.272705
10611,-37.074493
10612,-30.770081
10613,-15.723871
10614,0.025224
10615,0.024498
10616,0.041115
10617,0.056761
10618,0.035715
10619,0.003919
10620,-0.052006
10621,-0.016946
10622,0.021494
10623,0.014436
10624,-0.022249
10625,-0.049295
10626,0.001176
10627,0.041202
10628,0.026465
10629,-0.004353
10630,-0.015135
10631,-0.047715
10632,-0.062445
10633,-0.056463
10634,-0.057879
10635,-0.008363
10636,0.026731
10637,0.086731
10638,0.069465
10639,-0.015055
10640,-0.045197
10641,-0.035480
10642,-0.074284
10643,0.006612
10644,0.042594
10645,0.002855
10646,0.031529
10647,0.057037
10648,0.039305
10649,0.015600
10650,0.003073
10651,0.028513
10652,-0.000062
10653,-0.062854
10654,-0.076545
10655,-0.110201
10656,-0.014502
10657,0.019153
10658,0.050680
10659,0.078832
10660,0.082694
10661,0.047723
10662,0.043275
10663,0.012171
10664,228.658142
10665,20.792362
10666,4.260025
10667,2115.417725
10668,892.044983
10669,2.059331
10670,-5.967203
10671,8.980296
10672,29.348175
10673,23.625711
10674,15.303775
10675,11.003368
10676,14.876596
10677,16.164110
10678,-11.064610
10679,-43.131157
10680,-44.329926
10681,-43.336945
10682,-42.765480
10683,-8.971250
10684,50.663925
10685,84.687950
10686,71.973572
10687,26.763355
10688,-12.877358
10689,-54.397823
10690,-69.952827
10691,-80.036987
10692,-41.137939
10693,1.479089
10694,21.243040
10695,65.805046
10696,73.111290
10697,36.875835
10698,22.236799
10699,-7.097291
10700,-50.302193
10701,-49.539410
10702,-16.013597
10703,4.152419
10704,22.835579
10705,27.840004
10706,42.363007
10707,27.283325
10708,-7.351392
10709,-34.739529
10710,-39.862019
10711,-26.745138
10712,-1.564953
10713,10.144474
10714,-0.142024
10715,-34.967602
10716,-34.255840
10717,-1.967336
10718,0.001991
10719,-0.018259
10720,-0.074532
10721,-0.091307
10722,-0.064849
10723,-0.041888
10724,0.003870
10725,0.049971
10726,0.043785
10727,0.065587
10728,0.020726
10729,0.023829
10730,-0.007580
10731,-0.045983
10732,-0.034738
10733,-0.058127
10734,-0.093847
10735,-0.018745
10736,0.052998
10737,0.048490
10738,0.063351
10739,0.053017
10740,-0.030100
10741,-0.049296
10742,-0.041022
10743,-0.005662
10744,-0.019175
10745,0.012356
10746,0.030896
10747,0.023906
10748,0.023846
10749,0.024341
10750,0.040054
10751,0.022359
10752,0.018295
10753,-0.013866
10754,-0.019419
10755,-0.048134
10756,-0.086562
10757,-0.080042
10758,-0.053770
10759,-0.004908
10760,-0.011973
10761,0.057373
10762,0.060799
10763,0.049890
10764,0.058463
10765,0.003070
10766,0.019738
10767,-0.003323
10768,-0.004975
10769,0.039694
10770,0.032026
10771,0.008102
10772,-0.035514
10773,-0.062252
10774,-0.026107
10775,-0.015671
10776,0.011882
10777,0.032687
10778,0.004413
10779,-0.038410
10780,-0.057675
10781,-0.017076
10782,-0.007251
10783,-0.041980
10784,-0.011585
10785,0.027704
10786,0.004762
10787,0.040742
10788,0.037262
10789,0.048095
10790,0.071808
10791,0.061922
10792,-0.058329
10793,-0.115510
10794,-0.082202
10795,-0.065420
10796,-0.005188
10797,-0.024391
10798,0.011370
10799,0.064754
10800,0.044417
10801,0.010909
10802,0.030672
10803,0.007318
10804,-0.026226
10805,-0.000874
10806,0.055351
10807,0.012900
10808,-0.020685
10809,-0.022638
10810,-0.005751
10811,-0.027833
10812,-0.046660
10813,-0.023890
10814,-0.010420
10815,0.029638
10816,0.035495
10817,0.035895
10818,-0.029395
10819,-0.062959
10820,-0.010245
10821,-0.000906
10822,0.021152
10823,0.043255
10824,0.070022
10825,0.033145
10826,0.041474
10827,0.007689
10828,-0.012267
10829,-0.042154
10830,-0.084029
10831,-0.060066
10832,-0.029133
10833,0.009996
10834,-0.013525
10835,-0.045285
10836,-0.001191
10837,-0.007599
10838,-0.000223
10839,0.006663
10840,0.043425
10841,0.033174
10842,0.068092
10843,0.057124
10844,0.049274
10845,0.057107
10846,0.002977
10847,-0.052839
10848,-0.083351
10849,-0.085970
10850,-0.056915
10851,0.027247
10852,0.002149
10853,-0.027502
10854,-0.058309
10855,-0.007355
10856,0.030373
10857,0.047854
10858,0.032782
10859,-0.001034
10860,-0.057333
10861,-0.031730
10862,0.004578
10863,-0.042407
10864,-0.020361
10865,0.016492
10866,0.056927
10867,0.067392
10868,0.071494
10869,0.023272
10870,-0.007373
10871,-0.010546
10872,0.026402
10873,0.057944
10874,0.009895
10875,-0.030089
10876,-0.048897
10877,-0.066527
10878,-0.019652
10879,0.000373
10880,-0.045364
10881,-0.034939
10882,-0.057597
10883,-0.093617
10884,0.005018
10885,0.039273
10886,0.028705
10887,0.051014
10888,0.054052
10889,-0.002967
10890,-0.011325
10891,-0.065413
10892,-0.009770
10893,0.033237
10894,0.016917
10895,0.052777
10896,0.057810
10897,0.039878
10898,-0.040776
10899,-0.022824
10900,-0.053883
10901,-0.000848
10902,0.027747
10903,-0.001225
10904,-0.029067
10905,-0.072131
10906,-0.074481
10907,-0.022841
10908,0.050771
10909,0.117611
10910,0.137632
10911,0.045359
10912,-0.091471
10913,-0.096083
10914,-0.050198
10915,-0.033351
10916,-0.011998
10917,0.023213
10918,-0.012719
10919,-0.014785
10920,0.015150
10921,0.054972
10922,0.081888
10923,0.063318
10924,0.031345
10925,0.019120
10926,0.013916
10927,-0.043916
10928,-0.115418
10929,-0.067701
10930,-0.033808
10931,-0.034147
10932,0.021162
10933,0.028918
10934,0.041775
10935,0.021965
10936,0.027786
10937,-0.003907
10938,0.001360
10939,0.017005
10940,0.025742
10941,0.000634
10942,-0.065734
10943,-0.057873
10944,-0.030336
10945,0.002080
10946,0.031832
10947,0.036106
10948,0.015619
10949,-0.016360
10950,-0.022856
10951,-0.006431
10952,0.048805
10953,0.031633
10954,0.057646
10955,0.000890
10956,-0.025985
10957,-0.029760
10958,0.004744
10959,0.037911
10960,0.035618
10961,-0.029292
10962,-0.037090
10963,-0.057981
10964,-0.089619
10965,-0.071764
10966,-0.016557
10967,0.035383
10968,0.005248
10969,-0.062229
10970,-0.065017
10971,-0.094181
10972,-0.095825
10973,-0.016779
10974,0.002951
10975,0.020578
10976,0.024322
10977,0.022926
10978,0.047319
10979,0.068470
10980,0.049057
10981,0.029040
10982,0.036230
10983,-0.005178
10984,-0.047863
10985,-0.090291
10986,-0.023921
10987,-0.020501
10988,-0.063119
10989,-0.020428
10990,-0.017446
10991,0.002057
10992,0.024345
10993,0.053625
10994,0.081495
10995,0.048911
10996,0.006601
10997,0.015676
10998,0.003412
10999,0.004187
11000,-0.013113
11001,-0.042930
11002,-0.055463
11003,-0.071168
11004,-0.056022
11005,-0.014034
11006,-0.008415
11007,0.029371
11008,0.041835
11009,0.096041
11010,0.070917
11011,0.005451
11012,-0.015173
11013,-0.032164
11014,-0.057480
11015,-0.032840
11016,0.015805
11017,0.001930
11018,0.021097
11019,0.010379
11020,0.007566
11021,0.045965
11022,0.028639
11023,-0.004989
11024,-0.024002
11025,-0.048700
11026,-0.063563
11027,-0.011852
11028,0.009654
11029,0.028229
11030,0.023000
11031,-0.004059
11032,-0.017552
11033,-0.007944
11034,-0.018775
11035,-0.025115
11036,0.028200
11037,0.059505
11038,0.010978
11039,-0.033712
11040,-0.062754
11041,-0.051934
11042,0.001164
11043,0.005095
11044,0.050921
11045,0.080973
11046,0.024535
11047,0.058046
11048,0.046488
11049,-0.000155
11050,-0.029136
11051,-0.089501
11052,-0.070546
11053,-0.018618
11054,-0.039490
11055,-0.072775
11056,-0.017690
11057,-0.019463
11058,0.018547
11059,0.034101
11060,0.062535
11061,0.072708
11062,0.000237
11063,-0.031942
11064,-0.020144
11065,0.023572
11066,0.016405
11067,0.015528
11068,-0.019551
11069,-0.039822
11070,-0.010076
11071,0.077135
11072,0.086085
11073,0.006027
11074,-0.033366
11075,-0.052952
11076,-0.045877
11077,-0.025063
11078,0.016610
11079,0.030736
11080,0.035618
11081,0.035916
11082,0.073680
11083,0.036027
11084,-0.014294
11085,-0.120318
11086,-0.160307
11087,-0.088991
11088,-0.021308
11089,0.018311
11090,0.099550
11091,0.075627
11092,0.016729
11093,0.014607
11094,0.056990
11095,0.015154
11096,0.051077
11097,0.002808
11098,-0.015433
11099,-0.025663
11100,-0.070704
11101,-0.056097
11102,-0.035708
11103,0.003145
11104,0.000100
11105,-0.025182
11106,-0.033578
11107,-0.022188
11108,0.003706
11109,0.068496
11110,0.046327
11111,0.024984
11112,0.033744
11113,0.011024
11114,-0.019010
11115,-0.064064
11116,-0.071788
11117,-0.004069
11118,0.063910
11119,0.057249
11120,0.023364
11121,-0.027777
11122,-0.038901
11123,-0.007488
11124,0.014704
11125,-0.038104
11126,-0.061496
11127,-0.014120
11128,0.011101
11129,0.035708
11130,0.045009
11131,0.006973
11132,0.019231
11133,-0.003769
11134,-0.030119
11135,-0.034378
11136,-0.000979
11137,0.029040
11138,-0.017748
11139,-0.046246
11140,-0.004081
11141,-0.006906
11142,-0.014863
11143,0.016630
11144,0.027607
11145,0.054710
11146,0.094038
11147,0.050491
11148,0.021535
11149,-0.023273
11150,-0.090087
11151,-0.067778
11152,-0.045072
11153,0.016173
11154,0.034645
11155,0.013824
11156,0.044876
11157,-0.017025
11158,-0.015519
11159,0.011377
11160,0.009976
11161,-0.000231
11162,-0.029538
11163,-0.068293
11164,-0.071012
11165,-0.047605
11166,-0.027014
11167,-0.023061
11168,0.030259
11169,0.005473
11170,-0.039480
11171,-0.059591
11172,-0.024898
11173,0.024768
11174,0.038393
11175,0.030134
11176,0.056817
11177,0.008221
11178,-0.030750
11179,-0.046633
11180,-0.077814
11181,-0.026400
11182,-0.033878
11183,-0.043751
11184,-0.002294
11185,0.045110
11186,0.093726
11187,0.139292
11188,0.099470
11189,-0.003673
11190,-0.081942
11191,-0.097308
11192,-0.048849
11193,-0.025932
11194,-0.048384
11195,-0.047731
11196,-0.010301
11197,-0.001000
11198,0.048566
11199,0.021422
11200,0.013697
11201,0.035459
11202,0.037430
11203,-0.027862
11204,-0.068488
11205,-0.029956
11206,0.003638
11207,0.014210
11208,0.064756
11209,0.076954
11210,0.047788
11211,0.004742
11212,-0.038567
11213,-0.080891
11214,-0.095710
11215,-0.045657
11216,0.021919
11217,0.018853
11218,0.009470
11219,0.052601
11220,0.041367
11221,-0.017966
11222,-0.008594
11223,0.025363
11224,-0.000030
11225,0.008009
11226,-0.018205
11227,-0.059374
11228,-0.054151
11229,-0.047770
11230,-0.018808
11231,0.065666
11232,0.072408
11233,0.055234
11234,0.013903
11235,0.015123
11236,0.033415
11237,-0.062822
11238,-0.052517
11239,-0.040802
11240,-0.001275
11241,0.021663
11242,0.001252
11243,-0.021910
11244,0.011376
11245,0.023747
11246,0.019485
11247,-0.007078
11248,-0.032951
11249,-0.024196
11250,-0.021905
11251,-0.035018
11252,-0.017562
11253,0.035578
11254,0.042189
11255,0.019401
11256,-0.015455
11257,-0.004208
11258,-0.014362
11259,-0.025703
11260,-0.015382
11261,-0.025171
11262,-0.057597
11263,-0.013803
11264,0.038531
11265,0.052037
11266,0.039809
11267,0.056452
11268,215.055222
11269,39.667992
11270,3.987118
11271,2049.923828
11272,827.424866
11273,-18.093107
11274,-14.208585
11275,-12.494813
11276,-16.140493
11277,-25.225752
11278,-14.120969
11279,14.730811
11280,58.733723
11281,54.889969
11282,24.623234
11283,-7.412212
11284,-28.179005
11285,-41.638939
11286,-24.237995
11287,-3.320624
11288,0.134200
11289,-0.758188
11290,1.272211
11291,-7.622491
11292,-10.367466
11293,8.423383
11294,27.916420
11295,24.690567
11296,15.966616
11297,24.519218
11298,11.440115
11299,-18.247877
11300,-35.709641
11301,-17.581350
11302,-10.412825
11303,-15.045614
11304,10.130524
11305,23.974440
11306,9.559051
11307,4.411150
11308,13.782115
11309,7.051735
11310,-12.221560
11311,-47.231209
11312,-60.145462
11313,-27.329058
11314,16.685331
11315,46.908569
11316,54.261917
11317,27.441149
11318,12.921704
11319,-10.202758
11320,-19.838055
11321,-30.930962
11322,0.080285
11323,0.082695
11324,0.033072
11325,-0.033950
11326,-0.051494
11327,-0.069558
11328,-0.053338
11329,-0.022195
11330,0.010550
11331,0.015915
11332,0.001073
11333,-0.008504
11334,0.012378
11335,-0.071307
11336,-0.044441
11337,-0.005581
11338,-0.009835
11339,0.003439
11340,0.033019
11341,0.072120
11342,0.015618
11343,0.004882
11344,0.030140
11345,-0.013384
11346,-0.033926
11347,0.009867
11348,0.007975
11349,-0.013914
11350,-0.013968
11351,0.000701
11352,0.005220
11353,0.037708
11354,0.009897
11355,-0.078471
11356,-0.048996
11357,0.014440
11358,-0.034221
11359,-0.040951
11360,-0.022957
11361,0.041199
11362,0.062816
11363,0.044169
11364,0.037836
11365,0.032030
11366,-0.011170
11367,-0.010265
11368,0.024394
11369,0.008382
11370,-0.022946
11371,-0.057282
11372,212.712997
11373,42.918102
11374,3.940127
11375,2038.550537
11376,809.717041
11377,-13.250222
11378,14.924335
11379,23.448545
11380,24.356260
11381,19.940674
11382,-2.238975
11383,-21.158144
11384,-24.024691
11385,-14.460098
11386,4.154296
11387,2.656611
11388,9.132876
11389,18.751143
11390,-9.641490
11391,-17.305088
11392,-20.758043
11393,-1.903971
11394,44.833771
11395,44.223858
11396,19.912384
11397,-1.614465
11398,-23.649811
11399,-30.394203
11400,-25.380154
11401,-28.920063
11402,-16.290001
11403,-3.077236
11404,16.666542
11405,21.279007
11406,11.007133
11407,-3.902006
11408,9.429255
11409,40.514893
11410,43.226803
11411,11.041957
11412,-18.237114
11413,-45.865891
11414,-54.231476
11415,-50.082466
11416,-28.943504
11417,11.921747
11418,65.778053
11419,79.720772
11420,41.905842
11421,-15.484130
11422,-44.487053
11423,-44.067009
11424,-30.323389
11425,-13.309433
11426,-0.037084
11427,0.014965
11428,0.026652
11429,-0.004812
11430,-0.019839
11431,-0.018991
11432,-0.060372
11433,-0.033764
11434,-0.047978
11435,0.030872
11436,-0.002396
11437,-0.008689
11438,0.075156
11439,0.083287
11440,0.039592
11441,0.020440
11442,0.003568
11443,0.001690
11444,0.004975
11445,-0.057005
11446,-0.029488
11447,-0.016636
11448,-0.043501
11449,-0.042976
11450,-0.002214
11451,0.056514
11452,0.075287
11453,0.061730
11454,-0.004419
11455,-0.038602
11456,-0.050126
11457,-0.056451
11458,-0.040314
11459,0.014560
11460,0.015233
11461,-0.001750
11462,0.001937
11463,0.038009
11464,0.013402
11465,0.002508
11466,-0.008627
11467,-0.018442
11468,-0.006475
11469,0.006649
11470,-0.037020
11471,-0.049759
11472,0.034524
11473,0.055323
11474,0.024762
11475,0.025381
11476,0.028467
11477,-0.053324
11478,-0.044356
11479,-0.037950
11480,-0.001204
11481,0.006512
11482,0.016982
11483,0.040277
11484,0.003845
11485,-0.032862
11486,-0.057710
11487,-0.009076
11488,0.032211
11489,0.020269
11490,-0.028610
11491,-0.002683
11492,0.039919
11493,0.107742
11494,0.097176
11495,0.034827
11496,-0.052173
11497,-0.079579
11498,-0.101602
11499,-0.107393
11500,-0.033251
11501,0.011459
11502,0.027837
11503,0.047132
11504,0.051408
11505,0.033943
11506,0.010223
11507,-0.032946
11508,0.009567
11509,0.030618
11510,0.017948
11511,-0.020407
11512,-0.050023
11513,-0.015892
11514,0.014684
11515,0.044916
11516,0.070713
11517,0.043906
11518,-0.031289
11519,-0.093557
11520,-0.110924
11521,-0.069696
11522,-0.026495
11523,0.009349
11524,0.064944
11525,0.037159
11526,0.032732
11527,-0.008156
11528,-0.016364
11529,0.029315
11530,0.041605
11531,0.042527
11532,0.014436
11533,0.012810
11534,0.048027
11535,-0.022143
11536,-0.023740
11537,-0.028196
11538,-0.064820
11539,-0.082599
11540,-0.070905
11541,-0.003804
11542,0.030434
11543,0.045596
11544,0.021879
11545,0.023542
11546,0.036451
11547,0.037463
11548,-0.026578
11549,-0.000670
11550,-0.009986
11551,0.002590
11552,0.016378
11553,0.022485
11554,0.038027
11555,0.040449
11556,-0.003060
11557,-0.016774
11558,-0.062972
11559,-0.057526
11560,-0.033584
11561,-0.008741
11562,-0.002240
11563,-0.011683
11564,0.005650
11565,0.034804
11566,0.012477
11567,0.004283
11568,0.006930
11569,0.028792
11570,0.025854
11571,-0.038758
11572,-0.087495
11573,-0.070058
11574,-0.000383
11575,0.052513
11576,0.062679
11577,0.090221
11578,0.090851
11579,0.038899
11580,-0.036423
11581,-0.055644
11582,-0.057959
11583,-0.027722
11584,-0.027753
11585,-0.073088
11586,-0.019836
11587,0.026226
11588,0.010141
11589,-0.014163
11590,-0.006997
11591,-0.010136
11592,0.010922
11593,0.037741
11594,0.024183
11595,0.022228
11596,0.039061
11597,-0.005349
11598,-0.037438
11599,-0.001943
11600,0.002599
11601,0.033154
11602,0.059020
11603,0.037787
11604,0.000920
11605,-0.046935
11606,-0.039002
11607,-0.035917
11608,-0.066930
11609,0.002939
11610,0.011796
11611,0.037434
11612,0.058432
11613,0.010209
11614,-0.015344
11615,-0.040326
11616,-0.076863
11617,-0.097121
11618,-0.014775
11619,0.043930
11620,0.044647
11621,0.010133
11622,0.016211
11623,0.044508
11624,-0.006625
11625,0.025010
11626,0.001887
11627,-0.030918
11628,-0.019656
11629,-0.005630
11630,0.046840
11631,0.068746
11632,0.058930
11633,-0.022061
11634,-0.103417
11635,-0.115862
11636,-0.077887
11637,-0.012829
11638,0.075629
11639,0.070783
11640,0.049276
11641,0.036806
11642,-0.023985
11643,-0.034955
11644,-0.003072
11645,0.027503
11646,-0.013155
11647,-0.009007
11648,-0.025984
11649,-0.059479
11650,-0.042400
11651,0.039448
11652,0.061984
11653,0.061339
11654,0.041157
11655,0.062114
11656,0.028576
11657,-0.041624
11658,-0.051306
11659,-0.049623
11660,-0.003560
11661,-0.011023
11662,-0.038323
11663,-0.018130
11664,-0.015946
11665,0.019073
11666,0.031814
11667,0.009288
11668,-0.050244
11669,-0.047655
11670,0.000476
11671,0.005812
11672,-0.012572
11673,-0.024585
11674,0.017562
11675,0.050612
11676,0.047632
11677,0.061812
11678,0.027319
11679,-0.006436
11680,0.008838
11681,0.007473
11682,0.010847
11683,-0.031030
11684,-0.087297
11685,-0.068353
11686,-0.021865
11687,0.020801
11688,0.058153
11689,0.058383
11690,0.068363
11691,-0.000639
11692,-0.029151
11693,-0.060745
11694,-0.106876
11695,-0.045258
11696,0.031781
11697,0.056753
11698,0.069006
11699,0.003117
11700,-0.041004
11701,-0.022435
11702,0.006341
11703,0.032098
11704,0.030398
11705,0.016375
11706,-0.036358
11707,-0.032448
11708,0.053383
11709,0.044505
11710,-0.007154
11711,0.002623
11712,-0.032695
11713,-0.061274
11714,-0.014905
11715,-0.010039
11716,0.031072
11717,0.033335
11718,0.042466
11719,0.012715
11720,-0.064751
11721,-0.046703
11722,-0.012374
11723,0.028301
11724,0.050880
11725,0.046152
11726,-0.018943
11727,-0.055485
11728,-0.003646
11729,-0.014055
11730,-0.038273
11731,-0.013121
11732,0.005547
11733,0.019495
11734,0.068483
11735,0.070322
11736,0.015472
11737,-0.011895
11738,-0.023874
11739,-0.000155
11740,0.001923
11741,-0.042578
11742,-0.035924
11743,-0.075105
11744,-0.067549
11745,-0.005486
11746,0.039424
11747,0.050247
11748,0.050597
11749,0.020449
11750,-0.016112
11751,0.007694
11752,0.011337
11753,-0.047045
11754,-0.048052
11755,0.001276
11756,0.028385
11757,0.029905
11758,0.029085
11759,0.000425
11760,0.011709
11761,0.039427
11762,0.032047
11763,0.041909
11764,0.002402
11765,-0.019320
11766,-0.042951
11767,-0.076128
11768,-0.050643
11769,-0.049622
11770,-0.025587
11771,0.041603
11772,-0.008317
11773,-0.003377
11774,-0.007189
11775,0.012545
11776,-0.004189
11777,0.016087
11778,0.024670
11779,0.058434
11780,0.034759
11781,0.003257
11782,0.037130
11783,0.002534
11784,-0.019137
11785,-0.033788
11786,-0.028886
11787,0.009491
11788,0.067026
11789,0.033421
11790,-0.043064
11791,-0.089416
11792,-0.036058
11793,-0.002319
11794,-0.023895
11795,0.005082
11796,0.033608
11797,0.015049
11798,0.005755
11799,0.027070
11800,0.004106
11801,0.002760
11802,0.006200
11803,0.022315
11804,0.039158
11805,-0.000989
11806,-0.014137
11807,0.034102
11808,0.030326
11809,-0.015953
11810,-0.039811
11811,-0.050937
11812,-0.017465
11813,-0.037545
11814,-0.083757
11815,-0.065323
11816,-0.038812
11817,0.005470
11818,0.136983
11819,0.113844
11820,0.066051
11821,0.018392
11822,-0.007151
11823,-0.008699
11824,-0.049770
11825,-0.016897
11826,0.006842
11827,-0.045218
11828,-0.036269
11829,-0.043913
11830,0.014443
11831,-0.006649
11832,0.013859
11833,0.069767
11834,0.051870
11835,0.023833
11836,0.013867
11837,-0.008145
11838,-0.018252
11839,-0.044132
11840,-0.074451
11841,-0.034407
11842,0.008729
11843,0.006113
11844,-0.001369
11845,-0.021916
11846,-0.011481
11847,0.021253
11848,0.092075
11849,0.057280
11850,0.012064
11851,0.002644
11852,-0.022032
11853,-0.066035
11854,-0.079617
11855,-0.055881
11856,-0.012381
11857,0.006508
11858,0.023689
11859,0.042575
11860,0.073858
11861,0.042846
11862,0.040307
11863,0.009155
11864,0.021175
11865,0.008178
11866,0.010335
11867,0.017993
11868,-0.010543
11869,-0.071105
11870,-0.078903
11871,-0.058318
11872,-0.073184
11873,-0.040951
11874,0.004004
11875,0.039218
11876,0.019958
11877,-0.000400
11878,0.037054
11879,0.041953
11880,0.000573
11881,-0.016430
11882,0.007566
11883,0.010550
11884,0.013031
11885,0.030022
11886,0.021410
11887,0.002300
11888,0.008249
11889,-0.025346
11890,-0.058373
11891,-0.041627
11892,-0.026339
11893,0.036585
11894,0.024895
11895,0.039408
11896,0.052799
11897,0.055095
11898,0.025408
11899,0.017132
11900,-0.009194
11901,-0.036698
11902,-0.083465
11903,-0.109717
11904,-0.040865
11905,0.025545
11906,0.015583
11907,0.067868
11908,0.110639
11909,0.040114
11910,-0.015162
11911,-0.039753
11912,-0.063790
11913,-0.078844
11914,-0.052320
11915,-0.034907
11916,-0.026169
11917,0.003147
11918,0.066807
11919,0.074495
11920,0.007952
11921,-0.010069
11922,0.003490
11923,-0.020919
11924,-0.026639
11925,-0.031151
11926,-0.036684
11927,-0.025932
11928,0.021901
11929,0.056638
11930,0.052677
11931,0.070589
11932,0.106312
11933,0.066068
11934,0.002943
11935,-0.048347
11936,-0.054702
11937,-0.056826
11938,-0.069460
11939,-0.068943
11940,-0.015911
11941,-0.040453
11942,-0.016857
11943,0.047771
11944,0.045925
11945,0.065983
11946,0.035969
11947,0.006649
11948,-0.035376
11949,-0.073489
11950,-0.021891
11951,-0.014690
11952,-0.007595
11953,0.037749
11954,0.075832
11955,0.029564
11956,-0.021445
11957,-0.035656
11958,-0.067141
11959,-0.070201
11960,-0.013704
11961,0.030340
11962,0.067375
11963,0.057562
11964,0.012895
11965,-0.038292
11966,-0.051539
11967,0.010475
11968,0.055374
11969,0.010488
11970,0.001292
11971,-0.002397
11972,-0.043957
11973,-0.033352
11974,0.032109
11975,0.021844
11976,-0.012380
11977,-0.012956
11978,0.036781
11979,0.008824
11980,-0.042483
11981,-0.021377
11982,0.000129
11983,-0.025861
11984,-0.047556
11985,-0.020404
11986,0.018959
11987,-0.000763
11988,0.062039
11989,0.052486
11990,-0.007912
11991,-0.059664
11992,-0.038034
11993,-0.017622
11994,0.052384
11995,0.059844
11996,0.053585
11997,0.018926
11998,-0.007748
11999,-0.068485
12000,-0.114381
12001,-0.085323
12002,-0.041125
12003,0.009955
12004,0.072369
12005,0.136223
12006,0.098402
12007,0.066633
12008,0.026160
12009,0.000559
12010,-0.023731
12011,-0.096330
12012,-0.103886
12013,-0.066595
12014,0.003596
12015,0.000305
12016,-0.012389
12017,0.043060
12018,0.015416
12019,0.006713
12020,-0.016900
12021,-0.038212
12022,0.033528
12023,0.062722
12024,0.018074
12025,-0.050068
12026,197.983994
12027,63.356285
12028,3.644628
12029,1966.188477
12030,759.074341
12031,-4.812171
12032,-1.660608
12033,0.796403
12034,23.774864
12035,43.619884
12036,38.071899
12037,-5.883643
12038,-28.057821
12039,-41.256760
12040,-40.205669
12041,-30.671719
12042,0.383464
12043,28.783171
12044,40.274738
12045,17.230291
12046,22.530294
12047,13.774347
12048,14.816655
12049,9.519504
12050,-2.768030
12051,-25.464886
12052,-20.684620
12053,-21.100353
12054,-16.746357
12055,-15.142978
12056,2.887604
12057,11.455749
12058,-7.430996
12059,-1.296847
12060,22.084667
12061,26.884750
12062,14.692073
12063,14.811945
12064,-12.271996
12065,-23.646433
12066,-16.748371
12067,-6.330440
12068,3.572644
12069,11.218052
12070,28.636770
12071,37.528992
12072,28.451981
12073,-3.613278
12074,-45.906673
12075,-69.720726
12076,-65.772598
12077,-34.736259
12078,5.191262
12079,29.274956
12080,-0.041915
12081,-0.013518
12082,0.006687
12083,0.011995
12084,-0.032815
12085,-0.058766
12086,0.001454
12087,0.091558
12088,0.109771
12089,0.042199
12090,0.034002
12091,0.020505
12092,0.022947
12093,0.016953
12094,-0.005670
12095,-0.035766
12096,-0.059837
12097,-0.062996
12098,-0.079690
12099,-0.109498
12100,-0.081479
12101,0.013049
12102,0.012447
12103,0.038444
12104,0.021176
12105,0.028767
12106,0.035990
12107,0.043576
12108,0.079957
12109,0.056385
12110,-0.011090
12111,-0.046225
12112,-0.032367
12113,-0.024923
12114,0.027454
12115,0.040093
12116,-0.012463
12117,0.015529
12118,0.021230
12119,0.029084
12120,0.002900
12121,-0.081866
12122,-0.101318
12123,-0.065175
12124,-0.016705
12125,0.006156
12126,0.053868
12127,0.094157
12128,0.058996
12129,-0.003502
12130,0.100301
12131,0.095247
12132,0.003491
12133,-0.067604
12134,-0.073689
12135,-0.023507
12136,-0.014239
12137,-0.031850
12138,0.033807
12139,0.059117
12140,0.054272
12141,0.040171
12142,0.023916
12143,0.012634
12144,0.015625
12145,0.005266
12146,-0.015553
12147,-0.052434
12148,-0.059059
12149,-0.037622
12150,-0.008726
12151,-0.009280
12152,0.012536
12153,0.056441
12154,0.053740
12155,-0.025624
12156,-0.087385
12157,-0.060542
12158,-0.052130
12159,-0.035517
12160,0.010832
12161,0.039057
12162,0.044051
12163,0.021618
12164,0.008099
12165,0.007506
12166,-0.008201
12167,-0.017171
12168,0.028213
12169,0.074581
12170,0.049279
12171,0.014358
12172,0.001580
12173,-0.001814
12174,-0.052789
12175,-0.035509
12176,0.005262
12177,-0.013275
12178,-0.016171
12179,-0.025267
12180,-0.025888
12181,-0.054652
12182,-0.021994
12183,-0.020104
12184,-0.023931
12185,0.021628
12186,0.070962
12187,0.075288
12188,0.081715
12189,0.066875
12190,0.099355
12191,0.087179
12192,0.011773
12193,-0.044911
12194,-0.135839
12195,-0.121586
12196,-0.074092
12197,-0.081190
12198,-0.030929
12199,0.060102
12200,0.026396
12201,0.037723
12202,0.074157
12203,0.036995
12204,-0.010477
12205,-0.045194
12206,-0.083809
12207,-0.088492
12208,-0.041525
12209,0.021510
12210,0.043116
12211,0.058345
12212,0.033086
12213,0.012048
12214,0.029600
12215,0.010005
12216,0.042787
12217,0.070970
12218,-0.013424
12219,-0.023809
12220,-0.062731
12221,-0.113249
12222,-0.044653
12223,0.011689
12224,0.012633
12225,0.053381
12226,0.061573
12227,0.011488
12228,0.007367
12229,-0.020306
12230,-0.029103
12231,0.019438
12232,0.000449
12233,-0.069158
12234,-0.072399
12235,-0.030232
12236,-0.006896
12237,0.026728
12238,0.023117
12239,0.045660
12240,0.010954
12241,-0.024841
12242,0.030902
12243,0.006818
12244,0.020910
12245,0.035192
12246,0.065615
12247,0.056835
12248,-0.008726
12249,-0.045810
12250,-0.109409
12251,-0.137742
12252,-0.083677
12253,-0.008286
12254,0.044447
12255,0.118546
12256,0.090138
12257,0.062902
12258,0.013391
12259,-0.031725
12260,-0.048925
12261,-0.044001
12262,-0.026522
12263,-0.019096
12264,-0.023715
12265,-0.019637
12266,-0.042760
12267,0.030597
12268,0.067058
12269,0.045794
12270,0.035799
12271,-0.026089
12272,-0.048273
12273,0.008867
12274,0.030318
12275,0.020453
12276,0.003880
12277,-0.004017
12278,-0.007294
12279,-0.001163
12280,-0.030691
12281,-0.058261
12282,-0.014752
12283,0.022514
12284,0.014204
12285,-0.001771
12286,-0.015617
12287,-0.023499
12288,0.037209
12289,0.062824
12290,0.071249
12291,0.057323
12292,-0.025299
12293,-0.055242
12294,-0.047320
12295,-0.044454
12296,-0.033913
12297,-0.000874
12298,0.022182
12299,0.018807
12300,0.032848
12301,0.021280
12302,-0.018456
12303,-0.014085
12304,-0.027420
12305,-0.027416
12306,-0.073703
12307,-0.062539
12308,-0.080718
12309,-0.052243
12310,0.046132
12311,0.132575
12312,0.132803
12313,0.078349
12314,0.045142
12315,0.031999
12316,-0.009702
12317,-0.054351
12318,-0.094886
12319,-0.045178
12320,-0.064476
12321,-0.032381
12322,0.020958
12323,0.042145
12324,0.049607
12325,0.025588
12326,0.015964
12327,-0.001047
12328,-0.024670
12329,-0.030690
12330,-0.045969
12331,-0.058378
12332,-0.036071
12333,0.008901
12334,0.068621
12335,0.057612
12336,0.053140
12337,0.050741
12338,-0.005926
12339,-0.061865
12340,-0.065159
12341,-0.009650
12342,-0.004337
12343,0.001713
12344,0.031640
12345,0.079265
12346,0.101136
12347,0.033671
12348,-0.075149
12349,-0.061830
12350,-0.110572
12351,-0.102943
12352,-0.031942
12353,-0.005714
12354,0.038919
12355,0.047386
12356,0.056398
12357,0.059686
12358,-0.008544
12359,-0.036759
12360,-0.013403
12361,0.045562
12362,0.052690
12363,0.052799
12364,0.016320
12365,-0.037974
12366,-0.038186
12367,-0.020998
12368,-0.048021
12369,-0.060711
12370,-0.055921
12371,-0.003301
12372,0.054647
12373,0.057523
12374,0.033747
12375,-0.022209
12376,-0.063978
12377,-0.033441
12378,-0.014734
12379,0.090164
12380,0.064885
12381,-0.032492
12382,-0.018221
12383,0.011061
12384,-0.007423
12385,-0.005876
12386,-0.071129
12387,-0.029951
12388,0.044028
12389,0.032599
12390,0.044997
12391,0.047800
12392,-0.016104
12393,0.007257
12394,0.022583
12395,0.069570
12396,0.047265
12397,0.006060
12398,-0.065850
12399,-0.072790
12400,-0.070387
12401,-0.078535
12402,-0.053314
12403,0.005811
12404,0.085449
12405,0.048153
12406,0.012608
12407,0.065333
12408,0.071367
12409,0.010291
12410,-0.033970
12411,-0.052313
12412,-0.078451
12413,-0.056943
12414,-0.015784
12415,0.000631
12416,-0.028815
12417,0.000805
12418,0.031121
12419,0.050628
12420,0.023205
12421,0.008155
12422,0.019212
12423,0.038093
12424,-0.001811
12425,0.005897
12426,-0.033548
12427,-0.071181
12428,-0.024402
12429,-0.030376
12430,-0.047523
12431,-0.020428
12432,0.022948
12433,0.011518
12434,-0.007909
12435,0.001734
12436,0.035595
12437,0.100003
12438,0.131148
12439,0.087219
12440,0.026959
12441,-0.068187
12442,-0.140964
12443,-0.089497
12444,-0.034650
12445,0.005268
12446,-0.010916
12447,-0.022128
12448,0.023248
12449,0.042185
12450,0.037472
12451,0.059726
12452,0.029066
12453,-0.036710
12454,-0.020642
12455,-0.013609
12456,-0.048170
12457,-0.070154
12458,-0.006088
12459,-0.012681
12460,-0.010361
12461,0.015515
12462,0.009335
12463,0.014633
12464,0.043991
12465,0.023544
12466,0.022580
12467,0.029593
12468,0.004548
12469,0.016193
12470,0.008506
12471,-0.015028
12472,-0.065827
12473,-0.091466
12474,-0.064388
12475,-0.037378
12476,-0.040517
12477,-0.009923
12478,0.065601
12479,0.027586
12480,0.009315
12481,0.010346
12482,0.048424
12483,0.060546
12484,0.045013
12485,0.030892
12486,0.007536
12487,-0.006407
12488,-0.011987
12489,-0.035343
12490,-0.037445
12491,0.015871
12492,0.004436
12493,0.032633
12494,0.015730
12495,-0.040008
12496,-0.016169
12497,0.002905
12498,0.027305
12499,0.037625
12500,0.032968
12501,-0.006408
12502,-0.037628
12503,-0.059048
12504,-0.077374
12505,-0.038851
12506,-0.023952
12507,0.010030
12508,0.036210
12509,0.020786
12510,0.001077
12511,-0.030062
12512,0.021336
12513,0.078567
12514,0.055162
12515,0.021364
12516,-0.052326
12517,-0.072499
12518,-0.047480
12519,-0.031154
12520,-0.028746
12521,0.025568
12522,0.038810
12523,0.010752
12524,0.005888
12525,0.014484
12526,0.014820
12527,-0.019902
12528,-0.013401
12529,-0.029098
12530,-0.039170
12531,0.021854
12532,0.032692
12533,0.058572
12534,0.061694
12535,0.029815
12536,0.004551
12537,-0.018188
12538,-0.018896
12539,-0.006017
12540,-0.005393
12541,-0.021558
12542,-0.043254
12543,-0.036841
12544,-0.019578
12545,-0.031899
12546,-0.016667
12547,0.030952
12548,0.041472
12549,0.041326
12550,0.009104
12551,-0.047017
12552,-0.045196
12553,-0.033715
12554,-0.008400
12555,0.042700
12556,0.044065
12557,0.076151
12558,0.076003
12559,0.042513
12560,0.032451
12561,-0.028391
12562,-0.091471
12563,-0.026204
12564,0.008749
12565,-0.020824
12566,-0.027413
12567,-0.006454
12568,-0.023101
12569,-0.016698
12570,0.003312
12571,0.054909
12572,0.019474
12573,0.010941
12574,0.012207
12575,-0.004606
12576,-0.002992
12577,0.002298
12578,-0.002195
12579,-0.045223
12580,-0.054759
12581,-0.058653
12582,-0.054659
12583,-0.038202
12584,0.023855
12585,0.080345
12586,0.078113
12587,0.046397
12588,0.033669
12589,0.012787
12590,0.018687
12591,-0.029707
12592,-0.071139
12593,-0.018504
12594,-0.005464
12595,-0.026262
12596,0.011705
12597,0.008236
12598,-0.016771
12599,0.023318
12600,-0.041893
12601,-0.035007
12602,0.010153
12603,0.034259
12604,0.004276
12605,-0.033739
12606,-0.031865
12607,-0.010482
12608,-0.010224
12609,0.044548
12610,0.039662
12611,-0.018351
12612,-0.040757
12613,0.045223
12614,0.073487
12615,0.079476
12616,0.051535
12617,0.047458
12618,0.009953
12619,-0.075166
12620,-0.071862
12621,-0.042739
12622,-0.055664
12623,-0.043399
12624,-0.038318
12625,-0.024869
12626,0.039791
12627,-0.000365
12628,-0.000270
12629,0.036255
12630,0.027560
12631,-0.025057
12632,-0.025724
12633,0.035515
12634,0.054194
12635,0.028999
12636,-0.030950
12637,-0.068978
12638,-0.054364
12639,-0.054334
12640,0.002754
12641,0.015570
12642,-0.009297
12643,0.020620
12644,0.033851
12645,0.058600
12646,0.055656
12647,0.019042
12648,0.007307
12649,0.008647
12650,0.017350
12651,0.038610
12652,0.031378
12653,-0.006341
12654,-0.036559
12655,-0.032854
12656,-0.086168
12657,-0.078964
12658,-0.063079
12659,-0.084132
12660,-0.022141
12661,0.059277
12662,0.105163
12663,0.047407
12664,0.063426
12665,0.097931
12666,0.019750
12667,-0.002146
12668,0.007927
12669,-0.018061
12670,-0.047250
12671,-0.052672
12672,-0.039912
12673,-0.013368
12674,-0.059362
12675,-0.102170
12676,-0.044078
12677,0.002037
12678,0.045310
12679,0.027902
12680,-0.002035
12681,0.017212
12682,0.049959
12683,0.025764
12684,0.023581
12685,0.003870
12686,-0.022921
12687,-0.044904
12688,-0.028475
12689,0.017491
12690,-0.014904
12691,-0.000786
12692,0.043540
12693,0.004452
12694,0.054422
12695,0.105328
12696,0.032255
12697,0.009372
12698,-0.023246
12699,-0.063399
12700,-0.047068
12701,-0.019066
12702,0.000769
12703,0.014627
12704,0.007990
12705,0.011479
12706,0.002096
12707,-0.009496
12708,-0.013569
12709,-0.021411
12710,-0.049656
12711,-0.071773
12712,-0.058514
12713,-0.069949
12714,-0.056463
12715,-0.035546
12716,0.004518
12717,0.077745
12718,0.089549
12719,0.035754
12720,0.029500
12721,0.051017
12722,0.012144
12723,-0.036510
12724,0.002978
12725,-0.003982
12726,0.019343
12727,0.074262
12728,0.042021
12729,0.029192
12730,-0.002061
12731,-0.031215
12732,-0.079738
12733,-0.103725
12734,-0.075010
12735,0.023453
12736,0.080576
12737,0.075312
12738,0.045370
12739,-0.006103
12740,-0.025043
12741,-0.030096
12742,-0.002108
12743,0.032982
12744,0.009675
12745,-0.025069
12746,-0.073035
12747,-0.048843
12748,0.028493
12749,0.030991
12750,0.014085
12751,0.046667
12752,0.053152
12753,0.008841
12754,0.008989
12755,0.036556
12756,-0.001524
12757,-0.049018
12758,-0.071721
12759,-0.028804
12760,-0.021192
12761,-0.040652
12762,0.010636
12763,0.026565
12764,-0.023675
12765,-0.084957
12766,-0.016385
12767,0.037137
12768,0.050132
12769,0.045300
12770,0.064334
12771,0.019461
12772,-0.063743
12773,-0.071078
12774,0.004532
12775,-0.019335
12776,-0.024589
12777,0.047087
12778,0.037757
12779,0.018567
12780,0.014895
12781,0.039519
12782,0.003251
12783,0.003006
12784,-0.001788
12785,-0.019787
12786,-0.054767
12787,-0.089619
12788,-0.018285
12789,0.017618
12790,0.034425
12791,0.087189
12792,0.084727
12793,0.046015
12794,-0.042127
12795,-0.088497
12796,-0.044182
12797,0.023371
12798,-0.016842
12799,-0.058717
12800,0.006318
12801,0.008189
12802,0.017930
12803,0.039102
12804,0.043831
12805,0.024977
12806,0.016475
12807,-0.021923
12808,-0.016425
12809,-0.045546
12810,-0.043718
12811,0.012042
12812,0.018482
12813,0.005178
12814,-0.025164
12815,-0.026674
12816,-0.066992
12817,-0.063004
12818,-0.002166
12819,0.036981
12820,0.079977
12821,0.073584
12822,0.002108
12823,0.012275
12824,-0.022493
12825,-0.034609
12826,-0.012941
12827,0.035856
12828,0.050888
12829,0.069758
12830,0.023926
12831,-0.009967
12832,-0.007137
12833,-0.029922
12834,-0.026373
12835,-0.051049
12836,-0.029709
12837,0.014643
12838,0.014847
12839,-0.013407
12840,-0.074574
12841,-0.109399
12842,-0.041093
12843,-0.003759
12844,0.023689
12845,0.078286
12846,0.109860
12847,0.132701
12848,0.123602
12849,0.031135
12850,-0.054252
12851,-0.117336
12852,-0.150138
12853,-0.098992
12854,-0.021846
12855,0.002509
12856,0.047301
12857,0.041596
12858,0.043704
12859,0.031036
12860,0.015941
12861,0.021666
12862,0.000153
12863,-0.007622
12864,0.012153
12865,-0.015941
12866,-0.063665
12867,-0.038069
12868,-0.037274
12869,-0.002077
12870,0.036937
12871,0.029323
12872,-0.004905
12873,0.004780
12874,0.014849
12875,0.000309
12876,-0.009251
12877,-0.035411
12878,0.017301
12879,0.068166
12880,0.044573
12881,0.000909
12882,-0.046275
12883,-0.044320
12884,-0.023163
12885,-0.013208
12886,-0.041537
12887,-0.008767
12888,0.041537
12889,0.068208
12890,0.018860
12891,-0.017433
12892,0.014389
12893,0.009906
12894,-0.000396
12895,-0.026180
12896,-0.038624
12897,-0.038988
12898,-0.062905
12899,-0.009488
12900,0.002049
12901,-0.021089
12902,0.002816
12903,0.013363
12904,0.034167
12905,0.054515
12906,0.073439
12907,0.041151
12908,0.013381
12909,0.045484
12910,0.028701
12911,0.001737
12912,-0.045798
12913,-0.058176
12914,-0.063888
12915,-0.042227
12916,0.001440
12917,-0.003514
12918,-0.016106
12919,0.029165
12920,0.049918
12921,0.082626
12922,0.047744
12923,-0.042102
12924,-0.104241
12925,-0.093917
12926,0.007345
12927,-0.024264
12928,-0.010248
12929,0.046361
12930,177.624649
12931,91.607231
12932,3.236171
12933,1867.879028
12934,664.283203
12935,-15.565711
12936,13.536983
12937,45.511242
12938,34.123077
12939,6.958964
12940,-14.527237
12941,-28.493956
12942,-39.358868
12943,-11.490395
12944,8.352912
12945,8.697511
12946,14.213495
12947,18.352324
12948,16.073177
12949,2.777896
12950,-6.644054
12951,-1.840050
12952,-0.225551
12953,-0.486421
12954,2.369256
12955,-6.720966
12956,-7.561670
12957,-10.970559
12958,-6.175817
12959,7.537626
12960,18.377058
12961,12.628120
12962,4.131145
12963,-12.376851
12964,-11.311707
12965,-8.236600
12966,3.999030
12967,16.330128
12968,38.020573
12969,36.444187
12970,-1.216952
12971,-19.418198
12972,-36.953075
12973,-57.329060
12974,-59.687019
12975,-42.184326
12976,3.801290
12977,41.055088
12978,55.042847
12979,45.664158
12980,29.492838
12981,4.783919
12982,-9.144860
12983,-16.999941
12984,0.035234
12985,0.014283
12986,0.034327
12987,-0.011834
12988,-0.059779
12989,-0.042482
12990,0.002824
12991,0.047097
12992,0.070244
12993,0.055772
12994,-0.021305
12995,-0.068267
12996,-0.035138
12997,-0.012011
12998,-0.006348
12999,-0.015766
13000,0.025749
13001,0.044284
13002,-0.023500
13003,0.014589
13004,0.039966
13005,0.062902
13006,0.068097
13007,0.065576
13008,0.055621
13009,-0.063232
13010,-0.117500
13011,-0.114598
13012,-0.106696
13013,-0.057237
13014,-0.017859
13015,0.021372
13016,0.038696
13017,0.036522
13018,0.053082
13019,0.061584
13020,0.086385
13021,0.072555
13022,-0.025227
13023,-0.024985
13024,-0.019220
13025,-0.071939
13026,-0.062291
13027,-0.009021
13028,-0.031676
13029,-0.038265
13030,-0.019805
13031,0.004408
13032,0.007077
13033,-0.003789
13034,0.059984
13035,0.048248
13036,0.015138
13037,-0.017632
13038,0.005552
13039,-0.025556
13040,-0.022097
13041,0.046075
13042,0.077446
13043,0.047509
13044,-0.000571
13045,-0.020213
13046,-0.014604
13047,-0.024279
13048,-0.036255
13049,-0.002178
13050,0.013123
13051,-0.006678
13052,-0.053942
13053,-0.058021
13054,0.003884
13055,0.034364
13056,0.037824
13057,0.000412
13058,-0.038196
13059,-0.043280
13060,-0.059160
13061,0.042581
13062,0.147522
13063,0.070405
13064,0.010481
13065,-0.035730
13066,-0.009211
13067,-0.001874
13068,-0.002399
13069,-0.039411
13070,-0.036448
13071,-0.004262
13072,-0.028678
13073,-0.035675
13074,-0.014637
13075,-0.039522
13076,-0.037448
13077,-0.013158
13078,0.017974
13079,0.045875
13080,0.036630
13081,-0.013112
13082,0.012420
13083,0.031263
13084,0.004922
13085,0.016257
13086,0.047923
13087,0.039557
13088,-0.010613
13089,-0.027353
13090,-0.025895
13091,-0.050450
13092,0.025855
13093,0.042082
13094,0.015175
13095,-0.009154
13096,-0.041808
13097,-0.014103
13098,-0.011583
13099,0.063535
13100,0.062797
13101,-0.023784
13102,-0.041630
13103,-0.086488
13104,-0.083241
13105,-0.004772
13106,0.034931
13107,0.040407
13108,0.049134
13109,0.059534
13110,-0.005489
13111,-0.020954
13112,-0.060080
13113,-0.111757
13114,-0.053953
13115,0.011401
13116,0.032304
13117,0.048059
13118,0.011084
13119,0.034699
13120,0.054024
13121,0.063155
13122,0.039413
13123,0.008038
13124,0.005271
13125,-0.008457
13126,-0.041369
13127,-0.042404
13128,-0.034370
13129,0.000748
13130,-0.009972
13131,-0.038352
13132,-0.021041
13133,-0.016674
13134,173.030289
13135,97.982445
13136,3.143997
13137,1845.172485
13138,632.441162
13139,-19.316423
13140,9.304040
13141,30.768860
13142,39.297939
13143,41.467781
13144,24.796852
13145,-13.539898
13146,-31.492111
13147,-44.291821
13148,-44.111641
13149,-27.624226
13150,1.441076
13151,32.940464
13152,35.263878
13153,1.309698
13154,8.121004
13155,43.158836
13156,17.891685
13157,-14.343462
13158,-32.588139
13159,-37.616638
13160,-19.462801
13161,-12.162768
13162,3.291097
13163,30.813101
13164,37.484509
13165,27.429611
13166,-3.959840
13167,-23.380774
13168,-34.581860
13169,-10.075766
13170,27.761587
13171,21.615164
13172,5.451392
13173,-10.660621
13174,-13.555164
13175,-18.947968
13176,-8.399825
13177,-4.387568
13178,2.152823
13179,3.778812
13180,-11.152982
13181,-1.869424
13182,22.562391
13183,19.442814
13184,7.286040
13185,-4.870179
13186,-11.100680
13187,2.486449
13188,0.059125
13189,0.072268
13190,0.056770
13191,0.106429
13192,0.017619
13193,-0.082332
13194,-0.126972
13195,-0.090105
13196,0.002969
13197,0.022255
13198,0.037283
13199,0.061524
13200,-0.003607
13201,-0.059998
13202,-0.055939
13203,-0.030730
13204,-0.004855
13205,0.032869
13206,0.060312
13207,0.069307
13208,0.023166
13209,-0.032845
13210,-0.070866
13211,-0.087436
13212,-0.012164
13213,0.042489
13214,0.009334
13215,0.004664
13216,0.039940
13217,-0.049796
13218,-0.075201
13219,0.052244
13220,0.044643
13221,0.002908
13222,-0.012939
13223,-0.011373
13224,-0.027384
13225,-0.008134
13226,0.033350
13227,0.074880
13228,0.055805
13229,0.007908
13230,-0.026597
13231,-0.059135
13232,-0.056060
13233,0.016300
13234,0.075830
13235,0.028198
13236,0.011973
13237,-0.031360
13238,-0.014021
13239,0.025546
13240,-0.041653
13241,-0.022427
13242,-0.028803
13243,-0.089592
13244,-0.087796
13245,-0.057908
13246,0.054456
13247,0.112064
13248,0.066704
13249,0.051551
13250,0.038430
13251,0.017045
13252,0.046614
13253,0.013780
13254,-0.035258
13255,-0.083155
13256,-0.072672
13257,-0.058827
13258,-0.019740
13259,0.013550
13260,0.026488
13261,0.066650
13262,0.002865
13263,-0.024367
13264,0.023984
13265,0.028105
13266,0.036380
13267,0.017216
13268,-0.035788
13269,-0.095370
13270,-0.070666
13271,-0.042205
13272,-0.041783
13273,-0.058538
13274,-0.034497
13275,0.083123
13276,0.108401
13277,0.091299
13278,0.073907
13279,0.056163
13280,-0.036677
13281,-0.058121
13282,-0.036730
13283,-0.063021
13284,0.020172
13285,0.063113
13286,0.035392
13287,-0.003850
13288,169.561996
13289,102.795105
13290,3.074415
13291,1831.248291
13292,656.841980
13293,7.205889
13294,4.350338
13295,-21.982489
13296,-27.351770
13297,-29.572830
13298,-21.605461
13299,1.717953
13300,16.617779
13301,36.513046
13302,31.623972
13303,4.672641
13304,-8.353537
13305,-16.862381
13306,-36.718914
13307,-38.875919
13308,-26.862890
13309,1.730107
13310,24.180468
13311,37.441078
13312,22.304779
13313,11.477111
13314,2.163680
13315,-3.519961
13316,3.937344
13317,1.096037
13318,-11.669865
13319,-13.971575
13320,-16.224545
13321,-8.279144
13322,-3.408228
13323,5.808076
13324,21.411100
13325,19.874846
13326,0.792672
13327,-8.074090
13328,-6.435528
13329,10.604592
13330,17.318331
13331,4.018513
13332,-18.615574
13333,-33.773067
13334,-28.864853
13335,-13.172109
13336,19.253738
13337,34.815037
13338,20.698851
13339,7.655852
13340,11.850804
13341,-5.239830
13342,-0.055323
13343,0.021580
13344,0.055231
13345,0.059869
13346,0.053733
13347,0.023198
13348,-0.002000
13349,-0.034176
13350,-0.064286
13351,-0.078958
13352,-0.033859
13353,-0.004393
13354,-0.009160
13355,-0.041602
13356,0.051011
13357,0.072574
13358,0.033590
13359,0.093813
13360,0.026660
13361,-0.069409
13362,-0.086644
13363,-0.091936
13364,-0.030043
13365,-0.000430
13366,0.024698
13367,0.125107
13368,0.085584
13369,0.071305
13370,0.046368
13371,0.024089
13372,-0.023678
13373,-0.068337
13374,-0.083324
13375,-0.053663
13376,-0.088240
13377,-0.082594
13378,-0.014454
13379,0.012425
13380,0.033297
13381,0.040502
13382,0.039729
13383,0.037102
13384,0.024816
13385,0.022741
13386,0.002464
13387,0.007982
13388,-0.011655
13389,-0.025963
13390,-0.027089
13391,-0.028045
13392,0.049477
13393,0.017282
13394,0.005375
13395,0.009126
13396,0.015109
13397,0.024897
13398,-0.039198
13399,-0.038681
13400,-0.038675
13401,-0.012584
13402,0.049788
13403,0.022702
13404,-0.005387
13405,-0.021846
13406,-0.032059
13407,-0.051249
13408,-0.026643
13409,0.037100
13410,0.018744
13411,0.018436
13412,-0.018450
13413,-0.037130
13414,0.002162
13415,0.029606
13416,0.008156
13417,0.029278
13418,-0.022296
13419,0.010760
13420,0.010807
13421,0.030265
13422,0.033963
13423,0.001635
13424,-0.023580
13425,-0.047111
13426,-0.078895
13427,-0.084308
13428,-0.013360
13429,0.050562
13430,0.032931
13431,0.057196
13432,0.061255
13433,0.010272
13434,-0.003469
13435,-0.026535
13436,-0.068038
13437,-0.015921
13438,0.000908
13439,0.031930
13440,0.023129
13441,-0.007913
13442,-0.022630
13443,0.012600
13444,0.016279
13445,0.028250
13446,0.057739
13447,0.018171
13448,-0.030249
13449,0.006598
13450,0.007217
13451,-0.043423
13452,-0.061052
13453,-0.015701
13454,0.008421
13455,0.012572
13456,0.014313
13457,-0.014552
13458,0.030917
13459,0.029818
13460,-0.048697
13461,-0.067502
13462,-0.087218
13463,-0.087879
13464,0.015917
13465,0.077851
13466,0.098230
13467,0.070492
13468,0.034006
13469,0.039324
13470,0.012473
13471,-0.014847
13472,-0.019771
13473,-0.013218
13474,-0.014635
13475,-0.026758
13476,-0.034000
13477,-0.004147
13478,-0.008209
13479,-0.021510
13480,-0.039723
13481,-0.028153
13482,0.020014
13483,0.025355
13484,0.022345
13485,0.020996
13486,-0.031511
13487,-0.036388
13488,0.024563
13489,0.046612
13490,0.016515
13491,0.038554
13492,0.075525
13493,0.041408
13494,-0.009892
13495,-0.041368
13496,-0.093955
13497,-0.093087
13498,-0.089921
13499,-0.009814
13500,0.052802
13501,0.003010
13502,0.031167
13503,0.027562
13504,-0.020281
13505,-0.001502
13506,0.022309
13507,0.026639
13508,0.051540
13509,0.054559
13510,0.014285
13511,-0.030835
13512,-0.055642
13513,0.019927
13514,0.038428
13515,-0.007028
13516,-0.031762
13517,-0.087403
13518,-0.079567
13519,-0.008841
13520,0.027724
13521,0.057605
13522,0.044863
13523,0.028812
13524,-0.051533
13525,-0.048792
13526,-0.017275
13527,-0.018074
13528,0.020940
13529,0.043020
13530,0.012832
13531,-0.014079
13532,-0.006834
13533,0.038653
13534,-0.007528
13535,-0.022176
13536,-0.002339
13537,0.016251
13538,0.040485
13539,0.015226
13540,-0.008332
13541,-0.040655
13542,-0.036117
13543,0.006234
13544,0.044370
13545,-0.017961
13546,-0.026179
13547,-0.016243
13548,0.012584
13549,0.011513
13550,0.029977
13551,0.048464
13552,0.060577
13553,0.020769
13554,0.038000
13555,-0.008722
13556,-0.074404
13557,-0.075672
13558,-0.089655
13559,-0.069010
13560,-0.044217
13561,-0.003858
13562,-0.024609
13563,0.004464
13564,0.028216
13565,-0.013409
13566,-0.001336
13567,0.096253
13568,0.172777
13569,0.111019
13570,0.024449
13571,0.004577
13572,-0.032943
13573,-0.073442
13574,-0.086919
13575,-0.130191
13576,-0.051326
13577,-0.013040
13578,0.001589
13579,0.011836
13580,0.034556
13581,0.069586
13582,0.031723
13583,-0.026054
13584,-0.018630
13585,0.005379
13586,-0.011112
13587,0.013447
13588,0.024840
13589,0.021802
13590,0.000550
13591,-0.005509
13592,-0.002937
13593,-0.000931
13594,-0.019810
13595,-0.048899
13596,-0.047400
13597,-0.019015
13598,0.040338
13599,0.053311
13600,0.017166
13601,0.027341
13602,0.020051
13603,-0.015502
13604,-0.043439
13605,-0.003518
13606,-0.012715
13607,-0.052202
13608,-0.007540
13609,-0.020960
13610,-0.029628
13611,-0.058905
13612,-0.006178
13613,0.051856
13614,0.056504
13615,0.051809
13616,0.057056
13617,0.079724
13618,0.017288
13619,-0.055952
13620,-0.074406
13621,-0.077826
13622,-0.052799
13623,0.020883
13624,0.043681
13625,0.100071
13626,0.104082
13627,0.093882
13628,0.034779
13629,-0.050845
13630,-0.083486
13631,-0.071446
13632,-0.070157
13633,-0.063186
13634,-0.007046
13635,-0.012842
13636,-0.013912
13637,-0.008858
13638,0.010554
13639,0.064704
13640,0.075260
13641,-0.035577
13642,-0.056609
13643,-0.052743
13644,-0.004878
13645,0.024990
13646,0.060165
13647,0.074269
13648,0.062019
13649,-0.013572
13650,-0.064681
13651,-0.040945
13652,-0.050980
13653,-0.054524
13654,-0.006713
13655,0.017112
13656,0.051970
13657,0.027480
13658,0.058369
13659,0.078473
13660,-0.026287
13661,-0.044846
13662,-0.062803
13663,-0.051239
13664,-0.054816
13665,-0.054053
13666,-0.013923
13667,0.014112
13668,0.043878
13669,0.082842
13670,0.100849
13671,0.074579
13672,0.051292
13673,0.008959
13674,-0.014239
13675,-0.034949
13676,-0.092376
13677,-0.115901
13678,-0.059529
13679,-0.009709
13680,0.051899
13681,0.053026
13682,-0.014427
13683,-0.026289
13684,-0.015074
13685,-0.036930
13686,0.001100
13687,-0.033262
13688,-0.021297
13689,0.011909
13690,0.033366
13691,0.051090
13692,160.463348
13693,115.420525
13694,2.891874
13695,1785.730591
13696,631.473267
13697,52.583836
13698,54.273315
13699,23.103752
13700,-11.639502
13701,-43.465534
13702,-40.519512
13703,-22.939537
13704,13.471830
13705,15.243517
13706,-20.585899
13707,-23.385305
13708,-11.794831
13709,-7.280687
13710,31.923723
13711,59.282757
13712,48.754860
13713,10.456877
13714,-13.667854
13715,-28.323160
13716,-50.420944
13717,-55.833015
13718,-31.145000
13719,10.943280
13720,12.477590
13721,17.712652
13722,22.974478
13723,22.865053
13724,22.627972
13725,15.937217
13726,11.330370
13727,-0.595515
13728,-25.942711
13729,-30.066675
13730,-29.397614
13731,-16.931187
13732,18.008654
13733,45.867916
13734,25.586475
13735,-7.935477
13736,-25.555946
13737,-33.721809
13738,-20.668095
13739,-0.024382
13740,19.695488
13741,38.005531
13742,43.465061
13743,24.318838
13744,-16.337597
13745,-48.780708
13746,0.075491
13747,0.030051
13748,-0.032224
13749,-0.038408
13750,-0.033025
13751,-0.041369
13752,-0.047534
13753,-0.008751
13754,0.040236
13755,0.051316
13756,0.069102
13757,0.052400
13758,-0.021115
13759,-0.040919
13760,-0.030570
13761,-0.048318
13762,-0.022234
13763,0.013962
13764,0.015110
13765,0.048483
13766,0.029744
13767,0.018395
13768,0.010493
13769,-0.033686
13770,-0.066376
13771,-0.080405
13772,-0.068160
13773,-0.022993
13774,0.014392
13775,0.039274
13776,0.078883
13777,0.080718
13778,0.076890
13779,0.073321
13780,0.045165
13781,-0.020297
13782,-0.040621
13783,-0.039524
13784,-0.062979
13785,-0.075924
13786,-0.081566
13787,-0.025102
13788,-0.010173
13789,-0.008247
13790,0.045925
13791,0.014131
13792,0.001459
13793,0.000694
13794,-0.018242
13795,-0.017788
13796,-0.011296
13797,-0.003893
13798,0.018630
13799,0.002947
13800,0.046549
13801,0.081267
13802,0.073033
13803,0.052248
13804,-0.021163
13805,-0.067223
13806,-0.053562
13807,-0.034357
13808,-0.005167
13809,0.044150
13810,-0.011801
13811,0.008615
13812,0.013113
13813,0.025261
13814,-0.027449
13815,-0.054233
13816,0.007682
13817,-0.025578
13818,-0.018867
13819,-0.015659
13820,0.007554
13821,0.010858
13822,0.032227
13823,0.002972
13824,-0.056051
13825,-0.008465
13826,0.034143
13827,0.049790
13828,0.039170
13829,0.029688
13830,0.018414
13831,0.016663
13832,0.001061
13833,-0.004868
13834,-0.025767
13835,-0.035453
13836,-0.041607
13837,-0.048446
13838,-0.000945
13839,-0.024240
13840,-0.045667
13841,-0.017893
13842,-0.019555
13843,-0.013849
13844,0.037274
13845,0.094394
13846,0.078243
13847,0.039543
13848,-0.006925
13849,-0.014410
13850,-0.038197
13851,-0.033567
13852,0.033771
13853,0.071228
13854,0.081494
13855,0.003630
13856,-0.070920
13857,-0.099770
13858,-0.095431
13859,-0.069968
13860,-0.004707
13861,0.019143
13862,0.071551
13863,0.107177
13864,0.050365
13865,0.011237
13866,-0.004005
13867,-0.021553
13868,-0.066370
13869,-0.081584
13870,-0.017089
13871,-0.055866
13872,-0.081498
13873,-0.041326
13874,0.032940
13875,0.084020
13876,0.039674
13877,0.074682
13878,0.067712
13879,0.026961
13880,0.035006
13881,0.005466
13882,-0.049717
13883,-0.067426
13884,-0.065080
13885,0.024094
13886,0.039258
13887,0.011225
13888,0.037261
13889,0.018013
13890,-0.049631
13891,-0.045687
13892,-0.009892
13893,-0.012211
13894,0.006569
13895,0.040465
13896,0.029789
13897,-0.009792
13898,-0.027186
13899,-0.051164
13900,-0.032159
13901,-0.013099
13902,-0.009664
13903,0.021407
13904,0.018222
13905,0.005553
13906,-0.021714
13907,-0.014851
13908,0.071439
13909,0.070739
13910,0.025761
13911,0.022067
13912,0.006012
13913,-0.016003
13914,-0.068014
13915,-0.071685
13916,-0.047658
13917,-0.063974
13918,0.025605
13919,0.070323
13920,0.039711
13921,0.012955
13922,-0.004488
13923,-0.028827
13924,-0.023612
13925,-0.036214
13926,-0.017687
13927,0.017307
13928,0.043032
13929,0.045842
13930,0.014920
13931,-0.023798
13932,-0.041526
13933,-0.005550
13934,0.001141
13935,0.004006
13936,-0.004524
13937,0.021110
13938,0.007117
13939,0.020568
13940,0.035989
13941,0.019822
13942,0.009022
13943,-0.015963
13944,-0.007265
13945,0.014198
13946,0.044911
13947,-0.004153
13948,0.029079
13949,0.012818
13950,-0.089052
13951,-0.069899
13952,-0.061947
13953,-0.078044
13954,0.012249
13955,0.025682
13956,0.054439
13957,0.050646
13958,-0.014830
13959,-0.015993
13960,-0.027085
13961,-0.048202
13962,-0.003548
13963,-0.026277
13964,-0.022616
13965,0.028592
13966,0.077669
13967,0.073584
13968,0.053720
13969,0.038111
13970,-0.004056
13971,-0.027188
13972,-0.022589
13973,-0.008653
13974,0.005831
13975,0.027427
13976,0.004233
13977,0.034384
13978,0.010130
13979,-0.032661
13980,-0.062157
13981,-0.069808
13982,-0.042477
13983,-0.053598
13984,-0.050030
13985,-0.048707
13986,-0.017531
13987,0.016917
13988,0.071093
13989,0.111648
13990,0.080198
13991,0.065334
13992,0.019291
13993,-0.023606
13994,-0.006350
13995,-0.030815
13996,0.099774
13997,0.126960
13998,0.077369
13999,0.015856
14000,-0.014812
14001,0.009358
14002,-0.015917
14003,-0.010076
14004,-0.043635
14005,-0.037073
14006,-0.006557
14007,-0.002865
14008,-0.010466
14009,-0.035525
14010,-0.034571
14011,0.019498
14012,0.043065
14013,0.021695
14014,0.003391
14015,-0.005665
14016,-0.055398
14017,-0.066989
14018,-0.039646
14019,0.011000
14020,0.035188
14021,0.007807
14022,-0.000421
14023,-0.015235
14024,0.040866
14025,0.091563
14026,0.058466
14027,0.009965
14028,-0.004123
14029,-0.016180
14030,-0.023745
14031,-0.102081
14032,-0.021113
14033,0.013266
14034,-0.010044
14035,-0.016300
14036,-0.005221
14037,0.014810
14038,0.004023
14039,-0.009987
14040,-0.056495
14041,-0.089802
14042,-0.033423
14043,0.042461
14044,0.033595
14045,0.057100
14046,0.055685
14047,0.063192
14048,0.045724
14049,0.037359
14050,0.037472
14051,0.048600
14052,-0.019504
14053,-0.069987
14054,-0.076286
14055,-0.090812
14056,-0.033206
14057,0.024045
14058,-0.020439
14059,-0.016813
14060,0.021884
14061,0.044359
14062,0.011073
14063,-0.015316
14064,-0.011832
14065,-0.027195
14066,-0.045902
14067,-0.032702
14068,0.026709
14069,0.060838
14070,0.050435
14071,0.039039
14072,0.061316
14073,0.035405
14074,0.015618
14075,-0.063196
14076,-0.112553
14077,-0.075183
14078,-0.035694
14079,0.032050
14080,0.083008
14081,0.044345
14082,0.014813
14083,0.012594
14084,-0.039142
14085,-0.056448
14086,-0.045522
14087,-0.064286
14088,0.008319
14089,0.061020
14090,0.025827
14091,0.004545
14092,-0.002033
14093,0.012655
14094,0.049372
14095,0.028937
14096,0.046883
14097,-0.026698
14098,-0.071824
14099,-0.045383
14100,-0.038711
14101,0.000008
14102,-0.011879
14103,0.011294
14104,-0.005292
14105,0.011261
14106,0.056007
14107,0.047412
14108,0.006088
14109,0.009614
14110,-0.031563
14111,-0.060634
14112,0.027427
14113,0.041960
14114,0.019829
14115,-0.018503
14116,-0.016252
14117,-0.025481
14118,-0.071175
14119,-0.063854
14120,-0.015230
14121,0.052788
14122,0.052993
14123,0.048547
14124,0.020771
14125,0.022272
14126,0.021262
14127,-0.013776
14128,-0.014816
14129,-0.056490
14130,-0.066190
14131,0.022336
14132,0.025997
14133,-0.052828
14134,-0.049448
14135,-0.037285
14136,0.020711
14137,0.076448
14138,0.074059
14139,0.074258
14140,0.022311
14141,-0.026721
14142,-0.014904
14143,0.016134
14144,0.031212
14145,0.038347
14146,150.238632
14147,129.608505
14148,2.686742
14149,1734.387573
14150,568.445557
14151,15.060191
14152,28.851366
14153,34.068272
14154,33.693890
14155,43.763073
14156,8.929546
14157,-31.107321
14158,-69.818001
14159,-91.022026
14160,-76.285408
14161,-26.556715
14162,27.716425
14163,52.006947
14164,51.044292
14165,25.132710
14166,29.245951
14167,34.624531
14168,26.432640
14169,13.477081
14170,0.792029
14171,-8.703279
14172,-27.349455
14173,-35.170563
14174,-25.375162
14175,-16.336437
14176,-14.564814
14177,-1.393899
14178,-0.001783
14179,15.189093
14180,-13.062296
14181,-34.732708
14182,-30.829741
14183,-4.777829
14184,30.744358
14185,53.144951
14186,44.265415
14187,39.004089
14188,37.218269
14189,10.189678
14190,-12.656373
14191,-24.750137
14192,-25.770353
14193,-19.689064
14194,-17.575035
14195,-30.594629
14196,-31.280127
14197,-20.376442
14198,-5.279511
14199,24.302326
14200,-0.030998
14201,-0.064027
14202,-0.077287
14203,-0.055254
14204,0.010018
14205,-0.026537
14206,-0.023797
14207,-0.047575
14208,-0.015028
14209,0.032782
14210,0.063189
14211,0.078709
14212,0.046945
14213,0.026790
14214,0.022758
14215,-0.008004
14216,-0.045461
14217,-0.038271
14218,-0.011565
14219,-0.019453
14220,-0.029134
14221,-0.036230
14222,-0.007053
14223,0.023605
14224,0.070738
14225,0.070182
14226,0.049859
14227,-0.002151
14228,-0.027406
14229,-0.062344
14230,-0.059198
14231,-0.013566
14232,-0.023706
14233,0.000420
14234,0.037959
14235,0.038764
14236,0.050482
14237,0.018268
14238,-0.065496
14239,-0.073553
14240,-0.006072
14241,0.026290
14242,0.003879
14243,0.039359
14244,0.060520
14245,0.052642
14246,0.018820
14247,-0.026682
14248,-0.064056
14249,-0.081058
14250,-0.105549
14251,-0.046549
14252,0.035934
14253,0.085746
14254,0.109939
14255,0.050835
14256,-0.021915
14257,-0.041642
14258,-0.028813
14259,-0.042664
14260,-0.063772
14261,-0.041948
14262,0.006019
14263,0.057798
14264,0.059105
14265,0.030800
14266,0.028191
14267,0.001378
14268,-0.024431
14269,-0.004243
14270,-0.019312
14271,-0.033654
14272,0.052824
14273,0.049502
14274,-0.016768
14275,0.021630
14276,0.011500
14277,0.023823
14278,-0.000631
14279,-0.029248
14280,-0.023502
14281,-0.035588
14282,-0.075060
14283,-0.045492
14284,-0.029590
14285,0.030760
14286,0.061988
14287,0.014730
14288,-0.007365
14289,-0.018835
14290,-0.024570
14291,-0.054240
14292,-0.010844
14293,0.065247
14294,0.020684
14295,0.002518
14296,-0.046234
14297,-0.029352
14298,0.005553
14299,0.060671
14300,0.059135
14301,-0.001186
14302,-0.042999
14303,-0.057382
14304,-0.075692
14305,-0.038104
14306,0.029746
14307,0.059421
14308,0.076384
14309,0.043717
14310,0.064730
14311,0.004322
14312,-0.026095
14313,-0.021767
14314,-0.067973
14315,-0.039893
14316,-0.026421
14317,0.008154
14318,0.049438
14319,0.020580
14320,0.060115
14321,0.067042
14322,0.013155
14323,-0.029093
14324,-0.061852
14325,-0.011509
14326,0.007918
14327,0.014031
14328,-0.002882
14329,0.006796
14330,-0.032620
14331,-0.042376
14332,-0.035578
14333,-0.080317
14334,-0.088125
14335,-0.045046
14336,0.015094
14337,0.027264
14338,0.074674
14339,0.079538
14340,0.097173
14341,0.096229
14342,0.027269
14343,-0.011635
14344,-0.031796
14345,-0.055797
14346,-0.045033
14347,-0.053307
14348,-0.038360
14349,-0.025489
14350,-0.063422
14351,-0.049636
14352,0.000322
14353,0.012322
14354,0.046150
14355,0.072506
14356,0.062768
14357,0.084770
14358,0.017080
14359,-0.017072
14360,-0.034159
14361,-0.065137
14362,-0.038663
14363,-0.013682
14364,-0.009713
14365,0.018794
14366,0.009398
14367,-0.030388
14368,0.010398
14369,0.036053
14370,0.003380
14371,0.038108
14372,0.021618
14373,0.006592
14374,0.012825
14375,-0.031125
14376,-0.053952
14377,-0.058001
14378,-0.053626
14379,-0.072015
14380,-0.048260
14381,0.008672
14382,0.058516
14383,0.069542
14384,0.029657
14385,0.001885
14386,0.024920
14387,0.021417
14388,0.002605
14389,0.027673
14390,0.007894
14391,-0.025195
14392,-0.015840
14393,0.017972
14394,-0.012490
14395,-0.047189
14396,-0.021756
14397,-0.017336
14398,-0.001754
14399,0.040526
14400,0.019157
14401,0.029677
14402,0.013195
14403,0.003431
14404,-0.008345
14405,0.074298
14406,0.049558
14407,0.025398
14408,-0.025361
14409,-0.078678
14410,-0.079112
14411,-0.116168
14412,-0.052258
14413,0.029087
14414,0.054726
14415,0.026447
14416,0.067329
14417,0.087772
14418,-0.005274
14419,-0.034064
14420,-0.042507
14421,-0.049597
14422,-0.023065
14423,0.004073
14424,0.059428
14425,0.004034
14426,-0.045612
14427,-0.010813
14428,0.030990
14429,-0.011443
14430,-0.011615
14431,-0.002504
14432,-0.001933
14433,0.006104
14434,-0.011156
14435,-0.004139
14436,0.014601
14437,0.050797
14438,0.027574
14439,0.004574
14440,-0.023756
14441,-0.022648
14442,-0.032252
14443,-0.006359
14444,0.036144
14445,0.023743
14446,0.009171
14447,-0.016852
14448,0.000511
14449,-0.009700
14450,-0.010921
14451,0.031393
14452,0.043272
14453,0.058838
14454,0.015958
14455,-0.002821
14456,-0.028359
14457,-0.050829
14458,-0.014893
14459,0.006244
14460,-0.035487
14461,-0.046687
14462,-0.017862
14463,0.015215
14464,0.035813
14465,0.039845
14466,0.065337
14467,0.073292
14468,0.008471
14469,-0.007632
14470,-0.053819
14471,-0.088537
14472,-0.052692
14473,-0.109504
14474,-0.084477
14475,-0.013724
14476,0.052853
14477,0.118742
14478,0.145969
14479,0.133877
14480,0.102625
14481,-0.008443
14482,-0.096251
14483,-0.096781
14484,-0.115161
14485,-0.088157
14486,-0.004266
14487,0.086224
14488,0.069946
14489,0.027564
14490,-0.012718
14491,0.010961
14492,-0.007083
14493,-0.029086
14494,-0.029573
14495,-0.068630
14496,-0.079190
14497,-0.011131
14498,-0.034906
14499,0.011696
14500,0.075199
14501,0.077576
14502,0.098281
14503,0.054735
14504,-0.016999
14505,-0.039855
14506,-0.045266
14507,-0.032665
14508,0.012847
14509,0.079181
14510,0.079129
14511,0.110936
14512,0.015916
14513,-0.062958
14514,-0.071924
14515,-0.082062
14516,-0.117455
14517,-0.069774
14518,-0.028908
14519,-0.022025
14520,0.001527
14521,0.058723
14522,0.078927
14523,0.057533
14524,0.056167
14525,0.037347
14526,-0.044158
14527,-0.056163
14528,-0.063507
14529,-0.027614
14530,-0.010224
14531,0.050899
14532,0.078659
14533,0.032651
14534,-0.011370
14535,-0.028138
14536,0.015224
14537,-0.023950
14538,-0.020079
14539,-0.022244
14540,-0.034247
14541,-0.025388
14542,0.012784
14543,0.020199
14544,-0.011542
14545,0.000718
14546,0.008671
14547,0.022273
14548,0.034896
14549,-0.046643
14550,0.007722
14551,0.013896
14552,-0.002552
14553,0.015706
14554,0.022375
14555,0.013936
14556,0.042491
14557,0.044944
14558,0.002266
14559,-0.040792
14560,-0.025110
14561,-0.010886
14562,-0.048340
14563,0.003661
14564,0.079670
14565,0.012604
14566,0.017924
14567,-0.008103
14568,-0.059756
14569,-0.045352
14570,-0.016792
14571,0.030041
14572,0.059681
14573,-0.006381
14574,-0.021635
14575,-0.000454
14576,-0.035010
14577,-0.032115
14578,-0.044183
14579,-0.021768
14580,0.030266
14581,0.039351
14582,0.025183
14583,0.020408
14584,-0.011077
14585,-0.019199
14586,-0.010776
14587,-0.029466
14588,-0.004870
14589,0.011203
14590,0.028921
14591,0.066669
14592,0.054176
14593,0.022684
14594,-0.041796
14595,-0.070680
14596,-0.056448
14597,-0.054936
14598,0.002969
14599,0.040204
14600,-0.005111
14601,0.014165
14602,0.028752
14603,0.039062
14604,0.014185
14605,0.006555
14606,-0.015634
14607,-0.030645
14608,-0.083721
14609,-0.047835
14610,0.052172
14611,0.069002
14612,0.092305
14613,0.043353
14614,-0.008562
14615,-0.040921
14616,-0.031739
14617,-0.079322
14618,-0.067005
14619,-0.007124
14620,0.050577
14621,0.042066
14622,0.022031
14623,0.017405
14624,-0.002279
14625,-0.068939
14626,-0.080751
14627,-0.061672
14628,-0.003401
14629,0.012078
14630,0.012223
14631,0.053926
14632,0.078546
14633,0.059870
14634,0.050759
14635,0.072631
14636,0.044373
14637,-0.040328
14638,-0.078841
14639,-0.093248
14640,-0.090903
14641,-0.052969
14642,-0.005626
14643,0.059360
14644,0.071052
14645,0.033284
14646,-0.005574
14647,0.052240
14648,0.041886
14649,-0.037662
14650,138.887848
14651,145.359024
14652,2.459018
14653,1681.682251
14654,471.821045
14655,-54.411530
14656,-29.699030
14657,-9.511905
14658,13.066706
14659,31.381695
14660,43.934250
14661,44.120258
14662,37.838562
14663,5.413983
14664,-12.400625
14665,-7.894035
14666,-9.954135
14667,-2.584239
14668,-2.975127
14669,-1.219610
14670,-13.051811
14671,-0.078547
14672,17.379362
14673,-0.411363
14674,-16.674353
14675,-18.477280
14676,3.606245
14677,10.287397
14678,16.599941
14679,-2.717293
14680,-9.433078
14681,-15.191048
14682,-11.720816
14683,-11.743285
14684,-6.197326
14685,-8.723126
14686,2.704663
14687,16.607044
14688,19.552521
14689,27.084839
14690,21.237326
14691,11.164251
14692,-7.565220
14693,-18.288923
14694,-24.746033
14695,-19.279507
14696,-12.238531
14697,-4.970744
14698,10.659012
14699,10.726178
14700,4.288806
14701,2.176655
14702,24.316973
14703,19.245104
14704,0.014646
14705,0.035710
14706,0.062480
14707,0.016125
14708,-0.040296
14709,-0.077258
14710,-0.032433
14711,0.002576
14712,-0.003679
14713,0.030049
14714,0.012632
14715,-0.004754
14716,-0.000804
14717,-0.006948
14718,-0.024849
14719,0.009912
14720,0.002493
14721,-0.025017
14722,-0.049985
14723,-0.054110
14724,0.000586
14725,0.037068
14726,0.039843
14727,0.010691
14728,-0.006898
14729,-0.013850
14730,-0.034992
14731,-0.033148
14732,0.000185
14733,0.014069
14734,0.017395
14735,0.033496
14736,0.038335
14737,0.046719
14738,0.004860
14739,-0.021576
14740,-0.019089
14741,-0.040728
14742,-0.000523
14743,0.022438
14744,0.047786
14745,0.040825
14746,-0.043303
14747,-0.071765
14748,-0.107575
14749,-0.036192
14750,0.017684
14751,0.039571
14752,0.117414
14753,0.093551
14754,0.026939
14755,0.013344
14756,-0.017962
14757,-0.017802
14758,0.040494
14759,-0.010356
14760,-0.066586
14761,-0.051502
14762,-0.006471
14763,-0.000509
14764,0.011509
14765,0.011780
14766,0.005136
14767,0.017490
14768,-0.026816
14769,-0.095328
14770,-0.049466
14771,-0.023803
14772,-0.012331
14773,-0.045404
14774,0.020391
14775,0.047782
14776,0.071777
14777,0.057504
14778,0.016017
14779,0.006541
14780,0.009537
14781,-0.050068
14782,-0.001115
14783,0.026227
14784,0.032185
14785,0.002830
14786,0.007246
14787,0.003221
14788,-0.044034
14789,-0.006497
14790,0.018527
14791,-0.003222
14792,0.018123
14793,-0.000163
14794,0.029737
14795,0.039750
14796,-0.002995
14797,-0.058323
14798,-0.131922
14799,-0.115598
14800,-0.040894
14801,0.010754
14802,0.053449
14803,0.058629
14804,0.085486
14805,0.093126
14806,0.075120
14807,0.046818
14808,0.008034
14809,-0.039165
14810,-0.055102
14811,-0.053447
14812,-0.053787
14813,-0.097487
14814,-0.068369
14815,-0.011352
14816,-0.017518
14817,0.001923
14818,0.002184
14819,-0.009372
14820,0.013825
14821,0.043259
14822,0.083964
14823,0.113501
14824,0.132101
14825,0.069743
14826,-0.043500
14827,-0.089232
14828,-0.089479
14829,-0.051248
14830,0.001094
14831,0.027133
14832,-0.039741
14833,-0.000497
14834,-0.006345
14835,0.020888
14836,0.030851
14837,0.035936
14838,0.008172
14839,-0.077492
14840,-0.093569
14841,-0.011821
14842,0.037184
14843,0.026115
14844,0.005660
14845,0.037360
14846,0.033574
14847,0.008292
14848,-0.047751
14849,-0.052324
14850,-0.050991
14851,-0.026800
14852,0.022573
14853,0.036101
14854,0.049975
14855,0.063891
14856,0.070410
14857,0.013475
14858,-0.061140
14859,-0.061800
14860,-0.048671
14861,-0.055449
14862,-0.033723
14863,0.005380
14864,0.019553
14865,0.046789
14866,0.025577
14867,0.028296
14868,0.033835
14869,0.014020
14870,-0.015794
14871,-0.051783
14872,-0.029825
14873,0.006549
14874,0.005066
14875,0.034614
14876,-0.000521
14877,-0.031751
14878,0.004368
14879,-0.015783
14880,-0.055375
14881,-0.037122
14882,-0.032858
14883,-0.014624
14884,0.019620
14885,-0.010854
14886,0.033694
14887,0.086433
14888,0.093566
14889,0.099115
14890,0.037499
14891,-0.001539
14892,-0.026035
14893,-0.064411
14894,-0.118760
14895,-0.095371
14896,-0.041283
14897,-0.021531
14898,0.005800
14899,0.032389
14900,0.041992
14901,0.066874
14902,0.008613
14903,-0.050422
14904,133.167404
14905,153.296799
14906,2.344252
14907,1652.238892
14908,470.311737
14909,-29.186188
14910,-18.777580
14911,16.878847
14912,73.674065
14913,90.292969
14914,59.455849
14915,-2.667636
14916,-52.817219
14917,-66.304657
14918,-61.096615
14919,-30.198170
14920,-2.314327
14921,15.051079
14922,28.487818
14923,46.730732
14924,43.077953
14925,9.498204
14926,-24.056187
14927,-42.766918
14928,-46.488117
14929,-29.082293
14930,26.883230
14931,54.760246
14932,41.874527
14933,16.488071
14934,6.510306
14935,0.251348
14936,-16.474884
14937,-52.260937
14938,-63.929798
14939,-18.035303
14940,26.707891
14941,38.933231
14942,36.149307
14943,17.699444
14944,-6.038990
14945,-21.809557
14946,-13.327879
14947,-2.614823
14948,26.758369
14949,32.957062
14950,0.766416
14951,-30.812727
14952,-65.214233
14953,-56.904049
14954,-9.356539
14955,39.854992
14956,65.593552
14957,60.718754
14958,-0.081726
14959,-0.048042
14960,0.001614
14961,0.066279
14962,0.127655
14963,0.086335
14964,0.027823
14965,-0.019219
14966,-0.091704
14967,-0.051815
14968,-0.000918
14969,-0.011562
14970,0.005607
14971,-0.022786
14972,0.027051
14973,0.119826
14974,0.049131
14975,0.013235
14976,-0.054075
14977,-0.055065
14978,-0.030767
14979,-0.040362
14980,-0.042852
14981,-0.045373
14982,-0.013129
14983,0.022353
14984,0.022046
14985,0.075022
14986,0.049342
14987,-0.003651
14988,-0.013768
14989,-0.073819
14990,-0.094405
14991,-0.023702
14992,0.016759
14993,0.017136
14994,-0.000001
14995,0.026224
14996,0.029874
14997,0.045150
14998,0.048130
14999,0.021308
15000,0.023320
15001,-0.019672
15002,-0.059976
15003,-0.033675
15004,-0.013630
15005,0.026454
15006,0.040533
15007,0.010727
15008,-0.016247
15009,-0.032180
15010,-0.003200
15011,0.010277
15012,0.014390
15013,0.044630
15014,0.004602
15015,-0.048806
15016,-0.052668
15017,-0.002648
15018,0.052153
15019,0.006389
15020,-0.008562
15021,0.008270
15022,0.025266
15023,0.016674
15024,-0.002540
15025,-0.011120
15026,-0.020638
15027,0.025283
15028,0.016041
15029,-0.045017
15030,-0.060502
15031,-0.016354
15032,0.004615
15033,0.015124
15034,-0.035728
15035,-0.055415
15036,-0.010979
15037,0.022604
15038,0.029343
15039,0.023330
15040,0.015199
15041,0.005352
15042,-0.009657
15043,0.036128
15044,0.002310
15045,0.031523
15046,-0.017037
15047,-0.031693
15048,0.014227
15049,0.022908
15050,0.023694
15051,0.027873
15052,0.010710
15053,-0.013518
15054,-0.056884
15055,-0.078210
15056,-0.020573
15057,0.031248
15058,0.038603
15059,0.003024
15060,-0.035056
15061,-0.061034
15062,-0.064152
15063,-0.008601
15064,0.057201
15065,0.075336
15066,0.064836
15067,0.033163
15068,-0.017302
15069,-0.045325
15070,-0.017355
15071,0.010809
15072,-0.008993
15073,-0.019607
15074,0.002813
15075,0.032361
15076,0.036744
15077,-0.000477
15078,-0.008267
15079,-0.018988
15080,-0.062354
15081,-0.073180
15082,-0.047776
15083,-0.017301
15084,0.005283
15085,0.040562
15086,0.024705
15087,0.008209
15088,-0.003723
15089,-0.054255
15090,-0.071959
15091,-0.011606
15092,0.025758
15093,0.066096
15094,0.062748
15095,0.069559
15096,0.056408
15097,-0.013616
15098,0.005771
15099,0.055848
15100,0.034159
15101,-0.009558
15102,-0.014603
15103,-0.019193
15104,-0.028373
15105,-0.038077
15106,-0.044846
15107,-0.003322
15108,0.028981
15109,0.029509
15110,-0.010258
15111,-0.037385
15112,-0.051427
15113,-0.064109
15114,-0.046822
15115,-0.042874
15116,-0.029341
15117,-0.008600
15118,0.088627
15119,0.124584
15120,0.069077
15121,0.035338
15122,0.000043
15123,-0.027393
15124,-0.049878
15125,-0.051904
15126,-0.025998
15127,-0.010905
15128,-0.002621
15129,0.050788
15130,0.068032
15131,0.014499
15132,0.012561
15133,-0.068311
15134,-0.057713
15135,0.013883
15136,-0.002587
15137,-0.033130
15138,-0.034064
15139,-0.055437
15140,-0.088563
15141,-0.029677
15142,0.034622
15143,0.031284
15144,0.040910
15145,0.044923
15146,0.026599
15147,0.036179
15148,0.030643
15149,0.046492
15150,0.041985
15151,0.024781
15152,0.013781
15153,-0.012089
15154,-0.027140
15155,-0.051296
15156,-0.078820
15157,-0.028046
15158,-0.011488
15159,-0.001250
15160,-0.004019
15161,0.043463
15162,-0.005241
15163,-0.034609
15164,-0.029115
15165,0.016004
15166,0.058579
15167,0.001695
15168,-0.030285
15169,-0.044168
15170,-0.056954
15171,-0.034649
15172,0.012846
15173,0.031349
15174,-0.005057
15175,-0.009407
15176,0.025039
15177,0.026320
15178,0.016868
15179,0.057261
15180,0.077838
15181,0.050261
15182,0.006132
15183,-0.016809
15184,-0.067982
15185,-0.080587
15186,-0.042866
15187,-0.053016
15188,-0.051412
15189,-0.018849
15190,0.037484
15191,0.012294
15192,0.029181
15193,0.046001
15194,0.060841
15195,0.065186
15196,0.043238
15197,0.016621
15198,-0.013446
15199,-0.031227
15200,-0.031650
15201,-0.046223
15202,-0.012635
15203,-0.025669
15204,-0.012527
15205,0.032472
15206,0.013133
15207,0.005092
15208,126.320900
15209,162.797104
15210,2.206895
15211,1622.935181
15212,452.947998
15213,-35.662685
15214,-67.360298
15215,-61.879303
15216,-11.829868
15217,31.035156
15218,50.312428
15219,44.455929
15220,44.170834
15221,20.805002
15222,-21.370138
15223,-49.650608
15224,-39.753799
15225,-8.201064
15226,19.119091
15227,26.286697
15228,22.532660
15229,23.183918
15230,22.507324
15231,2.233928
15232,-39.592384
15233,-53.735504
15234,-33.724525
15235,-15.356520
15236,11.327085
15237,19.474937
15238,19.513056
15239,15.091584
15240,17.210178
15241,18.300039
15242,17.742481
15243,-5.026286
15244,-27.374769
15245,-30.036360
15246,-24.719931
15247,6.979756
15248,18.070292
15249,9.368999
15250,-15.940233
15251,-24.479450
15252,15.290756
15253,51.959721
15254,58.535564
15255,40.541580
15256,5.896358
15257,-30.969912
15258,-74.944237
15259,-78.825943
15260,-45.304543
15261,-6.442049
15262,-0.018376
15263,0.000785
15264,-0.008770
15265,-0.074570
15266,-0.040753
15267,0.014087
15268,-0.001506
15269,-0.007952
15270,-0.004374
15271,0.046044
15272,0.044628
15273,0.020295
15274,0.004130
15275,0.007277
15276,-0.014831
15277,0.007020
15278,0.015013
15279,-0.044371
15280,-0.058383
15281,-0.005973
15282,0.051819
15283,0.008457
15284,0.036279
15285,0.046950
15286,-0.020339
15287,-0.062818
15288,-0.011703
15289,0.027805
15290,0.013939
15291,0.003528
15292,-0.043686
15293,-0.040102
15294,0.003471
15295,0.058124
15296,0.065566
15297,0.081418
15298,0.005759
15299,-0.049721
15300,-0.006609
15301,-0.056187
15302,-0.074709
15303,-0.020577
15304,-0.036063
15305,0.027040
15306,0.068028
15307,0.032820
15308,0.031580
15309,-0.030485
15310,-0.036542
15311,-0.023498
15312,-0.020834
15313,-0.034654
15314,-0.027037
15315,-0.013415
15316,-0.016321
15317,0.011476
15318,0.028883
15319,0.056612
15320,0.057429
15321,0.013061
15322,0.016475
15323,0.018306
15324,-0.038940
15325,-0.054147
15326,-0.018416
15327,-0.049156
15328,-0.001416
15329,0.029006
15330,0.055570
15331,0.033859
15332,-0.013222
15333,0.021557
15334,0.022729
15335,-0.030778
15336,-0.035046
15337,-0.012999
15338,-0.070818
15339,-0.076253
15340,-0.023678
15341,0.027477
15342,0.014052
15343,0.014025
15344,-0.000719
15345,0.031018
15346,0.045536
15347,0.023490
15348,0.003528
15349,0.005989
15350,0.012330
15351,0.000575
15352,-0.032294
15353,-0.048900
15354,-0.007118
15355,0.014602
15356,0.037705
15357,-0.008271
15358,-0.038289
15359,0.010086
15360,0.011449
15361,0.069642
15362,0.064464
15363,0.012613
15364,-0.017009
15365,-0.076490
15366,-0.083235
15367,-0.058622
15368,-0.031004
15369,-0.006712
15370,0.054690
15371,0.021018
15372,0.020214
15373,0.090582
15374,0.105005
15375,0.069187
15376,0.040078
15377,0.040587
15378,-0.044206
15379,-0.081827
15380,-0.073292
15381,-0.052573
15382,-0.096192
15383,-0.026594
15384,-0.012861
15385,-0.016265
15386,-0.026685
15387,-0.012249
15388,0.041704
15389,0.020826
15390,0.021922
15391,0.057153
15392,0.006018
15393,-0.041181
15394,-0.027648
15395,-0.023441
15396,0.001057
15397,-0.072311
15398,-0.029847
15399,0.044924
15400,0.036668
15401,0.029726
15402,0.036698
15403,0.025646
15404,0.031111
15405,-0.008014
15406,-0.012513
15407,-0.013265
15408,0.070208
15409,0.094706
15410,0.067137
15411,0.036815
15412,0.004247
15413,-0.045143
15414,-0.116089
15415,-0.186227
15416,-0.121544
15417,-0.018457
15418,0.070964
15419,0.060085
15420,-0.003277
15421,-0.057716
15422,-0.017880
15423,0.034788
15424,0.060259
15425,0.109451
15426,0.081900
15427,0.038067
15428,-0.022582
15429,-0.080879
15430,-0.060209
15431,-0.061025
15432,-0.026086
15433,-0.011134
15434,-0.001121
15435,0.015824
15436,0.033875
15437,0.012068
15438,-0.000272
15439,-0.019722
15440,-0.049174
15441,0.008257
15442,-0.011951
15443,-0.002349
15444,0.053720
15445,0.021359
15446,-0.033969
15447,-0.036959
15448,-0.030616
15449,0.002731
15450,0.059871
15451,0.051451
15452,0.035247
15453,0.057763
15454,0.030818
15455,-0.006882
15456,-0.036901
15457,0.001492
15458,-0.002590
15459,-0.045680
15460,-0.055815
15461,-0.080464
15462,120.600464
15463,170.734879
15464,2.092129
15465,1594.134766
15466,425.214874
15467,-5.337528
15468,6.754946
15469,10.269142
15470,3.004191
15471,-2.154479
15472,-6.034730
15473,-4.196229
15474,12.132984
15475,20.087957
15476,23.469452
15477,12.184749
15478,-1.264177
15479,-9.326985
15480,-17.225491
15481,-16.041807
15482,-21.317947
15483,-2.207914
15484,19.888180
15485,11.471517
15486,17.835255
15487,-2.887698
15488,-8.199924
15489,-1.580063
15490,-4.806817
15491,-0.641389
15492,7.801342
15493,-4.905359
15494,-20.223644
15495,-12.565766
15496,1.541995
15497,10.039678
15498,13.683354
15499,10.417935
15500,7.543496
15501,-3.082666
15502,-6.641514
15503,-7.022915
15504,-6.054952
15505,9.548736
15506,8.575838
15507,0.438895
15508,-3.142254
15509,-14.991931
15510,-11.561064
15511,7.108557
15512,6.173467
15513,-0.427546
15514,-6.406775
15515,4.503902
15516,0.042114
15517,0.032916
15518,0.002482
15519,0.019607
15520,-0.017613
15521,-0.033514
15522,-0.054329
15523,-0.075088
15524,-0.010218
15525,0.028818
15526,-0.030128
15527,-0.057110
15528,-0.002915
15529,0.004768
15530,0.022332
15531,0.051545
15532,0.052119
15533,0.080893
15534,0.094939
15535,0.002009
15536,-0.081667
15537,-0.058812
15538,-0.036464
15539,-0.024071
15540,-0.009708
15541,0.054505
15542,0.067759
15543,0.013934
15544,-0.038998
15545,-0.043184
15546,-0.004939
15547,0.047647
15548,0.062985
15549,0.055901
15550,0.009412
15551,-0.022730
15552,-0.029273
15553,-0.014073
15554,-0.029140
15555,0.004040
15556,-0.018049
15557,-0.049107
15558,-0.045500
15559,-0.037618
15560,-0.033512
15561,-0.043244
15562,-0.005258
15563,0.051927
15564,0.037242
15565,0.017995
15566,118.258240
15567,173.984985
15568,2.045139
15569,1582.575684
15570,385.907532
15571,-65.059982
15572,-57.509632
15573,0.412365
15574,61.339081
15575,67.270966
15576,58.153744
15577,27.406046
15578,-2.920910
15579,-15.897306
15580,-23.323101
15581,-29.632498
15582,-12.346401
15583,1.013038
15584,-11.707022
15585,-21.775726
15586,-3.453551
15587,-5.904207
15588,9.413507
15589,29.914225
15590,37.087872
15591,13.505604
15592,-3.620852
15593,-11.033145
15594,-14.045074
15595,-7.316202
15596,7.045022
15597,6.928259
15598,-7.707180
15599,-18.396563
15600,-11.444490
15601,-11.460027
15602,-15.547489
15603,-16.510900
15604,4.346255
15605,4.326319
15606,4.184151
15607,9.096804
15608,14.836157
15609,18.834249
15610,35.164204
15611,39.832577
15612,24.197144
15613,-4.943037
15614,-27.477734
15615,-53.591270
15616,-61.119068
15617,-31.142374
15618,5.364356
15619,6.298309
15620,18.279839
15621,0.112380
15622,1815.567505
15623,49.449474
15624,-340.408936
15625,-1851.140015
15626,-1535.336304
15627,-908.322327
15628,896.421936
15629,166.509903
15630,-1186.338867
15631,1591.649536
15632,-230.287888
15633,-1521.801147
15634,1052.804077
15635,-1116.273804
15636,102.628845
15637,-1783.250244
15638,1165.311646
15639,-299.045105
15640,-911.209534
15641,1202.846924
15642,1870.642456
15643,1726.101807
15644,1161.211670
15645,-767.829773
15646,1459.576538
15647,-2097.641357
15648,1097.342773
15649,-1719.193481
15650,-1390.817993
15651,-488.310272
15652,-297.230011
15653,172.691681
15654,-2191.902344
15655,-407.344940
15656,-174.601212
15657,-1929.621338
15658,-805.591370
15659,-238.822891
15660,-1595.854736
15661,-401.925293
15662,-179.077316
15663,-223.313980
15664,114.439964
15665,-1416.182739
15666,-1605.149414
15667,704.253601
15668,393.086456
15669,-317.396698
15670,-337.270630
15671,269.344330
15672,994.266724
15673,55.003288
15674,122.507462
15675,-0.010370
15676,-0.064181
15677,-0.066119
15678,0.020826
15679,0.049126
15680,0.071176
15681,0.094782
15682,0.056207
15683,0.016637
15684,-0.050451
15685,-0.105772
15686,-0.084253
15687,-0.028874
15688,0.017578
15689,0.023819
15690,0.022729
15691,-0.012645
15692,0.000358
15693,0.003400
15694,0.058609
15695,0.077079
15696,0.011472
15697,-0.031453
15698,-0.029431
15699,-0.024325
15700,0.046441
15701,0.043568
15702,0.003027
15703,-0.031627
15704,-0.071667
15705,-0.037046
15706,-0.024477
15707,-0.059944
15708,-0.006864
15709,0.069309
15710,0.093367
15711,0.058329
15712,0.048301
15713,-0.008940
15714,-0.044044
15715,-0.039765
15716,-0.007980
15717,-0.020994
15718,-0.073402
15719,-0.039552
15720,-0.018411
15721,-0.002934
15722,0.023223
15723,0.001536
15724,368.607330
15725,1101.253906
15726,140.685410
15727,640.582581
15728,1523.306763
15729,30.474537
15730,69.084732
15731,52.616013
15732,2.579317
15733,-51.461761
15734,-86.316574
15735,-85.846069
15736,-43.619335
15737,17.935116
15738,78.185997
15739,117.332184
15740,94.933853
15741,26.733269
15742,-44.710758
15743,-82.493996
15744,-76.122253
15745,-33.503281
15746,6.322330
15747,37.765507
15748,26.568104
15749,20.748987
15750,23.443213
15751,16.618603
15752,-19.277929
15753,-43.275734
15754,-45.709740
15755,-36.458313
15756,-3.387847
15757,22.038548
15758,15.864417
15759,20.242775
15760,33.912170
15761,47.218388
15762,31.635521
15763,8.316508
15764,-20.830238
15765,-35.543602
15766,-39.002068
15767,-8.110175
15768,1.629807
15769,-26.050404
15770,-34.818233
15771,-17.983816
15772,5.202312
15773,21.860348
15774,31.224680
15775,5.273321
15776,-5.926590
15777,7.266501
15778,4.510667
15779,-0.002371
15780,0.021688
15781,0.067039
15782,0.033241
15783,0.052786
15784,0.007665
15785,-0.067292
15786,-0.060954
15787,-0.068586
15788,-0.016722
15789,0.037378
15790,0.022524
15791,0.034297
15792,0.036422
15793,-0.005901
15794,-0.029219
15795,-0.004381
15796,-0.017788
15797,0.010535
15798,-0.002059
15799,-0.029579
15800,-0.046682
15801,-0.039967
15802,-0.055410
15803,-0.038533
15804,0.011721
15805,0.078408
15806,0.102616
15807,0.092078
15808,0.055966
15809,0.032145
15810,-0.009839
15811,-0.039309
15812,0.024456
15813,0.036973
15814,-0.023510
15815,-0.044915
15816,-0.062310
15817,-0.095081
15818,-0.034031
15819,-0.005158
15820,0.008109
15821,0.000483
15822,-0.014297
15823,-0.008971
15824,0.007932
15825,-0.006215
15826,0.042359
15827,0.067855
15828,0.026696
15829,0.051023
15830,0.056909
15831,0.037675
15832,0.003602
15833,0.033863
15834,0.063318
15835,0.026883
15836,-0.005591
15837,-0.063582
15838,-0.052884
15839,-0.034636
15840,-0.018820
15841,0.030347
15842,0.086507
15843,0.067524
15844,0.031118
15845,-0.009270
15846,-0.048099
15847,-0.034859
15848,-0.053205
15849,-0.060287
15850,0.009375
15851,0.000716
15852,-0.040375
15853,0.015962
15854,0.043620
15855,0.012298
15856,0.018163
15857,-0.023438
15858,-0.019743
15859,0.017999
15860,-0.011395
15861,-0.008772
15862,0.031128
15863,0.028735
15864,0.043440
15865,0.032092
15866,-0.030025
15867,-0.060634
15868,-0.072346
15869,-0.026890
15870,0.010921
15871,0.001003
15872,-0.009594
15873,0.032705
15874,0.033828
15875,0.024842
15876,0.029950
15877,0.017443
15878,0.067541
15879,0.005830
15880,-0.112573
15881,-0.070790
15882,-0.059894
15883,0.009556
15884,0.093617
15885,0.073942
15886,0.075797
15887,0.025494
15888,-0.071197
15889,-0.039032
15890,0.024981
15891,0.019355
15892,0.026769
15893,0.010867
15894,-0.007066
15895,-0.028055
15896,-0.046469
15897,-0.047195
15898,-0.081009
15899,-0.039988
15900,0.024860
15901,0.045197
15902,0.042952
15903,0.025619
15904,-0.002977
15905,-0.040315
15906,-0.015527
15907,0.028949
15908,-0.012435
15909,-0.005980
15910,0.030941
15911,0.013342
15912,-0.030090
15913,-0.017560
15914,-0.012084
15915,-0.021869
15916,-0.022139
15917,-0.007532
15918,-0.020150
15919,0.021512
15920,0.013844
15921,0.077782
15922,0.021695
15923,-0.007098
15924,-0.032798
15925,-0.049075
15926,-0.009884
15927,-0.006151
15928,-0.017819
15929,0.066227
15930,0.035851
15931,0.023225
15932,0.025736
15933,0.018101
15934,-0.001008
15935,-0.034415
15936,-0.104977
15937,-0.100229
15938,-0.105585
15939,-0.025485
15940,0.065089
15941,0.091411
15942,0.094611
15943,0.033470
15944,0.002368
15945,0.025702
15946,0.043141
15947,0.023874
15948,-0.011758
15949,-0.060233
15950,-0.034728
15951,-0.040624
15952,-0.044810
15953,-0.014099
15954,0.004942
15955,0.007494
15956,0.041497
15957,0.050423
15958,0.080622
15959,-0.021936
15960,-0.059722
15961,-0.028026
15962,-0.049283
15963,-0.021727
15964,0.011328
15965,0.018911
15966,0.009407
15967,-0.009736
15968,0.013595
15969,0.089038
15970,0.073216
15971,0.067078
15972,0.034432
15973,-0.073828
15974,-0.135928
15975,-0.134423
15976,-0.061616
15977,-0.019625
15978,0.033769
15979,0.054366
15980,0.024222
15981,-0.014762
15982,-0.057023
15983,-0.021546
15984,0.065429
15985,0.065815
15986,0.032792
15987,0.074568
15988,0.003423
15989,-0.017288
15990,-0.039092
15991,-0.039856
15992,0.021447
15993,0.049446
15994,0.007991
15995,-0.005363
15996,-0.028849
15997,-0.023007
15998,-0.039637
15999,-0.034273
16000,-0.020206
16001,-0.006616
16002,-0.015914
16003,0.011629
16004,0.052273
16005,0.030662
16006,-0.000361
16007,0.027723
16008,0.039395
16009,-0.037053
16010,-0.046726
16011,-0.037489
16012,-0.034694
16013,-0.039721
16014,0.019204
16015,0.041302
16016,0.035576
16017,0.022104
16018,-0.002816
16019,-0.010286
16020,-0.012208
16021,-0.007053
16022,0.017832
16023,-0.023863
16024,-0.060273
16025,-0.051457
16026,-0.066522
16027,-0.001253
16028,0.019420
16029,0.080578
16030,0.153070
16031,0.094871
16032,0.025629
16033,-0.065955
16034,-0.067749
16035,-0.027016
16036,-0.013596
16037,-0.004516
16038,0.017592
16039,-0.020249
16040,-0.021735
16041,-0.048997
16042,-0.062320
16043,-0.015784
16044,0.028785
16045,0.079364
16046,0.060693
16047,0.033213
16048,0.050995
16049,0.034050
16050,0.001483
16051,-0.042033
16052,-0.060965
16053,-0.087320
16054,-0.039126
16055,-0.049202
16056,-0.067009
16057,0.044779
16058,0.066881
16059,0.052832
16060,0.058051
16061,0.045335
16062,0.008385
16063,0.028894
16064,0.051793
16065,0.003366
16066,-0.042462
16067,-0.091855
16068,-0.088487
16069,-0.065209
16070,-0.041649
16071,0.030979
16072,0.101956
16073,0.060566
16074,-0.002479
16075,-0.031745
16076,-0.093648
16077,-0.060640
16078,0.047386
16079,0.020356
16080,0.069759
16081,0.051283
16082,-0.053761
16083,-0.070414
16084,-0.049759
16085,-0.044288
16086,-0.031759
16087,-0.003110
16088,0.024892
16089,0.036917
16090,0.058971
16091,0.049375
16092,0.023602
16093,0.026794
16094,0.022119
16095,0.002322
16096,0.023042
16097,0.015784
16098,-0.015788
16099,-0.017102
16100,-0.069524
16101,-0.064136
16102,-0.050896
16103,-0.052112
16104,-0.004276
16105,0.013841
16106,0.014643
16107,0.076615
16108,0.052622
16109,-0.006854
16110,-0.031408
16111,-0.023676
16112,-0.003361
16113,-0.004047
16114,0.000736
16115,-0.015243
16116,-0.042230
16117,-0.029669
16118,0.008944
16119,0.080075
16120,0.060916
16121,0.032533
16122,0.040504
16123,-0.045776
16124,-0.065474
16125,-0.020126
16126,-0.011980
16127,-0.010744
16128,-0.018160
16129,-0.039478
16130,0.004915
16131,0.034753
16132,0.043533
16133,0.041167
16134,0.038500
16135,0.036238
16136,-0.047142
16137,-0.066418
16138,-0.042361
16139,-0.084208
16140,-0.036939
16141,-0.000232
16142,0.001056
16143,0.045042
16144,0.055375
16145,0.046187
16146,0.053762
16147,-0.027750
16148,-0.106129
16149,-0.018305
16150,0.041585
16151,-0.002383
16152,-0.027544
16153,-0.027785
16154,-0.005708
16155,0.040761
16156,0.064064
16157,0.028677
16158,0.001993
16159,-0.032278
16160,-0.018596
16161,-0.001695
16162,0.021886
16163,0.019413
16164,-0.016061
16165,-0.059777
16166,0.006951
16167,-0.006127
16168,-0.030688
16169,-0.027148
16170,-0.008826
16171,0.028627
16172,0.074507
16173,0.059195
16174,-0.012054
16175,-0.037459
16176,-0.053701
16177,-0.114095
16178,-0.063055
16179,0.004890
16180,0.044784
16181,0.069255
16182,0.046845
16183,0.029847
16184,0.054509
16185,0.009073
16186,-0.027331
16187,-0.033698
16188,-0.001933
16189,0.048507
16190,0.016292
16191,-0.007528
16192,-0.019145
16193,-0.047991
16194,-0.070218
16195,-0.052185
16196,0.009449
16197,0.060608
16198,0.043878
16199,0.046307
16200,0.065703
16201,0.042911
16202,0.001434
16203,0.005385
16204,-0.062241
16205,-0.087990
16206,-0.051620
16207,-0.047684
16208,0.003871
16209,0.069316
16210,0.024344
16211,-0.004685
16212,0.000919
16213,-0.037707
16214,0.004057
16215,0.075315
16216,0.038340
16217,0.043745
16218,-0.006956
16219,-0.062669
16220,-0.064195
16221,-0.065651
16222,-0.040922
16223,0.001597
16224,0.004949
16225,0.019526
16226,-0.012534
16227,-0.026792
16228,0.072643
16229,0.089177
16230,0.014683
16231,-0.024937
16232,-0.048323
16233,-0.060092
16234,-0.036776
16235,-0.000617
16236,0.033789
16237,-0.002890
16238,0.018558
16239,0.068428
16240,0.049178
16241,0.022901
16242,-0.008066
16243,-0.004023
16244,-0.041624
16245,-0.056165
16246,0.010168
16247,-0.020115
16248,-0.021310
16249,-0.035278
16250,-0.064000
16251,-0.016371
16252,0.032115
16253,0.040700
16254,0.037589
16255,0.029054
16256,-0.001308
16257,-0.006986
16258,-0.006745
16259,-0.017135
16260,0.015040
16261,0.026148
16262,0.006138
16263,0.003589
16264,0.033824
16265,0.046417
16266,0.095820
16267,0.019462
16268,-0.025597
16269,-0.056821
16270,-0.030470
16271,0.004091
16272,-0.029167
16273,-0.038446
16274,-0.011249
16275,-0.026139
16276,-0.042589
16277,-0.042543
16278,0.018262
16279,0.011643
16280,0.012476
16281,0.038366
16282,0.019604
16283,-0.040038
16284,-0.021871
16285,0.003244
16286,-0.002397
16287,-0.026858
16288,-0.028841
16289,0.030528
16290,0.036457
16291,0.038324
16292,0.088080
16293,0.021669
16294,-0.071226
16295,-0.072513
16296,-0.044449
16297,-0.003868
16298,0.039518
16299,0.064324
16300,0.071746
16301,0.029524
16302,-0.021057
16303,-0.045094
16304,-0.094470
16305,-0.107321
16306,-0.047278
16307,0.025625
16308,0.068312
16309,0.099119
16310,0.095162
16311,0.074952
16312,-0.026384
16313,-0.069830
16314,-0.098379
16315,-0.043465
16316,-0.026014
16317,-0.028562
16318,-0.013519
16319,-0.001958
16320,-0.019364
16321,-0.008540
16322,0.046523
16323,0.063685
16324,0.063722
16325,0.053621
16326,-0.011757
16327,0.016261
16328,-0.004709
16329,-0.014429
16330,-0.008014
16331,-0.031033
16332,-0.055596
16333,-0.013098
16334,0.067677
16335,0.021913
16336,-0.047768
16337,-0.005320
16338,-0.015300
16339,-0.000536
16340,-0.035072
16341,-0.032477
16342,-0.036689
16343,0.006907
16344,0.051379
16345,0.083007
16346,0.133397
16347,0.059684
16348,-0.073217
16349,-0.146779
16350,-0.122994
16351,-0.087041
16352,-0.031020
16353,0.049245
16354,0.078244
16355,0.114998
16356,0.061677
16357,-0.004443
16358,-0.001654
16359,-0.051708
16360,-0.027557
16361,-0.022934
16362,-0.034951
16363,-0.020658
16364,-0.019913
16365,0.010867
16366,0.046764
16367,0.024560
16368,0.031972
16369,0.016630
16370,-0.007805
16371,-0.037815
16372,-0.092532
16373,-0.089443
16374,-0.017402
16375,0.047433
16376,0.074670
16377,0.068748
16378,383.943176
16379,1050.797119
16380,120.544121
16381,711.500000
16382,1587.239990
16383,-6.792029
16384,-11.957006
16385,-14.094916
16386,-1.312440
16387,14.902875
16388,11.214166
16389,31.552986
16390,17.425711
16391,-6.415211
16392,-18.983730
16393,-12.184692
16394,8.585401
16395,15.151895
16396,11.629633
16397,-10.448320
16398,-33.637775
16399,-42.407509
16400,-37.805241
16401,-8.159239
16402,21.195820
16403,43.952354
16404,54.776489
16405,36.121655
16406,-7.957726
16407,-42.867077
16408,-59.671593
16409,-51.818817
16410,-2.664080
16411,38.209057
16412,56.407570
16413,64.646072
16414,31.656662
16415,-12.743329
16416,-57.387260
16417,-51.400482
16418,-14.723228
16419,18.175766
16420,38.700996
16421,32.527416
16422,-9.435723
16423,-28.681261
16424,-25.035799
16425,-17.636435
16426,16.889137
16427,46.650959
16428,18.037851
16429,-15.951265
16430,-17.321833
16431,-13.831029
16432,-1.240201
16433,0.032118
16434,-0.012457
16435,-0.000692
16436,-0.002465
16437,0.004088
16438,0.083969
16439,0.009357
16440,-0.041415
16441,-0.062111
16442,-0.069778
16443,-0.030472
16444,-0.001523
16445,0.025376
16446,0.064320
16447,0.057420
16448,0.000641
16449,-0.006661
16450,0.010017
16451,0.009729
16452,-0.061072
16453,-0.077774
16454,-0.070526
16455,-0.023158
16456,0.093332
16457,0.022080
16458,-0.015221
16459,0.007873
16460,-0.014740
16461,-0.021655
16462,-0.000162
16463,0.073279
16464,0.070073
16465,0.024456
16466,0.015093
16467,0.027096
16468,-0.042930
16469,-0.087585
16470,-0.018425
16471,-0.046018
16472,-0.005170
16473,-0.002393
16474,0.006769
16475,0.028726
16476,0.037515
16477,0.017600
16478,0.024667
16479,-0.039059
16480,-0.053102
16481,0.009437
16482,0.023229
16483,0.051656
16484,0.023940
16485,-0.004334
16486,-0.014740
16487,-0.048620
16488,-0.076744
16489,0.006294
16490,0.031920
16491,0.044382
16492,0.028604
16493,-0.008306
16494,-0.025707
16495,-0.024441
16496,-0.003735
16497,0.008066
16498,0.057785
16499,0.035070
16500,-0.001058
16501,-0.001460
16502,-0.038999
16503,-0.040721
16504,-0.021212
16505,-0.040377
16506,0.006692
16507,0.034353
16508,0.050447
16509,0.014938
16510,-0.022168
16511,-0.034598
16512,-0.045313
16513,-0.057150
16514,-0.005284
16515,0.046645
16516,0.043190
16517,0.025412
16518,0.035801
16519,0.008239
16520,-0.033068
16521,-0.003907
16522,-0.006065
16523,-0.012109
16524,0.008189
16525,-0.002979
16526,-0.012269
16527,-0.008688
16528,-0.027925
16529,-0.021062
16530,-0.010704
16531,0.016403
16532,0.007328
16533,0.026500
16534,0.018619
16535,0.019035
16536,0.015434
16537,0.040113
16538,-0.030284
16539,-0.038451
16540,-0.039047
16541,0.000793
16542,0.025682
16543,0.042925
16544,0.029131
16545,-0.067023
16546,-0.080552
16547,-0.067852
16548,-0.024937
16549,0.033713
16550,0.095254
16551,0.026776
16552,0.005900
16553,0.037997
16554,0.008045
16555,-0.028039
16556,-0.005917
16557,-0.008912
16558,-0.032875
16559,0.020177
16560,0.066148
16561,0.024760
16562,-0.006994
16563,-0.046241
16564,-0.050529
16565,-0.058230
16566,-0.021360
16567,0.048053
16568,0.086988
16569,0.038310
16570,0.015881
16571,-0.008587
16572,0.001277
16573,-0.026328
16574,0.003604
16575,-0.006516
16576,-0.091324
16577,-0.064874
16578,0.026610
16579,0.064757
16580,0.028494
16581,-0.019820
16582,-0.038364
16583,0.023516
16584,0.035865
16585,0.021120
16586,0.016863
16587,-0.026601
16588,-0.041120
16589,-0.057112
16590,-0.070818
16591,0.032283
16592,0.099114
16593,0.053595
16594,0.086863
16595,0.010973
16596,-0.031311
16597,0.017731
16598,-0.023061
16599,-0.007635
16600,-0.040165
16601,-0.025482
16602,-0.093774
16603,-0.071883
16604,-0.031725
16605,0.029258
16606,0.068607
16607,-0.037626
16608,-0.065561
16609,-0.001129
16610,-0.001223
16611,0.056952
16612,0.079839
16613,0.041778
16614,0.025676
16615,0.031978
16616,0.031085
16617,0.003316
16618,-0.053966
16619,-0.058165
16620,-0.009213
16621,-0.017789
16622,-0.039439
16623,-0.049572
16624,-0.032643
16625,-0.024639
16626,-0.031795
16627,-0.018237
16628,0.031007
16629,0.068226
16630,0.108191
16631,0.112281
16632,0.026299
16633,-0.038526
16634,-0.072107
16635,-0.080587
16636,-0.064144
16637,-0.052884
16638,0.010083
16639,0.061156
16640,0.108393
16641,0.089614
16642,0.038171
16643,0.014997
16644,0.003884
16645,-0.046665
16646,-0.048446
16647,-0.036149
16648,-0.052745
16649,-0.043325
16650,-0.030892
16651,-0.025037
16652,-0.031281
16653,-0.046499
16654,0.023924
16655,0.112957
16656,0.074711
16657,0.054543
16658,0.006321
16659,-0.040325
16660,-0.051110
16661,-0.007848
16662,0.002880
16663,0.042814
16664,0.069489
16665,-0.014700
16666,-0.051161
16667,-0.055333
16668,-0.090750
16669,-0.066553
16670,0.017687
16671,0.008740
16672,0.009092
16673,0.044509
16674,0.040678
16675,0.070431
16676,0.049469
16677,0.046392
16678,0.032533
16679,-0.025433
16680,-0.012399
16681,-0.003171
16682,-0.018726
16683,-0.022937
16684,-0.018667
16685,-0.006063
16686,-0.049883
16687,-0.104900
16688,-0.070557
16689,-0.015273
16690,0.053232
16691,0.085811
16692,0.072084
16693,0.062856
16694,0.027497
16695,-0.033141
16696,-0.114126
16697,-0.101414
16698,-0.044797
16699,0.037883
16700,0.076515
16701,0.131218
16702,0.080605
16703,0.052863
16704,0.054056
16705,-0.021150
16706,-0.105098
16707,-0.111959
16708,-0.119420
16709,-0.085158
16710,0.003431
16711,0.056397
16712,0.089978
16713,0.053010
16714,0.024772
16715,-0.002508
16716,-0.008104
16717,0.006051
16718,-0.017832
16719,-0.002172
16720,-0.026411
16721,-0.075300
16722,-0.055724
16723,-0.000983
16724,0.040770
16725,0.027982
16726,0.093400
16727,0.071964
16728,0.053921
16729,0.013479
16730,-0.064462
16731,-0.035261
16732,-0.066962
16733,-0.099838
16734,-0.095732
16735,-0.026407
16736,0.058793
16737,0.078107
16738,0.088429
16739,0.064023
16740,0.037823
16741,-0.003352
16742,-0.041618
16743,-0.027069
16744,-0.001116
16745,-0.013332
16746,0.002919
16747,0.017633
16748,-0.029503
16749,-0.004594
16750,0.006363
16751,0.006240
16752,0.015859
16753,-0.020277
16754,-0.027917
16755,0.015488
16756,0.019799
16757,-0.005960
16758,0.011672
16759,-0.033990
16760,-0.056436
16761,0.026270
16762,0.008548
16763,-0.000355
16764,-0.017110
16765,-0.027444
16766,-0.016545
16767,-0.021726
16768,0.039939
16769,0.040825
16770,0.045836
16771,0.060081
16772,0.042042
16773,0.024948
16774,-0.002336
16775,-0.056269
16776,-0.027454
16777,-0.012186
16778,-0.064693
16779,-0.062539
16780,-0.033869
16781,-0.017720
16782,-0.021872
16783,-0.029201
16784,-0.005126
16785,0.017530
16786,0.058530
16787,0.094974
16788,0.078160
16789,0.061767
16790,0.002818
16791,-0.014216
16792,-0.008173
16793,-0.064409
16794,-0.109782
16795,-0.055170
16796,-0.010254
16797,-0.011159
16798,0.016390
16799,0.067698
16800,0.079155
16801,0.085176
16802,0.064205
16803,-0.003182
16804,-0.076800
16805,-0.118404
16806,-0.084949
16807,0.002586
16808,0.027656
16809,-0.004007
16810,0.015355
16811,-0.013813
16812,-0.015168
16813,-0.019375
16814,-0.007062
16815,0.053419
16816,0.045787
16817,0.058366
16818,0.015619
16819,-0.020658
16820,-0.016798
16821,-0.042569
16822,-0.008682
16823,0.015655
16824,-0.031883
16825,-0.007760
16826,0.037754
16827,0.007502
16828,0.000546
16829,-0.020469
16830,0.016399
16831,0.021821
16832,0.057180
16833,0.041805
16834,0.002466
16835,0.028889
16836,-0.009527
16837,-0.048641
16838,-0.051823
16839,-0.088003
16840,-0.074601
16841,-0.020792
16842,0.016721
16843,0.069261
16844,0.091698
16845,0.068687
16846,0.055905
16847,-0.009041
16848,-0.081727
16849,-0.090407
16850,-0.073544
16851,-0.025349
16852,0.014120
16853,0.025610
16854,0.053159
16855,0.041478
16856,-0.004781
16857,0.002257
16858,0.004776
16859,-0.009221
16860,0.019079
16861,-0.025456
16862,-0.003951
16863,0.043614
16864,0.026616
16865,-0.023757
16866,-0.026406
16867,-0.064308
16868,-0.077906
16869,0.003935
16870,0.062368
16871,0.064084
16872,0.059048
16873,0.017248
16874,-0.011920
16875,-0.040503
16876,-0.039731
16877,-0.046744
16878,-0.045132
16879,-0.041130
16880,0.023361
16881,0.043809
16882,0.044293
16883,0.024668
16884,0.038198
16885,-0.009098
16886,-0.049129
16887,-0.037227
16888,-0.011074
16889,0.023297
16890,0.064970
16891,0.055789
16892,0.078443
16893,0.054018
16894,0.010749
16895,-0.023245
16896,-0.060288
16897,-0.083087
16898,-0.123995
16899,-0.134640
16900,-0.050128
16901,-0.008487
16902,0.040553
16903,0.068255
16904,0.078057
16905,0.082914
16906,0.033558
16907,0.000279
16908,-0.032273
16909,-0.012246
16910,0.020346
16911,0.004736
16912,0.003278
16913,-0.009459
16914,-0.047451
16915,-0.022274
16916,-0.034061
16917,-0.019432
16918,0.035828
16919,0.100788
16920,0.065960
16921,0.024909
16922,0.001192
16923,-0.028920
16924,-0.036451
16925,-0.044153
16926,-0.046561
16927,-0.027426
16928,-0.013411
16929,0.025104
16930,-0.000189
16931,-0.003907
16932,-0.026434
16933,-0.020460
16934,0.029246
16935,0.037952
16936,0.048223
16937,0.052117
16938,0.057820
16939,0.025101
16940,-0.014217
16941,-0.058523
16942,-0.072780
16943,-0.057619
16944,-0.021615
16945,0.036481
16946,0.076844
16947,0.037607
16948,-0.013128
16949,-0.009289
16950,-0.034077
16951,-0.066394
16952,-0.057660
16953,-0.034182
16954,-0.000603
16955,0.004937
16956,0.020868
16957,0.023906
16958,0.005058
16959,-0.016588
16960,-0.014177
16961,0.011975
16962,0.059454
16963,0.084232
16964,0.008474
16965,-0.040733
16966,-0.039209
16967,-0.019895
16968,0.058538
16969,0.023661
16970,0.002158
16971,-0.035787
16972,-0.056778
16973,-0.011003
16974,0.014876
16975,-0.027209
16976,-0.023274
16977,-0.001850
16978,-0.030819
16979,-0.006463
16980,0.053531
16981,0.070480
16982,0.028333
16983,-0.008799
16984,-0.021600
16985,-0.091115
16986,-0.089982
16987,-0.018841
16988,0.029219
16989,0.041634
16990,0.055981
16991,0.029752
16992,-0.020290
16993,-0.014742
16994,-0.017894
16995,0.018518
16996,0.056519
16997,0.059964
16998,0.041575
16999,0.033453
17000,-0.006796
17001,-0.059829
17002,-0.032752
17003,-0.037882
17004,-0.056597
17005,-0.052035
17006,-0.052424
17007,-0.016759
17008,-0.001741
17009,0.061119
17010,0.089753
17011,0.041304
17012,-0.030471
17013,-0.048257
17014,-0.072170
17015,-0.047990
17016,0.016790
17017,0.026111
17018,0.008752
17019,0.013711
17020,0.054335
17021,0.026055
17022,0.046537
17023,0.005980
17024,0.025679
17025,0.020896
17026,-0.029939
17027,-0.003270
17028,-0.008127
17029,-0.025266
17030,-0.014925
17031,-0.002480
17032,0.021289
17033,0.011934
17034,-0.007097
17035,-0.053643
17036,-0.093292
17037,-0.113795
17038,-0.040770
17039,0.035024
17040,0.036975
17041,0.083148
17042,0.115369
17043,0.088243
17044,0.076372
17045,0.026145
17046,-0.031970
17047,-0.036410
17048,-0.084144
17049,-0.123504
17050,-0.119468
17051,-0.094171
17052,-0.020222
17053,0.092248
17054,0.189707
17055,0.131050
17056,0.054662
17057,0.024685
17058,-0.033825
17059,-0.067231
17060,-0.025680
17061,-0.005261
17062,-0.060326
17063,-0.049906
17064,-0.019139
17065,0.021006
17066,0.042391
17067,0.030307
17068,0.010768
17069,-0.036920
17070,-0.084943
17071,-0.053333
17072,0.034381
17073,0.051936
17074,0.029526
17075,0.012944
17076,0.000901
17077,0.001527
17078,0.031979
17079,0.024615
17080,-0.004107
17081,-0.029851
17082,-0.037215
17083,-0.034776
17084,-0.015689
17085,0.003937
17086,0.031790
17087,0.023100
17088,-0.003846
17089,0.011164
17090,0.039160
17091,0.027648
17092,0.001770
17093,-0.007442
17094,0.007346
17095,-0.050076
17096,-0.089234
17097,-0.072428
17098,-0.018042
17099,0.052225
17100,0.055834
17101,-0.012631
17102,0.014466
17103,0.004002
17104,-0.019513
17105,-0.024493
17106,-0.014484
17107,0.044957
17108,0.083310
17109,0.073839
17110,0.040631
17111,0.008921
17112,-0.013604
17113,-0.033160
17114,-0.014836
17115,-0.004574
17116,-0.037717
17117,-0.071369
17118,-0.090579
17119,-0.077527
17120,-0.066635
17121,0.013066
17122,0.048666
17123,0.037445
17124,0.068366
17125,0.063823
17126,-0.000278
17127,0.033838
17128,0.015139
17129,-0.053866
17130,-0.059774
17131,0.000164
17132,0.042180
17133,0.032072
17134,0.042361
17135,-0.004145
17136,-0.024783
17137,-0.041827
17138,-0.011035
17139,-0.005109
17140,-0.032187
17141,-0.024226
17142,-0.028951
17143,-0.038999
17144,0.012521
17145,0.064350
17146,0.045172
17147,0.042378
17148,-0.002902
17149,-0.059868
17150,-0.073905
17151,-0.047496
17152,-0.043462
17153,0.023437
17154,0.029592
17155,0.062221
17156,0.084815
17157,0.039142
17158,-0.024537
17159,0.017142
17160,0.014805
17161,0.011472
17162,0.028524
17163,0.006050
17164,-0.037231
17165,-0.056438
17166,-0.059235
17167,-0.053370
17168,-0.012952
17169,0.033519
17170,0.030879
17171,0.069737
17172,0.037902
17173,-0.037143
17174,-0.015600
17175,-0.004400
17176,-0.043648
17177,-0.033266
17178,-0.033119
17179,-0.006426
17180,0.032676
17181,0.033013
17182,0.041585
17183,0.010628
17184,0.027130
17185,0.084862
17186,0.019280
17187,-0.095558
17188,-0.115493
17189,-0.084142
17190,-0.039701
17191,-0.009308
17192,0.024548
17193,0.022274
17194,0.079145
17195,0.041261
17196,0.050216
17197,0.016943
17198,-0.024479
17199,-0.010479
17200,0.031162
17201,0.025093
17202,0.017142
17203,-0.021295
17204,-0.042688
17205,-0.038978
17206,0.003831
17207,-0.001758
17208,-0.004546
17209,0.004699
17210,-0.003272
17211,0.031701
17212,0.034540
17213,0.001466
17214,0.005987
17215,0.003902
17216,-0.048066
17217,-0.084162
17218,-0.055093
17219,-0.082536
17220,-0.024391
17221,0.016151
17222,0.040920
17223,0.014345
17224,-0.028188
17225,-0.024757
17226,0.018945
17227,0.062570
17228,0.107561
17229,0.095919
17230,0.041081
17231,-0.027004
17232,-0.066791
17233,-0.066161
17234,-0.022776
17235,-0.063378
17236,-0.066246
17237,-0.024784
17238,0.025833
17239,0.051598
17240,0.090229
17241,0.057246
17242,0.025506
17243,0.021955
17244,-0.030424
17245,-0.020084
17246,-0.010904
17247,-0.021082
17248,-0.031061
17249,-0.055596
17250,-0.008482
17251,-0.000776
17252,-0.008117
17253,0.033543
17254,0.054240
17255,0.014678
17256,-0.021021
17257,-0.018155
17258,-0.009876
17259,-0.012711
17260,0.001653
17261,-0.018550
17262,-0.032679
17263,0.017333
17264,0.022255
17265,0.043047
17266,0.022208
17267,-0.016277
17268,-0.045045
17269,-0.017071
17270,-0.017665
17271,0.005986
17272,0.019521
17273,0.011325
17274,0.042848
17275,0.021591
17276,-0.004827
17277,-0.068742
17278,-0.077648
17279,-0.049793
17280,0.019844
17281,0.081844
17282,0.046600
17283,0.040364
17284,0.022991
17285,-0.035448
17286,0.003690
17287,0.020496
17288,-0.012563
17289,0.016670
17290,0.005989
17291,-0.022119
17292,-0.062781
17293,-0.066095
17294,-0.048175
17295,-0.018260
17296,0.022053
17297,0.069335
17298,0.035648
17299,0.019796
17300,0.028458
17301,-0.004953
17302,-0.073407
17303,-0.066273
17304,-0.040362
17305,0.024062
17306,0.060085
17307,0.051868
17308,0.025229
17309,0.023728
17310,0.032863
17311,0.027668
17312,-0.000196
17313,-0.040462
17314,-0.060757
17315,-0.045816
17316,-0.041541
17317,-0.042130
17318,0.025555
17319,0.021825
17320,-0.007810
17321,0.009726
17322,-0.023152
17323,-0.009969
17324,-0.017238
17325,-0.017956
17326,0.043883
17327,0.047156
17328,0.067471
17329,0.072284
17330,-0.001286
17331,-0.023247
17332,-0.020047
17333,-0.051439
17334,-0.014343
17335,-0.027539
17336,-0.051082
17337,-0.016707
17338,-0.008685
17339,-0.012911
17340,0.026508
17341,-0.008250
17342,0.007940
17343,0.076815
17344,0.056691
17345,0.002410
17346,-0.014914
17347,-0.021586
17348,-0.058764
17349,-0.107495
17350,-0.032417
17351,0.054625
17352,0.054214
17353,0.036700
17354,0.010497
17355,0.070165
17356,0.073747
17357,-0.007866
17358,0.003576
17359,0.002923
17360,-0.054314
17361,-0.044647
17362,-0.009972
17363,0.009847
17364,0.007986
17365,-0.037394
17366,-0.036704
17367,-0.053080
17368,-0.058334
17369,-0.002431
17370,0.045159
17371,0.066194
17372,0.114145
17373,0.079097
17374,0.033700
17375,-0.025184
17376,-0.093349
17377,-0.107784
17378,-0.062242
17379,-0.043260
17380,-0.035592
17381,-0.030876
17382,0.061637
17383,0.117421
17384,0.105023
17385,0.055900
17386,-0.005422
17387,-0.044392
17388,-0.078561
17389,-0.110062
17390,-0.072252
17391,-0.005740
17392,0.057571
17393,0.062021
17394,0.040802
17395,0.037698
17396,-0.009269
17397,-0.008104
17398,-0.005481
17399,-0.011826
17400,-0.001803
17401,-0.019878
17402,-0.021326
17403,-0.004890
17404,-0.034766
17405,-0.031690
17406,-0.016303
17407,-0.030056
17408,0.001232
17409,0.051107
17410,0.059367
17411,0.079630
17412,0.061107
17413,0.008553
17414,-0.032717
17415,-0.050513
17416,-0.046364
17417,-0.025497
17418,0.007086
17419,-0.038777
17420,-0.064143
17421,0.006304
17422,0.011784
17423,-0.016757
17424,-0.040035
17425,-0.037917
17426,-0.028220
17427,0.005722
17428,-0.007182
17429,0.065089
17430,0.073743
17431,0.050833
17432,0.038401
17433,-0.032405
17434,-0.056189
17435,-0.027208
17436,0.037919
17437,0.035797
17438,0.012875
17439,0.007931
17440,-0.069850
17441,-0.084209
17442,-0.058454
17443,0.030042
17444,0.091379
17445,0.061406
17446,0.058882
17447,0.055397
17448,0.045864
17449,0.022441
17450,-0.041805
17451,-0.093311
17452,-0.132330
17453,-0.082847
17454,-0.024676
17455,0.035563
17456,0.050240
17457,0.059196
17458,0.060538
17459,-0.014167
17460,-0.059297
17461,-0.064089
17462,-0.029636
17463,0.027054
17464,0.040762
17465,0.041611
17466,0.062317
17467,-0.004948
17468,-0.001252
17469,-0.008448
17470,-0.061903
17471,-0.009838
17472,-0.016779
17473,-0.006265
17474,0.021665
17475,0.025049
17476,-0.020515
17477,-0.039222
17478,-0.036640
17479,-0.015335
17480,0.006148
17481,-0.013896
17482,-0.001096
17483,0.029549
17484,0.006073
17485,0.023349
17486,0.011929
17487,0.005517
17488,0.007262
17489,-0.009188
17490,-0.043995
17491,0.012586
17492,0.038778
17493,0.055690
17494,0.075961
17495,0.000828
17496,-0.064929
17497,-0.040271
17498,-0.043846
17499,0.001862
17500,0.030287
17501,0.004655
17502,0.007190
17503,-0.013227
17504,-0.004764
17505,0.002643
17506,-0.045644
17507,-0.037242
17508,0.006965
17509,0.005367
17510,0.028053
17511,0.062393
17512,0.027334
17513,-0.031597
17514,0.005572
17515,0.034717
17516,-0.015930
17517,-0.065132
17518,-0.078108
17519,-0.065184
17520,-0.015719
17521,0.037465
17522,0.069756
17523,0.063651
17524,0.027170
17525,0.002421
17526,-0.044147
17527,-0.029956
17528,-0.031058
17529,-0.010690
17530,0.053199
17531,0.074723
17532,410.992737
17533,961.764771
17534,85.004311
17535,836.635620
17536,1697.505005
17537,57.408688
17538,46.852638
17539,2.117255
17540,-46.548618
17541,-73.730293
17542,-54.362518
17543,-11.070962
17544,38.329655
17545,56.209278
17546,57.298416
17547,18.562048
17548,-21.055607
17549,-42.887066
17550,-63.085972
17551,-48.503941
17552,9.079130
17553,45.300903
17554,54.536514
17555,45.067669
17556,13.038390
17557,-13.565850
17558,-22.225828
17559,-14.322433
17560,-18.656820
17561,-35.420330
17562,-31.484871
17563,-18.880703
17564,0.176804
17565,32.665260
17566,43.251419
17567,33.641502
17568,22.959103
17569,13.558690
17570,-7.884424
17571,-11.981200
17572,-30.724428
17573,-20.638632
17574,5.774693
17575,16.689878
17576,2.244620
17577,-6.653492
17578,-19.409782
17579,-11.497361
17580,-7.098095
17581,-0.455898
17582,-4.974527
17583,-3.904334
17584,-6.519559
17585,-1.410269
17586,0.310592
17587,-0.057027
17588,-0.089253
17589,-0.068622
17590,-0.001379
17591,0.045967
17592,0.063744
17593,0.026824
17594,0.024295
17595,0.037848
17596,0.005522
17597,-0.010351
17598,-0.044214
17599,-0.052017
17600,-0.018370
17601,-0.020837
17602,0.032273
17603,0.038952
17604,0.028810
17605,0.042298
17606,-0.006946
17607,-0.009592
17608,-0.037807
17609,-0.035250
17610,-0.021977
17611,-0.062925
17612,-0.016471
17613,-0.008489
17614,0.049209
17615,0.048697
17616,-0.005910
17617,-0.009807
17618,0.013816
17619,0.026666
17620,0.053532
17621,0.008626
17622,-0.016902
17623,-0.054969
17624,-0.075013
17625,-0.032061
17626,0.036070
17627,0.041084
17628,0.052549
17629,0.020120
17630,-0.016583
17631,-0.041241
17632,-0.054059
17633,-0.028874
17634,0.045489
17635,0.065566
17636,0.055026
17637,0.063641
17638,0.042046
17639,-0.038620
17640,-0.106637
17641,-0.084826
17642,-0.041024
17643,-0.043009
17644,-0.057378
17645,0.002839
17646,0.022580
17647,0.036736
17648,0.099717
17649,0.095829
17650,0.052380
17651,0.074348
17652,0.019255
17653,-0.030493
17654,-0.062397
17655,-0.077237
17656,-0.091635
17657,-0.063094
17658,-0.014626
17659,0.012561
17660,0.019000
17661,-0.005569
17662,-0.019298
17663,-0.015578
17664,0.013757
17665,0.018492
17666,0.035052
17667,0.115068
17668,0.087105
17669,0.015762
17670,0.022204
17671,-0.030101
17672,-0.037192
17673,-0.004997
17674,-0.016752
17675,-0.037812
17676,-0.041972
17677,-0.024648
17678,0.012395
17679,-0.020248
17680,-0.054922
17681,-0.030701
17682,0.024797
17683,0.052427
17684,0.072683
17685,0.039197
17686,-0.070862
17687,-0.079759
17688,-0.006734
17689,-0.018568
17690,-0.009514
17691,0.027991
17692,0.040829
17693,0.013089
17694,0.008999
17695,0.036130
17696,0.035396
17697,0.021986
17698,0.041098
17699,0.052077
17700,-0.041174
17701,-0.037150
17702,-0.081243
17703,-0.118567
17704,-0.073597
17705,-0.046443
17706,-0.007971
17707,0.049213
17708,0.081180
17709,0.035380
17710,0.042777
17711,0.028703
17712,0.001465
17713,-0.017715
17714,-0.016383
17715,0.012623
17716,0.005007
17717,0.006825
17718,-0.038925
17719,-0.018953
17720,0.043296
17721,0.018632
17722,0.009740
17723,0.052210
17724,0.038811
17725,0.009638
17726,-0.006793
17727,-0.055636
17728,-0.072345
17729,-0.079037
17730,-0.019866
17731,0.022898
17732,0.049106
17733,0.015676
17734,-0.032883
17735,-0.059427
17736,-0.023329
17737,0.069771
17738,0.066239
17739,0.044916
17740,-0.001051
17741,-0.038339
17742,-0.018054
17743,0.029764
17744,-0.019659
17745,-0.060981
17746,-0.083845
17747,-0.036606
17748,0.029145
17749,0.065423
17750,0.117034
17751,0.061155
17752,0.001601
17753,-0.030810
17754,-0.074272
17755,-0.046594
17756,0.022184
17757,0.012266
17758,-0.011423
17759,-0.043121
17760,0.017091
17761,0.022218
17762,-0.049281
17763,-0.065873
17764,-0.064340
17765,-0.001450
17766,0.092080
17767,0.031832
17768,0.009795
17769,0.011550
17770,-0.029002
17771,0.003719
17772,0.054173
17773,0.014721
17774,0.015863
17775,0.020382
17776,0.011491
17777,-0.040299
17778,-0.042186
17779,0.015036
17780,0.009236
17781,0.021098
17782,0.022381
17783,0.015895
17784,0.034772
17785,-0.045574
17786,-0.067220
17787,-0.070919
17788,-0.106861
17789,-0.064900
17790,-0.012602
17791,0.031129
17792,0.129277
17793,0.170255
17794,0.111055
17795,0.062728
17796,-0.009762
17797,-0.068390
17798,-0.080452
17799,-0.067687
17800,-0.038525
17801,-0.002936
17802,-0.011669
17803,-0.025528
17804,-0.023544
17805,-0.011557
17806,0.043742
17807,0.035331
17808,0.012480
17809,0.030126
17810,-0.011932
17811,-0.043106
17812,-0.052671
17813,-0.007994
17814,0.023747
17815,0.018762
17816,0.046361
17817,0.058846
17818,-0.011439
17819,-0.026502
17820,-0.042170
17821,-0.052157
17822,-0.003109
17823,0.008060
17824,-0.012756
17825,0.015899
17826,-0.000959
17827,-0.044132
17828,0.051170
17829,0.075931
17830,0.038370
17831,0.024413
17832,-0.020225
17833,-0.032338
17834,-0.001708
17835,-0.003008
17836,0.011204
17837,-0.036906
17838,-0.110318
17839,-0.087554
17840,-0.040625
17841,-0.010881
17842,0.014389
17843,0.080689
17844,0.096515
17845,0.066696
17846,0.059316
17847,0.067825
17848,0.022334
17849,-0.021769
17850,-0.104285
17851,-0.080732
17852,-0.057407
17853,-0.105659
17854,-0.045282
17855,0.032228
17856,0.016647
17857,0.047961
17858,0.111514
17859,0.079263
17860,0.082105
17861,0.037270
17862,-0.016366
17863,-0.102434
17864,-0.112739
17865,-0.068933
17866,-0.086534
17867,-0.035508
17868,0.054426
17869,0.054158
17870,0.092157
17871,0.064221
17872,0.048616
17873,-0.035800
17874,-0.080155
17875,-0.067066
17876,-0.041496
17877,-0.019146
17878,0.038070
17879,0.072861
17880,0.016680
17881,0.013951
17882,-0.026356
17883,-0.042180
17884,0.021564
17885,0.052399
17886,0.025790
17887,0.008563
17888,-0.001642
17889,-0.017026
17890,-0.013161
17891,-0.007280
17892,0.016312
17893,-0.033707
17894,-0.025897
17895,0.026720
17896,0.017552
17897,-0.006821
17898,0.009459
17899,0.019096
17900,-0.014750
17901,-0.024342
17902,-0.027639
17903,-0.053274
17904,-0.053199
17905,0.062568
17906,0.128687
17907,0.092414
17908,0.012961
17909,-0.036361
17910,-0.061113
17911,-0.040718
17912,-0.073039
17913,-0.017794
17914,0.015739
17915,0.008127
17916,0.013585
17917,-0.014013
17918,0.005360
17919,0.039135
17920,0.014584
17921,0.063169
17922,0.045067
17923,0.007918
17924,-0.026355
17925,-0.073512
17926,-0.094290
17927,-0.047067
17928,-0.022721
17929,-0.031787
17930,0.038301
17931,0.079464
17932,0.055441
17933,0.040344
17934,0.036543
17935,-0.011357
17936,-0.054359
17937,-0.029887
17938,-0.019375
17939,0.051953
17940,0.104992
17941,0.015847
17942,-0.027069
17943,-0.074971
17944,-0.078115
17945,-0.023347
17946,0.032711
17947,0.105284
17948,0.082973
17949,-0.016151
17950,-0.041174
17951,-0.050617
17952,-0.019428
17953,0.015233
17954,0.026395
17955,0.006204
17956,0.007048
17957,-0.004888
17958,-0.064306
17959,-0.047659
17960,-0.006434
17961,0.017806
17962,0.034242
17963,0.035550
17964,0.006735
17965,-0.034421
17966,-0.040925
17967,0.002811
17968,0.027101
17969,0.034071
17970,-0.025647
17971,-0.023183
17972,-0.004241
17973,0.026329
17974,0.010880
17975,0.028104
17976,0.043197
17977,0.039282
17978,0.020251
17979,-0.043955
17980,-0.104020
17981,-0.105439
17982,-0.060574
17983,0.013575
17984,0.029599
17985,0.031816
17986,0.060699
17987,0.076469
17988,0.077728
17989,-0.012201
17990,-0.025161
17991,-0.047319
17992,-0.063806
17993,-0.020688
17994,0.003155
17995,0.057570
17996,0.086697
17997,0.058535
17998,-0.031409
17999,-0.085294
18000,-0.123531
18001,-0.080763
18002,0.009186
18003,0.046195
18004,0.048192
18005,0.029567
18006,0.037791
18007,0.003274
18008,-0.009951
18009,0.023487
18010,-0.004361
18011,-0.012815
18012,-0.020125
18013,-0.044343
18014,-0.021626
18015,-0.007558
18016,0.016295
18017,0.012338
18018,0.024709
18019,0.021753
18020,0.015576
18021,0.043280
18022,0.059048
18023,0.038013
18024,-0.016042
18025,-0.069284
18026,-0.083317
18027,-0.047097
18028,0.012689
18029,0.011299
18030,0.051777
18031,-0.004923
18032,-0.056668
18033,-0.054332
18034,-0.013854
18035,0.047532
18036,-0.006920
18037,-0.066960
18038,0.011025
18039,0.032783
18040,0.019617
18041,0.063750
18042,0.087019
18043,0.033897
18044,-0.031805
18045,-0.075602
18046,-0.047018
18047,0.015453
18048,0.028363
18049,0.013312
18050,-0.025646
18051,-0.019348
18052,-0.006222
18053,-0.008465
18054,0.000538
18055,-0.008771
18056,0.048609
18057,0.099994
18058,0.047874
18059,0.009795
18060,-0.002258
18061,-0.062058
18062,-0.095020
18063,-0.076117
18064,0.024909
18065,0.055182
18066,0.052644
18067,0.041610
18068,0.015296
18069,-0.029775
18070,-0.085622
18071,-0.088910
18072,-0.067996
18073,0.001310
18074,0.075250
18075,0.033110
18076,0.052131
18077,0.042027
18078,0.025458
18079,0.040117
18080,0.000626
18081,-0.040905
18082,-0.018530
18083,-0.043916
18084,-0.076392
18085,-0.035306
18086,0.020172
18087,0.041881
18088,0.047964
18089,0.016817
18090,-0.023499
18091,-0.009908
18092,-0.021698
18093,-0.051707
18094,-0.030711
18095,0.009466
18096,0.005506
18097,0.028106
18098,0.037806
18099,0.046221
18100,0.045240
18101,0.040685
18102,0.016471
18103,0.002456
18104,-0.044082
18105,-0.012749
18106,-0.043776
18107,-0.096309
18108,-0.086229
18109,-0.034304
18110,-0.019810
18111,0.002620
18112,0.030527
18113,0.078561
18114,0.093692
18115,0.067988
18116,0.002638
18117,-0.037805
18118,-0.049571
18119,-0.026762
18120,-0.014145
18121,-0.028302
18122,-0.014065
18123,0.031562
18124,0.013802
18125,0.009769
18126,-0.029579
18127,-0.026327
18128,-0.035290
18129,-0.067867
18130,-0.020553
18131,0.056565
18132,0.090559
18133,0.094668
18134,0.055547
18135,0.029499
18136,0.085038
18137,0.063071
18138,-0.013195
18139,-0.042999
18140,-0.085923
18141,-0.125581
18142,-0.065902
18143,-0.035554
18144,-0.035271
18145,-0.019661
18146,-0.002224
18147,0.043390
18148,0.035608
18149,0.011302
18150,-0.044222
18151,-0.048706
18152,0.007221
18153,0.022693
18154,0.047235
18155,0.035065
18156,0.027143
18157,0.036222
18158,0.009517
18159,0.024998
18160,-0.021348
18161,-0.029111
18162,0.008971
18163,-0.070869
18164,-0.040729
18165,0.020826
18166,0.026084
18167,0.044669
18168,0.036006
18169,0.012365
18170,-0.018830
18171,-0.061379
18172,-0.103060
18173,-0.021189
18174,0.062521
18175,0.048057
18176,0.011002
18177,0.019847
18178,0.005177
18179,0.019331
18180,0.008319
18181,-0.012192
18182,0.014116
18183,-0.004498
18184,-0.030617
18185,-0.032834
18186,-0.022490
18187,-0.027238
18188,-0.004067
18189,0.000653
18190,-0.011717
18191,0.009347
18192,-0.015592
18193,-0.024581
18194,0.016371
18195,0.011547
18196,-0.039896
18197,-0.004898
18198,0.020392
18199,-0.054538
18200,0.004594
18201,0.078577
18202,0.065853
18203,0.110159
18204,0.106655
18205,0.016811
18206,-0.079411
18207,-0.126308
18208,-0.088856
18209,-0.031836
18210,0.004097
18211,0.016413
18212,0.037097
18213,0.062175
18214,0.038440
18215,0.017386
18216,-0.002635
18217,0.012638
18218,0.033281
18219,-0.031747
18220,-0.090923
18221,-0.094006
18222,-0.098096
18223,-0.031201
18224,0.014571
18225,0.028120
18226,0.034703
18227,0.026388
18228,0.022370
18229,0.008961
18230,0.017721
18231,0.030838
18232,-0.010955
18233,-0.021003
18234,0.013200
18235,-0.012254
18236,-0.007731
18237,0.006032
18238,0.027594
18239,0.046018
18240,0.006541
18241,0.027769
18242,0.011720
18243,-0.057527
18244,-0.051355
18245,-0.028906
18246,-0.024626
18247,0.012686
18248,0.046453
18249,0.051510
18250,-0.006248
18251,-0.034746
18252,-0.023330
18253,-0.023582
18254,-0.040649
18255,-0.027862
18256,0.011360
18257,0.051696
18258,0.091168
18259,0.053516
18260,0.062494
18261,0.030053
18262,-0.041039
18263,-0.046083
18264,-0.038702
18265,-0.040492
18266,0.003310
18267,0.001620
18268,-0.037376
18269,-0.066132
18270,-0.005689
18271,0.036006
18272,0.054494
18273,0.028610
18274,0.044564
18275,0.017491
18276,-0.067909
18277,-0.100094
18278,-0.074859
18279,-0.028397
18280,0.033700
18281,0.022403
18282,0.057225
18283,0.105759
18284,0.052011
18285,0.028108
18286,0.034094
18287,-0.023129
18288,-0.053882
18289,-0.061242
18290,-0.019978
18291,0.013025
18292,0.039339
18293,0.042261
18294,0.012207
18295,-0.034156
18296,-0.025091
18297,-0.065089
18298,-0.100250
18299,-0.052995
18300,0.005577
18301,0.006731
18302,0.003515
18303,0.010629
18304,0.056467
18305,0.026448
18306,0.003430
18307,0.017932
18308,0.023585
18309,0.076630
18310,0.042998
18311,-0.022561
18312,-0.031145
18313,-0.049448
18314,0.001053
18315,0.023222
18316,0.045742
18317,0.052181
18318,0.002778
18319,-0.032437
18320,-0.001476
18321,-0.042200
18322,-0.087350
18323,-0.010124
18324,0.014110
18325,-0.006019
18326,0.001766
18327,-0.003308
18328,0.009885
18329,-0.005465
18330,-0.015795
18331,-0.011948
18332,0.040034
18333,0.036458
18334,0.062487
18335,0.022199
18336,-0.016616
18337,-0.049429
18338,-0.027708
18339,0.011346
18340,-0.022927
18341,-0.010831
18342,-0.005857
18343,-0.009272
18344,0.019014
18345,0.038779
18346,-0.025048
18347,-0.012756
18348,-0.008599
18349,-0.026602
18350,0.003017
18351,0.027402
18352,0.037782
18353,0.071348
18354,0.022714
18355,-0.064137
18356,-0.106109
18357,-0.088776
18358,0.004609
18359,0.050757
18360,0.032094
18361,0.048206
18362,0.025327
18363,0.021886
18364,0.012779
18365,0.008487
18366,-0.029170
18367,0.013129
18368,0.025143
18369,-0.039788
18370,-0.047556
18371,-0.049555
18372,-0.015213
18373,0.064416
18374,0.048975
18375,0.015810
18376,0.014749
18377,-0.050151
18378,-0.055843
18379,-0.031687
18380,0.006993
18381,0.017527
18382,0.022917
18383,-0.026355
18384,-0.074419
18385,-0.045590
18386,-0.000443
18387,0.015882
18388,0.037999
18389,0.053202
18390,0.060598
18391,0.032172
18392,-0.006397
18393,-0.034401
18394,-0.020148
18395,-0.013938
18396,-0.010706
18397,0.002844
18398,0.005722
18399,0.047863
18400,0.022041
18401,-0.002648
18402,-0.038256
18403,-0.103567
18404,-0.135268
18405,-0.009658
18406,0.073500
18407,0.079331
18408,0.063330
18409,0.013103
18410,0.011806
18411,0.033869
18412,-0.012645
18413,-0.046153
18414,-0.001757
18415,0.031493
18416,0.032326
18417,0.018274
18418,-0.011872
18419,-0.064968
18420,-0.098222
18421,-0.029393
18422,0.056118
18423,0.057736
18424,0.004524
18425,0.026102
18426,0.000281
18427,-0.020685
18428,-0.031373
18429,-0.024406
18430,-0.032946
18431,-0.040403
18432,0.016364
18433,0.115863
18434,0.101833
18435,0.070017
18436,0.038940
18437,-0.084364
18438,-0.056367
18439,-0.040629
18440,-0.052057
18441,-0.003710
18442,0.014766
18443,-0.014828
18444,-0.044657
18445,0.000684
18446,0.021683
18447,0.024597
18448,0.051933
18449,0.048082
18450,0.030384
18451,0.019724
18452,-0.035721
18453,-0.102056
18454,-0.025551
18455,-0.005282
18456,0.013337
18457,0.027807
18458,0.018180
18459,-0.002017
18460,-0.045046
18461,-0.053380
18462,-0.004102
18463,0.020127
18464,-0.006926
18465,-0.009125
18466,-0.005983
18467,0.002371
18468,0.025061
18469,0.042836
18470,-0.024401
18471,0.020315
18472,0.043282
18473,-0.001135
18474,-0.054432
18475,-0.030585
18476,0.014036
18477,0.029822
18478,0.051856
18479,0.042975
18480,-0.015285
18481,-0.048559
18482,-0.007095
18483,0.010413
18484,0.026208
18485,0.050112
18486,0.008225
18487,-0.050296
18488,-0.070051
18489,-0.099424
18490,-0.084959
18491,-0.047918
18492,0.014235
18493,0.039703
18494,0.078226
18495,0.044582
18496,0.024151
18497,0.003539
18498,0.013745
18499,0.047512
18500,0.021815
18501,-0.024648
18502,-0.022699
18503,-0.025735
18504,-0.008905
18505,0.046666
18506,0.052310
18507,0.025708
18508,-0.002691
18509,-0.020950
18510,-0.022564
18511,-0.034298
18512,-0.009795
18513,0.012871
18514,-0.016289
18515,-0.021018
18516,0.039580
18517,0.033424
18518,0.007175
18519,0.014546
18520,-0.038216
18521,-0.035970
18522,-0.022596
18523,-0.017768
18524,-0.039012
18525,-0.041298
18526,-0.008768
18527,0.056558
18528,0.002947
18529,0.005413
18530,0.056559
18531,0.033674
18532,0.026412
18533,0.033287
18534,0.003380
18535,0.038216
18536,-0.002799
18537,-0.024375
18538,-0.007087
18539,0.001728
18540,-0.003374
18541,-0.017018
18542,0.023364
18543,-0.048711
18544,-0.074490
18545,-0.043853
18546,-0.063409
18547,-0.022364
18548,-0.028947
18549,-0.020646
18550,0.047597
18551,0.043865
18552,0.038325
18553,0.075859
18554,0.081917
18555,0.036819
18556,-0.020493
18557,-0.044229
18558,-0.076673
18559,-0.057395
18560,-0.019192
18561,-0.018133
18562,-0.015949
18563,-0.001365
18564,0.020264
18565,0.042956
18566,0.042342
18567,0.071953
18568,0.068057
18569,0.033765
18570,-0.057857
18571,-0.138453
18572,-0.136643
18573,-0.069097
18574,-0.024050
18575,0.024785
18576,0.093457
18577,0.075520
18578,0.033309
18579,0.010554
18580,0.014951
18581,0.027378
18582,0.041242
18583,0.027797
18584,0.008345
18585,0.034334
18586,0.032647
18587,0.007414
18588,-0.013397
18589,-0.030977
18590,-0.017172
18591,-0.021283
18592,-0.017684
18593,-0.036613
18594,-0.017490
18595,-0.016788
18596,-0.059814
18597,-0.062838
18598,-0.031547
18599,-0.035411
18600,0.035326
18601,0.099899
18602,0.053251
18603,0.033279
18604,0.012288
18605,-0.023486
18606,-0.046125
18607,-0.040652
18608,0.023070
18609,0.030793
18610,0.019628
18611,0.066116
18612,0.033756
18613,-0.034454
18614,-0.086050
18615,-0.124344
18616,-0.064862
18617,-0.002355
18618,0.036520
18619,0.111588
18620,0.075862
18621,0.009526
18622,0.015005
18623,0.010740
18624,-0.004852
18625,-0.050996
18626,-0.090820
18627,-0.066354
18628,-0.010938
18629,0.015158
18630,0.059389
18631,0.029843
18632,0.032182
18633,0.013690
18634,-0.009063
18635,0.009387
18636,0.064245
18637,0.099072
18638,0.039458
18639,-0.075454
18640,-0.096296
18641,-0.067544
18642,-0.077320
18643,0.028079
18644,0.060913
18645,0.044964
18646,0.045512
18647,0.019534
18648,-0.039258
18649,-0.074829
18650,-0.103220
18651,0.005853
18652,0.042162
18653,0.039686
18654,0.030985
18655,0.009921
18656,-0.031719
18657,-0.045900
18658,0.004405
18659,-0.005082
18660,-0.023323
18661,-0.024381
18662,-0.033911
18663,-0.057322
18664,0.010785
18665,0.074386
18666,0.096520
18667,0.081221
18668,0.054000
18669,-0.023746
18670,-0.061473
18671,-0.085897
18672,-0.028440
18673,0.050088
18674,0.051314
18675,-0.023218
18676,-0.052353
18677,-0.050862
18678,-0.000543
18679,0.021266
18680,0.045197
18681,0.061848
18682,0.069250
18683,0.016364
18684,-0.030885
18685,-0.088007
18686,-0.052543
18687,-0.003323
18688,0.016597
18689,0.049400
18690,0.105257
18691,0.082963
18692,-0.005625
18693,-0.027561
18694,-0.002968
18695,-0.005040
18696,-0.052881
18697,-0.068170
18698,-0.080042
18699,-0.056326
18700,-0.061706
18701,-0.063653
18702,-0.002305
18703,0.088419
18704,0.120747
18705,0.065621
18706,0.041714
18707,-0.008420
18708,-0.010413
18709,0.003745
18710,-0.004835
18711,0.004399
18712,0.005537
18713,-0.031275
18714,-0.069480
18715,-0.050237
18716,-0.064502
18717,-0.029688
18718,0.018917
18719,0.027846
18720,0.036092
18721,0.022430
18722,0.016289
18723,0.031828
18724,-0.013329
18725,0.032689
18726,0.085662
18727,0.041192
18728,-0.016608
18729,-0.020022
18730,-0.020422
18731,-0.037727
18732,-0.029683
18733,-0.032703
18734,-0.036133
18735,-0.023551
18736,-0.001126
18737,0.024096
18738,0.060101
18739,0.081455
18740,0.038090
18741,-0.012937
18742,-0.021161
18743,-0.024961
18744,-0.013074
18745,-0.007024
18746,-0.009572
18747,-0.053795
18748,0.006183
18749,0.069346
18750,0.017881
18751,0.010226
18752,-0.012891
18753,-0.052321
18754,-0.075274
18755,-0.102276
18756,-0.061776
18757,-0.008955
18758,0.012038
18759,0.064447
18760,0.069112
18761,0.081633
18762,0.053736
18763,0.074138
18764,-0.017177
18765,-0.016548
18766,0.019398
18767,-0.026680
18768,-0.077701
18769,-0.076468
18770,-0.028755
18771,-0.018341
18772,-0.034210
18773,0.004106
18774,0.033281
18775,0.069880
18776,0.084280
18777,-0.011182
18778,-0.036955
18779,-0.003751
18780,0.029185
18781,0.024081
18782,-0.010120
18783,0.021039
18784,0.032532
18785,0.007141
18786,440.383301
18787,865.017395
18788,46.384789
18789,972.614807
18790,1817.559204
18791,-45.489639
18792,-21.437105
18793,-8.796997
18794,-0.123300
18795,-1.635190
18796,3.473256
18797,12.331874
18798,5.702344
18799,-6.582781
18800,-24.762321
18801,-14.446818
18802,-14.786266
18803,-5.163008
18804,10.839184
18805,12.600298
18806,30.687450
18807,41.669720
18808,31.280521
18809,18.701952
18810,4.984303
18811,3.863792
18812,1.594955
18813,-13.667282
18814,-27.661041
18815,-33.972721
18816,-21.544067
18817,-12.548739
18818,-2.170337
18819,-2.163039
18820,-3.639913
18821,-16.712799
18822,-11.157414
18823,7.034766
18824,2.485678
18825,-5.867741
18826,0.875243
18827,10.629081
18828,33.131763
18829,48.624790
18830,50.609196
18831,31.473612
18832,2.134503
18833,-24.829664
18834,-50.120850
18835,-54.124847
18836,-36.391006
18837,-28.963499
18838,-13.440859
18839,10.018477
18840,1.424937
18841,-0.031480
18842,-0.100310
18843,-0.047234
18844,0.000119
18845,0.004453
18846,-0.003381
18847,-0.072604
18848,-0.048621
18849,0.016223
18850,0.015795
18851,0.036115
18852,0.006906
18853,-0.006361
18854,0.039829
18855,0.052827
18856,0.029155
18857,0.052482
18858,0.004162
18859,-0.013713
18860,-0.049619
18861,-0.061061
18862,-0.040085
18863,-0.010979
18864,0.048366
18865,0.058659
18866,0.010955
18867,0.031135
18868,0.045917
18869,-0.046598
18870,-0.023316
18871,-0.007291
18872,-0.049891
18873,-0.050294
18874,0.038292
18875,0.006802
18876,-0.024090
18877,0.018105
18878,0.043077
18879,0.036793
18880,0.038805
18881,0.052848
18882,0.028317
18883,-0.007744
18884,-0.027897
18885,-0.063877
18886,-0.017901
18887,0.018642
18888,0.014222
18889,0.019141
18890,-0.022802
18891,-0.029470
18892,-0.055500
18893,-0.050857
18894,0.035495
18895,0.055033
18896,-0.002129
18897,0.000143
18898,0.008919
18899,-0.043186
18900,-0.027297
18901,-0.077460
18902,-0.047543
18903,0.011335
18904,0.022127
18905,0.062531
18906,0.071607
18907,0.050020
18908,-0.013259
18909,-0.051602
18910,-0.026523
18911,-0.028363
18912,-0.004733
18913,0.013929
18914,-0.003823
18915,-0.032700
18916,-0.043350
18917,-0.003025
18918,0.058630
18919,0.058050
18920,0.057494
18921,0.051907
18922,0.000147
18923,-0.025415
18924,-0.054448
18925,-0.138633
18926,-0.061803
18927,0.065793
18928,0.053873
18929,0.079339
18930,0.039017
18931,0.045678
18932,0.019361
18933,-0.055564
18934,-0.053274
18935,-0.054475
18936,-0.029104
18937,0.055187
18938,0.058178
18939,0.061971
18940,0.021984
18941,0.003341
18942,-0.027132
18943,-0.066396
18944,-0.079902
18945,-0.063111
18946,-0.028799
18947,-0.005913
18948,0.020455
18949,-0.014841
18950,-0.031353
18951,0.004410
18952,0.046089
18953,0.043331
18954,-0.000193
18955,-0.037653
18956,-0.001822
18957,0.025131
18958,0.009003
18959,0.010555
18960,0.031126
18961,0.031066
18962,0.018387
18963,0.007616
18964,0.036754
18965,0.043799
18966,-0.050400
18967,-0.103290
18968,-0.067790
18969,-0.048394
18970,-0.059800
18971,-0.002477
18972,0.072388
18973,0.057924
18974,0.050396
18975,0.054599
18976,0.037863
18977,-0.013227
18978,-0.023480
18979,-0.000578
18980,-0.035372
18981,-0.045553
18982,-0.017957
18983,0.004433
18984,0.070538
18985,0.079646
18986,0.035993
18987,0.011496
18988,-0.027724
18989,-0.034912
18990,-0.051598
18991,-0.079011
18992,-0.039543
18993,-0.062969
18994,-0.034342
18995,0.054787
18996,0.051158
18997,0.035809
18998,-0.002458
18999,0.010401
19000,0.013575
19001,-0.003741
19002,-0.027121
19003,-0.014337
19004,-0.062919
19005,-0.059361
19006,-0.003230
19007,0.003724
19008,0.026736
19009,0.066335
19010,0.054984
19011,0.079716
19012,0.026388
19013,-0.027611
19014,-0.043740
19015,-0.012588
19016,0.024809
19017,-0.009208
19018,-0.057804
19019,-0.053510
19020,0.011320
19021,0.017016
19022,0.015598
19023,0.057856
19024,0.051819
19025,0.001093
19026,-0.043642
19027,-0.048963
19028,-0.052415
19029,-0.015510
19030,0.013684
19031,-0.032772
19032,-0.041579
19033,-0.027389
19034,0.027437
19035,0.056779
19036,0.037755
19037,0.036714
19038,0.028997
19039,-0.012973
19040,0.006748
19041,0.026704
19042,0.014519
19043,0.014852
19044,0.009382
19045,0.021884
19046,0.008941
19047,-0.021926
19048,-0.055320
19049,-0.112692
19050,-0.104972
19051,-0.020700
19052,0.006710
19053,0.018860
19054,-0.011601
19055,-0.036764
19056,-0.038299
19057,0.017534
19058,0.071673
19059,0.050804
19060,0.045016
19061,0.056227
19062,0.080536
19063,0.065445
19064,0.042448
19065,-0.010379
19066,-0.020037
19067,-0.068308
19068,-0.086040
19069,0.007409
19070,0.036906
19071,-0.019504
19072,-0.014692
19073,0.046066
19074,0.017999
19075,-0.057979
19076,-0.017955
19077,-0.015879
19078,-0.058399
19079,-0.032349
19080,-0.017481
19081,0.007559
19082,0.004161
19083,-0.015039
19084,0.013150
19085,0.010354
19086,-0.000446
19087,0.022137
19088,0.004851
19089,0.003957
19090,0.008263
19091,0.010972
19092,0.000988
19093,0.005879
19094,0.011677
19095,0.016304
19096,-0.018191
19097,-0.026793
19098,-0.049968
19099,-0.016763
19100,-0.009553
19101,-0.012519
19102,-0.017410
19103,-0.031691
19104,0.020969
19105,0.027721
19106,0.062111
19107,0.062577
19108,0.013771
19109,0.035335
19110,0.014425
19111,-0.006066
19112,-0.029161
19113,-0.070635
19114,-0.076576
19115,-0.034757
19116,0.000214
19117,0.026038
19118,0.061551
19119,0.071752
19120,0.089070
19121,0.032967
19122,-0.003351
19123,-0.031539
19124,-0.028925
19125,-0.018951
19126,-0.085995
19127,-0.090409
19128,-0.034248
19129,-0.018212
19130,-0.002332
19131,0.042787
19132,0.069271
19133,0.064150
19134,-0.007991
19135,-0.044648
19136,-0.025298
19137,-0.015975
19138,-0.001318
19139,0.015215
19140,0.022240
19141,0.043827
19142,0.017822
19143,0.004104
19144,-0.007865
19145,-0.011978
19146,0.017025
19147,0.021735
19148,-0.026435
19149,-0.040396
19150,-0.122287
19151,-0.099475
19152,-0.045072
19153,-0.002137
19154,0.021810
19155,0.014345
19156,0.041339
19157,0.087917
19158,0.040229
19159,0.043905
19160,0.029340
19161,-0.013209
19162,-0.026412
19163,-0.031242
19164,-0.020304
19165,0.019805
19166,0.044430
19167,0.013546
19168,-0.025532
19169,-0.035266
19170,-0.008069
19171,-0.010127
19172,0.017617
19173,0.069625
19174,0.017382
19175,-0.023586
19176,-0.025286
19177,-0.023825
19178,-0.046181
19179,-0.000192
19180,0.009331
19181,-0.008720
19182,0.023872
19183,-0.004011
19184,0.023107
19185,0.059371
19186,0.043645
19187,-0.005604
19188,-0.079032
19189,-0.041731
19190,449.853638
19191,833.848389
19192,33.942776
19193,1016.423157
19194,1856.090210
19195,-15.611538
19196,3.578084
19197,7.118181
19198,18.508472
19199,30.833494
19200,6.472484
19201,-6.578406
19202,-9.787971
19203,2.711517
19204,9.481688
19205,19.627144
19206,-3.161781
19207,-1.688561
19208,-4.186585
19209,-7.245080
19210,-30.792028
19211,-31.231430
19212,-18.151638
19213,-8.327488
19214,-8.681229
19215,-1.501960
19216,22.779392
19217,32.318790
19218,26.376268
19219,7.425432
19220,8.120826
19221,11.535033
19222,15.894478
19223,3.862652
19224,-11.436652
19225,-20.799007
19226,-27.614531
19227,-27.144819
19228,-13.267040
19229,5.134701
19230,20.329384
19231,18.275333
19232,20.951378
19233,2.717633
19234,2.537467
19235,-15.618440
19236,-24.327587
19237,-26.874241
19238,-11.792913
19239,-6.072031
19240,12.976785
19241,16.787905
19242,28.272741
19243,36.149239
19244,1.090081
19245,-0.000433
19246,-0.011511
19247,0.047104
19248,0.079017
19249,0.052423
19250,-0.021909
19251,-0.056235
19252,-0.120547
19253,-0.092516
19254,-0.054386
19255,-0.013791
19256,-0.000232
19257,0.003432
19258,0.053136
19259,0.075201
19260,0.081781
19261,0.090837
19262,0.052747
19263,0.011481
19264,-0.009359
19265,-0.018484
19266,-0.021291
19267,-0.011398
19268,-0.039158
19269,-0.088775
19270,-0.092187
19271,-0.036929
19272,0.049439
19273,0.064271
19274,0.093124
19275,0.055073
19276,-0.005705
19277,-0.022631
19278,-0.051617
19279,-0.041697
19280,0.009267
19281,0.017923
19282,0.029270
19283,0.015998
19284,-0.000138
19285,-0.056656
19286,-0.075453
19287,-0.068534
19288,-0.024157
19289,0.052913
19290,0.040347
19291,0.060203
19292,0.047670
19293,0.022036
19294,0.024799
19295,-0.001918
19296,-0.025521
19297,-0.012029
19298,-0.026979
19299,-0.055514
19300,-0.060738
19301,-0.035923
19302,-0.042579
19303,-0.008184
19304,0.040744
19305,0.051324
19306,0.089324
19307,-0.004992
19308,-0.055566
19309,0.002964
19310,0.014901
19311,0.002241
19312,0.028004
19313,0.000723
19314,0.004658
19315,-0.057140
19316,-0.053794
19317,-0.031015
19318,-0.008944
19319,0.055901
19320,0.050013
19321,0.046133
19322,0.034348
19323,0.054317
19324,0.067039
19325,0.057669
19326,-0.039997
19327,-0.044333
19328,-0.008197
19329,-0.064286
19330,-0.141408
19331,-0.092947
19332,-0.046452
19333,0.001570
19334,0.033528
19335,0.042284
19336,0.072709
19337,0.031216
19338,0.019938
19339,0.031969
19340,-0.022987
19341,-0.004379
19342,0.011398
19343,-0.069248
19344,-0.002261
19345,-0.009381
19346,-0.052351
19347,-0.013852
19348,0.036806
19349,0.025332
19350,0.039109
19351,0.006853
19352,0.011371
19353,0.054240
19354,0.023294
19355,-0.014166
19356,-0.002490
19357,-0.013600
19358,-0.033044
19359,-0.090894
19360,-0.127585
19361,-0.076383
19362,0.001444
19363,0.042746
19364,0.086512
19365,0.094116
19366,0.046377
19367,0.000256
19368,-0.023550
19369,0.018314
19370,0.047532
19371,0.024319
19372,-0.004265
19373,-0.021290
19374,-0.033593
19375,-0.031283
19376,-0.048056
19377,-0.012914
19378,0.029125
19379,-0.005488
19380,0.028508
19381,0.001267
19382,-0.055362
19383,-0.035832
19384,0.010642
19385,0.031762
19386,0.007886
19387,0.019791
19388,0.021683
19389,-0.001680
19390,-0.014332
19391,-0.002763
19392,-0.029584
19393,-0.066870
19394,454.635406
19395,818.109558
19396,27.660173
19397,1038.544189
19398,1875.631958
19399,7.902374
19400,26.518532
19401,13.249726
19402,16.892780
19403,20.859045
19404,20.304199
19405,17.354210
19406,17.380217
19407,-16.070673
19408,-14.178247
19409,-8.258473
19410,-2.785100
19411,-2.450652
19412,-8.477889
19413,-11.640841
19414,5.789783
19415,7.885027
19416,3.998440
19417,-5.893849
19418,-9.001659
19419,-18.147532
19420,-13.012167
19421,7.342584
19422,38.703510
19423,49.547413
19424,14.258615
19425,-23.738522
19426,-44.782146
19427,-44.136719
19428,-24.952761
19429,-8.843726
19430,3.667285
19431,13.944917
19432,2.063177
19433,13.845065
19434,34.124432
19435,34.870644
19436,15.455422
19437,10.242417
19438,-1.839122
19439,-9.344661
19440,-17.490295
19441,-23.939558
19442,-24.090298
19443,-23.389023
19444,9.026130
19445,23.795420
19446,13.653599
19447,-4.608754
19448,-0.427207
19449,0.031716
19450,-0.012116
19451,0.042736
19452,0.038000
19453,0.049169
19454,0.039995
19455,0.006306
19456,0.027496
19457,0.007790
19458,0.005912
19459,0.004498
19460,-0.059832
19461,-0.104978
19462,-0.132910
19463,-0.021024
19464,0.083969
19465,0.063154
19466,0.052802
19467,0.009762
19468,-0.028890
19469,-0.039324
19470,-0.032094
19471,-0.022149
19472,-0.000636
19473,-0.006494
19474,0.002165
19475,-0.001820
19476,-0.006862
19477,0.023012
19478,0.003187
19479,0.006310
19480,0.041979
19481,-0.006272
19482,-0.021866
19483,0.033907
19484,-0.021805
19485,-0.017478
19486,0.029420
19487,0.043966
19488,0.051718
19489,0.045636
19490,0.003398
19491,-0.010875
19492,-0.077337
19493,-0.105140
19494,-0.033223
19495,-0.039948
19496,0.007192
19497,0.068234
19498,-0.006889
19499,0.019937
19500,0.018730
19501,-0.036427
19502,-0.001204
19503,-0.007969
19504,-0.015664
19505,0.077472
19506,0.087295
19507,0.036677
19508,-0.018126
19509,-0.042701
19510,-0.037973
19511,-0.021396
19512,0.015054
19513,-0.009200
19514,-0.074298
19515,-0.091333
19516,-0.038519
19517,0.015072
19518,0.021023
19519,-0.014221
19520,-0.004301
19521,0.015156
19522,0.023062
19523,0.050465
19524,0.038275
19525,0.084467
19526,0.019671
19527,-0.013271
19528,-0.015655
19529,-0.021952
19530,0.020831
19531,-0.014133
19532,-0.076242
19533,-0.053863
19534,-0.035791
19535,0.008581
19536,0.031299
19537,0.041067
19538,0.074070
19539,0.043317
19540,0.009424
19541,-0.004098
19542,-0.000501
19543,-0.010804
19544,-0.029355
19545,-0.059273
19546,-0.039399
19547,-0.039251
19548,-0.058962
19549,0.010756
19550,0.033060
19551,0.076404
19552,0.102082
19553,0.048945
19554,0.016570
19555,-0.026921
19556,-0.047544
19557,-0.053375
19558,-0.032794
19559,-0.027874
19560,-0.041036
19561,0.001035
19562,0.007196
19563,0.004547
19564,0.004159
19565,0.019592
19566,0.021264
19567,0.024219
19568,0.042242
19569,0.034351
19570,0.026870
19571,-0.049559
19572,-0.089660
19573,-0.098211
19574,-0.075552
19575,0.025955
19576,0.052826
19577,0.040250
19578,0.063874
19579,0.078966
19580,0.037090
19581,0.012082
19582,0.012667
19583,-0.068943
19584,-0.090611
19585,-0.055226
19586,0.031213
19587,0.078233
19588,0.084328
19589,0.037624
19590,-0.030439
19591,-0.072237
19592,-0.057742
19593,0.038707
19594,-0.011073
19595,-0.040779
19596,0.007897
19597,0.009002
19598,459.417786
19599,802.370728
19600,21.377573
19601,1060.665161
19602,1895.266602
19603,-9.914094
19604,-5.801034
19605,-10.104734
19606,3.722936
19607,11.879443
19608,-4.192302
19609,-9.714375
19610,-11.559848
19611,-14.703179
19612,-15.570569
19613,-17.435284
19614,-5.531535
19615,6.713921
19616,30.858358
19617,29.221817
19618,21.973465
19619,0.951259
19620,-8.405656
19621,-6.497652
19622,-3.043419
19623,-10.518403
19624,-10.838660
19625,18.676100
19626,38.356731
19627,27.805292
19628,17.005253
19629,-22.004053
19630,-44.615562
19631,-43.625969
19632,-29.079660
19633,-15.292628
19634,-9.684414
19635,5.317718
19636,20.243029
19637,36.811275
19638,46.793484
19639,19.576607
19640,5.999984
19641,-3.772491
19642,-30.331125
19643,-31.113194
19644,-20.165916
19645,2.188791
19646,4.826737
19647,-2.491310
19648,0.527255
19649,18.334604
19650,12.670793
19651,2.074094
19652,-0.087509
19653,-0.054785
19654,0.001047
19655,0.012815
19656,0.008581
19657,-0.015640
19658,0.004616
19659,0.005233
19660,0.040278
19661,0.007798
19662,-0.027417
19663,0.021421
19664,0.035623
19665,0.003432
19666,0.014489
19667,0.064338
19668,0.039807
19669,-0.007558
19670,-0.044468
19671,-0.062575
19672,-0.032152
19673,-0.068101
19674,-0.009297
19675,0.045107
19676,0.027424
19677,0.024794
19678,-0.004722
19679,0.005067
19680,0.001401
19681,-0.005786
19682,-0.001287
19683,0.007240
19684,0.035692
19685,-0.008682
19686,-0.049224
19687,-0.056052
19688,-0.013321
19689,0.011871
19690,0.011926
19691,0.047408
19692,0.053323
19693,0.051717
19694,0.035742
19695,-0.020780
19696,-0.027770
19697,-0.069079
19698,-0.039647
19699,0.008209
19700,-0.012112
19701,-0.034689
19702,-0.030798
19703,-0.008828
19704,0.058436
19705,0.045054
19706,0.030543
19707,0.066332
19708,0.040178
19709,-0.023953
19710,-0.049735
19711,-0.075083
19712,-0.042164
19713,0.017064
19714,0.008945
19715,-0.005458
19716,-0.045063
19717,-0.011917
19718,0.008638
19719,0.017163
19720,0.074154
19721,0.017527
19722,-0.000480
19723,0.030204
19724,0.001434
19725,-0.019216
19726,-0.025332
19727,-0.034570
19728,-0.037861
19729,-0.051630
19730,-0.033929
19731,0.012172
19732,0.011424
19733,-0.013884
19734,0.039520
19735,0.044656
19736,0.064863
19737,0.112900
19738,0.098778
19739,0.009702
19740,-0.051392
19741,-0.093365
19742,-0.093573
19743,-0.071205
19744,-0.001499
19745,0.030681
19746,0.050151
19747,0.023324
19748,-0.041879
19749,-0.022971
19750,0.014592
19751,0.010248
19752,0.031789
19753,0.014772
19754,-0.035245
19755,-0.005336
19756,0.070312
19757,0.016838
19758,-0.065364
19759,-0.061383
19760,-0.066306
19761,-0.019184
19762,0.034043
19763,0.031299
19764,0.041646
19765,0.058558
19766,0.060260
19767,0.079129
19768,0.045832
19769,-0.018516
19770,-0.093607
19771,-0.105541
19772,-0.065802
19773,-0.039254
19774,-0.022232
19775,-0.009245
19776,-0.003123
19777,-0.000589
19778,-0.016719
19779,0.033208
19780,0.079343
19781,0.079061
19782,0.054856
19783,0.036604
19784,-0.001452
19785,-0.003322
19786,-0.040788
19787,-0.057652
19788,-0.083597
19789,-0.081194
19790,-0.030259
19791,-0.022041
19792,0.052858
19793,0.091207
19794,0.068990
19795,0.045537
19796,0.023352
19797,-0.004399
19798,-0.000352
19799,0.008148
19800,-0.003753
19801,-0.010881
19802,0.017168
19803,0.028517
19804,0.009364
19805,0.024912
19806,0.003818
19807,-0.038147
19808,-0.032972
19809,-0.069938
19810,-0.100906
19811,-0.106900
19812,-0.055071
19813,0.011627
19814,0.063556
19815,0.083037
19816,0.011229
19817,0.007136
19818,-0.000287
19819,0.022792
19820,0.076035
19821,0.048240
19822,0.013775
19823,-0.011189
19824,-0.027084
19825,-0.056631
19826,-0.063525
19827,-0.030352
19828,-0.039301
19829,-0.063923
19830,-0.004364
19831,-0.017646
19832,-0.010913
19833,0.053018
19834,0.057518
19835,0.069322
19836,0.056732
19837,0.040634
19838,0.078250
19839,0.053140
19840,-0.016435
19841,-0.037556
19842,-0.026834
19843,-0.044890
19844,-0.024267
19845,-0.052699
19846,-0.024043
19847,0.008261
19848,-0.013684
19849,0.002392
19850,0.054109
19851,0.029993
19852,465.372650
19853,782.774414
19854,13.555119
19855,1088.208008
19856,1919.930176
19857,6.369193
19858,29.840914
19859,36.646793
19860,22.241936
19861,-4.119419
19862,-20.197763
19863,-27.538435
19864,-34.915051
19865,-34.904270
19866,-13.456012
19867,6.082314
19868,3.820209
19869,23.158421
19870,31.067429
19871,27.684464
19872,10.824185
19873,-24.579628
19874,-23.449316
19875,-29.038614
19876,-43.340908
19877,-10.746293
19878,27.231308
19879,50.502052
19880,48.418621
19881,38.239746
19882,0.562207
19883,-20.664419
19884,-31.407009
19885,-25.606953
19886,-17.802729
19887,1.745341
19888,15.690647
19889,9.249247
19890,1.230000
19891,-12.181707
19892,-22.493092
19893,-16.919285
19894,-8.037388
19895,4.020159
19896,27.159678
19897,23.623518
19898,7.605379
19899,-17.850275
19900,-34.610847
19901,-13.838763
19902,0.890353
19903,-9.376369
19904,0.044290
19905,34.144066
19906,0.201764
19907,-0.044520
19908,-0.067342
19909,-0.045676
19910,-0.037264
19911,-0.014300
19912,0.061257
19913,0.068255
19914,0.067328
19915,0.041388
19916,0.027142
19917,-0.015662
19918,-0.018519
19919,-0.016909
19920,-0.013096
19921,-0.021500
19922,0.016294
19923,0.014560
19924,-0.041973
19925,-0.055441
19926,-0.035794
19927,-0.011773
19928,-0.014277
19929,-0.018932
19930,0.021688
19931,0.060920
19932,0.071508
19933,0.036254
19934,0.017300
19935,0.005545
19936,-0.022600
19937,-0.019068
19938,-0.013381
19939,-0.045453
19940,-0.007226
19941,0.043055
19942,0.045615
19943,0.017511
19944,-0.009234
19945,0.019539
19946,-0.032974
19947,-0.041007
19948,0.009493
19949,-0.022472
19950,-0.010167
19951,0.005818
19952,-0.005664
19953,-0.029648
19954,-0.031309
19955,-0.052440
19956,-0.007815
19957,0.004934
19958,0.022315
19959,0.035884
19960,0.047940
19961,0.039780
19962,0.033379
19963,-0.008318
19964,-0.049164
19965,-0.006462
19966,0.084866
19967,0.078400
19968,0.031327
19969,-0.018301
19970,-0.041112
19971,-0.068805
19972,-0.104301
19973,-0.107141
19974,-0.015856
19975,0.059749
19976,0.065868
19977,0.066318
19978,0.029228
19979,0.015056
19980,0.010723
19981,-0.002093
19982,-0.008937
19983,-0.016541
19984,-0.044391
19985,-0.025495
19986,-0.003873
19987,-0.040969
19988,-0.063172
19989,-0.017592
19990,0.029799
19991,0.080312
19992,0.074510
19993,0.005963
19994,-0.008643
19995,-0.038444
19996,-0.047982
19997,-0.006408
19998,-0.033676
19999,0.000744
20000,0.025630
20001,0.015647
20002,-0.001789
20003,-0.013856
20004,-0.005367
20005,-0.012512
20006,0.069444
20007,0.068837
20008,0.002675
20009,-0.038001
20010,0.000303
20011,-0.017451
20012,-0.034259
20013,0.009097
20014,0.006857
20015,0.020866
20016,0.038739
20017,0.047379
20018,-0.022975
20019,-0.045893
20020,-0.016991
20021,0.000761
20022,0.034865
20023,0.005783
20024,-0.025909
20025,-0.017170
20026,-0.065555
20027,-0.054841
20028,-0.030977
20029,0.000902
20030,0.026886
20031,0.095210
20032,0.030978
20033,0.024141
20034,0.018769
20035,0.011748
20036,-0.016063
20037,-0.014160
20038,-0.010424
20039,-0.034738
20040,-0.073907
20041,-0.054914
20042,0.007763
20043,-0.012987
20044,-0.022910
20045,0.022112
20046,0.050364
20047,0.032023
20048,0.008590
20049,0.010806
20050,0.049441
20051,0.002184
20052,0.000293
20053,0.007742
20054,0.026229
20055,0.009917
20056,467.550140
20057,767.035583
20058,9.052771
20059,1110.329102
20060,1927.749634
20061,-15.618371
20062,-24.846069
20063,1.496218
20064,22.301270
20065,34.864334
20066,13.388061
20067,-16.357664
20068,-26.524662
20069,-2.643712
20070,4.831564
20071,-27.447933
20072,-17.539591
20073,-5.146959
20074,35.342331
20075,39.549465
20076,25.774487
20077,10.680337
20078,-17.941980
20079,-24.494305
20080,-38.637657
20081,-40.852734
20082,4.411512
20083,16.032108
20084,5.395552
20085,0.039631
20086,-6.413288
20087,-1.362068
20088,9.090142
20089,18.635565
20090,28.712320
20091,7.593576
20092,-10.522147
20093,6.241270
20094,32.130951
20095,26.735384
20096,4.092287
20097,-4.406947
20098,-24.089727
20099,-39.404224
20100,-31.462465
20101,-15.017020
20102,0.270789
20103,24.002966
20104,13.947418
20105,4.016824
20106,-17.993055
20107,-3.381476
20108,17.702684
20109,2.557794
20110,-0.037895
20111,-0.037309
20112,-0.041774
20113,-0.035421
20114,-0.013222
20115,-0.043217
20116,0.007898
20117,0.093288
20118,0.114548
20119,0.056622
20120,0.026612
20121,-0.048418
20122,-0.024129
20123,-0.024372
20124,-0.034539
20125,-0.014415
20126,-0.021835
20127,-0.049630
20128,-0.014865
20129,-0.013268
20130,-0.021370
20131,0.008672
20132,0.042369
20133,0.042796
20134,0.028266
20135,0.007026
20136,0.026891
20137,0.028304
20138,-0.000639
20139,-0.006242
20140,-0.008960
20141,0.007829
20142,-0.008757
20143,-0.035033
20144,0.000633
20145,0.015217
20146,0.002969
20147,-0.006583
20148,-0.028152
20149,-0.041550
20150,-0.005118
20151,-0.020058
20152,-0.005107
20153,0.003668
20154,0.016680
20155,0.037304
20156,0.036454
20157,0.007248
20158,0.019454
20159,0.062873
20160,0.001312
20161,0.054659
20162,0.041481
20163,-0.042177
20164,-0.094925
20165,-0.048924
20166,0.015517
20167,0.073945
20168,0.055309
20169,0.046961
20170,0.000627
20171,-0.040151
20172,-0.045387
20173,-0.063834
20174,-0.069540
20175,0.004534
20176,0.044026
20177,0.029563
20178,0.062681
20179,0.054647
20180,0.039178
20181,-0.017805
20182,-0.047812
20183,-0.067163
20184,-0.067213
20185,-0.035439
20186,0.022778
20187,0.041909
20188,0.028576
20189,0.040425
20190,0.045782
20191,0.069702
20192,0.054248
20193,0.023726
20194,-0.025240
20195,-0.040438
20196,-0.021011
20197,-0.043067
20198,-0.000933
20199,-0.036573
20200,-0.059024
20201,-0.059441
20202,-0.008756
20203,0.009403
20204,0.045127
20205,0.032245
20206,0.008987
20207,0.024987
20208,0.033282
20209,-0.026380
20210,464.081848
20211,755.154297
20212,8.983188
20213,1127.028198
20214,1932.011719
20215,-28.398104
20216,-5.104507
20217,3.440652
20218,1.345399
20219,-30.055889
20220,-31.979782
20221,-12.151555
20222,10.228642
20223,18.366365
20224,38.947613
20225,55.050388
20226,38.952686
20227,26.596258
20228,-2.188937
20229,-49.065460
20230,-77.214180
20231,-79.131409
20232,-53.659687
20233,4.208329
20234,56.174328
20235,71.273712
20236,56.002922
20237,33.609501
20238,10.593744
20239,-8.075163
20240,-19.832043
20241,-27.531004
20242,-31.513403
20243,-31.293869
20244,-13.309739
20245,-20.382584
20246,-16.875521
20247,11.843749
20248,29.114073
20249,34.266609
20250,7.775536
20251,-22.020256
20252,-28.761190
20253,-16.852806
20254,19.111771
20255,53.151417
20256,40.733059
20257,27.404692
20258,2.411818
20259,-20.580301
20260,-34.441685
20261,-33.260468
20262,-37.664459
20263,-30.873198
20264,-0.057241
20265,0.012385
20266,0.001001
20267,-0.036818
20268,-0.019339
20269,-0.008595
20270,-0.019561
20271,-0.025194
20272,0.032467
20273,0.040207
20274,0.032706
20275,0.033518
20276,-0.001706
20277,0.032828
20278,0.009180
20279,-0.049817
20280,-0.064907
20281,-0.004099
20282,0.017391
20283,0.031132
20284,0.007274
20285,-0.022156
20286,-0.031004
20287,-0.073903
20288,-0.096655
20289,-0.047807
20290,0.008458
20291,0.088826
20292,0.094181
20293,0.068488
20294,0.109791
20295,0.047760
20296,0.005601
20297,0.007946
20298,-0.015657
20299,-0.030859
20300,-0.024073
20301,-0.038526
20302,-0.056173
20303,-0.060526
20304,-0.060090
20305,-0.014239
20306,0.033667
20307,0.054575
20308,0.038207
20309,0.040153
20310,0.029183
20311,0.018189
20312,-0.012494
20313,-0.018170
20314,-0.040052
20315,-0.033263
20316,0.007200
20317,0.007401
20318,0.001826
20319,-0.002892
20320,-0.038295
20321,-0.040685
20322,-0.049390
20323,-0.003373
20324,0.005508
20325,0.005714
20326,0.044519
20327,0.042244
20328,0.070578
20329,0.063099
20330,0.014349
20331,-0.019833
20332,-0.014965
20333,-0.050828
20334,0.012443
20335,0.027994
20336,0.013371
20337,0.005732
20338,-0.044057
20339,-0.063469
20340,-0.024296
20341,-0.026430
20342,0.012478
20343,0.047797
20344,0.049004
20345,0.072039
20346,0.006651
20347,-0.051478
20348,-0.087501
20349,-0.048276
20350,-0.022159
20351,0.020661
20352,0.050287
20353,-0.004710
20354,-0.028164
20355,-0.015582
20356,-0.048487
20357,-0.013081
20358,0.043959
20359,0.074892
20360,0.054997
20361,-0.021476
20362,-0.067105
20363,-0.011802
20364,0.014588
20365,0.063991
20366,0.037792
20367,0.020452
20368,0.006050
20369,-0.000254
20370,-0.018527
20371,-0.061504
20372,-0.088215
20373,-0.057702
20374,-0.008643
20375,0.009924
20376,0.032253
20377,0.059492
20378,0.024493
20379,-0.027856
20380,-0.074858
20381,-0.020136
20382,0.009569
20383,0.065232
20384,0.062522
20385,0.043236
20386,0.023892
20387,-0.011177
20388,-0.001973
20389,-0.045451
20390,-0.077910
20391,-0.006192
20392,-0.000900
20393,0.016269
20394,0.017648
20395,0.021289
20396,0.010936
20397,0.037442
20398,0.023308
20399,-0.043190
20400,-0.041408
20401,-0.072515
20402,-0.080950
20403,-0.091302
20404,-0.052189
20405,0.016208
20406,0.052446
20407,0.058786
20408,0.034698
20409,0.066465
20410,0.106917
20411,0.063972
20412,-0.001828
20413,0.000439
20414,0.020143
20415,-0.010424
20416,-0.025146
20417,-0.062431
20418,-0.081222
20419,-0.029522
20420,0.008376
20421,0.029823
20422,0.039345
20423,0.030297
20424,0.012631
20425,0.003747
20426,-0.051394
20427,-0.070517
20428,0.020530
20429,0.050743
20430,0.052484
20431,0.042373
20432,0.025073
20433,0.022546
20434,0.014908
20435,0.005856
20436,-0.052750
20437,-0.061405
20438,-0.081943
20439,-0.067646
20440,-0.039260
20441,-0.049325
20442,-0.014997
20443,0.042004
20444,0.024974
20445,-0.013193
20446,0.009034
20447,0.018495
20448,0.032320
20449,0.054538
20450,0.022013
20451,0.029349
20452,-0.002098
20453,-0.023252
20454,-0.021065
20455,-0.013384
20456,-0.006103
20457,0.010534
20458,0.049846
20459,-0.005005
20460,0.003162
20461,-0.013824
20462,0.007852
20463,-0.007727
20464,-0.026608
20465,0.015775
20466,0.051342
20467,0.018655
20468,0.013597
20469,-0.026246
20470,-0.056319
20471,-0.056326
20472,-0.062855
20473,-0.036986
20474,0.000311
20475,0.023260
20476,0.057674
20477,0.040460
20478,0.010081
20479,-0.006456
20480,0.007193
20481,-0.034872
20482,-0.044506
20483,-0.019773
20484,0.040565
20485,0.055898
20486,0.034412
20487,-0.005684
20488,-0.016086
20489,-0.017046
20490,-0.017145
20491,0.027574
20492,0.014593
20493,0.010079
20494,-0.010814
20495,-0.025586
20496,-0.019312
20497,-0.042539
20498,-0.047813
20499,0.038914
20500,0.002288
20501,0.042581
20502,0.094374
20503,0.041084
20504,0.015071
20505,0.006168
20506,-0.017221
20507,-0.022206
20508,-0.009453
20509,-0.018993
20510,0.017562
20511,-0.023768
20512,-0.019639
20513,-0.033215
20514,-0.020340
20515,0.012511
20516,0.019320
20517,0.022301
20518,0.036405
20519,0.007926
20520,-0.049039
20521,-0.059024
20522,-0.058529
20523,-0.073534
20524,-0.006214
20525,0.041833
20526,0.036179
20527,0.053912
20528,0.010898
20529,-0.016418
20530,-0.005953
20531,-0.016781
20532,-0.005353
20533,0.015629
20534,0.015378
20535,0.002717
20536,0.018943
20537,0.021006
20538,0.036399
20539,0.027632
20540,-0.028425
20541,-0.026725
20542,-0.039146
20543,-0.041744
20544,-0.036673
20545,-0.033975
20546,-0.019487
20547,0.031239
20548,0.046634
20549,0.032871
20550,0.017879
20551,0.016513
20552,0.013184
20553,0.066162
20554,0.020507
20555,-0.006581
20556,-0.035118
20557,-0.053727
20558,-0.019824
20559,0.000827
20560,-0.033019
20561,-0.051049
20562,-0.003236
20563,-0.007171
20564,0.042802
20565,0.040801
20566,0.036266
20567,0.026277
20568,-0.002459
20569,-0.066244
20570,-0.099932
20571,-0.077660
20572,-0.029298
20573,0.053235
20574,0.094871
20575,0.031298
20576,-0.001762
20577,0.010207
20578,-0.038647
20579,-0.029394
20580,0.072203
20581,0.038420
20582,-0.009974
20583,-0.029148
20584,-0.059904
20585,-0.008014
20586,0.036340
20587,0.097401
20588,0.116974
20589,0.055693
20590,-0.034590
20591,-0.073373
20592,-0.147926
20593,-0.102352
20594,-0.022915
20595,0.015025
20596,0.047915
20597,0.003911
20598,0.040975
20599,0.086487
20600,0.016674
20601,0.003619
20602,0.025863
20603,-0.002134
20604,-0.010387
20605,-0.001002
20606,-0.045219
20607,-0.092307
20608,-0.115252
20609,-0.084428
20610,-0.034689
20611,0.043620
20612,0.091305
20613,0.148119
20614,0.092971
20615,0.027918
20616,0.054253
20617,0.020074
20618,-0.009251
20619,-0.075279
20620,-0.117231
20621,-0.030964
20622,0.023993
20623,-0.026588
20624,-0.057230
20625,-0.050720
20626,-0.000416
20627,0.048288
20628,0.018172
20629,0.031922
20630,0.018461
20631,0.010398
20632,-0.051790
20633,-0.049540
20634,-0.016590
20635,0.060299
20636,0.078265
20637,-0.005655
20638,-0.062258
20639,-0.031419
20640,-0.013256
20641,-0.031986
20642,-0.020517
20643,0.033799
20644,0.136581
20645,0.086103
20646,-0.004249
20647,-0.001113
20648,-0.063722
20649,-0.108798
20650,-0.046857
20651,-0.005682
20652,-0.023178
20653,0.007080
20654,0.017680
20655,0.045194
20656,0.030144
20657,0.003878
20658,-0.005855
20659,-0.033699
20660,-0.026905
20661,-0.058337
20662,0.022258
20663,0.054996
20664,0.040681
20665,-0.006099
20666,-0.018378
20667,0.027558
20668,0.037787
20669,-0.000816
20670,0.012091
20671,0.014600
20672,-0.005141
20673,0.021056
20674,0.002150
20675,0.020121
20676,-0.025831
20677,-0.052856
20678,-0.064909
20679,-0.079370
20680,-0.012032
20681,0.048005
20682,0.059049
20683,0.028677
20684,0.018704
20685,0.004560
20686,-0.007298
20687,0.025706
20688,0.048013
20689,-0.015970
20690,-0.034169
20691,-0.002450
20692,-0.014172
20693,-0.019032
20694,-0.045393
20695,-0.042854
20696,-0.019312
20697,-0.047594
20698,-0.040980
20699,0.031648
20700,0.099121
20701,0.113210
20702,0.065679
20703,0.007161
20704,-0.003346
20705,-0.072732
20706,-0.041078
20707,-0.040854
20708,-0.074086
20709,-0.010521
20710,0.005068
20711,0.001479
20712,0.045544
20713,0.048738
20714,-0.005163
20715,-0.027344
20716,-0.037795
20717,0.003846
20718,0.038659
20719,0.043044
20720,0.049058
20721,0.037161
20722,-0.036093
20723,-0.031678
20724,-0.019037
20725,0.005827
20726,0.038423
20727,0.042509
20728,0.003201
20729,-0.022091
20730,0.007866
20731,-0.027643
20732,-0.029400
20733,-0.059227
20734,-0.027526
20735,0.024280
20736,0.032565
20737,0.011021
20738,-0.007560
20739,-0.042170
20740,-0.034659
20741,-0.051547
20742,0.018667
20743,0.060159
20744,0.030156
20745,0.048239
20746,0.075782
20747,0.016092
20748,-0.040952
20749,-0.049196
20750,-0.040915
20751,-0.046206
20752,-0.064993
20753,0.004626
20754,0.069642
20755,0.038579
20756,-0.049562
20757,-0.030301
20758,-0.001093
20759,-0.029335
20760,-0.008842
20761,0.005988
20762,0.012564
20763,0.045031
20764,0.020451
20765,0.015863
20766,0.022880
20767,-0.001328
20768,-0.007508
20769,0.006534
20770,0.042079
20771,0.030419
20772,-0.041389
20773,-0.019323
20774,-0.008125
20775,-0.005704
20776,-0.001175
20777,-0.001560
20778,-0.022421
20779,-0.075505
20780,-0.071586
20781,-0.056892
20782,0.019719
20783,0.056254
20784,0.065361
20785,0.058972
20786,0.007864
20787,-0.042415
20788,-0.064413
20789,-0.000372
20790,0.014593
20791,0.067399
20792,0.063738
20793,0.022929
20794,-0.002274
20795,-0.002899
20796,0.009339
20797,-0.057433
20798,-0.063753
20799,-0.057602
20800,-0.027192
20801,-0.015432
20802,-0.031340
20803,-0.016234
20804,0.020785
20805,0.065873
20806,0.029593
20807,0.010285
20808,0.026593
20809,-0.014796
20810,-0.016814
20811,0.043399
20812,0.042491
20813,0.007747
20814,-0.050315
20815,-0.093820
20816,-0.048492
20817,0.034764
20818,0.040866
20819,0.038079
20820,-0.001823
20821,0.003984
20822,0.047524
20823,0.033273
20824,-0.003005
20825,-0.067080
20826,-0.035531
20827,-0.029269
20828,-0.050494
20829,0.001681
20830,0.043389
20831,0.011014
20832,0.004172
20833,0.035353
20834,0.059505
20835,0.027018
20836,-0.028072
20837,-0.111204
20838,-0.089678
20839,-0.044672
20840,0.021460
20841,0.026891
20842,0.045444
20843,0.042614
20844,0.094612
20845,0.064387
20846,-0.018164
20847,-0.030722
20848,-0.008016
20849,-0.033669
20850,-0.026714
20851,-0.042390
20852,-0.081022
20853,-0.023991
20854,0.051690
20855,0.096355
20856,0.084494
20857,0.013487
20858,-0.019869
20859,-0.027769
20860,-0.026671
20861,-0.015156
20862,-0.017337
20863,-0.020501
20864,-0.034554
20865,-0.044713
20866,0.037200
20867,0.006759
20868,-0.019864
20869,0.005734
20870,0.008979
20871,0.015635
20872,0.030798
20873,0.017181
20874,0.003869
20875,-0.052785
20876,-0.081489
20877,-0.030429
20878,0.029170
20879,0.042853
20880,0.055669
20881,0.086939
20882,0.048643
20883,-0.003524
20884,0.005209
20885,-0.056428
20886,-0.062089
20887,-0.031966
20888,-0.008848
20889,-0.007120
20890,0.019285
20891,0.029929
20892,0.039688
20893,0.016425
20894,0.003256
20895,-0.037182
20896,-0.061147
20897,-0.008816
20898,0.004152
20899,0.030041
20900,0.027612
20901,-0.013406
20902,-0.043758
20903,-0.056487
20904,-0.012607
20905,0.036602
20906,0.025401
20907,0.014169
20908,0.003468
20909,-0.006312
20910,0.007233
20911,-0.037146
20912,-0.018664
20913,0.013900
20914,0.003493
20915,0.012090
20916,0.031049
20917,0.018695
20918,0.052623
20919,0.060600
20920,-0.002784
20921,-0.060205
20922,-0.065666
20923,-0.029830
20924,-0.010188
20925,0.026929
20926,0.081605
20927,0.033081
20928,-0.014310
20929,-0.067266
20930,-0.092713
20931,-0.093768
20932,-0.003391
20933,0.076668
20934,0.105617
20935,0.043189
20936,-0.025346
20937,-0.046860
20938,-0.060266
20939,-0.072932
20940,-0.067560
20941,-0.004029
20942,0.042474
20943,0.092658
20944,0.113610
20945,0.070811
20946,0.076253
20947,0.027368
20948,-0.010995
20949,-0.048300
20950,-0.091494
20951,-0.054553
20952,-0.061563
20953,-0.038685
20954,-0.039296
20955,-0.038826
20956,-0.016091
20957,0.019966
20958,0.045630
20959,0.061948
20960,0.072440
20961,0.028493
20962,-0.019580
20963,-0.000454
20964,0.010703
20965,-0.033223
20966,-0.040363
20967,-0.021737
20968,0.032528
20969,0.025408
20970,-0.009033
20971,0.002721
20972,0.002698
20973,0.004138
20974,0.041833
20975,0.017045
20976,0.030762
20977,0.013781
20978,-0.001042
20979,-0.043978
20980,-0.080773
20981,-0.033629
20982,-0.011632
20983,-0.042962
20984,0.007236
20985,-0.025164
20986,-0.058583
20987,0.008753
20988,0.031032
20989,0.048784
20990,0.039755
20991,0.020163
20992,0.027027
20993,0.023591
20994,0.001278
20995,0.015959
20996,-0.023885
20997,-0.032768
20998,-0.015603
20999,0.012100
21000,-0.001341
21001,0.009821
21002,-0.007852
21003,-0.003340
21004,-0.025826
21005,0.001183
21006,0.029487
21007,0.022488
21008,-0.006214
21009,-0.073784
21010,-0.061092
21011,-0.037815
21012,-0.053410
21013,-0.046225
21014,0.012932
21015,0.076885
21016,0.078229
21017,0.074708
21018,0.099060
21019,0.071521
21020,0.020943
21021,-0.007579
21022,-0.050721
21023,-0.094924
21024,-0.069654
21025,-0.054042
21026,-0.001650
21027,-0.006297
21028,0.000179
21029,-0.014389
21030,-0.016889
21031,0.046878
21032,0.097304
21033,0.085235
21034,0.016818
21035,-0.041417
21036,-0.107211
21037,-0.085178
21038,0.010473
21039,0.064273
21040,0.020770
21041,-0.038647
21042,-0.055616
21043,-0.074626
21044,-0.055702
21045,0.076905
21046,0.087795
21047,0.063056
21048,0.035504
21049,-0.023410
21050,0.009240
21051,-0.038499
21052,-0.072247
21053,-0.018923
21054,-0.005133
21055,-0.053457
21056,-0.010283
21057,0.042133
21058,0.064690
21059,0.051627
21060,0.051858
21061,0.059003
21062,0.046523
21063,0.020037
21064,-0.039685
21065,-0.022777
21066,-0.040309
21067,-0.083646
21068,-0.098159
21069,-0.071781
21070,-0.052235
21071,0.003518
21072,-0.011336
21073,-0.013131
21074,0.088310
21075,0.103369
21076,0.035279
21077,0.026363
21078,0.017366
21079,-0.012202
21080,-0.004237
21081,0.009468
21082,-0.059982
21083,-0.044682
21084,0.005401
21085,0.035410
21086,-0.019520
21087,-0.039848
21088,-0.086474
21089,-0.055396
21090,0.031049
21091,0.016697
21092,0.026926
21093,0.043395
21094,0.008766
21095,0.038198
21096,0.062825
21097,0.015626
21098,-0.039021
21099,-0.051775
21100,-0.085461
21101,-0.058755
21102,-0.002058
21103,0.048471
21104,0.105930
21105,0.070214
21106,0.015668
21107,-0.022316
21108,-0.044685
21109,-0.054937
21110,0.018096
21111,0.034372
21112,0.043101
21113,0.083247
21114,-0.001988
21115,-0.021589
21116,-0.029259
21117,-0.064671
21118,-0.080396
21119,-0.069804
21120,-0.047456
21121,0.028334
21122,0.044791
21123,-0.006694
21124,-0.000350
21125,0.036562
21126,0.029798
21127,0.024767
21128,-0.007482
21129,-0.000840
21130,0.032727
21131,0.038181
21132,0.041110
21133,0.042924
21134,-0.009029
21135,-0.076781
21136,-0.060214
21137,-0.085083
21138,-0.082210
21139,-0.009706
21140,0.066570
21141,0.074070
21142,0.118017
21143,0.094996
21144,0.049454
21145,0.008421
21146,-0.044996
21147,-0.054260
21148,-0.081388
21149,-0.069076
21150,-0.011132
21151,0.009575
21152,-0.004597
21153,0.018007
21154,0.016300
21155,0.006023
21156,-0.005298
21157,-0.033087
21158,-0.027967
21159,-0.034271
21160,-0.016665
21161,0.063727
21162,0.085682
21163,0.049790
21164,-0.002129
21165,-0.036443
21166,-0.068175
21167,-0.055213
21168,-0.032084
21169,-0.006606
21170,-0.002043
21171,-0.057806
21172,-0.000074
21173,0.014956
21174,-0.000316
21175,0.063600
21176,0.078415
21177,0.035271
21178,0.040250
21179,-0.002933
21180,-0.052471
21181,-0.037882
21182,-0.013759
21183,-0.020545
21184,-0.051847
21185,-0.058337
21186,0.006221
21187,0.052815
21188,0.023202
21189,0.067232
21190,0.082541
21191,-0.002889
21192,-0.030452
21193,-0.035707
21194,-0.000680
21195,-0.016271
21196,-0.036155
21197,0.009429
21198,0.005531
21199,0.025749
21200,-0.006199
21201,-0.001858
21202,-0.017169
21203,-0.040647
21204,0.020431
21205,0.050098
21206,0.053013
21207,-0.034730
21208,-0.017331
21209,-0.040647
21210,-0.006910
21211,0.011442
21212,-0.000894
21213,-0.033547
21214,-0.034192
21215,-0.009781
21216,0.018356
21217,-0.008263
21218,-0.028985
21219,0.002580
21220,-0.011473
21221,0.034006
21222,0.036907
21223,0.026354
21224,0.028306
21225,0.008787
21226,-0.026919
21227,-0.034084
21228,-0.053087
21229,-0.030749
21230,-0.037711
21231,-0.038000
21232,0.018516
21233,0.029288
21234,0.024692
21235,0.018595
21236,-0.039615
21237,-0.019701
21238,0.007105
21239,-0.001443
21240,0.002978
21241,0.025011
21242,0.025728
21243,0.011415
21244,0.017512
21245,0.003481
21246,-0.010597
21247,-0.025667
21248,-0.040884
21249,-0.047628
21250,0.048932
21251,0.033210
21252,0.004489
21253,0.035953
21254,0.061149
21255,0.023857
21256,0.016457
21257,-0.049463
21258,-0.062716
21259,-0.052339
21260,-0.007355
21261,0.041634
21262,-0.001207
21263,-0.023646
21264,-0.051014
21265,-0.065935
21266,-0.006736
21267,0.059630
21268,0.097061
21269,0.092588
21270,0.060181
21271,-0.013241
21272,-0.034270
21273,-0.032085
21274,-0.052149
21275,-0.021033
21276,-0.021901
21277,-0.007128
21278,-0.056657
21279,-0.054571
21280,-0.047910
21281,-0.011134
21282,-0.004623
21283,-0.008015
21284,0.012088
21285,0.059481
21286,0.076700
21287,0.040339
21288,0.024456
21289,0.037465
21290,-0.009470
21291,-0.048568
21292,-0.024725
21293,-0.005308
21294,0.015045
21295,0.025360
21296,0.016098
21297,-0.000894
21298,0.016891
21299,0.005950
21300,0.008996
21301,0.004048
21302,-0.081918
21303,-0.068558
21304,-0.072867
21305,-0.076773
21306,-0.004997
21307,0.068716
21308,0.125301
21309,0.111489
21310,0.039667
21311,0.013279
21312,-0.029305
21313,-0.066471
21314,-0.033496
21315,-0.038845
21316,-0.014163
21317,0.036832
21318,0.065827
21319,0.053143
21320,0.053520
21321,0.028452
21322,-0.043036
21323,-0.023480
21324,-0.010166
21325,-0.060531
21326,-0.053933
21327,0.009869
21328,0.050763
21329,0.042798
21330,0.024101
21331,0.005992
21332,-0.017285
21333,-0.012130
21334,0.005424
21335,-0.008605
21336,-0.008640
21337,0.032832
21338,0.022406
21339,-0.031362
21340,-0.073555
21341,-0.080252
21342,-0.075676
21343,-0.028365
21344,0.044831
21345,0.072612
21346,0.106804
21347,0.058440
21348,0.047386
21349,0.010490
21350,-0.090925
21351,-0.089109
21352,-0.031782
21353,0.011575
21354,0.058932
21355,0.076842
21356,0.063393
21357,0.034450
21358,-0.042723
21359,-0.065181
21360,-0.045524
21361,-0.005319
21362,-0.020800
21363,-0.000264
21364,0.059672
21365,0.017528
21366,-0.005798
21367,-0.001236
21368,-0.081828
21369,-0.090438
21370,-0.023332
21371,-0.034273
21372,-0.006147
21373,0.036378
21374,0.072671
21375,0.047063
21376,0.074919
21377,0.034784
21378,0.026288
21379,0.001736
21380,-0.031766
21381,-0.020302
21382,-0.032244
21383,0.027101
21384,0.024257
21385,-0.066833
21386,-0.084924
21387,0.018414
21388,0.038093
21389,0.012683
21390,0.048192
21391,0.020809
21392,0.036102
21393,0.012161
21394,-0.009364
21395,-0.007347
21396,-0.012704
21397,-0.012690
21398,-0.001503
21399,-0.007188
21400,-0.032514
21401,-0.000515
21402,-0.017108
21403,-0.021272
21404,-0.067364
21405,-0.060518
21406,-0.040652
21407,-0.013024
21408,0.073390
21409,0.135805
21410,0.109856
21411,0.074311
21412,-0.007589
21413,-0.064073
21414,436.966095
21415,662.264465
21416,8.439181
21417,1257.585693
21418,1816.689575
21419,30.638857
21420,19.797651
21421,20.469755
21422,12.955233
21423,-9.741735
21424,-1.733846
21425,19.224398
21426,24.969793
21427,11.095566
21428,-15.842266
21429,-48.501740
21430,-39.971840
21431,-14.908203
21432,4.976609
21433,18.746984
21434,25.929981
21435,25.001745
21436,17.137432
21437,4.259369
21438,-14.353455
21439,-5.261010
21440,-6.622033
21441,-6.365694
21442,-6.262445
21443,-13.535350
21444,-4.869543
21445,17.377996
21446,30.521162
21447,23.145601
21448,-7.957608
21449,-46.455872
21450,-49.355389
21451,-33.453320
21452,-6.802397
21453,23.400385
21454,37.389622
21455,51.690121
21456,38.421497
21457,16.628191
21458,11.818961
21459,-16.376415
21460,-43.200264
21461,-57.063221
21462,-51.770741
21463,-17.820066
21464,25.082830
21465,43.821045
21466,56.160984
21467,26.419203
21468,-0.041422
21469,0.007608
21470,0.035232
21471,0.022697
21472,-0.018211
21473,-0.019009
21474,-0.004935
21475,-0.017589
21476,-0.052642
21477,-0.022992
21478,0.011622
21479,0.047082
21480,-0.008807
21481,-0.019283
21482,-0.017118
21483,0.045888
21484,0.102454
21485,0.061130
21486,0.042440
21487,0.004884
21488,-0.051830
21489,-0.071671
21490,-0.070067
21491,-0.041891
21492,-0.013189
21493,0.008844
21494,0.031268
21495,-0.025308
21496,-0.005456
21497,0.022797
21498,0.038766
21499,0.018142
21500,-0.027948
21501,-0.079446
21502,-0.042603
21503,-0.035581
21504,0.018048
21505,0.050761
21506,0.077094
21507,0.046585
21508,0.057732
21509,0.011769
21510,-0.016836
21511,-0.025909
21512,-0.024440
21513,-0.045877
21514,-0.061542
21515,-0.037749
21516,0.070029
21517,0.089729
21518,434.623840
21519,654.240784
21520,8.392190
21521,1268.863037
21522,1805.682861
21523,24.792610
21524,22.552200
21525,8.339084
21526,-11.729183
21527,-25.582600
21528,-27.420918
21529,-17.488586
21530,2.472601
21531,26.925667
21532,43.723419
21533,9.574859
21534,-46.941341
21535,-66.884888
21536,-24.649885
21537,3.908036
21538,37.601269
21539,48.652294
21540,50.083313
21541,34.079548
21542,38.971695
21543,-8.590405
21544,-69.267143
21545,-91.107071
21546,-45.982285
21547,7.730287
21548,31.328802
21549,22.949192
21550,10.648700
21551,15.120673
21552,4.070344
21553,-9.599023
21554,-13.121510
21555,5.474533
21556,20.284124
21557,13.844116
21558,-4.708748
21559,-7.605894
21560,-0.575499
21561,8.842988
21562,2.466431
21563,-2.602911
21564,-8.487571
21565,1.560757
21566,5.728023
21567,5.171499
21568,-1.328752
21569,-26.834673
21570,-48.825634
21571,-39.806999
21572,0.024937
21573,0.036894
21574,0.005921
21575,0.007013
21576,-0.029770
21577,-0.023026
21578,-0.043715
21579,-0.033206
21580,-0.020698
21581,-0.022758
21582,-0.021226
21583,0.034170
21584,0.020796
21585,-0.012381
21586,-0.005947
21587,0.061893
21588,0.042006
21589,-0.003197
21590,0.012046
21591,-0.005690
21592,-0.066538
21593,-0.072895
21594,-0.064353
21595,0.009064
21596,0.058831
21597,0.037891
21598,0.081789
21599,0.082159
21600,0.029730
21601,0.020618
21602,-0.037067
21603,-0.096269
21604,-0.051069
21605,-0.067711
21606,-0.060826
21607,-0.006396
21608,0.000987
21609,0.013218
21610,0.031652
21611,0.024795
21612,0.009306
21613,0.000134
21614,0.005014
21615,0.031523
21616,0.046043
21617,0.032528
21618,0.007864
21619,-0.036246
21620,-0.014556
21621,0.006943
21622,-0.058043
21623,-0.057906
21624,-0.002317
21625,-0.004165
21626,-0.000459
21627,0.034224
21628,0.035451
21629,0.039867
21630,0.058097
21631,0.014190
21632,0.012030
21633,0.016397
21634,-0.055004
21635,-0.113005
21636,-0.057697
21637,0.002494
21638,0.030965
21639,0.009859
21640,-0.000132
21641,0.039788
21642,0.052217
21643,-0.001215
21644,0.006610
21645,0.034948
21646,0.003121
21647,-0.008820
21648,-0.011628
21649,-0.024765
21650,0.007792
21651,-0.016150
21652,-0.046994
21653,-0.000230
21654,-0.022419
21655,-0.010914
21656,0.033657
21657,0.000182
21658,-0.006093
21659,-0.002528
21660,-0.030674
21661,0.009379
21662,0.040531
21663,-0.000617
21664,-0.032361
21665,-0.037253
21666,-0.015149
21667,0.000248
21668,0.008895
21669,0.082927
21670,0.013605
21671,-0.025504
21672,431.155548
21673,642.359497
21674,8.322608
21675,1285.562256
21676,1786.817139
21677,-34.975689
21678,-27.228077
21679,-14.153855
21680,4.431484
21681,25.418159
21682,33.500198
21683,18.369099
21684,-11.567326
21685,-14.449066
21686,-6.596221
21687,27.148390
21688,41.154026
21689,14.429334
21690,-23.706638
21691,-44.003120
21692,-39.143661
21693,-13.576567
21694,36.501987
21695,53.992538
21696,22.296974
21697,-15.270383
21698,-41.209553
21699,-73.850471
21700,-73.275940
21701,-29.998669
21702,24.835148
21703,60.625439
21704,61.242329
21705,48.398678
21706,39.108902
21707,34.737801
21708,9.998666
21709,-21.703724
21710,-20.284996
21711,-25.395876
21712,-53.924110
21713,-53.940571
21714,-13.186011
21715,-6.315115
21716,10.917886
21717,20.934509
21718,22.733227
21719,1.350646
21720,-8.563297
21721,-8.129919
21722,2.890846
21723,37.249458
21724,66.091309
21725,24.780615
21726,0.019674
21727,-0.012785
21728,-0.011663
21729,-0.001981
21730,-0.031533
21731,-0.055436
21732,0.015751
21733,0.065744
21734,0.043311
21735,-0.017884
21736,0.005779
21737,-0.009387
21738,0.043407
21739,0.052555
21740,0.002915
21741,0.011531
21742,-0.020451
21743,-0.042716
21744,-0.019101
21745,-0.055768
21746,-0.095263
21747,-0.058651
21748,-0.004120
21749,-0.004079
21750,0.014876
21751,0.037696
21752,0.015308
21753,0.044928
21754,0.050941
21755,0.067337
21756,0.038459
21757,-0.019115
21758,-0.070759
21759,-0.033207
21760,-0.026679
21761,-0.042549
21762,-0.013237
21763,-0.008117
21764,-0.008695
21765,0.048439
21766,0.051479
21767,0.034185
21768,0.053034
21769,0.058307
21770,0.015426
21771,0.006224
21772,-0.030614
21773,-0.038090
21774,-0.048309
21775,-0.067303
21776,-0.007060
21777,0.002424
21778,-0.005803
21779,-0.062894
21780,-0.059821
21781,-0.045687
21782,-0.020637
21783,0.049912
21784,0.061612
21785,-0.000745
21786,-0.013804
21787,0.017159
21788,0.061938
21789,0.086232
21790,0.050108
21791,0.053055
21792,0.046664
21793,-0.012691
21794,-0.058604
21795,-0.074552
21796,-0.070217
21797,-0.043426
21798,-0.004775
21799,0.004417
21800,0.043876
21801,0.048296
21802,-0.031401
21803,-0.074476
21804,-0.026737
21805,0.002126
21806,-0.032458
21807,-0.062470
21808,-0.080964
21809,-0.023501
21810,0.029380
21811,0.104950
21812,0.144076
21813,0.136078
21814,0.078382
21815,0.035182
21816,-0.059577
21817,-0.088513
21818,-0.123761
21819,-0.077403
21820,-0.077270
21821,-0.070749
21822,0.002329
21823,-0.003323
21824,0.029058
21825,0.105083
21826,0.076886
21827,0.068879
21828,0.028534
21829,0.039155
21830,0.031851
21831,-0.009664
21832,-0.042142
21833,-0.080613
21834,-0.119442
21835,-0.048786
21836,-0.042836
21837,-0.043998
21838,0.009269
21839,0.079581
21840,0.088407
21841,0.085415
21842,0.021610
21843,-0.084116
21844,-0.129234
21845,-0.067774
21846,-0.005153
21847,0.016445
21848,0.044558
21849,0.111825
21850,0.053099
21851,-0.000199
21852,-0.026574
21853,-0.011004
21854,0.024671
21855,0.030464
21856,0.032951
21857,-0.000058
21858,-0.044216
21859,-0.097003
21860,-0.062155
21861,-0.008604
21862,-0.005405
21863,0.013916
21864,0.047280
21865,0.079072
21866,0.055385
21867,0.052623
21868,-0.021805
21869,-0.056389
21870,-0.063861
21871,-0.046763
21872,-0.005580
21873,0.008811
21874,0.029588
21875,0.049668
21876,426.561188
21877,626.620667
21878,8.230434
21879,1307.683228
21880,1768.675293
21881,-14.530195
21882,-18.451900
21883,-41.850193
21884,-45.992424
21885,-2.346786
21886,14.924812
21887,26.480804
21888,44.686249
21889,23.953316
21890,-2.543148
21891,-33.019012
21892,-29.915476
21893,-15.960182
21894,-18.651358
21895,-24.106657
21896,-3.010276
21897,18.959005
21898,34.320206
21899,43.728210
21900,45.410694
21901,24.316143
21902,-21.840677
21903,-46.079842
21904,-30.888451
21905,-24.003658
21906,-7.458499
21907,10.095107
21908,12.526771
21909,3.534254
21910,-8.551553
21911,2.109293
21912,19.854988
21913,7.689860
21914,-7.960833
21915,2.558484
21916,12.518832
21917,-7.792714
21918,-12.623159
21919,2.097088
21920,-0.466835
21921,3.289330
21922,7.793705
21923,8.842825
21924,4.387981
21925,-6.203826
21926,-17.133932
21927,-33.596294
21928,-24.984087
21929,-13.509709
21930,0.095565
21931,0.005773
21932,-0.053593
21933,-0.098692
21934,-0.092494
21935,-0.033633
21936,-0.025621
21937,-0.005473
21938,0.048023
21939,0.050905
21940,0.011841
21941,-0.013896
21942,0.000136
21943,0.002719
21944,0.038379
21945,0.019246
21946,0.020371
21947,-0.010415
21948,-0.018584
21949,-0.058634
21950,-0.048288
21951,-0.012168
21952,-0.007129
21953,0.022578
21954,0.049091
21955,0.097674
21956,0.083239
21957,0.047294
21958,0.012671
21959,-0.021962
21960,-0.103689
21961,-0.102519
21962,-0.009565
21963,-0.014039
21964,-0.024036
21965,-0.018740
21966,0.011433
21967,0.001781
21968,0.021096
21969,0.044464
21970,0.041255
21971,-0.012429
21972,-0.006980
21973,0.022885
21974,0.010932
21975,-0.066734
21976,-0.038660
21977,0.004356
21978,-0.007247
21979,-0.011387
21980,0.003759
21981,0.016494
21982,0.018179
21983,0.043373
21984,0.048789
21985,0.029028
21986,-0.013634
21987,-0.053165
21988,-0.086782
21989,-0.062718
21990,-0.018901
21991,-0.004473
21992,0.019187
21993,0.056677
21994,0.072120
21995,0.061038
21996,0.011303
21997,-0.076708
21998,-0.088959
21999,-0.089526
22000,-0.064313
22001,-0.012037
22002,0.056717
22003,0.091138
22004,0.131874
22005,0.080933
22006,0.025746
22007,-0.021353
22008,-0.083297
22009,-0.065385
22010,-0.038677
22011,-0.000826
22012,0.003126
22013,-0.045976
22014,-0.060170
22015,-0.006733
22016,0.006101
22017,0.067794
22018,0.071392
22019,0.095792
22020,0.039411
22021,-0.009017
22022,-0.032310
22023,-0.078770
22024,-0.073967
22025,-0.010281
22026,-0.027859
22027,-0.008016
22028,0.034091
22029,0.024541
22030,0.000315
22031,0.009933
22032,0.019145
22033,-0.000301
22034,0.001884
22035,0.011452
22036,-0.006164
22037,-0.007735
22038,0.021743
22039,0.050086
22040,-0.006228
22041,-0.073393
22042,-0.072104
22043,-0.062751
22044,-0.006110
22045,0.004694
22046,-0.001040
22047,0.030430
22048,0.010378
22049,0.021972
22050,0.066444
22051,0.023807
22052,0.018102
22053,-0.034970
22054,-0.045496
22055,0.008170
22056,0.048057
22057,0.010835
22058,-0.026971
22059,-0.055148
22060,-0.068002
22061,-0.026423
22062,0.044800
22063,0.074005
22064,0.084752
22065,0.047260
22066,-0.049326
22067,-0.052931
22068,-0.041189
22069,-0.070061
22070,-0.006645
22071,0.057655
22072,0.082480
22073,0.060061
22074,0.032674
22075,-0.056310
22076,-0.145129
22077,-0.089227
22078,0.001618
22079,0.042662
22080,0.062708
22081,0.015472
22082,0.039308
22083,0.034663
22084,0.014329
22085,-0.001820
22086,-0.003019
22087,-0.028332
22088,-0.059778
22089,-0.026153
22090,-0.007856
22091,-0.003937
22092,0.003389
22093,-0.005538
22094,-0.006798
22095,0.047202
22096,0.058624
22097,-0.002810
22098,-0.030306
22099,-0.024037
22100,-0.020204
22101,-0.007458
22102,-0.047088
22103,-0.010370
22104,0.027684
22105,0.045135
22106,0.017363
22107,0.004707
22108,0.018399
22109,0.019240
22110,0.009478
22111,0.011514
22112,0.006928
22113,-0.030180
22114,-0.035748
22115,-0.058584
22116,-0.010962
22117,0.017611
22118,0.017124
22119,-0.009202
22120,-0.037664
22121,0.008562
22122,0.014693
22123,0.018975
22124,0.028633
22125,-0.005069
22126,0.022694
22127,0.037285
22128,-0.004713
22129,-0.063912
22130,-0.071515
22131,-0.078311
22132,-0.025332
22133,-0.025379
22134,0.095212
22135,0.146419
22136,0.148745
22137,0.101756
22138,-0.020708
22139,-0.051578
22140,-0.085383
22141,-0.065705
22142,-0.053229
22143,-0.067694
22144,-0.102872
22145,-0.078269
22146,0.035951
22147,0.052735
22148,0.027953
22149,0.051926
22150,0.061851
22151,0.001777
22152,0.029348
22153,-0.000786
22154,-0.011879
22155,-0.008239
22156,-0.024569
22157,-0.020680
22158,0.019700
22159,0.061827
22160,0.027790
22161,0.006750
22162,-0.021274
22163,-0.073495
22164,-0.086233
22165,-0.039341
22166,0.005946
22167,0.008038
22168,0.031659
22169,0.074230
22170,0.063130
22171,-0.010675
22172,0.039948
22173,0.006077
22174,-0.032711
22175,-0.034818
22176,-0.044043
22177,-0.002639
22178,0.023441
22179,0.032200
22180,0.033438
22181,0.044985
22182,0.012088
22183,-0.029943
22184,-0.039745
22185,-0.027996
22186,0.016558
22187,0.025839
22188,-0.058436
22189,-0.028518
22190,0.017812
22191,0.031492
22192,0.063335
22193,0.029751
22194,0.011972
22195,-0.019793
22196,0.007182
22197,-0.009489
22198,-0.030431
22199,-0.029939
22200,0.001183
22201,-0.003828
22202,-0.035407
22203,-0.003763
22204,0.016786
22205,0.034373
22206,0.021160
22207,0.013887
22208,0.013546
22209,0.011708
22210,-0.030100
22211,0.007527
22212,0.030247
22213,0.004434
22214,0.032355
22215,-0.008597
22216,-0.050632
22217,-0.018449
22218,0.009703
22219,0.020928
22220,-0.017617
22221,0.035663
22222,0.014735
22223,-0.046078
22224,-0.051722
22225,-0.050349
22226,-0.008570
22227,0.040668
22228,0.059369
22229,0.016872
22230,-0.020705
22231,-0.042856
22232,-0.000747
22233,0.019508
22234,0.025577
22235,0.027604
22236,-0.015923
22237,-0.016213
22238,-0.019641
22239,-0.037809
22240,-0.038433
22241,-0.007707
22242,-0.008826
22243,0.004785
22244,0.030271
22245,0.016519
22246,0.018859
22247,-0.001996
22248,-0.017721
22249,-0.026513
22250,-0.042014
22251,0.017778
22252,0.082549
22253,0.051384
22254,0.053738
22255,0.054232
22256,0.008491
22257,-0.060489
22258,-0.105206
22259,-0.047124
22260,0.002371
22261,0.018199
22262,0.020817
22263,-0.000534
22264,0.001040
22265,0.016156
22266,0.007860
22267,0.006132
22268,-0.008984
22269,-0.085726
22270,-0.079074
22271,-0.009349
22272,0.046451
22273,0.046951
22274,0.041977
22275,0.096710
22276,0.019483
22277,-0.011216
22278,-0.039581
22279,-0.073466
22280,-0.059254
22281,-0.064921
22282,-0.014308
22283,0.035360
22284,0.039433
22285,0.022969
22286,0.070154
22287,0.018372
22288,-0.027709
22289,-0.060704
22290,-0.082829
22291,-0.037014
22292,0.001029
22293,0.061650
22294,0.082914
22295,0.070047
22296,0.033364
22297,0.023233
22298,-0.018409
22299,-0.043030
22300,-0.045940
22301,-0.040625
22302,0.015257
22303,-0.005567
22304,-0.027201
22305,-0.011416
22306,0.023933
22307,-0.006052
22308,-0.054480
22309,-0.025630
22310,-0.027669
22311,0.029028
22312,0.046548
22313,0.024757
22314,0.023563
22315,-0.009860
22316,-0.015804
22317,-0.019285
22318,-0.059376
22319,-0.085805
22320,-0.051592
22321,0.052905
22322,0.065490
22323,0.047292
22324,0.024889
22325,0.009696
22326,0.000859
22327,0.011177
22328,0.049825
22329,0.059315
22330,0.039972
22331,-0.002546
22332,-0.014662
22333,-0.052944
22334,-0.064597
22335,-0.058661
22336,-0.025982
22337,-0.009955
22338,-0.008061
22339,0.013900
22340,0.017720
22341,0.026903
22342,0.018243
22343,0.001451
22344,-0.001311
22345,-0.002329
22346,-0.013671
22347,-0.022580
22348,-0.010906
22349,0.013383
22350,0.014288
22351,-0.005627
22352,-0.020073
22353,-0.037981
22354,-0.041633
22355,0.003954
22356,0.055192
22357,0.075184
22358,-0.008017
22359,-0.025593
22360,-0.013209
22361,0.011815
22362,-0.047221
22363,0.020710
22364,0.026643
22365,0.042808
22366,0.023692
22367,-0.013352
22368,-0.045433
22369,-0.051836
22370,-0.003444
22371,0.016309
22372,0.101974
22373,0.078475
22374,-0.000093
22375,-0.009919
22376,-0.063140
22377,-0.089861
22378,-0.081586
22379,-0.089932
22380,-0.044399
22381,0.037467
22382,0.091338
22383,0.124744
22384,0.047904
22385,0.019856
22386,0.029226
22387,-0.045760
22388,-0.035794
22389,-0.042240
22390,-0.038902
22391,-0.024114
22392,0.046442
22393,0.080173
22394,-0.011069
22395,-0.017683
22396,-0.020048
22397,-0.083229
22398,-0.070086
22399,-0.000549
22400,0.042940
22401,0.083245
22402,0.073742
22403,0.026763
22404,-0.018994
22405,-0.083648
22406,-0.055409
22407,0.012009
22408,0.033162
22409,0.066418
22410,0.011288
22411,-0.025866
22412,-0.027166
22413,-0.006259
22414,0.029288
22415,0.012834
22416,-0.056751
22417,-0.030974
22418,0.025508
22419,-0.005898
22420,0.033079
22421,0.007017
22422,-0.025757
22423,-0.008277
22424,-0.007144
22425,0.001111
22426,-0.010325
22427,-0.021782
22428,0.016132
22429,0.031067
22430,0.028409
22431,0.036149
22432,0.059508
22433,0.009704
22434,-0.009192
22435,-0.001606
22436,-0.087602
22437,-0.092570
22438,-0.039761
22439,-0.020036
22440,0.012287
22441,0.045537
22442,0.043589
22443,0.074254
22444,0.029249
22445,-0.029849
22446,-0.079590
22447,-0.066369
22448,-0.046997
22449,-0.018127
22450,0.044207
22451,0.077182
22452,0.062818
22453,0.028447
22454,0.005599
22455,0.012352
22456,-0.012679
22457,-0.047565
22458,-0.045256
22459,-0.031356
22460,-0.008817
22461,0.006825
22462,0.017464
22463,0.018020
22464,0.005523
22465,0.035573
22466,0.003771
22467,-0.057914
22468,-0.081997
22469,-0.054262
22470,0.008678
22471,0.080320
22472,0.112065
22473,0.064462
22474,0.024314
22475,-0.037879
22476,-0.098825
22477,-0.105136
22478,-0.064142
22479,-0.011275
22480,0.015516
22481,0.053974
22482,0.040944
22483,0.026304
22484,0.022269
22485,0.031959
22486,0.058558
22487,0.054768
22488,-0.025679
22489,-0.109671
22490,-0.069148
22491,-0.057704
22492,-0.026536
22493,0.058443
22494,0.058898
22495,0.046343
22496,0.009615
22497,-0.017994
22498,0.008531
22499,0.011437
22500,0.005439
22501,0.016206
22502,-0.002421
22503,0.019673
22504,0.007669
22505,0.001682
22506,0.050546
22507,0.012364
22508,-0.005518
22509,-0.051907
22510,-0.067874
22511,-0.033519
22512,-0.015617
22513,-0.032964
22514,-0.027714
22515,-0.020037
22516,-0.014076
22517,0.020982
22518,0.028109
22519,-0.020885
22520,-0.026760
22521,0.027506
22522,0.054866
22523,0.028290
22524,0.044220
22525,0.026912
22526,0.018842
22527,0.038772
22528,-0.008951
22529,-0.027759
22530,-0.055924
22531,-0.004946
22532,0.037948
22533,0.032027
22534,-0.011816
22535,0.000707
22536,-0.024535
22537,-0.046011
22538,-0.062514
22539,-0.062365
22540,-0.047934
22541,-0.051169
22542,-0.006238
22543,0.009644
22544,0.029731
22545,0.097579
22546,0.122303
22547,0.089379
22548,0.000295
22549,-0.001168
22550,-0.048016
22551,-0.038248
22552,0.029942
22553,-0.026851
22554,-0.029682
22555,-0.046330
22556,-0.059466
22557,-0.043276
22558,-0.027397
22559,0.018896
22560,0.096289
22561,0.064699
22562,0.007358
22563,0.019334
22564,0.014351
22565,0.003548
22566,-0.007575
22567,-0.057547
22568,-0.090605
22569,-0.083292
22570,-0.023314
22571,-0.004334
22572,0.041563
22573,0.027118
22574,0.032317
22575,0.013474
22576,-0.022734
22577,-0.045247
22578,0.028300
22579,0.048021
22580,410.706116
22581,572.306396
22582,7.912344
22583,1384.022461
22584,1707.452271
22585,39.932838
22586,2.291407
22587,-19.304848
22588,-27.732588
22589,-22.490286
22590,-6.848903
22591,5.925468
22592,26.421751
22593,24.241449
22594,6.028925
22595,-5.660336
22596,8.569402
22597,13.369666
22598,-12.025796
22599,-31.367815
22600,-22.664766
22601,-9.280025
22602,7.643985
22603,-18.683382
22604,-15.581978
22605,-13.717912
22606,6.447105
22607,42.616169
22608,45.504349
22609,26.929441
22610,-8.121257
22611,-10.236069
22612,10.614470
22613,-0.563420
22614,-19.191572
22615,-36.590931
22616,-25.337046
22617,-1.903582
22618,26.417686
22619,14.116538
22620,-20.962198
22621,-11.961295
22622,10.954989
22623,30.960045
22624,31.867189
22625,-6.291402
22626,-27.776051
22627,-49.665997
22628,-52.769028
22629,-16.368862
22630,31.695610
22631,57.288795
22632,56.904396
22633,16.413395
22634,0.030712
22635,0.071594
22636,0.028077
22637,-0.008043
22638,0.020009
22639,-0.034470
22640,-0.047369
22641,-0.030879
22642,-0.032198
22643,-0.003134
22644,0.037903
22645,0.008985
22646,0.032221
22647,-0.007246
22648,-0.028547
22649,0.012285
22650,-0.005616
22651,-0.019352
22652,-0.003902
22653,-0.007178
22654,-0.023420
22655,-0.018319
22656,-0.025365
22657,-0.048201
22658,0.017557
22659,0.040810
22660,0.041959
22661,0.075901
22662,0.111638
22663,0.079408
22664,-0.014363
22665,-0.077078
22666,-0.166575
22667,-0.162649
22668,-0.048115
22669,0.066307
22670,0.094512
22671,0.045534
22672,0.016713
22673,0.030944
22674,-0.051976
22675,-0.024497
22676,-0.001169
22677,0.012836
22678,-0.038536
22679,-0.030447
22680,0.019344
22681,0.045852
22682,0.056268
22683,0.047669
22684,0.047596
22685,0.019276
22686,0.007793
22687,-0.019400
22688,-0.018683
22689,-0.048198
22690,-0.059806
22691,-0.021240
22692,-0.054819
22693,-0.075996
22694,-0.043123
22695,0.066146
22696,0.130330
22697,0.066919
22698,0.029583
22699,0.014028
22700,-0.059111
22701,-0.108753
22702,-0.109995
22703,-0.060642
22704,0.030612
22705,0.081311
22706,0.051825
22707,0.050881
22708,0.048749
22709,0.020422
22710,-0.017700
22711,-0.014598
22712,-0.040930
22713,-0.030666
22714,-0.039969
22715,-0.014230
22716,-0.010236
22717,-0.016291
22718,0.025986
22719,-0.004443
22720,0.001784
22721,0.013275
22722,0.017975
22723,0.040284
22724,0.040423
22725,0.050961
22726,0.005974
22727,-0.030426
22728,-0.041033
22729,-0.039066
22730,0.008749
22731,-0.003061
22732,0.012091
22733,0.008649
22734,0.021307
22735,0.001704
22736,-0.026154
22737,-0.041237
22738,-0.036179
22739,-0.015956
22740,0.019459
22741,0.052303
22742,0.010157
22743,0.006752
22744,0.012681
22745,-0.001209
22746,-0.001385
22747,0.005922
22748,-0.000167
22749,-0.040043
22750,0.007597
22751,-0.011043
22752,-0.018288
22753,-0.004436
22754,-0.004144
22755,-0.001957
22756,-0.017430
22757,0.010990
22758,0.031796
22759,0.015651
22760,-0.006946
22761,-0.017106
22762,-0.035919
22763,-0.063600
22764,0.000122
22765,0.033366
22766,0.048585
22767,0.062191
22768,0.003178
22769,-0.040639
22770,-0.040962
22771,-0.029640
22772,0.033949
22773,0.082958
22774,0.072228
22775,0.059624
22776,-0.007169
22777,-0.021532
22778,-0.080409
22779,-0.081567
22780,-0.052097
22781,-0.041432
22782,0.004826
22783,0.075842
22784,0.039996
22785,-0.052450
22786,-0.049079
22787,-0.020290
22788,0.001864
22789,0.041702
22790,0.081055
22791,0.040648
22792,-0.004082
22793,-0.015508
22794,-0.009961
22795,0.034688
22796,-0.001036
22797,-0.058945
22798,-0.064303
22799,-0.048983
22800,-0.021481
22801,0.003731
22802,-0.011740
22803,0.030712
22804,0.055392
22805,0.032523
22806,0.022922
22807,-0.021631
22808,-0.029769
22809,0.027242
22810,0.071042
22811,0.045071
22812,-0.001276
22813,-0.033993
22814,-0.021193
22815,-0.044562
22816,-0.062446
22817,-0.048611
22818,0.027714
22819,0.036490
22820,-0.013171
22821,-0.021871
22822,-0.028711
22823,-0.063490
22824,-0.021909
22825,0.044473
22826,0.072472
22827,0.077416
22828,0.030458
22829,0.010341
22830,0.002016
22831,-0.020672
22832,-0.081102
22833,-0.060213
22834,0.028350
22835,0.028699
22836,0.049844
22837,0.036735
22838,0.001396
22839,0.003256
22840,-0.002460
22841,-0.027785
22842,-0.050307
22843,-0.112089
22844,-0.119352
22845,-0.045536
22846,0.055803
22847,0.063692
22848,0.095453
22849,0.083363
22850,0.086386
22851,0.043410
22852,-0.021327
22853,-0.012030
22854,-0.012855
22855,-0.051749
22856,-0.004300
22857,-0.023182
22858,-0.048111
22859,-0.047639
22860,-0.011199
22861,-0.012898
22862,0.023801
22863,0.022668
22864,0.027418
22865,0.026944
22866,0.020361
22867,0.063477
22868,0.073865
22869,0.024033
22870,-0.003486
22871,-0.024527
22872,-0.132640
22873,-0.120809
22874,-0.067776
22875,-0.045521
22876,0.013052
22877,0.057547
22878,0.053434
22879,0.057170
22880,0.035334
22881,-0.002112
22882,-0.020988
22883,-0.027745
22884,0.016368
22885,0.013737
22886,-0.041339
22887,-0.031076
22888,0.018825
22889,0.057433
22890,0.033168
22891,-0.009657
22892,-0.022560
22893,-0.005113
22894,-0.026728
22895,-0.034292
22896,0.024006
22897,0.048662
22898,0.027565
22899,0.020602
22900,-0.034835
22901,-0.068883
22902,0.031634
22903,0.008883
22904,0.027659
22905,0.040282
22906,0.055616
22907,0.043738
22908,-0.019653
22909,-0.048261
22910,-0.056939
22911,-0.059461
22912,-0.019455
22913,-0.000509
22914,0.024952
22915,0.040836
22916,0.025971
22917,-0.046766
22918,-0.026236
22919,-0.008972
22920,-0.039731
22921,-0.066183
22922,-0.029514
22923,0.054213
22924,0.031446
22925,0.025746
22926,0.019546
22927,-0.024286
22928,-0.026290
22929,-0.021750
22930,-0.020073
22931,0.030859
22932,0.025475
22933,-0.015897
22934,-0.023622
22935,0.014145
22936,0.017852
22937,0.063493
22938,0.070713
22939,0.026122
22940,-0.035727
22941,-0.045544
22942,0.010624
22943,-0.004157
22944,0.009555
22945,-0.003054
22946,-0.033215
22947,-0.022104
22948,-0.036021
22949,-0.056766
22950,-0.019318
22951,0.029192
22952,0.033173
22953,0.013886
22954,-0.023212
22955,-0.010759
22956,0.028789
22957,0.010725
22958,-0.022394
22959,-0.049691
22960,-0.051692
22961,-0.002993
22962,0.037407
22963,0.074904
22964,0.058919
22965,0.027661
22966,0.017339
22967,-0.011096
22968,-0.049737
22969,-0.055579
22970,-0.076238
22971,-0.065680
22972,-0.003613
22973,0.026203
22974,0.036550
22975,0.078181
22976,0.066061
22977,-0.001311
22978,-0.018192
22979,-0.014410
22980,-0.027925
22981,0.009217
22982,0.015931
22983,0.021167
22984,0.039317
22985,-0.045743
22986,-0.047957
22987,-0.015718
22988,-0.015007
22989,0.040307
22990,0.036779
22991,0.046043
22992,0.046038
22993,-0.022997
22994,-0.049182
22995,0.011739
22996,0.021474
22997,-0.005035
22998,-0.054567
22999,-0.097021
23000,-0.064655
23001,-0.023409
23002,-0.013512
23003,0.035081
23004,0.008881
23005,0.002104
23006,-0.012903
23007,-0.025976
23008,-0.013395
23009,0.038572
23010,0.049225
23011,0.055924
23012,0.015154
23013,0.005297
23014,0.028481
23015,0.045825
23016,0.001522
23017,-0.063012
23018,-0.098612
23019,-0.065716
23020,-0.002389
23021,0.018526
23022,0.041637
23023,0.023385
23024,0.032772
23025,0.033869
23026,-0.004061
23027,-0.001884
23028,0.004480
23029,-0.006480
23030,0.033812
23031,-0.005250
23032,-0.095768
23033,-0.098214
23034,-0.018239
23035,0.010303
23036,-0.011805
23037,0.017532
23038,0.053226
23039,0.071010
23040,0.041906
23041,0.020927
23042,0.022721
23043,0.002617
23044,-0.033677
23045,-0.022985
23046,-0.007030
23047,-0.052989
23048,-0.065133
23049,-0.054695
23050,-0.055660
23051,0.036232
23052,0.079472
23053,0.062524
23054,0.047436
23055,0.012583
23056,-0.039857
23057,-0.030416
23058,-0.013544
23059,-0.049039
23060,-0.069132
23061,-0.062116
23062,0.024650
23063,0.057939
23064,0.089957
23065,0.076310
23066,0.047237
23067,-0.011406
23068,-0.054608
23069,-0.018737
23070,-0.029295
23071,-0.033805
23072,0.007974
23073,0.065986
23074,0.050967
23075,-0.042501
23076,-0.103093
23077,-0.082518
23078,-0.028081
23079,0.008277
23080,0.074326
23081,0.077008
23082,0.077206
23083,-0.000852
23084,-0.048756
23085,-0.003665
23086,0.005090
23087,0.005956
23088,0.001265
23089,0.005272
23090,-0.001206
23091,-0.060321
23092,-0.001764
23093,0.025060
23094,-0.001742
23095,0.005311
23096,-0.006805
23097,0.002875
23098,0.030167
23099,0.013052
23100,0.050816
23101,0.049462
23102,-0.020311
23103,-0.035711
23104,-0.071438
23105,-0.063971
23106,-0.065458
23107,-0.049466
23108,0.012993
23109,0.010703
23110,-0.029736
23111,-0.028139
23112,0.042319
23113,0.028850
23114,0.010238
23115,0.053372
23116,0.082510
23117,0.069075
23118,0.019241
23119,-0.016074
23120,-0.017693
23121,-0.029391
23122,-0.019148
23123,-0.037326
23124,-0.022873
23125,0.005858
23126,-0.010710
23127,-0.056871
23128,-0.046448
23129,0.028401
23130,0.020032
23131,0.026139
23132,0.077723
23133,0.074159
23134,0.024636
23135,0.012992
23136,-0.035961
23137,-0.074249
23138,-0.110473
23139,-0.074802
23140,-0.022987
23141,0.011451
23142,0.066357
23143,-0.004072
23144,-0.041028
23145,-0.011538
23146,0.012196
23147,0.035186
23148,0.034394
23149,0.028076
23150,-0.019347
23151,0.014640
23152,-0.022114
23153,0.003322
23154,-0.007382
23155,-0.041575
23156,-0.055542
23157,-0.012462
23158,0.049880
23159,0.081448
23160,0.107930
23161,0.040553
23162,-0.035013
23163,-0.048479
23164,-0.067823
23165,-0.029001
23166,-0.009117
23167,-0.006390
23168,0.038038
23169,0.031707
23170,0.040240
23171,0.000980
23172,-0.020313
23173,-0.008446
23174,-0.002867
23175,-0.003751
23176,-0.016851
23177,-0.026503
23178,-0.040180
23179,-0.030481
23180,-0.026138
23181,-0.032457
23182,-0.001097
23183,0.006428
23184,-0.019358
23185,0.006837
23186,0.009221
23187,0.053259
23188,0.092309
23189,0.035359
23190,0.039365
23191,0.004451
23192,-0.065851
23193,-0.016674
23194,-0.023147
23195,-0.026662
23196,0.018205
23197,-0.016299
23198,-0.043631
23199,-0.024140
23200,-0.012601
23201,0.003929
23202,0.006018
23203,-0.009890
23204,0.021723
23205,0.007144
23206,-0.026286
23207,0.034385
23208,0.050347
23209,0.049341
23210,-0.011086
23211,-0.016801
23212,-0.012422
23213,-0.010111
23214,-0.027280
23215,-0.018743
23216,0.011848
23217,-0.010297
23218,-0.025184
23219,0.005697
23220,-0.006882
23221,-0.018255
23222,-0.023890
23223,-0.028135
23224,0.024754
23225,0.054889
23226,0.032186
23227,-0.002217
23228,-0.016075
23229,-0.024731
23230,-0.019381
23231,-0.002476
23232,-0.029267
23233,-0.023877
23234,-0.000775
23235,-0.009033
23236,0.043540
23237,0.111658
23238,0.044873
23239,0.042782
23240,0.053309
23241,-0.014376
23242,-0.043092
23243,-0.057809
23244,-0.050937
23245,-0.013381
23246,-0.023778
23247,-0.011534
23248,-0.046207
23249,-0.073019
23250,-0.006719
23251,0.044711
23252,0.035003
23253,0.086751
23254,0.049612
23255,-0.002453
23256,-0.009239
23257,-0.028460
23258,-0.012626
23259,0.001169
23260,0.019666
23261,0.035613
23262,-0.045558
23263,-0.045584
23264,0.009056
23265,-0.002466
23266,-0.012907
23267,-0.063122
23268,-0.058906
23269,0.008959
23270,0.029699
23271,0.030282
23272,0.047483
23273,0.032224
23274,0.058430
23275,0.055977
23276,-0.008900
23277,-0.002181
23278,-0.051807
23279,-0.070622
23280,-0.033386
23281,-0.008442
23282,0.009230
23283,0.006412
23284,-0.045425
23285,-0.036872
23286,-0.022210
23287,0.036730
23288,0.063062
23289,-0.001816
23290,-0.011797
23291,-0.005166
23292,-0.009766
23293,0.023216
23294,0.050931
23295,0.036506
23296,-0.010765
23297,-0.034663
23298,-0.058732
23299,-0.067274
23300,-0.037979
23301,-0.010446
23302,0.028066
23303,0.076488
23304,0.013836
23305,-0.000424
23306,0.017180
23307,0.025421
23308,0.050576
23309,0.010351
23310,-0.065288
23311,-0.077799
23312,-0.070888
23313,-0.026651
23314,0.000296
23315,0.035444
23316,0.032330
23317,0.037258
23318,-0.011908
23319,-0.005177
23320,0.072158
23321,0.067160
23322,0.049367
23323,0.040744
23324,-0.046186
23325,-0.031200
23326,0.017732
23327,-0.005455
23328,-0.059107
23329,-0.053644
23330,-0.075944
23331,-0.075103
23332,-0.037799
23333,-0.042220
23334,0.025980
23335,0.075201
23336,0.086085
23337,0.079069
23338,-0.000451
23339,-0.030301
23340,-0.002482
23341,-0.015501
23342,-0.009183
23343,0.014999
23344,-0.033226
23345,0.001112
23346,0.014804
23347,0.008251
23348,-0.006759
23349,-0.001079
23350,0.000061
23351,-0.005267
23352,-0.029990
23353,-0.001782
23354,-0.004420
23355,0.010134
23356,0.011665
23357,0.003569
23358,-0.030394
23359,-0.073817
23360,-0.029194
23361,0.016925
23362,0.052159
23363,0.053838
23364,0.041498
23365,0.058494
23366,0.021493
23367,0.032290
23368,-0.009104
23369,-0.043791
23370,-0.017346
23371,-0.038072
23372,-0.016359
23373,-0.041540
23374,-0.032371
23375,-0.043086
23376,0.001630
23377,-0.011288
23378,-0.017905
23379,0.033777
23380,0.032615
23381,0.085396
23382,0.089827
23383,-0.003781
23384,-0.062612
23385,-0.064838
23386,-0.036964
23387,-0.052849
23388,-0.037995
23389,-0.033949
23390,-0.030130
23391,-0.011462
23392,0.022325
23393,0.063339
23394,0.028182
23395,0.068030
23396,0.055055
23397,0.032111
23398,0.015836
23399,-0.038061
23400,0.011620
23401,0.013359
23402,-0.017728
23403,-0.023344
23404,-0.025491
23405,-0.001055
23406,0.007971
23407,0.012805
23408,0.020231
23409,0.058676
23410,0.004061
23411,0.035153
23412,0.003434
23413,-0.054389
23414,-0.053935
23415,-0.059895
23416,-0.053063
23417,-0.038075
23418,0.043634
23419,0.060598
23420,0.022316
23421,0.043449
23422,0.025472
23423,-0.006058
23424,0.003962
23425,-0.063962
23426,-0.020506
23427,-0.010873
23428,-0.009928
23429,0.016380
23430,-0.011888
23431,-0.037249
23432,-0.038639
23433,-0.047879
23434,391.472839
23435,506.419373
23436,7.526478
23437,1476.627197
23438,1626.541748
23439,57.201530
23440,57.927643
23441,37.422054
23442,1.395391
23443,-20.394798
23444,-31.024496
23445,-32.131451
23446,-23.151451
23447,-22.134821
23448,-6.790404
23449,-1.254783
23450,3.442902
23451,3.757381
23452,15.996883
23453,19.198507
23454,0.394251
23455,0.409755
23456,24.179529
23457,20.593737
23458,9.797637
23459,-7.797851
23460,-25.365196
23461,-20.422136
23462,-26.424179
23463,-19.192038
23464,-2.961604
23465,6.393703
23466,13.042204
23467,21.209719
23468,2.145459
23469,-7.589167
23470,-4.023033
23471,-20.577242
23472,-19.789810
23473,7.427873
23474,28.867947
23475,31.700790
23476,20.318213
23477,-4.197867
23478,-19.806808
23479,-17.927967
23480,-31.691999
23481,-14.741045
23482,13.167821
23483,27.193144
23484,14.380855
23485,-2.717692
23486,-0.435943
23487,15.013711
23488,-0.016093
23489,0.009987
23490,-0.006292
23491,0.048833
23492,0.062589
23493,0.014022
23494,-0.010393
23495,-0.002588
23496,0.026624
23497,0.085925
23498,0.076906
23499,0.029147
23500,0.006273
23501,-0.033485
23502,-0.072687
23503,-0.027928
23504,-0.008025
23505,-0.006746
23506,-0.006557
23507,-0.007816
23508,-0.036887
23509,-0.034411
23510,0.005478
23511,-0.016511
23512,0.014200
23513,0.053024
23514,0.006028
23515,-0.010430
23516,-0.019843
23517,0.003189
23518,0.051310
23519,0.021862
23520,-0.011449
23521,-0.022339
23522,-0.053810
23523,-0.039912
23524,-0.104489
23525,-0.041105
23526,-0.004246
23527,0.044711
23528,0.050839
23529,0.043976
23530,0.018354
23531,0.021672
23532,0.066303
23533,0.056999
23534,0.000083
23535,-0.019426
23536,-0.050442
23537,-0.066611
23538,0.017877
23539,0.028067
23540,-0.016386
23541,0.016025
23542,-0.030427
23543,-0.039034
23544,-0.000453
23545,-0.002017
23546,-0.002635
23547,0.037233
23548,0.051424
23549,0.073257
23550,0.057146
23551,0.014908
23552,-0.024813
23553,-0.077173
23554,-0.043658
23555,-0.001861
23556,-0.032405
23557,-0.007188
23558,-0.030360
23559,-0.021518
23560,-0.033485
23561,-0.024928
23562,-0.019269
23563,-0.003302
23564,0.019743
23565,0.063163
23566,0.123545
23567,0.055862
23568,0.006757
23569,0.019669
23570,-0.030706
23571,-0.085745
23572,-0.083592
23573,-0.012898
23574,-0.021295
23575,0.024635
23576,0.016813
23577,0.014991
23578,0.009361
23579,-0.040527
23580,-0.008168
23581,0.010847
23582,0.014884
23583,0.028087
23584,0.049269
23585,0.042678
23586,-0.041684
23587,-0.029573
23588,-0.023047
23589,-0.023402
23590,0.010278
23591,0.016727
23592,0.006273
23593,-0.022333
23594,-0.039768
23595,0.008029
23596,0.051404
23597,0.022484
23598,0.019276
23599,0.007057
23600,-0.059075
23601,-0.069261
23602,-0.062894
23603,-0.035544
23604,0.020720
23605,0.014425
23606,-0.004084
23607,-0.019470
23608,0.009418
23609,0.045841
23610,0.082436
23611,0.096829
23612,0.075331
23613,-0.034261
23614,-0.062793
23615,-0.023963
23616,-0.048657
23617,-0.048501
23618,-0.044096
23619,-0.021503
23620,-0.042330
23621,0.017845
23622,0.015605
23623,0.015825
23624,0.043452
23625,0.042244
23626,0.048175
23627,0.013137
23628,-0.008952
23629,0.035262
23630,-0.019009
23631,-0.074017
23632,-0.049798
23633,-0.055065
23634,-0.054783
23635,-0.035072
23636,-0.026253
23637,0.057290
23638,0.088510
23639,0.077433
23640,0.072198
23641,0.040922
23642,0.013300
23643,-0.014608
23644,-0.028605
23645,-0.023511
23646,-0.039413
23647,0.021533
23648,0.019496
23649,-0.034277
23650,-0.050853
23651,-0.015401
23652,0.031495
23653,0.028438
23654,0.031308
23655,0.040736
23656,0.029574
23657,0.000887
23658,-0.045638
23659,-0.046419
23660,-0.071146
23661,-0.069727
23662,0.012350
23663,0.022198
23664,0.018880
23665,0.020653
23666,0.013843
23667,-0.027355
23668,-0.069856
23669,-0.013352
23670,0.030953
23671,0.033767
23672,0.081287
23673,0.085037
23674,0.045175
23675,-0.019820
23676,0.034200
23677,0.000938
23678,-0.082042
23679,-0.059058
23680,-0.076266
23681,-0.079762
23682,-0.029475
23683,0.023889
23684,0.064310
23685,0.042177
23686,0.023622
23687,0.031685
23688,385.752411
23689,486.823029
23690,7.411712
23691,1504.170044
23692,1595.248169
23693,21.996714
23694,34.521946
23695,33.352852
23696,18.316589
23697,-11.898499
23698,-21.420561
23699,-3.716076
23700,20.986544
23701,20.330868
23702,12.730073
23703,-4.100410
23704,-1.214849
23705,6.124399
23706,7.304486
23707,0.522638
23708,-18.183516
23709,-10.764508
23710,-19.042351
23711,-8.933687
23712,-19.552126
23713,-25.955515
23714,-12.422858
23715,13.945089
23716,42.268188
23717,65.155975
23718,53.235031
23719,15.160192
23720,-31.475851
23721,-73.424759
23722,-62.414783
23723,-33.304729
23724,5.890743
23725,17.628395
23726,9.488378
23727,5.360436
23728,16.770445
23729,33.665058
23730,53.351185
23731,41.392132
23732,0.179133
23733,-39.079414
23734,-61.432106
23735,-44.900318
23736,-27.475979
23737,-1.325944
23738,30.225492
23739,52.835407
23740,45.309959
23741,6.005484
23742,-0.005333
23743,-0.053290
23744,-0.004477
23745,0.032169
23746,-0.003708
23747,0.018178
23748,0.043921
23749,0.033975
23750,-0.025221
23751,-0.040456
23752,-0.004692
23753,0.031428
23754,0.051332
23755,0.012346
23756,-0.042476
23757,-0.067925
23758,-0.046427
23759,-0.010123
23760,0.007761
23761,-0.000497
23762,0.055451
23763,0.050756
23764,0.010431
23765,-0.034214
23766,-0.032316
23767,-0.044569
23768,-0.045529
23769,-0.048778
23770,-0.063547
23771,-0.022663
23772,0.057439
23773,0.102942
23774,0.075679
23775,0.019531
23776,0.021020
23777,0.016159
23778,-0.020223
23779,-0.024869
23780,-0.027402
23781,-0.022299
23782,-0.037092
23783,0.007535
23784,0.029286
23785,-0.020540
23786,0.011295
23787,0.028886
23788,0.020309
23789,0.025723
23790,0.007014
23791,-0.008879
23792,-0.044652
23793,-0.056470
23794,0.007944
23795,-0.019477
23796,-0.043550
23797,-0.000458
23798,0.013581
23799,0.045797
23800,0.078344
23801,0.053519
23802,0.017096
23803,-0.024732
23804,-0.025030
23805,-0.052271
23806,-0.082028
23807,-0.021091
23808,0.038700
23809,0.039424
23810,0.105700
23811,0.082563
23812,0.012018
23813,-0.042100
23814,-0.114191
23815,-0.133407
23816,-0.074695
23817,-0.032019
23818,0.004745
23819,0.078420
23820,0.078936
23821,0.061121
23822,0.003257
23823,-0.040724
23824,-0.043064
23825,-0.030270
23826,-0.023131
23827,0.030086
23828,0.008687
23829,0.012920
23830,0.035262
23831,0.035030
23832,0.035947
23833,0.013994
23834,0.016856
23835,0.017932
23836,-0.028359
23837,-0.035086
23838,-0.010425
23839,-0.003573
23840,-0.012422
23841,-0.023865
23842,-0.025804
23843,-0.001947
23844,-0.049587
23845,-0.020266
23846,-0.000974
23847,0.034136
23848,0.048600
23849,0.036839
23850,-0.021920
23851,-0.048763
23852,0.001151
23853,0.007831
23854,-0.010682
23855,0.024447
23856,-0.014249
23857,-0.016425
23858,0.057749
23859,-0.002565
23860,0.006876
23861,0.016866
23862,-0.007938
23863,-0.049838
23864,-0.076936
23865,0.000440
23866,0.024730
23867,-0.028738
23868,0.020993
23869,0.011206
23870,-0.000356
23871,0.023198
23872,0.059328
23873,0.063793
23874,0.021499
23875,0.026883
23876,-0.002202
23877,-0.020351
23878,-0.109062
23879,-0.091496
23880,-0.062109
23881,-0.021013
23882,0.036934
23883,0.044048
23884,0.038190
23885,0.003959
23886,-0.046640
23887,-0.011285
23888,0.010994
23889,0.033213
23890,0.054050
23891,0.035793
23892,-0.012851
23893,-0.013226
23894,0.022731
23895,-0.006940
23896,0.059014
23897,0.071476
23898,-0.004701
23899,-0.031061
23900,-0.071794
23901,-0.086049
23902,-0.059328
23903,0.001342
23904,0.029389
23905,0.019458
23906,0.012208
23907,0.034638
23908,0.006542
23909,-0.032872
23910,-0.037138
23911,-0.035115
23912,-0.033677
23913,-0.022585
23914,0.001504
23915,0.011144
23916,0.015648
23917,0.014058
23918,-0.012664
23919,0.015609
23920,0.067288
23921,0.083978
23922,0.053754
23923,0.032466
23924,-0.042185
23925,-0.098266
23926,-0.100609
23927,-0.123318
23928,-0.064207
23929,0.041512
23930,0.053381
23931,0.123428
23932,0.099660
23933,0.053446
23934,0.036471
23935,0.002107
23936,-0.036575
23937,-0.039366
23938,-0.066156
23939,-0.076827
23940,-0.029224
23941,0.007109
23942,0.038231
23943,0.032846
23944,0.009788
23945,0.011948
23946,-0.013815
23947,-0.015823
23948,0.011443
23949,0.000937
23950,0.041271
23951,0.049258
23952,0.054833
23953,0.024999
23954,-0.041503
23955,-0.073355
23956,-0.051799
23957,-0.023122
23958,-0.047683
23959,0.022788
23960,0.031531
23961,0.024972
23962,0.009317
23963,-0.045262
23964,-0.044871
23965,0.017142
23966,0.007029
23967,0.017801
23968,0.024036
23969,0.009835
23970,0.002108
23971,0.007099
23972,-0.003280
23973,0.001469
23974,-0.007967
23975,-0.008244
23976,0.005023
23977,-0.011687
23978,0.004632
23979,0.019057
23980,-0.007575
23981,0.016895
23982,-0.010133
23983,0.008873
23984,0.022357
23985,-0.016674
23986,-0.014793
23987,0.008855
23988,-0.049175
23989,-0.009875
23990,-0.035342
23991,-0.033381
23992,-0.009964
23993,0.025270
23994,0.068304
23995,0.053321
23996,0.028312
23997,0.010462
23998,-0.010849
23999,-0.026226
24000,-0.071526
24001,-0.067054
24002,-0.047803
24003,-0.018412
24004,0.032668
24005,0.049205
24006,0.009651
24007,-0.009232
24008,-0.006494
24009,0.016731
24010,0.024074
24011,-0.007752
24012,-0.003153
24013,0.029194
24014,0.075342
24015,0.055052
24016,-0.049799
24017,-0.071120
24018,-0.044215
24019,-0.023176
24020,0.004764
24021,0.005779
24022,0.045190
24023,0.053479
24024,-0.001349
24025,-0.023513
24026,0.004338
24027,0.003692
24028,0.001960
24029,-0.009194
24030,-0.013566
24031,0.017922
24032,0.025553
24033,0.038434
24034,0.047054
24035,0.003748
24036,-0.039588
24037,-0.062513
24038,-0.081243
24039,-0.080348
24040,0.002198
24041,0.016525
24042,0.025991
24043,-0.014769
24044,-0.038998
24045,0.031481
24046,0.050179
24047,0.022611
24048,0.084445
24049,0.054866
24050,-0.000864
24051,0.010301
24052,-0.008026
24053,-0.037333
24054,-0.004821
24055,-0.027355
24056,-0.043520
24057,-0.010854
24058,-0.025026
24059,-0.040136
24060,-0.019490
24061,0.019897
24062,-0.008084
24063,-0.019921
24064,-0.062059
24065,-0.020787
24066,0.049612
24067,0.090478
24068,0.080789
24069,0.054486
24070,-0.011090
24071,-0.032694
24072,-0.059124
24073,-0.055499
24074,0.059567
24075,0.044745
24076,0.000818
24077,0.030277
24078,0.002951
24079,-0.004783
24080,-0.021761
24081,-0.036779
24082,0.028617
24083,0.016518
24084,0.002370
24085,0.004339
24086,-0.024166
24087,0.005482
24088,-0.004615
24089,-0.080392
24090,-0.052208
24091,-0.034950
24092,-0.022486
24093,-0.018754
24094,0.017380
24095,0.062006
24096,0.076261
24097,0.015180
24098,-0.016360
24099,-0.026514
24100,0.002904
24101,-0.013797
24102,0.002063
24103,-0.013271
24104,-0.059490
24105,-0.034878
24106,0.009332
24107,0.031798
24108,0.065006
24109,0.064169
24110,0.008665
24111,-0.059756
24112,-0.048483
24113,-0.015427
24114,0.011132
24115,0.037796
24116,0.048928
24117,0.024157
24118,-0.038375
24119,-0.033395
24120,0.050914
24121,0.066470
24122,-0.014059
24123,-0.003524
24124,-0.029815
24125,-0.022919
24126,-0.010587
24127,-0.040266
24128,-0.006399
24129,0.011309
24130,-0.020431
24131,-0.026822
24132,-0.050622
24133,-0.005475
24134,0.057089
24135,0.019732
24136,0.020194
24137,-0.009347
24138,-0.036369
24139,-0.013394
24140,0.030310
24141,0.085936
24142,375.527710
24143,451.796448
24144,7.206580
24145,1553.400146
24146,1550.631470
24147,9.268852
24148,12.306835
24149,-14.508201
24150,-47.770363
24151,-38.925022
24152,-13.305938
24153,-0.190233
24154,5.840764
24155,-1.205623
24156,-23.174810
24157,-5.536672
24158,14.345572
24159,22.730980
24160,22.328671
24161,-0.791025
24162,1.194094
24163,14.889556
24164,28.813625
24165,17.277655
24166,-7.216484
24167,-21.375303
24168,-1.193771
24169,18.555481
24170,3.431035
24171,-12.322948
24172,-38.997520
24173,-46.278881
24174,-27.166477
24175,-2.417940
24176,20.092287
24177,21.919416
24178,16.422552
24179,14.293625
24180,10.101404
24181,0.046871
24182,-39.035736
24183,-40.492085
24184,-9.935195
24185,33.208977
24186,63.265503
24187,55.105251
24188,1.386256
24189,-33.503494
24190,-51.992874
24191,-42.819580
24192,-6.842349
24193,24.428972
24194,41.090733
24195,33.728062
24196,0.062435
24197,-0.028752
24198,-0.074980
24199,-0.028891
24200,-0.062174
24201,-0.040995
24202,0.048757
24203,0.081140
24204,0.052799
24205,0.032794
24206,-0.018791
24207,-0.018157
24208,-0.000957
24209,0.003067
24210,0.014509
24211,0.041967
24212,0.001706
24213,-0.068519
24214,-0.107441
24215,-0.030544
24216,0.022397
24217,0.012610
24218,0.009865
24219,0.005206
24220,-0.020884
24221,-0.022736
24222,0.005987
24223,0.043493
24224,0.088156
24225,0.072113
24226,0.045598
24227,0.017518
24228,-0.048799
24229,-0.063508
24230,-0.050555
24231,-0.027498
24232,-0.047627
24233,-0.051980
24234,-0.015084
24235,0.046404
24236,0.023084
24237,0.018846
24238,-0.025688
24239,-0.062730
24240,-0.030290
24241,-0.033347
24242,-0.001228
24243,0.050603
24244,0.070458
24245,0.043695
24246,-0.073551
24247,-0.080470
24248,-0.037597
24249,0.018798
24250,0.047245
24251,0.112580
24252,0.105663
24253,0.029256
24254,-0.010120
24255,-0.026584
24256,-0.002047
24257,0.027492
24258,0.021960
24259,0.014564
24260,-0.005130
24261,-0.003633
24262,0.030887
24263,-0.003812
24264,0.004598
24265,0.045174
24266,0.001983
24267,-0.054863
24268,-0.096328
24269,-0.161343
24270,-0.144905
24271,-0.077891
24272,0.022562
24273,0.071135
24274,0.070763
24275,0.118782
24276,0.065702
24277,0.036827
24278,0.032185
24279,0.035083
24280,0.040365
24281,-0.014043
24282,-0.045003
24283,-0.032016
24284,-0.012835
24285,-0.028951
24286,0.038809
24287,0.055855
24288,0.009961
24289,-0.041987
24290,-0.114357
24291,-0.073346
24292,-0.030331
24293,-0.019207
24294,-0.001969
24295,0.011397
24296,-0.026074
24297,-0.020646
24298,-0.032047
24299,-0.020860
24300,-0.072807
24301,-0.086978
24302,-0.030872
24303,0.031219
24304,0.076453
24305,0.071339
24306,0.048987
24307,0.010071
24308,-0.029161
24309,-0.027737
24310,-0.023110
24311,-0.041209
24312,0.014555
24313,0.021002
24314,-0.051505
24315,0.000602
24316,0.047330
24317,0.085570
24318,0.031045
24319,0.000531
24320,-0.017076
24321,-0.012094
24322,-0.006582
24323,0.029899
24324,0.022779
24325,0.006675
24326,-0.036843
24327,-0.055579
24328,-0.046640
24329,0.001326
24330,0.006175
24331,-0.018159
24332,-0.037779
24333,-0.058303
24334,-0.069061
24335,0.005438
24336,0.032255
24337,0.038170
24338,0.088078
24339,0.041459
24340,-0.006245
24341,0.008313
24342,0.032626
24343,0.024561
24344,-0.026977
24345,-0.026369
24346,-0.026472
24347,-0.011636
24348,0.014797
24349,-0.034247
24350,-0.054873
24351,-0.053171
24352,-0.020474
24353,0.067035
24354,0.031622
24355,0.000320
24356,0.042996
24357,0.075386
24358,0.038884
24359,0.045146
24360,-0.010296
24361,-0.022726
24362,-0.026382
24363,-0.076495
24364,-0.016319
24365,-0.007131
24366,-0.031464
24367,0.032024
24368,-0.010199
24369,-0.044284
24370,0.010715
24371,0.025009
24372,0.012053
24373,0.008577
24374,0.010552
24375,-0.032644
24376,-0.023989
24377,0.015479
24378,0.021719
24379,0.003446
24380,0.016993
24381,0.025573
24382,0.017387
24383,0.004748
24384,-0.029182
24385,-0.034890
24386,-0.031258
24387,-0.005734
24388,-0.014761
24389,-0.059943
24390,-0.047444
24391,-0.032828
24392,0.023902
24393,0.071435
24394,0.073763
24395,0.057779
24396,0.022435
24397,-0.013603
24398,-0.041728
24399,-0.086236
24400,-0.032518
24401,0.095884
24402,0.140517
24403,0.097483
24404,0.037113
24405,0.009532
24406,-0.048876
24407,-0.108060
24408,-0.095246
24409,-0.052012
24410,-0.021195
24411,-0.026007
24412,-0.026268
24413,0.021041
24414,0.039951
24415,0.014555
24416,0.023531
24417,-0.005461
24418,-0.018862
24419,0.025548
24420,0.065038
24421,0.029093
24422,-0.039242
24423,-0.005847
24424,-0.030412
24425,-0.077418
24426,-0.087767
24427,-0.040856
24428,0.035868
24429,0.099860
24430,0.069324
24431,0.020914
24432,0.054100
24433,0.045741
24434,-0.001887
24435,0.010946
24436,-0.044890
24437,-0.064359
24438,-0.080828
24439,-0.087305
24440,-0.025134
24441,-0.026291
24442,-0.001724
24443,0.067253
24444,0.124441
24445,0.102254
24446,0.074104
24447,-0.005400
24448,0.009540
24449,0.005689
24450,-0.075110
24451,-0.087746
24452,-0.041350
24453,0.016815
24454,0.009098
24455,-0.019253
24456,0.011434
24457,0.004456
24458,-0.030535
24459,-0.007754
24460,0.042630
24461,0.021728
24462,-0.049381
24463,-0.045345
24464,-0.030976
24465,-0.036621
24466,0.040431
24467,0.058020
24468,0.014462
24469,-0.016283
24470,-0.003566
24471,0.029475
24472,0.023525
24473,0.002533
24474,0.006913
24475,-0.028494
24476,-0.010039
24477,-0.022196
24478,0.010369
24479,-0.018289
24480,-0.056188
24481,-0.014995
24482,0.070709
24483,0.044270
24484,0.038626
24485,0.057376
24486,0.010023
24487,-0.081761
24488,-0.109917
24489,-0.025815
24490,0.003418
24491,0.024757
24492,-0.013590
24493,-0.062663
24494,-0.018708
24495,-0.009234
24496,0.012774
24497,0.054538
24498,0.016729
24499,-0.014097
24500,0.038445
24501,0.040545
24502,0.050508
24503,0.031900
24504,-0.026575
24505,-0.022640
24506,-0.020644
24507,0.044216
24508,0.064762
24509,0.030556
24510,-0.023725
24511,-0.022592
24512,-0.055286
24513,-0.054367
24514,-0.034647
24515,-0.012594
24516,-0.001241
24517,-0.039239
24518,-0.034783
24519,-0.052713
24520,-0.052591
24521,0.017046
24522,0.019545
24523,0.041273
24524,0.074595
24525,0.072734
24526,0.028909
24527,0.005025
24528,0.000675
24529,-0.004343
24530,-0.042955
24531,-0.013739
24532,0.025403
24533,0.047256
24534,0.017244
24535,-0.046422
24536,-0.126254
24537,-0.090391
24538,-0.007533
24539,0.070654
24540,0.074494
24541,0.061937
24542,0.024266
24543,-0.008914
24544,0.012829
24545,-0.010729
24546,0.002411
24547,-0.018127
24548,-0.047845
24549,-0.047548
24550,-0.047123
24551,-0.001591
24552,0.050419
24553,0.128273
24554,0.132676
24555,0.030482
24556,-0.034963
24557,-0.008827
24558,-0.063797
24559,-0.066016
24560,-0.086891
24561,-0.124200
24562,-0.098901
24563,-0.039688
24564,0.001364
24565,-0.030713
24566,-0.027942
24567,0.042084
24568,0.076158
24569,0.089662
24570,0.119677
24571,0.112393
24572,0.058828
24573,0.020935
24574,-0.020635
24575,-0.055856
24576,-0.047297
24577,-0.034576
24578,-0.056204
24579,-0.013800
24580,-0.004314
24581,-0.016833
24582,0.003372
24583,-0.034210
24584,0.024763
24585,0.042033
24586,0.004115
24587,-0.009530
24588,0.022610
24589,0.011433
24590,0.018850
24591,0.066836
24592,0.028116
24593,-0.012951
24594,-0.022593
24595,-0.072623
24596,-0.101543
24597,-0.116325
24598,-0.035924
24599,0.090319
24600,0.083321
24601,0.070153
24602,0.082739
24603,0.027398
24604,0.004408
24605,-0.040075
24606,-0.103416
24607,-0.083999
24608,-0.067931
24609,-0.011264
24610,0.001835
24611,0.012641
24612,0.026801
24613,0.008207
24614,0.029642
24615,0.006900
24616,0.047753
24617,0.058433
24618,-0.001974
24619,-0.012106
24620,-0.067631
24621,-0.040596
24622,-0.014077
24623,-0.007665
24624,0.042712
24625,0.024506
24626,-0.021980
24627,0.029657
24628,0.047996
24629,0.013726
24630,-0.003996
24631,-0.038044
24632,-0.017903
24633,0.025361
24634,0.072929
24635,0.087860
24636,0.061994
24637,-0.010232
24638,-0.025927
24639,-0.000368
24640,-0.055106
24641,-0.062921
24642,-0.051579
24643,-0.037338
24644,-0.020304
24645,-0.058572
24646,-0.053635
24647,-0.011375
24648,-0.015885
24649,0.038155
24650,0.082691
24651,0.052497
24652,0.083148
24653,0.077300
24654,0.015513
24655,-0.028141
24656,-0.060367
24657,-0.078778
24658,-0.042723
24659,-0.030637
24660,-0.018489
24661,-0.038263
24662,-0.009003
24663,0.000042
24664,0.018533
24665,0.101467
24666,0.063230
24667,0.024318
24668,-0.022145
24669,-0.063422
24670,-0.065235
24671,-0.039893
24672,-0.018402
24673,-0.005603
24674,-0.013698
24675,0.005551
24676,0.050981
24677,0.027632
24678,0.022952
24679,0.050809
24680,0.057988
24681,0.045360
24682,-0.026597
24683,-0.067704
24684,-0.046991
24685,-0.006293
24686,0.006934
24687,0.010431
24688,0.039581
24689,0.011803
24690,0.037175
24691,0.051291
24692,-0.028970
24693,-0.073332
24694,-0.067843
24695,-0.077397
24696,-0.017590
24697,0.007306
24698,0.030380
24699,0.022326
24700,0.006665
24701,-0.000799
24702,0.003790
24703,-0.037586
24704,-0.004401
24705,0.018863
24706,0.030960
24707,0.024980
24708,-0.059591
24709,-0.094112
24710,-0.073711
24711,-0.009816
24712,0.061909
24713,0.076681
24714,0.091621
24715,0.074192
24716,-0.001667
24717,-0.053763
24718,-0.062139
24719,-0.055001
24720,-0.001374
24721,-0.019417
24722,-0.000592
24723,0.004792
24724,-0.031572
24725,-0.047278
24726,-0.014246
24727,0.011022
24728,0.071147
24729,0.080356
24730,0.088378
24731,0.074416
24732,0.013857
24733,-0.045926
24734,-0.101921
24735,-0.122253
24736,-0.037833
24737,-0.032924
24738,-0.006152
24739,0.067841
24740,0.054834
24741,0.053552
24742,0.050221
24743,0.000917
24744,-0.013578
24745,-0.040349
24746,-0.083578
24747,-0.071357
24748,-0.024722
24749,0.032753
24750,0.011548
24751,-0.018253
24752,0.018501
24753,-0.001026
24754,-0.046037
24755,-0.007175
24756,0.017398
24757,0.017910
24758,0.012257
24759,0.095010
24760,0.117181
24761,0.058562
24762,-0.024411
24763,-0.072092
24764,-0.057022
24765,-0.040966
24766,-0.003460
24767,-0.018055
24768,-0.011476
24769,0.023581
24770,0.014710
24771,0.004517
24772,0.058958
24773,0.053223
24774,0.027614
24775,0.039882
24776,-0.006726
24777,-0.032342
24778,-0.031983
24779,-0.083638
24780,-0.061762
24781,-0.059320
24782,-0.053761
24783,-0.030541
24784,-0.030649
24785,0.030700
24786,0.084341
24787,0.059236
24788,0.056436
24789,0.020737
24790,-0.036493
24791,-0.059555
24792,0.004306
24793,0.078012
24794,0.080336
24795,0.041232
24796,-0.009179
24797,-0.031501
24798,-0.033366
24799,-0.045967
24800,-0.031423
24801,-0.027233
24802,-0.022851
24803,0.042816
24804,0.069157
24805,0.011286
24806,-0.035103
24807,-0.052266
24808,-0.053957
24809,-0.023329
24810,-0.026510
24811,-0.026660
24812,0.052659
24813,0.052122
24814,0.046773
24815,0.006599
24816,-0.039222
24817,-0.015188
24818,-0.043328
24819,-0.004953
24820,0.008667
24821,-0.035673
24822,-0.013147
24823,-0.019449
24824,0.012453
24825,0.078435
24826,0.138108
24827,0.047436
24828,-0.044787
24829,-0.066471
24830,0.000983
24831,0.063680
24832,0.045399
24833,0.009800
24834,-0.039054
24835,-0.062931
24836,-0.068744
24837,-0.034831
24838,0.012906
24839,0.020458
24840,0.009066
24841,0.007153
24842,-0.018556
24843,-0.036233
24844,-0.030639
24845,-0.039431
24846,0.005785
24847,0.083387
24848,0.052714
24849,0.056264
24850,0.028200
24851,-0.024922
24852,-0.019249
24853,-0.040547
24854,-0.060600
24855,-0.062602
24856,-0.037798
24857,-0.031156
24858,-0.005317
24859,0.028365
24860,0.061981
24861,0.072778
24862,0.035910
24863,0.012058
24864,0.002553
24865,-0.024688
24866,-0.011928
24867,-0.012966
24868,-0.036665
24869,-0.021581
24870,-0.032485
24871,-0.030513
24872,-0.014025
24873,0.004112
24874,0.050379
24875,0.036135
24876,0.052372
24877,0.027713
24878,0.056356
24879,0.037334
24880,-0.018281
24881,-0.002024
24882,-0.032730
24883,-0.067873
24884,-0.034573
24885,-0.018642
24886,-0.030969
24887,0.007740
24888,-0.001576
24889,0.016819
24890,0.018146
24891,0.014552
24892,0.024790
24893,0.010932
24894,-0.029758
24895,-0.027164
24896,-0.025053
24897,-0.001974
24898,0.022389
24899,0.033636
24900,0.009126
24901,-0.023707
24902,-0.090212
24903,-0.125314
24904,-0.036259
24905,0.013875
24906,0.048703
24907,0.059286
24908,0.076091
24909,0.066600
24910,-0.001556
24911,-0.030976
24912,-0.016422
24913,0.001418
24914,0.036424
24915,0.034196
24916,-0.024373
24917,-0.030059
24918,-0.064691
24919,-0.058267
24920,-0.005345
24921,0.072838
24922,0.080260
24923,0.013612
24924,0.013315
24925,0.005164
24926,0.007464
24927,-0.038569
24928,-0.112425
24929,-0.107850
24930,-0.005904
24931,0.011957
24932,0.006119
24933,0.004292
24934,0.031939
24935,0.021142
24936,0.017127
24937,-0.002325
24938,0.013834
24939,0.014334
24940,0.015174
24941,0.047807
24942,0.037422
24943,-0.039108
24944,-0.048732
24945,-0.015081
24946,-0.002050
24947,0.029868
24948,0.031553
24949,0.000168
24950,0.021650
24951,-0.013927
24952,-0.067734
24953,-0.048229
24954,-0.025233
24955,0.036736
24956,0.110849
24957,0.031323
24958,-0.029054
24959,-0.043511
24960,-0.031752
24961,-0.032480
24962,-0.054898
24963,-0.005174
24964,0.039094
24965,0.041289
24966,0.001658
24967,-0.007381
24968,0.034465
24969,0.069277
24970,0.050025
24971,-0.010918
24972,-0.051044
24973,-0.018950
24974,-0.006246
24975,-0.029262
24976,-0.036786
24977,-0.048512
24978,-0.006588
24979,0.046124
24980,-0.003773
24981,-0.010817
24982,-0.022938
24983,-0.048350
24984,-0.002846
24985,0.061454
24986,0.063853
24987,0.039206
24988,-0.014377
24989,-0.033365
24990,-0.066767
24991,0.012279
24992,0.055211
24993,0.040683
24994,0.033603
24995,-0.001039
24996,356.294434
24997,385.909485
24998,6.820714
24999,1646.004761
25000,1468.921265
25001,29.698114
25002,33.473442
25003,12.833645
25004,-8.011089
25005,-6.199515
25006,-26.457390
25007,-24.278309
25008,-6.291846
25009,3.320212
25010,12.970963
25011,23.138443
25012,23.232977
25013,20.061932
25014,8.750827
25015,-2.387806
25016,-17.306309
25017,-26.551683
25018,-28.933702
25019,-23.497625
25020,-7.584636
25021,3.530511
25022,11.327387
25023,14.273152
25024,24.192760
25025,23.663399
25026,1.933119
25027,-18.124571
25028,-19.064547
25029,-11.886837
25030,-18.177450
25031,-6.073204
25032,2.892998
25033,22.441263
25034,33.282307
25035,31.871389
25036,17.026020
25037,-1.894613
25038,-52.922634
25039,-58.588055
25040,-11.393086
25041,19.502598
25042,28.643106
25043,8.518659
25044,12.105336
25045,7.154831
25046,1.831769
25047,0.377522
25048,-5.564655
25049,-17.708099
25050,0.012957
25051,0.038872
25052,-0.043019
25053,-0.081258
25054,-0.067465
25055,-0.128575
25056,-0.076008
25057,-0.025781
25058,-0.011356
25059,0.103417
25060,0.082290
25061,0.056496
25062,0.047918
25063,0.045450
25064,0.038550
25065,0.043574
25066,0.077991
25067,0.034416
25068,-0.000788
25069,-0.052172
25070,-0.137595
25071,-0.195088
25072,-0.113591
25073,-0.006753
25074,0.034922
25075,0.031206
25076,0.054967
25077,0.030462
25078,0.017489
25079,0.000402
25080,-0.018218
25081,-0.000122
25082,0.047743
25083,0.030443
25084,-0.035445
25085,0.011940
25086,0.055474
25087,0.062606
25088,0.094925
25089,0.035190
25090,-0.006388
25091,-0.043285
25092,-0.106574
25093,-0.123252
25094,-0.112599
25095,-0.018637
25096,0.055408
25097,0.069203
25098,0.031251
25099,0.034600
25100,0.027992
25101,-0.037952
25102,-0.004138
25103,0.014080
25104,-0.023822
25105,-0.063992
25106,-0.064874
25107,-0.046852
25108,-0.031898
25109,0.052377
25110,0.110272
25111,0.115984
25112,0.085190
25113,0.008239
25114,-0.067518
25115,-0.088118
25116,-0.080480
25117,0.009890
25118,0.076237
25119,0.045957
25120,-0.045494
25121,-0.079136
25122,-0.016485
25123,-0.013812
25124,0.009380
25125,0.053191
25126,0.004823
25127,0.006740
25128,-0.022581
25129,-0.005398
25130,0.002283
25131,-0.029720
25132,0.009289
25133,0.024502
25134,0.044546
25135,0.069182
25136,0.050232
25137,0.000978
25138,-0.051047
25139,-0.026229
25140,-0.037057
25141,-0.042614
25142,-0.024046
25143,-0.001502
25144,-0.002306
25145,0.027418
25146,0.103412
25147,-0.008090
25148,-0.045907
25149,-0.049291
25150,0.031406
25151,0.000126
25152,-0.026037
25153,-0.039783
25154,-0.061568
25155,-0.010967
25156,0.020782
25157,-0.015767
25158,0.028581
25159,0.010865
25160,-0.023390
25161,-0.026337
25162,-0.062836
25163,-0.046339
25164,0.021048
25165,0.041425
25166,0.038723
25167,-0.013383
25168,-0.034383
25169,-0.013165
25170,-0.040649
25171,-0.036482
25172,0.014583
25173,0.036216
25174,0.077173
25175,0.048431
25176,0.030795
25177,0.038490
25178,0.043924
25179,-0.034759
25180,-0.061375
25181,-0.024484
25182,-0.021524
25183,-0.049057
25184,-0.055521
25185,0.000150
25186,0.035751
25187,0.019262
25188,0.014007
25189,0.000309
25190,0.033463
25191,0.050395
25192,0.004565
25193,0.013642
25194,0.022096
25195,-0.053806
25196,0.006641
25197,0.018920
25198,-0.030338
25199,-0.014067
25200,0.003235
25201,-0.069766
25202,-0.108231
25203,-0.057549
25204,-0.018265
25205,-0.066658
25206,-0.024276
25207,0.071382
25208,0.104064
25209,0.132670
25210,0.078635
25211,0.034058
25212,0.029273
25213,0.005084
25214,-0.041461
25215,-0.079332
25216,-0.044692
25217,0.015485
25218,0.006244
25219,-0.024498
25220,-0.039793
25221,-0.067494
25222,-0.031621
25223,0.025710
25224,0.025619
25225,0.098913
25226,0.114134
25227,0.005079
25228,0.006923
25229,-0.017977
25230,-0.013594
25231,-0.009193
25232,-0.046154
25233,-0.057095
25234,-0.036707
25235,-0.026213
25236,-0.016114
25237,-0.031136
25238,-0.042397
25239,-0.010302
25240,-0.003619
25241,-0.002653
25242,0.045731
25243,0.107663
25244,0.064755
25245,0.035736
25246,0.021828
25247,-0.040880
25248,-0.060461
25249,-0.029422
25250,0.052445
25251,0.050372
25252,0.028827
25253,-0.038616
25254,-0.057402
25255,-0.010485
25256,-0.026778
25257,-0.001997
25258,0.061091
25259,0.039806
25260,-0.046536
25261,-0.065299
25262,-0.034932
25263,-0.038539
25264,-0.018053
25265,0.032558
25266,0.042537
25267,-0.000073
25268,-0.026192
25269,-0.025445
25270,-0.033201
25271,0.024962
25272,0.059450
25273,0.060689
25274,0.070756
25275,0.059121
25276,0.034576
25277,0.010944
25278,-0.057669
25279,-0.087084
25280,-0.055978
25281,-0.044636
25282,-0.003571
25283,0.058090
25284,0.023813
25285,0.009990
25286,-0.016302
25287,-0.027819
25288,-0.030337
25289,-0.046628
25290,-0.044715
25291,0.035777
25292,0.039541
25293,-0.002209
25294,-0.002051
25295,0.011553
25296,0.018792
25297,0.033170
25298,0.088683
25299,0.063856
25300,-0.019810
25301,0.041419
25302,0.016798
25303,0.048976
25304,0.048080
25305,0.002713
25306,-0.029310
25307,-0.033633
25308,-0.027827
25309,-0.055348
25310,-0.027258
25311,0.060023
25312,0.069947
25313,0.092780
25314,0.071790
25315,-0.029494
25316,-0.050856
25317,-0.068278
25318,-0.075095
25319,-0.090879
25320,-0.055802
25321,0.009197
25322,-0.007266
25323,0.033671
25324,0.072515
25325,0.094562
25326,0.101212
25327,0.074422
25328,0.038571
25329,-0.012016
25330,-0.069775
25331,-0.107287
25332,-0.091295
25333,-0.071893
25334,-0.082014
25335,0.013625
25336,0.066480
25337,0.051106
25338,0.026923
25339,0.060863
25340,0.069912
25341,0.027970
25342,0.010300
25343,-0.065592
25344,-0.113459
25345,-0.044529
25346,0.011411
25347,-0.025622
25348,-0.021128
25349,0.006834
25350,-0.009890
25351,0.009165
25352,0.079925
25353,0.035347
25354,-0.005461
25355,0.015790
25356,0.011480
25357,-0.010383
25358,0.012863
25359,0.035667
25360,0.024211
25361,-0.027543
25362,-0.034007
25363,0.017100
25364,-0.039417
25365,-0.081844
25366,-0.073582
25367,-0.027717
25368,0.070315
25369,0.080425
25370,0.058917
25371,-0.020906
25372,-0.120797
25373,-0.062993
25374,-0.017056
25375,0.029060
25376,0.124407
25377,0.091480
25378,0.045583
25379,0.041405
25380,0.012223
25381,-0.037021
25382,-0.042733
25383,-0.055707
25384,-0.100308
25385,-0.106256
25386,-0.073597
25387,0.009385
25388,0.085352
25389,0.057813
25390,0.047570
25391,0.042940
25392,0.005425
25393,-0.005128
25394,0.016083
25395,0.004234
25396,-0.030171
25397,-0.029790
25398,-0.015338
25399,-0.030881
25400,347.195770
25401,354.740509
25402,6.638174
25403,1689.813110
25404,1423.404785
25405,-7.624554
25406,6.669021
25407,14.712286
25408,15.223763
25409,11.091387
25410,-11.333554
25411,-28.060789
25412,-22.365974
25413,-16.309710
25414,-15.098171
25415,-32.914417
25416,-48.690174
25417,-40.651573
25418,9.861591
25419,43.746136
25420,50.509422
25421,27.926229
25422,8.316239
25423,-0.313657
25424,20.410879
25425,27.964619
25426,18.592457
25427,4.006553
25428,12.257152
25429,-7.233885
25430,-26.608768
25431,-33.513550
25432,-43.219341
25433,-33.137978
25434,2.999548
25435,27.639111
25436,52.830952
25437,43.880070
25438,10.264035
25439,-10.992377
25440,-32.662392
25441,-43.744766
25442,-40.679962
25443,-28.297197
25444,-6.530813
25445,23.298561
25446,64.112259
25447,65.798103
25448,51.510525
25449,7.098655
25450,-16.381464
25451,-26.279892
25452,-39.692959
25453,-61.160114
25454,-0.007613
25455,0.002153
25456,0.001381
25457,0.047524
25458,0.056913
25459,-0.028226
25460,-0.021106
25461,-0.022251
25462,-0.050722
25463,-0.022545
25464,0.017346
25465,0.005230
25466,0.036778
25467,0.063610
25468,0.029001
25469,0.002666
25470,0.000290
25471,-0.026181
25472,-0.025250
25473,-0.018066
25474,0.024756
25475,0.026095
25476,0.006727
25477,-0.007541
25478,-0.059702
25479,-0.017687
25480,0.028276
25481,0.039271
25482,0.040382
25483,0.035811
25484,-0.026136
25485,-0.053314
25486,-0.071565
25487,-0.058992
25488,-0.024116
25489,-0.007127
25490,0.019330
25491,-0.001767
25492,0.072759
25493,0.109546
25494,0.069017
25495,0.033015
25496,-0.075235
25497,-0.126801
25498,-0.120596
25499,-0.043310
25500,0.014111
25501,0.052811
25502,0.086171
25503,0.055430
25504,0.050554
25505,0.017094
25506,-0.004038
25507,-0.033901
25508,0.006899
25509,-0.000894
25510,-0.010394
25511,-0.021501
25512,-0.020959
25513,0.011525
25514,0.012977
25515,0.031550
25516,-0.043943
25517,-0.067790
25518,-0.020070
25519,-0.039544
25520,-0.027558
25521,0.011836
25522,0.029853
25523,0.033899
25524,0.110338
25525,0.079028
25526,0.022230
25527,0.034665
25528,0.020551
25529,0.007188
25530,-0.033289
25531,-0.078570
25532,-0.093618
25533,-0.089158
25534,-0.055565
25535,-0.058325
25536,-0.028787
25537,0.039182
25538,0.067541
25539,0.051399
25540,0.013538
25541,-0.036448
25542,-0.009464
25543,0.002786
25544,0.001892
25545,0.039404
25546,0.026982
25547,0.011652
25548,0.027604
25549,-0.022509
25550,-0.035977
25551,-0.025234
25552,0.010131
25553,0.026193
25554,0.005744
25555,0.012086
25556,0.006757
25557,0.053080
25558,0.011621
25559,-0.024541
25560,-0.025642
25561,0.011956
25562,-0.030590
25563,-0.064376
25564,-0.076670
25565,-0.025511
25566,0.059432
25567,0.073312
25568,0.052388
25569,0.048674
25570,0.013997
25571,-0.067403
25572,-0.069982
25573,-0.047664
25574,-0.035015
25575,-0.036090
25576,-0.017618
25577,-0.017386
25578,0.030044
25579,0.010609
25580,0.009675
25581,0.069436
25582,0.096677
25583,0.062423
25584,0.035414
25585,0.007190
25586,0.006513
25587,-0.020292
25588,-0.019678
25589,-0.018346
25590,-0.014690
25591,-0.009172
25592,-0.021460
25593,-0.027828
25594,-0.066340
25595,-0.048876
25596,-0.030843
25597,-0.003409
25598,-0.005316
25599,-0.029170
25600,-0.037086
25601,-0.015085
25602,0.080245
25603,0.123369
25604,0.067112
25605,0.050273
25606,0.014526
25607,-0.027381
25608,-0.085022
25609,-0.120336
25610,-0.091989
25611,-0.032176
25612,0.013216
25613,0.043833
25614,0.041526
25615,0.045181
25616,0.038662
25617,0.055444
25618,0.001121
25619,-0.019110
25620,-0.046207
25621,-0.054280
25622,0.002030
25623,-0.001583
25624,-0.044620
25625,-0.003202
25626,0.050802
25627,-0.013935
25628,-0.016206
25629,-0.028555
25630,0.031237
25631,0.132527
25632,0.138611
25633,0.091946
25634,0.020683
25635,-0.069552
25636,-0.124723
25637,-0.140932
25638,-0.101261
25639,-0.058273
25640,0.039881
25641,0.101458
25642,0.049387
25643,0.006111
25644,-0.029488
25645,-0.032819
25646,-0.016619
25647,0.040073
25648,0.069110
25649,0.002479
25650,-0.038471
25651,-0.031085
25652,-0.017739
25653,-0.006776
25654,-0.002437
25655,-0.014667
25656,0.029706
25657,0.030269
25658,0.043276
25659,0.019248
25660,-0.017882
25661,-0.038043
25662,-0.047195
25663,-0.061130
25664,-0.035809
25665,0.023220
25666,0.038380
25667,0.026608
25668,-0.003836
25669,-0.007961
25670,0.008074
25671,-0.003736
25672,0.032297
25673,-0.000594
25674,-0.022316
25675,-0.008345
25676,0.044853
25677,0.047875
25678,0.035068
25679,0.022752
25680,-0.013353
25681,-0.009737
25682,-0.010556
25683,-0.019545
25684,-0.013163
25685,-0.011272
25686,0.001008
25687,-0.017918
25688,-0.074694
25689,-0.036443
25690,-0.022221
25691,0.011526
25692,0.083642
25693,0.074744
25694,0.047837
25695,0.055859
25696,-0.015304
25697,-0.040100
25698,-0.022815
25699,-0.051068
25700,-0.067149
25701,-0.001558
25702,0.043256
25703,0.012186
25704,-0.029637
25705,-0.011988
25706,-0.030998
25707,-0.018690
25708,-0.017582
25709,-0.025013
25710,0.029374
25711,0.071162
25712,0.046621
25713,0.006770
25714,-0.038743
25715,-0.053326
25716,-0.058114
25717,-0.048024
25718,-0.005274
25719,0.052925
25720,0.085488
25721,0.078976
25722,0.054914
25723,0.003609
25724,-0.009664
25725,-0.013413
25726,-0.037124
25727,-0.031585
25728,0.006308
25729,0.014888
25730,0.051471
25731,0.017200
25732,-0.009449
25733,-0.032648
25734,-0.070399
25735,-0.082090
25736,-0.044357
25737,-0.040981
25738,0.018956
25739,0.073838
25740,0.042570
25741,0.056990
25742,0.054296
25743,-0.017234
25744,-0.016271
25745,-0.050576
25746,-0.040199
25747,0.002546
25748,-0.025824
25749,0.003841
25750,0.009466
25751,0.028723
25752,0.003561
25753,-0.062014
25754,-0.053733
25755,-0.006179
25756,0.007415
25757,-0.013086
25758,0.024973
25759,0.086844
25760,0.083863
25761,0.031124
25762,-0.004703
25763,-0.032291
25764,-0.044637
25765,-0.016422
25766,0.023377
25767,0.003738
25768,-0.029544
25769,-0.045844
25770,-0.003152
25771,0.005136
25772,0.075037
25773,0.078322
25774,0.053957
25775,0.009015
25776,-0.021034
25777,-0.037564
25778,-0.077401
25779,-0.108464
25780,-0.073824
25781,-0.019785
25782,-0.000898
25783,0.022408
25784,0.051903
25785,0.014246
25786,-0.057236
25787,-0.005148
25788,0.077980
25789,0.068200
25790,0.065676
25791,0.082458
25792,0.019711
25793,-0.031436
25794,-0.044829
25795,-0.028202
25796,-0.024287
25797,-0.019955
25798,-0.035003
25799,-0.018892
25800,-0.030885
25801,-0.066702
25802,-0.058637
25803,-0.019224
25804,0.003662
25805,0.068506
25806,0.099242
25807,0.067097
25808,0.023935
25809,-0.008495
25810,-0.010072
25811,-0.081593
25812,-0.065618
25813,0.002225
25814,0.003725
25815,0.006392
25816,0.037198
25817,0.024844
25818,0.035665
25819,0.046482
25820,0.068534
25821,0.046051
25822,-0.001090
25823,-0.044595
25824,-0.072324
25825,-0.060750
25826,-0.033454
25827,-0.041202
25828,-0.016606
25829,0.016239
25830,0.053556
25831,0.058462
25832,-0.011275
25833,-0.023246
25834,0.046567
25835,0.028806
25836,0.004633
25837,0.010417
25838,-0.028320
25839,-0.080635
25840,-0.122889
25841,-0.058754
25842,0.018096
25843,0.095623
25844,0.116047
25845,0.071647
25846,0.014034
25847,-0.034676
25848,-0.082867
25849,-0.054244
25850,0.027353
25851,0.024950
25852,0.014836
25853,-0.056476
25854,-0.087756
25855,-0.046416
25856,0.006509
25857,0.025281
25858,0.026157
25859,0.041251
25860,-0.009462
25861,-0.097916
25862,-0.011302
25863,0.043471
25864,0.074706
25865,0.124204
25866,0.062585
25867,0.019884
25868,0.008954
25869,-0.050454
25870,-0.056362
25871,-0.062614
25872,-0.036189
25873,-0.009290
25874,-0.023965
25875,-0.018594
25876,0.019439
25877,0.062430
25878,0.092526
25879,0.071913
25880,0.011325
25881,0.017995
25882,-0.027349
25883,-0.078495
25884,-0.068773
25885,-0.029158
25886,0.004063
25887,-0.022641
25888,-0.024314
25889,-0.005320
25890,-0.018706
25891,0.018806
25892,0.031806
25893,-0.036530
25894,-0.045764
25895,-0.000192
25896,0.031968
25897,0.058902
25898,0.011139
25899,0.000071
25900,0.053439
25901,0.019046
25902,-0.021390
25903,-0.076229
25904,-118.392860
25905,315.868286
25906,10.590928
25907,0.000000
25908,198.436096
25909,2243.718994
25910,903.224670
25911,2027.328369
25912,1799.758789
25913,1798.279663
25914,2049.609375
25915,822.486145
25916,2157.295654
25917,1369.024048
25918,1998.280762
25919,1027.749634
25920,1096.508911
25921,1980.992188
25922,981.648621
25923,1034.047729
25924,2191.359375
25925,934.639160
25926,1039.116577
25927,1837.502441
25928,795.858398
25929,2002.775513
25930,2036.040771
25931,951.473755
25932,1113.168579
25933,917.824402
25934,470.119965
25935,0.012660
25936,0.034012
25937,0.030696
25938,0.016018
25939,-0.014242
25940,-0.019770
25941,-0.002829
25942,0.041011
25943,0.056916
25944,0.034886
25945,-0.044176
25946,-0.069456
25947,-0.080472
25948,-0.134844
25949,-0.087467
25950,0.004361
25951,0.096147
25952,0.055968
25953,0.095207
25954,0.112807
25955,0.034837
25956,-0.022523
25957,-0.041093
25958,-0.080415
25959,-0.045576
25960,0.002754
25961,0.013964
25962,0.036588
25963,0.072377
25964,0.062836
25965,0.010211
25966,-0.050796
25967,-0.083665
25968,-0.129573
25969,-0.108147
25970,-0.043670
25971,0.060411
25972,0.081762
25973,0.075547
25974,0.043421
25975,-0.010638
25976,0.013627
25977,0.044942
25978,0.053322
25979,0.039833
25980,-0.011347
25981,-0.001845
25982,-0.049500
25983,-0.135216
25984,-0.106308
25985,0.006714
25986,-0.006801
25987,-0.015984
25988,0.006402
25989,0.026818
25990,0.056318
25991,0.066520
25992,0.088151
25993,0.072247
25994,-0.017991
25995,-0.055014
25996,-0.047445
25997,-0.065148
25998,-0.027598
25999,-0.016689
26000,-0.014454
26001,-0.030160
26002,-0.023455
26003,-0.027240
26004,-0.042618
26005,-0.028961
26006,0.030556
26007,0.085125
26008,0.055753
26009,0.056819
26010,0.060515
26011,-0.003409
26012,0.006309
26013,-0.026114
26014,0.008035
26015,0.028007
26016,-0.049332
26017,-0.019705
26018,0.007011
26019,-0.009525
26020,0.063476
26021,-0.002561
26022,-0.061946
26023,-0.041671
26024,-0.097163
26025,-0.035953
26026,0.034946
26027,0.052156
26028,0.086571
26029,0.068499
26030,-0.001002
26031,-0.011980
26032,-0.002777
26033,-0.013904
26034,-0.018246
26035,-0.031287
26036,0.003964
26037,-0.024874
26038,-0.000393
26039,0.012461
26040,-0.026300
26041,-0.018704
26042,-0.028747
26043,-0.011217
26044,0.025234
26045,0.022359
26046,0.006355
26047,-0.029968
26048,-0.009521
26049,0.020362
26050,0.011966
26051,-0.014235
26052,0.001776
26053,0.013251
26054,-0.002565
26055,-0.000416
26056,0.001973
26057,0.021234
26058,-0.036059
26059,-0.024367
26060,0.006574
26061,-0.000428
26062,0.044190
26063,0.042779
26064,0.054609
26065,0.011598
26066,-0.043049
26067,-0.045162
26068,-0.013002
26069,0.014140
26070,0.045257
26071,0.019009
26072,-0.046173
26073,-0.050020
26074,-0.059805
26075,-0.045896
26076,0.003385
26077,0.010653
26078,0.012845
26079,0.034207
26080,0.030100
26081,0.020245
26082,-0.033337
26083,-0.001384
26084,0.040895
26085,0.024192
26086,0.014202
26087,-0.062813
26088,-0.058190
26089,-0.013609
26090,-0.039587
26091,-0.018022
26092,0.035088
26093,0.014661
26094,0.027756
26095,0.006702
26096,0.002409
26097,0.043424
26098,0.048770
26099,0.037070
26100,-0.004550
26101,-0.020359
26102,-0.001844
26103,-0.022274
26104,-0.010719
26105,-0.018490
26106,-0.062287
26107,-0.043629
26108,-0.022748
26109,-0.020199
26110,0.004578
26111,0.051914
26112,0.097736
26113,0.057918
26114,-0.039977
26115,-0.073603
26116,-0.029080
26117,0.007561
26118,0.026717
26119,0.033854
26120,-0.003867
26121,-0.050177
26122,-0.100458
26123,-0.068486
26124,0.026697
26125,0.060315
26126,0.107071
26127,0.056252
26128,-0.017800
26129,-0.024217
26130,-0.044943
26131,-0.047040
26132,-0.043723
26133,-0.015064
26134,-0.031680
26135,0.015321
26136,0.052002
26137,0.046097
26138,0.025798
26139,0.024407
26140,0.021324
26141,0.009342
26142,-0.034062
26143,-0.012514
26144,-0.027210
26145,-0.006426
26146,-0.017456
26147,-0.055640
26148,-0.019880
26149,0.021765
26150,0.076451
26151,0.070269
26152,0.019624
26153,0.027647
26154,0.022144
26155,-0.014216
26156,-0.031846
26157,-0.055698
26158,-0.076003
26159,-0.072625
26160,-0.005197
26161,0.051013
26162,0.058515
26163,0.016326
26164,0.002151
26165,-0.024301
26166,-0.050411
26167,-0.038611
26168,0.011949
26169,0.007223
26170,-0.005336
26171,0.040228
26172,0.017841
26173,-0.016303
26174,-0.024413
26175,0.042498
26176,0.049980
26177,-0.014557
26178,-0.060482
26179,-0.029859
26180,0.008360
26181,0.029911
26182,0.048128
26183,0.004010
26184,-0.014379
26185,0.020788
26186,0.013443
26187,-0.010460
26188,-0.028717
26189,-0.016165
26190,-0.006244
26191,-0.031435
26192,-0.021456
26193,0.018523
26194,0.007493
26195,0.006301
26196,0.021848
26197,-0.007250
26198,-0.048808
26199,0.016093
26200,0.030773
26201,-0.031552
26202,-0.033290
26203,0.001396
26204,0.027963
26205,0.007446
26206,0.031621
26207,0.024274
26208,0.038280
26209,-0.000084
26210,-0.007079
26211,0.003479
26212,-0.009823
26213,0.029751
26214,0.070153
26215,0.000065
26216,-0.057793
26217,-0.079716
26218,-0.105638
26219,-0.090940
26220,-0.039898
26221,0.004258
26222,0.074202
26223,0.084374
26224,0.047974
26225,0.056118
26226,0.023867
26227,0.002495
26228,-0.043580
26229,-0.018103
26230,0.037410
26231,0.041257
26232,-0.002081
26233,-0.052998
26234,-0.043669
26235,0.029095
26236,0.001214
26237,-0.067610
26238,-0.047842
26239,0.006448
26240,0.041362
26241,0.064915
26242,0.042395
26243,0.029212
26244,0.008680
26245,-0.025438
26246,-0.035131
26247,-0.039002
26248,-0.031368
26249,0.020266
26250,0.007692
26251,-0.007619
26252,-0.026973
26253,-0.028086
26254,0.005795
26255,0.017102
26256,0.013859
26257,0.021800
26258,0.001224
26259,0.003103
26260,-0.014080
26261,0.026393
26262,0.013333
26263,0.010156
26264,-0.023867
26265,-0.037809
26266,-0.040362
26267,-0.029531
26268,0.016129
26269,0.035136
26270,0.017934
26271,0.024024
26272,0.027272
26273,0.022513
26274,-0.020108
26275,-0.008632
26276,0.009217
26277,0.011949
26278,0.014995
26279,0.036235
26280,0.048270
26281,-0.024531
26282,-0.070680
26283,-0.084209
26284,-0.015728
26285,0.027559
26286,0.052819
26287,0.076088
26288,-0.017648
26289,-0.057550
26290,-0.045833
26291,-0.021161
26292,-0.004617
26293,0.016711
26294,0.017809
26295,0.042109
26296,0.050393
26297,-0.007650
26298,-0.008167
26299,-0.043174
26300,-0.062046
26301,-0.036512
26302,-0.022213
26303,-0.025442
26304,-0.021053
26305,0.006788
26306,0.056640
26307,0.030151
26308,0.027102
26309,0.008128
26310,0.020066
26311,-0.045263
26312,-0.051560
26313,0.007645
26314,-0.013865
26315,0.007851
26316,0.044626
26317,0.056460
26318,0.049300
26319,0.077941
26320,0.024306
26321,-0.041730
26322,-0.053962
26323,-0.046985
26324,-0.044693
26325,-0.064221
26326,-0.054085
26327,0.010608
26328,0.033163
26329,0.033146
26330,0.060310
26331,0.108267
26332,0.040130
26333,-0.040617
26334,-0.051151
26335,-0.055537
26336,-0.068634
26337,-0.070820
26338,-0.034290
26339,-0.011379
26340,0.026393
26341,0.027465
26342,0.025027
26343,-0.003688
26344,-0.019310
26345,0.008883
26346,0.014526
26347,0.029170
26348,-0.007484
26349,-0.001395
26350,0.028115
26351,0.025883
26352,-0.023530
26353,0.011070
26354,0.029797
26355,-0.015680
26356,-0.046136
26357,-0.043053
26358,-0.026457
26359,0.006310
26360,0.045301
26361,0.045001
26362,0.059253
26363,0.047629
26364,0.041641
26365,0.007176
26366,-0.045706
26367,-0.017094
26368,-0.024182
26369,-0.009565
26370,-0.012824
26371,-0.054384
26372,-0.074915
26373,-0.062120
26374,-0.061659
26375,-0.034851
26376,0.034156
26377,0.054055
26378,0.063864
26379,0.068001
26380,0.018707
26381,-0.024719
26382,-0.026036
26383,-0.010062
26384,0.048292
26385,0.013508
26386,0.030947
26387,0.032145
26388,-0.026694
26389,-0.073190
26390,-0.086501
26391,-0.049298
26392,0.009949
26393,0.037146
26394,0.063858
26395,0.067759
26396,0.027494
26397,-0.011980
26398,-0.039254
26399,-0.065786
26400,-0.008677
26401,0.034047
26402,0.041509
26403,0.047215
26404,0.001595
26405,-0.032489
26406,-0.029178
26407,0.003994
26408,-0.006155
26409,-0.009789
26410,-0.021882
26411,-0.017911
26412,-0.004266
26413,-0.044829
26414,-0.044338
26415,-0.051722
26416,-0.009512
26417,0.076685
26418,0.055002
26419,0.004108
26420,-0.006030
26421,0.060403
26422,0.061909
26423,0.024876
26424,0.008579
26425,-0.017081
26426,0.003512
26427,-0.036134
26428,-0.056113
26429,0.009113
26430,0.014474
26431,-0.010792
26432,0.005553
26433,-0.022724
26434,150.823700
26435,1271.284546
26436,426.769623
26437,16.060263
26438,636.297119
26439,29.463472
26440,29.259155
26441,-19.007004
26442,-55.035873
26443,-52.236450
26444,-11.541188
26445,16.995434
26446,32.003216
26447,32.407257
26448,13.054939
26449,-14.502568
26450,-26.577671
26451,-2.699594
26452,34.204758
26453,27.923597
26454,10.778873
26455,-3.153538
26456,-20.140123
26457,-14.247494
26458,-12.394069
26459,6.424719
26460,17.992731
26461,-3.301870
26462,5.498732
26463,-6.267717
26464,-12.921687
26465,-15.087813
26466,-21.667780
26467,-15.605037
26468,-11.316701
26469,-1.894072
26470,11.453094
26471,17.799118
26472,35.367725
26473,35.717739
26474,-1.060781
26475,-29.725060
26476,-33.060009
26477,2.282005
26478,15.381288
26479,2.660287
26480,-20.534300
26481,-32.875832
26482,-22.680634
26483,-12.470170
26484,12.800515
26485,14.264985
26486,-1.685049
26487,-8.334949
26488,-0.157040
26489,-0.010017
26490,-0.047846
26491,-0.038340
26492,0.011862
26493,0.044651
26494,0.029240
26495,-0.008137
26496,-0.010374
26497,0.016012
26498,-0.013888
26499,0.020377
26500,0.002495
26501,0.010170
26502,0.027491
26503,0.012052
26504,-0.006376
26505,-0.025468
26506,0.009929
26507,0.030696
26508,0.012965
26509,-0.077178
26510,-0.079996
26511,-0.017653
26512,-0.030815
26513,-0.016462
26514,0.003845
26515,0.005026
26516,0.058603
26517,0.039036
26518,-0.044869
26519,-0.032733
26520,0.016740
26521,0.064736
26522,0.049082
26523,-0.014852
26524,-0.033776
26525,-0.004974
26526,-0.031481
26527,-0.008531
26528,0.050613
26529,0.055326
26530,0.025654
26531,0.013495
26532,-0.051047
26533,-0.020042
26534,-0.001493
26535,-0.018972
26536,0.007794
26537,0.015692
26538,-0.012019
26539,-0.037374
26540,-0.053146
26541,-0.057003
26542,-0.007898
26543,0.038074
26544,0.072977
26545,0.123124
26546,0.069730
26547,0.005316
26548,-0.038556
26549,-0.072635
26550,-0.080697
26551,-0.089818
26552,-0.068924
26553,0.029570
26554,0.034245
26555,0.038553
26556,0.099207
26557,0.102454
26558,0.058885
26559,0.005283
26560,-0.052143
26561,-0.069836
26562,-0.034808
26563,-0.045177
26564,-0.000521
26565,-0.016262
26566,-0.027489
26567,-0.037133
26568,-0.007642
26569,-0.011453
26570,0.018567
26571,0.035644
26572,0.030040
26573,-0.013582
26574,0.011810
26575,0.019377
26576,0.007225
26577,-0.013975
26578,0.016905
26579,0.047433
26580,0.002082
26581,-0.061668
26582,-0.023245
26583,0.004630
26584,0.006684
26585,-0.014436
26586,-0.020146
26587,-0.002972
26588,0.015732
26589,0.039058
26590,0.048222
26591,0.006555
26592,0.002089
26593,-0.001520
26594,-0.015892
26595,-0.054583
26596,-0.055989
26597,-0.028211
26598,-0.021083
26599,-0.015986
26600,-0.003852
26601,0.034756
26602,-0.010425
26603,-0.005904
26604,0.020151
26605,0.027458
26606,0.056795
26607,0.048777
26608,0.022627
26609,0.032490
26610,-0.036435
26611,-0.046016
26612,-0.019054
26613,-0.025062
26614,0.008482
26615,0.055080
26616,0.014663
26617,-0.015245
26618,-0.045046
26619,0.001192
26620,-0.008830
26621,0.015983
26622,0.090599
26623,0.043789
26624,-0.023356
26625,-0.016150
26626,-0.055569
26627,-0.061895
26628,-0.088452
26629,-0.054975
26630,0.048951
26631,0.047916
26632,0.040443
26633,-0.015200
26634,-0.016599
26635,0.019851
26636,0.043632
26637,0.011150
26638,0.025921
26639,-0.000369
26640,-0.043522
26641,-0.027438
26642,-0.001907
26643,0.009893
26644,0.000799
26645,-0.028146
26646,-0.036376
26647,0.009284
26648,-0.019766
26649,0.018211
26650,-0.003646
26651,-0.054484
26652,-0.030103
26653,-0.023300
26654,0.001091
26655,0.004072
26656,0.039042
26657,0.044353
26658,0.060892
26659,0.053693
26660,0.029112
26661,-0.009736
26662,0.024932
26663,0.015747
26664,0.017780
26665,0.023047
26666,-0.046095
26667,-0.069539
26668,-0.035365
26669,-0.023893
26670,-0.006356
26671,-0.002785
26672,0.015198
26673,-0.001397
26674,-0.027327
26675,-0.038593
26676,-0.004962
26677,-0.004480
26678,0.050081
26679,0.060138
26680,0.008933
26681,-0.002644
26682,-0.073727
26683,-0.056305
26684,-0.009636
26685,-0.033435
26686,0.047908
26687,0.094631
26688,0.021926
26689,-0.034139
26690,-0.008306
26691,0.012264
26692,-0.001081
26693,0.013564
26694,0.035467
26695,0.045968
26696,0.065631
26697,-0.029279
26698,-0.111786
26699,-0.128292
26700,-0.106611
26701,-0.088174
26702,0.009795
26703,0.041383
26704,0.076523
26705,0.076851
26706,0.035549
26707,0.031243
26708,0.015084
26709,0.032904
26710,-0.000751
26711,-0.014391
26712,-0.016473
26713,0.006369
26714,0.013570
26715,-0.005587
26716,-0.035474
26717,0.020348
26718,0.053490
26719,0.000534
26720,0.004785
26721,0.018243
26722,0.056983
26723,0.072672
26724,-0.037075
26725,-0.081111
26726,-0.081360
26727,-0.079399
26728,-0.025962
26729,0.005722
26730,0.026897
26731,0.024847
26732,-0.008764
26733,-0.047683
26734,-0.015254
26735,0.036718
26736,-0.010738
26737,-0.023544
26738,157.966721
26739,1294.458374
26740,417.407318
26741,16.356497
26742,669.925903
26743,9.098472
26744,24.451431
26745,30.890265
26746,6.363438
26747,-33.136005
26748,-52.425533
26749,-44.263222
26750,-23.313103
26751,13.301770
26752,42.692722
26753,44.370731
26754,36.698929
26755,18.875845
26756,-19.225380
26757,-18.469378
26758,-17.304852
26759,-6.284062
26760,-4.361804
26761,12.883500
26762,12.492386
26763,-6.427588
26764,-32.626152
26765,-40.540989
26766,16.699175
26767,41.960182
26768,31.705612
26769,-0.243684
26770,-16.541403
26771,-34.137684
26772,-29.904495
26773,-3.903453
26774,7.881644
26775,14.993615
26776,11.630086
26777,7.637470
26778,24.306601
26779,28.974909
26780,9.952298
26781,-18.888012
26782,-23.604994
26783,-30.092314
26784,-25.282360
26785,-5.942964
26786,3.436231
26787,9.509463
26788,7.112082
26789,21.698578
26790,18.659321
26791,4.097717
26792,5.794639
26793,-0.000846
26794,0.061794
26795,0.073373
26796,-0.008562
26797,-0.027586
26798,-0.004893
26799,-0.007653
26800,0.000125
26801,-0.005340
26802,0.010490
26803,-0.000897
26804,-0.044133
26805,-0.051516
26806,0.006486
26807,-0.021955
26808,-0.005871
26809,0.039050
26810,0.036741
26811,0.050996
26812,0.054990
26813,0.052584
26814,0.042840
26815,-0.025058
26816,-0.029462
26817,-0.045279
26818,-0.054477
26819,-0.056346
26820,-0.039113
26821,-0.034749
26822,-0.007521
26823,-0.002733
26824,-0.004882
26825,0.048063
26826,0.085483
26827,0.047572
26828,0.022105
26829,-0.008712
26830,-0.026640
26831,-0.027256
26832,-0.018903
26833,0.017802
26834,0.018866
26835,0.010985
26836,-0.038574
26837,-0.047135
26838,-0.029677
26839,-0.029582
26840,-0.048851
26841,-0.047323
26842,-0.012289
26843,-0.013772
26844,-0.007725
26845,0.026700
26846,0.072293
26847,0.046082
26848,0.084422
26849,0.037850
26850,-0.021667
26851,-0.017705
26852,-0.030457
26853,0.018092
26854,0.038644
26855,-0.010167
26856,0.009537
26857,-0.032771
26858,-0.022275
26859,-0.001409
26860,-0.023957
26861,-0.059435
26862,0.008167
26863,0.045738
26864,0.062531
26865,0.041948
26866,0.031698
26867,0.031928
26868,-0.009741
26869,0.016767
26870,-0.006951
26871,-0.056103
26872,-0.034889
26873,-0.051324
26874,-0.057649
26875,-0.055814
26876,-0.051183
26877,0.021322
26878,0.005251
26879,0.005553
26880,0.059367
26881,0.065740
26882,0.045356
26883,-0.003639
26884,-0.051890
26885,-0.074088
26886,-0.068654
26887,-0.028784
26888,0.055167
26889,0.107150
26890,0.088220
26891,0.049285
26892,-0.014999
26893,-0.070470
26894,-0.072039
26895,-0.055042
26896,-0.023297
26897,0.024469
26898,0.031743
26899,0.011431
26900,0.039404
26901,0.060624
26902,0.010652
26903,0.009469
26904,-0.037214
26905,-0.094396
26906,-0.035837
26907,-0.020764
26908,0.016971
26909,0.038101
26910,0.039139
26911,0.077407
26912,0.042548
26913,-0.013750
26914,-0.011330
26915,-0.052541
26916,-0.068068
26917,-0.027263
26918,0.003850
26919,0.047197
26920,0.083069
26921,0.033953
26922,-0.004700
26923,-0.028266
26924,-0.006395
26925,-0.023063
26926,-0.033637
26927,0.017198
26928,-0.032055
26929,-0.035986
26930,-0.006949
26931,-0.040743
26932,-0.032965
26933,-0.001595
26934,0.071427
26935,0.058585
26936,0.018357
26937,0.034904
26938,0.042927
26939,-0.031094
26940,-0.070619
26941,-0.025903
26942,0.004081
26943,0.007318
26944,0.021160
26945,0.010604
26946,0.028839
26947,0.004608
26948,-0.020963
26949,-0.031187
26950,-0.029259
26951,-0.053485
26952,-0.028989
26953,-0.003849
26954,0.025487
26955,0.002870
26956,-0.014421
26957,0.018524
26958,0.066577
26959,0.074396
26960,0.049790
26961,-0.043270
26962,-0.075583
26963,-0.068298
26964,-0.000322
26965,-0.008326
26966,0.022413
26967,0.013846
26968,-0.007171
26969,0.010928
26970,0.024772
26971,0.026290
26972,0.063496
26973,0.066410
26974,-0.034595
26975,-0.078571
26976,-0.050165
26977,-0.013795
26978,-0.024869
26979,-0.049190
26980,-0.052843
26981,-0.039057
26982,0.005657
26983,0.046219
26984,0.073257
26985,0.068823
26986,0.047953
26987,0.012474
26988,-0.041838
26989,-0.032311
26990,-0.006009
26991,-0.003827
26992,163.901657
26993,1313.820801
26994,409.584839
26995,16.604006
26996,692.533630
26997,-15.221182
26998,-3.445080
26999,13.030973
27000,13.626155
27001,16.342253
27002,23.094866
27003,29.190006
27004,19.613419
27005,1.138698
27006,-7.244856
27007,-8.137921
27008,-15.949808
27009,-34.048931
27010,-25.919495
27011,-1.874744
27012,11.807719
27013,5.144816
27014,1.380687
27015,10.927235
27016,7.823494
27017,1.989302
27018,-13.563645
27019,-30.202606
27020,-20.617746
27021,6.136263
27022,27.321388
27023,48.338600
27024,36.976669
27025,1.745218
27026,-27.218662
27027,-34.281086
27028,-18.301762
27029,1.933101
27030,4.119874
27031,-2.915129
27032,-32.381611
27033,-34.700470
27034,-14.313054
27035,43.282852
27036,73.259117
27037,65.047379
27038,35.059113
27039,-26.573969
27040,-69.973969
27041,-69.094849
27042,-42.375294
27043,-7.076513
27044,30.752226
27045,42.557255
27046,21.727592
27047,-0.024375
27048,0.018140
27049,-0.016548
27050,-0.037973
27051,-0.032137
27052,0.008803
27053,0.092724
27054,0.093721
27055,0.026554
27056,-0.021265
27057,0.007844
27058,0.009432
27059,-0.044319
27060,-0.051624
27061,0.005368
27062,-0.056327
27063,-0.048794
27064,-0.044703
27065,-0.034972
27066,-0.012008
27067,0.009963
27068,0.019076
27069,0.061985
27070,0.098308
27071,0.074223
27072,0.020302
27073,-0.000494
27074,-0.009143
27075,0.000065
27076,0.010096
27077,-0.003181
27078,-0.035016
27079,-0.039815
27080,-0.037073
27081,-0.005018
27082,0.014610
27083,-0.044282
27084,-0.041529
27085,0.005260
27086,-0.011696
27087,-0.029559
27088,0.032768
27089,0.042758
27090,0.049009
27091,0.033004
27092,-0.002613
27093,-0.041963
27094,-0.019835
27095,0.030566
27096,0.046184
27097,-0.010418
27098,-0.027696
27099,0.012520
27100,0.001451
27101,-0.022412
27102,-0.046480
27103,-0.018643
27104,-0.014097
27105,-0.053276
27106,-0.022082
27107,0.048667
27108,0.028842
27109,0.039653
27110,0.018868
27111,-0.037734
27112,-0.060709
27113,0.002351
27114,-0.003023
27115,0.036400
27116,0.059747
27117,0.057213
27118,0.071541
27119,0.015786
27120,0.017730
27121,-0.010859
27122,-0.071003
27123,-0.069772
27124,-0.028437
27125,0.006003
27126,0.014881
27127,0.016095
27128,-0.029448
27129,-0.067220
27130,-0.024360
27131,-0.012809
27132,0.007371
27133,-0.007104
27134,-0.016093
27135,0.011449
27136,0.034765
27137,0.055129
27138,0.100476
27139,0.050923
27140,-0.007705
27141,-0.034655
27142,-0.093452
27143,-0.109460
27144,-0.072245
27145,0.016397
27146,0.073083
27147,0.107803
27148,0.026423
27149,-0.037678
27150,-0.003688
27151,-0.032999
27152,-0.076420
27153,-0.017517
27154,0.058805
27155,0.040941
27156,-0.007839
27157,-0.033388
27158,-0.046600
27159,0.023473
27160,0.004289
27161,-0.050640
27162,-0.036793
27163,0.094653
27164,0.116820
27165,0.090932
27166,0.094001
27167,-0.019824
27168,-0.059739
27169,-0.075802
27170,-0.068393
27171,-0.066685
27172,-0.028900
27173,-0.005238
27174,-0.001283
27175,-0.023169
27176,-0.002501
27177,0.037728
27178,0.102993
27179,0.034600
27180,-0.086489
27181,-0.065034
27182,0.011245
27183,0.008105
27184,0.032361
27185,0.025627
27186,-0.017397
27187,0.007917
27188,0.028342
27189,0.051386
27190,-0.020955
27191,-0.068927
27192,-0.046758
27193,-0.019329
27194,-0.005941
27195,0.014305
27196,168.719467
27197,1329.371826
27198,403.302246
27199,16.802794
27200,710.862244
27201,-28.912430
27202,-20.421036
27203,23.946844
27204,49.509083
27205,36.566666
27206,-3.018127
27207,-41.963020
27208,-41.718979
27209,-25.365103
27210,-4.284582
27211,9.849723
27212,6.562500
27213,0.658169
27214,30.663307
27215,42.538212
27216,5.968334
27217,-29.889126
27218,-36.163631
27219,-36.456146
27220,-11.398252
27221,15.746020
27222,34.537975
27223,27.668734
27224,17.393015
27225,21.436890
27226,15.082364
27227,-18.721130
27228,-34.407032
27229,-19.763184
27230,-14.382936
27231,-32.328098
27232,-35.821247
27233,0.589881
27234,29.840923
27235,33.367725
27236,28.074158
27237,13.465958
27238,20.066729
27239,25.663437
27240,24.357798
27241,-14.194086
27242,-42.098293
27243,-54.594948
27244,-34.057758
27245,-19.298914
27246,-10.637136
27247,-2.484802
27248,22.773912
27249,40.052410
27250,30.454023
27251,0.032339
27252,-0.007104
27253,-0.000731
27254,0.020134
27255,0.011757
27256,-0.006488
27257,-0.026262
27258,-0.006279
27259,0.076379
27260,0.095303
27261,-0.010998
27262,-0.073533
27263,-0.086867
27264,-0.116103
27265,-0.024640
27266,-0.005878
27267,0.014180
27268,0.103085
27269,0.094139
27270,0.039043
27271,0.033934
27272,-0.008155
27273,-0.038825
27274,-0.011080
27275,-0.031486
27276,-0.021563
27277,-0.016421
27278,-0.008934
27279,0.061483
27280,0.058378
27281,0.002482
27282,-0.033437
27283,-0.073729
27284,-0.069447
27285,-0.001366
27286,0.006640
27287,-0.011739
27288,-0.040027
27289,-0.021520
27290,0.015376
27291,0.056699
27292,0.060446
27293,0.066184
27294,0.059954
27295,-0.026755
27296,-0.091517
27297,-0.096358
27298,-0.040627
27299,-0.018066
27300,0.007119
27301,0.035749
27302,0.062769
27303,0.076763
27304,0.094056
27305,0.031622
27306,-0.071776
27307,-0.118034
27308,-0.098106
27309,-0.065192
27310,0.017307
27311,0.052777
27312,0.084532
27313,0.054600
27314,0.014444
27315,0.016493
27316,0.014465
27317,0.032652
27318,0.041687
27319,0.016459
27320,-0.051424
27321,-0.095024
27322,-0.051912
27323,0.007423
27324,0.034864
27325,0.010573
27326,0.012154
27327,0.007317
27328,-0.067560
27329,-0.031118
27330,-0.018755
27331,0.010370
27332,0.006517
27333,0.013312
27334,0.005771
27335,0.006718
27336,0.037352
27337,0.029406
27338,-0.007970
27339,0.003343
27340,-0.022445
27341,-0.078624
27342,-0.059491
27343,0.010224
27344,0.008305
27345,-0.035479
27346,-0.012517
27347,0.032731
27348,0.122434
27349,0.110045
27350,0.048019
27351,0.027252
27352,-0.026187
27353,-0.129217
27354,-0.096527
27355,-0.056733
27356,-0.030035
27357,-0.011049
27358,-0.005294
27359,0.021700
27360,0.038045
27361,0.054215
27362,0.045131
27363,0.012732
27364,0.041895
27365,0.006818
27366,0.007637
27367,0.051911
27368,-0.029144
27369,-0.092710
27370,-0.089829
27371,-0.066614
27372,0.032352
27373,0.051621
27374,0.072347
27375,0.060710
27376,-0.024115
27377,-0.043986
27378,-0.098753
27379,-0.091772
27380,-0.001387
27381,0.011814
27382,0.012739
27383,0.069780
27384,0.085840
27385,0.095291
27386,0.003024
27387,-0.059824
27388,-0.028992
27389,-0.038976
27390,-0.031085
27391,-0.037240
27392,-0.002319
27393,-0.029870
27394,-0.023917
27395,0.052368
27396,0.087297
27397,0.031286
27398,0.036416
27399,0.003573
27400,-0.015514
27401,0.053399
27402,0.019350
27403,-0.015153
27404,-0.033745
27405,0.007769
27406,-0.004062
27407,-0.010298
27408,-0.012274
27409,-0.004001
27410,-0.048649
27411,-0.039602
27412,0.038214
27413,-0.001986
27414,0.015912
27415,0.048009
27416,0.019565
27417,0.000798
27418,0.011989
27419,-0.010325
27420,-0.037927
27421,-0.039819
27422,0.012477
27423,0.028524
27424,0.040947
27425,0.063122
27426,0.072370
27427,-0.006491
27428,-0.042907
27429,-0.040881
27430,-0.041835
27431,-0.073907
27432,-0.070906
27433,-0.046961
27434,0.038811
27435,0.075790
27436,0.097404
27437,0.077553
27438,0.005721
27439,-0.057089
27440,-0.090939
27441,-0.048054
27442,-0.019614
27443,-0.011296
27444,0.030068
27445,-0.012269
27446,-0.059154
27447,0.034630
27448,0.061195
27449,0.069170
27450,0.063941
27451,0.019081
27452,-0.010501
27453,-0.003235
27454,-0.000997
27455,-0.057141
27456,-0.090306
27457,-0.061125
27458,-0.030727
27459,0.008141
27460,0.000619
27461,0.041773
27462,0.045326
27463,-0.031690
27464,-0.023380
27465,0.062960
27466,0.039029
27467,0.019990
27468,-0.008964
27469,-0.032427
27470,-0.014309
27471,0.020136
27472,0.038399
27473,0.050303
27474,-0.066848
27475,-0.098391
27476,-0.019575
27477,-0.007636
27478,0.036782
27479,0.102696
27480,0.050391
27481,-0.008239
27482,-0.066102
27483,-0.038138
27484,0.058173
27485,0.089482
27486,0.062938
27487,-0.019983
27488,-0.077776
27489,-0.080250
27490,-0.041203
27491,-0.014390
27492,0.042954
27493,0.044030
27494,0.019077
27495,-0.014714
27496,-0.034496
27497,-0.033156
27498,-0.028722
27499,-0.042841
27500,-0.047608
27501,0.025075
27502,0.080206
27503,0.085642
27504,0.054645
27505,-0.006528
27506,-0.017693
27507,-0.029769
27508,-0.017694
27509,-0.027876
27510,-0.049104
27511,-0.023388
27512,-0.010694
27513,0.002985
27514,0.037771
27515,0.028305
27516,0.046724
27517,0.023035
27518,-0.063242
27519,-0.087245
27520,-0.067514
27521,-0.049282
27522,0.022286
27523,0.053647
27524,0.057899
27525,0.065507
27526,0.061829
27527,0.008241
27528,0.006837
27529,-0.006012
27530,-0.031243
27531,-0.019519
27532,-0.043125
27533,-0.034979
27534,-0.024338
27535,-0.003888
27536,0.034575
27537,0.042741
27538,0.063685
27539,0.039210
27540,0.001265
27541,-0.023449
27542,-0.047270
27543,-0.048996
27544,-0.017523
27545,-0.021752
27546,-0.017538
27547,-0.040245
27548,-0.008894
27549,0.021379
27550,0.014311
27551,0.030550
27552,0.012631
27553,0.003540
27554,0.013127
27555,0.009762
27556,-0.006206
27557,0.002246
27558,0.015974
27559,0.031285
27560,0.027734
27561,0.025136
27562,-0.001993
27563,-0.006301
27564,-0.016462
27565,-0.060320
27566,-0.034668
27567,-0.053946
27568,-0.045056
27569,0.005467
27570,0.028272
27571,-0.014689
27572,-0.057299
27573,-0.029298
27574,0.028848
27575,0.107126
27576,0.094119
27577,0.015621
27578,-0.017703
27579,-0.021746
27580,-0.040308
27581,-0.039542
27582,-0.004215
27583,0.021236
27584,0.014635
27585,0.021982
27586,0.013113
27587,0.067874
27588,0.020846
27589,-0.019142
27590,0.003937
27591,-0.006299
27592,-0.011295
27593,-0.007809
27594,-0.039603
27595,-0.026143
27596,-0.049001
27597,-0.060784
27598,-0.031448
27599,-0.005174
27600,0.018228
27601,0.054217
27602,0.084266
27603,0.054079
27604,-0.005998
27605,-0.005110
27606,-0.001011
27607,0.003997
27608,0.055556
27609,0.015259
27610,-0.000820
27611,-0.064444
27612,-0.151421
27613,-0.133663
27614,-0.087483
27615,0.006073
27616,0.085801
27617,0.081637
27618,0.109289
27619,0.120685
27620,0.031515
27621,-0.029831
27622,-0.044264
27623,-0.062331
27624,-0.067638
27625,-0.007968
27626,0.062403
27627,0.061807
27628,-0.022023
27629,-0.035202
27630,-0.031868
27631,-0.068620
27632,-0.006221
27633,0.075595
27634,0.051955
27635,0.027148
27636,0.024747
27637,-0.016096
27638,-0.037661
27639,-0.049015
27640,-0.010109
27641,0.056131
27642,0.013372
27643,-0.011255
27644,0.022616
27645,-0.021666
27646,-0.066065
27647,-0.039934
27648,-0.031338
27649,-0.051609
27650,0.007295
27651,0.007051
27652,-0.028787
27653,-0.020468
27654,0.028809
27655,0.051791
27656,0.080124
27657,0.056055
27658,-0.013664
27659,-0.035620
27660,-0.056682
27661,-0.019485
27662,-0.003206
27663,-0.009859
27664,-0.038386
27665,-0.002291
27666,0.036786
27667,0.023573
27668,0.036119
27669,-0.005561
27670,-0.016510
27671,-0.006765
27672,-0.016253
27673,-0.012025
27674,0.007433
27675,-0.010598
27676,-0.008342
27677,-0.031510
27678,0.039656
27679,0.086898
27680,0.069211
27681,0.024761
27682,-0.029223
27683,-0.034116
27684,0.021245
27685,0.033930
27686,0.025741
27687,0.015914
27688,-0.060107
27689,-0.053898
27690,-0.047729
27691,-0.057794
27692,-0.076202
27693,-0.056817
27694,0.010388
27695,0.043238
27696,0.045876
27697,0.037114
27698,-0.005984
27699,-0.019981
27700,-0.014158
27701,0.013230
27702,0.010453
27703,-0.005506
27704,-0.037627
27705,-0.034697
27706,0.024282
27707,0.021296
27708,0.021535
27709,-0.002022
27710,-0.016574
27711,0.018613
27712,0.017869
27713,0.033642
27714,0.031517
27715,-0.030673
27716,-0.026191
27717,-0.020966
27718,-0.035904
27719,-0.001401
27720,0.000586
27721,0.021616
27722,0.055046
27723,0.009122
27724,-0.008428
27725,0.030364
27726,-0.003969
27727,-0.014840
27728,-0.011839
27729,-0.022204
27730,-0.018014
27731,-0.008234
27732,0.017273
27733,0.016707
27734,0.000367
27735,0.064801
27736,0.039883
27737,-0.026453
27738,-0.016367
27739,0.041385
27740,0.014796
27741,-0.008792
27742,-0.042242
27743,-0.069652
27744,-0.095695
27745,-0.095880
27746,-0.035544
27747,0.001180
27748,0.040338
27749,0.052609
27750,181.733505
27751,1371.603394
27752,386.240662
27753,17.342638
27754,770.689697
27755,47.699646
27756,58.750641
27757,30.795668
27758,-16.770014
27759,-41.665306
27760,-63.778641
27761,-48.852032
27762,-21.109787
27763,-0.198567
27764,1.457301
27765,3.759088
27766,29.630167
27767,50.004566
27768,40.743401
27769,23.754557
27770,-8.425369
27771,-30.245897
27772,-28.416632
27773,-24.635151
27774,-10.690429
27775,-1.357055
27776,14.203205
27777,22.939060
27778,14.309057
27779,13.131176
27780,3.507927
27781,-16.675398
27782,3.192985
27783,12.953276
27784,-10.618761
27785,-24.542173
27786,-21.955442
27787,-15.572354
27788,-6.422599
27789,0.166024
27790,25.503548
27791,32.957531
27792,11.901646
27793,4.202919
27794,5.569458
27795,6.841232
27796,1.410411
27797,-3.187152
27798,-11.743349
27799,-16.903984
27800,-12.236471
27801,-20.339729
27802,-35.346645
27803,-21.008657
27804,10.817765
27805,0.046865
27806,0.002722
27807,-0.049227
27808,-0.048991
27809,-0.053888
27810,-0.010838
27811,0.025188
27812,0.021872
27813,0.084785
27814,0.047579
27815,0.003415
27816,0.011804
27817,0.020168
27818,0.056945
27819,0.039434
27820,-0.050702
27821,-0.047247
27822,-0.071552
27823,-0.014010
27824,-0.003562
27825,-0.059754
27826,-0.020031
27827,0.001723
27828,0.021150
27829,0.055654
27830,0.014239
27831,-0.008287
27832,-0.011866
27833,0.000827
27834,-0.032632
27835,-0.017505
27836,0.012831
27837,-0.001619
27838,0.011070
27839,-0.002046
27840,0.060771
27841,0.077743
27842,0.055608
27843,0.011754
27844,-0.042905
27845,-0.040362
27846,-0.035165
27847,-0.065869
27848,-0.022593
27849,0.038205
27850,-0.004282
27851,-0.040945
27852,-0.051560
27853,-0.012818
27854,184.127335
27855,1379.531372
27856,383.037781
27857,17.443981
27858,780.343140
27859,45.510384
27860,34.339024
27861,27.506092
27862,12.307500
27863,-15.869382
27864,-19.392675
27865,-26.423367
27866,-22.431616
27867,11.220181
27868,26.123791
27869,-0.901441
27870,-30.074381
27871,-26.089672
27872,-12.236086
27873,16.925192
27874,25.839838
27875,20.249588
27876,19.116444
27877,-9.679885
27878,-31.565176
27879,-21.466381
27880,-6.969194
27881,20.094706
27882,19.621613
27883,2.186230
27884,8.930782
27885,12.423498
27886,2.603561
27887,-12.426676
27888,-8.942245
27889,12.027858
27890,28.305609
27891,9.156698
27892,-15.918400
27893,-36.781841
27894,-29.803036
27895,-14.560187
27896,-14.441798
27897,-5.829521
27898,20.826824
27899,36.042789
27900,18.121347
27901,8.738050
27902,3.674952
27903,-10.917330
27904,-18.533146
27905,-1.648854
27906,11.488464
27907,-0.965622
27908,-3.168343
27909,-0.022658
27910,-0.050884
27911,-0.036403
27912,-0.030113
27913,-0.041990
27914,-0.029010
27915,0.001732
27916,-0.006737
27917,-0.044282
27918,-0.026969
27919,0.050521
27920,0.073033
27921,0.031269
27922,0.048696
27923,0.037995
27924,0.001676
27925,0.017877
27926,0.000783
27927,-0.027281
27928,-0.076634
27929,-0.035805
27930,-0.023107
27931,0.052372
27932,0.075140
27933,0.021981
27934,0.053587
27935,0.015101
27936,-0.083452
27937,-0.097540
27938,-0.024763
27939,0.053076
27940,0.090963
27941,0.037099
27942,0.034290
27943,-0.019402
27944,-0.033558
27945,-0.050699
27946,-0.055269
27947,-0.052444
27948,-0.044134
27949,-0.012638
27950,-0.000100
27951,-0.020610
27952,-0.026038
27953,0.007962
27954,0.022759
27955,0.078232
27956,0.089763
27957,0.054826
27958,-0.037359
27959,-0.049088
27960,-0.060392
27961,0.037625
27962,0.080262
27963,0.049988
27964,0.035359
27965,0.013098
27966,0.002079
27967,0.030349
27968,-0.001704
27969,0.003533
27970,0.028977
27971,0.009713
27972,-0.051993
27973,-0.036873
27974,0.047546
27975,0.046008
27976,0.007526
27977,0.001427
27978,-0.009323
27979,-0.045649
27980,-0.057676
27981,-0.087734
27982,-0.036198
27983,-0.004262
27984,0.046006
27985,0.051202
27986,0.046316
27987,0.055009
27988,0.068063
27989,0.061195
27990,-0.022578
27991,-0.073426
27992,-0.075226
27993,-0.049562
27994,-0.022718
27995,0.071011
27996,0.060621
27997,0.012428
27998,-0.014245
27999,-0.057340
28000,-0.046313
28001,-0.055642
28002,-0.047682
28003,0.004653
28004,-0.011923
28005,0.036370
28006,0.091846
28007,0.035332
28008,-0.039563
28009,0.004478
28010,0.019608
28011,-0.014645
28012,-0.007084
28013,0.071694
28014,0.090338
28015,0.042130
28016,0.042788
28017,-0.009158
28018,-0.045845
28019,-0.059233
28020,-0.054642
28021,-0.010359
28022,-0.033670
28023,0.028823
28024,0.094396
28025,0.039820
28026,0.064671
28027,-0.006413
28028,-0.052198
28029,-0.039407
28030,-0.093602
28031,-0.102154
28032,-0.058552
28033,-0.049990
28034,-0.007851
28035,0.061787
28036,0.074717
28037,0.072426
28038,0.051003
28039,0.043973
28040,0.028063
28041,-0.008622
28042,-0.040331
28043,-0.040603
28044,-0.037496
28045,-0.030400
28046,0.022969
28047,-0.026624
28048,-0.045398
28049,0.004341
28050,0.033696
28051,0.056603
28052,0.047730
28053,0.045515
28054,-0.012889
28055,-0.041616
28056,-0.040685
28057,-0.062437
28058,188.910110
28059,1395.082397
28060,376.755188
28061,17.642769
28062,797.101135
28063,23.528011
28064,18.936903
28065,15.032256
28066,4.151230
28067,-15.484809
28068,-22.577778
28069,-38.194012
28070,-21.609316
28071,11.082709
28072,23.073751
28073,12.356009
28074,-7.353497
28075,-12.942457
28076,-11.344624
28077,-28.349749
28078,-27.392626
28079,25.001156
28080,59.040062
28081,76.574051
28082,55.977200
28083,1.411703
28084,-56.861881
28085,-93.737701
28086,-74.123871
28087,-23.204350
28088,25.312670
28089,52.103638
28090,46.941238
28091,19.192059
28092,-32.875462
28093,-53.852661
28094,-35.224758
28095,12.116939
28096,48.832100
28097,40.732849
28098,10.297785
28099,-7.667439
28100,-10.567545
28101,11.333206
28102,9.443510
28103,0.877699
28104,5.236920
28105,0.301450
28106,-18.603949
28107,2.421740
28108,-1.235546
28109,0.172109
28110,-21.844044
28111,-51.932762
28112,-31.265772
28113,-257.327881
28114,0.005667
28115,228.907562
28116,423.193115
28117,-1714.412476
28118,973.860413
28119,-2031.440063
28120,626.308960
28121,-1337.937744
28122,-670.987427
28123,629.153198
28124,654.291321
28125,1280.027954
28126,-1848.773315
28127,1195.520874
28128,1037.044434
28129,2090.768799
28130,-222.970169
28131,744.879089
28132,1750.519409
28133,-1054.643066
28134,292.969086
28135,-1395.709106
28136,348.966034
28137,1551.590210
28138,934.108521
28139,235.758286
28140,996.709229
28141,1578.830200
28142,-135.746979
28143,583.088562
28144,-2131.737305
28145,1821.722046
28146,1176.371338
28147,230.779587
28148,1332.446533
28149,583.351257
28150,210.643463
28151,1890.079834
28152,-385.134216
28153,760.209351
28154,1045.430176
28155,385.501129
28156,383.960846
28157,-1655.531982
28158,-202.349075
28159,1355.617310
28160,-1473.822998
28161,-1094.818481
28162,308.911407
28163,2022.925049
28164,-1293.010010
28165,56.461224
28166,1535.984009
28167,0.024834
28168,-0.009318
28169,-0.010242
28170,-0.010342
28171,0.020181
28172,0.001576
28173,-0.019747
28174,-0.011862
28175,-0.017556
28176,0.019790
28177,0.049849
28178,0.057031
28179,0.073991
28180,0.097779
28181,0.017068
28182,-0.080753
28183,-0.096884
28184,-0.030898
28185,-0.006015
28186,-0.028258
28187,0.026017
28188,0.005177
28189,-0.029476
28190,0.016420
28191,-0.030413
28192,-0.046822
28193,-0.009644
28194,-0.019984
28195,0.009192
28196,-0.027765
28197,-0.074125
28198,-0.008409
28199,0.046408
28200,0.065440
28201,0.074331
28202,0.083735
28203,0.090381
28204,0.039935
28205,-0.077832
28206,-0.066365
28207,-0.001878
28208,-0.021680
28209,-0.017444
28210,0.025169
28211,0.025402
28212,-0.037118
28213,-0.092163
28214,-0.087145
28215,-0.035718
28216,-0.007707
28217,0.016362
28218,0.061842
28219,0.063466
28220,0.016611
28221,-0.027921
28222,-0.033300
28223,-0.012283
28224,0.062109
28225,0.079486
28226,0.082563
28227,0.006055
28228,-0.000058
28229,0.003023
28230,-0.046595
28231,-0.068191
28232,-0.081274
28233,-0.013807
28234,0.050611
28235,-0.009511
28236,-0.011182
28237,0.047370
28238,0.009852
28239,-0.024879
28240,-0.045135
28241,-0.013450
28242,-0.009775
28243,0.030031
28244,0.042055
28245,0.007874
28246,-0.031286
28247,-0.049931
28248,-0.021313
28249,0.001892
28250,0.062884
28251,0.064749
28252,0.053947
28253,0.023187
28254,-0.044074
28255,-0.035156
28256,-0.042404
28257,-0.050262
28258,-0.019360
28259,-0.008785
28260,0.047276
28261,0.105190
28262,0.033874
28263,-0.052042
28264,-0.042285
28265,-0.033797
28266,-0.067798
28267,57.420433
28268,258.404480
28269,0.824587
28270,1283.780396
28271,157.694031
28272,-9.321859
28273,12.453246
28274,17.105680
28275,3.811763
28276,-27.618948
28277,-26.472803
28278,-22.035778
28279,-11.179355
28280,-3.823166
28281,13.830212
28282,12.320320
28283,16.455334
28284,6.510234
28285,6.040391
28286,8.198861
28287,-21.976521
28288,-9.383191
28289,12.748178
28290,9.920155
28291,11.790026
28292,14.573790
28293,-10.557487
28294,-22.565725
28295,0.674319
28296,8.056718
28297,-11.392461
28298,-9.706228
28299,12.408816
28300,5.735267
28301,-14.449392
28302,-26.317751
28303,-38.607216
28304,-29.835814
28305,-8.382811
28306,30.558191
28307,46.347996
28308,36.307175
28309,7.828137
28310,-4.828709
28311,1.879633
28312,0.166218
28313,4.449001
28314,6.856125
28315,1.158850
28316,1.120104
28317,2.407210
28318,-8.302855
28319,-6.098018
28320,-10.480342
28321,-0.007661
28322,-0.007349
28323,0.041339
28324,0.042850
28325,0.008476
28326,0.028433
28327,0.043934
28328,0.003084
28329,-0.039013
28330,-0.099689
28331,-0.058315
28332,-0.028412
28333,-0.025083
28334,0.022578
28335,0.064250
28336,0.024785
28337,0.034723
28338,0.059117
28339,0.071524
28340,0.065840
28341,0.038938
28342,0.022776
28343,-0.030960
28344,-0.089223
28345,-0.041981
28346,-0.023624
28347,-0.064386
28348,-0.091384
28349,-0.056957
28350,-0.036461
28351,-0.003521
28352,-0.030037
28353,0.049839
28354,0.089026
28355,0.044565
28356,0.037394
28357,0.051680
28358,0.037128
28359,0.017569
28360,-0.012906
28361,-0.014495
28362,-0.001474
28363,0.027478
28364,0.030993
28365,-0.009377
28366,-0.056907
28367,-0.065869
28368,-0.046743
28369,-0.012382
28370,-0.019316
28371,-0.010223
28372,0.011395
28373,0.020043
28374,-0.004189
28375,-0.048697
28376,-0.020590
28377,0.026282
28378,0.032939
28379,-0.000154
28380,0.007090
28381,0.024269
28382,-0.018427
28383,-0.026313
28384,0.029530
28385,0.024247
28386,0.011738
28387,-0.021112
28388,-0.029051
28389,0.039570
28390,0.069758
28391,0.040537
28392,-0.013377
28393,-0.055991
28394,-0.078255
28395,-0.070230
28396,-0.046744
28397,-0.014998
28398,-0.002821
28399,0.074696
28400,0.095236
28401,0.083268
28402,0.085476
28403,0.005726
28404,-0.043550
28405,-0.061373
28406,-0.104481
28407,-0.023170
28408,-0.018907
28409,0.009094
28410,0.063493
28411,0.022344
28412,0.034450
28413,0.060285
28414,-0.000337
28415,-0.018321
28416,-0.076537
28417,-0.112919
28418,-0.070098
28419,-0.057064
28420,-0.049299
28421,0.037443
28422,0.071038
28423,0.045110
28424,0.048343
28425,0.023072
28426,0.028853
28427,0.037300
28428,0.038099
28429,0.076848
28430,0.038180
28431,-0.042776
28432,-0.074699
28433,-0.078191
28434,-0.054074
28435,-0.014610
28436,0.099287
28437,0.126739
28438,0.016900
28439,-0.040554
28440,-0.024331
28441,-0.030120
28442,-0.006101
28443,-0.010258
28444,-0.060009
28445,-0.046752
28446,-0.041142
28447,-0.043835
28448,0.004131
28449,-0.005064
28450,0.023842
28451,0.085525
28452,0.056342
28453,0.036640
28454,-0.013788
28455,-0.048072
28456,-0.081842
28457,-0.031641
28458,-0.006534
28459,0.013456
28460,0.030914
28461,0.044451
28462,0.005880
28463,-0.028566
28464,-0.053069
28465,0.011104
28466,0.015545
28467,0.007499
28468,0.066340
28469,0.068948
28470,-0.013941
28471,0.005281
28472,-0.005620
28473,-0.050601
28474,-0.012956
28475,-0.003139
28476,-0.000647
28477,-0.019968
28478,-0.020703
28479,-0.018019
28480,0.027443
28481,0.018714
28482,0.031860
28483,0.026985
28484,0.010756
28485,0.015926
28486,0.022585
28487,-0.008741
28488,-0.046991
28489,-0.070232
28490,-0.074475
28491,-0.013893
28492,0.073950
28493,0.093244
28494,0.032763
28495,-0.004401
28496,-0.029493
28497,-0.046604
28498,-0.027620
28499,-0.010610
28500,-0.029505
28501,-0.086459
28502,-0.061525
28503,-0.029808
28504,-0.031991
28505,-0.009978
28506,0.037124
28507,0.059432
28508,0.097511
28509,0.065385
28510,0.043784
28511,0.023908
28512,0.018369
28513,0.040252
28514,0.034426
28515,-0.008762
28516,-0.010039
28517,-0.058787
28518,-0.083612
28519,-0.026897
28520,-0.035477
28521,-0.039559
28522,-0.005071
28523,-0.002628
28524,0.026715
28525,0.029238
28526,0.015414
28527,0.058016
28528,0.034410
28529,-0.019069
28530,-0.022033
28531,-0.050784
28532,-0.037519
28533,-0.018972
28534,-0.030548
28535,0.008526
28536,0.017765
28537,-0.013143
28538,-0.005827
28539,0.053909
28540,0.062184
28541,0.062001
28542,0.030842
28543,-0.031280
28544,-0.054858
28545,-0.057465
28546,-0.068008
28547,-0.012866
28548,0.017999
28549,-0.005930
28550,0.015947
28551,-0.008403
28552,-0.021855
28553,0.006082
28554,0.006803
28555,0.048752
28556,0.045693
28557,0.029950
28558,0.006179
28559,0.008869
28560,-0.028391
28561,-0.028256
28562,0.003230
28563,0.007069
28564,-0.016944
28565,-0.001390
28566,0.014177
28567,0.030161
28568,0.031676
28569,-0.006150
28570,-0.023757
28571,-0.021714
28572,-0.055264
28573,-0.097456
28574,-0.123083
28575,-0.046078
28576,0.075321
28577,0.129834
28578,0.127970
28579,0.077431
28580,0.033537
28581,-0.036797
28582,-0.038281
28583,-0.092065
28584,-0.083598
28585,-0.026042
28586,0.018884
28587,0.058791
28588,0.073403
28589,0.041729
28590,-0.001224
28591,-0.015359
28592,-0.074298
28593,-0.093628
28594,-0.033455
28595,0.041189
28596,0.066002
28597,0.057811
28598,0.011767
28599,-0.030965
28600,-0.063247
28601,-0.072192
28602,-0.057349
28603,-0.031820
28604,0.052283
28605,0.049326
28606,0.027844
28607,0.037973
28608,-0.017200
28609,0.003554
28610,0.014343
28611,0.005083
28612,0.062574
28613,0.055748
28614,-0.037761
28615,-0.088449
28616,-0.082034
28617,-0.036136
28618,-0.001023
28619,0.001932
28620,0.048393
28621,0.019647
28622,-0.001196
28623,0.053699
28624,0.070352
28625,0.017565
28626,0.043347
28627,0.038129
28628,-0.033531
28629,-0.066108
28630,-0.081938
28631,-0.036846
28632,-0.011147
28633,-0.033656
28634,0.033024
28635,0.058264
28636,0.010553
28637,0.006577
28638,-0.011628
28639,0.023167
28640,0.032036
28641,0.033964
28642,0.040913
28643,-0.034141
28644,-0.087048
28645,-0.078183
28646,-0.050134
28647,0.010442
28648,0.039685
28649,0.040592
28650,0.025305
28651,0.015169
28652,0.025395
28653,0.038677
28654,-0.024417
28655,-0.064533
28656,-0.027814
28657,0.001246
28658,0.021283
28659,-0.024171
28660,-0.006365
28661,0.008509
28662,-0.032331
28663,-0.010611
28664,0.050476
28665,0.045061
28666,0.040392
28667,0.023086
28668,0.013391
28669,-0.013888
28670,-0.035644
28671,-0.061215
28672,-0.010232
28673,0.001864
28674,0.009555
28675,0.015633
28676,0.002930
28677,-0.025162
28678,-0.036758
28679,0.009974
28680,0.041972
28681,0.027054
28682,0.003733
28683,-0.039151
28684,-0.026171
28685,-0.000494
28686,0.008766
28687,0.023681
28688,0.003542
28689,-0.023980
28690,-0.049857
28691,-0.025775
28692,-0.010819
28693,0.019099
28694,0.015978
28695,0.028215
28696,0.035451
28697,0.021327
28698,0.038938
28699,0.040892
28700,-0.026996
28701,-0.011889
28702,0.007355
28703,-0.016234
28704,-0.025956
28705,-0.024638
28706,-0.040308
28707,-0.073217
28708,-0.049026
28709,0.023150
28710,0.023341
28711,-0.000444
28712,-0.017884
28713,-0.071395
28714,-0.031006
28715,-0.010212
28716,0.018423
28717,0.066379
28718,0.063526
28719,0.104272
28720,0.095250
28721,47.195717
28722,272.592438
28723,0.619455
28724,1239.462280
28725,132.020020
28726,6.561280
28727,2.600192
28728,15.335085
28729,16.485561
28730,2.020137
28731,-6.784954
28732,-6.951674
28733,-7.395982
28734,0.434788
28735,20.203112
28736,5.747997
28737,-9.941518
28738,-27.583351
28739,-29.563898
28740,-17.725889
28741,5.826044
28742,29.430138
28743,71.130287
28744,75.866142
28745,32.906765
28746,-41.386147
28747,-72.655396
28748,-77.229057
28749,-49.376823
28750,-3.966525
28751,18.482897
28752,25.330133
28753,33.650871
28754,17.160028
28755,3.235831
28756,-3.747630
28757,11.828962
28758,8.548160
28759,-7.533394
28760,-14.801325
28761,1.275960
28762,11.827513
28763,7.116754
28764,5.198796
28765,-17.806334
28766,-33.374245
28767,-4.372123
28768,26.345472
28769,32.876965
28770,14.188539
28771,-1.763764
28772,-15.722681
28773,-23.570742
28774,-12.175381
28775,0.043979
28776,-0.010311
28777,-0.058182
28778,-0.095548
28779,-0.084432
28780,-0.028232
28781,0.029205
28782,0.007572
28783,-0.018290
28784,0.032395
28785,0.051956
28786,0.008449
28787,0.032918
28788,0.030348
28789,0.025063
28790,0.006655
28791,0.004642
28792,0.002836
28793,-0.016839
28794,-0.063797
28795,-0.046878
28796,0.038167
28797,0.007794
28798,-0.012840
28799,0.022817
28800,-0.000156
28801,-0.013411
28802,0.003826
28803,-0.018702
28804,-0.070669
28805,-0.054827
28806,-0.041710
28807,-0.004891
28808,0.064045
28809,0.086082
28810,0.062231
28811,0.032608
28812,-0.110925
28813,-0.098691
28814,-0.077689
28815,-0.060406
28816,0.064135
28817,0.105466
28818,0.059600
28819,0.018041
28820,-0.020694
28821,-0.035220
28822,0.019046
28823,0.057711
28824,0.066452
28825,0.040230
28826,-0.052029
28827,-0.009095
28828,-0.018620
28829,-0.014215
28830,0.022731
28831,0.011375
28832,0.012107
28833,-0.018928
28834,-0.068671
28835,-0.000643
28836,0.010251
28837,-0.013453
28838,-0.002100
28839,0.024265
28840,0.036573
28841,0.039369
28842,-0.004042
28843,-0.031842
28844,-0.027435
28845,-0.033734
28846,-0.010797
28847,0.015915
28848,-0.012208
28849,-0.025506
28850,-0.020889
28851,-0.059507
28852,-0.004245
28853,0.010895
28854,-0.016603
28855,-0.016185
28856,-0.030518
28857,-0.009698
28858,0.021100
28859,0.004163
28860,0.033530
28861,0.049981
28862,0.024666
28863,-0.016476
28864,0.009527
28865,-0.019072
28866,-0.022819
28867,-0.041914
28868,-0.018595
28869,0.005472
28870,0.034227
28871,0.070522
28872,0.060501
28873,0.067622
28874,-0.001997
28875,-0.029820
28876,0.015835
28877,0.010414
28878,0.040440
28879,-0.024207
28880,0.004737
28881,-0.006932
28882,0.025431
28883,0.042269
28884,0.037820
28885,0.025200
28886,-0.008274
28887,-0.096095
28888,-0.044836
28889,-0.034836
28890,-0.040299
28891,-0.015231
28892,-0.016954
28893,0.004972
28894,0.071732
28895,0.078362
28896,0.082058
28897,0.056404
28898,0.001452
28899,-0.012016
28900,-0.029277
28901,-0.045194
28902,-0.059072
28903,-0.053563
28904,-0.055428
28905,-0.030005
28906,-0.044611
28907,-0.052838
28908,0.008873
28909,0.047500
28910,0.063986
28911,0.054382
28912,0.119912
28913,0.070779
28914,0.018324
28915,-0.027230
28916,-0.073906
28917,-0.021072
28918,-0.051127
28919,-0.060901
28920,-0.005875
28921,-0.006503
28922,0.009207
28923,0.076242
28924,0.062588
28925,0.052926
28926,0.001737
28927,-0.057214
28928,-0.059472
28929,-0.043889
28930,-0.018871
28931,-0.017750
28932,-0.006517
28933,0.052103
28934,0.083890
28935,0.032193
28936,-0.057772
28937,-0.071966
28938,-0.017968
28939,0.011871
28940,0.047922
28941,0.048313
28942,0.054296
28943,-0.001374
28944,-0.048374
28945,-0.046209
28946,-0.054954
28947,-0.031041
28948,-0.012399
28949,-0.016093
28950,0.021097
28951,0.002380
28952,-0.022236
28953,-0.027888
28954,0.019545
28955,0.087157
28956,0.062031
28957,-0.010573
28958,-0.067555
28959,-0.068661
28960,-0.031983
28961,0.012947
28962,-0.008373
28963,-0.030798
28964,-0.012178
28965,-0.027403
28966,-0.007675
28967,0.054067
28968,0.029082
28969,0.065827
28970,0.058193
28971,0.072227
28972,0.054888
28973,-0.012111
28974,-0.060125
28975,-0.064671
28976,-0.104550
28977,-0.094617
28978,-0.049040
28979,-0.011747
28980,0.063694
28981,0.066132
28982,0.046815
28983,0.073714
28984,0.079672
28985,0.001198
28986,-0.016831
28987,-0.040716
28988,-0.057013
28989,-0.105226
28990,-0.081163
28991,-0.013187
28992,0.050704
28993,0.059961
28994,0.086007
28995,0.061395
28996,0.002163
28997,-0.042527
28998,-0.058280
28999,0.026241
29000,0.017748
29001,0.035912
29002,0.057846
29003,0.024924
29004,-0.075003
29005,-0.047197
29006,-0.028457
29007,-0.064001
29008,-0.004728
29009,0.008784
29010,0.025099
29011,0.105287
29012,0.021262
29013,-0.026977
29014,-0.037228
29015,-0.067866
29016,-0.021093
29017,0.020002
29018,0.006831
29019,0.014603
29020,-0.000187
29021,0.037825
29022,0.018537
29023,-0.041716
29024,-0.035494
29025,-0.043068
29026,-0.011973
29027,0.024266
29028,0.041155
29029,0.060502
29030,0.044829
29031,0.012906
29032,-0.046387
29033,-0.042509
29034,-0.056427
29035,-0.078366
29036,0.016939
29037,0.064719
29038,0.070145
29039,0.068688
29040,0.075584
29041,0.002236
29042,-0.013012
29043,-0.046048
29044,-0.098834
29045,-0.126545
29046,-0.093885
29047,-0.022366
29048,0.022195
29049,0.009819
29050,0.062171
29051,0.104619
29052,0.060138
29053,0.035364
29054,-0.023565
29055,-0.029117
29056,-0.001546
29057,0.034741
29058,0.065502
29059,0.007793
29060,-0.035888
29061,-0.081658
29062,-0.097025
29063,-0.059199
29064,-0.048149
29065,-0.050920
29066,0.036665
29067,0.054651
29068,0.067706
29069,0.097322
29070,0.051219
29071,-0.020364
29072,0.002729
29073,-0.010238
29074,-0.041983
29075,-0.080902
29076,-0.011304
29077,0.035369
29078,-0.004166
29079,-0.005974
29080,-0.014545
29081,-0.037712
29082,0.017840
29083,0.075848
29084,0.051205
29085,0.053632
29086,0.016991
29087,-0.003115
29088,-0.054293
29089,-0.059523
29090,-0.073503
29091,-0.020603
29092,0.028070
29093,0.045138
29094,0.023324
29095,0.006609
29096,-0.060509
29097,-0.065545
29098,-0.016444
29099,-0.021799
29100,0.040144
29101,0.109603
29102,0.085956
29103,0.046986
29104,0.029740
29105,-0.021735
29106,-0.091296
29107,-0.130433
29108,-0.083187
29109,-0.042240
29110,0.006282
29111,0.055122
29112,0.026785
29113,0.030883
29114,0.035611
29115,0.010979
29116,0.005500
29117,0.016440
29118,0.033179
29119,0.079840
29120,0.018893
29121,-0.028932
29122,-0.049566
29123,-0.017681
29124,-0.017650
29125,38.097069
29126,285.217865
29127,0.436914
29128,1192.190186
29129,88.659447
29130,11.480794
29131,34.422626
29132,44.522148
29133,26.643929
29134,-20.878983
29135,-26.782286
29136,-26.632326
29137,-26.206619
29138,-27.033596
29139,-26.134644
29140,-7.251537
29141,28.993254
29142,46.149147
29143,40.117260
29144,24.391098
29145,-9.626968
29146,-45.885899
29147,-37.685242
29148,-6.053168
29149,11.791608
29150,32.940285
29151,40.372440
29152,13.619925
29153,-21.168705
29154,-29.718946
29155,-28.760878
29156,-30.125320
29157,-24.219990
29158,-2.627448
29159,24.871967
29160,30.423647
29161,13.174568
29162,10.020728
29163,6.615249
29164,5.261020
29165,3.582761
29166,-5.875044
29167,-12.684258
29168,6.677304
29169,29.205359
29170,21.728762
29171,-9.283619
29172,-38.661266
29173,-42.103767
29174,-15.507339
29175,-2.061388
29176,23.428684
29177,36.236462
29178,28.923115
29179,0.004529
29180,0.035577
29181,-0.037932
29182,-0.035127
29183,-0.034686
29184,-0.013109
29185,0.032467
29186,-0.014461
29187,-0.037492
29188,0.062311
29189,0.047051
29190,0.051809
29191,0.015485
29192,-0.043632
29193,-0.016754
29194,-0.013925
29195,-0.044473
29196,-0.089109
29197,-0.061240
29198,-0.040781
29199,-0.025010
29200,0.107439
29201,0.108942
29202,0.018011
29203,0.041440
29204,0.025755
29205,-0.022893
29206,0.022375
29207,-0.035692
29208,-0.057401
29209,-0.036418
29210,0.008400
29211,-0.004357
29212,-0.052382
29213,-0.046242
29214,0.002474
29215,0.016327
29216,-0.013180
29217,0.014244
29218,0.112064
29219,0.103790
29220,0.078454
29221,0.037162
29222,-0.056453
29223,-0.046890
29224,-0.060357
29225,-0.071929
29226,-0.008141
29227,-0.001591
29228,-0.011873
29229,0.030835
29230,0.001467
29231,-0.026915
29232,-0.056968
29233,-0.020470
29234,-0.014027
29235,-0.029186
29236,-0.043100
29237,-0.046889
29238,0.009614
29239,0.014000
29240,-0.012028
29241,-0.018301
29242,-0.034611
29243,0.005228
29244,0.045971
29245,0.018887
29246,0.030225
29247,0.053617
29248,0.018538
29249,0.032894
29250,0.024959
29251,-0.009091
29252,-0.036919
29253,-0.049816
29254,-0.026870
29255,0.002005
29256,-0.001981
29257,-0.025509
29258,-0.039240
29259,-0.039957
29260,-0.003839
29261,0.039429
29262,0.067472
29263,0.083834
29264,0.056442
29265,-0.056561
29266,-0.065043
29267,-0.025372
29268,-0.020062
29269,0.029328
29270,0.044294
29271,0.000629
29272,0.008581
29273,0.018612
29274,0.033785
29275,0.012888
29276,-0.025441
29277,-0.019289
29278,-0.039177
29279,-0.104725
29280,-0.059233
29281,-0.064573
29282,-0.021938
29283,0.049565
29284,0.091610
29285,0.024182
29286,0.010976
29287,0.057519
29288,0.052375
29289,0.007756
29290,-0.015744
29291,-0.004779
29292,-0.007713
29293,-0.010659
29294,0.008818
29295,0.039776
29296,0.037306
29297,-0.058830
29298,-0.095075
29299,-0.107095
29300,-0.064485
29301,-0.019524
29302,0.051892
29303,0.058571
29304,0.047257
29305,0.083670
29306,0.060304
29307,0.040790
29308,-0.000723
29309,-0.013401
29310,-0.007959
29311,-0.007482
29312,-0.018568
29313,-0.059300
29314,-0.097131
29315,-0.027531
29316,0.027026
29317,-0.008358
29318,-0.022091
29319,-0.029695
29320,-0.055525
29321,-0.021352
29322,0.036392
29323,0.021027
29324,0.042789
29325,0.058392
29326,0.042656
29327,0.052948
29328,0.042479
29329,33.502705
29330,291.593079
29331,0.344740
29332,1168.224609
29333,87.227608
29334,10.960773
29335,14.818759
29336,5.614011
29337,-10.838691
29338,-17.091434
29339,-22.269817
29340,-11.432148
29341,0.871046
29342,-9.054767
29343,-8.425165
29344,-11.658947
29345,-16.233845
29346,-18.703842
29347,-15.540203
29348,-11.726118
29349,5.022608
29350,45.247555
29351,68.363647
29352,73.629044
29353,44.930557
29354,-11.408836
29355,-43.717270
29356,-53.286972
29357,-57.464340
29358,-39.238373
29359,2.333353
29360,42.303883
29361,37.241085
29362,15.063103
29363,-22.223961
29364,-26.547560
29365,-29.123922
29366,-14.230482
29367,17.781849
29368,9.069352
29369,-3.213032
29370,-7.979723
29371,-3.527039
29372,17.182018
29373,39.031208
29374,36.456596
29375,22.482672
29376,13.345582
29377,-8.243508
29378,-21.192036
29379,-34.796288
29380,-47.440968
29381,-37.145824
29382,-19.488127
29383,0.014420
29384,-0.015351
29385,-0.041142
29386,-0.091742
29387,-0.078876
29388,-0.039033
29389,0.005261
29390,0.060226
29391,0.108913
29392,0.040008
29393,0.022424
29394,0.005107
29395,-0.054307
29396,-0.105404
29397,-0.019624
29398,0.003822
29399,-0.020075
29400,0.026876
29401,0.029624
29402,0.067487
29403,0.085889
29404,0.031798
29405,-0.060912
29406,-0.094612
29407,-0.092826
29408,-0.018148
29409,0.030889
29410,0.023105
29411,0.059649
29412,0.038408
29413,0.004241
29414,-0.010960
29415,-0.019195
29416,0.029860
29417,0.038951
29418,0.032462
29419,-0.038013
29420,-0.053821
29421,-0.076036
29422,-0.066674
29423,-0.011381
29424,0.023711
29425,0.072059
29426,0.028948
29427,-0.005194
29428,-0.024246
29429,-0.042473
29430,0.011073
29431,0.055825
29432,0.063811
29433,0.004701
29434,-0.041847
29435,-0.046307
29436,-0.024455
29437,-0.030504
29438,-0.005033
29439,-0.001465
29440,-0.010951
29441,0.020926
29442,0.057750
29443,0.040018
29444,0.011507
29445,-0.018189
29446,-0.087619
29447,-0.077992
29448,-0.050162
29449,0.000042
29450,0.047402
29451,0.095061
29452,0.071050
29453,0.049695
29454,0.004795
29455,-0.006356
29456,0.010754
29457,-0.022261
29458,-0.077425
29459,-0.102722
29460,-0.019768
29461,0.043393
29462,0.044771
29463,0.014792
29464,0.008679
29465,-0.024684
29466,-0.020226
29467,0.006788
29468,0.040358
29469,0.001054
29470,-0.006230
29471,-0.006948
29472,-0.029473
29473,0.011066
29474,0.064342
29475,0.003948
29476,-0.016578
29477,-0.018581
29478,-0.088530
29479,-0.047979
29480,0.025619
29481,0.052295
29482,0.051563
29483,-0.045852
29484,-0.054823
29485,-0.006832
29486,-0.016728
29487,0.048861
29488,0.038258
29489,0.084245
29490,0.067420
29491,0.008781
29492,-0.102063
29493,-0.108899
29494,-0.086451
29495,-0.043724
29496,0.027485
29497,0.044256
29498,0.075072
29499,0.064202
29500,0.053540
29501,0.063427
29502,-0.007253
29503,-0.055102
29504,-0.059112
29505,-0.028934
29506,-0.037051
29507,-0.052029
29508,-0.004138
29509,0.007116
29510,0.069132
29511,0.097926
29512,0.041065
29513,0.017633
29514,0.053288
29515,0.000981
29516,-0.035370
29517,-0.096006
29518,-0.113778
29519,-0.065115
29520,-0.046524
29521,-0.010127
29522,0.000170
29523,0.014681
29524,0.035081
29525,0.038638
29526,0.051671
29527,0.001480
29528,0.010944
29529,0.031892
29530,0.006629
29531,0.022399
29532,-0.008309
29533,-0.020855
29534,-0.024594
29535,-0.023080
29536,-0.025205
29537,0.010424
29538,-0.032173
29539,-0.016614
29540,0.014838
29541,0.040952
29542,0.042911
29543,-0.002287
29544,-0.018206
29545,-0.009340
29546,0.005344
29547,0.009678
29548,-0.014142
29549,0.027665
29550,0.052518
29551,0.019118
29552,-0.022997
29553,-0.031888
29554,-0.025786
29555,-0.020027
29556,-0.002155
29557,-0.010319
29558,-0.023923
29559,-0.003747
29560,-0.027793
29561,0.000359
29562,0.031201
29563,0.009608
29564,-0.007295
29565,0.004931
29566,0.027925
29567,0.047388
29568,0.007398
29569,0.004246
29570,0.026596
29571,0.031635
29572,0.032785
29573,0.015193
29574,-0.035820
29575,-0.027449
29576,-0.029176
29577,-0.088992
29578,-0.048363
29579,-0.035358
29580,-0.010222
29581,0.025382
29582,0.075624
29583,27.782269
29584,299.530853
29585,0.229974
29586,1148.072998
29587,84.275871
29588,58.533127
29589,48.251316
29590,13.108310
29591,-16.176228
29592,-13.881594
29593,-14.239388
29594,-16.124475
29595,-15.272194
29596,-20.196384
29597,-16.145863
29598,-13.644824
29599,11.624140
29600,22.033543
29601,2.775898
29602,-7.406584
29603,-4.551493
29604,4.449635
29605,8.767431
29606,9.858245
29607,15.264772
29608,25.883709
29609,36.004379
29610,9.230169
29611,0.089323
29612,-21.984104
29613,-52.652878
29614,-40.003258
29615,-36.138607
29616,-8.701254
29617,13.230489
29618,8.884981
29619,15.400695
29620,20.189871
29621,9.312453
29622,12.556178
29623,9.036839
29624,3.702165
29625,8.723119
29626,11.272673
29627,-2.817159
29628,-21.045710
29629,-54.763981
29630,-33.930698
29631,-16.090816
29632,15.450546
29633,45.651608
29634,61.403263
29635,45.750225
29636,15.811830
29637,0.047221
29638,-0.014851
29639,0.005969
29640,0.004157
29641,-0.013522
29642,-0.005359
29643,0.048765
29644,0.030661
29645,-0.030190
29646,-0.069660
29647,-0.061075
29648,-0.014729
29649,0.022054
29650,0.087033
29651,0.049923
29652,0.016651
29653,-0.050050
29654,-0.056059
29655,-0.024032
29656,-0.032518
29657,-0.060216
29658,-0.015287
29659,0.048389
29660,0.081742
29661,0.023441
29662,0.021930
29663,0.064386
29664,-0.014342
29665,-0.066722
29666,-0.084937
29667,-0.062221
29668,-0.038206
29669,0.011986
29670,0.056851
29671,0.118291
29672,0.095060
29673,0.006705
29674,-0.052180
29675,-0.076669
29676,-0.072477
29677,-0.069309
29678,-0.042500
29679,0.041964
29680,0.090436
29681,0.061914
29682,0.046943
29683,0.037744
29684,0.030011
29685,-0.009941
29686,-0.019320
29687,-0.066325
29688,-0.074650
29689,-0.024061
29690,0.036476
29691,0.000491
29692,-0.006504
29693,0.007869
29694,0.015379
29695,0.020459
29696,0.043773
29697,-0.037665
29698,-0.029771
29699,0.018659
29700,-0.009457
29701,-0.032747
29702,-0.022915
29703,0.013725
29704,0.049616
29705,0.042911
29706,0.020100
29707,0.043818
29708,-0.016898
29709,-0.015791
29710,-0.070740
29711,-0.044451
29712,-0.023339
29713,0.021338
29714,0.059698
29715,-0.001735
29716,0.015579
29717,0.037740
29718,-0.003971
29719,-0.033741
29720,-0.073239
29721,-0.007219
29722,0.057510
29723,0.038875
29724,0.025931
29725,0.004544
29726,0.002873
29727,-0.003574
29728,-0.008232
29729,-0.003520
29730,-0.021386
29731,-0.058487
29732,-0.087965
29733,-0.056278
29734,-0.030398
29735,0.037503
29736,0.057366
29737,0.058675
29738,0.070035
29739,0.020254
29740,-0.027918
29741,0.020344
29742,-0.008757
29743,0.000123
29744,0.018882
29745,-0.035777
29746,-0.050136
29747,-0.039324
29748,-0.035830
29749,0.042010
29750,0.090524
29751,0.019402
29752,0.021717
29753,-0.008846
29754,-0.125881
29755,-0.076734
29756,-0.051755
29757,-0.025617
29758,0.072904
29759,0.131199
29760,0.108784
29761,0.011928
29762,0.003456
29763,0.017408
29764,-0.003850
29765,-0.034431
29766,-0.010472
29767,-0.011197
29768,-0.007762
29769,-0.022780
29770,-0.015352
29771,-0.032504
29772,-0.009263
29773,-0.032052
29774,-0.019293
29775,0.010307
29776,0.019504
29777,-0.007865
29778,-0.006006
29779,0.000331
29780,0.002330
29781,0.042134
29782,0.024509
29783,0.020723
29784,0.005909
29785,-0.032620
29786,-0.073688
29787,-0.092739
29788,0.002279
29789,0.027095
29790,0.003378
29791,-0.000667
29792,-0.002152
29793,0.000218
29794,0.010255
29795,-0.027342
29796,0.014932
29797,0.047885
29798,0.038402
29799,-0.019899
29800,0.012762
29801,-0.038056
29802,-0.048672
29803,-0.024672
29804,-0.054200
29805,-0.062596
29806,-0.012893
29807,0.041580
29808,0.047756
29809,0.025454
29810,0.027947
29811,0.034259
29812,0.017554
29813,-0.018458
29814,0.003996
29815,0.015486
29816,0.017452
29817,0.001604
29818,-0.001392
29819,-0.002242
29820,-0.074255
29821,-0.104619
29822,-0.027363
29823,0.012744
29824,0.012663
29825,0.031489
29826,0.025676
29827,0.033307
29828,0.028879
29829,0.035369
29830,0.060003
29831,0.021017
29832,-0.029750
29833,-0.060755
29834,-0.095317
29835,-0.089852
29836,-0.018467
29837,0.024036
29838,0.032780
29839,0.039809
29840,0.068200
29841,0.067691
29842,0.024091
29843,0.012861
29844,-0.021801
29845,-0.023010
29846,-0.028395
29847,-0.040579
29848,-0.007843
29849,-0.020131
29850,-0.032912
29851,-0.013162
29852,0.008930
29853,0.038151
29854,0.012141
29855,-0.004442
29856,0.022963
29857,0.028665
29858,0.024337
29859,-0.001371
29860,0.008715
29861,-0.006135
29862,-0.053563
29863,-0.083686
29864,-0.050730
29865,-0.013453
29866,0.013856
29867,0.057422
29868,0.068410
29869,0.037584
29870,0.023951
29871,0.053493
29872,0.013544
29873,-0.077064
29874,-0.061166
29875,-0.066413
29876,-0.070476
29877,-0.019175
29878,0.010664
29879,0.031580
29880,0.049749
29881,0.060837
29882,0.020355
29883,-0.037428
29884,-0.041278
29885,-0.011686
29886,0.002364
29887,-0.007682
29888,-0.029976
29889,-0.014328
29890,0.010860
29891,0.045867
29892,0.032410
29893,0.014043
29894,0.009938
29895,0.047595
29896,0.030226
29897,-0.035673
29898,-0.020609
29899,-0.044046
29900,-0.014081
29901,0.036629
29902,-0.030399
29903,-0.028173
29904,0.018174
29905,0.030375
29906,0.028020
29907,-0.003850
29908,-0.011634
29909,-0.044051
29910,-0.060417
29911,-0.005450
29912,-0.011162
29913,0.022565
29914,0.077603
29915,0.058177
29916,0.010165
29917,-0.018135
29918,-0.026257
29919,-0.019354
29920,-0.018332
29921,-0.042577
29922,-0.023994
29923,0.038924
29924,0.034194
29925,0.003874
29926,0.043037
29927,0.024807
29928,-0.013794
29929,-0.033082
29930,-0.066291
29931,-0.044141
29932,-0.017153
29933,0.015194
29934,0.012863
29935,0.032438
29936,0.066081
29937,-0.029980
29938,-0.050639
29939,-0.105731
29940,-0.044400
29941,0.055053
29942,0.106919
29943,0.092466
29944,0.044458
29945,-0.016618
29946,0.006380
29947,-0.027656
29948,-0.051281
29949,-0.066434
29950,-0.115774
29951,-0.042427
29952,0.035565
29953,0.075077
29954,0.071853
29955,0.050965
29956,0.069314
29957,0.038173
29958,-0.023191
29959,-0.061672
29960,-0.111747
29961,-0.104317
29962,-0.050545
29963,0.028544
29964,0.104307
29965,0.108774
29966,0.044753
29967,0.001802
29968,-0.056745
29969,-0.075994
29970,-0.052443
29971,-0.013445
29972,0.035622
29973,0.013725
29974,0.037824
29975,0.041740
29976,0.053804
29977,0.028332
29978,0.014761
29979,-0.028286
29980,-0.088496
29981,-0.108473
29982,-0.087330
29983,-0.055739
29984,-0.023707
29985,0.030381
29986,0.080317
29987,0.094767
29988,0.098055
29989,0.026248
29990,-0.012665
29991,0.048267
29992,0.036070
29993,-0.010132
29994,-0.041572
29995,-0.096556
29996,-0.106842
29997,-0.097753
29998,-0.052603
29999,0.057817
